,solar_lf,wind_lf,hydro_lf,cogen_lf
0,0.1473700194622338,0.4036848870006834,0.09160677814214808,0.5106382978723404
1,0.29730857956868956,0.4172361464583035,0.10157435503844399,0.5159574468085106
2,0.38881284001909616,0.4211588794591935,0.10252364807618645,0.5143617021276595
3,0.4494946127388395,0.4286477333699836,0.08875889902892069,0.4473404255319149
4,0.46458478902364336,0.4443386653735437,0.06977303827407134,0.40797872340425534
5,0.43295963234166074,0.4639523303779939,0.07594344301939737,0.4398936170212766
6,0.3600772915618632,0.479999874472544,0.08591101991569328,0.5202127659574468
7,0.24328895914489687,0.48427921956442405,0.10157435503844399,0.5276595744680851
8,0.10811950774271728,0.49034162511125406,0.16755022116154547,0.5260638297872341
9,0.018381118985213257,0.48427921956442405,0.20409800311463044,0.5324468085106383
10,0.0,0.4329270784618636,0.22593174298270718,0.5308510638297872
11,0.0,0.3936997484529633,0.2045726496335017,0.5329787234042553
12,0.0,0.37515591972148316,0.17609385850122766,0.523936170212766
13,0.0,0.33913809853149285,0.15473476515202214,0.5255319148936171
14,0.0,0.3337889171666428,0.1343249648405591,0.5170212765957447
15,0.0,0.32130749398199265,0.09682788984973165,0.5218085106382979
16,0.0,0.3123921917072426,0.08353778732133711,0.4377659574468085
17,0.0,0.3095392949793226,0.08021526168923848,0.3930851063829787
18,0.0,0.3027636652505125,0.07594344301939737,0.3920212765957447
19,0.0,0.30775623452437256,0.07262091738729874,0.3781914893617021
20,0.0,0.31595831261714263,0.0692983917552001,0.3824468085106383
21,0.0,0.3195244335270427,0.07119697783068504,0.42340425531914894
22,0.00024080068539580687,0.3188112093450627,0.07119697783068504,0.4819148936170213
23,0.03323049458462135,0.3123921917072426,0.08116455472698095,0.4920212765957447
24,0.1473700194622338,0.4036848870006834,0.09160677814214808,0.5106382978723404
25,0.29730857956868956,0.4172361464583035,0.10157435503844399,0.5159574468085106
26,0.38881284001909616,0.4211588794591935,0.10252364807618645,0.5143617021276595
27,0.4494946127388395,0.4286477333699836,0.08875889902892069,0.4473404255319149
28,0.46458478902364336,0.4443386653735437,0.06977303827407134,0.40797872340425534
29,0.43295963234166074,0.4639523303779939,0.07594344301939737,0.4398936170212766
30,0.3600772915618632,0.479999874472544,0.08591101991569328,0.5202127659574468
31,0.24328895914489687,0.48427921956442405,0.10157435503844399,0.5276595744680851
32,0.10811950774271728,0.49034162511125406,0.16755022116154547,0.5260638297872341
33,0.018381118985213257,0.48427921956442405,0.20409800311463044,0.5324468085106383
34,0.0,0.4329270784618636,0.22593174298270718,0.5308510638297872
35,0.0,0.3936997484529633,0.2045726496335017,0.5329787234042553
36,0.0,0.37515591972148316,0.17609385850122766,0.523936170212766
37,0.0,0.33913809853149285,0.15473476515202214,0.5255319148936171
38,0.0,0.3337889171666428,0.1343249648405591,0.5170212765957447
39,0.0,0.32130749398199265,0.09682788984973165,0.5218085106382979
40,0.0,0.3123921917072426,0.08353778732133711,0.4377659574468085
41,0.0,0.3095392949793226,0.08021526168923848,0.3930851063829787
42,0.0,0.3027636652505125,0.07594344301939737,0.3920212765957447
43,0.0,0.30775623452437256,0.07262091738729874,0.3781914893617021
44,0.0,0.31595831261714263,0.0692983917552001,0.3824468085106383
45,0.0,0.3195244335270427,0.07119697783068504,0.42340425531914894
46,0.00024080068539580687,0.3188112093450627,0.07119697783068504,0.4819148936170213
47,0.03323049458462135,0.3123921917072426,0.08116455472698095,0.4920212765957447
48,0.1473700194622338,0.4036848870006834,0.09160677814214808,0.5106382978723404
49,0.29730857956868956,0.4172361464583035,0.10157435503844399,0.5159574468085106
50,0.38881284001909616,0.4211588794591935,0.10252364807618645,0.5143617021276595
51,0.4494946127388395,0.4286477333699836,0.08875889902892069,0.4473404255319149
52,0.46458478902364336,0.4443386653735437,0.06977303827407134,0.40797872340425534
53,0.43295963234166074,0.4639523303779939,0.07594344301939737,0.4398936170212766
54,0.3600772915618632,0.479999874472544,0.08591101991569328,0.5202127659574468
55,0.24328895914489687,0.48427921956442405,0.10157435503844399,0.5276595744680851
56,0.10811950774271728,0.49034162511125406,0.16755022116154547,0.5260638297872341
57,0.018381118985213257,0.48427921956442405,0.20409800311463044,0.5324468085106383
58,0.0,0.4329270784618636,0.22593174298270718,0.5308510638297872
59,0.0,0.3936997484529633,0.2045726496335017,0.5329787234042553
60,0.0,0.37515591972148316,0.17609385850122766,0.523936170212766
61,0.0,0.33913809853149285,0.15473476515202214,0.5255319148936171
62,0.0,0.3337889171666428,0.1343249648405591,0.5170212765957447
63,0.0,0.32130749398199265,0.09682788984973165,0.5218085106382979
64,0.0,0.3123921917072426,0.08353778732133711,0.4377659574468085
65,0.0,0.3095392949793226,0.08021526168923848,0.3930851063829787
66,0.0,0.3027636652505125,0.07594344301939737,0.3920212765957447
67,0.0,0.30775623452437256,0.07262091738729874,0.3781914893617021
68,0.0,0.31595831261714263,0.0692983917552001,0.3824468085106383
69,0.0,0.3195244335270427,0.07119697783068504,0.42340425531914894
70,0.00024080068539580687,0.3188112093450627,0.07119697783068504,0.4819148936170213
71,0.03323049458462135,0.3123921917072426,0.08116455472698095,0.4920212765957447
72,0.1473700194622338,0.4036848870006834,0.09160677814214808,0.5106382978723404
73,0.29730857956868956,0.4172361464583035,0.10157435503844399,0.5159574468085106
74,0.38881284001909616,0.4211588794591935,0.10252364807618645,0.5143617021276595
75,0.4494946127388395,0.4286477333699836,0.08875889902892069,0.4473404255319149
76,0.46458478902364336,0.4443386653735437,0.06977303827407134,0.40797872340425534
77,0.43295963234166074,0.4639523303779939,0.07594344301939737,0.4398936170212766
78,0.3600772915618632,0.479999874472544,0.08591101991569328,0.5202127659574468
79,0.24328895914489687,0.48427921956442405,0.10157435503844399,0.5276595744680851
80,0.10811950774271728,0.49034162511125406,0.16755022116154547,0.5260638297872341
81,0.018381118985213257,0.48427921956442405,0.20409800311463044,0.5324468085106383
82,0.015330976970199703,0.4550370281032438,0.21548951956754006,0.5441489361702128
83,0.0,0.2888557937019024,0.24349366418094284,0.5962765957446808
84,0.0,0.24891523951102207,0.21311628697318388,0.5829787234042553
85,0.0,0.23144124705251193,0.1552094116708934,0.6037234042553191
86,0.0,0.23536398005340195,0.09492930377424671,0.5941489361702128
87,0.0,0.20861807322915174,0.09160677814214808,0.5819148936170213
88,0.0,0.17473992458510146,0.09065748510440562,0.5585106382978723
89,0.0,0.17295686413015143,0.08733495947230697,0.5053191489361702
90,0.0,0.14585434521491122,0.08638566643456451,0.49840425531914895
91,0.0,0.12089149884561101,0.08306314080246588,0.4909574468085106
92,0.0,0.08736996229255073,0.08353778732133711,0.4776595744680851
93,0.0,0.08701335020156073,0.10252364807618645,0.5085106382978724
94,0.00040133447565967814,0.06419017637820054,0.11059263889699743,0.5840425531914893
95,0.02640780849840682,0.033164924462070276,0.10204900155731522,0.6127659574468085
96,0.13990519821496378,0.02246656173237019,0.12530668098200567,0.5989361702127659
97,0.2822986701790176,0.03387814864405028,0.11391516452909606,0.6037234042553191
98,0.3941104550978039,0.04279345091880036,0.09113213162327685,0.5888297872340426
99,0.46225704906481724,0.05456164992147045,0.08875889902892069,0.5590425531914893
100,0.486256850709266,0.06811290937909056,0.08021526168923848,0.49840425531914895
101,0.45888583946927597,0.07916788419978066,0.08116455472698095,0.5287234042553192
102,0.38271255598906906,0.07774143583582065,0.08353778732133711,0.5925531914893617
103,0.2670479601039498,0.050638916920580423,0.09303071769876178,0.5936170212765958
104,0.1423934719640538,0.029242191461180244,0.16043052337847696,0.5914893617021276
105,0.032508092528433924,0.02888557937019024,0.22165992431286607,0.5936170212765958
106,0.0,0.0238930100963302,0.2302035616525483,0.5946808510638298
107,0.0,0.0238930100963302,0.20599658919011538,0.5898936170212766
108,0.0,0.024249622187320203,0.1879600214730085,0.5829787234042553
109,0.0,0.027102518915240226,0.18463749584090985,0.5882978723404255
110,0.0,0.023179785914350194,0.15093759300105228,0.5872340425531914
111,0.0,0.026032682642270218,0.13147708572733172,0.5936170212765958
112,0.0,0.029598803552170247,0.1072701132648988,0.550531914893617
113,0.0,0.0360178211899903,0.09492930377424671,0.5069148936170212
114,0.0,0.04921246855662041,0.08638566643456451,0.4946808510638298
115,0.0,0.06347695219622053,0.08211384776472341,0.5037234042553191
116,0.0,0.08166416883671068,0.08163920124585218,0.5047872340425532
117,0.0,0.11340264493482094,0.07594344301939737,0.5015957446808511
118,0.00040133447565967814,0.11732537793571098,0.07689273605713984,0.4909574468085106
119,0.024722203700636172,0.12410100766452103,0.12483203446313443,0.500531914893617
120,0.13934332994904025,0.11126297238888093,0.14144466262362762,0.48829787234042554
121,0.2952216402952592,0.11554231748076096,0.11913627623667963,0.4957446808510638
122,0.4067926245286497,0.18401183895084153,0.09018283858553439,0.47393617021276596
123,0.477507759139885,0.23144124705251193,0.08163920124585218,0.4787234042553192
124,0.4917952664733696,0.28707273324695237,0.07831667561375354,0.47393617021276596
125,0.48842405687782825,0.3330756929846628,0.08543637339682204,0.46595744680851064
126,0.40799662795562874,0.41367002554840343,0.08116455472698095,0.46382978723404256
127,0.28872002178957246,0.49676064274907417,0.1072701132648988,0.4851063829787234
128,0.14207240438352606,0.5338483002120344,0.14334324869911255,0.498936170212766
129,0.03306996079435748,0.4992569273860042,0.21881204519963868,0.4946808510638298
130,0.0009632027415832275,0.49961353947699416,0.260106292341436,0.4909574468085106
131,0.0,0.48534905583739407,0.25488518063385246,0.4930851063829787
132,0.0,0.4311440180069136,0.2202359847562524,0.474468085106383
133,0.0,0.4111737409114734,0.20552194267124416,0.4696808510638298
134,0.0,0.45361057973928376,0.16707557464267422,0.4776595744680851
135,0.0,0.5031796603868942,0.13147708572733172,0.5010638297872341
136,0.0,0.5416937662138145,0.09208142466101932,0.5308510638297872
137,0.0,0.5777115874038048,0.08211384776472341,0.5106382978723404
138,0.0,0.590193010588455,0.08353778732133711,0.5202127659574468
139,0.0,0.600891373318155,0.08068990820810971,0.5351063829787234
140,0.0,0.6044574942280551,0.08116455472698095,0.5335106382978724
141,0.0,0.6076670030469651,0.06882374523632886,0.5292553191489362
142,0.00016053379026387124,0.6130161844118152,0.07024768479294258,0.527127659574468
143,0.018621919670609065,0.610163287683895,0.0678744521985864,0.525
144,0.0854039764203795,0.6144426327757752,0.06739980567971517,0.5356382978723404
145,0.18397172364239645,0.6226447108685452,0.08828425251004945,0.5292553191489362
146,0.2873554845723295,0.6237145471415152,0.09730253636860288,0.5351063829787234
147,0.4103243679144549,0.6340562977802253,0.09208142466101932,0.5351063829787234
148,0.4520631533830614,0.6354827461441853,0.08021526168923848,0.5457446808510639
149,0.4300700241169111,0.6340562977802253,0.07309556390616997,0.5468085106382978
150,0.37324106236350063,0.6344129098712152,0.07214627086842751,0.5797872340425532
151,0.2523591182948056,0.6276372801424053,0.08258849428359465,0.5569148936170213
152,0.114701393143536,0.6151558569577551,0.11581375060458099,0.5675531914893617
153,0.020789125839171325,0.6169389174127051,0.1751445654634852,0.5542553191489362
154,0.0,0.6155124690487451,0.20030083096366058,0.5335106382978724
155,0.0,0.6123029602298351,0.20599658919011538,0.5281914893617021
156,0.0,0.6140860206847851,0.20409800311463044,0.5414893617021277
157,0.0,0.605527330501025,0.17372062590687148,0.5356382978723404
158,0.0,0.5969686403172649,0.11533910408570976,0.5297872340425532
159,0.0,0.5852004413145949,0.09635324333086041,0.5175531914893617
160,0.0,0.5734322423119248,0.08543637339682204,0.5132978723404256
161,0.0,0.5556016377624247,0.08733495947230697,0.5042553191489362
162,0.0,0.5538185773074746,0.08638566643456451,0.47393617021276596
163,0.0,0.5416937662138145,0.08116455472698095,0.4888297872340426
164,0.0,0.5024664362049142,0.0749941499816549,0.47393617021276596
165,0.0,0.49034162511125406,0.065026573085359,0.5132978723404256
166,8.026689513193562e-05,0.47643375356264395,0.06407728004761654,0.5776595744680851
167,0.016936314872838417,0.4578899248311638,0.0593308148589042,0.5914893617021276
168,0.11438032556300826,0.358751763535943,0.056482935745676796,0.5914893617021276
169,0.23325559725340492,0.3323624688026828,0.05743222878341926,0.5882978723404255
170,0.3398500339886154,0.36196127235485304,0.056482935745676796,0.5877659574468085
171,0.42075906428160653,0.3369984259855528,0.0678744521985864,0.527127659574468
172,0.428866020689932,0.34662695244228287,0.046990005368252125,0.47393617021276596
173,0.39130111376818616,0.36338772071881303,0.049363237962608296,0.5122340425531915
174,0.3260441280259225,0.44897462255641374,0.07357021042504121,0.5872340425531914
175,0.21792462028320522,0.5074590054787742,0.09255607117989055,0.6202127659574468
176,0.09888881480254469,0.5441900508507446,0.18463749584090985,0.6547872340425532
177,0.020949659629435197,0.5616640433092547,0.2658020505678908,0.6468085106382979
178,0.0012040034269790343,0.5670132246741048,0.24396831069981406,0.6367021276595745
179,0.0,0.5563148619444046,0.21501487304866881,0.6281914893617021
180,0.0,0.5231499374823344,0.19128254710510714,0.6143617021276596
181,0.0,0.478573426108584,0.17989103065219753,0.5946808510638298
182,0.0,0.4546804160122538,0.14619112781233995,0.5957446808510638
183,0.0,0.4586031490131438,0.10632082022715632,0.6047872340425532
184,0.0,0.44077254446364367,0.10015041548183029,0.5521276595744681
185,0.0,0.3969092572718733,0.08828425251004945,0.5164893617021277
186,0.0,0.35518564262604296,0.08116455472698095,0.5106382978723404
187,0.0,0.3402079348044628,0.07974061517036725,0.4819148936170213
188,0.0,0.3708765746296031,0.06597586612310147,0.4909574468085106
189,0.0,0.3990489298178133,0.06455192656648777,0.5026595744680851
190,8.026689513193562e-05,0.37872204063138315,0.06455192656648777,0.5622340425531915
191,0.013484838382165184,0.3227339423459527,0.065026573085359,0.6079787234042553
192,0.10595230157415503,0.3355719776215928,0.07974061517036725,0.5941489361702128
193,0.24513509773293138,0.33057940834773275,0.09255607117989055,0.6106382978723405
194,0.35542181164421094,0.3095392949793226,0.09967576896295906,0.5941489361702128
195,0.4069531583189136,0.3227339423459527,0.08733495947230697,0.55
196,0.42710014899702947,0.36517078117376306,0.06455192656648777,0.4978723404255319
197,0.3898563096558113,0.40011876609078334,0.07262091738729874,0.47925531914893615
198,0.33045880725817894,0.4104605167294934,0.09445465725537548,0.5420212765957447
199,0.24240602329844557,0.4058245595466234,0.09777718288747413,0.5590425531914893
200,0.1269019612035902,0.478573426108584,0.13337567180281665,0.43617021276595747
201,0.03652143728503071,0.5078156175697642,0.18606143539752357,0.47712765957446807
202,0.0016053379026387126,0.4646655545599739,0.22593174298270718,0.46170212765957447
203,0.0,0.4236551640961235,0.1822642632465537,0.4601063829787234
204,0.0,0.3876373429061332,0.14856436040669613,0.45053191489361705
205,0.0,0.3373550380765428,0.13622355091604404,0.4563829787234043
206,0.0,0.3220207181639727,0.11676304364232347,0.46117021276595743
207,0.0,0.3202376577090227,0.06977303827407134,0.45478723404255317
208,0.0,0.35482903053505294,0.06597586612310147,0.43031914893617024
209,0.0,0.40011876609078334,0.06739980567971517,0.3324468085106383
210,0.0,0.4931945218391741,0.06597586612310147,0.32180851063829785
211,0.0,0.5755719148578649,0.061704047453260365,0.31117021276595747
212,0.0,0.594828967771325,0.0607547544155179,0.29202127659574467
213,0.0,0.5759285269488548,0.057906875302290495,0.32553191489361705
214,0.00016053379026387124,0.605170718410035,0.0550589961890631,0.41117021276595744
215,0.02143126100022681,0.5859136654965749,0.060280107896646666,0.42340425531914894
216,0.12898890047702055,0.599821537045185,0.07879132213262477,0.42872340425531913
217,0.25468685825363174,0.6265674438694352,0.11344051801022483,0.4085106382978723
218,0.3655354404308348,0.6294203405973553,0.1751445654634852,0.40797872340425534
219,0.43793617983984073,0.6458244967828954,0.09635324333086041,0.350531914893617
220,0.45029728169015887,0.6415451516910153,0.06692515916084393,0.31861702127659575
221,0.4435548624990763,0.6336996856892353,0.06597586612310147,0.32659574468085106
222,0.3897760427606794,0.6287071164153752,0.07167162434955628,0.3882978723404255
223,0.2904056265873431,0.6312034010523052,0.07926596865149602,0.44042553191489364
224,0.15965085441741994,0.6319166252342853,0.11344051801022483,0.43936170212765957
225,0.04181905236373846,0.6247843834144852,0.1836882028031674,0.45478723404255317
226,0.001525071007506777,0.610163287683895,0.21833739868076746,0.45585106382978724
227,0.0,0.595898804044295,0.18606143539752357,0.45
228,0.0,0.597681864499245,0.17134739331251533,0.4601063829787234
229,0.0,0.6080236151379551,0.16612628160493176,0.4632978723404255
230,0.0,0.6172955295036952,0.13385031832168787,0.4595744680851064
231,0.0,0.6183653657766651,0.09350536421763302,0.4563829787234043
232,0.0,0.6190785899586452,0.07546879650052614,0.41382978723404257
233,0.0,0.6258542196874552,0.07119697783068504,0.32553191489361705
234,0.0,0.6279938922333952,0.07167162434955628,0.3148936170212766
235,0.0,0.6283505043243852,0.0692983917552001,0.3090425531914894
236,0.0,0.6226447108685452,0.0621786939721316,0.2957446808510638
237,0.0,0.608380227228945,0.0607547544155179,0.34361702127659577
238,8.026689513193562e-05,0.6058839425920151,0.06122940093438913,0.4351063829787234
239,0.018942987251136807,0.601961209591125,0.07404485694391244,0.45904255319148934
240,0.11405925798248052,0.6080236151379551,0.08448708035907958,0.46861702127659577
241,0.2724258420777895,0.597681864499245,0.09872647592521659,0.45372340425531915
242,0.4060702224724623,0.5441900508507446,0.09682788984973165,0.44840425531914896
243,0.4728522792222328,0.5202970407544143,0.09065748510440562,0.4271276595744681
244,0.5060827738068541,0.5459731113056946,0.07974061517036725,0.36117021276595745
245,0.49067152994152247,0.6176521415946852,0.07357021042504121,0.35
246,0.41995639533028717,0.6304901768703253,0.07689273605713984,0.42925531914893617
247,0.30605767113807053,0.6144426327757752,0.07926596865149602,0.4723404255319149
248,0.15916925304662835,0.604100882137065,0.10916869934038373,0.4542553191489362
249,0.034916099382392,0.5755719148578649,0.15615870470863585,0.4718085106382979
250,0.0009632027415832275,0.5145912472985743,0.20172477052027427,0.46170212765957447
251,0.0,0.3961960330898933,0.19982618444478933,0.45478723404255317
252,0.0,0.3116789675252626,0.16470234204831805,0.4787234042553192
253,0.0,0.25640409342181214,0.1495136534444386,0.451063829787234
254,0.0,0.23144124705251193,0.13907143002927144,0.43563829787234043
255,0.0,0.2136106425030118,0.1286292066141043,0.4531914893617021
256,0.0,0.2029122797733117,0.08401243384020834,0.4117021276595745
257,0.0,0.2168201513219218,0.0749941499816549,0.32340425531914896
258,0.0,0.22074288432281183,0.07689273605713984,0.32393617021276594
259,0.0,0.23358091959845195,0.07214627086842751,0.30319148936170215
260,0.0,0.23358091959845195,0.06834909871745763,0.30106382978723406
261,0.0,0.23251108332548193,0.06977303827407134,0.34202127659574466
262,8.026689513193562e-05,0.2178899875948918,0.07072233131181381,0.42819148936170215
263,0.015170443179935832,0.2178899875948918,0.07594344301939737,0.44627659574468087
264,0.10498909883257179,0.21218419413905176,0.10062506200070152,0.4478723404255319
265,0.2562119292611385,0.18436845104183153,0.10537152718941385,0.43670212765957445
266,0.38166908635235386,0.16083205303649134,0.10489688067054262,0.4372340425531915
267,0.4705245392634066,0.16011882885451134,0.10347294111392892,0.39361702127659576
268,0.502551030421049,0.15655270794461132,0.09255607117989055,0.34414893617021275
269,0.4801565666792389,0.18686473567876155,0.07926596865149602,0.3659574468085106
270,0.42172226702318977,0.23714704050835198,0.08353778732133711,0.4329787234042553
271,0.3140843606512641,0.27637437051725233,0.08923354554779192,0.4595744680851064
272,0.16888154735759256,0.34983646126119294,0.13812213699152898,0.4702127659574468
273,0.027371011239990046,0.3822881615412832,0.18558678887865235,0.44893617021276594
274,0.0028896082247496825,0.3334323050756528,0.21121770089769895,0.4377659574468085
275,0.0,0.25497764505785214,0.19413042621833454,0.44893617021276594
276,0.0,0.20576517650123172,0.1765685050200989,0.43936170212765957
277,0.0,0.18686473567876155,0.1656516350860605,0.4430851063829787
278,0.0,0.15262997494372127,0.15046294648218106,0.43617021276595747
279,0.0,0.1661812344013414,0.09920112244408782,0.449468085106383
280,0.0,0.17331347622114143,0.08923354554779192,0.43563829787234043
281,0.0,0.17331347622114143,0.10204900155731522,0.33351063829787236
282,0.0,0.17723620922203148,0.10157435503844399,0.34202127659574466
283,0.0,0.19720648631747165,0.09065748510440562,0.3446808510638298
284,0.0,0.2293015745065719,0.08875889902892069,0.3372340425531915
285,0.0,0.26710245615151224,0.09065748510440562,0.3276595744680851
286,0.00016053379026387124,0.28029710351814235,0.07357021042504121,0.32127659574468087
287,0.019504855517060358,0.2753045342442823,0.07594344301939737,0.325
288,0.12786516394517344,0.2967012597036825,0.08211384776472341,0.32553191489361705
289,0.28952269074089176,0.2991975443406125,0.08306314080246588,0.3170212765957447
290,0.4144179795661836,0.3095392949793226,0.08496172687795081,0.30957446808510636
291,0.48842405687782825,0.4322138542798836,0.08068990820810971,0.3047872340425532
292,0.5230190886796925,0.5235065495733243,0.07546879650052614,0.3271276595744681
293,0.5080091792900205,0.5645169400371747,0.07404485694391244,0.32393617021276594
294,0.43400310197837594,0.600178149136175,0.08116455472698095,0.3345744680851064
295,0.3269270638723738,0.6147992448667652,0.08638566643456451,0.36861702127659574
296,0.17971757820040385,0.600178149136175,0.11391516452909606,0.3792553191489362
297,0.04358492405664104,0.5534619652164846,0.20647123570898662,0.349468085106383
298,0.006100284030027108,0.4892717888382841,0.2591569993036935,0.34627659574468084
299,0.0,0.3812183252683132,0.2714978087943456,0.36117021276595745
300,0.0,0.3081128466153626,0.21643881260528253,0.36329787234042554
301,0.0,0.2642495594235922,0.19887689140704687,0.36329787234042554
302,0.0,0.22644867777865188,0.18985860754849343,0.3569148936170213
303,0.0,0.19578003795351162,0.18131497020881124,0.3574468085106383
304,0.0,0.16297172558243136,0.15473476515202214,0.36861702127659574
305,0.0,0.13515598248521113,0.14381789521798377,0.3648936170212766
306,0.0,0.13479937039422113,0.15141223951992352,0.3680851063829787
307,0.0,0.14728079357887122,0.12103486231216457,0.3707446808510638
308,0.0,0.17188702785718143,0.10679546674602756,0.3579787234042553
309,0.0,0.1915006928616316,0.10394758763280015,0.3659574468085106
310,8.026689513193562e-05,0.19328375331658162,0.10537152718941385,0.3702127659574468
311,0.01942458862192842,0.15940560467253134,0.10489688067054262,0.3659574468085106
312,0.12096221096382698,0.1323030857572911,0.10394758763280015,0.3707446808510638
313,0.27948932884939987,0.13551259457620113,0.09967576896295906,0.37659574468085105
314,0.4051070197308791,0.13658243084917113,0.09303071769876178,0.33404255319148934
315,0.47798936051067664,0.11589892957175096,0.08780960599117821,0.35106382978723405
316,0.508731581346208,0.11875182629967099,0.08638566643456451,0.3398936170212766
317,0.4964507463910218,0.1091232998429409,0.08591101991569328,0.35319148936170214
318,0.435126838510223,0.10092122175017085,0.08496172687795081,0.3303191489361702
319,0.31488702960258347,0.11625554166274096,0.09113213162327685,0.3670212765957447
320,0.17128955421155062,0.11625554166274096,0.12103486231216457,0.3728723404255319
321,0.046153464700862984,0.1333729220302611,0.18606143539752357,0.35319148936170214
322,0.0024882737490900045,0.13872210339511115,0.19745295185043318,0.3595744680851064
323,0.0,0.12802374066541106,0.20884446830334277,0.36223404255319147
324,0.0,0.11304603284383094,0.20267406355801673,0.37872340425531914
325,0.0,0.10448734266007087,0.1836882028031674,0.3696808510638298
326,0.0,0.10413073056908087,0.15900658382186325,0.37127659574468086
327,0.0,0.11090636029789093,0.14381789521798377,0.35638297872340424
328,0.0,0.13016341321135108,0.09018283858553439,0.3707446808510638
329,0.0,0.1437146726689712,0.08638566643456451,0.376063829787234
330,0.0,0.15655270794461132,0.09018283858553439,0.35638297872340424
331,0.0,0.1697473553112414,0.07974061517036725,0.35319148936170214
332,0.0,0.19613665004450165,0.08021526168923848,0.3526595744680851
333,0.0,0.26710245615151224,0.07831667561375354,0.38882978723404255
334,8.026689513193562e-05,0.3220207181639727,0.07736738257601107,0.4867021276595745
335,0.01886272035600487,0.3812183252683132,0.07404485694391244,0.5037234042553191
336,0.13147717422611055,0.49854370320402414,0.09920112244408782,0.4952127659574468
337,0.29241229896564147,0.599108312863205,0.10442223415167139,0.5111702127659574
338,0.3925051171951652,0.6611588166954655,0.11249122497248236,0.5287234042553192
339,0.44740767346540916,0.6811290937909057,0.10774475978377003,0.49840425531914895
340,0.4832869755893844,0.6782761970629857,0.08733495947230697,0.42925531914893617
341,0.4677954648289208,0.6789894212449656,0.07119697783068504,0.44840425531914896
342,0.40590968868219846,0.6839819905188257,0.08875889902892069,0.5255319148936171
343,0.29546244098065505,0.6857650509737757,0.12625597401974814,0.5462765957446809
344,0.15652044550727445,0.6832687663368457,0.18036567717106877,0.5595744680851064
345,0.04583239712033524,0.6829121542458557,0.22355851038835103,0.548936170212766
346,0.004816013707916137,0.6786328091539756,0.22972891513367705,0.5276595744680851
347,0.0,0.6697175068792256,0.2544105341149812,0.5473404255319149
348,0.0,0.6665079980603156,0.23542467336013187,0.5425531914893617
349,0.0,0.6672212222422955,0.19555436577494825,0.5297872340425532
350,0.0,0.6650815496963556,0.1922318401428496,0.5223404255319148
351,0.0,0.6415451516910153,0.11344051801022483,0.5372340425531915
352,0.0,0.6162256932307252,0.08638566643456451,0.4723404255319149
353,0.0,0.610163287683895,0.0749941499816549,0.38776595744680853
354,0.0,0.6212182625045852,0.05980546137777543,0.37340425531914895
355,0.0,0.6155124690487451,0.05553364270793433,0.36329787234042554
356,0.0,0.590193010588455,0.0550589961890631,0.3840425531914894
357,0.0,0.596612028226275,0.054584349670191865,0.40638297872340423
358,0.00024080068539580687,0.6048141063190451,0.05316041011357816,0.5063829787234042
359,0.014929642494540025,0.611589736047855,0.05221111707583569,0.5351063829787234
360,0.10105602097110696,0.6287071164153752,0.06312798700987407,0.5095744680851064
361,0.24633910115991042,0.6458244967828954,0.08923354554779192,0.5085106382978724
362,0.3721975927267855,0.6540265748756654,0.09018283858553439,0.5340425531914894
363,0.45728050156663724,0.6665079980603156,0.06977303827407134,0.5015957446808511
364,0.4910728644171821,0.6686476706062556,0.06407728004761654,0.425
365,0.4792736308327876,0.6693608947882356,0.0621786939721316,0.42819148936170215
366,0.4150601147272391,0.6700741189702156,0.07119697783068504,0.502127659574468
367,0.30292726222792504,0.6690042826972455,0.09208142466101932,0.5531914893617021
368,0.1554769758705593,0.6632984892414056,0.1385967835104002,0.5452127659574468
369,0.04430732611282846,0.6522435144207155,0.19602901229381947,0.5436170212765957
370,0.002969875119881618,0.6333430735982453,0.2021994170391455,0.5462765957446809
371,0.0,0.598038476590235,0.1936557796994633,0.5425531914893617
372,0.0,0.5712925697659847,0.14856436040669613,0.5457446808510639
373,0.0,0.5427636024867846,0.15378547211427968,0.5436170212765957
374,0.0,0.48356599538244405,0.15331082559540846,0.5441489361702128
375,0.0,0.4329270784618636,0.11201657845361113,0.5452127659574468
376,0.0,0.3830013857232632,0.08163920124585218,0.4664893617021277
377,0.0,0.3487666249882229,0.08163920124585218,0.3930851063829787
378,0.0,0.3316492446207028,0.07262091738729874,0.3792553191489362
379,0.0,0.31988104561803266,0.06550121960423023,0.38085106382978723
380,0.0,0.30775623452437256,0.0607547544155179,0.4031914893617021
381,0.0,0.3006239927045725,0.06122940093438913,0.4186170212765957
382,0.00016053379026387124,0.2981277080676425,0.0621786939721316,0.5154255319148936
383,0.0175784500338939,0.29456158715774244,0.06882374523632886,0.5526595744680851
384,0.12473475503502796,0.2902822420658624,0.08021526168923848,0.5372340425531915
385,0.2883989542090447,0.2884991816109124,0.08638566643456451,0.5382978723404256
386,0.4099230334387952,0.29420497506675247,0.08875889902892069,0.5404255319148936
387,0.47004293789261503,0.3041901136144725,0.09825182940634536,0.4978723404255319
388,0.49259793542468894,0.33913809853149285,0.0749941499816549,0.45053191489361705
389,0.48111976942082213,0.41473986182137346,0.0764180895382686,0.425
390,0.41626411815421815,0.46109943365007383,0.09018283858553439,0.5196808510638298
391,0.31063288416059087,0.45111429510235374,0.11059263889699743,0.5436170212765957
392,0.1723330238482658,0.39476958472593326,0.15805729078412079,0.5622340425531915
393,0.04711666744244621,0.3469835645332729,0.20599658919011538,0.575
394,0.0024882737490900045,0.29563142343071247,0.2145402265297976,0.5845744680851064
395,0.0,0.22680528986964188,0.21311628697318388,0.5569148936170213
396,0.0,0.15120352657976127,0.17039810027477287,0.5632978723404255
397,0.0,0.10627040311502088,0.1556840581897646,0.548936170212766
398,0.0,0.09236253156641078,0.14903900692556735,0.5563829787234043
399,0.0,0.07060919401602059,0.09018283858553439,0.5632978723404255
400,0.0,0.06561662474216055,0.07879132213262477,0.5063829787234042
401,0.0,0.06383356428721053,0.07689273605713984,0.40797872340425534
402,0.0,0.06312034010523053,0.07357021042504121,0.40106382978723404
403,0.0,0.06347695219622053,0.06692515916084393,0.38670212765957446
404,0.0,0.06490340056018054,0.06597586612310147,0.3781914893617021
405,0.0,0.06347695219622053,0.065026573085359,0.4521276595744681
406,0.00016053379026387124,0.06419017637820054,0.06455192656648777,0.5446808510638298
407,0.014207240438352605,0.06953935774305058,0.0764180895382686,0.573936170212766
408,0.09367146661896887,0.08095094465473067,0.10394758763280015,0.5654255319148936
409,0.2277974483844333,0.10448734266007087,0.09967576896295906,0.5574468085106383
410,0.34619111870403835,0.13052002530234108,0.09682788984973165,0.5680851063829787
411,0.4405047204840627,0.1551262595806513,0.08828425251004945,0.4925531914893617
412,0.47485895160053115,0.17545314876708146,0.07926596865149602,0.4372340425531915
413,0.4704442723682747,0.17866265758599148,0.07357021042504121,0.4308510638297872
414,0.41586278367855845,0.20826146113816174,0.08258849428359465,0.5313829787234042
415,0.3001981877934392,0.23786026469033197,0.09208142466101932,0.5563829787234043
416,0.1493766918405322,0.2168201513219218,0.15473476515202214,0.5627659574468085
417,0.04109665030755104,0.21254080623004176,0.18273890976542492,0.5829787234042553
418,0.003210675805277425,0.18793457195173158,0.19982618444478933,0.5686170212765957
419,0.0,0.16297172558243136,0.21264164045431264,0.573404255319149
420,0.0,0.15762254421758132,0.18843466799187975,0.5563829787234043
421,0.0,0.18615151149678155,0.11344051801022483,0.5425531914893617
422,0.0,0.2275185140516219,0.11059263889699743,0.5329787234042553
423,0.0,0.2728082496073523,0.11106728541586866,0.5462765957446809
424,0.0,0.28172355188210235,0.08306314080246588,0.47925531914893615
425,0.0,0.3377116501675328,0.07262091738729874,0.3851063829787234
426,0.0,0.3295095720747627,0.07024768479294258,0.38776595744680853
427,0.0,0.3448438919873329,0.06834909871745763,0.3792553191489362
428,0.0,0.3929865242709833,0.06882374523632886,0.3824468085106383
429,0.0,0.41153035300246343,0.06882374523632886,0.4031914893617021
430,8.026689513193562e-05,0.3976224814538533,0.0678744521985864,0.4877659574468085
431,0.021672061685622617,0.4197324310952335,0.0692983917552001,0.5111702127659574
432,0.11638699794130665,0.46216926992304386,0.08923354554779192,0.5090425531914894
433,0.258138334744305,0.4939077460211541,0.10109970851957276,0.4978723404255319
434,0.37934134639352773,0.5270726704832244,0.11818698319893717,0.4968085106382979
435,0.4515012851171379,0.5666566125831147,0.10252364807618645,0.45585106382978724
436,0.4728522792222328,0.5941157435893449,0.09350536421763302,0.37872340425531914
437,0.45639756572018597,0.5805644841317248,0.08211384776472341,0.3797872340425532
438,0.38953524207528356,0.599464924954195,0.08116455472698095,0.46702127659574466
439,0.28518827840376726,0.5848438292236049,0.09018283858553439,0.498936170212766
440,0.16944341562351609,0.5926892952253849,0.12103486231216457,0.5175531914893617
441,0.037885974502273614,0.5852004413145949,0.16707557464267422,0.5287234042553192
442,0.002729074434485811,0.5131647989346143,0.18416284932203864,0.5292553191489362
443,0.0,0.4036848870006834,0.18131497020881124,0.5196808510638298
444,0.0,0.4290043454609736,0.16327840249170436,0.500531914893617
445,0.0,0.49711725484006414,0.14666577433121117,0.5143617021276595
446,0.0,0.5195838165724344,0.12483203446313443,0.5031914893617021
447,0.0,0.476790365653634,0.1172376901611947,0.4643617021276596
448,0.0,0.4111737409114734,0.08496172687795081,0.3893617021276596
449,0.0,0.3448438919873329,0.07926596865149602,0.3324468085106383
450,0.0,0.24285283396419202,0.08068990820810971,0.34893617021276596
451,0.0,0.1665378464923314,0.08211384776472341,0.34893617021276596
452,0.0,0.1793758817679715,0.07974061517036725,0.3414893617021277
453,0.0,0.17580976085807146,0.07879132213262477,0.34574468085106386
454,0.00016053379026387124,0.19791971049945165,0.08116455472698095,0.3398936170212766
455,0.014769108704276154,0.2032688918643017,0.09587859681198918,0.33670212765957447
456,0.09094239218448306,0.20826146113816174,0.09160677814214808,0.33297872340425533
457,0.21142300177751844,0.23322430750746195,0.08116455472698095,0.3026595744680851
458,0.3080643435163689,0.26817229242448226,0.08828425251004945,0.3223404255319149
459,0.3661775755918903,0.29598803552170244,0.10299829459505769,0.325
460,0.3934683199367484,0.34341744362337284,0.09682788984973165,0.3069148936170213
461,0.39017737723633905,0.34662695244228287,0.10347294111392892,0.30319148936170215
462,0.33206414516081767,0.37408608344851313,0.1072701132648988,0.2968085106382979
463,0.2627135477668253,0.45824653692215384,0.08591101991569328,0.325
464,0.13749719136100572,0.5570280861263847,0.10347294111392892,0.34574468085106386
465,0.033150227689489414,0.5384842573949045,0.15331082559540846,0.3452127659574468
466,0.00256854064422194,0.49890031529501416,0.1836882028031674,0.3574468085106383
467,0.0,0.5374144211219345,0.17609385850122766,0.36436170212765956
468,0.0,0.5377710332129245,0.14381789521798377,0.3574468085106383
469,0.0,0.5762851390398448,0.1186616297178084,0.35106382978723405
470,0.0,0.6265674438694352,0.1172376901611947,0.3127659574468085
471,0.0,0.6654381617873455,0.09303071769876178,0.3271276595744681
472,0.0,0.6832687663368457,0.06739980567971517,0.3228723404255319
473,0.0,0.6914708444296158,0.0764180895382686,0.3351063829787234
474,0.0,0.7053787159782259,0.08021526168923848,0.32553191489361705
475,0.0,0.7103712852520859,0.0764180895382686,0.3271276595744681
476,0.0,0.7089448368881259,0.07546879650052614,0.33085106382978724
477,0.0,0.7071617764331759,0.05980546137777543,0.33617021276595743
478,8.026689513193562e-05,0.707875000615156,0.0593308148589042,0.33404255319148934
479,0.013163770801637442,0.6957501895214958,0.0607547544155179,0.3303191489361702
480,0.0862869122668308,0.6928972927935758,0.05885616834003297,0.325
481,0.2174430189124136,0.6953935774305058,0.0778420290948823,0.31648936170212766
482,0.34683325386509384,0.6936105169755558,0.0636026335287453,0.3404255319148936
483,0.41586278367855845,0.6950369653395158,0.06882374523632886,0.3276595744680851
484,0.4482103424167285,0.7035956555232759,0.08258849428359465,0.32127659574468087
485,0.44740767346540916,0.712510957798026,0.06882374523632886,0.30531914893617024
486,0.40141474255481,0.716790302889906,0.0607547544155179,0.3223404255319149
487,0.3062984718234663,0.717146914980896,0.05980546137777543,0.3473404255319149
488,0.1744199631216961,0.721069647981786,0.07262091738729874,0.3382978723404255
489,0.04639426538625879,0.718573363344856,0.1428686021802413,0.3303191489361702
490,0.0026488075393538753,0.721069647981786,0.19935153792591812,0.3473404255319149
491,0.0,0.715363854525946,0.2050472961523729,0.3670212765957447
492,0.0,0.7103712852520859,0.19413042621833454,0.3627659574468085
493,0.0,0.709301448979116,0.1722966863502578,0.35851063829787233
494,0.0,0.712154345707036,0.13812213699152898,0.3414893617021277
495,0.0,0.713580794070996,0.08591101991569328,0.33563829787234045
496,0.0,0.711084509434066,0.0607547544155179,0.34361702127659577
497,0.0,0.7043088797052559,0.05980546137777543,0.34627659574468084
498,0.0,0.6843386026098157,0.060280107896646666,0.32074468085106383
499,0.0,0.6404753154180454,0.057906875302290495,0.3127659574468085
500,0.0,0.6739968519711056,0.05695758226454803,0.3159574468085106
501,0.0,0.7014559829773358,0.0550589961890631,0.32553191489361705
502,0.00016053379026387124,0.7064485522511958,0.058381521821161735,0.42659574468085104
503,0.010916297737943245,0.7075183885241659,0.06312798700987407,0.47127659574468084
504,0.06493591816173593,0.7082316127061459,0.09255607117989055,0.4420212765957447
505,0.1430356071251093,0.7100146731610959,0.09018283858553439,0.4329787234042553
506,0.20443978190104004,0.7075183885241659,0.10015041548183029,0.44840425531914896
507,0.28286053844494113,0.6950369653395158,0.09682788984973165,0.39680851063829786
508,0.3538164737415722,0.6861216630647657,0.07926596865149602,0.3595744680851064
509,0.3447463145916635,0.6779195849719957,0.09208142466101932,0.3893617021276596
510,0.28205786949362177,0.6718571794251657,0.10109970851957276,0.5063829787234042
511,0.16502873639125964,0.6672212222422955,0.11533910408570976,0.5111702127659574
512,0.06429378300068044,0.6686476706062556,0.14903900692556735,0.5042553191489362
513,0.011879500479526472,0.6821989300638757,0.195079719256077,0.5170212765957447
514,0.0008829358464512918,0.6715005673341756,0.26532740404901956,0.5255319148936171
515,0.0,0.6565228595125955,0.26532740404901956,0.5335106382978724
516,0.0,0.6490340056018055,0.24254437114320038,0.526595744680851
517,0.0,0.6468943330558654,0.23779790595448802,0.5228723404255319
518,0.0,0.6383356428721053,0.21691345912415375,0.5143617021276595
519,0.0,0.6226447108685452,0.17846709109558384,0.5196808510638298
520,0.0,0.6105198997748851,0.16470234204831805,0.4351063829787234
521,0.0,0.604100882137065,0.16043052337847696,0.3904255319148936
522,0.0,0.594472355680335,0.1556840581897646,0.3893617021276596
523,0.0,0.596255416135285,0.15188688603879474,0.376063829787234
524,0.0,0.6016045975001351,0.14808971388782488,0.3803191489361702
525,0.0,0.6016045975001351,0.14903900692556735,0.42127659574468085
526,0.00024080068539580687,0.597681864499245,0.14856436040669613,0.4797872340425532
527,0.03323049458462135,0.5880533380425149,0.15805729078412079,0.4898936170212766
528,0.1473700194622338,0.6764931366080357,0.1680248676804167,0.5085106382978724
529,0.29730857956868956,0.6864782751557558,0.17751779805784138,0.5143617021276595
530,0.38881284001909616,0.6875481114287257,0.17751779805784138,0.5127659574468085
531,0.4494946127388395,0.6914708444296158,0.16375304901057558,0.44574468085106383
532,0.46458478902364336,0.7043088797052559,0.14381789521798377,0.40691489361702127
533,0.43295963234166074,0.720356423799806,0.1495136534444386,0.43882978723404253
534,0.3600772915618632,0.7335510711664361,0.15853193730299203,0.5191489361702127
535,0.24328895914489687,0.7346209074394061,0.17372062590687148,0.5260638297872341
536,0.10811950774271728,0.7371171920763362,0.23922184551110173,0.525
537,0.018381118985213257,0.727845277710596,0.27529498094531546,0.5313829787234042
538,0.0,0.6736402398801156,0.296654074294521,0.5297872340425532
539,0.0,0.6312034010523052,0.27482033442644427,0.5319148936170213
540,0.0,0.6094500635019151,0.24539225025642777,0.5228723404255319
541,0.0,0.5702227334930148,0.22355851038835103,0.525
542,0.0,0.5616640433092547,0.20267406355801673,0.5164893617021277
543,0.0,0.5459731113056946,0.16422769552944683,0.5212765957446809
544,0.0,0.5338483002120344,0.15046294648218106,0.4372340425531915
545,0.0,0.5277858946652044,0.14666577433121117,0.3925531914893617
546,0.0,0.5178007561174843,0.14144466262362762,0.39148936170212767
547,0.0,0.5195838165724344,0.13764749047265773,0.3776595744680851
548,0.0,0.5249329979372844,0.13385031832168787,0.3824468085106383
549,0.0,0.5249329979372844,0.13527425787830158,0.42340425531914894
550,0.00024080068539580687,0.5210102649363944,0.1343249648405591,0.4819148936170213
551,0.03323049458462135,0.5113817384796643,0.14381789521798377,0.4920212765957447
552,0.1473700194622338,0.599821537045185,0.15378547211427968,0.5106382978723404
553,0.29730857956868956,0.610163287683895,0.16327840249170436,0.5164893617021277
554,0.38881284001909616,0.6108765118658751,0.16327840249170436,0.5143617021276595
555,0.4494946127388395,0.6147992448667652,0.1495136534444386,0.4478723404255319
556,0.46458478902364336,0.6276372801424053,0.12957849965184676,0.40904255319148936
557,0.43295963234166074,0.6440414363279454,0.13527425787830158,0.44042553191489364
558,0.3600772915618632,0.6568794716035855,0.14429254173685502,0.5207446808510638
559,0.24328895914489687,0.6579493078765555,0.1594812303407345,0.5281914893617021
560,0.10811950774271728,0.6608022046044755,0.22498244994496472,0.527127659574468
561,0.018381118985213257,0.6515302902387354,0.2610555853791785,0.5335106382978724
562,0.0,0.5969686403172649,0.282414678728384,0.5319148936170213
563,0.0,0.5548884135804446,0.26058093886030725,0.5340425531914894
564,0.0,0.5327784639390645,0.23115285469029076,0.525
565,0.0,0.4939077460211541,0.20931911482221402,0.527127659574468
566,0.0,0.48499244374640404,0.18843466799187975,0.5186170212765957
567,0.0,0.4693015117428439,0.15046294648218106,0.5234042553191489
568,0.0,0.4571767006491838,0.13622355091604404,0.43936170212765957
569,0.0,0.45111429510235374,0.13242637876507418,0.3946808510638298
570,0.0,0.4411291565546337,0.1272052670574906,0.39361702127659576
571,0.0,0.4432688291005737,0.12340809490652073,0.3797872340425532
572,0.0,0.44826139837443374,0.1200855692744221,0.3840425531914894
573,0.0,0.44861801046542377,0.12103486231216457,0.425531914893617
574,0.00024080068539580687,0.4446952774645337,0.1200855692744221,0.48404255319148937
575,0.03323049458462135,0.4350667510078036,0.12957849965184676,0.49414893617021277
576,0.1473700194622338,0.5231499374823344,0.1395460765481427,0.5127659574468085
577,0.29730857956868956,0.5334916881210444,0.14903900692556735,0.5186170212765957
578,0.38881284001909616,0.5342049123030245,0.1495136534444386,0.5164893617021277
579,0.4494946127388395,0.5384842573949045,0.13527425787830158,0.45
580,0.46458478902364336,0.5509656805795546,0.11533910408570976,0.4106382978723404
581,0.43295963234166074,0.5673698367650948,0.12103486231216457,0.4425531914893617
582,0.3600772915618632,0.5805644841317248,0.13052779268958925,0.5228723404255319
583,0.24328895914489687,0.5816343204046949,0.14524183477459748,0.5303191489361702
584,0.10811950774271728,0.5841306050416248,0.2107430543788277,0.5292553191489362
585,0.018381118985213257,0.5748586906758848,0.24681618981304146,0.5356382978723404
586,0.0,0.5206536528454043,0.268175283162247,0.5340425531914894
587,0.0,0.47821681401759397,0.24634154329417024,0.5361702127659574
588,0.0,0.4561068643762138,0.21691345912415375,0.527127659574468
589,0.0,0.4172361464583035,0.195079719256077,0.5292553191489362
590,0.0,0.4086774562745434,0.17419527242574273,0.5207446808510638
591,0.0,0.3929865242709833,0.13622355091604404,0.5255319148936171
592,0.0,0.3808617131773232,0.12198415534990703,0.44148936170212766
593,0.0,0.3744426955395031,0.11818698319893717,0.39680851063829786
594,0.0,0.36481416908277303,0.11296587149135359,0.39574468085106385
595,0.0,0.36659722953772306,0.10916869934038373,0.3819148936170213
596,0.0,0.3715897988115831,0.10584617370828509,0.3861702127659574
597,0.0,0.3719464109025731,0.10679546674602756,0.4276595744680851
598,0.00024080068539580687,0.36802367790168306,0.10632082022715632,0.48617021276595745
599,0.03323049458462135,0.358395151444953,0.11533910408570976,0.49627659574468086
600,0.1473700194622338,0.4464783379194837,0.12530668098200567,0.5148936170212766
601,0.29730857956868956,0.4568200885581938,0.13479961135943033,0.5202127659574468
602,0.38881284001909616,0.4578899248311638,0.13527425787830158,0.5186170212765957
603,0.4494946127388395,0.46181265783205383,0.12103486231216457,0.4521276595744681
604,0.46458478902364336,0.474650693107694,0.10109970851957276,0.4127659574468085
605,0.43295963234166074,0.4906982372022441,0.10679546674602756,0.44468085106382976
606,0.3600772915618632,0.5038928845688742,0.11628839712345224,0.525
607,0.24328895914489687,0.5049627208418442,0.13100243920846047,0.5324468085106383
608,0.10811950774271728,0.5074590054787742,0.19650365881269072,0.5313829787234042
609,0.018381118985213257,0.49818709111303416,0.2330514407657757,0.5372340425531915
610,0.0,0.4439820532825537,0.25393588759610997,0.5361702127659574
611,0.0,0.40154521445474334,0.23210214772803323,0.5382978723404256
612,0.0,0.3797918769043532,0.20267406355801673,0.5292553191489362
613,0.0,0.34056454689545285,0.18131497020881124,0.5313829787234042
614,0.0,0.33200585671169275,0.16043052337847696,0.5228723404255319
615,0.0,0.31631492470813266,0.12198415534990703,0.5276595744680851
616,0.0,0.3041901136144725,0.10774475978377003,0.44361702127659575
617,0.0,0.2981277080676425,0.10394758763280015,0.39893617021276595
618,0.0,0.2881425695199224,0.09920112244408782,0.39787234042553193
619,0.0,0.2899256299748724,0.09540395029311795,0.3840425531914894
620,0.0,0.29527481133972244,0.09160677814214808,0.3882978723404255
621,0.0,0.29527481133972244,0.09255607117989055,0.42925531914893617
622,0.00024080068539580687,0.2913520783388324,0.09208142466101932,0.48829787234042554
623,0.03323049458462135,0.28172355188210235,0.10109970851957276,0.49840425531914895
624,0.14407907676182444,0.3120355796162526,0.1072701132648988,0.39787234042553193
625,0.2837434742913924,0.31667153679912263,0.1101179923781262,0.39787234042553193
626,0.38648510006027004,0.3345021413486228,0.10442223415167139,0.3851063829787234
627,0.45342769060030436,0.3701633504476231,0.10489688067054262,0.39680851063829786
628,0.4739760157540798,0.3929865242709833,0.09777718288747413,0.38882978723404255
629,0.4520631533830614,0.40261505072771336,0.09920112244408782,0.3882978723404255
630,0.37500693405640323,0.4286477333699836,0.09730253636860288,0.400531914893617
631,0.2604660747031311,0.4568200885581938,0.10204900155731522,0.42127659574468085
632,0.11638699794130665,0.4664486150149239,0.1428686021802413,0.42340425531914894
633,0.01428750733348454,0.4343535268258236,0.21406558001092635,0.4101063829787234
634,0.0,0.42543822455107355,0.23684861291674555,0.41595744680851066
635,0.0,0.40047537818177337,0.2306782081714195,0.42127659574468085
636,0.0,0.37586914390346315,0.1979275983693044,0.4175531914893617
637,0.0,0.3719464109025731,0.18273890976542492,0.41436170212765955
638,0.0,0.3769389801764331,0.14856436040669613,0.400531914893617
639,0.0,0.38335799781425317,0.12483203446313443,0.41329787234042553
640,0.0,0.3837146099052432,0.09920112244408782,0.4148936170212766
641,0.0,0.3808617131773232,0.09967576896295906,0.4095744680851064
642,0.0,0.3776522043584131,0.09730253636860288,0.4015957446808511
643,0.0,0.3737294713575231,0.08970819206666315,0.40425531914893614
644,0.0,0.3862108945421732,0.08496172687795081,0.4047872340425532
645,0.0,0.39940554190880334,0.07879132213262477,0.4319148936170213
646,0.00016053379026387124,0.3983357056358333,0.07974061517036725,0.4723404255319149
647,0.03210675805277425,0.3969092572718733,0.0778420290948823,0.4718085106382979
648,0.14407907676182444,0.23536398005340195,0.09303071769876178,0.4
649,0.2837434742913924,0.239999937236272,0.09635324333086041,0.4
650,0.38648510006027004,0.25783054178577214,0.09018283858553439,0.3872340425531915
651,0.45342769060030436,0.2934917508847725,0.09065748510440562,0.39893617021276595
652,0.4739760157540798,0.31631492470813266,0.08353778732133711,0.39095744680851063
653,0.4520631533830614,0.32594345116486273,0.08496172687795081,0.3904255319148936
654,0.37500693405640323,0.3523327458981229,0.08306314080246588,0.4021276595744681
655,0.2604660747031311,0.3805051010863332,0.08780960599117821,0.42340425531914894
656,0.11638699794130665,0.38977701545207327,0.12910385313297554,0.425531914893617
657,0.01428750733348454,0.35803853935396296,0.19982618444478933,0.4122340425531915
658,0.0,0.3487666249882229,0.2230838638694798,0.41808510638297874
659,0.0,0.3241603907099127,0.21643881260528253,0.42340425531914894
660,0.0,0.2995541564316025,0.18416284932203864,0.41914893617021276
661,0.0,0.29563142343071247,0.16849951419928794,0.41648936170212764
662,0.0,0.3006239927045725,0.13479961135943033,0.4026595744680851
663,0.0,0.30668639825140254,0.11059263889699743,0.4148936170212766
664,0.0,0.30704301034239256,0.08543637339682204,0.41702127659574467
665,0.0,0.3041901136144725,0.08543637339682204,0.41117021276595744
666,0.0,0.3013372168865525,0.08353778732133711,0.40372340425531916
667,0.0,0.29705787179467247,0.07594344301939737,0.40638297872340423
668,0.0,0.3095392949793226,0.07119697783068504,0.40691489361702127
669,0.0,0.3227339423459527,0.06455192656648777,0.4340425531914894
670,0.00016053379026387124,0.3220207181639727,0.06550121960423023,0.474468085106383
671,0.03210675805277425,0.32059426980001265,0.0636026335287453,0.47393617021276596
672,0.1473700194622338,0.2168201513219218,0.08306314080246588,0.5212765957446809
673,0.29730857956868956,0.2271619019606319,0.09255607117989055,0.526595744680851
674,0.38881284001909616,0.2278751261426119,0.09255607117989055,0.525
675,0.4494946127388395,0.23215447123449193,0.07879132213262477,0.45851063829787236
676,0.46458478902364336,0.24463589441914205,0.05885616834003297,0.41914893617021276
677,0.43295963234166074,0.26104005060468216,0.06455192656648777,0.451063829787234
678,0.3600772915618632,0.2742346979713123,0.07357021042504121,0.5313829787234042
679,0.24328895914489687,0.2753045342442823,0.08875889902892069,0.5388297872340425
680,0.10811950774271728,0.27780081888121233,0.15426011863315092,0.5372340425531915
681,0.018381118985213257,0.26852890451547223,0.19033325406736468,0.5436170212765957
682,0.0,0.2143238666849918,0.21169234741657017,0.5425531914893617
683,0.0,0.17188702785718143,0.18985860754849343,0.5446808510638298
684,0.0,0.15013369030679125,0.16043052337847696,0.5356382978723404
685,0.0,0.11090636029789093,0.1385967835104002,0.5372340425531915
686,0.0,0.10234767011413086,0.11771233668006593,0.5287234042553192
687,0.0,0.08665673811057072,0.07926596865149602,0.5340425531914894
688,0.0,0.07453192701691062,0.06550121960423023,0.449468085106383
689,0.0,0.06846952147008058,0.061704047453260365,0.4047872340425532
690,0.0,0.05848438292236049,0.056482935745676796,0.40425531914893614
691,0.0,0.0602674433773105,0.052685763594706926,0.3904255319148936
692,0.0,0.06561662474216055,0.049363237962608296,0.3946808510638298
693,0.0,0.06561662474216055,0.05031253100035076,0.43563829787234043
694,0.00024080068539580687,0.06169389174127052,0.049363237962608296,0.49414893617021277
695,0.03323049458462135,0.052065365284540435,0.05885616834003297,0.5047872340425532
696,0.1473700194622338,0.14050516385006118,0.06882374523632886,0.5234042553191489
697,0.29730857956868956,0.15084691448877124,0.07831667561375354,0.5287234042553192
698,0.38881284001909616,0.15156013867075127,0.07831667561375354,0.527127659574468
699,0.4494946127388395,0.1554828716716413,0.06455192656648777,0.46063829787234045
700,0.46458478902364336,0.1683209069472814,0.04461677277389596,0.42127659574468085
701,0.43295963234166074,0.18436845104183153,0.05031253100035076,0.4531914893617021
702,0.3600772915618632,0.19756309840846165,0.05980546137777543,0.5335106382978724
703,0.24328895914489687,0.19863293468143164,0.07451950346278367,0.5409574468085107
704,0.10811950774271728,0.20112921931836167,0.1400207230670139,0.5393617021276595
705,0.018381118985213257,0.1918573049526216,0.17609385850122766,0.5457446808510639
706,0.0,0.13765226712214115,0.19745295185043318,0.5446808510638298
707,0.0,0.0952154282943308,0.17561921198235642,0.5468085106382978
708,0.0,0.07346209074394061,0.14619112781233995,0.5377659574468086
709,0.0,0.03459137282603029,0.1243573879442632,0.5393617021276595
710,0.0,0.025676070551280215,0.10347294111392892,0.5308510638297872
711,0.0,0.009985138547720084,0.06550121960423023,0.5361702127659574
712,0.0,0.0,0.05126182403809323,0.45159574468085106
713,0.0,0.0,0.04746465188712336,0.40691489361702127
714,0.0,0.0,0.04224354017953979,0.40585106382978725
715,0.0,0.0,0.03844636802856992,0.3925531914893617
716,0.0,0.0,0.03512384239647129,0.39680851063829786
717,0.0,0.0,0.036073135434213754,0.4377659574468085
718,0.00024080068539580687,0.0,0.03559848891534252,0.49627659574468086
719,0.03323049458462135,0.0,0.04461677277389596,0.5063829787234042
720,0.1473700194622338,0.06383356428721053,0.054584349670191865,0.5255319148936171
721,0.29730857956868956,0.07417531492592062,0.06407728004761654,0.5308510638297872
722,0.38881284001909616,0.07488853910790062,0.06455192656648777,0.5292553191489362
723,0.4494946127388395,0.07916788419978066,0.05031253100035076,0.4622340425531915
724,0.46458478902364336,0.09164930738443076,0.03037737720775895,0.42340425531914894
725,0.43295963234166074,0.1080534635699709,0.036073135434213754,0.4553191489361702
726,0.3600772915618632,0.12089149884561101,0.045566065811638426,0.5356382978723404
727,0.24328895914489687,0.12231794720957102,0.060280107896646666,0.5425531914893617
728,0.10811950774271728,0.12481423184650105,0.1257813275008769,0.5414893617021277
729,0.018381118985213257,0.11554231748076096,0.16185446293509065,0.5478723404255319
730,0.0,0.06133727965028051,0.18321355628429617,0.5468085106382978
731,0.0,0.01890044082247016,0.16137981641621943,0.5484042553191489
732,0.0,0.0,0.13195173224620294,0.5398936170212766
733,0.0,0.0,0.11059263889699743,0.5414893617021277
734,0.0,0.0,0.08923354554779192,0.5329787234042553
735,0.0,0.0,0.05126182403809323,0.5382978723404256
736,0.0,0.0,0.03702242847195622,0.45372340425531915
737,0.0,0.0,0.03322525632098635,0.40904255319148936
738,0.0,0.0,0.028478791132274014,0.40797872340425534
739,0.0,0.0,0.024681618981304148,0.3946808510638298
740,0.0,0.0,0.020884446830334278,0.39893617021276595
741,0.0,0.0,0.021833739868076744,0.4398936170212766
742,0.00024080068539580687,0.0,0.02135909334920551,0.49840425531914895
743,0.03323049458462135,0.0,0.03037737720775895,0.5085106382978724
744,0.17892070567265073,0.0,0.09445465725537548,0.3898936170212766
745,0.30589155771958293,0.0,0.07072233131181381,0.3696808510638298
746,0.4062908154158414,0.0,0.0664505126419727,0.3675531914893617
747,0.4673100156163408,0.0,0.07024768479294258,0.3191489361702128
748,0.48767626757374344,0.0,0.07072233131181381,0.2824468085106383
749,0.46898068472222143,0.0,0.06834909871745763,0.3127659574468085
750,0.4122574907939867,0.025529153761738536,0.07119697783068504,0.36861702127659574
751,0.30223199682098717,0.06134088334417732,0.09587859681198918,0.38882978723404255
752,0.16746468894661173,0.0627591696642739,0.16327840249170436,0.41329787234042553
753,0.049563183474460384,0.05424945174369439,0.22165992431286607,0.41648936170212764
754,0.0,0.04573973382311488,0.25488518063385246,0.4452127659574468
755,0.0,0.021628866381472926,0.22498244994496472,0.4319148936170213
756,0.0,0.005318573700362195,0.18701072843526603,0.42340425531914894
757,0.0,0.004609430540313902,0.16090516989734818,0.41382978723404257
758,0.0,0.0024820010601690244,0.16090516989734818,0.41914893617021276
759,0.0,0.008864289500603658,0.12483203446313443,0.40106382978723404
760,0.0,0.028720297981955852,0.11249122497248236,0.36436170212765956
761,0.0,0.07623288970519146,0.11344051801022483,0.29202127659574467
762,0.0,0.20529694483398073,0.1172376901611947,0.2968085106382979
763,0.0,0.31025013252112804,0.11581375060458099,0.26648936170212767
764,0.0,0.4063390307076717,0.11344051801022483,0.2771276595744681
765,0.0,0.4474693339904727,0.11249122497248236,0.3159574468085106
766,0.0001591113434172083,0.3967655980470198,0.1086940528215125,0.3904255319148936
767,0.028480930471680287,0.3428707178833495,0.11533910408570976,0.4101063829787234
768,0.13150552533432266,0.34925300632378414,0.13147708572733172,0.42446808510638295
769,0.26953461574875087,0.4577519098111729,0.13052779268958925,0.40372340425531916
770,0.3432827234226269,0.6112814039616283,0.13479961135943033,0.3952127659574468
771,0.38966368002874313,0.6407108451036324,0.15473476515202214,0.3553191489361702
772,0.40756370616317905,0.6509934209243327,0.12245880186877826,0.2835106382978723
773,0.3938005749575905,0.6332648419231254,0.1329010252839454,0.30372340425531913
774,0.34972673283102385,0.6400017019435842,0.14144466262362762,0.38138297872340426
775,0.25783993200758604,0.7126888758485341,0.15663335122750707,0.40638297872340423
776,0.1342104181724152,0.729353740109669,0.20030083096366058,0.4702127659574468
777,0.04113028227334835,0.7250988811493793,0.2586823527848223,0.48829787234042554
778,0.0,0.6921237242071336,0.2847879113227402,0.4877659574468085
779,0.0,0.6832594347065301,0.2781428600585429,0.45372340425531915
780,0.0,0.6630488546451536,0.2245078034260935,0.43457446808510636
781,0.0,0.6495751346042361,0.19033325406736468,0.4452127659574468
782,0.0,0.6087994029014593,0.18606143539752357,0.43617021276595747
783,0.0,0.6293645545428598,0.1428686021802413,0.38457446808510637
784,0.0,0.6729768588858298,0.1101179923781262,0.33617021276595743
785,0.0,0.6683674283455159,0.10537152718941385,0.28617021276595744
786,0.0,0.6364559861433426,0.11628839712345224,0.29095744680851066
787,0.0,0.6332648419231254,0.11106728541586866,0.2946808510638298
788,0.0,0.6155362629219181,0.11059263889699743,0.3021276595744681
789,0.0,0.5914253954802761,0.1115419319347399,0.29148936170212764
790,0.0001591113434172083,0.5286662258160022,0.13622355091604404,0.300531914893617
791,0.02338936748232962,0.5279570826559539,0.1357489043971728,0.3021276595744681
792,0.09673969679766264,0.5268933679158815,0.14191930914249884,0.3101063829787234
793,0.19650250912025224,0.43435018552957927,0.1556840581897646,0.2904255319148936
794,0.3209275796725091,0.3297515694224561,0.11201657845361113,0.2936170212765957
795,0.3972214688410605,0.32656042520223877,0.10489688067054262,0.2797872340425532
796,0.38648145316039895,0.4573973382311488,0.09872647592521659,0.27872340425531916
797,0.3730365446416449,0.4850539214730322,0.09920112244408782,0.2531914893617021
798,0.33230404072683956,0.4729984877522112,0.09587859681198918,0.3026595744680851
799,0.22721099839977346,0.47016191511201805,0.11344051801022483,0.3202127659574468
800,0.12418640353713108,0.42903161182921706,0.15141223951992352,0.3292553191489362
801,0.03564094092545466,0.3847101643261988,0.1922318401428496,0.34893617021276596
802,0.0,0.27585668925878587,0.23400073380351816,0.33617021276595743
803,0.0,0.24713639127683001,0.245866896775299,0.34361702127659577
804,0.0,0.2850755503394137,0.19887689140704687,0.3101063829787234
805,0.0,0.2978401272202829,0.14619112781233995,0.29521276595744683
806,0.0,0.322305566241949,0.13622355091604404,0.2925531914893617
807,0.0,0.3013858430205244,0.1115419319347399,0.2925531914893617
808,0.0,0.3496075779038083,0.10442223415167139,0.298936170212766
809,0.0,0.40527531596759925,0.10347294111392892,0.30851063829787234
810,0.0,0.4449873329303037,0.10394758763280015,0.2867021276595745
811,0.0,0.4857630646330805,0.09967576896295906,0.29840425531914894
812,0.0,0.5456856616571613,0.09967576896295906,0.2936170212765957
813,0.0,0.5928436818003727,0.09920112244408782,0.2936170212765957
814,0.0001591113434172083,0.6109268323816042,0.09967576896295906,0.2968085106382979
815,0.01551335598317781,0.617663692402063,0.09920112244408782,0.3021276595744681
816,0.07510055409292232,0.5488768058773785,0.10821940630264126,0.3026595744680851
817,0.16961269208274404,0.48150820567279073,0.12483203446313443,0.2797872340425532
818,0.2853661944187631,0.48859963727327366,0.1215095088310358,0.2643617021276596
819,0.3776507736007439,0.4705164866920422,0.12198415534990703,0.27180851063829786
820,0.36420586508198977,0.41272131914810634,0.13479961135943033,0.3
821,0.2834568582977566,0.27798411873893075,0.23495002684126062,0.27925531914893614
822,0.22148299003675395,0.21770695013482586,0.14334324869911255,0.3101063829787234
823,0.15020110818584465,0.1340280572491273,0.12673062053861936,0.31436170212765957
824,0.07971478305202136,0.16487578471122805,0.13907143002927144,0.30957446808510636
825,0.02187780971986614,0.21557952065468097,0.14903900692556735,0.30372340425531913
826,0.0018297804492978954,0.17941321949221806,0.18890931451075096,0.32180851063829785
827,0.0,0.1638120699711556,0.21596416608641128,0.33351063829787236
828,0.0,0.4598793392913178,0.17751779805784138,0.3202127659574468
829,0.0,0.569441957518779,0.16422769552944683,0.32127659574468087
830,0.0,0.47618963197242853,0.14619112781233995,0.32127659574468087
831,0.0,0.41023931808793734,0.1329010252839454,0.30957446808510636
832,0.0,0.3577627242443637,0.10442223415167139,0.31382978723404253
833,0.0,0.2602555397377234,0.1101179923781262,0.31542553191489364
834,0.0,0.19253236795311146,0.12340809490652073,0.2872340425531915
835,0.0,0.2730201166185927,0.11059263889699743,0.28404255319148936
836,0.0,0.3535078652840739,0.09777718288747413,0.2696808510638298
837,0.0,0.4428599034501588,0.09635324333086041,0.30957446808510636
838,0.0001591113434172083,0.47689877513247686,0.13337567180281665,0.400531914893617
839,0.0191729168817736,0.48150820567279073,0.13527425787830158,0.4276595744680851
840,0.07836233663297508,0.47689877513247686,0.18701072843526603,0.45053191489361705
841,0.14121131728277236,0.5378850868966301,0.13669819743491526,0.3946808510638298
842,0.20119629375105988,0.6283008398027873,0.1115419319347399,0.38351063829787235
843,0.2593514897700495,0.6194365503021837,0.09730253636860288,0.33563829787234045
844,0.31702935175878755,0.5970985407606625,0.10299829459505769,0.2579787234042553
845,0.32116624668763494,0.4864722077931288,0.10584617370828509,0.2872340425531915
846,0.33620226864056113,0.36946358638516047,0.10489688067054262,0.3920212765957447
847,0.23142744900032947,0.5545499511577648,0.11486445756683852,0.40425531914893614
848,0.12370906950687945,0.6878688652468439,0.18178961672768246,0.41808510638297874
849,0.03222004704198468,0.7013425852877615,0.2207106312751236,0.4526595744680851
850,0.0,0.6878688652468439,0.2672259901245045,0.47925531914893615
851,0.0,0.7013425852877615,0.2302035616525483,0.4441489361702128
852,0.0,0.7130434474285583,0.19887689140704687,0.45
853,0.0,0.7116251611084617,0.16185446293509065,0.4473404255319149
854,0.0,0.7243897379893309,0.14097001610475637,0.4223404255319149
855,0.0,0.7091431600482927,0.10632082022715632,0.41117021276595744
856,0.0,0.7009880137077373,0.10015041548183029,0.3702127659574468
857,0.0,0.685741435766699,0.10489688067054262,0.31382978723404253
858,0.0,0.6485114198641637,0.10632082022715632,0.30372340425531913
859,0.0,0.5190927931553503,0.10204900155731522,0.2851063829787234
860,0.0,0.5343393710963885,0.09825182940634536,0.2712765957446808
861,0.0,0.6758134315260229,0.09255607117989055,0.31436170212765957
862,0.0001591113434172083,0.644256560903874,0.09255607117989055,0.40585106382978725
863,0.019332028225190808,0.5580956669580064,0.11676304364232347,0.41329787234042553
864,0.09705791948449706,0.5215747942155192,0.12910385313297554,0.43457446808510636
865,0.2032647412154836,0.5226385089555917,0.1229334483876495,0.4148936170212766
866,0.2888666439739417,0.5240567952756883,0.11249122497248236,0.41914893617021276
867,0.33675915834252135,0.47618963197242853,0.12340809490652073,0.3452127659574468
868,0.38417433868084944,0.5027825004742396,0.09730253636860288,0.27393617021276595
869,0.4293619602113366,0.6070265450013386,0.09113213162327685,0.298936170212766
870,0.3740707683738567,0.6818411483864334,0.09350536421763302,0.3893617021276596
871,0.28266130158067054,0.6559574230446708,0.11961092275555087,0.3904255319148936
872,0.14248420803011003,0.663757997805202,0.1879600214730085,0.4207446808510638
873,0.046858290636367844,0.6290099829628356,0.24539225025642777,0.42127659574468085
874,0.0,0.5892979660001312,0.26295417145466343,0.4723404255319149
875,0.0,0.5736968164790688,0.2582077062659511,0.45053191489361705
876,0.0,0.6137634050217973,0.21548951956754006,0.45851063829787236
877,0.0,0.6385834156234875,0.19935153792591812,0.43457446808510636
878,0.0,0.6623397114851054,0.17751779805784138,0.4101063829787234
879,0.0,0.6017079713009763,0.1343249648405591,0.38670212765957446
880,0.0,0.5580956669580064,0.09303071769876178,0.33404255319148934
881,0.0,0.5900071091601795,0.09208142466101932,0.28936170212765955
882,0.0,0.5687328143587307,0.09350536421763302,0.29308510638297874
883,0.0,0.6871597220867957,0.09208142466101932,0.29946808510638295
884,0.0,0.7538191791313351,0.09113213162327685,0.2771276595744681
885,0.0,0.6889325799869164,0.09208142466101932,0.3127659574468085
886,0.00023866701512581244,0.6435474177438256,0.11249122497248236,0.3723404255319149
887,0.023309811810621014,0.637165129303391,0.13385031832168787,0.38563829787234044
888,0.10016059068113262,0.673686002045878,0.13527425787830158,0.3882978723404255
889,0.21432297958297958,0.6875142936668197,0.10537152718941385,0.3946808510638298
890,0.27884262933865755,0.6619851399050812,0.11344051801022483,0.3925531914893617
891,0.3140062362338606,0.6534754219845017,0.11628839712345224,0.33670212765957447
892,0.3123355671279799,0.663757997805202,0.19128254710510714,0.2771276595744681
893,0.26563638783502924,0.6694311430855883,0.1395460765481427,0.32393617021276594
894,0.19873006792809317,0.7208440221890895,0.10394758763280015,0.39148936170212767
895,0.13683575533879913,0.7367997432901761,0.14856436040669613,0.41595744680851066
896,0.08210145320327948,0.7307720264297656,0.19982618444478933,0.44042553191489364
897,0.025378259275044723,0.7289991685296449,0.23969649202997295,0.45053191489361705
898,0.0009546680605032498,0.7396363159303693,0.29048366954919497,0.49946808510638296
899,0.0,0.7343177422300071,0.25630912019046614,0.4808510638297872
900,0.0,0.7162345916487756,0.22498244994496472,0.47712765957446807
901,0.0,0.692832867367182,0.21026840785995649,0.4398936170212766
902,0.0,0.7222623085091862,0.15426011863315092,0.4728723404255319
903,0.0,0.7474368906909005,0.10632082022715632,0.3962765957446808
904,0.0,0.7499188917510695,0.10347294111392892,0.32074468085106383
905,0.0,0.7594923244117214,0.10204900155731522,0.26595744680851063
906,0.0,0.750982606491142,0.10204900155731522,0.2680851063829787
907,0.0,0.7531100359712868,0.10394758763280015,0.2648936170212766
908,0.0,0.7516917496511902,0.10299829459505769,0.2478723404255319
909,0.0,0.7424728885705625,0.09967576896295906,0.2696808510638298
910,0.0001591113434172083,0.7158800200687515,0.09967576896295906,0.29521276595744683
911,0.08488590171308062,0.7201348790290413,0.09825182940634536,0.298936170212766
912,0.16961269208274404,0.7250988811493793,0.09587859681198918,0.300531914893617
913,0.22896122317736273,0.7289991685296449,0.09492930377424671,0.3026595744680851
914,0.30008399368485483,0.7360906001301278,0.10062506200070152,0.30159574468085104
915,0.330792482964376,0.7332540274899346,0.10964334585925496,0.2851063829787234
916,0.334213376847846,0.753464607551311,0.10916869934038373,0.2648936170212766
917,0.37057031881867813,0.7460186043708039,0.10632082022715632,0.24468085106382978
918,0.3293604808736212,0.7516917496511902,0.10916869934038373,0.2680851063829787
919,0.1897402770250209,0.7499188917510695,0.11391516452909606,0.26595744680851063
920,0.10477481964023166,0.7456640327907798,0.14097001610475637,0.2925531914893617
921,0.021798254048157537,0.7495643201710454,0.15426011863315092,0.2851063829787234
922,0.0018297804492978954,0.7499188917510695,0.15615870470863585,0.30319148936170215
923,0.0,0.7126888758485341,0.15663335122750707,0.31117021276595747
924,0.0,0.7233260232492585,0.15853193730299203,0.29095744680851066
925,0.0,0.7151708769087032,0.13527425787830158,0.28829787234042553
926,0.0,0.6914145810470854,0.1423939556613701,0.29946808510638295
927,0.0,0.6793591473262643,0.1385967835104002,0.2968085106382979
928,0.0,0.6981514410675441,0.11391516452909606,0.2771276595744681
929,0.0,0.6988605842275925,0.11581375060458099,0.26276595744680853
930,0.0,0.7158800200687515,0.11533910408570976,0.2723404255319149
931,0.0,0.74140917383049,0.11296587149135359,0.2696808510638298
932,0.0,0.7314811695898139,0.1072701132648988,0.275531914893617
933,0.0,0.7240351664093069,0.11106728541586866,0.2691489361702128
934,0.00023866701512581244,0.7300628832697174,0.11201657845361113,0.27393617021276595
935,0.024662258229667285,0.7382180296102727,0.11628839712345224,0.2702127659574468
936,0.10501348665535748,0.7424728885705625,0.1115419319347399,0.2691489361702128
937,0.20390118658915243,0.7435366033106349,0.11961092275555087,0.26170212765957446
938,0.29634487711455043,0.7367997432901761,0.1457164812934687,0.24840425531914895
939,0.367785870308877,0.7321903127498622,0.14334324869911255,0.25372340425531914
940,0.41623527437941693,0.7321903127498622,0.13337567180281665,0.24893617021276596
941,0.39857391526010677,0.7392817443503451,0.14049536958588515,0.24840425531914895
942,0.33842982744840205,0.7318357411698381,0.1371728439537865,0.2648936170212766
943,0.2412923522921964,0.7201348790290413,0.16043052337847696,0.249468085106383
944,0.1496442184838844,0.7112705895284376,0.1936557796994633,0.2654255319148936
945,0.043437396752897865,0.6892871515669405,0.2544105341149812,0.29308510638297874
946,0.0,0.666239998865371,0.2591569993036935,0.2835106382978723
947,0.0,0.6602122820049605,0.20647123570898662,0.28829787234042553
948,0.0,0.6453202756439463,0.2036233565957592,0.2904255319148936
949,0.0,0.6499297061842603,0.20172477052027427,0.28882978723404257
950,0.0,0.6431928461638015,0.1708727467936441,0.26276595744680853
951,0.0,0.6343285566631978,0.1495136534444386,0.24840425531914895
952,0.0,0.6375197008834151,0.14524183477459748,0.2531914893617021
953,0.0,0.663757997805202,0.14381789521798377,0.25638297872340426
954,0.0,0.6609214251650087,0.14903900692556735,0.26276595744680853
955,0.0,0.6630488546451536,0.1457164812934687,0.27074468085106385
956,0.0,0.6655308557053227,0.14334324869911255,0.2702127659574468
957,0.0,0.6563119946246949,0.1428686021802413,0.275
958,0.0001591113434172083,0.6563119946246949,0.1400207230670139,0.27393617021276595
959,0.025616926290170535,0.6935420105272303,0.12673062053861936,0.27074468085106385
960,0.09037524306097432,0.7052428726680271,0.12910385313297554,0.27180851063829786
961,0.22729055407148205,0.7059520158280753,0.13100243920846047,0.27606382978723404
962,0.33850938312011064,0.7034700147679064,0.1243573879442632,0.274468085106383
963,0.4179059434852976,0.6960240115873992,0.12198415534990703,0.2680851063829787
964,0.4623775639704073,0.7112705895284376,0.1243573879442632,0.24414893617021277
965,0.4525126606785404,0.7172983063888481,0.1286292066141043,0.2404255319148936
966,0.3829014479335118,0.7169437348088239,0.13147708572733172,0.2473404255319149
967,0.2564874855885398,0.7063065874080995,0.15758264426524954,0.25638297872340426
968,0.13611975429342169,0.6892871515669405,0.16707557464267422,0.2680851063829787
969,0.04296006272264624,0.6506388493443085,0.17419527242574273,0.26648936170212767
970,0.0,0.6286554113828114,0.2344753803223894,0.29521276595744683
971,0.0,0.6293645545428598,0.23637396639787434,0.2957446808510638
972,0.0,0.6123451187017007,0.22355851038835103,0.29414893617021276
973,0.0,0.6073811165813627,0.2107430543788277,0.2771276595744681
974,0.0,0.5811428196595758,0.16612628160493176,0.26861702127659576
975,0.0,0.5573865237979581,0.14144466262362762,0.2398936170212766
976,0.0,0.5641233838184169,0.1257813275008769,0.25851063829787235
977,0.0,0.561995954338272,0.1257813275008769,0.26595744680851063
978,0.0,0.5605776680181753,0.12625597401974814,0.2734042553191489
979,0.0,0.5304390837161229,0.12483203446313443,0.2734042553191489
980,0.0,0.5857522501998897,0.11581375060458099,0.27606382978723404
981,0.0,0.6123451187017007,0.11581375060458099,0.2765957446808511
982,0.0001591113434172083,0.6414199882636807,0.11628839712345224,0.2547872340425532
983,0.048051625711996906,0.6020625428810005,0.11581375060458099,0.27393617021276595
984,0.20437852061940406,0.618018263982087,0.11581375060458099,0.27393617021276595
985,0.39388013062929916,0.6286554113828114,0.10916869934038373,0.27180851063829786
986,0.5346936695535285,0.644256560903874,0.1086940528215125,0.2680851063829787
987,0.612578672156252,0.7009880137077373,0.1101179923781262,0.2547872340425532
988,0.6367635963556676,0.7141071621686308,0.11106728541586866,0.2404255319148936
989,0.6066119967781066,0.7275808822095483,0.11344051801022483,0.2372340425531915
990,0.5404216779165479,0.7215531653491378,0.13669819743491526,0.23297872340425532
991,0.415201050647205,0.7410546022504658,0.1556840581897646,0.2579787234042553
992,0.24383813378687172,0.7431820317306107,0.14429254173685502,0.2590425531914894
993,0.07788500260272346,0.7307720264297656,0.1556840581897646,0.2781914893617021
994,0.0,0.7194257358689929,0.2358993198790031,0.3047872340425532
995,0.0,0.7059520158280753,0.25203730152062503,0.2622340425531915
996,0.0,0.6502842777642844,0.24254437114320038,0.2648936170212766
997,0.0,0.6229822661024251,0.2230838638694798,0.2622340425531915
998,0.0,0.6027716860410488,0.17324597938800027,0.28138297872340423
999,0.0,0.5896525375801553,0.14903900692556735,0.2835106382978723
1000,0.0,0.5513588069375476,0.12245880186877826,0.26063829787234044
1001,0.0,0.4903724951733944,0.1115419319347399,0.2398936170212766
1002,0.0,0.4187490360085168,0.10584617370828509,0.25638297872340426
1003,0.0,0.3641450126847983,0.10299829459505769,0.2569148936170213
1004,0.0,0.3336518568027217,0.10347294111392892,0.26063829787234044
1005,0.0,0.3020949861805727,0.10347294111392892,0.26861702127659576
1006,0.0003182226868344166,0.26202839763784413,0.10157435503844399,0.2675531914893617
1007,0.047494736010036676,0.22940781227562268,0.09777718288747413,0.2723404255319149
1008,0.211220308386344,0.20706980273410147,0.10015041548183029,0.2835106382978723
1009,0.39205035018000123,0.1982055132334978,0.1200855692744221,0.2781914893617021
1010,0.5220443177518604,0.18685922267272512,0.1086940528215125,0.25851063829787235
1011,0.6015999894604646,0.18579550793265268,0.09777718288747413,0.2569148936170213
1012,0.6318311447097341,0.20139665745371513,0.10347294111392892,0.25053191489361704
1013,0.6078053318537356,0.17161264473168683,0.10584617370828509,0.251063829787234
1014,0.544638128517104,0.19536894059330465,0.10157435503844399,0.24095744680851064
1015,0.40143791944161655,0.23224438491581587,0.1257813275008769,0.275531914893617
1016,0.23866701512581245,0.2194798080349466,0.1528361790765372,0.274468085106383
1017,0.07335032931533303,0.1545932088905278,0.18131497020881124,0.27606382978723404
1018,0.002545781494675333,0.10495318768714731,0.23922184551110173,0.3170212765957447
1019,0.0,0.07871489076536049,0.20314871007688798,0.30372340425531913
1020,0.0,0.06914145810470854,0.18843466799187975,0.31117021276595747
1021,0.0,0.06878688652468438,0.1552094116708934,0.33351063829787236
1022,0.0,0.07126888758485342,0.14619112781233995,0.27606382978723404
1023,0.0,0.06559574230446708,0.14097001610475637,0.275
1024,0.0,0.05992259702408073,0.12245880186877826,0.2675531914893617
1025,0.0,0.03616630116246293,0.11533910408570976,0.2579787234042553
1026,0.0,0.017374007421183172,0.11106728541586866,0.2643617021276596
1027,0.0,0.01560114952106244,0.1086940528215125,0.2675531914893617
1028,0.0,0.017374007421183172,0.1072701132648988,0.26648936170212767
1029,0.0,0.02056515164140049,0.10821940630264126,0.2691489361702128
1030,0.00039777835854302074,0.028365726401931707,0.11059263889699743,0.2776595744680851
1031,0.042164506005560196,0.028720297981955852,0.11581375060458099,0.26063829787234044
1032,0.21758476212303235,0.021628866381472926,0.12340809490652073,0.25851063829787235
1033,0.40008547302257025,0.023047152701569512,0.11771233668006593,0.24521276595744682
1034,0.5280109931300058,0.029429441142004145,0.09920112244408782,0.2351063829787234
1035,0.6090782226010734,0.04361230434297,0.10015041548183029,0.2473404255319149
1036,0.6362067066537074,0.04290316118292171,0.10394758763280015,0.24308510638297873
1037,0.6158404546963047,0.037230015902535364,0.10347294111392892,0.24680851063829787
1038,0.5475816883703224,0.028011154821907563,0.10632082022715632,0.2712765957446808
1039,0.4241908415502773,0.0336843001022939,0.12625597401974814,0.27287234042553193
1040,0.2527483690182354,0.035457158002414634,0.14714042085008242,0.2712765957446808
1041,0.08393123365257738,0.03084772746210073,0.18463749584090985,0.27180851063829786
1042,0.0,0.022692581121545367,0.23637396639787434,0.2856382978723404
1043,0.0,0.024465439021666098,0.20979376134108524,0.2856382978723404
1044,0.0,0.02127429480144878,0.19175719362397836,0.2973404255319149
1045,0.0,0.021983437961497074,0.17846709109558384,0.3069148936170213
1046,0.0,0.02056515164140049,0.12910385313297554,0.27393617021276595
1047,0.0,0.02021058006137634,0.11106728541586866,0.26595744680851063
1048,0.0,0.015246577941038293,0.10252364807618645,0.2569148936170213
1049,0.0,0.017374007421183172,0.09730253636860288,0.28191489361702127
1050,0.0,0.019856008481352196,0.1086940528215125,0.28297872340425534
1051,0.0,0.02056515164140049,0.1172376901611947,0.2835106382978723
1052,0.0,0.02127429480144878,0.11581375060458099,0.2968085106382979
1053,0.0,0.024820010601690243,0.11581375060458099,0.3047872340425532
1054,0.00039777835854302074,0.021628866381472926,0.12530668098200567,0.28191489361702127
1055,0.04892673810079155,0.020919723221424633,0.10537152718941385,0.28617021276595744
1056,0.2151185363000656,0.018792293741279758,0.09682788984973165,0.2877659574468085
1057,0.3837765603223064,0.017019435841159024,0.09492930377424671,0.26063829787234044
1058,0.5247492105899529,0.01631029268111073,0.10015041548183029,0.2702127659574468
1059,0.5962697594559881,0.012764576880869268,0.10109970851957276,0.2590425531914894
1060,0.6233982435086222,0.012764576880869268,0.10062506200070152,0.2611702127659574
1061,0.6062937740912722,0.014182863200965854,0.10109970851957276,0.251063829787234
1062,0.5466270203098191,0.023756295861617805,0.10584617370828509,0.27925531914893614
1063,0.41185971243544367,0.024465439021666098,0.12767991357636183,0.27606382978723404
1064,0.25139592259918914,0.022692581121545367,0.1552094116708934,0.2712765957446808
1065,0.07955567170860414,0.02411086744164195,0.17989103065219753,0.28936170212765955
1066,0.0,0.023047152701569512,0.2558344736715949,0.29627659574468085
1067,0.0,0.02340172428159366,0.2643781110112771,0.3069148936170213
1068,0.0,0.02056515164140049,0.23637396639787434,0.30159574468085104
1069,0.0,0.019146865321303903,0.19318113318059207,0.29521276595744683
1070,0.0,0.018083150581231465,0.15615870470863585,0.274468085106383
1071,0.0,0.015246577941038293,0.13479961135943033,0.2765957446808511
1072,0.0,0.014892006361014147,0.11771233668006593,0.2601063829787234
1073,0.0,0.01631029268111073,0.14049536958588515,0.2670212765957447
1074,0.0,0.02021058006137634,0.12483203446313443,0.26276595744680853
1075,0.0,0.019856008481352196,0.12056021579329333,0.26170212765957446
1076,0.0,0.019146865321303903,0.10774475978377003,0.2648936170212766
1077,0.0,0.01666486426113488,0.10204900155731522,0.3021276595744681
1078,0.0005568897019602291,0.01453743478099,0.10157435503844399,0.4026595744680851
1079,0.04494895451536134,0.014182863200965854,0.10157435503844399,0.40106382978723404
1080,0.1843304913488358,0.012410005300845121,0.11581375060458099,0.3973404255319149
1081,0.34662406163438825,0.01170086214079683,0.11581375060458099,0.39680851063829786
1082,0.47144691054518817,0.014182863200965854,0.1086940528215125,0.3617021276595745
1083,0.5643679351008378,0.027656583241883415,0.11438981104796729,0.2946808510638298
1084,0.5928488655725181,0.04999459278340464,0.12103486231216457,0.2632978723404255
1085,0.5580034813641495,0.08084232024550536,0.1272052670574906,0.28617021276595744
1086,0.49404072131043175,0.07552374654514317,0.12957849965184676,0.3898936170212766
1087,0.3509200679066529,0.05212202226354951,0.14191930914249884,0.40106382978723404
1088,0.19634339777683504,0.025883725341762684,0.2045726496335017,0.4409574468085106
1089,0.0650765394576382,0.01843772216125561,0.23969649202997295,0.45691489361702126
1090,0.0,0.01631029268111073,0.27339639486983053,0.4797872340425532
1091,0.0,0.02056515164140049,0.2843132648038689,0.4702127659574468
1092,0.0,0.07339631706499829,0.2809907391717703,0.41702127659574467
1093,0.0,0.26167382605782,0.2624795249357922,0.43936170212765957
1094,0.0,0.5247659384357366,0.2007754774825318,0.4015957446808511
1095,0.0,0.6676582851854675,0.16660092812380298,0.3723404255319149
1096,0.0,0.7410546022504658,0.1357489043971728,0.32127659574468087
1097,0.0,0.7648108981120837,0.1272052670574906,0.26276595744680853
1098,0.0,0.7548828938714076,0.13242637876507418,0.25585106382978723
1099,0.0,0.7460186043708039,0.1329010252839454,0.25957446808510637
1100,0.0,0.736445171710152,0.13527425787830158,0.24840425531914895
1101,0.0,0.7602014675717698,0.130053146170718,0.2845744680851064
1102,0.0003182226868344166,0.7644563265320595,0.13669819743491526,0.36436170212765956
1103,0.028162707784845867,0.758428609671649,0.12957849965184676,0.375
1104,0.11734461577019112,0.7541737507113593,0.18273890976542492,0.375
1105,0.25951060111346674,0.7449548896307314,0.1272052670574906,0.3819148936170213
1106,0.3970623574976433,0.7222623085091862,0.12673062053861936,0.38882978723404255
1107,0.4930860532499285,0.736445171710152,0.11913627623667963,0.32659574468085106
1108,0.5329434447759392,0.7527554643912627,0.1272052670574906,0.2654255319148936
1109,0.498814061612948,0.7609106107318181,0.12388274142539196,0.27925531914893614
1110,0.41886061154580084,0.7555920370314558,0.14714042085008242,0.34095744680851064
1111,0.3304742602775416,0.7360906001301278,0.17846709109558384,0.3930851063829787
1112,0.2051740773364901,0.7279354537895725,0.21833739868076746,0.43563829787234043
1113,0.062371646619545654,0.7080794453082202,0.3014005394832333,0.4324468085106383
1114,0.0,0.6669491420254193,0.41436641097458693,0.4632978723404255
1115,0.0,0.618018263982087,0.42291004831426915,0.4627659574468085
1116,0.0,0.5825611059796725,0.32987933061550734,0.45372340425531915
1117,0.0,0.5322119416162436,0.2800414461340278,0.43138297872340425
1118,0.0,0.48469934989300806,0.24349366418094284,0.42606382978723406
1119,0.0,0.45349705085088315,0.21501487304866881,0.38670212765957446
1120,0.0,0.4038570296475027,0.14524183477459748,0.3595744680851064
1121,0.0,0.4063390307076717,0.13385031832168787,0.2734042553191489
1122,0.0,0.37442758850549857,0.12910385313297554,0.275531914893617
1123,0.0,0.2992584135403795,0.12767991357636183,0.26648936170212767
1124,0.0,0.24890924917695073,0.1286292066141043,0.24308510638297873
1125,0.0,0.1712580731516627,0.12910385313297554,0.2675531914893617
1126,0.0005568897019602291,0.1499837783502139,0.15426011863315092,0.2611702127659574
1127,0.04168717197530857,0.14643806254997244,0.1499882999633098,0.27287234042553193
1128,0.17804559328385608,0.13580091514924805,0.14476718825572624,0.2734042553191489
1129,0.3397027181957397,0.12197262352830635,0.1343249648405591,0.26861702127659576
1130,0.4649233454650826,0.10140747188690585,0.12530668098200567,0.2712765957446808
1131,0.5416150129921771,0.12445462458847537,0.13479961135943033,0.24627659574468086
1132,0.5550599215109312,0.15849349627079343,0.11581375060458099,0.25638297872340426
1133,0.5247492105899529,0.15636606679064854,0.11249122497248236,0.2601063829787234
1134,0.45720644530934806,0.1386374877894412,0.1229334483876495,0.27287234042553193
1135,0.3527498483559508,0.10814433190736464,0.16612628160493176,0.2776595744680851
1136,0.21448209092639678,0.07375088864502244,0.2074205287467291,0.34095744680851064
1137,0.07064543647724049,0.04325773276294585,0.32323427935131005,0.36329787234042554
1138,0.002784448509801145,0.02907486956198,0.45708459767299797,0.3414893617021277
1139,0.0,0.018083150581231465,0.44189590906911846,0.30319148936170215
1140,0.0,0.007446003180507073,0.310893469860658,0.29202127659574467
1141,0.0,0.00390028738026561,0.21169234741657017,0.28882978723404257
1142,0.0,0.0035457158002414634,0.19413042621833454,0.2835106382978723
1143,0.0,0.002127429480144878,0.1423939556613701,0.2734042553191489
1144,0.0,0.001063714740072439,0.1243573879442632,0.2771276595744681
1145,0.0,0.0014182863200965855,0.12910385313297554,0.2835106382978723
1146,0.0,0.003191144220217317,0.13242637876507418,0.2872340425531915
1147,0.0,0.004254858960289756,0.1257813275008769,0.2803191489361702
1148,0.0,0.015955721101086586,0.1257813275008769,0.2765957446808511
1149,0.0,0.021628866381472926,0.12530668098200567,0.2765957446808511
1150,0.0011137794039204581,0.020919723221424633,0.1428686021802413,0.2824468085106383
1151,0.05242718765597013,0.017019435841159024,0.16327840249170436,0.2797872340425532
1152,0.19841184524125874,0.01347372004091756,0.2021994170391455,0.2696808510638298
1153,0.3736729900153137,0.009573432660651951,0.17989103065219753,0.2691489361702128
1154,0.5051785153496363,0.004609430540313902,0.14429254173685502,0.24414893617021277
1155,0.577812843619592,0.0017728579001207317,0.1395460765481427,0.24680851063829787
1156,0.6002475430414183,0.0017728579001207317,0.1428686021802413,0.24308510638297873
1157,0.5778923992913005,0.0024820010601690244,0.13812213699152898,0.2404255319148936
1158,0.5074060741574773,0.002836572640193171,0.1385967835104002,0.249468085106383
1159,0.3986534709318154,0.0060277168604104875,0.14049536958588515,0.27925531914893614
1160,0.2434403554283287,0.017728579001207317,0.16327840249170436,0.28085106382978725
1161,0.07820322528955788,0.02730201166185927,0.2691245761999895,0.2680851063829787
1162,0.0030231155249269576,0.038293730642607805,0.37971721509698686,0.3148936170212766
1163,0.0,0.06843231494466025,0.3711735777573047,0.29202127659574467
1164,0.0,0.07268717390495,0.2558344736715949,0.2734042553191489
1165,0.0,0.07587831812516732,0.25535982715272365,0.2702127659574468
1166,0.0,0.05814973912396,0.24634154329417024,0.2680851063829787
1167,0.0,0.1010529003068817,0.2306782081714195,0.25957446808510637
1168,0.0,0.15955721101086587,0.17561921198235642,0.2691489361702128
1169,0.0,0.1790586479121939,0.16612628160493176,0.274468085106383
1170,0.0,0.19678722691340123,0.16043052337847696,0.2765957446808511
1171,0.0,0.2226709522551639,0.14381789521798377,0.27872340425531916
1172,0.0,0.2148703774946327,0.13527425787830158,0.2898936170212766
1173,0.0,0.20387865851388415,0.13479961135943033,0.31329787234042555
1174,0.001670669105880687,0.1776403615920973,0.1357489043971728,0.3829787234042553
1175,0.07446410871925348,0.16629407103132463,0.13764749047265773,0.3792553191489362
1176,0.23095011497007784,0.1506929215102622,0.152361532557666,0.3840425531914894
1177,0.34996539984614966,0.12374548142842708,0.1385967835104002,0.3984042553191489
1178,0.437317527382197,0.1102717613875095,0.12483203446313443,0.3973404255319149
1179,0.45147843694632855,0.12232719510833048,0.1428686021802413,0.3292553191489362
1180,0.46707134860121496,0.1705489299916144,0.14761506736895363,0.27393617021276595
1181,0.475504249802327,0.24359067547658855,0.14666577433121117,0.31648936170212766
1182,0.4436024254471767,0.33613385786289074,0.14476718825572624,0.37340425531914895
1183,0.3548182958203745,0.3907378811866093,0.16185446293509065,0.3893617021276596
1184,0.2051740773364901,0.36166301162462927,0.25488518063385246,0.43936170212765957
1185,0.062292090947837046,0.27089268713844783,0.3944312571819951,0.4526595744680851
1186,0.004693784630807645,0.22657123963542952,0.4257579274274965,0.4521276595744681
1187,0.0,0.16771235735142123,0.32513286542679504,0.474468085106383
1188,0.0,0.1553023520505761,0.2710231622754744,0.45478723404255317
1189,0.0,0.16274835523108316,0.2302035616525483,0.43670212765957445
1190,0.0,0.10211661504695414,0.21548951956754006,0.37127659574468086
1191,0.0,0.09963461398678512,0.17846709109558384,0.34574468085106386
1192,0.0,0.11417204876777512,0.15805729078412079,0.32872340425531915
1193,0.0,0.07055974442480513,0.1329010252839454,0.27872340425531916
1194,0.0,0.04219401802287342,0.13337567180281665,0.2542553191489362
1195,0.0,0.011346290560772684,0.1286292066141043,0.2531914893617021
1196,0.0,0.005318573700362195,0.12625597401974814,0.2547872340425532
1197,0.0,0.017374007421183172,0.12673062053861936,0.2691489361702128
1198,0.0014320020907548747,0.019146865321303903,0.12625597401974814,0.35
1199,0.043437396752897865,0.01453743478099,0.1499882999633098,0.37872340425531914
1200,0.16738513327490312,0.013828291620941707,0.16992345375590162,0.3904255319148936
1201,0.32458714057110494,0.00390028738026561,0.15331082559540846,0.3797872340425532
1202,0.4412953109676272,0.0014182863200965855,0.16043052337847696,0.3797872340425532
1203,0.5253061002919132,0.006382288440434634,0.1623291094539619,0.376063829787234
1204,0.5677888289843078,0.04183944644284927,0.1428686021802413,0.24148936170212765
1205,0.5617425979344539,0.11771776456801658,0.12530668098200567,0.2776595744680851
1206,0.49714339250706735,0.17232178789173513,0.13242637876507418,0.36223404255319147
1207,0.3981761369015638,0.21664323539475341,0.15141223951992352,0.3893617021276596
1208,0.23993990587315012,0.23153524175576756,0.24206972462432913,0.4127659574468085
1209,0.08003300573885577,0.23543552913603316,0.2790921530962854,0.4207446808510638
1210,0.003102671196635562,0.22940781227562268,0.26770063664337573,0.4452127659574468
1211,0.0,0.21238837643446365,0.2501387154451401,0.44148936170212766
1212,0.0,0.19324151111315976,0.23969649202997295,0.45372340425531915
1213,0.0,0.20919723221424635,0.23115285469029076,0.4297872340425532
1214,0.0,0.24146324599644367,0.20884446830334277,0.39574468085106385
1215,0.0,0.259191824997651,0.2036233565957592,0.3946808510638298
1216,0.0,0.22976238385564682,0.15853193730299203,0.3377659574468085
1217,0.0,0.22586209647538122,0.1457164812934687,0.28829787234042553
1218,0.0,0.2457181049567334,0.14049536958588515,0.24308510638297873
1219,0.0,0.2524549649771922,0.1423939556613701,0.24414893617021277
1220,0.0,0.22196180909511562,0.15141223951992352,0.2473404255319149
1221,0.0,0.2159340922347051,0.152361532557666,0.3159574468085106
1222,0.0011933350756290623,0.19926922797357025,0.13907143002927144,0.38776595744680853
1223,0.05871208572094986,0.18579550793265268,0.13527425787830158,0.3851063829787234
1224,0.22737010974319066,0.15955721101086587,0.14144466262362762,0.4351063829787234
1225,0.39594857809372286,0.12977319828883757,0.12388274142539196,0.4106382978723404
1226,0.5107474123692386,0.11842690772806488,0.12056021579329333,0.39095744680851063
1227,0.5766195085439628,0.1432469183297551,0.12957849965184676,0.36861702127659574
1228,0.6140902299187154,0.1804769342322905,0.12388274142539196,0.2973404255319149
1229,0.5902235284061341,0.2364992438761056,0.1286292066141043,0.32872340425531915
1230,0.5226807631255292,0.2655741134380856,0.14714042085008242,0.3904255319148936
1231,0.3990512492903584,0.2960672693201622,0.16755022116154547,0.39361702127659576
1232,0.25060036588210305,0.2925215535199207,0.245866896775299,0.4271276595744681
1233,0.0768507788705116,0.360953868464581,0.40534812711603346,0.4196808510638298
1234,0.0032617825400527703,0.3978293127870922,0.37402145687053207,0.4702127659574468
1235,0.0,0.4882450656932495,0.2999765999266196,0.4765957446808511
1236,0.0,0.5346939426764127,0.2572584132282086,0.45851063829787236
1237,0.0,0.4581064813911971,0.22165992431286607,0.4425531914893617
1238,0.0,0.336843001022939,0.21169234741657017,0.40585106382978725
1239,0.0,0.22302552383518806,0.19033325406736468,0.40372340425531916
1240,0.0,0.15423863731050366,0.1357489043971728,0.3595744680851064
1241,0.0,0.10495318768714731,0.130053146170718,0.33351063829787236
1242,0.0,0.07375088864502244,0.12530668098200567,0.30106382978723406
1243,0.0,0.04857630646330805,0.12198415534990703,0.2797872340425532
1244,0.0,0.018083150581231465,0.12103486231216457,0.2845744680851064
1245,0.0,0.007091431600482927,0.12056021579329333,0.31329787234042555
1246,0.0012728907473376664,0.008509717920579512,0.1215095088310358,0.4
1247,0.055688970196022904,0.018792293741279758,0.1257813275008769,0.4015957446808511
1248,0.20636741241211917,0.11842690772806488,0.1428686021802413,0.4223404255319149
1249,0.3472605070080571,0.24607267653675757,0.1257813275008769,0.40372340425531916
1250,0.4274526240903301,0.38683759380634364,0.1215095088310358,0.3962765957446808
1251,0.4817095921955981,0.5027825004742396,0.12483203446313443,0.32340425531914896
1252,0.5039851802740073,0.569441957518779,0.12245880186877826,0.2654255319148936
1253,0.49865495026953083,0.6290099829628356,0.1357489043971728,0.2632978723404255
1254,0.4528308833653748,0.6531208504044775,0.1495136534444386,0.38882978723404255
1255,0.34455561416996455,0.6914145810470854,0.2207106312751236,0.4053191489361702
1256,0.20795852584629124,0.6974422979074959,0.3156399350493703,0.42659574468085104
1257,0.07724855722905463,0.6797137189062885,0.40534812711603346,0.41702127659574467
1258,0.0,0.680777433646361,0.398228429332965,0.44148936170212766
1259,0.0,0.6726222873058056,0.2871611439170963,0.42127659574468085
1260,0.0,0.6768771462660954,0.28526255784161136,0.4154255319148936
1261,0.0,0.6431928461638015,0.26532740404901956,0.4074468085106383
1262,0.0,0.6612759967450329,0.21976133823738114,0.3579787234042553
1263,0.0,0.7254534527294034,0.2202359847562524,0.3478723404255319
1264,0.0,0.753464607551311,0.1708727467936441,0.33191489361702126
1265,0.0,0.7662291844321802,0.16327840249170436,0.2601063829787234
1266,0.0,0.7520463212312144,0.13385031832168787,0.28404255319148936
1267,0.0,0.6985060126475683,0.12530668098200567,0.27925531914893614
1268,0.0,0.6704948578256608,0.12388274142539196,0.27393617021276595
1269,0.0,0.583979392299769,0.12483203446313443,0.30319148936170215
1270,0.0014320020907548747,0.491790781493491,0.1243573879442632,0.3718085106382979
1271,0.05393874541843361,0.5836248207197449,0.1257813275008769,0.36861702127659574
1272,0.19451361732753714,0.7187165927089446,0.13052779268958925,0.37127659574468086
1273,0.3430440564075011,0.7538191791313351,0.11296587149135359,0.37127659574468086
1274,0.46571890218216866,0.7502734633310937,0.11676304364232347,0.3962765957446808
1275,0.5588785937529441,0.7325448843298864,0.1243573879442632,0.2946808510638298
1276,0.5773355095893403,0.7662291844321802,0.14808971388782488,0.24574468085106382
1277,0.5560145895714343,0.7616197538918663,0.15046294648218106,0.2696808510638298
1278,0.49976872967345126,0.7619743254718905,0.14761506736895363,0.3606382978723404
1279,0.3853676737564785,0.7687111854923493,0.14808971388782488,0.3824468085106383
1280,0.23110922631349506,0.7765117602528805,0.24918942240739764,0.4425531914893617
1281,0.08560190275845807,0.7743843307727356,0.3711735777573047,0.44468085106382976
1282,0.0,0.7697749002324217,0.4214861087576554,0.4627659574468085
1283,0.0,0.763392611791987,0.35408630307794026,0.44627659574468087
1284,0.0,0.7417637454105142,0.2672259901245045,0.4154255319148936
1285,0.0,0.7304174548497415,0.2487147758885264,0.4021276595744681
1286,0.0,0.7353814569700795,0.2501387154451401,0.3930851063829787
1287,0.0,0.75594660861148,0.2230838638694798,0.36117021276595745
1288,0.0,0.7371543148702002,0.1779924445767126,0.32127659574468087
1289,0.0,0.6985060126475683,0.14144466262362762,0.27925531914893614
1290,0.0,0.7094977316283169,0.1371728439537865,0.3079787234042553
1291,0.0,0.7084340168882444,0.1343249648405591,0.2904255319148936
1292,0.0,0.7304174548497415,0.1329010252839454,0.2824468085106383
1293,0.0,0.7258080243094276,0.13195173224620294,0.27872340425531916
1294,0.0011933350756290623,0.6875142936668197,0.14191930914249884,0.2898936170212766
1295,0.04447162048510972,0.6162454060819663,0.1428686021802413,0.2978723404255319
1296,0.17764781492531306,0.5042007867943361,0.15853193730299203,0.2734042553191489
1297,0.35521607417891754,0.5279570826559539,0.1457164812934687,0.2797872340425532
1298,0.4757429168174528,0.6715585725657331,0.11913627623667963,0.2856382978723404
1299,0.5284883271602574,0.7470823191108763,0.1186616297178084,0.28138297872340423
1300,0.5329434447759392,0.7502734633310937,0.12483203446313443,0.2622340425531915
1301,0.5284087714885487,0.6889325799869164,0.12388274142539196,0.28085106382978725
1302,0.4470233193306467,0.6201456934622319,0.1286292066141043,0.2622340425531915
1303,0.3297582592321642,0.5921345386403244,0.14666577433121117,0.27925531914893614
1304,0.18051181910682282,0.6144725481818456,0.25630912019046614,0.28404255319148936
1305,0.05664363825652615,0.6123451187017007,0.34981448440809915,0.28404255319148936
1306,0.002545781494675333,0.6453202756439463,0.3730721638327896,0.3090425531914894
1307,0.0,0.6559574230446708,0.34554266573825804,0.33297872340425533
1308,0.0,0.6261734103226424,0.3156399350493703,0.3079787234042553
1309,0.0,0.5800791049195034,0.28288932524725524,0.29946808510638295
1310,0.0,0.5424945174369439,0.24396831069981406,0.2590425531914894
1311,0.0,0.5442673753370646,0.2273556825393209,0.2590425531914894
1312,0.0,0.6382288440434635,0.17419527242574273,0.25372340425531914
1313,0.0,0.6814865768064092,0.16707557464267422,0.29521276595744683
1314,0.0,0.6821957199664576,0.16137981641621943,0.2712765957446808
1315,0.0,0.6616305683250571,0.16849951419928794,0.300531914893617
1316,0.0,0.6634034262251778,0.16660092812380298,0.29095744680851066
1317,0.0,0.6942511536872785,0.16375304901057558,0.27606382978723404
1318,0.0011137794039204581,0.6985060126475683,0.14856436040669613,0.28617021276595744
1319,0.0440738421265667,0.6655308557053227,0.1343249648405591,0.2765957446808511
1320,0.17223802924912798,0.6322011271830529,0.1371728439537865,0.25851063829787235
1321,0.33278137475709113,0.6818411483864334,0.11486445756683852,0.19042553191489361
1322,0.44081797693737557,0.7055974442480513,0.11249122497248236,0.26276595744680853
1323,0.48680115518494876,0.7460186043708039,0.11344051801022483,0.2622340425531915
1324,0.46921935173734725,0.7573648949315765,0.1286292066141043,0.23138297872340424
1325,0.41798549915700617,0.75594660861148,0.1385967835104002,0.23191489361702128
1326,0.3507609565632357,0.7531100359712868,0.1357489043971728,0.2170212765957447
1327,0.28083152113137266,0.7545283222913834,0.13669819743491526,0.24574468085106382
1328,0.168817135365658,0.7424728885705625,0.20267406355801673,0.23829787234042554
1329,0.052029409297427116,0.7233260232492585,0.3445933727005156,0.26276595744680853
1330,0.002148003136132312,0.7261625958894518,0.36215529389875123,0.28297872340425534
1331,0.0,0.7378634580302486,0.296654074294521,0.28191489361702127
1332,0.0,0.7446003180507074,0.2510880084828826,0.2723404255319149
1333,0.0,0.7467277475308522,0.22213457083173732,0.2675531914893617
1334,0.0,0.7417637454105142,0.21169234741657017,0.2776595744680851
1335,0.0,0.7272263106295241,0.20647123570898662,0.24680851063829787
1336,0.0,0.7279354537895725,0.16280375597283311,0.25
1337,0.0,0.7314811695898139,0.14476718825572624,0.25638297872340426
1338,0.0,0.7070157305681478,0.16707557464267422,0.26861702127659576
1339,0.0,0.6800682904863127,0.1765685050200989,0.249468085106383
1340,0.0,0.7091431600482927,0.14476718825572624,0.23085106382978723
1341,0.0,0.7279354537895725,0.13147708572733172,0.2648936170212766
1342,7.955567170860415e-05,0.733963170649983,0.12767991357636183,0.3537234042553192
1343,0.027685373754594244,0.7211985937691137,0.15900658382186325,0.3617021276595745
1344,0.08950013067217967,0.680777433646361,0.16612628160493176,0.3952127659574468
1345,0.18361449030345836,0.6860960073467232,0.14191930914249884,0.3595744680851064
1346,0.30573244637616576,0.7020517284478097,0.09825182940634536,0.3414893617021277
1347,0.4050974803402123,0.6790045757462403,0.10916869934038373,0.3404255319148936
1348,0.38154900151446547,0.7208440221890895,0.11628839712345224,0.3202127659574468
1349,0.3304742602775416,0.6829048631265059,0.11581375060458099,0.3159574468085106
1350,0.2893439780041933,0.6768771462660954,0.1286292066141043,0.3707446808510638
1351,0.20978830629558914,0.6651762841252985,0.18178961672768246,0.3904255319148936
1352,0.14033620489397772,0.673686002045878,0.2510880084828826,0.4297872340425532
1353,0.052904521686221756,0.6967331547474476,0.30329912555871824,0.4319148936170213
1354,0.0024662258229667285,0.7311265980097897,0.4067720666726472,0.43670212765957445
1355,0.0,0.7357360285501037,0.4096199457858746,0.4308510638297872
1356,0.0,0.7307720264297656,0.3336765027664772,0.39574468085106385
1357,0.0,0.7477914622709246,0.2871611439170963,0.42021276595744683
1358,0.0,0.7460186043708039,0.27529498094531546,0.3829787234042553
1359,0.0,0.7378634580302486,0.17704315153897013,0.3452127659574468
1360,0.0,0.7552374654514317,0.1457164812934687,0.324468085106383
1361,0.0,0.7424728885705625,0.14334324869911255,0.2611702127659574
1362,0.0,0.714816305328679,0.1385967835104002,0.25585106382978723
1363,0.0,0.7091431600482927,0.13147708572733172,0.23404255319148937
1364,0.0,0.7243897379893309,0.13147708572733172,0.2271276595744681
1365,0.0,0.7325448843298864,0.13100243920846047,0.25585106382978723
1366,0.0009546680605032498,0.7435366033106349,0.1286292066141043,0.32659574468085106
1367,0.023309811810621014,0.7446003180507074,0.15188688603879474,0.37872340425531914
1368,0.06865654468452538,0.7467277475308522,0.17134739331251533,0.3851063829787234
1369,0.10859349188224467,0.7573648949315765,0.15710799774637832,0.3473404255319149
1370,0.17939803970290236,0.7403454590904176,0.15426011863315092,0.3601063829787234
1371,0.24582702557958683,0.7357360285501037,0.15615870470863585,0.3473404255319149
1372,0.31766579713245635,0.7052428726680271,0.1499882999633098,0.2904255319148936
1373,0.34590806058901086,0.6417745598437049,0.1200855692744221,0.33297872340425533
1374,0.3443965028265474,0.6361014145633186,0.1200855692744221,0.3707446808510638
1375,0.3004022163716893,0.6960240115873992,0.1243573879442632,0.4207446808510638
1376,0.18631938314155091,0.7190711642889688,0.19460507273720576,0.449468085106383
1377,0.07231610558312117,0.729353740109669,0.2624795249357922,0.46063829787234045
1378,0.0,0.7250988811493793,0.3835143872479567,0.524468085106383
1379,0.0,0.7052428726680271,0.38493832680457046,0.4909574468085106
1380,0.0,0.6655308557053227,0.32418357238905254,0.5042553191489362
1381,0.0,0.6431928461638015,0.31279205593614295,0.47127659574468084
1382,0.0,0.5772425322793102,0.28051609265289906,0.4728723404255319
1383,0.0,0.5634142406583685,0.2624795249357922,0.43351063829787234
1384,0.0,0.613054261861749,0.21596416608641128,0.3473404255319149
1385,0.0,0.5992259702408074,0.2045726496335017,0.2978723404255319
1386,0.0,0.5417853742768957,0.18416284932203864,0.2824468085106383
1387,0.0,0.5237022236956641,0.16660092812380298,0.28191489361702127
1388,0.0,0.5584502385380304,0.16185446293509065,0.3069148936170213
1389,0.0,0.5205110794754468,0.16375304901057558,0.3313829787234043
1390,0.0011933350756290623,0.38825588012644024,0.19887689140704687,0.2872340425531915
1391,0.038743612122090224,0.3879013085464161,0.1836882028031674,0.2675531914893617
1392,0.17502247775892912,0.3577627242443637,0.15141223951992352,0.28085106382978725
1393,0.3550569628355003,0.2372083870361539,0.10916869934038373,0.28191489361702127
1394,0.4886309356342467,0.1712580731516627,0.10537152718941385,0.27180851063829786
1395,0.5506843595669579,0.18898665215287,0.10774475978377003,0.2675531914893617
1396,0.5533096967333418,0.18544093635262854,0.11676304364232347,0.2675531914893617
1397,0.5120203031165763,0.21522494907465684,0.12673062053861936,0.28191489361702127
1398,0.4308735179738001,0.3279787115223354,0.1371728439537865,0.2946808510638298
1399,0.32951959221703836,0.3942835969868507,0.1357489043971728,0.2946808510638298
1400,0.19459317299924575,0.322305566241949,0.1865360819163948,0.3
1401,0.0824992315618225,0.37371844534545023,0.28858508347371004,0.2824468085106383
1402,0.004375561943973228,0.4850539214730322,0.32513286542679504,0.31436170212765957
1403,0.0,0.3481892915837117,0.2957047812567785,0.32872340425531915
1404,0.0,0.2425269607365161,0.24824012936965517,0.31648936170212766
1405,0.0,0.19075951005299074,0.21691345912415375,0.33297872340425533
1406,0.0,0.2318898133357917,0.19175719362397836,0.27872340425531916
1407,0.0,0.2187706648748983,0.2021994170391455,0.28882978723404257
1408,0.0,0.1276457688086927,0.20030083096366058,0.2978723404255319
1409,0.0,0.13083691302891,0.19033325406736468,0.3026595744680851
1410,0.0,0.16735778577139707,0.19318113318059207,0.30159574468085104
1411,0.0,0.20246037219378757,0.2007754774825318,0.2803191489361702
1412,0.0,0.22125266593506732,0.1979275983693044,0.27925531914893614
1413,0.0,0.18224979213241121,0.1936557796994633,0.30159574468085104
1414,0.0018297804492978954,0.12339090984840292,0.1893839610296222,0.41702127659574467
1415,0.05043829586325503,0.06772317178461196,0.18748537495413728,0.425
1416,0.15059888654438766,0.028365726401931707,0.20836982178447155,0.44680851063829785
1417,0.29833376890726554,0.004964002120338049,0.14808971388782488,0.40372340425531916
1418,0.45704733396593084,0.003191144220217317,0.11628839712345224,0.4148936170212766
1419,0.530158996266138,0.02694744008183512,0.10821940630264126,0.32553191489361705
1420,0.5628563773383743,0.04573973382311488,0.10632082022715632,0.24361702127659574
1421,0.5495705801630375,0.08367889288569853,0.10632082022715632,0.3351063829787234
1422,0.47614069517599583,0.2439452470566127,0.10157435503844399,0.39148936170212767
1423,0.3570458546282154,0.5432036605969922,0.12483203446313443,0.49361702127659574
1424,0.2093109722653375,0.6938965821072544,0.22545709646383597,0.5617021276595745
1425,0.0728729952850814,0.6719131441457573,0.30045124644549087,0.5308510638297872
1426,0.0051711186610592695,0.6254642671625942,0.3094695303040443,0.5367021276595745
1427,7.955567170860415e-05,0.5123559331348915,0.2909583160680662,0.5393617021276595
1428,0.0,0.39215616750670584,0.2995019534077484,0.5196808510638298
1429,0.0,0.46945277195196977,0.2724471018320881,0.48404255319148937
1430,0.0,0.4389596160698932,0.2586823527848223,0.49042553191489363
1431,0.0,0.4758350603924044,0.20172477052027427,0.45851063829787236
1432,0.0,0.6329102703431012,0.13669819743491526,0.39787234042553193
1433,0.0,0.7407000306704418,0.1257813275008769,0.30531914893617024
1434,0.0,0.7733206160326632,0.1243573879442632,0.30159574468085104
1435,0.0,0.7641017549520354,0.1229334483876495,0.2968085106382979
1436,0.0,0.7694203286523976,0.1229334483876495,0.2898936170212766
1437,0.0,0.7658746128521561,0.1229334483876495,0.3191489361702128
1438,0.0011137794039204581,0.7623288970519146,0.1286292066141043,0.42340425531914894
1439,0.0344476058498256,0.7541737507113593,0.1722966863502578,0.44840425531914896
1440,0.11383945568311099,0.7182145469072517,0.1454032904717271,0.4601063829787234
1441,0.20575369748894015,0.7198973363798554,0.13166812622521215,0.4829787234042553
1442,0.24679520104570257,0.7303306311099982,0.16008570742489825,0.46382978723404256
1443,0.21878398473985142,0.7276381679538323,0.16055933377822634,0.3904255319148936
1444,0.22799101405486655,0.7262919363757494,0.11461757750540051,0.2877659574468085
1445,0.2079384163094522,0.7310037468990397,0.11840658833202533,0.32393617021276594
1446,0.17735235282228326,0.7320134205826019,0.12598460998527494,0.474468085106383
1447,0.10603688846699645,0.7310037468990397,0.15298131212497673,0.500531914893617
1448,0.05204312333148391,0.7343693258442471,0.26523075786373673,0.500531914893617
1449,0.017477750564096547,0.7363886732113715,0.40779229021549523,0.5063829787234042
1450,0.002574847181317795,0.7330230942661641,0.425316465288635,0.525
1451,0.0,0.737061789000413,0.31827690943648407,0.5170212765957447
1452,0.0,0.737061789000413,0.2633362524504243,0.4930851063829787
1453,0.0,0.7390811363675374,0.23965493478401925,0.4845744680851064
1454,0.0,0.7400908100510996,0.2121846062909894,0.5143617021276595
1455,0.0,0.7384080205784959,0.20271207922442736,0.4930851063829787
1456,0.0,0.7313403047935604,0.16955823449146026,0.4031914893617021
1457,0.0,0.7138392942784821,0.16055933377822634,0.32340425531914896
1458,0.0,0.729320957426436,0.15298131212497673,0.32180851063829785
1459,0.0,0.7286478416373945,0.1454032904717271,0.3180851063829787
1460,0.0,0.7262919363757494,0.1373516424651494,0.28085106382978725
1461,0.0,0.7007135363921734,0.12882636810524356,0.2968085106382979
1462,0.0009363080659337436,0.6721061153579108,0.13024724716522787,0.2776595744680851
1463,0.012406081873622101,0.7118199469113577,0.13308900528519646,0.2670212765957447
1464,0.032068551258230715,0.6956651679743624,0.16292746554486684,0.31063829787234043
1465,0.06538551327103975,0.6943189363962794,0.18755603591792813,0.2898936170212766
1466,0.08582823937725982,0.6929727048181965,0.1425615323517585,0.2579787234042553
1467,0.11040632610802059,0.6808566206154499,0.12361647821863445,0.2547872340425532
1468,0.12858630772156746,0.6855684311387402,0.11556483021205671,0.25159574468085105
1469,0.10088719410436087,0.660326589049685,0.12219559915865014,0.28617021276595744
1470,0.12507515247431591,0.6138815996058233,0.12503735727861875,0.2478723404255319
1471,0.10986014640289257,0.6249880101250077,0.12693186269193116,0.2526595744680851
1472,0.06007976756408188,0.6243148943359662,0.19466043121784965,0.2845744680851064
1473,0.024109932697793896,0.6239783364414455,0.3736911927758719,0.2898936170212766
1474,0.0029649755421235213,0.6347481890661091,0.38789998337571496,0.27872340425531916
1475,0.0,0.6179202943400722,0.3566406440560603,0.28297872340425534
1476,0.0,0.5946977996181414,0.27991317481690786,0.2867021276595745
1477,0.0,0.5997461680359525,0.2496010882039094,0.30957446808510636
1478,0.0,0.6058042101373257,0.2552846044438466,0.26595744680851063
1479,0.0,0.5768602312085424,0.2557582307971747,0.2877659574468085
1480,0.0,0.5418582101783858,0.1780835088513661,0.29627659574468085
1481,0.0,0.554310852275653,0.1468241695317114,0.2776595744680851
1482,0.0,0.5899859890948511,0.1435087850584147,0.274468085106383
1483,0.0,0.6212858732852796,0.14208790599843038,0.2803191489361702
1484,0.0,0.6350847469606298,0.1411406532917742,0.27393617021276595
1485,0.0,0.5916687785674548,0.1406670269384461,0.2872340425531915
1486,0.0021847188205120684,0.5280593365030356,0.154402191184961,0.30372340425531913
1487,0.05750492038276408,0.4711810523290311,0.17429449802474128,0.30319148936170215
1488,0.20489541509516754,0.35742448398102217,0.14966592765168002,0.28617021276595744
1489,0.35681139879291746,0.2083293367083359,0.11556483021205671,0.30531914893617024
1490,0.4625361845712693,0.17198108410009635,0.11224944573876001,0.3170212765957447
1491,0.5138770768533029,0.22280132617272758,0.11035494032544761,0.29840425531914894
1492,0.5263611843990862,0.22448411564533124,0.107513182205479,0.2712765957446808
1493,0.5199630792818722,0.2100121261809396,0.1060923031454947,0.28085106382978725
1494,0.4692463923771278,0.2689097577220685,0.11224944573876001,0.2797872340425532
1495,0.36375568361525934,0.34699118925087935,0.1444560377650709,0.2946808510638298
1496,0.2223731656592641,0.36752122081664423,0.1870824095646,0.30851063829787234
1497,0.07693331275088926,0.4217070418344828,0.2855966910568451,0.28297872340425534
1498,0.005539822723441316,0.44560265234545515,0.3561670177027322,0.30957446808510636
1499,0.0,0.39410929448378246,0.36469229206263803,0.3069148936170213
1500,0.0,0.28270863139741864,0.3092780087232502,0.3159574468085106
1501,0.0,0.17265419988913783,0.27991317481690786,0.32393617021276594
1502,0.0,0.14000808412062637,0.24107581384400356,0.2872340425531915
1503,0.0,0.15515318937405953,0.20744834275770838,0.3021276595744681
1504,0.0,0.17097141041653413,0.19560768392450584,0.31436170212765957
1505,0.0,0.1743369893617415,0.17097911355144457,0.3170212765957447
1506,0.0,0.1760197788343452,0.15203405941832052,0.3122340425531915
1507,0.0,0.15515318937405953,0.1468241695317114,0.2702127659574468
1508,0.0,0.10702541045759421,0.1482450485916957,0.28936170212765955
1509,0.0,0.0599073052246911,0.15534944389161723,0.32393617021276594
1510,0.0029649755421235213,0.01615477893699535,0.1482450485916957,0.39787234042553193
1511,0.06187435802378822,0.011779526308225777,0.1454032904717271,0.4031914893617021
1512,0.18851002394132704,0.009760178941101358,0.1439824114117428,0.44042553191489364
1513,0.3305947729467726,0.05889763154112889,0.13308900528519646,0.3872340425531915
1514,0.43390076288812895,0.1521241683233729,0.1373516424651494,0.423936170212766
1515,0.47345977867382966,0.07168683153291687,0.13687801611182127,0.3659574468085106
1516,0.5059964839650273,0.050820242072631215,0.12077472009866583,0.2393617021276596
1517,0.5243325169228964,0.02793430524522113,0.13214175257854027,0.32978723404255317
1518,0.48048208916833274,0.012789199991787988,0.1506131803583362,0.4095744680851064
1519,0.37608373981672033,0.0030290210506866287,0.18802966227125623,0.425
1520,0.2270547059889328,0.03567513681919807,0.3168560303764998,0.48617021276595745
1521,0.07428043989741032,0.06394599995893993,0.38458459890241825,0.5127659574468085
1522,0.005227720034796735,0.03163644208494923,0.37274394006921574,0.5015957446808511
1523,0.00031210268864458117,0.02625151577261745,0.31448789860985926,0.45851063829787236
1524,0.0,0.01615477893699535,0.24581207737728458,0.4297872340425532
1525,0.0,0.0030290210506866287,0.19087142039122482,0.4085106382978723
1526,0.0,0.0010096736835622094,0.16624285001816355,0.39574468085106385
1527,0.0,0.000673115789041473,0.16292746554486684,0.3946808510638298
1528,0.0,0.000673115789041473,0.16624285001816355,0.3468085106382979
1529,0.0,0.01716445262055756,0.16624285001816355,0.29148936170212764
1530,0.0,0.017501010515078297,0.16103296013155444,0.2904255319148936
1531,0.0,0.021539705249327135,0.144929664118399,0.2781914893617021
1532,0.0,0.11846837887129925,0.1444560377650709,0.25957446808510637
1533,0.0,0.2557839998357597,0.1444560377650709,0.2803191489361702
1534,0.002418795836995504,0.35843415766458436,0.14019340058511798,0.3840425531914894
1535,0.06444920520510601,0.4785853260084873,0.13214175257854027,0.3893617021276596
1536,0.21371231604937696,0.5226744101907038,0.13261537893186837,0.44574468085106383
1537,0.3562652190877894,0.5650807049003166,0.12929999445857165,0.4127659574468085
1538,0.4322622237727449,0.586283852255123,0.12551098363194685,0.3872340425531915
1539,0.49842799376539615,0.5967171469852658,0.12503735727861875,0.3537234042553192
1540,0.49093752923792616,0.5983999364578695,0.12314285186530634,0.2675531914893617
1541,0.5002225842251025,0.6024386311921184,0.13829889517180557,0.26382978723404255
1542,0.4750983177892137,0.631046052226381,0.1435087850584147,0.3680851063829787
1543,0.3774101762434598,0.6263342417030906,0.17097911355144457,0.4207446808510638
1544,0.2334528111061467,0.6047945364537635,0.19229229945120913,0.45478723404255317
1545,0.0895734716409948,0.5681097259510032,0.2884384491768137,0.43563829787234043
1546,0.004213386296701846,0.5304152417646807,0.34622086428284204,0.47925531914893615
1547,7.802567216114529e-05,0.5246937575578282,0.3329593263896552,0.46808510638297873
1548,0.0,0.512241115460561,0.25670548350383093,0.48351063829787233
1549,0.0,0.5129142312496024,0.22686702324416053,0.44680851063829785
1550,0.0,0.3537223471412941,0.14587691682505521,0.40425531914893614
1551,0.0,0.00774083157397694,0.022734064959748862,
1552,0.0,0.00774083157397694,0.022734064959748862,
1553,0.0,0.00774083157397694,0.022734064959748862,
1554,0.0,0.00774083157397694,0.022734064959748862,
1555,0.0,0.00774083157397694,0.022734064959748862,
1556,0.0,0.00774083157397694,0.022734064959748862,
1557,0.0,0.00774083157397694,0.022734064959748862,
1558,0.0,0.00774083157397694,0.022734064959748862,
1559,0.0,0.00774083157397694,0.022734064959748862,
1560,0.03901283608057265,0.04173317892057132,0.04167911909287292,0.4074468085106383
1561,0.28362331830576315,0.34093314714950607,0.12077472009866583,0.3930851063829787
1562,0.3605566310566524,0.5206550628235793,0.10277691867219799,0.40691489361702127
1563,0.4044850844833772,0.5697925154236069,0.10088241325888558,0.34574468085106386
1564,0.43507114797054613,0.6263342417030906,0.11509120385872862,0.30638297872340425
1565,0.44950589732035806,0.5711387470016899,0.13166812622521215,0.28617021276595744
1566,0.40713795733685615,0.48935517863315087,0.1472977958850395,0.3904255319148936
1567,0.30195935126363227,0.6111891364496574,0.16576922366483546,0.41808510638297874
1568,0.16213734675085992,0.6976845153414868,0.24107581384400356,0.45
1569,0.06327882012268883,0.6970113995524453,0.3206450412031246,0.4553191489361702
1570,0.005227720034796735,0.6899436837675098,0.34148460074956105,0.46382978723404256
1571,0.0,0.6946554942908001,0.2936483390634228,0.4553191489361702
1572,0.0,0.6946554942908001,0.2472329564372689,0.425
1573,0.0,0.6953286100798416,0.2188153752375828,0.425531914893617
1574,0.0,0.7081178100716295,0.18660878321127192,0.4021276595744681
1575,0.0,0.7091274837551919,0.17334724531808507,0.37872340425531914
1576,0.0,0.7168683153291687,0.1757153770847256,0.35425531914893615
1577,0.0,0.7242725890086249,0.18755603591792813,0.2957446808510638
1578,0.0,0.7239360311141042,0.1525076857716486,0.2569148936170213
1579,0.0,0.7161951995401272,0.13971977423178988,0.2521276595744681
1580,0.0,0.7131661784894406,0.13498351069850886,0.25851063829787235
1581,0.0,0.710137157438754,0.13261537893186837,0.2712765957446808
1582,0.0010923594102560342,0.6862415469277817,0.13214175257854027,0.3925531914893617
1583,0.027230959584239708,0.6734523469359938,0.12266922551197824,0.39148936170212767
1584,0.07794764648898415,0.6862415469277817,0.12977362081189975,0.38457446808510637
1585,0.10369611830216209,0.708790925860671,0.12409010457196254,0.38776595744680853
1586,0.16549245065378917,0.7074446942825882,0.11651208291871293,0.3675531914893617
1587,0.22853719375999457,0.6980210732360075,0.11556483021205671,0.33297872340425533
1588,0.19256735889370657,0.6956651679743624,0.1051450504388385,0.2872340425531915
1589,0.11212289089556579,0.7121565048058784,0.11840658833202533,0.28617021276595744
1590,0.10775345325454165,0.7020597679702564,0.12124834645199394,0.32659574468085106
1591,0.10790950459886395,0.6673943048346205,0.13403625799185268,0.4074468085106383
1592,0.07989828829301278,0.6347481890661091,0.18613515685794382,0.44840425531914896
1593,0.024500061058599622,0.6663846311510583,0.23491867125073826,0.4622340425531915
1594,0.0035111552472515384,0.6704233258853071,0.3125933931965469,0.46808510638297873
1595,0.0,0.6428255785346068,0.2453384510239565,0.46117021276595743
1596,0.0,0.6357578627496713,0.1804516406180066,0.4675531914893617
1597,0.0,0.6111891364496574,0.154402191184961,0.43138297872340425
1598,0.0,0.6249880101250077,0.15108680671166433,0.4127659574468085
1599,0.0,0.6165740627619892,0.1387725215251337,0.4047872340425532
1600,0.0,0.6159009469729478,0.13782526881847748,0.3515957446808511
1601,0.0,0.6323922838044639,0.13545713705183698,0.27925531914893614
1602,0.0,0.6768179258812012,0.12882636810524356,0.27287234042553193
1603,0.0,0.6835490837716158,0.12929999445857165,0.27287234042553193
1604,0.0,0.6848953153496988,0.12835274175191547,0.2553191489361702
1605,0.0,0.6936458206072379,0.13024724716522787,0.2872340425531915
1606,0.002730898525640085,0.6929727048181965,0.1406670269384461,0.37127659574468086
1607,0.06000174189192073,0.6976845153414868,0.1468241695317114,0.3941489361702128
1608,0.1791469432819896,0.7175414311182102,0.14966592765168002,0.38882978723404255
1609,0.3155358182196716,0.7259553784812286,0.12409010457196254,0.3941489361702128
1610,0.4239134768515024,0.7333596521606849,0.11414395115207242,0.38776595744680853
1611,0.49842799376539615,0.7350424416332885,0.11319669844541622,0.3101063829787234
1612,0.5211334643642894,0.7249457047976664,0.11556483021205671,0.249468085106383
1613,0.48851873340093066,0.729320957426436,0.12929999445857165,0.2723404255319149
1614,0.42204086071963487,0.7326865363716434,0.13119449987188406,0.3351063829787234
1615,0.3384753658350483,0.7316768626880812,0.14587691682505521,0.4074468085106383
1616,0.20349095299626693,0.7279747258483531,0.22260438606420763,0.4819148936170213
1617,0.06811641179667983,0.7128296205949199,0.3661131711226223,0.48617021276595745
1618,0.006007976756408188,0.6818662942990121,0.34669449063617014,0.45851063829787236
1619,0.0005461797051280171,0.642489020640086,0.27517691128362687,0.47712765957446807
1620,0.0,0.6465277153743348,0.23491867125073826,0.46595744680851064
1621,0.0,0.6485470627414592,0.20934284817102078,0.45691489361702126
1622,0.0,0.6303729364373395,0.17666262979138178,0.399468085106383
1623,0.0,0.6196030838126759,0.16955823449146026,0.3797872340425532
1624,0.0,0.6273439153866528,0.1719263662581008,0.36914893617021277
1625,0.0,0.6434986943236481,0.1454032904717271,0.2712765957446808
1626,0.0,0.6512395258976251,0.13166812622521215,0.28297872340425534
1627,0.0,0.6286901469647358,0.13545713705183698,0.2872340425531915
1628,0.0,0.5499355996468834,0.13640438975849317,0.28404255319148936
1629,0.0,0.6583072416825606,0.13450988434518077,0.28297872340425534
1630,0.0020286674761897778,0.6774910416702425,0.1501395540050081,0.2824468085106383
1631,0.03433129575090393,0.6710964416743486,0.15724394930492963,0.29414893617021276
1632,0.09815629557872078,0.6421524627455653,0.2145527380576299,0.275531914893617
1633,0.16354180884976052,0.6142181575003441,0.12503735727861875,0.23563829787234042
1634,0.28034624007499503,0.6243148943359662,0.11461757750540051,0.2856382978723404
1635,0.23844645412446003,0.6431621364291275,0.12172197280532204,0.21861702127659574
1636,0.2821408305347014,0.6566244522099569,0.1084604349121352,0.21968085106382979
1637,0.25881115455851894,0.6785007153538047,0.1070395558521509,0.2590425531914894
1638,0.20044795178198227,0.6774910416702425,0.1094076876187914,0.2957446808510638
1639,0.1490290338277875,0.6408062311674823,0.1051450504388385,0.2271276595744681
1640,0.0877008555091273,0.6266707995976114,0.12077472009866583,0.24308510638297873
1641,0.04876604510071581,0.6384503259058372,0.22970878136412914,0.2691489361702128
1642,0.008582823937725982,0.6387868838003579,0.3016999870700005,0.2824468085106383
1643,0.00031210268864458117,0.629699820648298,0.2543373517371904,0.3021276595744681
1644,0.0,0.6347481890661091,0.19229229945120913,0.2803191489361702
1645,0.0,0.629699820648298,0.18992416768456863,0.26276595744680853
1646,0.0,0.6280170311756943,0.12456373092529065,0.24308510638297873
1647,0.0,0.6394599995893994,0.11414395115207242,0.2526595744680851
1648,0.0,0.6185934101291137,0.11177581938543191,0.2579787234042553
1649,0.0,0.5997461680359525,0.1108285666787757,0.24468085106382978
1650,0.0,0.5768602312085424,0.11130219303210381,0.2643617021276596
1651,0.0,0.5162798101948098,0.11224944573876001,0.2680851063829787
1652,0.0,0.491711083894796,0.12124834645199394,0.25372340425531914
1653,0.0,0.49474010494548265,0.13782526881847748,0.26648936170212767
1654,0.0010143337380948889,0.5142604628276853,0.15156043306499242,0.2675531914893617
1655,0.015371057415745622,0.46411333654409564,0.20650109005105216,0.2702127659574468
1656,0.0489220964450381,0.46613268391122004,0.154402191184961,0.2574468085106383
1657,0.09979483469410483,0.4873358312660265,0.1060923031454947,0.25957446808510637
1658,0.16541442498162803,0.5162798101948098,0.10372417137885419,0.23457446808510637
1659,0.22471393582409846,0.5007981470468559,0.09330439160563596,0.2148936170212766
1660,0.3025055309687603,0.5583495470099018,0.08572636995238633,0.20638297872340425
1661,0.34994513964273666,0.6121988101332198,0.07009670029255899,0.225531914893617
1662,0.3173304086793779,0.6246514522304869,0.08951538077901115,0.29202127659574467
1663,0.2768350848277435,0.6327288416989846,0.11509120385872862,0.26648936170212767
1664,0.17384119757503172,0.5553205259592152,0.1387725215251337,0.2765957446808511
1665,0.06164028100730478,0.5273862207139941,0.23112966042411343,0.2574468085106383
1666,0.004369437641024137,0.4873358312660265,0.3556933913494041,0.29521276595744683
1667,0.0,0.4193511365728377,0.34858899604948257,0.3
1668,0.0,0.34160626293854757,0.2453384510239565,0.300531914893617
1669,0.0,0.3207396734782619,0.19560768392450584,0.31063829787234043
1670,0.0,0.3456449576727964,0.14208790599843038,0.2797872340425532
1671,0.0,0.29751717875633105,0.11982746739200963,0.2872340425531915
1672,0.0,0.2423216840549303,0.1094076876187914,0.2877659574468085
1673,0.0,0.1457295683274789,0.1079868085588071,0.30372340425531913
1674,0.0,0.09625555783293065,0.09946153419890127,0.2675531914893617
1675,0.0,0.11072754729732232,0.09330439160563596,0.24414893617021277
1676,0.0,0.08279324205210117,0.09377801795896407,0.2526595744680851
1677,0.0,0.06899436837675098,0.09235713889897976,0.27287234042553193
1678,0.0005461797051280171,0.08918784204799517,0.09283076525230785,0.3569148936170213
1679,0.051652994970678184,0.10096736835622096,0.09614614972560456,0.3797872340425532
1680,0.16861347754023498,0.07067715784935466,0.11461757750540051,0.38138297872340426
1681,0.2801121630585116,0.0683212525877095,0.08667362265904253,0.39361702127659576
1682,0.2895532693900102,0.08716849468087075,0.07862197465246482,0.4106382978723404
1683,0.2862761911592421,0.09995769467265875,0.08619999630571444,0.3377659574468085
1684,0.2432060201262899,0.10063081046170022,0.09046263348566735,0.27074468085106385
1685,0.1698618882948133,0.11072754729732232,0.12645823633860304,0.30106382978723406
1686,0.13240956565746356,0.12250707360554809,0.15582307024494532,0.3718085106382979
1687,0.11508786643768931,0.11846837887129925,0.1771362561447099,0.4420212765957447
1688,0.09246042151095717,0.04846433681098606,0.23160328677744155,0.4409574468085106
1689,0.033551039029292476,0.09894802098909654,0.3002791080100162,0.4425531914893617
1690,0.0036672065915738287,0.0683212525877095,0.32632855744306183,0.4595744680851064
1691,0.0,0.04106006313152985,0.2472329564372689,0.47712765957446807
1692,0.0,0.03533857892467733,0.15156043306499242,0.46382978723404256
1693,0.0,0.04106006313152985,0.12503735727861875,0.44361702127659575
1694,0.0,0.0599073052246911,0.11698570927204102,0.40904255319148936
1695,0.0,0.0784179894233316,0.12598460998527494,0.42340425531914894
1696,0.0,0.18207782093571845,0.13166812622521215,0.35212765957446807
1697,0.0,0.32780738926319736,0.11982746739200963,0.29521276595744683
1698,0.0,0.45872841023176386,0.11224944573876001,0.28085106382978725
1699,0.0,0.4913745260002753,0.1094076876187914,0.29840425531914894
1700,0.0,0.5142604628276853,0.1079868085588071,0.28829787234042553
1701,0.0,0.5149335786167268,0.1079868085588071,0.3021276595744681
1702,0.004603514657507572,0.5068561891482292,0.11414395115207242,0.3861702127659574
1703,0.0877008555091273,0.5475796943852382,0.1506131803583362,0.41382978723404257
1704,0.27106118508781873,0.5697925154236069,0.15534944389161723,0.41117021276595744
1705,0.4492718203038746,0.5967171469852658,0.13356263163852458,0.4095744680851064
1706,0.5667784825785595,0.6394599995893994,0.11130219303210381,0.4074468085106383
1707,0.6469888735602167,0.6509029680031044,0.11698570927204102,0.3659574468085106
1708,0.6649347781572802,0.6589803574716021,0.09093625983899545,0.2851063829787234
1709,0.6441019236902544,0.6811931785099706,0.07767472194580861,0.3191489361702128
1710,0.5898740815382584,0.6785007153538047,0.1094076876187914,0.38563829787234044
1711,0.4704948031317061,0.6714329995688694,0.13261537893186837,0.48829787234042554
1712,0.30601668621601186,0.6593169153661228,0.13498351069850886,0.498936170212766
1713,0.12086176617761406,0.6236417785469247,0.2595472416237995,0.5196808510638298
1714,0.011469773807688358,0.5580129891153811,0.34479998522285776,0.5164893617021277
1715,0.0,0.4873358312660265,0.3045417451899691,0.5148936170212766
1716,0.0,0.48262402074273614,0.2884384491768137,0.5196808510638298
1717,0.0,0.4708444944345104,0.23823405572403497,0.48723404255319147
1718,0.0,0.4371887049824367,0.2169208698242704,0.4627659574468085
1719,0.0,0.42271671551804507,0.16198021283821065,0.425531914893617
1720,0.0,0.42305327341256577,0.1416142796451023,0.37446808510638296
1721,0.0,0.4287747576194183,0.1454032904717271,0.31542553191489364
1722,0.0,0.42574573656873166,0.13119449987188406,0.2936170212765957
1723,0.0,0.3893974839604921,0.12030109374533773,0.2824468085106383
1724,0.0,0.35944383134814656,0.11888021468535342,0.2569148936170213
1725,0.0,0.36920401028924793,0.11982746739200963,0.31648936170212766
1726,0.002730898525640085,0.3883878102769299,0.11367032479874431,0.4398936170212766
1727,0.0909779337398954,0.3412697050440268,0.1084604349121352,0.42925531914893617
1728,0.23852447979662117,0.31838376821661674,0.13450988434518077,0.44893617021276594
1729,0.3869293082471195,0.34194282083306826,0.09472527066562027,0.4452127659574468
1730,0.4952289412067892,0.3789641892303493,0.09330439160563596,0.425531914893617
1731,0.5329153408606223,0.37324270502349677,0.09472527066562027,0.3558510638297872
1732,0.5670125595950428,0.3624728523988332,0.09046263348566735,0.3074468085106383
1733,0.5617848395602462,0.3510298839851282,0.08051648006577722,0.32340425531914896
1734,0.5131748458038526,0.3217493471618241,0.10561867679216659,0.4218085106382979
1735,0.3742111236848528,0.36550187344951984,0.12645823633860304,0.475531914893617
1736,0.2205005495273966,0.4530069260249113,0.1851879041512876,0.49627659574468086
1737,0.07147151569960909,0.4277650839358561,0.3016999870700005,0.5037234042553191
1738,0.007646515871792239,0.4388714944550404,0.31164614048989064,0.5218085106382979
1739,0.0,0.4341596839317501,0.2623889997437681,0.49361702127659574
1740,0.0,0.3725695892344553,0.24154944019733166,0.5138297872340426
1741,0.0,0.30020964191249694,0.23112966042411343,0.46595744680851064
1742,0.0,0.32511492610703147,0.19229229945120913,0.4643617021276596
1743,0.0,0.35675136819198067,0.13498351069850886,0.44680851063829785
1744,0.0,0.3449718418837549,0.13356263163852458,0.425531914893617
1745,0.0,0.2847279787645431,0.12977362081189975,0.3047872340425532
1746,0.0,0.28338174718646014,0.1060923031454947,0.31968085106382976
1747,0.0,0.23996577879328512,0.10135603961221368,0.30851063829787234
1748,0.0,0.19621325250558938,0.09756702878558887,0.30425531914893617
1749,0.0,0.19284767356038202,0.09804065513891697,0.3202127659574468
1750,0.00265287285347894,0.1615477893699535,0.09851428149224507,0.4340425531914894
1751,0.0215350855164761,0.11005443150828084,0.1070395558521509,0.4377659574468085
1752,0.03994914414650639,0.0821201262630597,0.16292746554486684,0.4175531914893617
1753,0.06835048881316327,0.04509875786577869,0.1795043879113504,0.43829787234042555
1754,0.10884581266479769,0.032982673663032175,0.1790307615580223,0.42819148936170215
1755,0.21371231604937696,0.03702136839728101,0.11414395115207242,0.38563829787234044
1756,0.3951220038240398,0.03634825260823954,0.07104395299921519,0.2675531914893617
1757,0.5065426636701552,0.054522378912359316,0.06725494217259038,0.33617021276595743
1758,0.5027974314064203,0.07606208416168644,0.09330439160563596,0.46914893617021275
1759,0.38973823244492073,0.11712214729321631,0.12172197280532204,0.5122340425531915
1760,0.23868053114094345,0.1972229261891516,0.13166812622521215,0.5632978723404255
1761,0.08575021370509868,0.27059254719467213,0.27280877951698634,0.5569148936170213
1762,0.007646515871792239,0.2766505892960454,0.38316371984243397,0.5776595744680851
1763,0.00015605134432229058,0.2157336103877921,0.2960164708300633,0.5888297872340426
1764,0.0,0.17837568409599033,0.27328240587031444,0.5542553191489362
1765,0.0,0.16794238936584752,0.20650109005105216,0.5579787234042554
1766,0.0,0.15818221042474614,0.16671647637149167,0.5223404255319148
1767,0.0,0.17198108410009635,0.13593076340516508,0.5180851063829788
1768,0.0,0.1925111156658613,0.13166812622521215,0.46063829787234045
1769,0.0,0.1972229261891516,0.13593076340516508,0.3952127659574468
1770,0.0,0.17366387357270002,0.11035494032544761,0.3638297872340426
1771,0.0,0.17837568409599033,0.10656592949882279,0.3074468085106383
1772,0.0,0.2221282103836861,0.10088241325888558,0.31648936170212766
1773,0.0,0.23020559985218378,0.10040878690555748,0.37127659574468086
1774,0.005929951084247043,0.16760583147132677,0.10040878690555748,0.4728723404255319
1775,0.06694602671426267,0.10938131571923937,0.1060923031454947,0.5287234042553192
1776,0.19233328187722315,0.09760178941101359,0.12882636810524356,0.5367021276595745
1777,0.3224020773698524,0.08986095783703664,0.13782526881847748,0.5367021276595745
1778,0.42383545117934124,0.06293632627537772,0.11935384103868153,0.5026595744680851
1779,0.5084152798020227,0.16289402094803646,0.12030109374533773,0.43138297872340425
1780,0.5244885682672187,0.25309153667959383,0.08619999630571444,0.36223404255319147
1781,0.48609993756393516,0.3106429366426398,0.09519889701894836,0.3648936170212766
1782,0.3927812336592054,0.3345385471536121,0.09851428149224507,0.45053191489361705
1783,0.30297368500172717,0.30694079980291167,0.11935384103868153,0.4803191489361702
1784,0.192255256205062,0.3220859050563448,0.1425615323517585,0.5095744680851064
1785,0.07381228586444345,0.33218264189196695,0.24581207737728458,0.5074468085106383
1786,0.005383771379119025,0.2958343892837274,0.27612416399028306,0.5547872340425531
1787,0.00015605134432229058,0.23020559985218378,0.24770658279059699,0.5335106382978724
1788,0.0,0.18847242093161243,0.20508021099106788,0.5452127659574468
1789,0.0,0.17938535777955256,0.17050548719811648,0.4973404255319149
1790,0.0,0.16222090515899498,0.144929664118399,0.47393617021276596
1791,0.0,0.16659615778776457,0.11603845656538482,0.4648936170212766
1792,0.0,0.1585187683192669,0.11840658833202533,0.39574468085106385
1793,0.0,0.11779526308225778,0.11272307209208811,0.3191489361702128
1794,0.0,0.09524588414936844,0.11224944573876001,0.30531914893617024
1795,0.0,0.10635229466855274,0.1108285666787757,0.33085106382978724
1796,0.0,0.11039098940280158,0.14587691682505521,0.3271276595744681
1797,0.0,0.08649537889182927,0.15156043306499242,0.32074468085106383
1798,0.006398105117213914,0.0599073052246911,0.15345493847830483,0.33617021276595743
1799,0.07833777484978988,0.043415968393175006,0.14919230129835193,0.2978723404255319
1800,0.22658655195596594,0.04038694734248838,0.1416142796451023,0.3175531914893617
1801,0.3326234404229624,0.036684810502760276,0.11556483021205671,0.33085106382978724
1802,0.42867304285333224,0.022212821038368608,0.10372417137885419,0.28191489361702127
1803,0.5154375902965258,0.018510684198640506,0.09946153419890127,0.2851063829787234
1804,0.5510172968020081,0.030626768401387023,0.08572636995238633,0.2925531914893617
1805,0.5349440083368121,0.03904071576440543,0.08856812807235495,0.298936170212766
1806,0.4434979205639499,0.04711810523290311,0.09093625983899545,0.28882978723404257
1807,0.35766968118669,0.0461084315493409,0.1079868085588071,0.3047872340425532
1808,0.21730149696878964,0.038704157869884695,0.12219559915865014,0.3058510638297872
1809,0.07256387510986512,0.036684810502760276,0.2557582307971747,0.2957446808510638
1810,0.006944284822341931,0.02187626314384787,0.30596262424995346,0.326063829787234
1811,7.802567216114529e-05,0.009760178941101358,0.2974373498900476,0.30957446808510636
1812,0.0,0.004038694734248838,0.23681317666405066,0.34893617021276596
1813,0.0,0.0016827894726036826,0.20697471640438028,0.35904255319148937
1814,0.0,0.001346231578082946,0.15677032295160154,0.3670212765957447
1815,0.0,0.0010096736835622094,0.17334724531808507,0.32074468085106383
1816,0.0,0.0003365578945207365,0.16198021283821065,0.32872340425531915
1817,0.0,0.0003365578945207365,0.1525076857716486,0.31542553191489364
1818,0.0,0.0003365578945207365,0.14919230129835193,0.32180851063829785
1819,0.0,0.000673115789041473,0.13119449987188406,0.30851063829787234
1820,0.0,0.001346231578082946,0.12645823633860304,0.32872340425531915
1821,0.0,0.0010096736835622094,0.12693186269193116,0.31117021276595747
1822,0.008036644232597966,0.0016827894726036826,0.12314285186530634,0.3202127659574468
1823,0.08848111223073876,0.0016827894726036826,0.11414395115207242,0.2781914893617021
1824,0.24523468760247966,0.001346231578082946,0.10182966596554179,0.31542553191489364
1825,0.4008178778918034,0.0010096736835622094,0.08146373277243342,0.2925531914893617
1826,0.5134869484924972,0.002692463156165892,0.07956922735912102,0.31382978723404253
1827,0.5865189776353291,0.00572148420685252,0.07862197465246482,0.2797872340425532
1828,0.6050890876096817,0.01043329473014283,0.07956922735912102,0.28191489361702127
1829,0.5779361536976032,0.01144296841370504,0.08004285371244912,0.3101063829787234
1830,0.508571331146345,0.00774083157397694,0.08714724901237064,0.29414893617021276
1831,0.3874754879522475,0.01817412630411977,0.09472527066562027,0.2978723404255319
1832,0.23314070841750215,0.03163644208494923,0.12551098363194685,0.3382978723404255
1833,0.09238239583879602,0.04005038944796764,0.15392856483163292,0.30425531914893617
1834,0.007022310494503077,0.08346635784114265,0.2472329564372689,0.3228723404255319
1835,0.0002340770164834359,0.12688232623431767,0.3016999870700005,0.33617021276595743
1836,0.0,0.21438737880970915,0.2922274600034385,0.34361702127659577
1837,0.0,0.28068928403029425,0.2860703174101732,0.32872340425531915
1838,0.0,0.45704562075916016,0.15392856483163292,0.30106382978723406
1839,0.0,0.5448872312290723,0.16719010272481977,0.3058510638297872
1840,0.0,0.5899859890948511,0.16908460813813217,0.29627659574468085
1841,0.0,0.6145547153948648,0.15961208107157013,0.3069148936170213
1842,0.0,0.6081601153989709,0.16576922366483546,0.33085106382978724
1843,0.0,0.5923418943564962,0.12077472009866583,0.31436170212765957
1844,0.0,0.586283852255123,0.10372417137885419,0.3228723404255319
1845,0.0,0.6162375048674685,0.10277691867219799,0.34574468085106386
1846,0.003901283608057265,0.6236417785469247,0.09709340243226076,0.43882978723404253
1847,0.0397930928021841,0.6488836206359799,0.10230329231886988,0.46861702127659577
1848,0.10907988968128111,0.6798469469318877,0.13119449987188406,0.4601063829787234
1849,0.18265809852924114,0.6879243364003854,0.10372417137885419,0.4526595744680851
1850,0.3119466373002589,0.6458545995852933,0.08051648006577722,0.43882978723404253
1851,0.44334186921962754,0.6593169153661228,0.08146373277243342,0.4026595744680851
1852,0.488674784745253,0.697347957446966,0.08525274359905824,0.32340425531914896
1853,0.5063085866536718,0.706435020599026,0.08667362265904253,0.3271276595744681
1854,0.4787655243807875,0.7007135363921734,0.09235713889897976,0.41808510638297874
1855,0.38458853808228516,0.698694189025049,0.12598460998527494,0.45797872340425533
1856,0.23594963261530336,0.6535954311592703,0.1373516424651494,0.49042553191489363
1857,0.08660849609887128,0.6283535890702151,0.22497251783084812,0.4952127659574468
1858,0.011703850824171793,0.7138392942784821,0.34669449063617014,0.5015957446808511
1859,7.802567216114529e-05,0.7121565048058784,0.33769558992293625,0.5042553191489362
1860,0.0,0.6064773259263672,0.24581207737728458,0.5101063829787233
1861,0.0,0.49002829442219237,0.2140791117043018,0.4797872340425532
1862,0.0,0.2786699366631698,0.1799780142646785,0.4531914893617021
1863,0.0,0.19621325250558938,0.1444560377650709,0.423936170212766
1864,0.0,0.26487106298781965,0.12172197280532204,0.3537234042553192
1865,0.0,0.43281345235366714,0.11177581938543191,0.32180851063829785
1866,0.0,0.5644075891112751,0.1108285666787757,0.31117021276595747
1867,0.0,0.6014289575085562,0.10325054502552608,0.3127659574468085
1868,0.0,0.579889252259229,0.10088241325888558,0.2978723404255319
1869,0.0,0.5694559575290862,0.10040878690555748,0.3627659574468085
1870,0.003433129575090393,0.5526280628030493,0.09946153419890127,0.42127659574468085
1871,0.033473013357131334,0.5586861049044226,0.10372417137885419,0.4553191489361702
1872,0.08294128950729744,0.6044579785592428,0.12077472009866583,0.4526595744680851
1873,0.17384119757503172,0.6266707995976114,0.10656592949882279,0.449468085106383
1874,0.2852618574211472,0.6697502100962657,0.10040878690555748,0.4095744680851064
1875,0.44139122741559894,0.7185511048017724,0.09093625983899545,0.42127659574468085
1876,0.49483881284598347,0.7316768626880812,0.08051648006577722,0.2632978723404255
1877,0.5506271684412023,0.7242725890086249,0.08477911724573013,0.33351063829787236
1878,0.5248006709558632,0.7296575153209567,0.09851428149224507,0.4377659574468085
1879,0.41525262724161527,0.7367252311058922,0.1435087850584147,0.5159574468085106
1880,0.2625563868222539,0.7363886732113715,0.16719010272481977,0.5319148936170213
1881,0.10603688846699645,0.7296575153209567,0.3012263607166724,0.4909574468085106
1882,0.009987286036626597,0.721580125852459,0.37558569818918436,0.49840425531914895
1883,0.00031210268864458117,0.7249457047976664,0.3736911927758719,0.498936170212766
1884,0.0,0.7219166837469798,0.23776042937070685,0.5159574468085106
1885,0.0,0.6953286100798416,0.19276592580453722,0.500531914893617
1886,0.0,0.6882608942949061,0.15345493847830483,0.48351063829787233
1887,0.0,0.7067715784935467,0.13829889517180557,0.44840425531914896
1888,0.0,0.7077812521771089,0.12409010457196254,0.3882978723404255
1889,0.0,0.7098005995442332,0.11698570927204102,0.3393617021276596
1890,0.0,0.7182145469072517,0.11603845656538482,0.3404255319148936
1891,0.0,0.7252822626921872,0.11651208291871293,0.30957446808510636
1892,0.0,0.7246091469031457,0.1098813139721195,0.29521276595744683
1893,0.0,0.7202338942743761,0.1070395558521509,0.3382978723404255
1894,0.004603514657507572,0.7084543679661504,0.09756702878558887,0.44148936170212766
1895,0.0895734716409948,0.7047522311264223,0.10372417137885419,0.4526595744680851
1896,0.2317362463186015,0.7178779890127309,0.12266922551197824,0.44361702127659575
1897,0.3507253963643481,0.7182145469072517,0.10467142408551039,0.4648936170212766
1898,0.4821986539558779,0.7000404206031319,0.10277691867219799,0.425
1899,0.5603023517891843,0.721580125852459,0.10088241325888558,0.3627659574468085
1900,0.6001734702635296,0.7437929468908276,0.08193735912576153,0.26170212765957446
1901,0.5844903101591394,0.7491778732031594,0.09188351254565165,0.3058510638297872
1902,0.5233962088569626,0.7498509889922009,0.09993516055222938,0.423936170212766
1903,0.41478447320864836,0.7522068942538461,0.12551098363194685,0.45904255319148934
1904,0.2508525359980821,0.7511972205702838,0.1799780142646785,0.4930851063829787
1905,0.10158942515381117,0.7461488521524728,0.26807251598370535,0.4856382978723404
1906,0.009831234692304307,0.7158586416456065,0.34243185345621724,0.5138297872340426
1907,0.0,0.6825394100880536,0.3244340520297494,0.5382978723404256
1908,0.0,0.6751351364085975,0.27280877951698634,0.5223404255319148
1909,0.0,0.6445083680072105,0.2514955936172218,0.4930851063829787
1910,0.0,0.5660903785838788,0.1501395540050081,0.45372340425531915
1911,0.0,0.46074775759888825,0.1108285666787757,0.4430851063829787
1912,0.0,0.3685308945002065,0.10230329231886988,0.3861702127659574
1913,0.0,0.28607421034262603,0.1108285666787757,0.3101063829787234
1914,0.0,0.26790008403850624,0.10419779773218228,0.28936170212765955
1915,0.0,0.26251515772617445,0.09614614972560456,0.2702127659574468
1916,0.0,0.2719387787727551,0.09709340243226076,0.28404255319148936
1917,0.0,0.27900649455769055,0.09614614972560456,0.32393617021276594
1918,0.011859902168494085,0.2591495787809671,0.09567252337227647,0.44148936170212766
1919,0.09706393616846475,0.23760987353163998,0.09235713889897976,0.4734042553191489
1920,0.28260898456766825,0.22111853670012388,0.09898790784557317,0.47819148936170214
1921,0.4370217897745748,0.16928862094393046,0.08099010641910533,0.4430851063829787
1922,0.5475841672269177,0.10365983151238685,0.07862197465246482,0.43457446808510636
1923,0.6132037575144409,0.06091697890825331,0.08051648006577722,0.3723404255319149
1924,0.633178329587694,0.06091697890825331,0.09330439160563596,0.2574468085106383
1925,0.6074298577745161,0.04913745260002753,0.09330439160563596,0.3074468085106383
1926,0.5284678775474371,0.044425642076737215,0.09188351254565165,0.39095744680851063
1927,0.3860710258533469,0.04913745260002753,0.11224944573876001,0.4127659574468085
1928,0.23095598959699007,0.0525030315452349,0.12598460998527494,0.4776595744680851
1929,0.0844237772783592,0.04711810523290311,0.21123735358433318,0.49042553191489363
1930,0.007490464527469948,0.052839589439755634,0.3163824040231717,0.5042553191489362
1931,0.0005461797051280171,0.03735792629180175,0.26807251598370535,0.5234042553191489
1932,0.0,0.019520357882202716,0.20034394745778686,0.49042553191489363
1933,0.0,0.014135431569870934,0.1856615305046157,0.500531914893617
1934,0.0,0.021539705249327135,0.16766372907814786,0.43457446808510636
1935,0.0,0.024905284194534503,0.13072087351855596,0.42819148936170215
1936,0.0,0.03634825260823954,0.11982746739200963,0.38138297872340426
1937,0.0,0.025914957878096712,0.09425164431229216,0.29202127659574467
1938,0.0,0.01447198946439167,0.08904175442568305,0.2712765957446808
1939,0.0,0.005048368417811047,0.08856812807235495,0.275
1940,0.0,0.0016827894726036826,0.08430549089240204,0.2553191489361702
1941,0.0,0.0016827894726036826,0.08288461183241773,0.31329787234042555
1942,0.008660849609887127,0.003365578945207365,0.08430549089240204,0.4223404255319149
1943,0.06491735923807289,0.0016827894726036826,0.08762087536569874,0.4223404255319149
1944,0.15464688222338996,0.0010096736835622094,0.09614614972560456,0.44627659574468087
1945,0.2718414418094302,0.0010096736835622094,0.08762087536569874,0.43936170212765957
1946,0.42570806731120875,0.001346231578082946,0.0772010955924805,0.3824468085106383
1947,0.5338516489265561,0.009760178941101358,0.08051648006577722,0.3425531914893617
1948,0.5819154629778216,0.038704157869884695,0.09046263348566735,0.23882978723404255
1949,0.5936193138019934,0.07437929468908276,0.09283076525230785,0.30425531914893617
1950,0.5223038494467066,0.10466950519594906,0.09377801795896407,0.3468085106382979
1951,0.39488792680755636,0.10837164203567716,0.11272307209208811,0.3803191489361702
1952,0.24195760937171157,0.09389965257128548,0.1463505431783833,0.47925531914893615
1953,0.09511329436443611,0.08077389468497675,0.21313185899764558,0.4643617021276596
1954,0.0173997248919354,0.054522378912359316,0.33816921627626434,0.49361702127659574
1955,0.0,0.03163644208494923,0.3249076783830775,0.49840425531914895
1956,0.0,0.013798873675350197,0.23633955031072254,0.498936170212766
1957,0.0,0.005048368417811047,0.19844944204447446,0.4867021276595745
1958,0.0,0.002019347367124419,0.1416142796451023,0.43563829787234043
1959,0.0,0.002019347367124419,0.13356263163852458,0.4015957446808511
1960,0.0,0.000673115789041473,0.13261537893186837,0.33351063829787236
1961,0.0,0.000673115789041473,0.13261537893186837,0.2702127659574468
1962,0.0,0.000673115789041473,0.12645823633860304,0.2898936170212766
1963,0.0,0.001346231578082946,0.11130219303210381,0.2622340425531915
1964,0.0,0.01548166314795388,0.11130219303210381,0.2675531914893617
1965,0.0004681540329668718,0.015145105253433143,0.11035494032544761,0.275531914893617
1966,0.011235696791204923,0.02187626314384787,0.1098813139721195,0.25957446808510637
1967,0.09776616721791505,0.045435315760299425,0.10135603961221368,0.2877659574468085
1968,0.27035895403836846,0.10029425256717948,0.09756702878558887,0.29095744680851066
1969,0.4289851455419768,0.20126162092340044,0.08383186453907393,0.2946808510638298
1970,0.5295602369576932,0.31400851558784715,0.08856812807235495,0.30159574468085104
1971,0.5854266182250731,0.3624728523988332,0.0715175793525433,0.25638297872340426
1972,0.6131257318422797,0.4025232418468009,0.07388571111918381,0.26861702127659576
1973,0.5506271684412023,0.404879147108446,0.08383186453907393,0.24414893617021277
1974,0.5084152798020227,0.4489682312906625,0.09046263348566735,0.2654255319148936
1975,0.3809993571628725,0.4987787996797315,0.08809450171902684,0.22872340425531915
1976,0.2256502438900322,0.4139662102605059,0.1060923031454947,0.25851063829787235
1977,0.09464514033146924,0.32107623137278263,0.22781427595081674,0.2968085106382979
1978,0.013108312923072409,0.28506453665906384,0.2860703174101732,0.29627659574468085
1979,0.0007022310494503077,0.23390773669191187,0.257179109857159,0.2973404255319149
1980,0.0,0.18241437883023917,0.17524175073139747,0.3069148936170213
1981,0.0,0.16087467358091204,0.12977362081189975,0.2611702127659574
1982,0.0,0.1854433998809258,0.11603845656538482,0.2734042553191489
1983,0.0,0.16491336831516087,0.08951538077901115,0.2579787234042553
1984,0.0,0.12654576833979692,0.08951538077901115,0.2781914893617021
1985,0.0,0.10904475782471863,0.08904175442568305,0.2654255319148936
1986,0.0,0.08514914731374633,0.09046263348566735,0.32393617021276594
1987,0.0,0.07404273679456203,0.08951538077901115,0.2654255319148936
1988,0.0,0.05889763154112889,0.08904175442568305,0.27074468085106385
1989,0.0004681540329668718,0.056541726279483735,0.08856812807235495,0.25053191489361704
1990,0.015058954727101042,0.06529223153702288,0.10088241325888558,0.2702127659574468
1991,0.12047163781680834,0.05485893680688005,0.10419779773218228,0.27393617021276595
1992,0.28744657624165926,0.06394599995893993,0.10656592949882279,0.29627659574468085
1993,0.42438163088446923,0.08514914731374633,0.08809450171902684,0.2712765957446808
1994,0.5304185193514657,0.13428659991377387,0.07578021653249621,0.2542553191489362
1995,0.5937753651463157,0.17198108410009635,0.08051648006577722,0.2723404255319149
1996,0.6296671743404425,0.23087871564122525,0.08335823818574584,0.22659574468085106
1997,0.6054011902983263,0.2709291050891929,0.09804065513891697,0.2404255319148936
1998,0.5422784215199598,0.27698714719056616,0.11035494032544761,0.2526595744680851
1999,0.43132591570681117,0.23592708405903628,0.13403625799185268,0.2579787234042553
2000,0.2861201398149198,0.1440467788548752,0.12314285186530634,0.2478723404255319
2001,0.11727258525820138,0.09995769467265875,0.14208790599843038,0.2670212765957447
2002,0.01724367354761311,0.08716849468087075,0.2453384510239565,0.3074468085106383
2003,0.00031210268864458117,0.05586861049044226,0.2623889997437681,0.30638297872340425
2004,0.0,0.03331923155755291,0.24202306655065978,0.32180851063829785
2005,0.0,0.03432890524111512,0.19134504674455294,0.3122340425531915
2006,0.0,0.040723505237009114,0.1411406532917742,0.27180851063829786
2007,0.0,0.05822451575208742,0.12740548904525925,0.2702127659574468
2008,0.0,0.08279324205210117,0.11840658833202533,0.2957446808510638
2009,0.0,0.12452642097267251,0.11177581938543191,0.2968085106382979
2010,0.0,0.17871224199051108,0.08051648006577722,0.30159574468085104
2011,0.0,0.19520357882202719,0.08051648006577722,0.2712765957446808
2012,0.0,0.18948209461517465,0.08099010641910533,0.2404255319148936
2013,0.0002340770164834359,0.19789604197819308,0.08146373277243342,0.27180851063829786
2014,0.012250030529299811,0.25039907352342794,0.08383186453907393,0.3973404255319149
2015,0.09885852662817109,0.2608323682535708,0.08951538077901115,0.4218085106382979
2016,0.2549098709504617,0.26588073667138185,0.08904175442568305,0.4377659574468085
2017,0.3941076700859449,0.2591495787809671,0.07767472194580861,0.3930851063829787
2018,0.5177003347891991,0.2914591366549578,0.0715175793525433,0.399468085106383
2019,0.6023581890840417,0.3264611576851144,0.08762087536569874,0.3452127659574468
2020,0.6217085557800057,0.3257880418960729,0.09898790784557317,0.25957446808510637
2021,0.6032164714778143,0.34530839977827565,0.10230329231886988,0.3271276595744681
2022,0.5313548274173995,0.37155991555089307,0.08335823818574584,0.37659574468085105
2023,0.41377013947055347,0.34732774714540005,0.10182966596554179,0.3962765957446808
2024,0.2599815396409361,0.3170375366385338,0.13024724716522787,0.4329787234042553
2025,0.09745406452927047,0.3214127892673034,0.2813340538768922,0.4398936170212766
2026,0.017477750564096547,0.3345385471536121,0.313067019549875,0.4734042553191489
2027,0.00039012836080572644,0.32679771557963516,0.2491274618505813,0.4776595744680851
2028,0.0,0.30862358927551536,0.15819120201158585,0.4718085106382979
2029,0.0,0.29987308401797624,0.13687801611182127,0.42819148936170215
2030,0.0,0.25208186299603164,0.1463505431783833,0.4021276595744681
2031,0.0,0.2204454209110824,0.09519889701894836,0.376063829787234
2032,0.0,0.1972229261891516,0.09946153419890127,0.3271276595744681
2033,0.0,0.14236398938227154,0.12266922551197824,0.2473404255319149
2034,0.0,0.07336962100552055,0.10230329231886988,0.28882978723404257
2035,0.0,0.09255342099320253,0.10230329231886988,0.2547872340425532
2036,0.0,0.0683212525877095,0.09046263348566735,0.23191489361702128
2037,0.00039012836080572644,0.03567513681919807,0.08619999630571444,0.2824468085106383
2038,0.012328056201460956,0.03163644208494923,0.08572636995238633,0.3872340425531915
2039,0.08465785429484264,0.05519549470140079,0.08525274359905824,0.40372340425531916
2040,0.2055196204724567,0.07808143152881086,0.10419779773218228,0.40691489361702127
2041,0.3326234404229624,0.22246476827820683,0.08714724901237064,0.3840425531914894
2042,0.44724315282768484,0.4210339260454414,0.0696230739392309,0.40372340425531916
2043,0.5244105425950575,0.5250303154523489,0.07672746923915241,0.3478723404255319
2044,0.5771558969759918,0.592678452251017,0.09093625983899545,0.29946808510638295
2045,0.563345353003469,0.5987364943523903,0.08335823818574584,0.30851063829787234
2046,0.4875043996628358,0.6478739469524177,0.0762538428858243,0.40585106382978725
2047,0.3757716371280757,0.6673943048346205,0.09567252337227647,0.42021276595744683
2048,0.23571555559881993,0.6815297364044914,0.1084604349121352,0.45053191489361705
2049,0.08926136895235022,0.6811931785099706,0.20744834275770838,0.45904255319148934
2050,0.014980929054939897,0.6583072416825606,0.2628626260970962,0.4521276595744681
2051,0.0007022310494503077,0.6431621364291275,0.22781427595081674,0.4398936170212766
2052,0.0,0.5893128733058096,0.20934284817102078,0.4664893617021277
2053,0.0,0.5209916207181001,0.19608131027783393,0.4521276595744681
2054,0.0,0.5623882417441507,0.13640438975849317,0.425
2055,0.0,0.5920053364619755,0.09567252337227647,0.4117021276595745
2056,0.0,0.5983999364578695,0.09188351254565165,0.3425531914893617
2057,0.0,0.5778699048921045,0.09709340243226076,0.26595744680851063
2058,0.0,0.5842645048879985,0.09804065513891697,0.2680851063829787
2059,0.0,0.5899859890948511,0.09567252337227647,0.2712765957446808
2060,0.0,0.5842645048879985,0.09472527066562027,0.2553191489361702
2061,0.00031210268864458117,0.55296462069757,0.09519889701894836,0.2867021276595745
2062,0.010377414397432325,0.5344539364989296,0.09425164431229216,0.3861702127659574
2063,0.08395562324539234,0.5034906102030218,0.09661977607893267,0.4223404255319149
2064,0.19061671708967795,0.47791221021944585,0.11698570927204102,0.42446808510638295
2065,0.3033638133625329,0.4250726207796902,0.09851428149224507,0.425
2066,0.42305519445772977,0.39141683132761657,0.09093625983899545,0.41914893617021276
2067,0.5126286660987246,0.38031042080843225,0.09472527066562027,0.3446808510638298
2068,0.5685730730382658,0.3705502418673309,0.09093625983899545,0.28085106382978725
2069,0.5642816610694028,0.3607900629262295,0.1051450504388385,0.30851063829787234
2070,0.5035776881280317,0.3503567681960867,0.10656592949882279,0.40372340425531916
2071,0.37491335473430315,0.3587707155591051,0.12266922551197824,0.43563829787234043
2072,0.2297856045145729,0.3382406839933402,0.1472977958850395,0.47925531914893615
2073,0.09924865498897681,0.2961709471782481,0.23397141854408204,0.475531914893617
2074,0.011079645446882632,0.23087871564122525,0.32632855744306183,0.475531914893617
2075,0.0,0.1467392420110411,0.31401427225653117,0.47127659574468084
2076,0.0,0.07235994732195834,0.2154999907642861,0.44468085106382976
2077,0.0,0.021203147354806398,0.17145273990477267,0.43670212765957445
2078,0.0,0.004038694734248838,0.15771757565825772,0.4196808510638298
2079,0.0,0.002692463156165892,0.16103296013155444,0.425531914893617
2080,0.0,0.002692463156165892,0.1837670250913033,0.3627659574468085
2081,0.0,0.00572148420685252,0.18992416768456863,0.2771276595744681
2082,0.0,0.008750505257539148,0.144929664118399,0.2856382978723404
2083,0.0,0.01716445262055756,0.11888021468535342,0.2803191489361702
2084,0.0,0.025578399983575976,0.11603845656538482,0.2702127659574468
2085,0.00039012836080572644,0.040723505237009114,0.11224944573876001,0.3058510638297872
2086,0.013654492628200426,0.03937727365892617,0.11651208291871293,0.4047872340425532
2087,0.10962606938640913,0.03904071576440543,0.1525076857716486,0.41436170212765955
2088,0.24851176583324777,0.07505241047812423,0.16292746554486684,0.43670212765957445
2089,0.34003587927827117,0.16087467358091204,0.13545713705183698,0.41914893617021276
2090,0.3672668388625109,0.19015521040421612,0.12409010457196254,0.40585106382978725
2091,0.3824818449339342,0.11072754729732232,0.12124834645199394,0.3372340425531915
2092,0.41494052455297065,0.1437102209603545,0.10277691867219799,0.275
2093,0.3953560808405232,0.1420274314877508,0.1098813139721195,0.2824468085106383
2094,0.4115073949778803,0.14337366306583374,0.11888021468535342,0.37659574468085105
2095,0.3653161970584823,0.14135431569870932,0.1487186749450238,0.4425531914893617
2096,0.24866781717757006,0.2221282103836861,0.16624285001816355,0.4627659574468085
2097,0.1019795535146169,0.2907860208659163,0.26002086797712765,0.45
2098,0.012015953512816376,0.2544377682576768,0.35332525958276356,0.44680851063829785
2099,0.0006242053772891623,0.15044137885076922,0.2789659221102517,0.45691489361702126
2100,0.0,0.07909110521237307,0.1804516406180066,0.44574468085106383
2101,0.0,0.05519549470140079,0.1501395540050081,0.47925531914893615
2102,0.0,0.021539705249327135,0.12077472009866583,0.42872340425531913
2103,0.0,0.012116084202746515,0.11130219303210381,0.42446808510638295
2104,0.0,0.012452642097267251,0.11793296197869722,0.36329787234042554
2105,0.0,0.013125757886308724,0.11745933562536913,0.2867021276595745
2106,0.0,0.020530031565764925,0.12456373092529065,0.25957446808510637
2107,0.0,0.029617094717824814,0.13308900528519646,0.275531914893617
2108,0.0,0.039713831553446904,0.13356263163852458,0.26861702127659576
2109,0.00031210268864458117,0.037694484186322486,0.13640438975849317,0.2898936170212766
2110,0.011235696791204923,0.06293632627537772,0.12361647821863445,0.38670212765957446
2111,0.07381228586444345,0.11342001045348821,0.11556483021205671,0.42819148936170215
2112,0.16221537242302106,0.13765217885898123,0.11461757750540051,0.4425531914893617
2113,0.3035198647068552,0.10904475782471863,0.12124834645199394,0.42127659574468085
2114,0.3987892104156136,0.10164048414526243,0.12077472009866583,0.40904255319148936
2115,0.43070171032952204,0.11072754729732232,0.12077472009866583,0.36861702127659574
2116,0.45434348899434907,0.12856511570692133,0.10325054502552608,0.27872340425531916
2117,0.4601173887342738,0.1272188841288384,0.11319669844541622,0.3122340425531915
2118,0.42929724823062143,0.11745870518773704,0.12977362081189975,0.3803191489361702
2119,0.31670620330208876,0.10164048414526243,0.12598460998527494,0.4351063829787234
2120,0.1946740520420575,0.07168683153291687,0.15156043306499242,0.49361702127659574
2121,0.08575021370509868,0.035002021030156594,0.21313185899764558,0.4867021276595745
2122,0.01459080069413417,0.01716445262055756,0.30548899789662537,0.5026595744680851
2123,0.0,0.008413947363018412,0.26712526327704916,0.48617021276595745
2124,0.0,0.0060580421013732575,0.17239999261142888,0.48351063829787233
2125,0.0,0.0030290210506866287,0.16387471825152305,0.4702127659574468
2126,0.0,0.002692463156165892,0.15913845471824203,0.4553191489361702
2127,0.0,0.005048368417811047,0.1392461478784618,0.4601063829787234
2128,0.0,0.004038694734248838,0.11793296197869722,0.40797872340425534
2129,0.0,0.00774083157397694,0.11556483021205671,0.28882978723404257
2130,0.0,0.02692463156165892,0.11840658833202533,0.28085106382978725
2131,0.0,0.02524184208905524,0.13024724716522787,0.30531914893617024
2132,0.0,0.017501010515078297,0.13166812622521215,0.30159574468085104
2133,0.0002340770164834359,0.032982673663032175,0.13261537893186837,0.275
2134,0.004369437641024137,0.010096736835622094,0.1392461478784618,0.28297872340425534
2135,0.031834474241747276,0.002019347367124419,0.13593076340516508,0.28882978723404257
2136,0.1217980742435478,0.015145105253433143,0.12645823633860304,0.28617021276595744
2137,0.2607617963625476,0.008750505257539148,0.12929999445857165,0.28829787234042553
2138,0.4054994182214721,0.008750505257539148,0.10088241325888558,0.2691489361702128
2139,0.4890649131060587,0.042406294709612796,0.09709340243226076,0.30957446808510636
2140,0.5093515878679564,0.07875454731785234,0.09851428149224507,0.2781914893617021
2141,0.4987400964540407,0.07572552626716571,0.10467142408551039,0.2675531914893617
2142,0.4260201699998533,0.07572552626716571,0.12882636810524356,0.27872340425531916
2143,0.33964575091746546,0.06529223153702288,0.11367032479874431,0.29840425531914894
2144,0.21340021336073237,0.056541726279483735,0.11272307209208811,0.2978723404255319
2145,0.08832506088641648,0.07707175784524865,0.19987032110445876,0.29148936170212764
2146,0.012562133217944393,0.1013039262507417,0.31543515131651545,0.28829787234042553
2147,0.0002340770164834359,0.08649537889182927,0.2529164726772061,0.29202127659574467
2148,0.0,0.12048772623842367,0.20129120016444305,0.29148936170212764
2149,0.0,0.14337366306583374,0.17429449802474128,0.27287234042553193
2150,0.0,0.1568359788466632,0.15771757565825772,0.28138297872340423
2151,0.0,0.16289402094803646,0.13782526881847748,0.26648936170212767
2152,0.0,0.14337366306583374,0.13072087351855596,0.28191489361702127
2153,0.0,0.16794238936584752,0.12882636810524356,0.2723404255319149
2154,0.0,0.2305421577467045,0.12740548904525925,0.2670212765957447
2155,0.0,0.25881302088644637,0.11698570927204102,0.27287234042553193
2156,0.0,0.22010886301656168,0.11698570927204102,0.2771276595744681
2157,0.0002340770164834359,0.19419390513846496,0.11840658833202533,0.2765957446808511
2158,0.014356723677650734,0.2628517156206952,0.12172197280532204,0.275531914893617
2159,0.08418970026187578,0.2352539682699948,0.11272307209208811,0.27180851063829786
2160,0.23649581232043138,0.3204031155837411,0.11461757750540051,0.2702127659574468
2161,0.36991971171598986,0.49204764178931676,0.11698570927204102,0.28138297872340423
2162,0.3782684586372324,0.5967171469852658,0.11840658833202533,0.2904255319148936
2163,0.3782684586372324,0.6313826101209017,0.13214175257854027,0.26276595744680853
2164,0.4571524131921503,0.6290267048592565,0.11603845656538482,0.2393617021276596
2165,0.41798352576725534,0.6206127574962381,0.12835274175191547,0.2872340425531915
2166,0.35774770685885116,0.578543020681146,0.11651208291871293,0.26648936170212767
2167,0.292128116571328,0.5314249154482429,0.11319669844541622,0.24148936170212765
2168,0.18866607528564933,0.4812777891646532,0.1070395558521509,0.27925531914893614
2169,0.06007976756408188,0.4671423575947823,0.1060923031454947,0.2765957446808511
2170,0.008114669904759111,0.372906147128976,0.23018240771745724,0.274468085106383
2171,0.00031210268864458117,0.33420198925909134,0.219762627944239,0.27872340425531916
2172,0.0,0.3947824102728239,0.1738208716714132,0.28617021276595744
2173,0.0,0.3224224629508656,0.16908460813813217,0.27606382978723404
2174,0.0,0.12149739992198588,0.15487581753828913,0.27606382978723404
2175,0.0,0.1161124736096541,0.13640438975849317,0.2547872340425532
2176,0.0,0.07875454731785234,0.11935384103868153,0.2654255319148936
2177,0.0,0.06259976838085698,0.11888021468535342,0.28297872340425534
2178,0.0,0.027597747350700395,0.11651208291871293,0.29202127659574467
2179,0.0,0.018847242093161243,0.11603845656538482,0.2898936170212766
2180,0.0,0.05014712628358974,0.11130219303210381,0.2978723404255319
2181,0.0002340770164834359,0.05384926312331784,0.1079868085588071,0.31648936170212766
2182,0.004603514657507572,0.046444989443861634,0.09377801795896407,0.38776595744680853
2183,0.03003988378204094,0.0461084315493409,0.08904175442568305,0.3781914893617021
2184,0.11054500147575264,0.05717805679044276,0.1079868085588071,0.375
2185,0.27678678666783,0.03457277852445376,0.1051450504388385,0.35851063829787233
2186,0.4448799884931371,0.00864319463111344,0.1060923031454947,0.350531914893617
2187,0.5451650561264089,0.004654027878291852,0.09946153419890127,0.2936170212765957
2188,0.574016298660904,0.004654027878291852,0.08146373277243342,0.28617021276595744
2189,0.46902554708484023,0.00731347238017291,0.08525274359905824,0.2574468085106383
2190,0.41518018000174506,0.005318889003762117,0.09709340243226076,0.3393617021276596
2191,0.28843528298523313,0.004986458441026984,0.10040878690555748,0.39787234042553193
2192,0.16369608732138666,0.003656736190086455,0.11556483021205671,0.42659574468085104
2193,0.05423107888168465,0.007645902942908043,0.12030109374533773,0.4175531914893617
2194,0.010028506763327175,0.021940417140518732,0.17003186084478836,0.42340425531914894
2195,0.0,0.007978333505643176,0.23539229760406635,0.44361702127659575
2196,0.0,0.004986458441026984,0.1771362561447099,0.4122340425531915
2197,0.0,0.026262014456075452,0.13214175257854027,0.4106382978723404
2198,0.0,0.04188625090462667,0.10561867679216659,0.36223404255319147
2199,0.0,0.053521320600356304,0.107513182205479,0.37127659574468086
2200,0.0,0.05618076510223736,0.11414395115207242,0.326063829787234
2201,0.0,0.04088895921642127,0.12361647821863445,0.26063829787234044
2202,0.0,0.01296479194667016,0.09614614972560456,0.2478723404255319
2203,0.0,0.003656736190086455,0.09093625983899545,0.2579787234042553
2204,0.0,0.0016621528136756614,0.08667362265904253,0.25585106382978723
2205,0.0003085694388716054,0.002327013939145926,0.08667362265904253,0.2824468085106383
2206,0.0171256038573741,0.0006648611254702646,0.08667362265904253,0.3446808510638298
2207,0.1264363275776403,0.0016621528136756614,0.08856812807235495,0.35319148936170214
2208,0.31396940405185847,0.003656736190086455,0.1051450504388385,0.36542553191489363
2209,0.4282943811537883,0.01462694476034582,0.09472527066562027,0.3404255319148936
2210,0.5424650735362823,0.085434654622929,0.10467142408551039,0.3372340425531915
2211,0.6257016796718978,0.20909882396039822,0.09188351254565165,0.28297872340425534
2212,0.6555557728827257,0.3394116045525701,0.08525274359905824,0.2276595744680851
2213,0.6341101968811491,0.399581536407629,0.08714724901237064,0.2797872340425532
2214,0.5576621184007089,0.4939918162244066,0.09140988619232356,0.3452127659574468
2215,0.4451114155722908,0.5152673722394551,0.11840658833202533,0.3617021276595745
2216,0.2821867518480831,0.5046295942319309,0.1463505431783833,0.4175531914893617
2217,0.09812508156117052,0.5009728580418443,0.2202362542975671,0.3973404255319149
2218,0.016354180260195087,0.4856810521560283,0.3481153696961545,0.3904255319148936
2219,7.714235971790135e-05,0.4853486215932932,0.30596262424995346,0.3776595744680851
2220,0.0,0.49266209397346605,0.23302416583742586,0.3792553191489362
2221,0.0,0.46972438514474196,0.20318570557775545,0.4031914893617021
2222,0.0,0.41487334229344514,0.1439824114117428,0.349468085106383
2223,0.0,0.3896086195255751,0.13829889517180557,0.33085106382978724
2224,0.0,0.3500493825600943,0.15108680671166433,0.2946808510638298
2225,0.0,0.36999521632420224,0.1425615323517585,0.2574468085106383
2226,0.0,0.4155382034189154,0.11272307209208811,0.2276595744680851
2227,0.0,0.42783813424011524,0.09851428149224507,0.2680851063829787
2228,0.0,0.40689500878780194,0.09946153419890127,0.26861702127659576
2229,0.00038571179858950676,0.3640114661949699,0.09804065513891697,0.26276595744680853
2230,0.020365582965525958,0.3862843138982237,0.09235713889897976,0.3090425531914894
2231,0.13615626490209587,0.43382188436934765,0.08809450171902684,0.32127659574468087
2232,0.3122722721380647,0.25264722767870057,0.20081757381111495,0.275531914893617
2233,0.4653227138183809,0.24566618586126276,0.12787911539858735,0.27606382978723404
2234,0.5652220696530632,0.2719282003173382,0.08051648006577722,0.27393617021276595
2235,0.6304845059744077,0.3314332710469269,0.07293845841252761,0.24361702127659574
2236,0.6486901028678325,0.4178652173580613,0.07293845841252761,0.2590425531914894
2237,0.6291730858592034,0.4467866763160178,0.0724648320591995,0.2845744680851064
2238,0.5643735036961662,0.4747108435857689,0.07672746923915241,0.29840425531914894
2239,0.45182280086774823,0.4580893154490123,0.08383186453907393,0.31436170212765957
2240,0.27053825553068006,0.45476500982166096,0.12409010457196254,0.3468085106382979
2241,0.12281063667089895,0.4291678564910558,0.215026364410958,0.3723404255319149
2242,0.026382687023522262,0.37132493857514276,0.33390657909631144,0.3425531914893617
2243,0.0,0.3074982705299974,0.2964900971833914,0.34574468085106386
2244,0.0,0.23004194941271155,0.1832933987379752,0.3446808510638298
2245,0.0,0.2170771574660414,0.1856615305046157,0.34308510638297873
2246,0.0,0.22705007434809535,0.144929664118399,0.3382978723404255
2247,0.0,0.17785035106329578,0.1435087850584147,0.3021276595744681
2248,0.0,0.17153417037132826,0.14019340058511798,0.25957446808510637
2249,0.0,0.18782326794534976,0.12882636810524356,0.20425531914893616
2250,0.0,0.14759916985439875,0.12645823633860304,0.1925531914893617
2251,0.0,0.11701555808276656,0.12598460998527494,0.21329787234042552
2252,0.0,0.09540757150498297,0.12030109374533773,0.20425531914893616
2253,0.0003085694388716054,0.07080770986258318,0.11272307209208811,0.21808510638297873
2254,0.01835988161286052,0.06016993185505894,0.1079868085588071,0.17819148936170212
2255,0.15490185831354591,0.02892145895795651,0.09519889701894836,0.16436170212765958
2256,0.3298607301537462,0.022605278265988998,0.09425164431229216,0.18351063829787234
2257,0.4748112240636828,0.015624236448551218,0.08762087536569874,0.21010638297872342
2258,0.5723191667471101,0.030916042334367302,0.08998900713233925,0.2175531914893617
2259,0.6172160201029288,0.054186181725826565,0.09661977607893267,0.21223404255319148
2260,0.6244674019164115,0.027259306144280848,0.09377801795896407,0.2170212765957447
2261,0.5804191145174897,0.10837236345165313,0.09140988619232356,0.22606382978723405
2262,0.5185509420237329,0.1389559752232853,0.09283076525230785,0.21436170212765956
2263,0.41487161056287347,0.19081514300996594,0.1108285666787757,0.2271276595744681
2264,0.2554954953856893,0.1595666701128635,0.1444560377650709,0.1925531914893617
2265,0.09905078987778533,0.1469343087289285,0.1761890034380537,0.18829787234042553
2266,0.015505614303298172,0.07778875168002096,0.37227031371588765,0.21117021276595746
2267,7.714235971790135e-05,0.027591736707015983,0.2912802072967823,0.20638297872340425
2268,0.0,0.0947427103795127,0.20034394745778686,0.20212765957446807
2269,0.0,0.2705984780663977,0.16055933377822634,0.20159574468085106
2270,0.0,0.5634698038360493,0.12693186269193116,0.19574468085106383
2271,0.0,0.6326153608849567,0.11603845656538482,0.1829787234042553
2272,0.0,0.4404704956240503,0.10040878690555748,0.21382978723404256
2273,0.0,0.19580160145099293,0.09851428149224507,0.21648936170212765
2274,0.0,0.054186181725826565,0.09709340243226076,0.1925531914893617
2275,0.0,0.028256597832486244,0.11035494032544761,0.1973404255319149
2276,0.0,0.02493229220513492,0.12929999445857165,0.1925531914893617
2277,0.00038571179858950676,0.08344007124651821,0.11414395115207242,0.21382978723404256
2278,0.02414555859170312,0.19912590707834424,0.11035494032544761,0.22393617021276596
2279,0.12805631713171625,0.3374170211761593,0.09804065513891697,0.2297872340425532
2280,0.25873547449384116,0.3487196603091538,0.08809450171902684,0.2398936170212766
2281,0.3756832918261796,0.3816302860199319,0.0734120847658557,0.2622340425531915
2282,0.45375135986069576,0.35370611875018076,0.07009670029255899,0.24574468085106382
2283,0.5521850108607379,0.371989799700613,0.0705703266458871,0.2074468085106383
2284,0.5735534445025965,0.43814348168490436,0.06914944758590279,0.17659574468085107
2285,0.5033538971593063,0.5844129292883626,0.06914944758590279,0.21595744680851064
2286,0.4544456410981568,0.5887345266039193,0.0686758212325747,0.24202127659574468
2287,0.33572354949230665,0.6136668188090543,0.0705703266458871,0.29627659574468085
2288,0.1835988161286052,0.6259667496302541,0.11414395115207242,0.2734042553191489
2289,0.06364244676726862,0.5943858461704166,0.15582307024494532,0.2877659574468085
2290,0.012111350475710513,0.5398672338818549,0.27138790045700206,0.3074468085106383
2291,7.714235971790135e-05,0.4477839680042232,0.29980548165668813,0.3175531914893617
2292,0.0,0.35669799381479694,0.24770658279059699,0.31436170212765957
2293,0.0,0.3420710490544511,0.16529559731150736,0.2712765957446808
2294,0.0,0.37398438307702386,0.1501395540050081,0.2547872340425532
2295,0.0,0.3706600774496725,0.1387725215251337,0.23351063829787233
2296,0.0,0.3852870222100183,0.13593076340516508,0.21117021276595746
2297,0.0,0.39492750852933717,0.12740548904525925,0.21063829787234042
2298,0.0,0.35337368818744563,0.13024724716522787,0.22393617021276596
2299,0.0,0.29453347858332724,0.14966592765168002,0.26648936170212767
2300,0.0,0.1964664625764632,0.11651208291871293,0.21436170212765956
2301,0.00038571179858950676,0.1605639618010689,0.1098813139721195,0.2026595744680851
2302,0.007097097094046924,0.17851521218876604,0.11651208291871293,0.20957446808510638
2303,0.08200232838012914,0.2559715333060519,0.09188351254565165,0.17925531914893617
2304,0.24176415535590284,0.1894854207590254,0.0762538428858243,0.19574468085106383
2305,0.41633731539751356,0.1718666009340634,0.0762538428858243,0.2154255319148936
2306,0.5170080948293748,0.28688757564041917,0.0772010955924805,0.19787234042553192
2307,0.5443164901695119,0.3766438275789049,0.09283076525230785,0.16170212765957448
2308,0.48175403643829395,0.3573628549402672,0.12693186269193116,0.1819148936170213
2309,0.4286800929523778,0.3354224377997485,0.15203405941832052,0.20638297872340425
2310,0.3337178481396412,0.3217927847276081,0.11177581938543191,0.1675531914893617
2311,0.26467543619211953,0.3197982013511973,0.1060923031454947,0.20053191489361702
2312,0.17904741690524903,0.29885507589888394,0.10135603961221368,0.17393617021276594
2313,0.07027668970300813,0.22970951884997642,0.13593076340516508,0.20106382978723406
2314,0.015119902504708665,0.20943125452313335,0.26712526327704916,0.18563829787234043
2315,0.0,0.21142583789954414,0.257179109857159,0.21170212765957447
2316,0.0,0.211093407336809,0.24628570373061268,0.20691489361702128
2317,0.0,0.26328500568622476,0.18992416768456863,0.21010638297872342
2318,0.0,0.28023896438571655,0.1463505431783833,0.21914893617021278
2319,0.0,0.26561201962537073,0.12077472009866583,0.21648936170212765
2320,0.0,0.24666347754946816,0.11556483021205671,0.21861702127659574
2321,0.0,0.24333917192211685,0.11461757750540051,0.22074468085106383
2322,0.0,0.2283797965990359,0.10656592949882279,0.26382978723404255
2323,0.0,0.1831692400670579,0.10182966596554179,0.24148936170212765
2324,0.0,0.14660187816619336,0.10088241325888558,0.23138297872340424
2325,0.00023142707915370405,0.13396951678225832,0.10088241325888558,0.23138297872340424
2326,0.004859968662227785,0.1502586143562798,0.10135603961221368,0.21808510638297873
2327,0.022216999598755588,0.2077691017094577,0.08430549089240204,0.2074468085106383
2328,0.15744755618423664,0.17751792050056064,0.0715175793525433,0.1920212765957447
2329,0.2715411062070128,0.14593701704072307,0.06488681040594987,0.17925531914893617
2330,0.40438024964123886,0.09873187713233429,0.05541428333938785,0.20851063829787234
2331,0.43570004768670684,0.12233444708652869,0.05351977792607545,0.225
2332,0.4847625884672921,0.2981902147734137,0.048783514392794436,0.21329787234042552
2333,0.44649997804721303,0.32578195148042965,0.047836261686138234,0.21010638297872342
2334,0.3671204898974925,0.34705750749547815,0.04452087721284152,0.20159574468085106
2335,0.2564212037023041,0.31647389572384593,0.08193735912576153,0.21595744680851064
2336,0.13978195580883723,0.28788486732862456,0.12030109374533773,0.22606382978723405
2337,0.1203420811599261,0.2832308394503327,0.12645823633860304,0.2276595744680851
2338,0.01604561082132348,0.24067972742023577,0.1761890034380537,0.26861702127659576
2339,0.004397114503920377,0.21175826846227927,0.24628570373061268,0.2925531914893617
2340,0.0,0.16289097574021483,0.31827690943648407,0.2936170212765957
2341,0.0,0.14261271141337176,0.23349779219075395,0.3
2342,0.0,0.1379586835350799,0.15629669659827344,0.324468085106383
2343,0.0,0.13762625297234476,0.1468241695317114,0.326063829787234
2344,0.0,0.12100472483558816,0.09283076525230785,0.3601063829787234
2345,0.0,0.10272104388515588,0.08904175442568305,0.3898936170212766
2346,0.0,0.09441027981677758,0.08809450171902684,0.39148936170212767
2347,0.0,0.09141840475216138,0.08762087536569874,0.3898936170212766
2348,0.0,0.08044819618190202,0.07956922735912102,0.35
2349,0.0,0.07911847393096148,0.07862197465246482,0.34361702127659577
2350,0.010568503281352485,0.06848069592343725,0.0719912057058714,0.3191489361702128
2351,0.05561964135660687,0.05784291791591302,0.0696230739392309,0.3228723404255319
2352,0.12435348386525698,0.03324305627351323,0.10230329231886988,0.33297872340425533
2353,0.20388725673441327,0.021940417140518732,0.11035494032544761,0.3122340425531915
2354,0.2715411062070128,0.026262014456075452,0.09851428149224507,0.3127659574468085
2355,0.3102665707853992,0.020943125452313336,0.09519889701894836,0.3021276595744681
2356,0.36565478506285237,0.01429451419761069,0.07104395299921519,0.3404255319148936
2357,0.4225858465346636,0.004654027878291852,0.057782415106028356,0.31117021276595747
2358,0.4545227834578748,0.014959375323080953,0.06583406311260608,0.40904255319148936
2359,0.3324835703841548,0.0771238905545507,0.10419779773218228,0.4122340425531915
2360,0.1944758888488293,0.07446444605266964,0.15534944389161723,0.44042553191489364
2361,0.1139392653033403,0.07246986267625884,0.23207691313076964,0.423936170212766
2362,0.01257420463401792,0.08111305730737228,0.23018240771745724,0.43351063829787234
2363,0.0,0.08510222406019387,0.20508021099106788,0.43670212765957445
2364,0.0,0.12100472483558816,0.14966592765168002,0.4053191489361702
2365,0.0,0.26095799174707884,0.10372417137885419,0.40585106382978725
2366,0.0,0.3909383417765156,0.09661977607893267,0.3946808510638298
2367,0.0,0.5195889695550118,0.09756702878558887,0.3079787234042553
2368,0.0,0.5967128601095625,0.08572636995238633,0.28936170212765955
2369,0.0,0.6422558472042756,0.07767472194580861,0.2547872340425532
2370,0.0,0.6661908477212052,0.07672746923915241,0.2601063829787234
2371,0.0,0.6751664729150537,0.07388571111918381,0.2648936170212766
2372,0.0,0.6804853619188158,0.0719912057058714,0.2643617021276596
2373,0.0003085694388716054,0.6851393897971076,0.0686758212325747,0.2702127659574468
2374,0.007328524173200629,0.6748340423523186,0.07009670029255899,0.2925531914893617
2375,0.08493373804940939,0.6641962643447943,0.08288461183241773,0.3276595744680851
2376,0.15251044516229098,0.6638638337820592,0.09377801795896407,0.3303191489361702
2377,0.2581954779758158,0.6705124450367619,0.09661977607893267,0.3382978723404255
2378,0.29560952243899796,0.6824799452952266,0.09567252337227647,0.33297872340425533
2379,0.297152369633356,0.6954447372418968,0.12172197280532204,0.33404255319148934
2380,0.3609491011200604,0.6877988342989887,0.08809450171902684,0.2872340425531915
2381,0.3757604341858975,0.6981041817437779,0.08904175442568305,0.27872340425531916
2382,0.377688993178845,0.7017609179338643,0.09425164431229216,0.324468085106383
2383,0.3239979108151857,0.7070798069376264,0.09567252337227647,0.3606382978723404
2384,0.13523055658548105,0.706082515249421,0.16624285001816355,0.373936170212766
2385,0.09789365448201681,0.70342307074754,0.210290100877677,0.3792553191489362
2386,0.01373134002978644,0.6927852927400158,0.23870768207736306,0.3941489361702128
2387,0.0,0.6858042509225779,0.19797581569114633,0.3930851063829787
2388,0.0,0.6824799452952266,0.17666262979138178,0.39095744680851063
2389,0.0,0.6522287640863296,0.15961208107157013,0.36117021276595745
2390,0.0,0.6163262633109353,0.15487581753828913,0.350531914893617
2391,0.0,0.5588157759577574,0.1387725215251337,0.31436170212765957
2392,0.0,0.45842174601174746,0.1430351587050866,0.2590425531914894
2393,0.0,0.4098868838524181,0.16150658648488256,0.2271276595744681
2394,0.0,0.3889437584001048,0.15866482836491394,0.22659574468085106
2395,0.0,0.40024639753309926,0.13593076340516508,0.21808510638297873
2396,0.0,0.4175327867953262,0.12456373092529065,0.1973404255319149
2397,0.0003085694388716054,0.3726546608260833,0.12551098363194685,0.22446808510638297
2398,0.01087707272022409,0.31015771503187844,0.12361647821863445,0.26170212765957446
2399,0.06472243980331924,0.2799065338229814,0.12503735727861875,0.30319148936170215
2400,0.17364745172499593,0.2885497284540948,0.13356263163852458,0.3191489361702128
2401,0.2702296860918084,0.29686049252247315,0.12456373092529065,0.3398936170212766
2402,0.36125767055893204,0.33808188230162955,0.11509120385872862,0.3515957446808511
2403,0.393348892201579,0.37398438307702386,0.10467142408551039,0.35319148936170214
2404,0.39736029490690983,0.381962716582667,0.10040878690555748,0.326063829787234
2405,0.35786340673134437,0.4042355642859209,0.1079868085588071,0.31861702127659575
2406,0.3642662225879302,0.40024639753309926,0.107513182205479,0.3569148936170213
2407,0.3147408276490375,0.4009112586585696,0.1084604349121352,0.36223404255319147
2408,0.19748444087782746,0.3842897305218129,0.12030109374533773,0.4021276595744681
2409,0.12257920959174524,0.37232223026334815,0.15582307024494532,0.39787234042553193
2410,0.016277037900477184,0.3842897305218129,0.3211186675564527,0.38351063829787235
2411,0.0001542847194358027,0.3899410500883102,0.31448789860985926,0.37553191489361704
2412,0.0,0.3437332018681268,0.20886922181769269,0.40372340425531916
2413,0.0,0.29486590914606237,0.17666262979138178,0.38670212765957446
2414,0.0,0.2543093804923762,0.16340109189819496,0.36329787234042554
2415,0.0,0.20810153227219283,0.1468241695317114,0.3446808510638298
2416,0.0,0.18682597625714437,0.14777142223836762,0.2978723404255319
2417,0.0,0.17286389262226878,0.13356263163852458,0.2803191489361702
2418,0.0,0.16787743418124182,0.12503735727861875,0.2877659574468085
2419,0.0,0.1904827124472308,0.12266922551197824,0.2696808510638298
2420,0.0,0.16189368405200943,0.12266922551197824,0.25585106382978723
2421,0.0003085694388716054,0.14128298916243123,0.12409010457196254,0.2712765957446808
2422,0.003085694388716054,0.1369613918468745,0.12551098363194685,0.35
2423,0.07467380420692851,0.12166958596105842,0.11698570927204102,0.34361702127659577
2424,0.19563302424459783,0.10504805782430181,0.10467142408551039,0.3446808510638298
2425,0.319832223390419,0.11701555808276656,0.09567252337227647,0.3180851063829787
2426,0.41541160708089875,0.10205618275968562,0.09188351254565165,0.33085106382978724
2427,0.49594823062638776,0.08975625193848571,0.08856812807235495,0.30319148936170215
2428,0.5406907992627705,0.09042111306395599,0.08572636995238633,0.2643617021276596
2429,0.5137681157212229,0.11867771089644223,0.08904175442568305,0.2776595744680851
2430,0.4534427904218241,0.11335882189268011,0.09804065513891697,0.3101063829787234
2431,0.3829346736396623,0.09141840475216138,0.10135603961221368,0.3271276595744681
2432,0.24685555109728433,0.05219159834941577,0.13166812622521215,0.3946808510638298
2433,0.09550224133076188,0.021940417140518732,0.17476812437806938,0.375
2434,0.015351329583862369,0.04088895921642127,0.33343295274298335,0.3904255319148936
2435,0.0,0.07911847393096148,0.2941219654167509,0.3984042553191489
2436,0.0,0.07911847393096148,0.18992416768456863,0.3829787234042553
2437,0.0,0.053521320600356304,0.1870824095646,0.37340425531914895
2438,0.0,0.016621528136756616,0.1757153770847256,0.3324468085106383
2439,0.0,0.003989166752821588,0.1804516406180066,0.32978723404255317
2440,0.0,0.0013297222509405292,0.15203405941832052,0.32074468085106383
2441,0.0,0.0029918750646161906,0.1425615323517585,0.29308510638297874
2442,0.0,0.009972916882053968,0.12503735727861875,0.23829787234042554
2443,0.0,0.006981041817437778,0.12456373092529065,0.2478723404255319
2444,0.0,0.003324305627351323,0.12409010457196254,0.25638297872340426
2445,0.0003085694388716054,0.0013297222509405292,0.12456373092529065,0.2622340425531915
2446,0.06757670711288158,0.0013297222509405292,0.12030109374533773,0.29521276595744683
2447,0.10414218561916683,0.0013297222509405292,0.12030109374533773,0.32553191489361705
2448,0.21036721495071697,0.000997291688205397,0.11935384103868153,0.3127659574468085
2449,0.3606405316811888,0.0006648611254702646,0.1060923031454947,0.31436170212765957
2450,0.4588427556020772,0.003989166752821588,0.10182966596554179,0.3101063829787234
2451,0.5383765284712335,0.006981041817437778,0.09851428149224507,0.3079787234042553
2452,0.5497935977094829,0.03623493133812942,0.08619999630571444,0.2670212765957447
2453,0.48190832115772975,0.027924167269751114,0.08809450171902684,0.3069148936170213
2454,0.47095410607778776,0.02493229220513492,0.08856812807235495,0.31329787234042555
2455,0.3629548024727259,0.009640486319318837,0.08762087536569874,0.3393617021276596
2456,0.26220688068114667,0.0103053474447891,0.10040878690555748,0.38457446808510637
2457,0.10892501192167671,0.014959375323080953,0.2202362542975671,0.3718085106382979
2458,0.020982721843269166,0.011967500258464762,0.3661131711226223,0.3776595744680851
2459,0.002005701352665435,0.027591736707015983,0.24675933008394077,0.399468085106383
2460,0.0,0.019945833764107936,0.19134504674455294,0.3707446808510638
2461,0.0,0.021607986577783598,0.1406670269384461,0.3648936170212766
2462,0.0,0.03623493133812942,0.1416142796451023,0.3718085106382979
2463,0.0,0.021607986577783598,0.11319669844541622,0.32340425531914896
2464,0.0,0.009308055756583705,0.11698570927204102,0.3079787234042553
2465,0.0,0.0013297222509405292,0.1060923031454947,0.249468085106383
2466,0.0,0.0006648611254702646,0.10372417137885419,0.2478723404255319
2467,0.0,0.0006648611254702646,0.10277691867219799,0.249468085106383
2468,0.0,0.0006648611254702646,0.10182966596554179,0.251063829787234
2469,0.0003085694388716054,0.0006648611254702646,0.10182966596554179,0.2542553191489362
2470,0.024376985670856825,0.0006648611254702646,0.10135603961221368,0.23563829787234042
2471,0.19239304513644598,0.000997291688205397,0.08998900713233925,0.23563829787234042
2472,0.2186214474405324,0.000997291688205397,0.08809450171902684,0.23670212765957446
2473,0.43747432196021857,0.01861611151316741,0.07909560100579292,0.23882978723404255
2474,0.5063624491883044,0.0319133340225727,0.07956922735912102,0.2425531914893617
2475,0.5641420766170125,0.04853486215932932,0.07956922735912102,0.2398936170212766
2476,0.5629849412212441,0.052856459474886035,0.07862197465246482,0.2473404255319149
2477,0.5381451013920798,0.06981041817437779,0.0705703266458871,0.2393617021276596
2478,0.47635407125804086,0.05086187609847524,0.08288461183241773,0.23457446808510637
2479,0.413637332807387,0.042883542592832065,0.09140988619232356,0.23191489361702128
2480,0.1776588544303268,0.04919972328479958,0.11935384103868153,0.24202127659574468
2481,0.10113363359016866,0.044213264843772596,0.13261537893186837,0.2425531914893617
2482,0.04289115200315315,0.022605278265988998,0.15298131212497673,0.24840425531914895
2483,0.03579405490910623,0.019280972638637674,0.15629669659827344,0.24893617021276596
2484,0.0,0.002327013939145926,0.17097911355144457,0.24521276595744682
2485,0.0,0.0029918750646161906,0.15913845471824203,0.23191489361702128
2486,0.0,0.000997291688205397,0.15156043306499242,0.22819148936170214
2487,0.0,0.0006648611254702646,0.12314285186530634,0.225
2488,0.0,0.0013297222509405292,0.11556483021205671,0.25957446808510637
2489,0.0,0.0016621528136756614,0.1051450504388385,0.2521276595744681
2490,0.0,0.0013297222509405292,0.1051450504388385,0.2648936170212766
2491,0.0,0.001994583376410794,0.1051450504388385,0.2622340425531915
2492,0.0,0.0013297222509405292,0.10135603961221368,0.2526595744680851
2493,0.0001542847194358027,0.000997291688205397,0.09804065513891697,0.24840425531914895
2494,0.024376985670856825,0.0013297222509405292,0.09851428149224507,0.25
2495,0.13399627882999465,0.0016621528136756614,0.09804065513891697,0.2377659574468085
2496,0.24384699906828616,0.0026594445018810584,0.09709340243226076,0.2478723404255319
2497,0.36850905237241477,0.005651319566497249,0.09093625983899545,0.24521276595744682
2498,0.45490849525646426,0.011302639132994499,0.09093625983899545,0.23670212765957446
2499,0.5470936151193564,0.017618819824962013,0.08572636995238633,0.2643617021276596
2500,0.5748648646178008,0.011302639132994499,0.08477911724573013,0.2574468085106383
2501,0.5526478650190453,0.0103053474447891,0.09283076525230785,0.25851063829787235
2502,0.5116852720088396,0.008975625193848572,0.09377801795896407,0.25372340425531914
2503,0.40337739896490615,0.014959375323080953,0.1060923031454947,0.2521276595744681
2504,0.2397584540032374,0.043215973155567196,0.10467142408551039,0.2590425531914894
2505,0.09203083514345631,0.10936965513985852,0.11603845656538482,0.2643617021276596
2506,0.013654197670068539,0.16422069799115535,0.24154944019733166,0.23829787234042554
2507,0.0,0.17785035106329578,0.31401427225653117,0.22127659574468084
2508,0.0,0.18483139288073355,0.3556933913494041,0.22659574468085106
2509,0.0,0.175855767686885,0.31543515131651545,0.23457446808510637
2510,0.0,0.16820986474397695,0.20839559546436456,0.2425531914893617
2511,0.0,0.1688747258694472,0.19702856298449015,0.24361702127659574
2512,0.0,0.15624236448551218,0.1392461478784618,0.22925531914893618
2513,0.0,0.14859646154260414,0.12645823633860304,0.22872340425531915
2514,0.0,0.11435611358088552,0.11461757750540051,0.24893617021276596
2515,0.0,0.07114014042531831,0.11414395115207242,0.22180851063829787
2516,0.0,0.08875896025028032,0.1098813139721195,0.22925531914893618
2517,0.00023142707915370405,0.0824427795583128,0.1094076876187914,0.25585106382978723
2518,0.010954215079941992,0.07645902942908044,0.10561867679216659,0.2978723404255319
2519,0.10298505022339831,0.08211034899557768,0.08856812807235495,0.30159574468085104
2520,0.24137844355731333,0.08410493237198848,0.09425164431229216,0.30106382978723406
2521,0.35824911852993385,0.09806701600686403,0.09614614972560456,0.31968085106382976
2522,0.5019653346843841,0.08277521012104794,0.08809450171902684,0.29946808510638295
2523,0.5502564518677904,0.08044819618190202,0.09946153419890127,0.31542553191489364
2524,0.5682306216820614,0.06781583479796699,0.11745933562536913,0.19574468085106383
2525,0.5582021149187342,0.05019701497300498,0.1416142796451023,0.2611702127659574
2526,0.5182423725848613,0.051526737223945504,0.15345493847830483,0.2925531914893617
2527,0.4028374024468809,0.052856459474886035,0.1525076857716486,0.3175531914893617
2528,0.24461842266546518,0.04587541765744826,0.2145527380576299,0.34308510638297873
2529,0.13507627186604526,0.04055652865368614,0.33390657909631144,0.3606382978723404
2530,0.01604561082132348,0.042551112030096934,0.5925065680134547,0.39148936170212767
2531,0.0,0.02892145895795651,0.4333681132952127,0.3670212765957447
2532,0.0,0.026926875581545717,0.39974064220891753,0.3627659574468085
2533,0.0,0.016621528136756616,0.17145273990477267,0.3526595744680851
2534,0.0,0.015291805885816086,0.12030109374533773,0.376063829787234
2535,0.0,0.01429451419761069,0.1060923031454947,0.32553191489361705
2536,0.0,0.012299930821199895,0.10040878690555748,0.2765957446808511
2537,0.0,0.01163506969572963,0.09804065513891697,0.21595744680851064
2538,0.0,0.0016621528136756614,0.06583406311260608,0.24468085106382978
2539,0.0,0.0013297222509405292,0.06346593134596558,0.2404255319148936
2540,0.0,0.0026594445018810584,0.059676920519340766,0.26063829787234044
2541,0.02615125994436856,0.003989166752821588,0.05494065698605975,0.2824468085106383
2542,0.032708360520390174,0.004654027878291852,0.05162527251276304,0.30106382978723406
2543,0.12049636587936191,0.006648611254702646,0.047836261686138234,0.3026595744680851
2544,0.23451277354242012,0.0029918750646161906,0.05209889886609114,0.29627659574468085
2545,0.36025481988259933,0.00432159731555672,0.05446703063273165,0.2936170212765957
2546,0.3803118334092537,0.004654027878291852,0.05446703063273165,0.2936170212765957
2547,0.5005767722094618,0.01595666701128635,0.05162527251276304,0.27074468085106385
2548,0.5256480391177798,0.05950507072958868,0.05494065698605975,0.25159574468085105
2549,0.5261880356358051,0.09175083531489651,0.13498351069850886,0.30425531914893617
2550,0.4633170124657155,0.11169666907900445,0.11509120385872862,0.3484042553191489
2551,0.3553948512203715,0.0771238905545507,0.09993516055222938,0.3648936170212766
2552,0.25402979055104913,0.043548403718302334,0.13687801611182127,0.36861702127659574
2553,0.11100785563406004,0.01595666701128635,0.19702856298449015,0.37872340425531914
2554,0.02013415588637225,0.015624236448551218,0.3585351494693727,0.3718085106382979
2555,0.0,0.00731347238017291,0.2775450430502674,0.37553191489361704
2556,0.0,0.0013297222509405292,0.19892306839780255,0.376063829787234
2557,0.0,0.0003324305627351323,0.13640438975849317,0.35851063829787233
2558,0.0,0.000997291688205397,0.13214175257854027,0.3526595744680851
2559,0.0,0.00432159731555672,0.1094076876187914,0.32180851063829785
2560,0.0,0.0013297222509405292,0.10372417137885419,0.300531914893617
2561,0.0,0.001994583376410794,0.09046263348566735,0.2632978723404255
2562,0.0,0.0016621528136756614,0.07483296382584001,0.24095744680851064
2563,0.0,0.0016621528136756614,0.07483296382584001,0.24627659574468086
2564,0.0,0.0016621528136756614,0.07483296382584001,0.25053191489361704
2565,0.022988423195934603,0.006648611254702646,0.0696230739392309,0.2734042553191489
2566,0.028774100174777203,0.007645902942908043,0.0696230739392309,0.275531914893617
2567,0.19308732637390708,0.06947798761164264,0.06015054687266887,0.29627659574468085
2568,0.2631325889977615,0.09540757150498297,0.058256041459356464,0.3021276595744681
2569,0.4612341687533322,0.24633104698673303,0.05304615157274735,0.29946808510638295
2570,0.5198623621389372,0.3038415343399109,0.05067801980610684,0.300531914893617
2571,0.6140531833544948,0.3766438275789049,0.05351977792607545,0.2601063829787234
2572,0.6364244676726861,0.37331952195155355,0.06062417322599697,0.2351063829787234
2573,0.609964638289446,0.3766438275789049,0.06393955769929367,0.22446808510638297
2574,0.5579706878395805,0.371989799700613,0.06109779957932507,0.25372340425531914
2575,0.41834301675017904,0.36500875788317527,0.09283076525230785,0.3313829787234043
2576,0.2605868911270708,0.3726546608260833,0.11793296197869722,0.37446808510638296
2577,0.1146335465408014,0.34572778524453757,0.19229229945120913,0.3776595744680851
2578,0.021214148922422873,0.2503202137395546,0.3253813047364056,0.3893617021276596
2579,0.00285426730956235,0.17785035106329578,0.2780186694035955,0.36436170212765956
2580,0.0,0.1213371553983233,0.1837670250913033,0.3803191489361702
2581,0.0,0.1336370862195232,0.15961208107157013,0.39680851063829786
2582,0.0,0.15225319773269058,0.11982746739200963,0.38670212765957446
2583,0.0,0.16555042024209587,0.1084604349121352,0.35638297872340424
2584,0.0,0.1904827124472308,0.1439824114117428,0.2877659574468085
2585,0.0,0.19846104595287398,0.15819120201158585,0.2425531914893617
2586,0.0,0.18582868456893895,0.13687801611182127,0.22393617021276596
2587,0.0,0.1688747258694472,0.12030109374533773,0.2271276595744681
2588,0.0,0.1525856282954257,0.10277691867219799,0.23191489361702128
2589,0.00023142707915370405,0.1379586835350799,0.08856812807235495,0.23457446808510637
2590,0.02615125994436856,0.08676437687386954,0.08430549089240204,0.29521276595744683
2591,0.12327349082920636,0.06050236241779408,0.08430549089240204,0.3069148936170213
2592,0.19655873256121265,0.165882850804831,0.08477911724573013,0.2872340425531915
2593,0.30563802920232513,0.2672741724390464,0.0762538428858243,0.2936170212765957
2594,0.4103973536992352,0.3507142436855646,0.0734120847658557,0.29202127659574467
2595,0.48715400161854705,0.399581536407629,0.0715175793525433,0.2425531914893617
2596,0.5553478476091718,0.47703785752491484,0.06299230499263747,0.24414893617021277
2597,0.5504107365872262,0.5239105668705685,0.0686758212325747,0.31968085106382976
2598,0.49378824455428655,0.5468482756992926,0.0724648320591995,0.3425531914893617
2599,0.3605633893214709,0.5638022343987844,0.09756702878558887,0.3840425531914894
2600,0.17943312870383854,0.5235781363078333,0.19702856298449015,0.37659574468085105
2601,0.11201070631039275,0.5076214692965471,0.24154944019733166,0.36648936170212765
2602,0.013808482389504342,0.45243799588251504,0.3230131729697651,0.3792553191489362
2603,0.002237128431819139,0.409554453289683,0.24012856113734737,0.3946808510638298
2604,0.0,0.37498167476522926,0.1837670250913033,0.4021276595744681
2605,0.0,0.3420710490544511,0.16671647637149167,0.3984042553191489
2606,0.0,0.3231225069785486,0.1463505431783833,0.3930851063829787
2607,0.0,0.3487196603091538,0.1411406532917742,0.36542553191489363
2608,0.0,0.43980563449858,0.1406670269384461,0.31861702127659575
2609,0.0,0.4487812596924286,0.12551098363194685,0.24521276595744682
2610,0.0,0.33907917398983495,0.12929999445857165,0.2377659574468085
2611,0.0,0.24367160248485198,0.10419779773218228,0.22127659574468084
2612,0.0,0.16854229530671208,0.09235713889897976,0.2297872340425532
2613,7.714235971790135e-05,0.13529923903319885,0.08667362265904253,0.2372340425531915
2614,0.10815358832449769,0.10072646050874509,0.08714724901237064,0.3101063829787234
2615,0.1261277581387687,0.10072646050874509,0.08809450171902684,0.32127659574468087
2616,0.29236954333084614,0.08344007124651821,0.07909560100579292,0.3393617021276596
2617,0.40214312120941975,0.06715097367249673,0.0743593374725119,0.3484042553191489
2618,0.473885515747068,0.062496945794204874,0.06820219487924659,0.34574468085106386
2619,0.5456279102847162,0.0412213897791564,0.06678131581926229,0.30851063829787234
2620,0.5782591284453885,0.03989166752821587,0.08051648006577722,0.2856382978723404
2621,0.5529564344579169,0.04853486215932932,0.08951538077901115,0.2968085106382979
2622,0.4386314573559871,0.0824427795583128,0.09519889701894836,0.3281914893617021
2623,0.2858895851145424,0.053188890037621166,0.1079868085588071,0.36914893617021277
2624,0.22486997857768243,0.036567361900864556,0.1094076876187914,0.3776595744680851
2625,0.08177090130097543,0.06316180691967514,0.1392461478784618,0.4127659574468085
2626,0.03139694040518585,0.07346715436446424,0.23444504489741014,0.4085106382978723
2627,0.0,0.045210556531977995,0.26475713151040864,0.4095744680851064
2628,0.0,0.005651319566497249,0.17050548719811648,0.3941489361702128
2629,0.0,0.06648611254702647,0.15345493847830483,0.39893617021276595
2630,0.0,0.07346715436446424,0.1472977958850395,0.33670212765957447
2631,0.0,0.08011576561916689,0.13308900528519646,0.3223404255319149
2632,0.0,0.08476979349745874,0.12835274175191547,0.3090425531914894
2633,0.0,0.12399659990020435,0.11793296197869722,0.23351063829787233
2634,0.0,0.2204014630933927,0.09756702878558887,0.22340425531914893
2635,0.0,0.26594445018810586,0.08809450171902684,0.22021276595744682
2636,0.0,0.3025118120889704,0.08146373277243342,0.24468085106382978
2637,7.714235971790135e-05,0.30350910377717577,0.08004285371244912,0.21914893617021278
2638,0.03702833266459265,0.31946577078846217,0.0772010955924805,0.21808510638297873
2639,0.16269323664505395,0.3271116737313702,0.06299230499263747,0.21010638297872342
2640,0.2757839359914973,0.3364197294879539,0.06536043675927798,0.18138297872340425
2641,0.4500485265942365,0.3264468126058999,0.08572636995238633,0.20904255319148937
2642,0.5409993687016421,0.3211279236021378,0.08004285371244912,0.22074468085106383
2643,0.6105817771671892,0.35270882706197537,0.06157142593265317,0.225
2644,0.635807328794943,0.34705750749547815,0.058256041459356464,0.1819148936170213
2645,0.6080360792964984,0.37132493857514276,0.056361536046044054,0.16489361702127658
2646,0.5577392607604268,0.42950028705379095,0.056835162399372155,0.19787234042553192
2647,0.46370272426430503,0.381962716582667,0.06251867863930938,0.2271276595744681
2648,0.32268649069998134,0.29586320083426776,0.0762538428858243,0.1702127659574468
2649,0.20165012830259413,0.3261143820431648,0.13640438975849317,0.18351063829787234
2650,0.04674826998904822,0.35769528550300234,0.2661780105703929,0.21648936170212765
2651,0.0,0.3520439659365051,0.33769558992293625,0.21968085106382979
2652,0.0,0.2809038255111868,0.20792196911103647,0.22340425531914893
2653,0.0,0.2735903531310139,0.1757153770847256,0.21382978723404256
2654,0.0,0.2858902839522138,0.16292746554486684,0.19787234042553192
2655,0.0,0.24566618586126276,0.15203405941832052,0.20319148936170212
2656,0.0,0.25663639443152214,0.1411406532917742,0.20638297872340425
2657,0.0,0.3221252152903432,0.12503735727861875,0.19414893617021275
2658,0.0,0.3706600774496725,0.12409010457196254,0.2170212765957447
2659,0.0,0.374316813639759,0.0772010955924805,0.2154255319148936
2660,0.0,0.3407413268035106,0.0743593374725119,0.2154255319148936
2661,0.0001542847194358027,0.3074982705299974,0.07483296382584001,0.21170212765957447
2662,0.031859794563493256,0.27757951988383545,0.07293845841252761,0.1952127659574468
2663,0.1715646080126126,0.28888215901682995,0.06725494217259038,0.20319148936170212
2664,0.308878008310477,0.2922064646441813,0.06109779957932507,0.21436170212765956
2665,0.45267136682464515,0.18616111513167408,0.055887909692715954,0.19361702127659575
2666,0.5470936151193564,0.1060453495125072,0.05541428333938785,0.19148936170212766
2667,0.6314873566507404,0.061832084668734605,0.056361536046044054,0.19574468085106383
2668,0.6454501237596806,0.06349423748241027,0.059203294166012665,0.1925531914893617
2669,0.6331073462048163,0.08643194631113439,0.06062417322599697,0.21223404255319148
2670,0.5637563648184231,0.09008868250122086,0.06157142593265317,0.225
2671,0.37221188563887403,0.0771238905545507,0.07909560100579292,0.20691489361702128
2672,0.2858124427548245,0.07313472380172911,0.08762087536569874,0.19627659574468084
2673,0.10645645641070386,0.06050236241779408,0.1472977958850395,0.19893617021276597
2674,0.0402683117727445,0.04188625090462667,0.24297031925731596,0.19787234042553192
2675,0.02013415588637225,0.03324305627351323,0.2827549329368765,0.1952127659574468
2676,0.0,0.019945833764107936,0.29933185530336004,0.18085106382978725
2677,0.0,0.034905209087188895,0.2154999907642861,0.1851063829787234
2678,0.0,0.07645902942908044,0.1392461478784618,0.16329787234042553
2679,0.0,0.08842652968754519,0.12503735727861875,0.1723404255319149
2680,0.0,0.08277521012104794,0.1089340612654633,0.20212765957446807
2681,0.0,0.08344007124651821,0.09804065513891697,0.1930851063829787
2682,0.0,0.07911847393096148,0.08667362265904253,0.18563829787234043
2683,0.0,0.10072646050874509,0.08430549089240204,0.18617021276595744
2684,0.0,0.0957400020677181,0.08667362265904253,0.22180851063829787
2685,0.012497062274300018,0.08643194631113439,0.08951538077901115,0.2574468085106383
2686,0.01774274273511731,0.07878604336822635,0.09140988619232356,0.2867021276595745
2687,0.11455640418108351,0.13131007228037725,0.09804065513891697,0.30851063829787234
2688,0.25927547101186643,0.18882055963355515,0.08619999630571444,0.30159574468085104
2689,0.3480663270471709,0.20012319876654963,0.07483296382584001,0.2797872340425532
2690,0.3995202809790111,0.20843396283492796,0.0734120847658557,0.2734042553191489
2691,0.43107150610363276,0.14560458647798794,0.11556483021205671,0.25851063829787235
2692,0.4748883664234007,0.08776166856207493,0.12693186269193116,0.26595744680851063
2693,0.3820089653230475,0.0771238905545507,0.12551098363194685,0.2473404255319149
2694,0.2964580883958949,0.09740215488139377,0.17524175073139747,0.2898936170212766
2695,0.25356693639274175,0.10837236345165313,0.1828197723846471,0.3101063829787234
2696,0.1481133306583706,0.09141840475216138,0.22923515501080102,0.3473404255319149
2697,0.05939961698278404,0.07845361280549122,0.26475713151040864,0.3707446808510638
2698,0.010954215079941992,0.07080770986258318,0.2974373498900476,0.37659574468085105
2699,0.0,0.09274812700310191,0.24770658279059699,0.3627659574468085
2700,0.0,0.11103180795353419,0.19181867309788103,0.35
2701,0.0,0.12698847496482055,0.1444560377650709,0.33404255319148934
2702,0.0,0.12200201652379355,0.12929999445857165,0.34627659574468084
2703,0.0,0.12665604440208542,0.08193735912576153,0.326063829787234
2704,0.0,0.14261271141337176,0.08004285371244912,0.31436170212765957
2705,0.0,0.17319632318500394,0.0772010955924805,0.2542553191489362
2706,0.0,0.2077691017094577,0.0772010955924805,0.2393617021276596
2707,0.0,0.2450013247357925,0.07956922735912102,0.23404255319148937
2708,0.0,0.2872200062031543,0.07862197465246482,0.22819148936170214
2709,0.042428297844845746,0.23502840785373855,0.0719912057058714,0.2547872340425532
2710,0.08485659568969149,0.18283680950432277,0.06583406311260608,0.28191489361702127
2711,0.08624515816461371,0.1811746566906471,0.06536043675927798,0.28297872340425534
2712,0.19910443043190337,0.16222611461474457,0.06062417322599697,0.3122340425531915
2713,0.2344356311827022,0.17552333712414986,0.06109779957932507,0.3175531914893617
2714,0.2856581580353887,0.20943125452313335,0.06393955769929367,0.31329787234042555
2715,0.31211798741862884,0.278909242134776,0.0715175793525433,0.28085106382978725
2716,0.33317785162161595,0.35137910481103485,0.06725494217259038,0.25159574468085105
2717,0.23674990197423923,0.381962716582667,0.0696230739392309,0.22446808510638297
2718,0.19216161805729226,0.4022409809095101,0.08714724901237064,0.2601063829787234
2719,0.11995636936133659,0.41819764792079644,0.11888021468535342,0.35904255319148937
2720,0.0971993732445557,0.38561945277275345,0.1487186749450238,0.34893617021276596
2721,0.05438536360112045,0.27757951988383545,0.23491867125073826,0.36648936170212765
2722,0.010337076202198781,0.19912590707834424,0.3163824040231717,0.3776595744680851
2723,0.0,0.17452604543594447,0.2514955936172218,0.3659574468085106
2724,0.0,0.14327757253884202,0.18755603591792813,0.3574468085106383
2725,0.0,0.1276533360902908,0.15534944389161723,0.35319148936170214
2726,0.0,0.13031278059217186,0.12361647821863445,0.34308510638297873
2727,0.0,0.06947798761164264,0.11745933562536913,0.33085106382978724
2728,0.0,0.05751048735317789,0.12693186269193116,0.27872340425531916
2729,0.0,0.03955923696548074,0.11319669844541622,0.22925531914893618
2730,0.0,0.0412213897791564,0.10325054502552608,0.21117021276595746
2731,0.0,0.00731347238017291,0.08762087536569874,0.1973404255319149
2732,0.0,0.006981041817437778,0.0753065901791681,0.20159574468085106
2733,0.00023142707915370405,0.022605278265988998,0.056361536046044054,0.23297872340425532
2734,0.006248531137150009,0.03723222302633482,0.05020439345277874,0.3202127659574468
2735,0.03139694040518585,0.04654027878291852,0.04973076709945064,0.33563829787234045
2736,0.09974507111524644,0.11801284977097197,0.07293845841252761,0.32659574468085106
2737,0.1588361186591589,0.21375285183869006,0.0743593374725119,0.3074468085106383
2738,0.18552737512155273,0.33475757667427825,0.08477911724573013,0.2957446808510638
2739,0.20411868381356696,0.4185300784835316,0.09330439160563596,0.2898936170212766
2740,0.20219012482061943,0.4650703572664501,0.1051450504388385,0.2632978723404255
2741,0.1761160072359688,0.449778551380634,0.11935384103868153,0.25957446808510637
2742,0.10784501888562609,0.38262757770813727,0.11793296197869722,0.3122340425531915
2743,0.07637093612072234,0.3387467434270998,0.11603845656538482,0.38085106382978723
2744,0.050682530334661184,0.34938452143462406,0.16340109189819496,0.4122340425531915
2745,0.04173401660738463,0.37398438307702386,0.19560768392450584,0.42606382978723406
2746,0.015659899022733972,0.3377494517388944,0.22260438606420763,0.44042553191489364
2747,0.007791378331508036,0.3211279236021378,0.22970878136412914,0.44574468085106383
2748,0.0,0.2805713949484517,0.22497251783084812,0.4324468085106383
2749,0.0,0.26228771399801937,0.2169208698242704,0.41436170212765955
2750,0.0,0.2519823665532303,0.20034394745778686,0.4053191489361702
2751,0.0,0.20444479608210636,0.19750218933781824,0.43563829787234043
2752,0.0,0.11069937739079906,0.1889769149779124,0.3702127659574468
2753,0.0,0.06748340423523186,0.18471427779795951,0.28138297872340423
2754,0.0,0.06615368198429132,0.18424065144463142,0.2776595744680851
2755,0.0,0.12632361383935028,0.1799780142646785,0.2601063829787234
2756,0.0,0.1512559060444852,0.1790307615580223,0.2643617021276596
2757,0.004165687424766673,0.2842281311385381,0.16766372907814786,0.3718085106382979
2758,0.006325673496867911,0.38728160558642916,0.15866482836491394,0.4563829787234043
2759,0.021214148922422873,0.2120906990250144,0.16292746554486684,0.4829787234042553
2760,0.04744255122650933,0.06415909860788054,0.17050548719811648,0.46595744680851064
2761,0.13862482041306873,0.06415909860788054,0.1430351587050866,0.45904255319148934
2762,0.1992587151513392,0.05119430666121037,0.13782526881847748,0.4808510638297872
2763,0.32777788644136285,0.09507514094224784,0.1084604349121352,0.41648936170212764
2764,0.23798417972972566,0.16953958699491747,0.13971977423178988,0.4
2765,0.1589132610188768,0.22306090759527378,0.17239999261142888,0.4
2766,0.08400802973279457,0.1904827124472308,0.1799780142646785,0.4430851063829787
2767,0.06240816901178219,0.1698720175576526,0.1809252669713347,0.46170212765957447
2768,0.02522555162775374,0.11801284977097197,0.1828197723846471,0.4787234042553192
2769,0.009951364403609273,0.08410493237198848,0.1832933987379752,0.47393617021276596
2770,0.004782826302509884,0.07446444605266964,0.1851879041512876,0.48829787234042554
2771,0.0007714235971790135,0.04853486215932932,0.20792196911103647,0.4952127659574468
2772,0.0,0.09175083531489651,0.20129120016444305,0.4829787234042553
2773,0.0,0.15723965617371757,0.16292746554486684,0.49946808510638296
2774,0.0,0.09873187713233429,0.12740548904525925,0.4819148936170213
2775,0.0,0.09740215488139377,0.12172197280532204,0.5276595744680851
2776,0.0,0.18283680950432277,0.12503735727861875,0.4228723404255319
2777,0.0,0.20976368508586848,0.12977362081189975,0.25053191489361704
2778,0.0,0.1635558368656851,0.144929664118399,0.24521276595744682
2779,0.0,0.12898305834123133,0.16055933377822634,0.24414893617021277
2780,0.0,0.09740215488139377,0.17334724531808507,0.24574468085106382
2781,0.0003085694388716054,0.1552450727973068,0.17239999261142888,0.28829787234042553
2782,0.012959916432607427,0.21175826846227927,0.16813735543147595,0.4085106382978723
2783,0.1087707272022409,0.2862227145149489,0.16103296013155444,0.474468085106383
2784,0.12936773724692058,0.3221252152903432,0.17003186084478836,0.48404255319148937
2785,0.1146335465408014,0.37830598039258057,0.20176482651777117,0.46595744680851064
2786,0.09851079335976003,0.44944612081789886,0.24675933008394077,0.4319148936170213
2787,0.15783326798282615,0.44612181519054755,0.15677032295160154,0.4021276595744681
2788,0.07590808196241493,0.41919493960900184,0.1482450485916957,0.35425531914893615
2789,0.06371958912698651,0.5106133443611632,0.15203405941832052,0.4186170212765957
2790,0.06634242935739516,0.5960479989840922,0.1525076857716486,0.4723404255319149
2791,0.061559603054885274,0.5913939711058004,0.15392856483163292,0.498936170212766
2792,0.06796241891147109,0.5495077202011737,0.15203405941832052,0.4973404255319149
2793,0.039651172895001294,0.5634698038360493,0.154402191184961,0.5031914893617021
2794,0.02237128431819139,0.5747724429690437,0.15629669659827344,0.5031914893617021
2795,0.0026228402304086457,0.5684562622770762,0.16719010272481977,0.5026595744680851
2796,0.0,0.5614752204596385,0.17097911355144457,0.49414893617021277
2797,0.0,0.5674589705888708,0.16671647637149167,0.4925531914893617
2798,0.0,0.5618076510223736,0.14966592765168002,0.4920212765957447
2799,0.0,0.5647995260869898,0.13593076340516508,0.4930851063829787
2800,0.0,0.5744400124063086,0.13261537893186837,0.400531914893617
2801,0.0,0.5039647331064606,0.13166812622521215,0.2632978723404255
2802,0.0,0.4108841755406235,0.13214175257854027,0.23404255319148937
2803,0.0,0.35470341043838616,0.13024724716522787,0.23351063829787233
2804,0.0,0.3264468126058999,0.12787911539858735,0.22659574468085106
2805,0.0001542847194358027,0.2646147279371653,0.12551098363194685,0.2297872340425532
2806,0.009025656086994458,0.2582985472451978,0.12361647821863445,0.24361702127659574
2807,0.04759683594594513,0.21740958802877652,0.11367032479874431,0.2398936170212766
2808,0.0856280192868705,0.1738611843104742,0.10325054502552608,0.23563829787234042
2809,0.11872209160585018,0.13629653072140424,0.09425164431229216,0.23138297872340424
2810,0.1543618617955206,0.09075354362669112,0.08525274359905824,0.2351063829787234
2811,0.19355018053221448,0.11202909964173959,0.08714724901237064,0.23031914893617023
2812,0.26120403000481396,0.23303382447732773,0.08998900713233925,0.20372340425531915
2813,0.3987488573818321,0.324119798666754,0.09283076525230785,0.26063829787234044
2814,0.44426284961539386,0.35337368818744563,0.09614614972560456,0.25053191489361704
2815,0.3719804585597203,0.2852254228267435,0.1051450504388385,0.26595744680851063
2816,0.2521012315581016,0.175855767686885,0.09661977607893267,0.251063829787234
2817,0.1088478695619588,0.13496680847046372,0.08004285371244912,0.2372340425531915
2818,0.08069090826492481,0.14959375323080953,0.08430549089240204,0.2393617021276596
2819,0.0,0.23137167166365208,0.12124834645199394,0.21223404255319148
2820,0.0,0.24633104698673303,0.12124834645199394,0.2148936170212766
2821,0.0,0.15158833660722032,0.11982746739200963,0.20797872340425533
2822,0.0,0.16854229530671208,0.1084604349121352,0.19627659574468084
2823,0.0,0.2356932689792088,0.09993516055222938,0.24361702127659574
2824,0.0,0.1831692400670579,0.08809450171902684,0.2377659574468085
2825,0.0,0.11668312752003143,0.08241098547908962,0.21595744680851064
2826,0.0,0.32013063191393243,0.08572636995238633,0.19787234042553192
2827,0.0,0.4188625090462667,0.08762087536569874,0.18936170212765957
2828,0.0,0.46939195458200683,0.09046263348566735,0.1898936170212766
2829,0.0001542847194358027,0.2709309086291328,0.08951538077901115,0.2175531914893617
2830,0.005477107539970996,0.31680632628658106,0.08762087536569874,0.21648936170212765
2831,0.050682530334661184,0.4308300093047315,0.08288461183241773,0.22393617021276596
2832,0.11849066452669647,0.3008496592752947,0.08477911724573013,0.22234042553191488
2833,0.18614451399929596,0.2692687558154572,0.08383186453907393,0.21808510638297873
2834,0.19617302076262313,0.2652795890626356,0.08383186453907393,0.2175531914893617
2835,0.2554183530259714,0.2729254920055436,0.08383186453907393,0.21914893617021278
2836,0.26652685282534916,0.44113535674952054,0.08477911724573013,0.21063829787234042
2837,0.28704672051031094,0.5385375116309143,0.0734120847658557,0.18404255319148935
2838,0.33232928566471903,0.5910615405430653,0.06678131581926229,0.1898936170212766
2839,0.2714639638472949,0.4005788280958344,0.06678131581926229,0.2297872340425532
2840,0.18768736119365398,0.21973660196792244,0.06725494217259038,0.23297872340425532
2841,0.09257083166148163,0.22572035209715482,0.07388571111918381,0.19627659574468084
2842,0.018977020490603732,0.2130879907132198,0.11177581938543191,0.17659574468085107
2843,0.0,0.21907174084245218,0.11840658833202533,0.18936170212765957
2844,0.0,0.21873931027971705,0.11840658833202533,0.1920212765957447
2845,0.0,0.18782326794534976,0.11745933562536913,0.2026595744680851
2846,0.0,0.15823694786192297,0.1060923031454947,0.2
2847,0.0,0.19347458751184698,0.10088241325888558,0.20638297872340425
2848,0.0,0.2366905606674142,0.09709340243226076,0.19095744680851065
2849,0.0,0.2539769499296411,0.09425164431229216,0.1930851063829787
2850,0.0,0.2805713949484517,0.09140988619232356,0.2148936170212766
2851,0.0,0.28356327001306786,0.08904175442568305,0.21117021276595746
2852,0.0,0.19945833764107937,0.08998900713233925,0.25159574468085105
2853,0.0006942812374611121,0.21807444915424679,0.08998900713233925,0.27925531914893614
2854,0.02445412803057473,0.20743667114672257,0.08667362265904253,0.3824468085106383
2855,0.15027331673047184,0.20544208777031175,0.0724648320591995,0.4218085106382979
2856,0.2618211688825572,0.21076097677407388,0.07388571111918381,0.4654255319148936
2857,0.40839165234656977,0.2150825740896306,0.07104395299921519,0.4723404255319149
2858,0.48738542869770074,0.22239604646980352,0.0705703266458871,0.4654255319148936
2859,0.5933790309500971,0.27658222819563005,0.06914944758590279,0.40797872340425534
2860,0.6291730858592034,0.3028442426517055,0.0705703266458871,0.34202127659574466
2861,0.6155188881891349,0.29353618689512184,0.0762538428858243,0.3840425531914894
2862,0.5470164727596385,0.296528061959738,0.08099010641910533,0.47074468085106386
2863,0.4231258430526889,0.32013063191393243,0.09756702878558887,0.48829787234042554
2864,0.23898703040605837,0.31015771503187844,0.1813988933246628,0.4803191489361702
2865,0.14186479952122058,0.30118208983802985,0.22449889147752003,0.4829787234042553
2866,0.047828263025098836,0.3048388260281163,0.2514955936172218,0.48829787234042554
2867,0.0013885624749222242,0.3174711874120513,0.26002086797712765,0.44627659574468087
2868,0.0,0.3138144512219649,0.252442846323878,0.44627659574468087
2869,0.0,0.2573012555569924,0.20602746369772407,0.475531914893617
2870,0.0,0.23203653278912234,0.20081757381111495,0.4718085106382979
2871,0.0,0.2539769499296411,0.1487186749450238,0.47606382978723405
2872,0.0,0.23935000516929525,0.12503735727861875,0.35638297872340424
2873,0.0,0.22671764378536022,0.12030109374533773,0.29840425531914894
2874,0.0,0.22139875478159812,0.11745933562536913,0.26063829787234044
2875,0.0,0.17286389262226878,0.11745933562536913,0.2622340425531915
2876,0.0,0.1648855591166256,0.11745933562536913,0.2622340425531915
2877,0.0008485659568969148,0.12599118327661515,0.11177581938543191,0.29946808510638295
2878,0.044125429758639576,0.13662896128413937,0.09946153419890127,0.43882978723404253
2879,0.1029079078636804,0.14793160041713388,0.09614614972560456,0.423936170212766
2880,0.29784665087081713,0.2087663933976631,0.08951538077901115,0.474468085106383
2881,0.4512828043497229,0.37498167476522926,0.08951538077901115,0.4797872340425532
2882,0.5938418851084046,0.5372077893799738,0.09093625983899545,0.4723404255319149
2883,0.6456815508388343,0.5807561930982761,0.08809450171902684,0.3702127659574468
2884,0.594304739266712,0.6080154992425569,0.09093625983899545,0.3638297872340426
2885,0.5678449098834718,0.6186532772500812,0.09235713889897976,0.3648936170212766
2886,0.49386538691400445,0.552832025828525,0.09519889701894836,0.43936170212765957
2887,0.27956391161767447,0.38728160558642916,0.16955823449146026,0.45372340425531915
2888,0.13847053569363293,0.1326397945313178,0.19939669475113064,0.49042553191489363
2889,0.05438536360112045,0.21076097677407388,0.18755603591792813,0.4734042553191489
2890,0.009025656086994458,0.1944718792000524,0.23160328677744155,0.4851063829787234
2891,0.0005399965180253094,0.14061812803696097,0.22497251783084812,0.49148936170212765
2892,0.0,0.14992618379354467,0.16292746554486684,0.46808510638297873
2893,0.0,0.16787743418124182,0.16434834460485115,0.4622340425531915
2894,0.0,0.34539535468180244,0.16103296013155444,0.4228723404255319
2895,0.0,0.2194041714051873,0.16340109189819496,0.44042553191489364
2896,0.0,0.5551590397676709,0.16529559731150736,0.350531914893617
2897,0.0,0.4261759814264396,0.1809252669713347,0.275
2898,0.0,0.26095799174707884,0.15156043306499242,0.2324468085106383
2899,0.0,0.3437332018681268,0.13356263163852458,0.25
2900,0.0,0.4856810521560283,0.13119449987188406,0.2622340425531915
2901,0.0003085694388716054,0.5465158451365575,0.13214175257854027,0.25638297872340426
2902,0.012805631713171624,0.4394732039358449,0.1387725215251337,0.2691489361702128
2903,0.07868520691225937,0.2735903531310139,0.1468241695317114,0.26276595744680853
2904,0.22926529754695527,0.15230668935218786,0.1444560377650709,0.23882978723404255
2905,0.3124694635983082,0.13353330020738538,0.13640438975849317,0.2324468085106383
2906,0.3724521033062381,0.1005284709044262,0.1373516424651494,0.249468085106383
2907,0.37963791764703675,0.09992287770620675,0.13593076340516508,0.27287234042553193
2908,0.27207762298792415,0.14503957097355466,0.13593076340516508,0.22393617021276596
2909,0.21481802871440217,0.1547290621450656,0.15298131212497673,0.23351063829787233
2910,0.11860375669865583,0.14958151996020042,0.20508021099106788,0.24468085106382978
2911,0.07700167367297936,0.10446482669285252,0.215026364410958,0.26063829787234044
2912,0.0608903215193992,0.11718228385546064,0.20555383734439597,0.2526595744680851
2913,0.045686651177288345,0.2773616847845012,0.20839559546436456,0.26170212765957446
2914,0.009984499926162354,0.32217558145273933,0.2159736171176142,0.24680851063829787
2915,0.0,0.36244752913433176,0.2202362542975671,0.23670212765957446
2916,0.0,0.3500328685708334,0.22355163877086381,0.24680851063829787
2917,0.0,0.38939642645509664,0.21928900159091091,0.2579787234042553
2918,0.0,0.4063530360052408,0.22449889147752003,0.2542553191489362
2919,0.0,0.4066558326043505,0.22070988065089522,0.2351063829787234
2920,0.0,0.4750878640031467,0.219762627944239,0.2712765957446808
2921,0.0,0.42633761154648214,0.21928900159091091,0.27074468085106385
2922,0.0,0.3803125284818051,0.21928900159091091,0.2569148936170213
2923,0.0,0.31188049708300897,0.20981647452434887,0.2590425531914894
2924,0.0,0.3264147338402754,0.20934284817102078,0.29840425531914894
2925,0.00045384090573465243,0.32187278485362963,0.20129120016444305,0.30159574468085104
2926,0.023297166494378827,0.3612363427378929,0.19371317851119343,0.3776595744680851
2927,0.10309752575272188,0.3912132060497549,0.19418680486452153,0.3962765957446808
2928,0.24046003988841003,0.4224012557580558,0.20460658463773976,0.4031914893617021
2929,0.3993043568955384,0.4463221870877235,0.20650109005105216,0.38351063829787235
2930,0.5328848634834378,0.48689693136842566,0.15677032295160154,0.3840425531914894
2931,0.5997507569283432,0.5489702341859177,0.1416142796451023,0.3478723404255319
2932,0.6086762947411247,0.5595681151547578,0.1430351587050866,0.30957446808510636
2933,0.5443821664287156,0.6131631131971778,0.15298131212497673,0.32872340425531915
2934,0.4739611858888887,0.6177050621838236,0.15392856483163292,0.3792553191489362
2935,0.3754777093444691,0.5989316730390211,0.154402191184961,0.3920212765957447
2936,0.22714737332019355,0.5922701478586073,0.17524175073139747,0.38563829787234044
2937,0.07889267744687375,0.5816722668897671,0.24154944019733166,0.3776595744680851
2938,0.017019033965049467,0.5901505716648393,0.20129120016444305,0.3898936170212766
2939,0.00045384090573465243,0.5816722668897671,0.16955823449146026,0.38776595744680853
2940,0.0,0.5371611668206387,0.15771757565825772,0.37659574468085105
2941,0.0,0.560476504952087,0.15582307024494532,0.38085106382978723
2942,0.0,0.5450338783974914,0.15771757565825772,0.3920212765957447
2943,0.0,0.5329220144331027,0.15487581753828913,0.38457446808510637
2944,0.0,0.4984032021345949,0.14777142223836762,0.33882978723404256
2945,0.0,0.5165709980811779,0.1435087850584147,0.26595744680851063
2946,0.0,0.5074871001078864,0.1435087850584147,0.2973404255319149
2947,0.0,0.4705459150165009,0.1425615323517585,0.2867021276595745
2948,0.0,0.47629905039958553,0.1435087850584147,0.27180851063829786
2949,0.0009076818114693049,0.4884109143639742,0.1425615323517585,0.27074468085106385
2950,0.036836753515462624,0.4708487116156106,0.1425615323517585,0.3398936170212766
2951,0.15173414281728548,0.4708487116156106,0.13166812622521215,0.3484042553191489
2952,0.30717465303140395,0.4566172714574539,0.12361647821863445,0.38085106382978723
2953,0.44552048912951714,0.46267320343964824,0.12124834645199394,0.36436170212765956
2954,0.5055031288374471,0.5126346422927516,0.12266922551197824,0.3680851063829787
2955,0.5578461132988436,0.5192961674731654,0.12314285186530634,0.3159574468085106
2956,0.587345772171596,0.5241409130589209,0.09946153419890127,0.30425531914893617
2957,0.5663178102058904,0.5053675239141184,0.10088241325888558,0.3122340425531915
2958,0.48402132596600683,0.4999171851301435,0.11224944573876001,0.37340425531914895
2959,0.3568702322093484,0.564715657339623,0.11745933562536913,0.3702127659574468
2960,0.22094488094181997,0.6083183676114223,0.17666262979138178,0.38085106382978723
2961,0.08857461676921301,0.586214215876413,0.18802966227125623,0.3627659574468085
2962,0.01580879154975706,0.522929726662482,0.19655493663116205,0.37446808510638296
2963,0.00045384090573465243,0.4451110006912846,0.1482450485916957,0.37446808510638296
2964,0.0,0.39666354483372984,0.13450988434518077,0.3771276595744681
2965,0.0,0.39212159584708406,0.13214175257854027,0.3680851063829787
2966,0.0,0.409381001996338,0.12882636810524356,0.3659574468085106
2967,0.0,0.3842488842702314,0.12030109374533773,0.3781914893617021
2968,0.0,0.3703202407111844,0.11035494032544761,0.2845744680851064
2969,0.0,0.34125176719665157,0.107513182205479,0.2569148936170213
2970,0.0,0.2707001596040874,0.1084604349121352,0.251063829787234
2971,0.0,0.23678694050379903,0.1084604349121352,0.25851063829787235
2972,0.0,0.23890651669756705,0.107513182205479,0.26861702127659576
2973,0.001285882566248182,0.2413288894904448,0.1070395558521509,0.2478723404255319
2974,0.04576229132824412,0.22134431394920345,0.10182966596554179,0.2723404255319149
2975,0.16807241542373297,0.19045906084001227,0.09756702878558887,0.25957446808510637
2976,0.32895901650666726,0.16381296011835714,0.09709340243226076,0.26595744680851063
2977,0.46594332988757653,0.12535779203142303,0.09709340243226076,0.30372340425531913
2978,0.5657126889982442,0.10718999608483998,0.09851428149224507,0.28297872340425534
2979,0.6185851545163313,0.1096123688777177,0.09709340243226076,0.26595744680851063
2980,0.6204005181392699,0.13928643559047002,0.09614614972560456,0.26276595744680853
2981,0.5899175373040924,0.2013597384079621,0.1060923031454947,0.2803191489361702
2982,0.5054274886864912,0.23739253370201846,0.1060923031454947,0.23085106382978723
2983,0.38493272821394103,0.2295198221251658,0.1084604349121352,0.26276595744680853
2984,0.2380395550578252,0.23042821192249496,0.15629669659827344,0.28829787234042553
2985,0.11119102190498985,0.21498558536789938,0.1870824095646,0.31329787234042555
2986,0.019136958191811177,0.19348702683110944,0.20744834275770838,0.30106382978723406
2987,0.0008320416605135294,0.14110321518512833,0.21171097993766128,0.3069148936170213
2988,0.0,0.0869026239444889,0.14966592765168002,0.29202127659574467
2989,0.0,0.06298169261482123,0.13593076340516508,0.300531914893617
2990,0.0,0.047539066060225635,0.13356263163852458,0.274468085106383
2991,0.0,0.03421601569939807,0.12787911539858735,0.2978723404255319
2992,0.0,0.0260405075234357,0.11414395115207242,0.32659574468085106
2993,0.0,0.02240694833411909,0.1051450504388385,0.3090425531914894
2994,0.0,0.01756220274836361,0.1060923031454947,0.3228723404255319
2995,0.0,0.01998457554124135,0.10656592949882279,0.33882978723404256
2996,0.0,0.021195761937680222,0.10656592949882279,0.3595744680851064
2997,0.002420484830584813,0.016956609550144178,0.10656592949882279,0.36329787234042554
2998,0.04273668529001311,0.021498558536789936,0.10656592949882279,0.3861702127659574
2999,0.11156922265976872,0.05874254022728518,0.10467142408551039,0.3824468085106383
3000,0.14417012772170792,0.07721313277297795,0.11367032479874431,0.3696808510638298
3001,0.18494016908687086,0.057531353830846316,0.10656592949882279,0.4031914893617021
3002,0.2033207257691243,0.04360271027179931,0.10230329231886988,0.4223404255319149
3003,0.2870543728771677,0.016351016351924742,0.09188351254565165,0.3292553191489362
3004,0.42585404988101555,0.0033307625902068917,0.07814834829913672,0.3303191489361702
3005,0.49514042815650583,0.0024223727928777395,0.09093625983899545,0.41648936170212764
3006,0.46579204958566495,0.020892965338570504,0.09567252337227647,0.44468085106382976
3007,0.3521049026991345,0.03724398169049525,0.09661977607893267,0.46117021276595743
3008,0.23357678615143446,0.04178593067714101,0.09709340243226076,0.44468085106382976
3009,0.11693967337762878,0.044511100069128465,0.11130219303210381,0.44042553191489364
3010,0.02488560966445011,0.056017370835297724,0.17097911355144457,0.43351063829787234
3011,0.0003025606038231016,0.06631245520502811,0.17524175073139747,0.44148936170212766
3012,0.0,0.05662296403351716,0.16908460813813217,0.4329787234042553
3013,0.0,0.048750252456664506,0.15298131212497673,0.4228723404255319
3014,0.0,0.07781872597119738,0.13356263163852458,0.41117021276595744
3015,0.0,0.0711572007907836,0.13593076340516508,0.4452127659574468
3016,0.0,0.045722286465567336,0.11745933562536913,0.4478723404255319
3017,0.0,0.0451166932673479,0.11367032479874431,0.47712765957446807
3018,0.0,0.05783415042995603,0.11367032479874431,0.4978723404255319
3019,0.0,0.07509355657920992,0.10467142408551039,0.4845744680851064
3020,0.0,0.07539635317831964,0.09804065513891697,0.4723404255319149
3021,0.0018910037738943852,0.07569914977742936,0.09898790784557317,0.4877659574468085
3022,0.04977121932890022,0.0399691510824827,0.09425164431229216,0.5393617021276595
3023,0.19507594931494476,0.021801355135899654,0.08383186453907393,0.5845744680851064
3024,0.3550548685864098,0.023315338131448243,0.08335823818574584,0.5968085106382979
3025,0.48455080702269726,0.03239923610473976,0.07767472194580861,0.5851063829787234
3026,0.5794035563212396,0.03754677828960496,0.07483296382584001,0.5537234042553192
3027,0.632124741537415,0.036941185091385526,0.07814834829913672,0.5196808510638298
3028,0.6568590708999537,0.03179364290652033,0.07814834829913672,0.49042553191489363
3029,0.6204761582902256,0.018470592545692763,0.0753065901791681,0.5255319148936171
3030,0.5392386361637229,0.007872711576852653,0.08241098547908962,0.5702127659574469
3031,0.4315270612026987,0.005753135383084631,0.08667362265904253,0.5792553191489361
3032,0.29703887280333,0.0054503387839749135,0.09709340243226076,0.5845744680851064
3033,0.1442457678726637,0.010597880968840111,0.16387471825152305,0.5877659574468085
3034,0.030558620986133263,0.014534236757266438,0.23870768207736306,0.575
3035,0.0,0.018167795946583045,0.17855713520469418,0.5904255319148937
3036,0.0,0.04118033747892157,0.1387725215251337,0.5920212765957447
3037,0.0,0.05117262524954225,0.13356263163852458,0.5914893617021276
3038,0.0,0.07660753957475851,0.1070395558521509,0.5952127659574468
3039,0.0,0.12202702944121613,0.10230329231886988,0.6132978723404255
3040,0.0,0.2361813473055796,0.08762087536569874,0.48351063829787233
3041,0.0,0.30491617530348547,0.08809450171902684,0.36648936170212765
3042,0.0,0.3370126148091155,0.08904175442568305,0.326063829787234
3043,0.0,0.31702803926787415,0.08904175442568305,0.2973404255319149
3044,0.0,0.2970434637266328,0.08809450171902684,0.33297872340425533
3045,0.0014371628681597328,0.2658554140183319,0.08762087536569874,0.4430851063829787
3046,0.04780457540405006,0.2564687194459307,0.08667362265904253,0.5920212765957447
3047,0.17117366161291975,0.2843260065640247,0.0696230739392309,0.6143617021276596
3048,0.32487444835505536,0.28947354874888986,0.06725494217259038,0.6207446808510638
3049,0.45853059509391053,0.3133944800785575,0.06772856852591849,0.6042553191489362
3050,0.5629896435638364,0.35487761415658886,0.06630768946593418,0.6260638297872341
3051,0.5651075677905981,0.42815439114114046,0.06678131581926229,0.5521276595744681
3052,0.5384822346541651,0.49870599873370464,0.07388571111918381,0.5111702127659574
3053,0.4887110153252649,0.5011283715265824,0.0753065901791681,0.5542553191489362
3054,0.4388641558454089,0.5199017606713848,0.08572636995238633,0.6127659574468085
3055,0.33228718314872135,0.5420059124063942,0.09661977607893267,0.6351063829787233
3056,0.22260896426284701,0.49386125314794915,0.09804065513891697,0.6287234042553191
3057,0.11361150673557466,0.43966066190730974,0.14777142223836762,0.6265957446808511
3058,0.020271560456147808,0.30552176850170487,0.2472329564372689,0.6239361702127659
3059,0.0006051212076462032,0.3127888868803381,0.2126582326443175,0.6324468085106383
3060,0.0,0.284023209964915,0.15961208107157013,0.6170212765957447
3061,0.0,0.28735397255512185,0.13403625799185268,0.6436170212765957
3062,0.0,0.2413288894904448,0.1051450504388385,0.6329787234042553
3063,0.0,0.1943954166284386,0.09188351254565165,0.6420212765957447
3064,0.0,0.1320193172118368,0.08998900713233925,0.5468085106382978
3065,0.0,0.09628931851689014,0.09046263348566735,0.4085106382978723
3066,0.0,0.10507041989107195,0.09140988619232356,0.3553191489361702
3067,0.0,0.1180906736527898,0.08998900713233925,0.3627659574468085
3068,0.0,0.14988431655931014,0.09046263348566735,0.3925531914893617
3069,0.0013615227172039572,0.20892965338570504,0.09093625983899545,0.4925531914893617
3070,0.04311488604479198,0.24950439766640717,0.08335823818574584,0.6569148936170213
3071,0.15294438523257786,0.2295198221251658,0.08193735912576153,0.699468085106383
3072,0.31564634993845075,0.22164711054831315,0.08241098547908962,0.7138297872340426
3073,0.4305437392402736,0.2504127874637363,0.0734120847658557,0.6686170212765957
3074,0.5211606400852925,0.3067329548981438,0.0734120847658557,0.6388297872340426
3075,0.5384065945032094,0.4947696429452783,0.08714724901237064,0.5718085106382979
3076,0.5398437573713691,0.6098323506069709,0.07483296382584001,0.49042553191489363
3077,0.5557281890720819,0.6437455697072593,0.07814834829913672,0.5335106382978724
3078,0.5064108106489164,0.6570686200680869,0.08525274359905824,0.6569148936170213
3079,0.43697315207151455,0.662216162252952,0.08004285371244912,0.6728723404255319
3080,0.3029388045778805,0.6716028568253533,0.08809450171902684,0.6819148936170213
3081,0.13410998764458978,0.6691804840324755,0.13356263163852458,0.675
3082,0.02934837857084086,0.6594909928609646,0.23728680301737876,0.6675531914893617
3083,0.0,0.634358875134858,0.2145527380576299,0.698936170212766
3084,0.0,0.6155854859900556,0.14208790599843038,0.6829787234042554
3085,0.0,0.5759191315066826,0.1387725215251337,0.6888297872340425
3086,0.0,0.5214157436669334,0.12598460998527494,0.6930851063829787
3087,0.0,0.5423087090055039,0.10040878690555748,0.6946808510638298
3088,0.0,0.5635044709431841,0.08998900713233925,0.5994680851063829
3089,0.0,0.586214215876413,0.09046263348566735,0.42446808510638295
3090,0.0,0.5940869274532656,0.08572636995238633,0.3803191489361702
3091,0.0,0.6058959948185446,0.08241098547908962,0.3675531914893617
3092,0.0,0.592572944457717,0.08146373277243342,0.400531914893617
3093,0.0019666439248501606,0.581975063488877,0.08004285371244912,0.4808510638297872
3094,0.04719945419640385,0.5671380301325007,0.07956922735912102,0.6680851063829787
3095,0.15135594206250658,0.5762219281057923,0.06914944758590279,0.7021276595744681
3096,0.289626138009664,0.6104379438051903,0.06678131581926229,0.6792553191489362
3097,0.4245681673147674,0.6422315867117107,0.058729667812684565,0.6569148936170213
3098,0.5025531629501718,0.6540406540769896,0.06630768946593418,0.6696808510638298
3099,0.5663934503568463,0.6682720942351463,0.06109779957932507,0.6159574468085106
3100,0.5887072948888,0.6743280262173408,0.06109779957932507,0.5638297872340425
3101,0.5773612722454337,0.6770531956093282,0.0686758212325747,0.5569148936170213
3102,0.500132678119587,0.6758420092128893,0.08998900713233925,0.648936170212766
3103,0.37472130783491137,0.6770531956093282,0.11177581938543191,0.6579787234042553
3104,0.2765403918943149,0.671905653424463,0.11793296197869722,0.6787234042553192
3105,0.1217806430387984,0.6652441282440492,0.18424065144463142,0.6707446808510639
3106,0.022616405135776847,0.6410204003152719,0.2543373517371904,0.6654255319148936
3107,0.0,0.606501588016764,0.20697471640438028,0.6872340425531915
3108,0.0,0.5565401491636607,0.1818725196779909,0.6946808510638298
3109,0.0,0.5044591341167892,0.1813988933246628,0.6829787234042554
3110,0.0,0.4632787966378677,0.1525076857716486,0.6808510638297872
3111,0.0,0.39514956183818123,0.12882636810524356,0.6904255319148936
3112,0.0,0.3427657501922001,0.10656592949882279,0.5851063829787234
3113,0.0,0.3155140562723256,0.10372417137885419,0.425531914893617
3114,0.0,0.3067329548981438,0.1051450504388385,0.3638297872340426
3115,0.0,0.302191005911498,0.10372417137885419,0.36436170212765956
3116,0.0,0.29886024332129113,0.08762087536569874,0.3792553191489362
3117,0.0005294810566904279,0.27342532899607486,0.08951538077901115,0.4973404255319149
3118,0.01580879154975706,0.24889880446818774,0.09046263348566735,0.6638297872340425
3119,0.06278132529329358,0.22618905953495894,0.0719912057058714,0.6771276595744681
3120,0.24484716864384498,0.20529609419638842,0.0772010955924805,0.6813829787234043
3121,0.4847020873246088,0.16199618052369882,0.07672746923915241,0.6643617021276595
3122,0.5657883291492001,0.13080813081539794,0.08904175442568305,0.6840425531914893
3123,0.6308388589711669,0.12232982604032584,0.1079868085588071,0.6287234042553191
3124,0.644302805841295,0.13232211381094652,0.07104395299921519,0.5675531914893617
3125,0.6087519348920805,0.1423144015815672,0.0724648320591995,0.574468085106383
3126,0.5338681854458628,0.19590939962398718,0.07767472194580861,0.6611702127659574
3127,0.42933349682498123,0.206810077191937,0.0753065901791681,0.6569148936170213
3128,0.28622233121665414,0.18107236626761103,0.09188351254565165,0.6978723404255319
3129,0.1356227906637053,0.12202702944121613,0.1870824095646,0.6925531914893617
3130,0.027533014947902248,0.06691804840324755,0.266651636923721,0.6819148936170213
3131,0.0014371628681597328,0.047539066060225635,0.23302416583742586,0.6904255319148936
3132,0.0,0.036032795294056376,0.1804516406180066,0.6851063829787234
3133,0.0,0.020892965338570504,0.16340109189819496,0.674468085106383
3134,0.0,0.011203474167059545,0.1079868085588071,0.6872340425531915
3135,0.0,0.0027251693919874568,0.09709340243226076,0.6702127659574468
3136,0.0,0.0009083897973291524,0.08714724901237064,0.5579787234042554
3137,0.0,0.0012111863964388697,0.08619999630571444,0.40106382978723404
3138,0.0,0.0009083897973291524,0.08619999630571444,0.3276595744680851
3139,0.0,0.0009083897973291524,0.08525274359905824,0.2904255319148936
3140,0.0,0.0012111863964388697,0.08430549089240204,0.2622340425531915
3141,0.0014371628681597328,0.0033307625902068917,0.08525274359905824,0.28404255319148936
3142,0.04576229132824412,0.006358728581304066,0.08193735912576153,0.27074468085106385
3143,0.1501456996472142,0.0015139829955485872,0.08241098547908962,0.29627659574468085
3144,0.2633033654770542,0.0027251693919874568,0.08146373277243342,0.33085106382978724
3145,0.38561348957254304,0.0024223727928777395,0.07862197465246482,0.32340425531914896
3146,0.5309182195585875,0.0015139829955485872,0.08004285371244912,0.35319148936170214
3147,0.5821266017556476,0.0018167795946583047,0.08335823818574584,0.35851063829787233
3148,0.5856816888505689,0.0033307625902068917,0.08383186453907393,0.2978723404255319
3149,0.5781933139059472,0.0066615251804137835,0.08335823818574584,0.26861702127659576
3150,0.5131427840839804,0.007872711576852653,0.08241098547908962,0.2771276595744681
3151,0.39484158798914765,0.0036335591893166094,0.08430549089240204,0.30159574468085104
3152,0.2925761038969393,0.002119576193768022,0.12456373092529065,0.29521276595744683
3153,0.13728687398473235,0.0012111863964388697,0.19987032110445876,0.298936170212766
3154,0.025415090721140537,0.0009083897973291524,0.3012263607166724,0.26861702127659576
3155,0.0009833219624250803,0.0006055931982194349,0.3092780087232502,0.2521276595744681
3156,0.0,0.0009083897973291524,0.2775450430502674,0.2856382978723404
3157,0.0,0.004844745585755479,0.19702856298449015,0.2632978723404255
3158,0.0,0.006358728581304066,0.1411406532917742,0.26382978723404255
3159,0.0,0.013928643559047002,0.12503735727861875,0.25638297872340426
3160,0.0,0.026646100721655134,0.08904175442568305,0.274468085106383
3161,0.0,0.016048219752815025,0.08809450171902684,0.27393617021276595
3162,0.0,0.00938669457240124,0.08714724901237064,0.27074468085106385
3163,0.0,0.012111863964388698,0.08856812807235495,0.275531914893617
3164,0.0,0.023012541532338525,0.08951538077901115,0.2781914893617021
3165,0.0012102424152924064,0.03239923610473976,0.08998900713233925,0.26382978723404255
3166,0.03539959064730289,0.03724398169049525,0.08809450171902684,0.28138297872340423
3167,0.1411445216834769,0.03724398169049525,0.06725494217259038,0.29202127659574467
3168,0.278507035819165,0.04087754087981185,0.06678131581926229,0.27925531914893614
3169,0.38334428504386975,0.06661525180413784,0.06725494217259038,0.27074468085106385
3170,0.4902238183443804,0.08962779333647636,0.06678131581926229,0.2654255319148936
3171,0.5561820299778165,0.12596338522964245,0.0696230739392309,0.2670212765957447
3172,0.5441552459758483,0.15321507914951701,0.06393955769929367,0.27287234042553193
3173,0.5064108106489164,0.1613905873254794,0.06393955769929367,0.29521276595744683
3174,0.39650567131017467,0.17683321388007497,0.08051648006577722,0.27180851063829786
3175,0.24832661558781066,0.17108007849699036,0.08146373277243342,0.2569148936170213
3176,0.1375137944375997,0.14140601178423803,0.08193735912576153,0.251063829787234
3177,0.0778337153334929,0.09326135252579297,0.14019340058511798,0.26648936170212767
3178,0.01618699230453594,0.057228557231736595,0.2927010863567666,0.2670212765957447
3179,0.0009833219624250803,0.03179364290652033,0.3604296548826851,0.2654255319148936
3180,0.0,0.032702032703849485,0.3253813047364056,0.2643617021276596
3181,0.0,0.0330048293029592,0.2519692199705499,0.24308510638297873
3182,0.0,0.06207330281749208,0.17855713520469418,0.25053191489361704
3183,0.0,0.06722084500235727,0.1411406532917742,0.24680851063829787
3184,0.0,0.11778787705368009,0.12740548904525925,0.2553191489361702
3185,0.0,0.4220984591589461,0.08809450171902684,0.23404255319148937
3186,0.0,0.5410975226090651,0.08572636995238633,0.28297872340425534
3187,0.0,0.6491959084912342,0.08477911724573013,0.2851063829787234
3188,0.0,0.6552518404734285,0.08572636995238633,0.34627659574468084
3189,0.0001512803019115508,0.657977009865416,0.08099010641910533,0.45159574468085106
3190,0.033054745967673854,0.6519210778832216,0.08241098547908962,0.6537234042553192
3191,0.13789199519237857,0.6637301452485006,0.09283076525230785,0.6893617021276596
3192,0.23334986569856714,0.6864398901817295,0.08619999630571444,0.6696808510638298
3193,0.3459024103207609,0.6888622629746072,0.0715175793525433,0.6526595744680851
3194,0.4487730156206155,0.6934042119612529,0.08051648006577722,0.674468085106383
3195,0.5065620909508279,0.6915874323665946,0.09188351254565165,0.5968085106382979
3196,0.5132184242349361,0.6828063309924128,0.09140988619232356,0.5994680851063829
3197,0.46730485260478044,0.6803839581995351,0.09804065513891697,0.6159574468085106
3198,0.4285014551644677,0.6734196364200116,0.107513182205479,0.6622340425531915
3199,0.3026362439740574,0.6743280262173408,0.11414395115207242,0.7
3200,0.17972099867092237,0.676144805811999,0.12077472009866583,0.700531914893617
3201,0.07685039337106782,0.6867426867808392,0.22307801241753572,0.7218085106382979
3202,0.016338272606447487,0.6752364160146699,0.3016999870700005,0.7132978723404255
3203,0.0,0.6673637044378172,0.33816921627626434,0.6936170212765957
3204,0.0,0.6700888738298046,0.2614417470371119,0.6872340425531915
3205,0.0,0.6770531956093282,0.23397141854408204,0.7164893617021276
3206,0.0,0.6607021792574035,0.19229229945120913,0.7095744680851064
3207,0.0,0.6283029431526637,0.16482197095817924,0.7180851063829787
3208,0.0,0.6210358247740304,0.154402191184961,0.5819148936170213
3209,0.0,0.6040792152238863,0.144929664118399,0.4085106382978723
3210,0.0,0.595903707047924,0.13498351069850886,0.36117021276595745
3211,0.0,0.5804610804933283,0.12361647821863445,0.3484042553191489
3212,0.0,0.574405148511134,0.12219559915865014,0.3771276595744681
3213,0.000756401509557754,0.5607793015511967,0.12077472009866583,0.5042553191489362
3214,0.02155744302239599,0.562596081145855,0.12172197280532204,0.6968085106382979
3215,0.062176204085647384,0.552906589974344,0.11840658833202533,0.7191489361702128
3216,0.1319920634178281,0.5414003192081748,0.11603845656538482,0.7021276595744681
3217,0.21459110826153482,0.522929726662482,0.11130219303210381,0.6819148936170213
3218,0.36027403900235827,0.5147542184865196,0.09093625983899545,0.7074468085106383
3219,0.4005145993108308,0.4747850674040369,0.09614614972560456,0.6287234042553191
3220,0.42033231886124395,0.4865941347693159,0.08809450171902684,0.551595744680851
3221,0.4432512846008439,0.5671380301325007,0.08146373277243342,0.526595744680851
3222,0.41102858029368355,0.5501814205823565,0.08525274359905824,0.6893617021276596
3223,0.3570215125112599,0.5202045572704945,0.10419779773218228,0.700531914893617
3224,0.267085373024843,0.5253520994553598,0.11509120385872862,0.7148936170212766
3225,0.13184078311591654,0.48871371096308397,0.20744834275770838,0.698404255319149
3226,0.031995783854293,0.4463221870877235,0.2661780105703929,0.701063829787234
3227,0.002420484830584813,0.39817752782927845,0.252442846323878,0.7047872340425532
3228,0.0,0.3457937161832973,0.2173944961775985,0.7095744680851064
3229,0.0,0.314000073276777,0.1795043879113504,0.7345744680851064
3230,0.0,0.3143028698758867,0.15866482836491394,0.6888297872340425
3231,0.0,0.32217558145273933,0.15677032295160154,0.6803191489361702
3232,0.0,0.3491244787735042,0.14019340058511798,0.5787234042553191
3233,0.0,0.3818265114773537,0.1439824114117428,0.3829787234042553
3234,0.0,0.39848032442838816,0.13166812622521215,0.34627659574468084
3235,0.0,0.409381001996338,0.12693186269193116,0.33297872340425533
3236,0.0,0.4166481203749712,0.11319669844541622,0.3776595744680851
3237,0.000756401509557754,0.40574744280702135,0.12409010457196254,0.4856382978723404
3238,0.04545973072442102,0.3700174441120747,0.12598460998527494,0.6324468085106383
3239,0.18251968425628606,0.3797069352835857,0.12551098363194685,0.6978723404255319
3240,0.34370884594304346,0.3930299856444132,0.13214175257854027,0.6946808510638298
3241,0.4669266518500016,0.3424629535930904,0.12929999445857165,0.6840425531914893
3242,0.5657883291492001,0.2985574467221814,0.10182966596554179,0.6797872340425531
3243,0.611928821232223,0.30976092088924095,0.10656592949882279,0.6202127659574468
3244,0.6359067490852038,0.36517269852631923,0.09140988619232356,0.601063829787234
3245,0.6156351886290561,0.40544464620791165,0.08241098547908962,0.6329787234042553
3246,0.557392272393109,0.4130145611856546,0.1051450504388385,0.6962765957446808
3247,0.4604215988678049,0.45722286465567336,0.1108285666787757,0.725
3248,0.31390662646646794,0.5147542184865196,0.12929999445857165,0.7558510638297873
3249,0.14901109738287754,0.5922701478586073,0.19844944204447446,0.7388297872340426
3250,0.02866761721223888,0.5965093002461433,0.24486482467062837,0.749468085106383
3251,0.0013615227172039572,0.534738794027761,0.30406811883664103,0.7484042553191489
3252,0.0,0.5041563375176795,0.23728680301737876,0.7223404255319149
3253,0.0,0.5026423545221309,0.22544614418417622,0.7510638297872341
3254,0.0,0.5362527770233095,0.19229229945120913,0.7819148936170213
3255,0.0,0.5374639634197484,0.14966592765168002,0.7611702127659574
3256,0.0,0.558356928758319,0.13261537893186837,0.6026595744680852
3257,0.0,0.5856086226781935,0.13545713705183698,0.44893617021276594
3258,0.0,0.6004456560345697,0.13640438975849317,0.3952127659574468
3259,0.0,0.6276973499544443,0.13545713705183698,0.33670212765957447
3260,0.0,0.6376896377250649,0.13640438975849317,0.32393617021276594
3261,0.0024961249815405886,0.6616105690547326,0.1373516424651494,0.3351063829787234
3262,0.059226238198372146,0.6779615854066573,0.11461757750540051,0.349468085106383
3263,0.2032450856181685,0.671905653424463,0.1098813139721195,0.42340425531914894
3264,0.36677909198455494,0.6706944670280242,0.09804065513891697,0.5175531914893617
3265,0.49937627661002926,0.6779615854066573,0.09235713889897976,0.6117021276595744
3266,0.5710074995651485,0.6815951445959739,0.10040878690555748,0.7239361702127659
3267,0.5868919312658614,0.6849259071861808,0.08998900713233925,0.6973404255319149
3268,0.5784958745097704,0.6885594663754975,0.08714724901237064,0.698936170212766
3269,0.5136722651406708,0.6837147207897419,0.10467142408551039,0.7281914893617021
3270,0.49347634483547875,0.68583429698351,0.1406670269384461,0.6675531914893617
3271,0.40611197048155817,0.5550261661681121,0.1482450485916957,0.6920212765957446
3272,0.31072974012632537,0.6549490438743188,0.15108680671166433,0.7563829787234042
3273,0.20657325226022263,0.6537378574778799,0.19466043121784965,0.7664893617021277
3274,0.09825655609155226,0.588333792070181,0.23965493478401925,0.7473404255319149
3275,0.0005294810566904279,0.46479277963341625,0.27186152681033016,0.749468085106383
3276,0.0,0.3476104957779556,0.24675933008394077,0.7601063829787233
3277,0.0,0.2522295670583946,0.22876152865747293,0.7452127659574468
3278,0.0,0.18803668804713453,0.219762627944239,0.7212765957446808
3279,0.0,0.14049762198690888,0.1870824095646,0.6840425531914893
3280,0.0,0.11264033486881489,0.16482197095817924,0.5664893617021277
3281,0.0,0.12232982604032584,0.13119449987188406,0.3930851063829787
3282,0.0,0.13292770700916595,0.12219559915865014,0.31117021276595747
3283,0.0,0.1386808423922506,0.10040878690555748,0.30372340425531913
3284,0.0,0.137166859396702,0.09851428149224507,0.2973404255319149
3285,0.0012102424152924064,0.13989202878868945,0.09898790784557317,0.30319148936170215
3286,0.06376464725571866,0.13413889340560484,0.09898790784557317,0.3202127659574468
3287,0.10529109013043937,0.12475219883320358,0.09946153419890127,0.39574468085106385
3288,0.23304730509474403,0.0817550817596237,0.08951538077901115,0.5287234042553192
3289,0.36904829651322824,0.08145228516051399,0.08430549089240204,0.6813829787234043
3290,0.44990761788495215,0.06994601439434472,0.08572636995238633,0.6968085106382979
3291,0.49158534106158436,0.08962779333647636,0.11840658833202533,0.6898936170212766
3292,0.42645917108866177,0.09840889471065817,0.10656592949882279,0.6723404255319149
3293,0.40747349319876214,0.10083126750353591,0.09330439160563596,0.6829787234042554
3294,0.34151528156532596,0.09447253892223184,0.1051450504388385,0.6813829787234043
3295,0.2887940963491505,0.08266347155695286,0.107513182205479,0.7457446808510638
3296,0.20400148712772628,0.06116491302016292,0.12977362081189975,0.7531914893617021
3297,0.0993155182049331,0.046630676262896485,0.20508021099106788,0.7430851063829788
3298,0.027306094495034922,0.029674066712752308,0.27233515316365825,0.7367021276595744
3299,0.002193564377717487,0.025434914325216263,0.26901976869036154,0.7329787234042553
3300,0.0,0.018470592545692763,0.23160328677744155,0.7574468085106383
3301,0.0,0.02482932112699683,0.21313185899764558,0.7537234042553191
3302,0.0,0.026343304122545416,0.15582307024494532,0.7191489361702128
3303,0.0,0.057228557231736595,0.1454032904717271,0.675531914893617
3304,0.0,0.07145999738989331,0.1463505431783833,0.5803191489361702
3305,0.0,0.09931728450798732,0.12124834645199394,0.4095744680851064
3306,0.0,0.11566830085991206,0.11367032479874431,0.3148936170212766
3307,0.0,0.14110321518512833,0.1089340612654633,0.3
3308,0.0,0.14988431655931014,0.09519889701894836,0.27606382978723404
3309,0.0019666439248501606,0.15594024854150448,0.09472527066562027,0.300531914893617
3310,0.038122636081710806,0.12778016482430077,0.09472527066562027,0.30372340425531913
3311,0.13395870734267826,0.11203474167059545,0.09425164431229216,0.29521276595744683
3312,0.27729679340387264,0.1111263518732663,0.08430549089240204,0.2712765957446808
3313,0.4285770953154235,0.13323050360827568,0.10230329231886988,0.2781914893617021
3314,0.4942327463450365,0.16714372270856404,0.10277691867219799,0.28936170212765955
3315,0.4767598714742524,0.17289685809164865,0.15961208107157013,0.30638297872340425
3316,0.41488622799242814,0.18985346764179284,0.2159736171176142,0.29095744680851066
3317,0.36216504277625267,0.2083240601874856,0.13971977423178988,0.23670212765957446
3318,0.3539959064730289,0.23708973710290876,0.1094076876187914,0.2643617021276596
3319,0.30309008487979205,0.24344846568421283,0.1070395558521509,0.2276595744680851
3320,0.1749556691607085,0.2682777868112097,0.11177581938543191,0.31117021276595747
3321,0.06943765857740182,0.28977634534799956,0.1444560377650709,0.2867021276595745
3322,0.01497674988924353,0.2637358378245639,0.210290100877677,0.28404255319148936
3323,0.0013615227172039572,0.19045906084001227,0.24060218749067547,0.2856382978723404
3324,0.0,0.16441855331657657,0.2505483409105656,0.28404255319148936
3325,0.0,0.17138287509610006,0.16529559731150736,0.26382978723404255
3326,0.0,0.14806753696465183,0.12598460998527494,0.2670212765957447
3327,0.0,0.1647213499156863,0.1439824114117428,0.2712765957446808
3328,0.0,0.1874310948489151,0.13687801611182127,0.28191489361702127
3329,0.0,0.1807695696685013,0.11035494032544761,0.2654255319148936
3330,0.0,0.1804667730693916,0.1094076876187914,0.275
3331,0.0,0.18985346764179284,0.1089340612654633,0.2579787234042553
3332,0.0,0.18652270505158594,0.1089340612654633,0.2643617021276596
3333,0.0008320416605135294,0.1601794009290405,0.11556483021205671,0.27393617021276595
3334,0.029575299023708184,0.1456451641717741,0.11982746739200963,0.26276595744680853
3335,0.10158472273360637,0.15533465534328506,0.13403625799185268,0.28404255319148936
3336,0.19053754025759825,0.16411575671746684,0.1373516424651494,0.2957446808510638
3337,0.3202603991467531,0.1632073669201377,0.10230329231886988,0.2781914893617021
3338,0.41450802723764923,0.15715143493794334,0.0772010955924805,0.26648936170212767
3339,0.4617074814340531,0.16744651930767374,0.0772010955924805,0.27287234042553193
3340,0.40202740232994627,0.1771360104791847,0.07483296382584001,0.25372340425531914
3341,0.35936635719088894,0.17986117987117214,0.0715175793525433,0.25
3342,0.31118358103206,0.16593253631212515,0.09283076525230785,0.25638297872340426
3343,0.24590613075722584,0.14988431655931014,0.11319669844541622,0.25372340425531914
3344,0.1596007185166861,0.12535779203142303,0.12172197280532204,0.2797872340425532
3345,0.08449004861760114,0.12778016482430077,0.1525076857716486,0.2872340425531915
3346,0.020952321814749788,0.1199074532474481,0.24770658279059699,0.28829787234042553
3347,0.0012102424152924064,0.10022567430531647,0.3168560303764998,0.27872340425531916
3348,0.0,0.09780330151243873,0.30596262424995346,0.27606382978723404
3349,0.0,0.07418516678188077,0.23349779219075395,0.26648936170212767
3350,0.0,0.05238381164598112,0.19750218933781824,0.26648936170212767
3351,0.0,0.029068473514532876,0.1889769149779124,0.2648936170212766
3352,0.0,0.024526524527887113,0.1809252669713347,0.2771276595744681
3353,0.0,0.030279659910971743,0.1406670269384461,0.2590425531914894
3354,0.0,0.06086211642105321,0.13119449987188406,0.2904255319148936
3355,0.0,0.0938669457240124,0.12645823633860304,0.3026595744680851
3356,0.0,0.123238215837655,0.10467142408551039,0.28297872340425534
3357,0.001664083321027059,0.15866541793349193,0.09898790784557317,0.28617021276595744
3358,0.038652117138401235,0.19378982343021917,0.10040878690555748,0.32074468085106383
3359,0.12049476047255023,0.2452652452788711,0.10277691867219799,0.40425531914893614
3360,0.18713373346458836,0.2307310085216047,0.11035494032544761,0.5015957446808511
3361,0.24091388079414466,0.18561431525425678,0.09993516055222938,0.6563829787234042
3362,0.26466488819425815,0.13958923218957975,0.08525274359905824,0.6797872340425531
3363,0.2706404601197644,0.16078499412725997,0.08998900713233925,0.6829787234042554
3364,0.28160828200835186,0.14049762198690888,0.09188351254565165,0.6957446808510638
3365,0.24046003988841003,0.11778787705368009,0.10182966596554179,0.6946808510638298
3366,0.2039258469767705,0.09477533552134156,0.1070395558521509,0.6680851063829787
3367,0.17911587746327617,0.11173194507148573,0.09425164431229216,0.7122340425531914
3368,0.11777171503814231,0.15170109615396843,0.09661977607893267,0.7074468085106383
3369,0.06081468136844343,0.16956609550144178,0.18660878321127192,0.7324468085106383
3370,0.014825469587331979,0.2134716023723508,0.2832285592902046,0.7287234042553191
3371,0.0013615227172039572,0.17986117987117214,0.2813340538768922,0.7382978723404255
3372,0.0,0.17471363768630696,0.24675933008394077,0.7361702127659574
3373,0.0,0.18198075606494019,0.17050548719811648,0.7244680851063829
3374,0.0,0.1862199084524762,0.1832933987379752,0.7202127659574468
3375,0.0,0.18349473906048877,0.1804516406180066,0.6505319148936171
3376,0.0,0.12899135122073963,0.2140791117043018,0.5473404255319149
3377,0.0,0.08538864094894032,0.2562318571505028,0.3547872340425532
3378,0.0,0.03784957488871468,0.16434834460485115,0.24361702127659574
3379,0.0,0.020892965338570504,0.12882636810524356,0.23404255319148937
3380,0.0,0.03058245651008146,0.11035494032544761,0.2601063829787234
3381,0.0005294810566904279,0.03179364290652033,0.1108285666787757,0.26276595744680853
3382,0.01664083321027059,0.021498558536789936,0.1089340612654633,0.2579787234042553
3383,0.06943765857740182,0.018167795946583045,0.12124834645199394,0.34414893617021275
3384,0.15400334734595872,0.008781101374181805,0.12219559915865014,0.4909574468085106
3385,0.25884059657066344,0.004239152387536044,0.0705703266458871,0.6382978723404256
3386,0.36216504277625267,0.0036335591893166094,0.05209889886609114,0.6856382978723404
3387,0.38682373198783543,0.004844745585755479,0.04973076709945064,0.6696808510638298
3388,0.3860673304782777,0.0054503387839749135,0.048309888039466335,0.6776595744680851
3389,0.3490792966609035,0.005147542184865197,0.05351977792607545,0.6617021276595745
3390,0.31050281967345805,0.0066615251804137835,0.056835162399372155,0.7047872340425532
3391,0.2398549186807638,0.008175508175962371,0.05351977792607545,0.675531914893617
3392,0.159978919271465,0.015139829955485871,0.09140988619232356,0.7292553191489362
3393,0.0673197343506401,0.02028737214035107,0.1856615305046157,0.7239361702127659
3394,0.012631905209614493,0.019378982343021916,0.2657043842170648,0.7175531914893617
3395,0.00045384090573465243,0.015745423153705307,0.2742296585769707,0.7345744680851064
3396,0.0,0.0030279659910971745,0.20555383734439597,0.7202127659574468
3397,0.0,0.0018167795946583047,0.16245383919153875,0.7079787234042553
3398,0.0,0.009689491171510958,0.13119449987188406,0.6872340425531915
3399,0.0,0.011506270766169262,0.12456373092529065,0.6218085106382979
3400,0.0,0.02937127011364259,0.1387725215251337,0.4824468085106383
3401,0.0,0.10264804709819421,0.1439824114117428,0.33297872340425533
3402,0.0,0.13262491041005622,0.13119449987188406,0.32393617021276594
3403,0.0,0.17138287509610006,0.1079868085588071,0.27180851063829786
3404,0.0,0.20741567039015643,0.09946153419890127,0.2723404255319149
3405,0.0013615227172039572,0.2065072805928273,0.10088241325888558,0.2702127659574468
3406,0.048031495856917385,0.24163168608955451,0.09614614972560456,0.2781914893617021
3407,0.13267282477643005,0.24465965208065169,0.08572636995238633,0.3553191489361702
3408,0.2651943692509486,0.22134431394920345,0.08430549089240204,0.4925531914893617
3409,0.36307272458772194,0.19742338261953576,0.0686758212325747,0.6728723404255319
3410,0.3626945238329431,0.1598766043299308,0.0734120847658557,0.7053191489361702
3411,0.3279756945442422,0.14837033356376153,0.08383186453907393,0.6914893617021277
3412,0.28251596381982114,0.14867313016287126,0.07862197465246482,0.6712765957446809
3413,0.30097216065303034,0.18258634926315961,0.06772856852591849,0.6861702127659575
3414,0.29560170993517026,0.2192247377554354,0.06488681040594987,0.6734042553191489
3415,0.23577035052915193,0.20953524658392447,0.08004285371244912,0.7148936170212766
3416,0.14061504062678648,0.19257863703378028,0.08430549089240204,0.7223404255319149
3417,0.06633641238821503,0.17925558667295272,0.14587691682505521,0.7159574468085106
3418,0.012404984756747168,0.1683549091050029,0.2240252651241919,0.7292553191489362
3419,0.0006807613586019786,0.13444169000471454,0.2169208698242704,0.725
3420,0.0,0.10930957227860799,0.16434834460485115,0.7159574468085106
3421,0.0,0.1096123688777177,0.12787911539858735,0.7159574468085106
3422,0.0,0.1271745716260813,0.11461757750540051,0.6696808510638298
3423,0.0,0.13262491041005622,0.1079868085588071,0.5563829787234043
3424,0.0,0.14140601178423803,0.09425164431229216,0.42446808510638295
3425,0.0,0.13080813081539794,0.1051450504388385,0.3047872340425532
3426,0.0,0.1283857580225202,0.10467142408551039,0.24574468085106382
3427,0.0,0.09810609811154845,0.08998900713233925,0.23829787234042554
3428,0.0,0.0641928790112601,0.08762087536569874,0.2547872340425532
3429,0.0014371628681597328,0.06177050621838236,0.08809450171902684,0.2590425531914894
3430,0.040467480761339845,0.07509355657920992,0.08477911724573013,0.2904255319148936
3431,0.12064604077446177,0.05147542184865196,0.08430549089240204,0.3425531914893617
3432,0.20664889241117843,0.032702032703849485,0.08335823818574584,0.49042553191489363
3433,0.29930807733200326,0.03633559189316609,0.11840658833202533,0.6675531914893617
3434,0.3752507888916018,0.049961438853103377,0.1051450504388385,0.6324468085106383
3435,0.4241899665599885,0.04481389666823818,0.09377801795896407,0.6696808510638298
3436,0.3716957017966804,0.030279659910971743,0.08383186453907393,0.6771276595744681
3437,0.3444652474526012,0.04057474428070214,0.08951538077901115,0.6664893617021277
3438,0.24257796411517174,0.05541177763707829,0.1098813139721195,0.6526595744680851
3439,0.1878901349741461,0.11264033486881489,0.13829889517180557,0.6936170212765957
3440,0.13615227172039573,0.18803668804713453,0.15629669659827344,0.7212765957446808
3441,0.07057226084173845,0.23133660171982412,0.20555383734439597,0.7212765957446808
3442,0.010816541586675884,0.1423144015815672,0.3234867993230932,0.7239361702127659
3443,0.00045384090573465243,0.09114177633202494,0.3016999870700005,0.7148936170212766
3444,0.0,0.03209643950563005,0.2164472434709423,0.7095744680851064
3445,0.0,0.008781101374181805,0.1790307615580223,0.7069148936170213
3446,0.0,0.012717457162608132,0.144929664118399,0.6707446808510639
3447,0.0,0.0260405075234357,0.10656592949882279,0.6207446808510638
3448,0.0,0.033913219100288355,0.10135603961221368,0.48404255319148937
3449,0.0,0.050869828650432526,0.10135603961221368,0.375
3450,0.0,0.05238381164598112,0.10040878690555748,0.4031914893617021
3451,0.0,0.04148313407803129,0.09614614972560456,0.38457446808510637
3452,0.0,0.03421601569939807,0.09235713889897976,0.27925531914893614
3453,0.001285882566248182,0.016956609550144178,0.09330439160563596,0.27393617021276595
3454,0.028440696759371553,0.012414660563498416,0.09330439160563596,0.3
3455,0.0827503251456183,0.01665381295103446,0.09661977607893267,0.34308510638297873
3456,0.12404984756747167,0.015139829955485871,0.09661977607893267,0.47393617021276596
3457,0.20218612350478765,0.015139829955485871,0.08998900713233925,0.6345744680851064
3458,0.3251013688079227,0.02240694833411909,0.06820219487924659,0.6611702127659574
3459,0.37600719040115954,0.019681778942131634,0.06725494217259038,0.6606382978723404
3460,0.3675354934941127,0.009992287770620676,0.07104395299921519,0.6686170212765957
3461,0.32472316805314383,0.006358728581304066,0.144929664118399,0.6867021276595745
3462,0.21557443022395992,0.0066615251804137835,0.1387725215251337,0.6510638297872341
3463,0.1417496428911231,0.009992287770620676,0.12740548904525925,0.6946808510638298
3464,0.08766693495774369,0.014837033356376154,0.13971977423178988,0.7186170212765958
3465,0.04977121932890022,0.010597880968840111,0.19087142039122482,0.7367021276595744
3466,0.010287060529985455,0.008175508175962371,0.2623889997437681,0.75
3467,0.0,0.004239152387536044,0.27186152681033016,0.7297872340425532
3468,0.0,0.0009083897973291524,0.19939669475113064,0.7186170212765958
3469,0.0,0.0006055931982194349,0.1487186749450238,0.7122340425531914
3470,0.0,0.0024223727928777395,0.12551098363194685,0.6505319148936171
3471,0.0,0.0015139829955485872,0.11035494032544761,0.5627659574468085
3472,0.0,0.0012111863964388697,0.11319669844541622,0.4372340425531915
3473,0.0,0.0012111863964388697,0.11319669844541622,0.26382978723404255
3474,0.0,0.006055931982194349,0.1051450504388385,0.2702127659574468
3475,0.0,0.014534236757266438,0.10419779773218228,0.325
3476,0.0,0.016956609550144178,0.10372417137885419,0.31861702127659575
3477,0.001512803019115508,0.008175508175962371,0.10230329231886988,0.2776595744680851
3478,0.03789571562884348,0.027554490518984287,0.10088241325888558,0.2297872340425532
3479,0.09742451443103872,0.04057474428070214,0.09661977607893267,0.24840425531914895
3480,0.18471324863400354,0.05450338783974914,0.09235713889897976,0.3
3481,0.3076284939371386,0.029068473514532876,0.08051648006577722,0.30159574468085104
3482,0.4338719058823277,0.01665381295103446,0.0719912057058714,0.27925531914893614
3483,0.5307669392566761,0.021801355135899654,0.0734120847658557,0.2978723404255319
3484,0.4870469320042379,0.03542720209583694,0.0734120847658557,0.25585106382978723
3485,0.4154913492000743,0.08024109876407512,0.08146373277243342,0.2601063829787234
3486,0.35966891779471205,0.1041620300937428,0.10135603961221368,0.27287234042553193
3487,0.23841775581260408,0.08296626815606258,0.12551098363194685,0.2553191489361702
3488,0.12571393088849872,0.06267889601571151,0.12503735727861875,0.2547872340425532
3489,0.06126852227417808,0.03451881229850779,0.16103296013155444,0.25585106382978723
3490,0.017019033965049467,0.02361813473055796,0.308804382369922,0.2670212765957447
3491,0.00045384090573465243,0.005147542184865197,0.29885822895003195,0.25851063829787235
3492,0.0,0.0033307625902068917,0.21313185899764558,0.26063829787234044
3493,0.0,0.008478304775072089,0.16198021283821065,0.2670212765957447
3494,0.0,0.01302025376171785,0.16008570742489825,0.2478723404255319
3495,0.0,0.012111863964388698,0.14587691682505521,0.2351063829787234
3496,0.0,0.006358728581304066,0.10419779773218228,0.2372340425531915
3497,0.0,0.0024223727928777395,0.09425164431229216,0.23351063829787233
3498,0.0,0.0018167795946583047,0.08951538077901115,0.225
3499,0.0,0.0006055931982194349,0.08951538077901115,0.23563829787234042
3500,0.0,0.0006055931982194349,0.08998900713233925,0.26382978723404255
3501,0.0010589621133808558,0.0006055931982194349,0.09046263348566735,0.2547872340425532
3502,0.025793291475919414,0.0006055931982194349,0.08998900713233925,0.2542553191489362
3503,0.07465682899335033,0.0006055931982194349,0.09046263348566735,0.2590425531914894
3504,0.0975001545819945,0.0006055931982194349,0.08998900713233925,0.2542553191489362
3505,0.1482546958733198,0.0006055931982194349,0.07578021653249621,0.2824468085106383
3506,0.1956054303716352,0.0009083897973291524,0.08051648006577722,0.26382978723404255
3507,0.19015933950281938,0.0009083897973291524,0.12456373092529065,0.25638297872340426
3508,0.18993241904995206,0.0024223727928777395,0.1094076876187914,0.23829787234042554
3509,0.16444168817785573,0.009689491171510958,0.09519889701894836,0.25053191489361704
3510,0.14568293074082345,0.013323050360827567,0.08004285371244912,0.2670212765957447
3511,0.11845247639674429,0.011506270766169262,0.0753065901791681,0.24414893617021277
3512,0.0793465183526084,0.0012111863964388697,0.07483296382584001,0.2643617021276596
3513,0.05151094280088305,0.0009083897973291524,0.11603845656538482,0.28882978723404257
3514,0.020801041512838236,0.0006055931982194349,0.16340109189819496,0.2968085106382979
3515,0.0006807613586019786,0.0009083897973291524,0.27375603222364253,0.27074468085106385
3516,0.0,0.00030279659910971744,0.3016999870700005,0.2680851063829787
3517,0.0,0.0006055931982194349,0.2188153752375828,0.2771276595744681
3518,0.0,0.0006055931982194349,0.17097911355144457,0.27872340425531916
3519,0.0,0.0006055931982194349,0.12929999445857165,0.26648936170212767
3520,0.0,0.0006055931982194349,0.10277691867219799,0.26595744680851063
3521,0.0,0.0009083897973291524,0.09425164431229216,0.2531914893617021
3522,0.0,0.005147542184865197,0.08904175442568305,0.2425531914893617
3523,0.0,0.012414660563498416,0.08951538077901115,0.2553191489361702
3524,0.0,0.035729998694946655,0.08667362265904253,0.2611702127659574
3525,0.001664083321027059,0.08357186135428202,0.08714724901237064,0.25851063829787235
3526,0.046064851932067226,0.16048219752815024,0.08809450171902684,0.28617021276595744
3527,0.11799863549100964,0.190761857439122,0.0734120847658557,0.3728723404255319
3528,0.20725401361882462,0.204690500998169,0.07814834829913672,0.4946808510638298
3529,0.22366792637622787,0.2610106684325764,0.08714724901237064,0.6702127659574468
3530,0.23546778992532885,0.2570743126441501,0.09283076525230785,0.6792553191489362
3531,0.27215326313887994,0.28099524397381775,0.09377801795896407,0.6696808510638298
3532,0.3666278116826434,0.2837204133658052,0.09472527066562027,0.6845744680851064
3533,0.35044081937810745,0.2168023649625577,0.08762087536569874,0.6792553191489362
3534,0.3483985353023015,0.1807695696685013,0.07672746923915241,0.6845744680851064
3535,0.2946183879727452,0.3091553276910215,0.12551098363194685,0.7026595744680851
3536,0.16603013134792702,0.3424629535930904,0.15629669659827344,0.7611702127659574
3537,0.06051212076462033,0.3999943074239367,0.1780835088513661,0.7340425531914894
3538,0.008849897661825723,0.44692778028594293,0.31164614048989064,0.7186170212765958
3539,0.00045384090573465243,0.45813125445300246,0.2922274600034385,0.7276595744680852
3540,0.0,0.41210617138832545,0.15298131212497673,0.7170212765957447
3541,0.0,0.4493501530788207,0.13593076340516508,0.7303191489361702
3542,0.0,0.5329220144331027,0.12077472009866583,0.6962765957446808
3543,0.0,0.5301968450411152,0.1108285666787757,0.6680851063829787
3544,0.0,0.5189933708740557,0.1501395540050081,0.5351063829787234
3545,0.0,0.4878053211657548,0.15866482836491394,0.3377659574468085
3546,0.0,0.4823549823817799,0.15487581753828913,0.23297872340425532
3547,0.0,0.47175710141293975,0.1468241695317114,0.2175531914893617
3548,0.0,0.43966066190730974,0.12314285186530634,0.2691489361702128
3549,0.00045384090573465243,0.4308795605331279,0.11982746739200963,0.2781914893617021
3550,0.007942215850356418,0.3382238012055544,0.12172197280532204,0.2776595744680851
3551,0.01134602264336631,0.29643787052841336,0.19797581569114633,0.3372340425531915
3552,0.028894537665106204,0.544428285199272,0.1870824095646,0.4702127659574468
3553,0.05589807155631803,0.5574485389609898,0.22070988065089522,0.6691489361702128
3554,0.13887531715480364,0.5671380301325007,0.24675933008394077,0.6691489361702128
3555,0.23546778992532885,0.5780387077004506,0.28370218564353267,0.6824468085106383
3556,0.3300936187710039,0.6089239608096417,0.31543515131651545,0.6702127659574468
3557,0.27918779717776704,0.6392036207206135,0.3168560303764998,0.6867021276595745
3558,0.2426536042661275,0.6491959084912342,0.33438020544963953,0.6835106382978723
3559,0.20740529392073617,0.6573714166671966,0.3642186657093099,0.7462765957446809
3560,0.14651497240133696,0.6616105690547326,0.3642186657093099,0.8271276595744681
3561,0.07533759035195231,0.652526671081441,0.2941219654167509,0.8297872340425532
3562,0.013388306719172247,0.6516182812841119,0.27517691128362687,0.8292553191489361
3563,0.0,0.6373868411259552,0.2552846044438466,0.8297872340425532
3564,0.0,0.622549807769579,0.1832933987379752,0.825531914893617
3565,0.0,0.6134659097962876,0.1818725196779909,0.8154255319148936
3566,0.0,0.574405148511134,0.1832933987379752,0.8042553191489362
3567,0.0,0.5292884552437861,0.1738208716714132,0.7601063829787233
3568,0.0,0.5032479477203504,0.15203405941832052,0.6425531914893617
3569,0.0,0.5065787103105572,0.14587691682505521,0.45478723404255317
3570,0.0,0.5262604892526889,0.1439824114117428,0.350531914893617
3571,0.0,0.5329220144331027,0.15108680671166433,0.3090425531914894
3572,0.0,0.5171765912793974,0.15819120201158585,0.32074468085106383
3573,0.0009833219624250803,0.5138458286891905,0.15677032295160154,0.30372340425531913
3574,0.027608655098858025,0.5262604892526889,0.15913845471824203,0.32340425531914896
3575,0.10362700680941231,0.5083954899052155,0.15866482836491394,0.4340425531914894
3576,0.22707173316923776,0.5108178626980933,0.16245383919153875,0.5664893617021277
3577,0.35202926254817873,0.48901650756219367,0.1738208716714132,0.7489361702127659
3578,0.4652625685289745,0.49567803274260747,0.1828197723846471,0.7643617021276595
3579,0.5482398141274601,0.4881081177648645,0.19039779403789672,0.801063829787234
3580,0.5542910262039222,0.4926500667515103,0.18471427779795951,0.7898936170212766
3581,0.5473321323159909,0.5447310817983817,0.1790307615580223,0.7792553191489362
3582,0.49135842060871704,0.592572944457717,0.1837670250913033,0.7845744680851063
3583,0.39461466753628033,0.5865170124755227,0.23207691313076964,0.8303191489361702
3584,0.2481753352858991,0.5850030294799741,0.2519692199705499,0.8675531914893617
3585,0.10052576062022552,0.5737995553129145,0.2614417470371119,0.8734042553191489
3586,0.023977927852980804,0.49446684634616855,0.26949339504368963,0.8957446808510638
3587,0.0003025606038231016,0.38515727406756056,0.26380987880375245,0.8824468085106383
3588,0.0,0.36184193593611236,0.2159736171176142,0.8542553191489362
3589,0.0,0.4163453237758615,0.21360548535097368,0.872872340425532
3590,0.0,0.3745593930987205,0.20081757381111495,0.8372340425531914
3591,0.0,0.1719884682943195,0.16908460813813217,0.8122340425531915
3592,0.0,0.10173965730086505,0.15345493847830483,0.6734042553191489
3593,0.0,0.12384380903587443,0.14966592765168002,0.4952127659574468
3594,0.0,0.1804667730693916,0.14919230129835193,0.3569148936170213
3595,0.0,0.18682550165069567,0.1487186749450238,0.324468085106383
3596,0.0,0.17229126489342922,0.1468241695317114,0.31648936170212766
3597,0.012707545360570269,0.1753192308845264,0.1463505431783833,0.24095744680851064
3598,0.06005827985888567,0.19378982343021917,0.1472977958850395,0.31648936170212766
3599,0.20952321814749789,0.1577570281361628,0.15866482836491394,0.4351063829787234
3600,0.38894165621459714,0.10628160628751082,0.16719010272481977,0.6074468085106383
3601,0.5034608447616411,0.09295855592668326,0.17003186084478836,0.7638297872340426
3602,0.5465757308064331,0.08266347155695286,0.16766372907814786,0.7686170212765957
3603,0.5645780867339076,0.09235296272846381,0.16671647637149167,0.7867021276595745
3604,0.5470295717121677,0.0817550817596237,0.16103296013155444,0.7872340425531915
3605,0.4915097009106286,0.06994601439434472,0.17524175073139747,0.7553191489361702
3606,0.42774505365490995,0.08659982734537919,0.18424065144463142,0.7904255319148936
3607,0.3352371490359966,0.07812152257030709,0.20792196911103647,0.8319148936170213
3608,0.23055118011320344,0.05692576063262688,0.30596262424995346,0.8824468085106383
3609,0.13940479821149407,0.04118033747892157,0.3703758083025752,0.8707446808510638
3610,0.04545973072442102,0.035729998694946655,0.4324208605885565,0.8877659574468085
3611,0.0006807613586019786,0.05662296403351716,0.41442305916208866,0.8563829787234043
3612,0.0,0.06116491302016292,0.327275810149718,0.8553191489361702
3613,0.0,0.07691033617386824,0.2903329545901261,0.8468085106382979
3614,0.0,0.10264804709819421,0.3244340520297494,0.8319148936170213
3615,0.0,0.1613905873254794,0.26002086797712765,0.7787234042553192
3616,0.0,0.18864228124535395,0.2747032849302988,0.6356382978723404
3617,0.0,0.2310338051207144,0.257179109857159,0.44042553191489364
3618,0.0,0.2779672779827206,0.2505483409105656,0.3351063829787234
3619,0.0,0.28705117595601215,0.26002086797712765,0.3351063829787234
3620,0.0,0.25798270244147925,0.2585999889171433,0.31648936170212766
3621,0.002420484830584813,0.232547788116263,0.257179109857159,0.3175531914893617
3622,0.056957033669698884,0.20408490779994956,0.2505483409105656,0.3148936170212766
3623,0.2161795514316061,0.19409262002932887,0.2510219672638937,0.40904255319148936
3624,0.35354206556729423,0.2065072805928273,0.2543373517371904,0.6021276595744681
3625,0.42774505365490995,0.2691861766085388,0.2543373517371904,0.7601063829787233
3626,0.4116337015013298,0.3430685467913099,0.26523075786373673,0.7468085106382979
3627,0.4235092052013865,0.3527580379628208,0.2548109780905185,0.7186170212765958
3628,0.4890892160800438,0.3924243924461938,0.22734064959748862,0.7111702127659575
3629,0.479936757814395,0.45540608506101504,0.23112966042411343,0.7654255319148936
3630,0.40406968640575225,0.3930299856444132,0.22828790230414484,0.7515957446808511
3631,0.35104594058575367,0.35184964816549164,0.26759888963037726,0.7675531914893617
3632,0.2490830170973684,0.3130916834794478,0.37748020360249673,0.8382978723404255
3633,0.1104346203954321,0.34155456379576127,0.45326042013499296,0.8271276595744681
3634,0.02723045434407915,0.37758735908981766,0.4646274526148674,0.8303191489361702
3635,0.00045384090573465243,0.3703202407111844,0.44615602483507144,0.8324468085106383
3636,0.0,0.36517269852631923,0.30548899789662537,0.8228723404255319
3637,0.0,0.35094125836816253,0.23349779219075395,0.8324468085106383
3638,0.0,0.3682006645174164,0.23586592395739445,0.8085106382978723
3639,0.0,0.304310582105266,0.21313185899764558,0.6627659574468086
3640,0.0,0.272214142599636,0.20034394745778686,0.6090425531914894
3641,0.0,0.18833948464624425,0.1799780142646785,0.43829787234042555
3642,0.0,0.21226041597591191,0.1719263662581008,0.3276595744680851
3643,0.0,0.1895506710426831,0.17429449802474128,0.28882978723404257
3644,0.0,0.20257092480440098,0.16813735543147595,0.28085106382978725
3645,0.003328166642054118,0.18470592545692763,0.16813735543147595,0.298936170212766
3646,0.05680575336778733,0.17986117987117214,0.15203405941832052,0.275531914893617
3647,0.16905573738615803,0.19712058602042606,0.1506131803583362,0.31382978723404253
3648,0.3042019159828095,0.21589081649966438,0.14576010820321797,0.3090425531914894
3649,0.4045325601744404,0.21618900823516116,0.14670660241232977,0.274468085106383
3650,0.400650719774169,0.1893517520404515,0.19450455997247593,0.29414893617021276
3651,0.3327931635463472,0.18398430080150957,0.27164383801508807,0.275
3652,0.26105376691825394,0.22274922641609018,0.2053892433772617,0.28936170212765955
3653,0.21350122201492888,0.16847833055567732,0.24656174147362522,0.29840425531914894
3654,0.17617583355078048,0.07246059172571609,0.23189108123239224,0.30531914893617024
3655,0.16012591651119665,0.06023473057034835,0.1888255947178051,0.33191489361702126
3656,0.11809752910056555,0.07275878346121285,0.1836198765676902,0.32340425531914896
3657,0.07674099868228912,0.16609279667170312,0.2068089846909294,0.32659574468085106
3658,0.024485454832481355,0.2316949784809934,0.23567705806883946,0.33085106382978724
3659,0.00022395233078489042,0.17026748096865796,0.2867877453608769,0.27872340425531916
3660,0.0,0.10764721651433541,0.28536800404720924,0.26595744680851063
3661,0.0,0.09214124626850317,0.24608849436906932,0.26861702127659576
3662,0.0,0.10198157353989672,0.2105949615273766,0.24414893617021277
3663,0.0,0.08080996031962576,0.1897720889269169,0.2702127659574468
3664,0.0,0.05784919668637416,0.15664479160800374,0.28085106382978725
3665,0.0,0.0608311140413419,0.14339387268043846,0.29414893617021276
3666,0.0,0.06321664792531609,0.14292062557588256,0.2856382978723404
3667,0.0,0.09005390412002576,0.13913464873943535,0.2877659574468085
3668,0.0,0.07335516693220641,0.13676841321665584,0.2771276595744681
3669,0.0012690632077810458,0.059936538834851574,0.1329824363802086,0.2691489361702128
3670,0.02739683513268493,0.053078128918425775,0.12872321243920548,0.2648936170212766
3671,0.042849545956842365,0.042641418176038684,0.14386711978499436,0.2904255319148936
3672,0.04008746721049539,0.10019242312691606,0.17652116999935163,0.2973404255319149
3673,0.045686275480117645,0.2078396396412515,0.27211708511964394,0.27606382978723404
3674,0.049194861995747595,0.3142940892135998,0.25271395383285195,0.25851063829787235
3675,0.10973664208459631,0.45504058836807715,0.20113001943625858,0.24414893617021277
3676,0.1895383226209456,0.4744230511753674,0.15333206187611242,0.3058510638297872
3677,0.24380943744781738,0.46637187431695454,0.1334556834847645,0.24414893617021277
3678,0.24448129444017205,0.43207982473482553,0.12257100007997875,0.2702127659574468
3679,0.15370594969536314,0.42879971564436103,0.13629516611209994,0.30531914893617024
3680,0.05546552725772453,0.4726339007623868,0.15333206187611242,0.2872340425531915
3681,0.04031141954128028,0.4791941189433158,0.17178869895379262,0.28617021276595744
3682,0.01664712325501019,0.4347635503542965,0.2034962549590381,0.2712765957446808
3683,0.00029860310771318726,0.48485976191775454,0.2579196719829669,0.2632978723404255
3684,0.0,0.5492691767850577,0.27117059091053214,0.2425531914893617
3685,0.0,0.5999617718195093,0.26217889592397,0.2632978723404255
3686,0.0,0.6217297685107738,0.2948329461383273,0.2734042553191489
3687,0.0,0.6187478511558061,0.31139659479778387,0.24840425531914895
3688,0.0,0.5957870875225545,0.30382464112488944,0.28882978723404257
3689,0.0,0.5811756924832125,0.3014584056021099,0.2867021276595745
3690,0.0,0.5749136660377803,0.28536800404720924,0.275531914893617
3691,0.0,0.5764046247152642,0.27968903879253837,0.27606382978723404
3692,0.0,0.5671606809148642,0.2650183785513054,0.27074468085106385
3693,0.0017169678693508266,0.5498655602560513,0.2612324017148582,0.2978723404255319
3694,0.040610022648993466,0.5582149288499609,0.24608849436906932,0.32340425531914896
3695,0.10428713536883064,0.5683534478568513,0.2077554789000412,0.40638297872340423
3696,0.1898369257286588,0.5775973916572512,0.2247923746640537,0.5531914893617021
3697,0.2918845377896405,0.577895583392748,0.2077554789000412,0.7398936170212767
3698,0.36071255411753017,0.584455801573677,0.20207651364537038,0.7436170212765958
3699,0.44611304292350173,0.5817720759542061,0.21532743257293566,0.7191489361702128
3700,0.5214356768441533,0.5814738842187093,0.2238458804549419,0.7042553191489361
3701,0.5101634095279803,0.5850521850446706,0.228105104395945,0.7191489361702128
3702,0.4215529373140921,0.599067196613019,0.23189108123239224,0.7265957446808511
3703,0.32898597392300405,0.6247116858657416,0.2276318572913891,0.7430851063829788
3704,0.18341695891282525,0.6124858247103738,0.23757004648706306,0.7920212765957447
3705,0.07241125362044791,0.5931033619030835,0.2290515986050568,0.7760638297872341
3706,0.015378060047229143,0.5945943205805674,0.2569731777738551,0.7824468085106383
3707,0.00044790466156978084,0.5874377189286448,0.25271395383285195,0.7718085106382979
3708,0.0,0.5388324660426707,0.2560266835647433,0.7718085106382979
3709,0.0,0.5140825519964384,0.25460694225107555,0.7558510638297873
3710,0.0,0.4696519834074191,0.22147964493216238,0.7356382978723405
3711,0.0,0.4219413057279352,0.21438093836382385,0.7085106382978723
3712,0.0,0.3623029586285804,0.2044427491681499,0.5776595744680851
3713,0.0,0.28238757351544497,0.18220013525402248,0.4207446808510638
3714,0.0,0.23676423798443857,0.19734404259981134,0.3393617021276596
3715,0.0,0.2349750875714579,0.203969502063594,0.30106382978723406
3716,0.0,0.21410166608668374,0.2053892433772617,0.2946808510638298
3717,0.001493015538565936,0.2054541057572773,0.19497780707703183,0.29521276595744683
3718,0.03889305477964264,0.23080040327450307,0.17983389973124295,0.31861702127659575
3719,0.11085640373852076,0.22871306112602566,0.18220013525402248,0.399468085106383
3720,0.2013331453756165,0.16430364625872249,0.1907185831360287,0.5132978723404256
3721,0.32846341848450594,0.07902080990664512,0.17841415841757524,0.6404255319148936
3722,0.3821373270959514,0.05427089586041287,0.17604792289479573,0.7138297872340426
3723,0.34339357387016534,0.037572158672593524,0.2044427491681499,0.7186170212765958
3724,0.275909271526985,0.026837256194709662,0.21343444415471202,0.698936170212766
3725,0.2852406186430221,0.024451722310735467,0.2801622858970943,0.7170212765957447
3726,0.23350763023171242,0.030117365285174176,0.32937998477090813,0.698404255319149
3727,0.12981770107830815,0.035186624788619336,0.3478366218485883,0.7196808510638298
3728,0.06658849302004076,0.06381303139630964,0.2820552743153179,0.7734042553191489
3729,0.025605216486405805,0.09571954709446445,0.2541336951465197,0.773936170212766
3730,0.004329745061841215,0.105559874365858,0.2654916256558613,0.7643617021276595
3731,0.00029860310771318726,0.0447287603245161,0.2451420001599575,0.7760638297872341
3732,0.0,0.02474991404623224,0.2285783515005009,0.7648936170212766
3733,0.0,0.023258955368748373,0.17226194605834852,0.7617021276595745
3734,0.0,0.02743363966570321,0.17320844026746032,0.7382978723404255
3735,0.0,0.031011940491664496,0.17888740552213114,0.701063829787234
3736,0.0,0.015505970245832248,0.18030714683579885,0.5861702127659575
3737,0.0,0.016102353716825796,0.18220013525402248,0.4154255319148936
3738,0.0,0.010734902477883864,0.18078039394035475,0.32393617021276594
3739,0.0,0.011033094213380638,0.17746766420846344,0.31382978723404253
3740,0.0,0.00894575206490322,0.17557467579023983,0.3058510638297872
3741,0.001194412430852749,0.007752985122916124,0.17462818158112803,0.3
3742,0.023813597840126682,0.005069259503445158,0.17604792289479573,0.30159574468085104
3743,0.08256375928269627,0.003578300825961288,0.17936065262668704,0.4420212765957447
3744,0.14347879325618645,0.012225861155367734,0.1831466294631343,0.5207446808510638
3745,0.23216391624700308,0.04443056858901933,0.1680027221173454,0.7079787234042553
3746,0.28158273057353556,0.06262026445432255,0.1670562279082336,0.7579787234042553
3747,0.283448999996743,0.05606004627339351,0.17131545184923672,0.7611702127659574
3748,0.2832250476659581,0.04443056858901933,0.1675294750127895,0.7680851063829788
3749,0.2897943160356482,0.03220470743365159,0.1680027221173454,0.7601063829787233
3750,0.27874600105026026,0.01699692892331612,0.17320844026746032,0.7787234042553192
3751,0.20051198682940521,0.016698737187819345,0.18220013525402248,0.823936170212766
3752,0.12944444719366666,0.018487887600799988,0.19308481865880822,0.8819148936170212
3753,0.0676336038970369,0.01938246280729031,0.21769366809571516,0.8760638297872341
3754,0.01545271082415744,0.018189695865303213,0.24608849436906932,0.8734042553191489
3755,0.00029860310771318726,0.026539064459212888,0.25366044804196375,0.8446808510638298
3756,0.0,0.04920163635696771,0.23567705806883946,0.8425531914893617
3757,0.0,0.058445580157367706,0.228105104395945,0.8521276595744681
3758,0.0,0.03548481652411611,0.21532743257293566,0.8436170212765958
3759,0.0,0.031608323962658044,0.19687079549525544,0.8127659574468085
3760,0.0,0.02236438016225805,0.20302300785448218,0.6835106382978723
3761,0.0,0.011927669419870961,0.2091752202137089,0.526595744680851
3762,0.0,0.020277038013780634,0.2044427491681499,0.42659574468085104
3763,0.0,0.029222790078683853,0.2077554789000412,0.35425531914893615
3764,0.0,0.020575229749277408,0.2058624904818176,0.31861702127659575
3765,0.003209983407916763,0.028626406607690304,0.20302300785448218,0.3191489361702128
3766,0.040610022648993466,0.03965950082107094,0.2034962549590381,0.36117021276595745
3767,0.08166794995955672,0.04651791073749675,0.2091752202137089,0.49042553191489363
3768,0.15363129891843483,0.07603889255167737,0.2243191275594978,0.6372340425531915
3769,0.2521703244637866,0.08975571238452898,0.25744642487841096,0.773936170212766
3770,0.26508490887238195,0.12315318676016766,0.32133478399345783,0.8026595744680851
3771,0.21820422096141157,0.17295120658812893,0.3771779423310543,0.7558510638297873
3772,0.23679226441655749,0.25435755037874824,0.3601410465670418,0.747872340425532
3773,0.22992439293915418,0.29014055863836113,0.3743384597037189,0.7792553191489362
3774,0.16124567816512111,0.3223452660720127,0.378597683644722,0.7654255319148936
3775,0.1101845467461661,0.3623029586285804,0.38191041337661336,0.8031914893617021
3776,0.06166154174277316,0.3661794511900385,0.3719722241809394,0.8170212765957446
3777,0.05165833763438139,0.37601977846143203,0.3700792357627158,0.8281914893617022
3778,0.017468281801221452,0.3476915635892385,0.45668345589644593,0.847872340425532
3779,0.00044790466156978084,0.34023677020181914,0.4850782821698001,0.8441489361702128
3780,0.0,0.30683929582618047,0.4812923053333529,0.8207446808510638
3781,0.0,0.2710562875665676,0.46520190377845216,0.8388297872340426
3782,0.0,0.25883042641119985,0.42308291147297683,0.8090425531914893
3783,0.0,0.24958648261079985,0.3894823670495078,0.7547872340425532
3784,0.0,0.27135447930206436,0.36771300023993625,0.6170212765957447
3785,0.0,0.29163151731584497,0.3700792357627158,0.4276595744680851
3786,0.0,0.28835140822538047,0.3781244365401661,0.31382978723404253
3787,0.0,0.30564652888419336,0.3601410465670418,0.2803191489361702
3788,0.0,0.2922279007868385,0.33221946739824354,0.28936170212765955
3789,0.0017169678693508266,0.2567430842627224,0.3024048998112217,0.27074468085106385
3790,0.038519800895001156,0.24720094872682566,0.28726099246543285,0.2936170212765957
3791,0.11003524519230949,0.2108215569962192,0.3033513940203335,0.425
3792,0.2482884840635152,0.17861684956256763,0.3014584056021099,0.5776595744680851
3793,0.3745229478492651,0.19412281980839988,0.2801622858970943,0.7159574468085106
3794,0.46253621384772703,0.20962879005423213,0.2792157916879825,0.7468085106382979
3795,0.5221821846134361,0.22781848591953535,0.30571762954311305,0.7702127659574468
3796,0.5358432767913145,0.24153530575238694,0.3061908766476689,0.752127659574468
3797,0.5309163255140469,0.229607636332516,0.3180220542615665,0.7585106382978724
3798,0.4845581930415746,0.23914977186841277,0.3161290658433429,0.7398936170212767
3799,0.38922915090413956,0.30713748756167725,0.31565581873878695,0.8047872340425531
3800,0.24298827890160613,0.30415557020670947,0.31139659479778387,0.8404255319148937
3801,0.1260851622318933,0.24809552393331596,0.32890673766635226,0.8441489361702128
3802,0.028217993678896193,0.18010780824005151,0.40273328597707303,0.8585106382978723
3803,0.0005225554384980777,0.10883998345632251,0.422136417263865,0.8670212765957447
3804,0.0,0.06500579833829673,0.4287618767276477,0.8377659574468085
3805,0.0,0.04621971900199997,0.42686888830942404,0.7930851063829787
3806,0.0,0.03816854214358707,0.42402940568208863,0.7196808510638298
3807,0.0,0.07037324957723867,0.3776511894356102,0.5590425531914893
3808,0.0,0.07424974213869673,0.3790709307492779,0.39574468085106385
3809,0.0,0.04949982809246448,0.3752849539128307,0.2957446808510638
3810,0.0,0.03280109090464514,0.373865212599163,0.3021276595744681
3811,0.0,0.042045034705045135,0.37339196549460707,0.2877659574468085
3812,0.0,0.03906311735007739,0.3634537762989331,0.2877659574468085
3813,0.002314174084777201,0.04532514379550965,0.3577748110442623,0.29627659574468085
3814,0.05718249512707536,0.041150459498554816,0.34736337474403245,0.29946808510638295
3815,0.1772209444277766,0.029520981814180627,0.38333015469028103,0.29414893617021276
3816,0.26777233684180063,0.031011940491664496,0.3336392087119113,0.3127659574468085
3817,0.34025824123917686,0.029222790078683853,0.2569731777738551,0.28882978723404257
3818,0.4205824772140242,0.021469804955767727,0.2441955059508457,0.28191489361702127
3819,0.48985839820348365,0.015804161981329022,0.23331082254605995,0.2473404255319149
3820,0.5406209265147255,0.012822244626361282,0.22337263335038599,0.2797872340425532
3821,0.5371123399990956,0.008051176858412898,0.2252656217686096,0.27180851063829786
3822,0.5202412644133004,0.006262026445432254,0.22289938624583008,0.29095744680851066
3823,0.42737569791449925,0.004174684296954836,0.22289938624583008,0.29627659574468085
3824,0.2894210621510067,0.003578300825961288,0.2262121159777214,0.2797872340425532
3825,0.1655754232269623,0.002385533883974192,0.3672397531353804,0.2734042553191489
3826,0.0350858651562995,0.001789150412980644,0.4888642590062473,0.2654255319148936
3827,0.0005972062154263745,0.001789150412980644,0.49596296557458586,0.2797872340425532
3828,0.0,0.001789150412980644,0.4278153825185359,0.2797872340425532
3829,0.0,0.001192766941987096,0.34547038632580884,0.275
3830,0.0,0.000894575206490322,0.35304233999870327,0.27180851063829786
3831,0.0,0.000894575206490322,0.3184953013661224,0.28829787234042553
3832,0.0,0.000894575206490322,0.31092334769322794,0.2835106382978723
3833,0.0,0.001192766941987096,0.30666412375222485,0.2803191489361702
3834,0.0,0.006560218180929028,0.29057372219732414,0.2936170212765957
3835,0.0,0.015207778510335475,0.28536800404720924,0.2872340425531915
3836,0.0,0.019084271071793536,0.2839482627335415,0.27925531914893614
3837,0.002314174084777201,0.023557147104245148,0.27779605037431476,0.2851063829787234
3838,0.057630399788645134,0.08409006941009027,0.2238458804549419,0.2765957446808511
3839,0.18759740242080988,0.10854179172082574,0.17888740552213114,0.28297872340425534
3840,0.31009932736014495,0.07365335866770319,0.17888740552213114,0.2877659574468085
3841,0.33622709928504885,0.04413237685352255,0.1850396178813579,0.2973404255319149
3842,0.3256266889612307,0.04920163635696771,0.20254976074992628,0.25
3843,0.34929098524750074,0.02534629751722579,0.20113001943625858,0.2351063829787234
3844,0.4398423776615248,0.007156601651922576,0.18172688814946655,0.2377659574468085
3845,0.42244874663723164,0.007156601651922576,0.18125364104491065,0.2643617021276596
3846,0.3882586908040717,0.018189695865303213,0.1855128649859138,0.2632978723404255
3847,0.3801217561188874,0.03190651569815482,0.18267338235857838,0.29308510638297874
3848,0.2761332238577699,0.03906311735007739,0.19971027812259087,0.25585106382978723
3849,0.15975266262655516,0.03280109090464514,0.2830017685244297,0.2691489361702128
3850,0.039340959441212416,0.027135447930206436,0.3913753554677314,0.24414893617021277
3851,0.00044790466156978084,0.042939609911535455,0.5357157223572816,0.24361702127659574
3852,0.0,0.03995769255656772,0.5660035370488594,0.24148936170212765
3853,0.0,0.042641418176038684,0.5560653478531855,0.2297872340425532
3854,0.0,0.04443056858901933,0.3662932589262686,0.27606382978723404
3855,0.0,0.027135447930206436,0.27401007353786755,0.25
3856,0.0,0.029520981814180627,0.24987447120551654,0.2797872340425532
3857,0.0,0.04621971900199997,0.24372225884628979,0.26063829787234044
3858,0.0,0.05665642974438706,0.23898978780073077,0.27606382978723404
3859,0.0,0.06500579833829673,0.2238458804549419,0.275
3860,0.0,0.10854179172082574,0.22289938624583008,0.2632978723404255
3861,0.0020902217539923106,0.16430364625872249,0.21248794994560022,0.25372340425531914
3862,0.037026785356435214,0.21618900823516116,0.2063357375863735,0.28191489361702127
3863,0.06748430234318031,0.2922279007868385,0.20254976074992628,0.27393617021276595
3864,0.1283993363166705,0.339044003259832,0.1883523476132492,0.2797872340425532
3865,0.2220114105847547,0.36349572557056753,0.1855128649859138,0.251063829787234
3866,0.3520530639938477,0.36677583466103203,0.1850396178813579,0.25957446808510637
3867,0.3934842451890525,0.34470964623427075,0.1859861120904697,0.24893617021276596
3868,0.5013546178504413,0.36767040986752236,0.18172688814946655,0.2723404255319149
3869,0.5101634095279803,0.3903329817652772,0.18125364104491065,0.2648936170212766
3870,0.4472328045774262,0.38854383135229653,0.1897720889269169,0.26861702127659576
3871,0.35182911166306285,0.38675468093931586,0.2053892433772617,0.25851063829787235
3872,0.2692653523803666,0.3500770974732127,0.22100639782760648,0.23297872340425532
3873,0.12668236844731967,0.30355918673571597,0.4628356682556727,0.24521276595744682
3874,0.03911700711042753,0.298191735496774,0.5726289965126421,0.2148936170212766
3875,0.0006718569923546713,0.3053483371486966,0.5432876760301761,0.2654255319148936
3876,0.0,0.3348693189628772,0.48649802348346777,0.25
3877,0.0,0.36051380821559975,0.32417426662079324,0.2521276595744681
3878,0.0,0.3873510644103094,0.25555343646018736,0.24627659574468086
3879,0.0,0.41269736192753526,0.1694224634310131,0.27872340425531916
3880,0.0,0.415679279282503,0.16610973369912177,0.2824468085106383
3881,0.0,0.42611599002489003,0.16421674528089816,0.27872340425531916
3882,0.0,0.45056771233562554,0.15853778002622734,0.30372340425531913
3883,0.0,0.45474239663258037,0.15901102713078324,0.34574468085106386
3884,0.0,0.47859773547232226,0.15853778002622734,0.3271276595744681
3885,0.002314174084777201,0.4633899569619868,0.15759128581711554,0.37659574468085105
3886,0.031950532525311034,0.45146228754211587,0.15664479160800374,0.4117021276595745
3887,0.06733500078932372,0.4717393255558965,0.15617154450344783,0.45691489361702126
3888,0.16326124914218512,0.50006754042809,0.16279700396723046,0.502127659574468
3889,0.3204757853531782,0.48485976191775454,0.2049159962727058,0.6154255319148936
3890,0.4576092625704594,0.46398634043298037,0.23520381096428356,0.649468085106383
3891,0.4764959091333185,0.44698941150966426,0.34263090369847343,0.6792553191489362
3892,0.37034250434128047,0.41031182804356103,0.4510044906417751,0.6601063829787234
3893,0.3861684690500794,0.3948058577977288,0.3956345794087345,0.6345744680851064
3894,0.40766789280542887,0.372143285899974,0.373865212599163,0.6707446808510639
3895,0.3519784132169195,0.39898054209468364,0.378597683644722,0.7159574468085106
3896,0.24380943744781738,0.4013660759786578,0.3951613323041786,0.8148936170212766
3897,0.13907439741741695,0.38049265449388364,0.38333015469028103,0.8319148936170213
3898,0.0374000392410767,0.3888420230877933,0.40320653308162896,0.8159574468085107
3899,0.0006718569923546713,0.397191391681703,0.4202434288456414,0.824468085106383
3900,0.0,0.3933148991202449,0.4098319925454116,0.801595744680851
3901,0.0,0.38824563961679975,0.3998938033497376,0.7946808510638298
3902,0.0,0.3736342445774578,0.36582001182171264,0.7712765957446809
3903,0.0,0.3858601057328256,0.34357739790758524,0.7281914893617021
3904,0.0,0.39182394044276103,0.32417426662079324,0.5941489361702128
3905,0.0,0.39778777515269653,0.3255940079344609,0.42127659574468085
3906,0.0,0.3873510644103094,0.3274869963526845,0.3047872340425532
3907,0.0,0.3843691470553417,0.30193165270666583,0.2670212765957447
3908,0.0,0.39092936523627075,0.2801622858970943,0.2632978723404255
3909,0.0018662694232074203,0.3846673387908385,0.24892797699640473,0.2622340425531915
3910,0.05807830445021492,0.39182394044276103,0.1883523476132492,0.2877659574468085
3911,0.1894636718440173,0.38824563961679975,0.17131545184923672,0.3973404255319149
3912,0.32413367342266475,0.3983841586236901,0.1874058534041374,0.5478723404255319
3913,0.4117736855364852,0.4085226776305804,0.1888255947178051,0.7526595744680851
3914,0.43178009375326876,0.4141883206050191,0.2082287260045971,0.7664893617021277
3915,0.4082650990208552,0.4323780164703223,0.2811087801062061,0.725531914893617
3916,0.40759324202850056,0.4392364263867481,0.27495656774697935,0.7175531914893617
3917,0.4116243839826286,0.4371490842382707,0.29909217007933037,0.7276595744680852
3918,0.376762471157114,0.44460387762569004,0.2773228032697589,0.725531914893617
3919,0.32144624545324607,0.4526550544841029,0.2640718843421936,0.7686170212765957
3920,0.2561268156409863,0.3763179701969288,0.30003866428844217,0.8095744680851064
3921,0.11772427521592407,0.307435679297174,0.3577748110442623,0.8223404255319149
3922,0.02665032736340196,0.2987881189677676,0.388535872840396,0.826063829787234
3923,0.00044790466156978084,0.3038573784712127,0.3923218496768432,0.8446808510638298
3924,0.0,0.38496553052633525,0.3516225986850356,0.8111702127659575
3925,0.0,0.42969429085085137,0.30287814691577764,0.8191489361702128
3926,0.0,0.46875740820092876,0.27590306195609116,0.7978723404255319
3927,0.0,0.4771067767948384,0.2688043553877526,0.7638297872340426
3928,0.0,0.46905559993642554,0.2626521430285259,0.6122340425531915
3929,0.0,0.45832069745854165,0.2598126604011905,0.4117021276595745
3930,0.0,0.4526550544841029,0.25555343646018736,0.3026595744680851
3931,0.0,0.4356581255607868,0.27259033222419987,0.2723404255319149
3932,0.0,0.4031552263916385,0.2664381198649731,0.26648936170212767
3933,0.0018662694232074203,0.3476915635892385,0.2612324017148582,0.2872340425531915
3934,0.02553056570947751,0.3685649850740127,0.24987447120551654,0.3074468085106383
3935,0.046432783249400617,0.3718450941644772,0.2626521430285259,0.40585106382978725
3936,0.09346277271422761,0.38645648920381914,0.2602859075057464,0.5452127659574468
3937,0.16915866051952058,0.4049443768046191,0.2579196719829669,0.7239361702127659
3938,0.28591247563537675,0.38645648920381914,0.24987447120551654,0.6824468085106383
3939,0.47552544903325067,0.38526372226183203,0.2645451314467495,0.7308510638297873
3940,0.5247203110289983,0.39868235035918687,0.2673846140740849,0.7420212765957447
3941,0.48500609770314435,0.4109082115145546,0.2673846140740849,0.7414893617021276
3942,0.39034891255806403,0.42551960655389653,0.27495656774697935,0.7409574468085106
3943,0.3159220879605521,0.4138901288695223,0.30997685348411613,0.7643617021276595
3944,0.27732763628862267,0.40703171895309653,0.32701374924812865,0.8074468085106383
3945,0.14191112694069224,0.41478470407601264,0.3558818226260387,0.8223404255319149
3946,0.020678265209138215,0.42402864787641265,0.40509952149985257,0.8228723404255319
3947,0.0012690632077810458,0.412995553663032,0.39942055624518175,0.8159574468085107
3948,0.0,0.4264141817603868,0.354462081312371,0.8308510638297872
3949,0.0,0.4347635503542965,0.31092334769322794,0.8053191489361702
3950,0.0,0.4183630049019739,0.2848947569426533,0.7861702127659574
3951,0.0,0.44221834374171587,0.2858412511517651,0.747872340425532
3952,0.0,0.4484803701871481,0.2877342395699887,0.6095744680851064
3953,0.0,0.46130261481350937,0.28536800404720924,0.4031914893617021
3954,0.0,0.4717393255558965,0.2834750156289856,0.2978723404255319
3955,0.0,0.4621971900199997,0.27117059091053214,0.2601063829787234
3956,0.0,0.4374472759737675,0.26833110828319673,0.2803191489361702
3957,0.001567666315494233,0.443411110683703,0.2673846140740849,0.275
3958,0.024410804055553056,0.4452002610966836,0.2664381198649731,0.2946808510638298
3959,0.06599128680461439,0.4123991701920385,0.2617056488194141,0.42659574468085104
3960,0.13885044508663205,0.42074853878594815,0.2602859075057464,0.5819148936170213
3961,0.2688920984957251,0.4338689751478062,0.25555343646018736,0.725
3962,0.3207743884608914,0.43297439994131587,0.2550801893556315,0.7430851063829788
3963,0.2966621875130515,0.4028570346561417,0.2986189229747745,0.7462765957446809
3964,0.359667443240534,0.3739324363129546,0.27401007353786755,0.6840425531914893
3965,0.4319293953071253,0.4076281024240901,0.2645451314467495,0.7542553191489362
3966,0.4555190408164671,0.4234322644054191,0.2744833206424235,0.7654255319148936
3967,0.39676887937389754,0.4374472759737675,0.28868073377910053,0.7973404255319149
3968,0.30300750355195677,0.4374472759737675,0.33127297318913174,0.8265957446808511
3969,0.16102172583433622,0.4431129189482062,0.3388449268620262,0.8319148936170213
3970,0.03956491177199731,0.43983280985774165,0.378597683644722,0.8202127659574469
3971,0.000373253884641484,0.45354962969059326,0.39752756782695814,0.8287234042553191
3972,0.0,0.4481821784516513,0.38427664889939284,0.8085106382978723
3973,0.0,0.4335707834123094,0.3535155871032592,0.7978723404255319
3974,0.0,0.44132376853522554,0.3336392087119113,0.7898936170212766
3975,0.0,0.4508659040711223,0.29104696930188007,0.7345744680851064
3976,0.0,0.4356581255607868,0.28631449825632105,0.5893617021276596
3977,0.0,0.422239497463432,0.2848947569426533,0.40797872340425534
3978,0.0,0.4404291933287352,0.2844215098380974,0.25851063829787235
3979,0.0,0.4401310015932384,0.27306357932875575,0.2404255319148936
3980,0.0,0.4475857949806578,0.252240706728296,0.24680851063829787
3981,0.002762078746346982,0.4460948363031739,0.25082096541462834,0.25053191489361704
3982,0.06166154174277316,0.4243268396119094,0.2503477183100724,0.24361702127659574
3983,0.19468922622899806,0.40524256854011587,0.24703498857818112,0.2680851063829787
3984,0.3510826038937799,0.42730875696687715,0.2243191275594978,0.2569148936170213
3985,0.4683589744481342,0.4452002610966836,0.1869326062995815,0.25851063829787235
3986,0.5330065472680392,0.44877856192264487,0.1855128649859138,0.23670212765957446
3987,0.5419646404994348,0.46726644952344487,0.1869326062995815,0.22659574468085106
3988,0.5686896186397651,0.4520586710131094,0.1874058534041374,0.20372340425531915
3989,0.5678684600935539,0.49082359662769004,0.1883523476132492,0.2404255319148936
3990,0.5298712146370508,0.4771067767948384,0.1878791005086933,0.24148936170212765
3991,0.4271517455837143,0.4794923106788126,0.18078039394035475,0.27180851063829786
3992,0.2753120653115586,0.4669682577879481,0.2441955059508457,0.2425531914893617
3993,0.1453450626793939,0.45056771233562554,0.38001742495838975,0.23085106382978723
3994,0.029113803002035754,0.4326762082058191,0.48176555243790875,0.2569148936170213
3995,0.00044790466156978084,0.4189593883729675,0.504954660561148,0.2670212765957447
3996,0.0,0.3995769255656772,0.4377535717142098,0.25159574468085105
3997,0.0,0.34292049582129014,0.3161290658433429,0.25638297872340426
3998,0.0,0.2641978776501418,0.25933941329663457,0.25159574468085105
3999,0.0,0.2179781586481418,0.23283757544150405,0.249468085106383
4000,0.0,0.18547525947899343,0.21201470284104432,0.26063829787234044
4001,0.0,0.1502886346903741,0.2063357375863735,0.2478723404255319
4002,0.0,0.13955373221249023,0.2072822317954853,0.2648936170212766
4003,0.0,0.1651982214652128,0.2068089846909294,0.25
4004,0.0,0.18517706774349665,0.2068089846909294,0.2632978723404255
4005,0.001940920200135717,0.2087342148477418,0.2068089846909294,0.26170212765957446
4006,0.04016211798742368,0.18398430080150957,0.20160326654081448,0.26063829787234044
4007,0.17632513510463707,0.10108699833340638,0.20065677233170268,0.325
4008,0.2782980963886905,0.28536949087041275,0.17510142868568393,0.24840425531914895
4009,0.34548379562415765,0.27493278012802563,0.16090401554900685,0.24521276595744682
4010,0.4916500168497628,0.3238362247494966,0.16327025107178636,0.22606382978723405
4011,0.5168819794515271,0.3948058577977288,0.1670562279082336,0.26276595744680853
4012,0.4780635754488128,0.41478470407601264,0.17699441710390754,0.2478723404255319
4013,0.509043647874056,0.42999248258634815,0.1694224634310131,0.24893617021276596
4014,0.4695533868789869,0.4201521553149546,0.19166507734514052,0.2425531914893617
4015,0.3821373270959514,0.4106100197790578,0.2072822317954853,0.2404255319148936
4016,0.22604255253888272,0.3846673387908385,0.29909217007933037,0.23191489361702128
4017,0.08532583802904325,0.29520981814180625,0.45857644431466954,0.24574468085106382
4018,0.02127547142456459,0.21499624129317407,0.5167858381750455,0.24468085106382978
4019,0.000373253884641484,0.18308972559501924,0.5120533671294866,0.25
4020,0.0,0.19561377848588374,0.5054279076657039,0.2542553191489362
4021,0.0,0.22901125286152244,0.4888642590062473,0.2579787234042553
4022,0.0,0.27463458839252886,0.4495847493281074,0.2648936170212766
4023,0.0,0.29520981814180625,0.2844215098380974,0.2478723404255319
4024,0.0,0.30117365285174175,0.26927760249230853,0.24840425531914895
4025,0.0,0.3199597321880385,0.2688043553877526,0.2473404255319149
4026,0.0,0.29640258508379336,0.2550801893556315,0.2553191489361702
4027,0.0,0.288947791696374,0.24608849436906932,0.25053191489361704
4028,0.0,0.2674779867406063,0.24608849436906932,0.25851063829787235
4029,0.001119761653924452,0.2585322346757031,0.23615030517339536,0.2712765957446808
4030,0.03657888069486544,0.24242988095887727,0.22289938624583008,0.28138297872340423
4031,0.11376778403872434,0.19233366939541924,0.23851654069617487,0.4127659574468085
4032,0.2151435391073514,0.20336676360879988,0.21296119705015612,0.5617021276595745
4033,0.3086809625985073,0.279703847895974,0.1888255947178051,0.7547872340425532
4034,0.3757920110570461,0.31339951400710947,0.19497780707703183,0.7824468085106383
4035,0.46738851434806633,0.3614083834220901,0.19639754839069953,0.775
4036,0.5132240913820406,0.3921221321782578,0.2053892433772617,0.7712765957446809
4037,0.5071773784508485,0.41478470407601264,0.21816691520027107,0.7707446808510638
4038,0.4750028935947526,0.4061371437466062,0.23236432833694814,0.8148936170212766
4039,0.40789184513621374,0.39092936523627075,0.23283757544150405,0.8196808510638298
4040,0.29576637818991197,0.3846673387908385,0.3175488071570106,0.8617021276595744
4041,0.14303088859461668,0.36021561648010303,0.3998938033497376,0.8404255319148937
4042,0.03463796049472972,0.31369770574260625,0.4524242319554428,0.8627659574468085
4043,0.0005972062154263745,0.27582735533451597,0.5059011547702598,0.8611702127659574
4044,0.0,0.2835803404574321,0.4723006103467907,0.8611702127659574
4045,0.0,0.30355918673571597,0.4311281122504272,0.8420212765957447
4046,0.0,0.27940565616047724,0.29530619324288315,0.8281914893617022
4047,0.0,0.25614670079172885,0.2678578611786408,0.7867021276595745
4048,0.0,0.23825519666192244,0.2654916256558613,0.6505319148936171
4049,0.0,0.2340805123649676,0.2654916256558613,0.43563829787234043
4050,0.0,0.2191709255901289,0.2650183785513054,0.31117021276595747
4051,0.0,0.2087342148477418,0.2598126604011905,0.2781914893617021
4052,0.0,0.2146980495576773,0.2650183785513054,0.2973404255319149
4053,0.0021648725309206074,0.22841486939052888,0.24372225884628979,0.2856382978723404
4054,0.049045560441891005,0.20933059831873535,0.22242613914127418,0.3021276595744681
4055,0.1543031559107895,0.16221630411024507,0.1864593591950256,0.4175531914893617
4056,0.28897315748943697,0.13925554047699346,0.18030714683579885,0.5643617021276596
4057,0.41520762127518684,0.14849948427739346,0.17652116999935163,0.722872340425532
4058,0.4732112749484735,0.13687000659301926,0.18172688814946655,0.773936170212766
4059,0.4817961142952276,0.12583691237963862,0.19592430128614363,0.7611702127659574
4060,0.5132240913820406,0.13388808923805154,0.17983389973124295,0.7638297872340426
4061,0.5264372788983491,0.13358989750255476,0.19923703101803497,0.7776595744680851
4062,0.480900304972088,0.18100238344654182,0.23141783412783634,0.8175531914893617
4063,0.3423484629931692,0.12911702147010315,0.2451420001599575,0.8340425531914893
4064,0.24679546852494924,0.07126782478372899,0.38711613152672825,0.8558510638297873
4065,0.11436499025415071,0.04949982809246448,0.4803458111242411,0.8462765957446808
4066,0.03090542164831488,0.04651791073749675,0.5234112976388282,0.8632978723404255
4067,0.0005972062154263745,0.02892459834318708,0.5333494868345021,0.8537234042553191
4068,0.0,0.018189695865303213,0.5286170157889432,0.8111702127659575
4069,0.0,0.009243943800399994,0.4694611277194553,0.8111702127659575
4070,0.0,0.011927669419870961,0.32322777241168144,0.8063829787234043
4071,0.0,0.022066188426761276,0.2626521430285259,0.7898936170212766
4072,0.0,0.0229607636332516,0.25744642487841096,0.6441489361702127
4073,0.0,0.013716819832851605,0.2579196719829669,0.43031914893617024
4074,0.0,0.012225861155367734,0.2531872009374078,0.32553191489361705
4075,0.0,0.013716819832851605,0.25366044804196375,0.2968085106382979
4076,0.0,0.013120436361858057,0.2266853630822773,0.28085106382978725
4077,0.002463475638633795,0.026240872723716113,0.2252656217686096,0.2670212765957447
4078,0.05651063813472068,0.03339747437563869,0.228105104395945,0.30851063829787234
4079,0.18565648222067416,0.03429204958212901,0.22337263335038599,0.4276595744680851
4080,0.3344354806387697,0.05099078676994836,0.25555343646018736,0.5797872340425532
4081,0.44491863049264896,0.06828590742876124,0.21769366809571516,0.7558510638297873
4082,0.5345742135835334,0.09005390412002576,0.1883523476132492,0.7813829787234042
4083,0.5931750734722464,0.1136110512242709,0.19403131286792002,0.7797872340425532
4084,0.595563898333952,0.12702967932162573,0.20065677233170268,0.7861702127659574
4085,0.5659275398934182,0.13955373221249023,0.21864016230482697,0.7686170212765957
4086,0.5446520684688535,0.16430364625872249,0.23094458702328044,0.7909574468085107
4087,0.44693420146971297,0.15297236030984507,0.23189108123239224,0.8223404255319149
4088,0.32174484856095925,0.13746639006401282,0.27022409670142034,0.85
4089,0.14579296734096367,0.10913817519181929,0.39847406203606994,0.8356382978723405
4090,0.041281879641348135,0.0700750578417419,0.558431583375965,0.8563829787234043
4091,0.001119761653924452,0.036677583466103204,0.6019703169951081,0.8489361702127659
4092,0.0,0.021767996691264502,0.4524242319554428,0.8388297872340426
4093,0.0,0.02236438016225805,0.34830986895314425,0.826063829787234
4094,0.0,0.021171613220270953,0.3184953013661224,0.8090425531914893
4095,0.0,0.027135447930206436,0.27874254458342657,0.7734042553191489
4096,0.0,0.03548481652411611,0.2848947569426533,0.6632978723404256
4097,0.0,0.053376320653922546,0.2986189229747745,0.4377659574468085
4098,0.0,0.09393039668148381,0.25176745962374014,0.28617021276595744
4099,0.0,0.13150255535407734,0.24798148278729293,0.2526595744680851
4100,0.0,0.15446331898732893,0.22100639782760648,0.26276595744680853
4101,0.0030606818540601694,0.13716819832851604,0.22147964493216238,0.27872340425531916
4102,0.0630052557274825,0.10764721651433541,0.21769366809571516,0.30159574468085104
4103,0.21133634948400826,0.07782804296465802,0.21816691520027107,0.42127659574468085
4104,0.36787902870264666,0.06619856528028382,0.23378406965061585,0.5845744680851064
4105,0.4493230263314185,0.07216239999021931,0.2645451314467495,0.7457446808510638
4106,0.526661231229134,0.07931900164214188,0.2617056488194141,0.747872340425532
4107,0.5989231832957252,0.09512316362347091,0.25271395383285195,0.7627659574468085
4108,0.6154956557738072,0.09512316362347091,0.2541336951465197,0.7664893617021277
4109,0.6012373573805025,0.09393039668148381,0.2645451314467495,0.7803191489361702
4110,0.5356939752374579,0.09333401321049027,0.23851654069617487,0.774468085106383
4111,0.4629841185092968,0.09721050577194833,0.2451420001599575,0.8340425531914893
4112,0.2921084901204254,0.08647560329406447,0.388535872840396,0.8563829787234043
4113,0.1544524574646461,0.09005390412002576,0.46141592694200495,0.8308510638297872
4114,0.05777970134250173,0.07961719337763866,0.5418679347165084,0.8984042553191489
4115,0.0013437139847093426,0.06053292230584512,0.55322586522585,0.8574468085106383
4116,0.0,0.0998942313914193,0.5413946876119525,0.8542553191489362
4117,0.0,0.11033094213380638,0.4831852937515765,0.8462765957446808
4118,0.0,0.14164107436096765,0.29152021640643594,0.8276595744680851
4119,0.0,0.1297134049410967,0.25366044804196375,0.7882978723404256
4120,0.0,0.15356874378083862,0.24230251753262208,0.6388297872340426
4121,0.0,0.15446331898732893,0.23141783412783634,0.4218085106382979
4122,0.0,0.1216622280826838,0.21627392678204746,0.29521276595744683
4123,0.0,0.1276260627926193,0.21390769125926795,0.2845744680851064
4124,0.0,0.13120436361858057,0.21201470284104432,0.2680851063829787
4125,0.00044790466156978084,0.11510200990175477,0.21296119705015612,0.2590425531914894
4126,0.01500480616258766,0.09243943800399994,0.21154145573648842,0.27925531914893614
4127,0.05568947958850942,0.09482497188797413,0.19734404259981134,0.3680851063829787
4128,0.3386905749236826,0.10824359998532897,0.17841415841757524,0.6117021276595744
4129,0.4867230655724952,0.1285206379991096,0.1840931236722461,0.775
4130,0.5607766362853657,0.15088501816136765,0.19639754839069953,0.7723404255319148
4131,0.6084784827425472,0.1651982214652128,0.2072822317954853,0.7872340425531915
4132,0.620497257828003,0.16758375534918699,0.2645451314467495,0.7898936170212766
4133,0.6098221967272567,0.1514814016323612,0.2654916256558613,0.775
4134,0.5562975896696678,0.15207778510335473,0.2252656217686096,0.7824468085106383
4135,0.45619089780882177,0.12643329585063218,0.23851654069617487,0.8095744680851064
4136,0.3438414785317351,0.10406891568837413,0.39942055624518175,0.8718085106382979
4137,0.20021338372169203,0.09899965618492897,0.4751400929741261,0.875
4138,0.06628988991232757,0.09571954709446445,0.6071760351452229,0.8888297872340426
4139,0.003881840400271434,0.09512316362347091,0.7060846799974065,0.8776595744680851
4140,0.0,0.08289730246810317,0.5783079617673129,0.8718085106382979
4141,0.0,0.06470760660279996,0.3388449268620262,0.8563829787234043
4142,0.0,0.0825991107326064,0.2631253901330818,0.8276595744680851
4143,0.0,0.12822244626361282,0.24703498857818112,0.8026595744680851
4144,0.0,0.21439985782218052,0.23141783412783634,0.6367021276595745
4145,0.0,0.2820893817799482,0.2290515986050568,0.4324468085106383
4146,0.0,0.31369770574260625,0.21154145573648842,0.32074468085106383
4147,0.0,0.28417672392842563,0.2044427491681499,0.3026595744680851
4148,0.0,0.24302626442987083,0.2053892433772617,0.3
4149,0.0041057927310563245,0.22274922641609018,0.2077554789000412,0.28085106382978725
4150,0.06405036660447866,0.18517706774349665,0.1897720889269169,0.2851063829787234
4151,0.2131279681302874,0.16251449584574185,0.14292062557588256,0.27074468085106385
4152,0.37556805872626126,0.18308972559501924,0.1325091892756527,0.2797872340425532
4153,0.4869470179032801,0.20455953055078696,0.1339289305893204,0.24680851063829787
4154,0.5592089699698714,0.21589081649966438,0.13629516611209994,0.2478723404255319
4155,0.6125842754736036,0.22215284294509663,0.14102763715765895,0.25053191489361704
4156,0.6266932723130517,0.22871306112602566,0.14150088426221485,0.23085106382978723
4157,0.6137786879044563,0.238851580132916,0.13913464873943535,0.25372340425531914
4158,0.5639866196932823,0.2695653288890837,0.1334556834847645,0.251063829787234
4159,0.477615670787243,0.24034253881039985,0.13487542479843223,0.2691489361702128
4160,0.368476234918073,0.23378232062947082,0.14150088426221485,0.2601063829787234
4161,0.257545180402624,0.25316478343676113,0.21438093836382385,0.25159574468085105
4162,0.056062733473150904,0.27582735533451597,0.5234112976388282,0.27925531914893614
4163,0.003135332630988466,0.2412371140168902,0.5981843401586607,0.28617021276595744
4164,0.0,0.20217399666681277,0.587772903858431,0.2648936170212766
4165,0.0,0.21529443302867082,0.5555921007486295,0.27287234042553193
4166,0.0,0.23557147104245146,0.2839482627335415,0.26170212765957446
4167,0.0,0.28238757351544497,0.21390769125926795,0.2654255319148936
4168,0.0,0.34292049582129014,0.1869326062995815,0.2398936170212766
4169,0.0,0.38973659829428364,0.18220013525402248,0.2680851063829787
4170,0.0,0.4246250313474062,0.18125364104491065,0.2526595744680851
4171,0.0,0.4028570346561417,0.18125364104491065,0.25851063829787235
4172,0.0,0.36796860160301914,0.18030714683579885,0.3090425531914894
4173,0.0038071896233431374,0.3766161619324256,0.17746766420846344,0.25159574468085105
4174,0.06375176349676548,0.3545499735056643,0.14954608503966518,0.2648936170212766
4175,0.20857427073766127,0.3157850478910837,0.12209775297542284,0.22393617021276596
4176,0.36108580800217166,0.3199597321880385,0.12067801166175514,0.28617021276595744
4177,0.4819454158490842,0.39540224126872237,0.12541048270731417,0.2675531914893617
4178,0.5772744579865192,0.40076969250766425,0.1140525521979725,0.29521276595744683
4179,0.6266186215361235,0.42283588093442553,0.12162450587086694,0.25638297872340426
4180,0.6370697303060849,0.484263378446761,0.11594554061619612,0.24308510638297873
4181,0.6137040371275281,0.51855542802889,0.12162450587086694,0.3398936170212766
4182,0.5464436871151327,0.49738381480861904,0.13487542479843223,0.2654255319148936
4183,0.42939126889156326,0.5146789354674319,0.14102763715765895,0.2632978723404255
4184,0.26321863944917456,0.41955577184396103,0.14907283793510928,0.25585106382978723
4185,0.086520250459896,0.26986352062458047,0.19355806576336412,0.25159574468085105
4186,0.02127547142456459,0.2155926247641676,0.4287618767276477,0.249468085106383
4187,0.0010451108769961553,0.17503854873660635,0.563164054421524,0.26382978723404255
4188,0.0,0.15505970245832248,0.5872996567538751,0.2776595744680851
4189,0.0,0.09422858841698059,0.4476917609098838,0.2675531914893617
4190,0.0,0.1043671074238709,0.28915398088365646,0.2547872340425532
4191,0.0,0.15177959336785798,0.19308481865880822,0.25372340425531914
4192,0.0,0.18100238344654182,0.15333206187611242,0.2648936170212766
4193,0.0,0.19263186113091602,0.14576010820321797,0.2574468085106383
4194,0.0,0.1997884627828386,0.14244737847132666,0.2680851063829787
4195,0.0,0.19233366939541924,0.14244737847132666,0.26170212765957446
4196,0.0,0.1938246280729031,0.14244737847132666,0.274468085106383
4197,0.002762078746346982,0.19322824460190957,0.14150088426221485,0.2696808510638298
4198,0.061885494073558055,0.18070419171104504,0.14150088426221485,0.29946808510638295
4199,0.21170960336864975,0.18010780824005151,0.14386711978499436,0.41329787234042553
4200,0.36817763181035984,0.1982975041053547,0.14812634372599748,0.55
4201,0.0,0.006858409916425803,0.02271586101868332,
4202,0.29763264761311936,0.12196041981818057,0.08281824329728293,0.7877659574468086
4203,0.6217663210357841,0.2803002313669676,0.14481361399410617,0.7797872340425532
4204,0.6268425738669083,0.2814929983089547,0.14244737847132666,0.7941489361702128
4205,0.6208705117126445,0.26091776855967724,0.16043076844445095,0.801595744680851
4206,0.5665993968857728,0.24690275699132888,0.17604792289479573,0.7973404255319149
4207,0.4595501827705952,0.27493278012802563,0.18030714683579885,0.8356382978723405
4208,0.26299468711838964,0.18338791733051601,0.31139659479778387,0.8675531914893617
4209,0.07763680800542869,0.10854179172082574,0.5073208960839275,0.8585106382978723
4210,0.024933359494051135,0.08349368593909673,0.5522793710167382,0.8845744680851064
4211,0.0,0.06262026445432255,0.5707360080944185,0.8957446808510638
4212,0.0,0.023855338839741922,0.4935967300518063,0.8803191489361702
4213,0.0,0.014015011568348378,0.2867877453608769,0.8643617021276596
4214,0.0,0.005665642974438706,0.2058624904818176,0.8345744680851064
4215,0.0,0.007156601651922576,0.17983389973124295,0.7952127659574468
4216,0.0,0.013418628097354831,0.16043076844445095,0.6723404255319149
4217,0.0,0.037572158672593524,0.16232375686267456,0.44893617021276594
4218,0.0,0.053078128918425775,0.15948427423533915,0.34361702127659577
4219,0.0,0.04621971900199997,0.15285881477155652,0.2978723404255319
4220,0.0,0.04621971900199997,0.15096582635333292,0.29627659574468085
4221,0.003209983407916763,0.048903444621470935,0.14717984951688567,0.2936170212765957
4222,0.06434896971219185,0.05039440329895481,0.14055439005310305,0.300531914893617
4223,0.20185570081411458,0.03309928264014191,0.13771490742576764,0.4409574468085106
4224,0.33936243191603727,0.031608323962658044,0.14102763715765895,0.5829787234042553
4225,0.4460383921465734,0.04144865123405159,0.13676841321665584,0.7680851063829788
4226,0.5139705991513235,0.08468645288108381,0.13724166032121174,0.7803191489361702
4227,0.5798125844020813,0.13150255535407734,0.13771490742576764,0.7936170212765957
4228,0.6100461490580416,0.1228549950246709,0.13818815453032354,0.7867021276595745
4229,0.5956385491108802,0.09780688924294187,0.15806453292167144,0.798936170212766
4230,0.5312895793986884,0.08677379502956124,0.18220013525402248,0.799468085106383
4231,0.4329745061841215,0.07484612560969027,0.21248794994560022,0.8361702127659575
4232,0.2741176528807059,0.07037324957723867,0.335058950025579,0.8606382978723405
4233,0.10346597682261938,0.05755100495087739,0.4491115022235515,0.8547872340425532
4234,0.030980072425243175,0.0653039900737935,0.4618891740465609,0.8797872340425532
4235,0.0006718569923546713,0.041746842969548364,0.5887193980675427,0.8920212765957447
4236,0.0,0.03965950082107094,0.533822733939058,0.8734042553191489
4237,0.0,0.02892459834318708,0.354462081312371,0.8803191489361702
4238,0.0,0.031011940491664496,0.2243191275594978,0.8414893617021276
4239,0.0,0.016102353716825796,0.15475180318978013,0.8111702127659575
4240,0.0,0.011331285948877412,0.14386711978499436,0.6632978723404256
4241,0.0,0.00894575206490322,0.13582191900754403,0.449468085106383
4242,0.0,0.005367451238941932,0.1334556834847645,0.34202127659574466
4243,0.0,0.003578300825961288,0.1329824363802086,0.2803191489361702
4244,0.0,0.003876492561458062,0.12020476455719924,0.2845744680851064
4245,0.001119761653924452,0.002683725619470966,0.11783852903441973,0.30159574468085104
4246,0.03359284961773357,0.002683725619470966,0.12115125876631104,0.275
4247,0.20775311219145,0.002683725619470966,0.11831177613897563,0.4808510638297872
4248,0.37302993231069914,0.001789150412980644,0.12351749428909056,0.6590425531914894
4249,0.4913514137420496,0.002683725619470966,0.12730347112553778,0.8058510638297872
4250,0.5500269244076909,0.003876492561458062,0.12777671823009368,0.8031914893617021
4251,0.5972808662033028,0.006262026445432254,0.12872321243920548,0.7984042553191489
4252,0.6095982443964717,0.011927669419870961,0.1320359421710968,0.7856382978723404
4253,0.584515583348564,0.021171613220270953,0.17510142868568393,0.7856382978723404
4254,0.513821297597467,0.02773183140119998,0.21485418546837975,0.799468085106383
4255,0.3906475156657772,0.03131013222716127,0.3795441778538338,0.8223404255319149
4256,0.2456757068710248,0.024451722310735467,0.4803458111242411,0.8579787234042553
4257,0.12481609902411227,0.015207778510335475,0.5229380505342723,0.8515957446808511
4258,0.04941881432653249,0.021469804955767727,0.5641105486306358,0.8670212765957447
4259,0.0,0.011927669419870961,0.5839869270219837,0.8835106382978724
4260,0.0,0.01938246280729031,0.5967645988449931,0.8569148936170212
4261,0.0,0.029222790078683853,0.5215183092206046,0.8648936170212767
4262,0.0,0.020873421484774182,0.3951613323041786,0.85
4263,0.0,0.020873421484774182,0.2650183785513054,0.8292553191489361
4264,0.0,0.013418628097354831,0.23709679938250716,0.6675531914893617
4265,0.0,0.005069259503445158,0.15806453292167144,0.43936170212765957
4266,0.0,0.003280109090464514,0.14859959083055338,0.30638297872340425
4267,0.0,0.001789150412980644,0.14528686109866207,0.2643617021276596
4268,0.0,0.002087342148477418,0.1334556834847645,0.2856382978723404
4269,0.002463475638633795,0.0029819173549677403,0.1315626950665409,0.275
4270,0.05822760600407151,0.0029819173549677403,0.12493723560275827,0.31648936170212766
4271,0.2106644924916536,0.0014909586774838701,0.12635697691642597,0.449468085106383
4272,0.37512015406469146,0.0014909586774838701,0.14481361399410617,0.600531914893617
4273,0.48754422411870646,0.002683725619470966,0.14765309662144158,0.7755319148936171
4274,0.557118748215879,0.003876492561458062,0.15427855608522423,0.7973404255319149
4275,0.6113152122658225,0.009840327271393542,0.15711803871255964,0.7819148936170213
4276,0.6134054340198148,0.018487887600799988,0.17084220474468081,0.7978723404255319
4277,0.6004908496112196,0.031011940491664496,0.22195289203671828,0.7877659574468086
4278,0.5383067524299483,0.02474991404623224,0.25839291908752277,0.8164893617021277
4279,0.4491737247775619,0.0229607636332516,0.3255940079344609,0.8446808510638298
4280,0.293004299443565,0.02832821487219353,0.4552637145827782,0.8867021276595745
4281,0.15370594969536314,0.017295120658812894,0.5413946876119525,0.8760638297872341
4282,0.04859765578032122,0.005069259503445158,0.5858799154402073,0.8819148936170212
4283,0.0016423170924225298,0.001789150412980644,0.6190072127591205,0.8861702127659574
4284,0.0,0.001192766941987096,0.597237845949549,0.8563829787234043
4285,0.0,0.001192766941987096,0.5551188536440737,0.847872340425532
4286,0.0,0.001192766941987096,0.37339196549460707,0.8117021276595745
4287,0.0,0.001192766941987096,0.23236432833694814,0.7819148936170213
4288,0.0,0.001192766941987096,0.18078039394035475,0.6382978723404256
4289,0.0,0.001192766941987096,0.17604792289479573,0.4542553191489362
4290,0.0,0.001192766941987096,0.15285881477155652,0.34202127659574466
4291,0.0,0.001192766941987096,0.13913464873943535,0.3
4292,0.0,0.001192766941987096,0.13629516611209994,0.2904255319148936
4293,0.003881840400271434,0.0014909586774838701,0.1301429537528732,0.26861702127659576
4294,0.05083717908817013,0.0014909586774838701,0.15143907345788882,0.30319148936170215
4295,0.18072953094340657,0.0014909586774838701,0.10648059852507806,0.45
4296,0.2906901253587878,0.001192766941987096,0.10316786879318675,0.5398936170212766
4297,0.4644771340478627,0.002087342148477418,0.10790033983874578,0.7664893617021277
4298,0.5574173513235923,0.005367451238941932,0.10884683404785758,0.7909574468085107
4299,0.6087770858502605,0.010734902477883864,0.12351749428909056,0.800531914893617
4300,0.6208705117126445,0.06500579833829673,0.15664479160800374,0.7952127659574468
4301,0.5981766755264424,0.14760490907090312,0.2072822317954853,0.8186170212765957
4302,0.5264372788983491,0.23378232062947082,0.2276318572913891,0.823936170212766
4303,0.42222479430644677,0.3500770974732127,0.32890673766635226,0.8654255319148936
4304,0.28665898340465973,0.31339951400710947,0.3814371662720574,0.9117021276595745
4305,0.17886326152019916,0.24809552393331596,0.432074606459539,0.8941489361702127
4306,0.05210624229595117,0.2170835834416515,0.6545007456008132,0.9271276595744681
4307,0.001940920200135717,0.19770112063436118,0.6611262050645959,0.9186170212765957
4308,0.0,0.2167853917061547,0.5092138845021511,0.8925531914893617
4309,0.0,0.2364660462489418,0.26833110828319673,0.8962765957446809
4310,0.0,0.21887273385463213,0.19592430128614363,0.848404255319149
4311,0.0,0.2179781586481418,0.17368168737201622,0.801063829787234
4312,0.0,0.24720094872682566,0.15001933214422108,0.6409574468085106
4313,0.0,0.2466045652558321,0.1334556834847645,0.4664893617021277
4314,0.0,0.2549539338497418,0.12304424718453466,0.3478723404255319
4315,0.0,0.2504810578172902,0.11878502324353153,0.3090425531914894
4316,0.0,0.23706242971993532,0.11689203482530792,0.28138297872340423
4317,0.005897411377335448,0.24481541484285146,0.11641878772075202,0.2521276595744681
4318,0.06882801632788965,0.24242988095887727,0.11594554061619612,0.28936170212765955
4319,0.20006408216783544,0.2835803404574321,0.10269462168863085,0.2765957446808511
4320,0.37474690018004997,0.3781071206099094,0.08518447882006246,0.31861702127659575
4321,0.4661194511402853,0.44460387762569004,0.08518447882006246,0.2824468085106383
4322,0.5631654611470711,0.486947104066232,0.08376473750639475,0.29840425531914894
4323,0.5979527231956574,0.5322722478617417,0.08471123171550655,0.27606382978723404
4324,0.5931750734722464,0.5606004627339352,0.07950551356539162,0.2276595744680851
4325,0.5701079834014027,0.5698444065343351,0.08471123171550655,0.2702127659574468
4326,0.5168073286745988,0.5653715305018835,0.08897045565650967,0.2675531914893617
4327,0.44103679009237756,0.5617932296759223,0.0951226680157364,0.24680851063829787
4328,0.26956395548807977,0.5495673685205545,0.14576010820321797,0.2590425531914894
4329,0.11115500684623394,0.5358505486877029,0.24088277621895438,0.25957446808510637
4330,0.029561707663605535,0.5167662776159093,0.49123049452902684,0.27393617021276595
4331,0.000746507769282968,0.48277241976927715,0.5712092551989744,0.27925531914893614
4332,0.0,0.4771067767948384,0.592032127799434,0.28404255319148936
4333,0.0,0.48157965282729004,0.4443790311779925,0.27074468085106385
4334,0.0,0.47412485943987065,0.23236432833694814,0.25638297872340426
4335,0.0,0.4618989982845029,0.16279700396723046,0.2691489361702128
4336,0.0,0.4648809156394707,0.11783852903441973,0.26382978723404255
4337,0.0,0.42611599002489003,0.1131060579888607,0.2611702127659574
4338,0.0,0.39182394044276103,0.1126328108843048,0.2601063829787234
4339,0.0,0.3441132627632772,0.11594554061619612,0.2632978723404255
4340,0.0,0.31190855532962564,0.11878502324353153,0.25957446808510637
4341,0.003209983407916763,0.28238757351544497,0.1140525521979725,0.2680851063829787
4342,0.051882289965166285,0.26568883632762563,0.11073982246608119,0.28297872340425534
4343,0.16266404292675873,0.2969989685547869,0.10790033983874578,0.26595744680851063
4344,0.2943480134282743,0.3330801685498966,0.07855901935627982,0.2904255319148936
4345,0.4174471445830358,0.3330801685498966,0.07524628962438851,0.249468085106383
4346,0.5386800063145898,0.3688631768095095,0.07713927804261211,0.2632978723404255
4347,0.5272584374445604,0.42074853878594815,0.07713927804261211,0.24308510638297873
4348,0.5569694466620225,0.45623335531006426,0.07524628962438851,0.20904255319148937
4349,0.5891439315181184,0.4762122015883481,0.07808577225172392,0.2579787234042553
4350,0.5381574508760917,0.4544442048970836,0.07666603093805621,0.2601063829787234
4351,0.45820646878588583,0.45354962969059326,0.07761252514716802,0.25053191489361704
4352,0.3389145272544675,0.4416219602707223,0.1334556834847645,0.23085106382978723
4353,0.1847606728975346,0.40196245944965137,0.34547038632580884,0.26648936170212767
4354,0.04247629207220088,0.369459560280503,0.5451806644483997,0.27872340425531916
4355,0.000746507769282968,0.3798962710228901,0.5693162667807508,0.26648936170212767
4356,0.0,0.36170657515758686,0.5910856335903223,0.27074468085106385
4357,0.0,0.3581282743316256,0.4287618767276477,0.2904255319148936
4358,0.0,0.3295018677239353,0.23993628200984257,0.2675531914893617
4359,0.0,0.3235380330139998,0.1315626950665409,0.24308510638297873
4360,0.0,0.29789354376127725,0.12872321243920548,0.24893617021276596
4361,0.0,0.26330330244365147,0.11973151745264334,0.2526595744680851
4362,0.0,0.25316478343676113,0.10316786879318675,0.2425531914893617
4363,0.0,0.23229136195198696,0.0918099382838451,0.24095744680851064
4364,0.0,0.2659870280631224,0.08092525487905933,0.2526595744680851
4365,0.005748109823478854,0.27821288921849013,0.07524628962438851,0.2526595744680851
4366,0.06726035001239543,0.2770201222765031,0.07619278383350031,0.3281914893617021
4367,0.20536428732974452,0.3050501454131998,0.07429979541527669,0.44361702127659575
4368,0.34932754839022134,0.33954231187592254,0.07524628962438851,0.5718085106382979
4369,0.473315894663413,0.3705140768105506,0.07619278383350031,0.7712765957446809
4370,0.5694882396247192,0.39116192010030265,0.07713927804261211,0.7920212765957447
4371,0.6124698799497337,0.43016340186983426,0.08471123171550655,0.775
4372,0.6300768169503421,0.45453932797579155,0.07761252514716802,0.7776595744680851
4373,0.6035924327225363,0.43819311870473787,0.07997876066994752,0.7909574468085107
4374,0.5472206428298322,0.45625998158327086,0.09654240932940411,0.7936170212765957
4375,0.46717566033126806,0.42385433864241,0.12399074139364646,0.8319148936170213
4376,0.32720790904912095,0.43446503588853264,0.17273519316290442,0.8468085106382979
4377,0.16563836951412655,0.4166849486112461,0.3478366218485883,0.8489361702127659
4378,0.04098421469889509,0.413530416997534,0.4713541161376789,0.8436170212765958
4379,0.001997425626119436,0.3690801988043178,0.5134731084431542,0.8680851063829788
4380,0.0,0.30082760570763745,0.47608658718323793,0.8494680851063829
4381,0.0,0.24634024147079175,0.23425731675517175,0.8595744680851064
4382,0.0,0.22167753976358792,0.12541048270731417,0.8393617021276596
4383,0.0,0.23716342223090195,0.11121306957063709,0.7829787234042553
4384,0.0,0.20991974011247913,0.08707746723828606,0.6601063829787234
4385,0.0,0.22540562257979316,0.08707746723828606,0.45851063829787236
4386,0.0,0.26469387995057136,0.08423798461095065,0.35106382978723405
4387,0.0,0.2919375620689942,0.08092525487905933,0.300531914893617
4388,0.0,0.321762224598636,0.07903226646083572,0.3170212765957447
4389,0.003994851252238872,0.3409761898821553,0.07713927804261211,0.2936170212765957
4390,0.060662556052516206,0.3102912005487738,0.07477304251983259,0.3393617021276596
4391,0.21120926528040704,0.35502819434323657,0.07288005410160898,0.4632978723404255
4392,0.3720390175464683,0.36420501358312635,0.08376473750639475,0.6063829787234043
4393,0.5012058747021918,0.32549030741484125,0.07666603093805621,0.7936170212765957
4394,0.5987098367475776,0.30226148371387024,0.07666603093805621,0.7920212765957447
4395,0.6495332221232832,0.30340858611885646,0.08944370276106557,0.7813829787234042
4396,0.645908264505511,0.303695361720103,0.07808577225172392,0.7723404255319148
4397,0.6155769864792529,0.2996805033026512,0.0932296795975128,0.7787234042553192
4398,0.5347182379848623,0.3145928345674721,0.11499904640708432,0.7984042553191489
4399,0.4305561905190784,0.33007871703478614,0.12493723560275827,0.8473404255319149
4400,0.24642313928162374,0.29509209368270634,0.1902453360314728,0.8542553191489362
4401,0.1449983047108924,0.2480608950782711,0.3662932589262686,0.851063829787234
4402,0.043721427593947655,0.18296283359530285,0.5092138845021511,0.8712765957446809
4403,0.001183659630292999,0.1637488683117836,0.529090262893499,0.8670212765957447
4404,0.0,0.160881112299318,0.47797957560146154,0.8680851063829788
4405,0.0,0.10553342125873268,0.25460694225107555,0.8643617021276596
4406,0.0,0.08947398758892552,0.17462818158112803,0.8356382978723405
4407,0.0,0.06079642746426991,0.15853778002622734,0.8117021276595745
4408,0.0,0.03584695015581952,0.14717984951688567,0.6776595744680851
4409,0.0,0.028964335725902176,0.15427855608522423,0.4829787234042553
4410,0.0,0.02638335531468317,0.14576010820321797,0.35
4411,0.0,0.027530457719669395,0.12919645954376138,0.31968085106382976
4412,0.0,0.01720653607479337,0.11547229351164022,0.3292553191489362
4413,0.003550978890878997,0.011757799651108803,0.1121595637797489,0.31382978723404253
4414,0.05607587498513083,0.012331350853601916,0.1140525521979725,0.350531914893617
4415,0.21320669090652647,0.004875185221191455,0.1131060579888607,0.474468085106383
4416,0.3793629115089062,0.0017206536074793372,0.11594554061619612,0.6212765957446809
4417,0.5015757683366584,0.0017206536074793372,0.0927564324929569,0.7547872340425532
4418,0.585541623360568,0.0037280828162052303,0.10174812747951904,0.8021276595744681
4419,0.6312604765806351,0.008029716834903573,0.1135793050934166,0.7723404255319148
4420,0.6324441362109281,0.009463594841136354,0.16232375686267456,0.8101063829787234
4421,0.615872901386826,0.015485882467314034,0.24277576463717798,0.801063829787234
4422,0.5685265161751061,0.028104008922162506,0.26927760249230853,0.7824468085106383
4423,0.4689511497767076,0.03527339895332641,0.3407379152802498,0.825
4424,0.2572980121349407,0.023802374903464162,0.5006954366201448,0.851063829787234
4425,0.10904464344074254,0.012618126454848472,0.5295635099980549,0.8308510638297872
4426,0.032328703652377534,0.007456165632410461,0.5641105486306358,0.8329787234042553
4427,0.0031071065295191227,0.005161960822438011,0.5887193980675427,0.8425531914893617
4428,0.0,0.001433878006232781,0.4528974790599987,0.8212765957446808
4429,0.0,0.0054487364236845675,0.25460694225107555,0.8063829787234043
4430,0.0,0.007169390031163904,0.2091752202137089,0.8265957446808511
4431,0.0,0.006309063227424236,0.16043076844445095,0.7851063829787234
4432,0.0,0.005161960822438011,0.15427855608522423,0.6643617021276595
4433,0.0,0.002007429208725893,0.1325091892756527,0.475
4434,0.0,0.001433878006232781,0.12919645954376138,0.3553191489361702
4435,0.0,0.0017206536074793372,0.10837358694330168,0.31329787234042555
4436,0.0,0.0022942048099724496,0.10080163327040724,0.29946808510638295
4437,0.0036249576177723097,0.0017206536074793372,0.0937029267020687,0.2845744680851064
4438,0.05674168352717064,0.0017206536074793372,0.08518447882006246,0.33085106382978724
4439,0.2093597971080742,0.0011471024049862248,0.09748890353851591,0.45585106382978724
4440,0.37181708136578834,0.001433878006232781,0.10506085721141036,0.6186170212765958
4441,0.4822673206175038,0.0034413072149586743,0.10790033983874578,0.7617021276595745
4442,0.5472206428298322,0.006309063227424236,0.11026657536152529,0.7723404255319148
4443,0.5969343473021381,0.01347845325858814,0.1140525521979725,0.7680851063829788
4444,0.6186840930087719,0.023515599302217607,0.0946494209111805,0.7803191489361702
4445,0.5981180069324311,0.03383952094709363,0.08045200777450343,0.7622340425531915
4446,0.5513634515358576,0.032979194143353964,0.11168631667519299,0.8047872340425531
4447,0.43551276522093035,0.037280828162052304,0.2243191275594978,0.8132978723404255
4448,0.28319056654760005,0.040148584174517866,0.3956345794087345,0.8345744680851064
4449,0.1355290276685484,0.016059433669807145,0.5011686837247008,0.8398936170212766
4450,0.034474086732283596,0.0060222876261776795,0.6393568382550243,0.8542553191489362
4451,0.0012576383571863115,0.0017206536074793372,0.7146031278794128,0.8457446808510638
4452,0.0,0.002007429208725893,0.6284721548502386,0.8361702127659575
4453,0.0,0.004875185221191455,0.40367978018618483,0.8351063829787234
4454,0.0,0.006309063227424236,0.29814567587021856,0.8303191489361702
4455,0.0,0.01347845325858814,0.14008114294854715,0.8212765957446808
4456,0.0,0.02695690651717628,0.09796215064307182,0.6829787234042554
4457,0.0,0.05506091543933879,0.08755071434284196,0.4696808510638298
4458,0.0,0.043876666990723096,0.0937029267020687,0.37127659574468086
4459,0.0,0.024089150504710718,0.0927564324929569,0.31170212765957445
4460,0.0,0.013765228859834697,0.08755071434284196,0.31968085106382976
4461,0.003550978890878997,0.0025809804112190055,0.08755071434284196,0.3074468085106383
4462,0.057407492069210454,0.001433878006232781,0.08092525487905933,0.3382978723404255
4463,0.19700534971689104,0.0011471024049862248,0.08660422013373016,0.48723404255319147
4464,0.32728188777601425,0.0017206536074793372,0.10932008115241348,0.6079787234042553
4465,0.43669642485122334,0.002867756012465562,0.09606916222484821,0.7430851063829788
4466,0.520662279875133,0.004875185221191455,0.08944370276106557,0.7803191489361702
4467,0.5586133667714023,0.009176819239889798,0.09701565643396001,0.7563829787234042
4468,0.5892405597052336,0.02036106768850549,0.07997876066994752,0.7563829787234042
4469,0.5672688778179198,0.041582462180750644,0.12588372981187007,0.7760638297872341
4470,0.48049183117206434,0.0628038566729958,0.20160326654081448,0.776595744680851
4471,0.38136033713502565,0.057355120249311234,0.24656174147362522,0.8127659574468085
4472,0.24575733073958395,0.035560174554572964,0.4098319925454116,0.8622340425531915
4473,0.10246053674723773,0.0255230285109435,0.5182055794887133,0.8175531914893617
4474,0.03632355490461641,0.014912331264820921,0.5200985679069369,0.8340425531914893
4475,0.0021453830799060608,0.007169390031163904,0.6459822977188069,0.8515957446808511
4476,0.0,0.005735512024931124,0.5134731084431542,0.8356382978723405
4477,0.0,0.017780087277286482,0.28868073377910053,0.8191489361702128
4478,0.0,0.016919760473546815,0.14812634372599748,0.799468085106383
4479,0.0,0.011471024049862248,0.12683022402098187,0.7696808510638298
4480,0.0,0.010897472847369135,0.10837358694330168,0.6526595744680851
4481,0.0,0.009463594841136354,0.10506085721141036,0.46170212765957447
4482,0.0,0.006309063227424236,0.10458761010685445,0.31648936170212766
4483,0.0,0.0054487364236845675,0.10032838616585134,0.2670212765957447
4484,0.0,0.0054487364236845675,0.10080163327040724,0.3074468085106383
4485,0.0028851703488391852,0.001433878006232781,0.10032838616585134,0.28617021276595744
4486,0.05674168352717064,0.001433878006232781,0.10080163327040724,0.30159574468085104
4487,0.20736237148195477,0.0011471024049862248,0.10127488037496314,0.3377659574468085
4488,0.361312102146938,0.0017206536074793372,0.10269462168863085,0.36329787234042554
4489,0.4695429795918541,0.004014858417451786,0.10364111589774265,0.38351063829787235
4490,0.5590572391327622,0.008603268037396685,0.10979332825696939,0.38457446808510637
4491,0.6024087730922433,0.014625555663574366,0.1126328108843048,0.3925531914893617
4492,0.6112122415925474,0.014338780062327808,0.10364111589774265,0.3601063829787234
4493,0.5927915385961126,0.018927189682272708,0.10032838616585134,0.3579787234042553
4494,0.5390090041446745,0.026096579713436614,0.10600735142052216,0.37872340425531914
4495,0.39815350813980754,0.03441307214958674,0.1126328108843048,0.4223404255319149
4496,0.1455901345260389,0.03441307214958674,0.2673846140740849,0.3771276595744681
4497,0.06132836459455601,0.03642050135831264,0.45857644431466954,0.3893617021276596
4498,0.015831447555168864,0.07169390031163904,0.5215183092206046,0.39680851063829786
4499,0.0014055958109729365,0.10582019685997923,0.43538733619143033,0.40425531914893614
4500,0.0,0.06223030547050269,0.26975084959686446,0.40638297872340423
4501,0.0,0.04789152540817488,0.2101217144228207,0.40106382978723404
4502,0.0,0.024949477308450388,0.14102763715765895,0.3803191489361702
4503,0.0,0.0163462092710537,0.11499904640708432,0.3893617021276596
4504,0.0,0.015199106866067477,0.10979332825696939,0.37446808510638296
4505,0.0,0.03211886733961429,0.10695384562963398,0.34308510638297873
4506,0.0,0.018927189682272708,0.10648059852507806,0.3276595744680851
4507,0.0,0.009176819239889798,0.10742709273418988,0.31968085106382976
4508,0.0,0.007742941233657017,0.10695384562963398,0.2867021276595745
4509,0.0025892554412659356,0.005161960822438011,0.10506085721141036,0.27925531914893614
4510,0.05600189625823752,0.002007429208725893,0.10553410431596626,0.29202127659574467
4511,0.21024754183079397,0.0011471024049862248,0.10411436300229855,0.298936170212766
4512,0.3732226771767613,0.001433878006232781,0.10553410431596626,0.2936170212765957
4513,0.47294600102894646,0.004014858417451786,0.10837358694330168,0.2781914893617021
4514,0.540562557409434,0.006882614429917349,0.10742709273418988,0.2723404255319149
4515,0.59027626188174,0.011757799651108803,0.10932008115241348,0.2734042553191489
4516,0.592643581142326,0.026096579713436614,0.11121306957063709,0.2643617021276596
4517,0.5838401126420218,0.04731797420568177,0.10932008115241348,0.2574468085106383
4518,0.5236954076777588,0.06710549069169415,0.10932008115241348,0.27180851063829786
4519,0.3366771860914649,0.04674442300318866,0.15475180318978013,0.30106382978723406
4520,0.08973619572158799,0.04043535977576442,0.2049159962727058,0.29414893617021276
4521,0.05555802389687765,0.14482167862951087,0.3142360774251193,0.2547872340425532
4522,0.023599213878966668,0.17206536074793372,0.373865212599163,0.249468085106383
4523,0.0010357021765063743,0.09578305081634976,0.3946880851996227,0.3
4524,0.0,0.08890043638643241,0.38333015469028103,0.29148936170212764
4525,0.0,0.099511133632555,0.27401007353786755,0.275531914893617
4526,0.0,0.06653193948920104,0.15333206187611242,0.27925531914893614
4527,0.0,0.07284100271662527,0.12777671823009368,0.26648936170212767
4528,0.0,0.047604749806928325,0.10979332825696939,0.2781914893617021
4529,0.0,0.014625555663574366,0.10979332825696939,0.29202127659574467
4530,0.0,0.012331350853601916,0.10553410431596626,0.3
4531,0.0,0.031832091738367735,0.10648059852507806,0.2845744680851064
4532,0.0,0.03900148176953164,0.10695384562963398,0.2797872340425532
4533,0.0019234468992261236,0.02236849689723138,0.10695384562963398,0.2968085106382979
4534,0.05637178989270408,0.012331350853601916,0.10600735142052216,0.33670212765957447
4535,0.21320669090652647,0.008890043638643241,0.10742709273418988,0.44574468085106383
4536,0.3773654858827868,0.008029716834903573,0.10884683404785758,0.5914893617021276
4537,0.48544840587391624,0.01061069724612258,0.09086344407473328,0.7569148936170212
4538,0.5435956852120598,0.009463594841136354,0.0927564324929569,0.747872340425532
4539,0.5682306012675329,0.012044575252355359,0.1131060579888607,0.776595744680851
4540,0.5765162186795839,0.025236252909696943,0.11783852903441973,0.7670212765957447
4541,0.5397487914136075,0.04961217901565422,0.12541048270731417,0.7590425531914894
4542,0.39815350813980754,0.06509806148296825,0.14859959083055338,0.7563829787234042
4543,0.18613047686357412,0.030684989333381513,0.393268343885955,0.801063829787234
4544,0.0487519810226929,0.0811574951527754,0.40604601570896437,0.8180851063829787
4545,0.03425215055160366,0.2047577792900411,0.31139659479778387,0.8388297872340426
4546,0.018568660450221423,0.08087071955152884,0.2792157916879825,0.8851063829787233
4547,0.001183659630292999,0.024089150504710718,0.23946303490528667,0.8893617021276595
4548,0.0,0.048178301009421436,0.21722042099115926,0.8553191489361702
4549,0.0,0.019787516486012378,0.1850396178813579,0.8446808510638298
4550,0.0,0.020647843289752044,0.14055439005310305,0.8138297872340425
4551,0.0,0.05620801784432501,0.11168631667519299,0.747872340425532
4552,0.0,0.05936254945803713,0.10174812747951904,0.6680851063829787
4553,0.0,0.037854379364545415,0.10458761010685445,0.4723404255319149
4554,0.0,0.04617087180069555,0.10790033983874578,0.36436170212765956
4555,0.0,0.08087071955152884,0.10411436300229855,0.2957446808510638
4556,0.0,0.06108320306551647,0.10080163327040724,0.29840425531914894
4557,0.0036989363446656223,0.0326924185421074,0.09938189195673953,0.31329787234042555
4558,0.05518813026241108,0.03900148176953164,0.09039019697017737,0.3659574468085106
4559,0.2117271163686602,0.04617087180069555,0.08991694986562147,0.45851063829787236
4560,0.3767736560676403,0.039575032972024755,0.09796215064307182,0.5829787234042553
4561,0.4872238953193557,0.05047250581939389,0.10269462168863085,0.7271276595744681
4562,0.5730392185155981,0.04072213537701098,0.09654240932940411,0.7356382978723405
4563,0.6142453693951733,0.04617087180069555,0.08991694986562147,0.7143617021276596
4564,0.6148371992103198,0.07169390031163904,0.07666603093805621,0.7473404255319149
4565,0.5936792833188324,0.1138499136948828,0.07761252514716802,0.7468085106382979
4566,0.5300575781905836,0.11643089410610181,0.09654240932940411,0.75
4567,0.45378551076357854,0.08861366078518586,0.15853778002622734,0.8218085106382979
4568,0.3345318030115589,0.07284100271662527,0.3364786913392467,0.8558510638297873
4569,0.19175286010746584,0.05219315942687323,0.3814371662720574,0.8494680851063829
4570,0.06236406677106239,0.031258540535874624,0.5480201470757351,0.8632978723404255
4571,0.002515276714372623,0.02322882370097105,0.6100155177725584,0.8691489361702127
4572,0.0,0.05506091543933879,0.3554085755214828,0.8473404255319149
4573,0.0,0.08230459755776162,0.16516323949000997,0.8361702127659575
4574,0.0,0.11815154771358115,0.08376473750639475,0.826063829787234
4575,0.0,0.15141751745818166,0.08376473750639475,0.8095744680851064
4576,0.0,0.18267605799405628,0.08897045565650967,0.6622340425531915
4577,0.0,0.17780087277286483,0.08849720855195377,0.46063829787234045
4578,0.0,0.15830013188809902,0.10032838616585134,0.36223404255319147
4579,0.0,0.1307696741684296,0.08849720855195377,0.30957446808510636
4580,0.0,0.1316300009721693,0.08849720855195377,0.3292553191489362
4581,0.004364744886705434,0.11184248448615691,0.08802396144739787,0.31170212765957445
4582,0.052820811001825084,0.1040995432524999,0.08849720855195377,0.37553191489361704
4583,0.20255375423388947,0.12904902056095027,0.09133669117928919,0.4925531914893617
4584,0.36212586814276443,0.1471158834394833,0.10884683404785758,0.6574468085106383
4585,0.4823412993443971,0.20447100368879456,0.10506085721141036,0.7835106382978724
4586,0.5371595359723417,0.26813518716553003,0.10790033983874578,0.7835106382978724
4587,0.5748147079610377,0.344417497097114,0.10269462168863085,0.7547872340425532
4588,0.5859854957219278,0.416111397408753,0.0927564324929569,0.7276595744680852
4589,0.5780697719443434,0.41869237781997204,0.0946494209111805,0.7452127659574468
4590,0.4965452149079131,0.362484359975647,0.09796215064307182,0.825531914893617
4591,0.3667125492101498,0.26067902153311956,0.20254976074992628,0.8611702127659574
4592,0.18812790248969355,0.18439671160153562,0.44106630144610115,0.8148936170212766
4593,0.09365706824693355,0.16546952191926292,0.5754684791399775,0.823936170212766
4594,0.02485685223615298,0.15830013188809902,0.49406997715636225,0.8436170212765958
4595,0.001183659630292999,0.14195392261704531,0.2957794403474391,0.8760638297872341
4596,0.0,0.13765228859834697,0.23520381096428356,0.8276595744680851
4597,0.0,0.16575629752050947,0.21390769125926795,0.7973404255319149
4598,0.0,0.17378601435541305,0.16043076844445095,0.8095744680851064
4599,0.0,0.15084396625568855,0.14528686109866207,0.7723404255319148
4600,0.0,0.13621841059211418,0.12588372981187007,0.649468085106383
4601,0.0,0.14310102502203154,0.12020476455719924,0.44042553191489364
4602,0.0,0.18238928239280974,0.14386711978499436,0.3276595744680851
4603,0.0,0.21106684251746535,0.11689203482530792,0.28936170212765955
4604,0.0,0.21938333495361548,0.1121595637797489,0.29840425531914894
4605,0.003477000163985685,0.250068324286997,0.10884683404785758,0.29946808510638295
4606,0.055927917531344205,0.2801797624178854,0.10884683404785758,0.31329787234042555
4607,0.20085224351534328,0.29222433767024075,0.10979332825696939,0.44361702127659575
4608,0.3662686768487899,0.3002540545051443,0.09654240932940411,0.574468085106383
4609,0.4765709586467188,0.32233577580112915,0.08613097302917426,0.752127659574468
4610,0.5452232172037127,0.3375348826671966,0.09039019697017737,0.7882978723404256
4611,0.5939751982264057,0.35961660396318146,0.0918099382838451,0.7707446808510638
4612,0.5944190705877654,0.3429836190908812,0.08707746723828606,0.7680851063829788
4613,0.5677127501792797,0.3361010046609638,0.10932008115241348,0.777127659574468
4614,0.5026114705131648,0.30512923972633577,0.12020476455719924,0.7664893617021277
4615,0.40984214698895094,0.25064187548949013,0.1694224634310131,0.7893617021276595
4616,0.2857058432619727,0.23286178821220363,0.41598420490463833,0.8297872340425532
4617,0.13760043202156114,0.206765208498767,0.5607978188987445,0.826063829787234
4618,0.045792831946960405,0.20189002327757555,0.6440893093005833,0.8601063829787234
4619,0.0031071065295191227,0.1617414391030577,0.5650570428397476,0.8345744680851064
4620,0.0,0.160881112299318,0.30571762954311305,0.8276595744680851
4621,0.0,0.14768943464197642,0.1850396178813579,0.8228723404255319
4622,0.0,0.14826298584446954,0.14386711978499436,0.8159574468085107
4623,0.0,0.1812421799878235,0.14008114294854715,0.7707446808510638
4624,0.0,0.22225109096608103,0.14576010820321797,0.65
4625,0.0,0.2428989342558331,0.14812634372599748,0.44680851063829785
4626,0.0,0.2755913527979405,0.14386711978499436,0.3175531914893617
4627,0.0,0.2873491524490493,0.14008114294854715,0.29202127659574467
4628,0.0,0.2773120064054198,0.13960789584399125,0.2803191489361702
4629,0.004216787432918809,0.2767384552029267,0.13960789584399125,0.27606382978723404
4630,0.05208102373289196,0.21106684251746535,0.13960789584399125,0.30957446808510636
4631,0.18753607267454706,0.20905941330873945,0.14102763715765895,0.4228723404255319
4632,0.34858776112128825,0.1780876483741114,0.14055439005310305,0.5840425531914893
4633,0.476866873554292,0.15944723429308524,0.14008114294854715,0.7664893617021277
4634,0.5747407292341443,0.1812421799878235,0.14339387268043846,0.7622340425531915
4635,0.6223090506265443,0.20647843289752046,0.14386711978499436,0.7702127659574468
4636,0.6373267321858866,0.22282464216857414,0.14576010820321797,0.7569148936170212
4637,0.6204595824542115,0.2583848167231471,0.14528686109866207,0.7632978723404256
4638,0.5572077709604293,0.25035509988824356,0.14528686109866207,0.7627659574468085
4639,0.46340274525970915,0.24089150504710719,0.16137726265356275,0.8313829787234043
4640,0.3377128882679713,0.21221394492245158,0.3525690928941474,0.8393617021276596
4641,0.18272745542648172,0.1623149903055508,0.5115801200249306,0.825531914893617
4642,0.04438723613598747,0.12790191815596405,0.5579583362714091,0.8515957446808511
4643,0.0009617234496130618,0.10868795287244479,0.5451806644483997,0.8542553191489362
4644,0.0,0.10065823603754122,0.4599961856283373,0.8430851063829787
4645,0.0,0.0929152948038842,0.24324901174173388,0.8117021276595745
4646,0.0,0.09348884600637732,0.27069734380597626,0.8085106382978723
4647,0.0,0.11098215768241725,0.14576010820321797,0.7792553191489362
4648,0.0,0.12962257176344338,0.12446398849820237,0.6207446808510638
4649,0.0,0.15858690748934556,0.12351749428909056,0.39893617021276595
4650,0.0,0.17837442397535794,0.12115125876631104,0.298936170212766
4651,0.0,0.21049329131497224,0.11168631667519299,0.275531914893617
4652,0.0,0.22569239818103973,0.10884683404785758,0.27287234042553193
4653,0.004364744886705434,0.18439671160153562,0.10932008115241348,0.26276595744680853
4654,0.05474425790105121,0.13105644976967618,0.10506085721141036,0.2734042553191489
4655,0.20122213714980985,0.11040860647992413,0.10316786879318675,0.31861702127659575
4656,0.34022816498234393,0.09807725562632222,0.09086344407473328,0.30106382978723406
4657,0.44734936152386034,0.09119464119640487,0.09133669117928919,0.28138297872340423
4658,0.5276162802031044,0.08402525116524096,0.09985513906129544,0.27287234042553193
4659,0.5868732404446476,0.09262851920263765,0.08944370276106557,0.25053191489361704
4660,0.6091408372395346,0.10065823603754122,0.08329149040183885,0.2542553191489362
4661,0.5904242193355266,0.11298958689114313,0.09039019697017737,0.2521276595744681
4662,0.5421161106741936,0.12818869375721062,0.0937029267020687,0.2696808510638298
4663,0.45090034041473936,0.12159285492853981,0.0951226680157364,0.27606382978723404
4664,0.29095833287139783,0.05506091543933879,0.12777671823009368,0.300531914893617
4665,0.1076390476297696,0.05219315942687323,0.3080838650658925,0.29148936170212764
4666,0.026854277862272416,0.05448736423684567,0.4462720195962161,0.2771276595744681
4667,0.000665808542039812,0.04588409619944899,0.4505312435372192,0.3313829787234043
4668,0.0,0.05075928142064044,0.412671475172747,0.29946808510638295
4669,0.0,0.055921242243078456,0.27401007353786755,0.30106382978723406
4670,0.0,0.08144427075402196,0.15664479160800374,0.29202127659574467
4671,0.0,0.09148141679765143,0.1329824363802086,0.2824468085106383
4672,0.0,0.08488557796898064,0.13913464873943535,0.30319148936170215
4673,0.0,0.060222876261776796,0.1344021776938763,0.29414893617021276
4674,0.0,0.04358989138947654,0.12351749428909056,0.29627659574468085
4675,0.0,0.020647843289752044,0.12730347112553778,0.30531914893617024
4676,0.0,0.00975037044238291,0.12304424718453466,0.28829787234042553
4677,0.0034030214370923723,0.009176819239889798,0.12067801166175514,0.2845744680851064
4678,0.053782534451438144,0.0034413072149586743,0.11168631667519299,0.30531914893617024
4679,0.20410730749864903,0.002007429208725893,0.10837358694330168,0.31968085106382976
4680,0.37004159192034886,0.001433878006232781,0.08613097302917426,0.32340425531914896
4681,0.48485657605876975,0.001433878006232781,0.08613097302917426,0.32074468085106383
4682,0.5693402821709326,0.002007429208725893,0.08755071434284196,0.2898936170212766
4683,0.6138014970338134,0.004875185221191455,0.08944370276106557,0.3122340425531915
4684,0.6176483908322656,0.010037146043629467,0.09086344407473328,0.31170212765957445
4685,0.5913119640582464,0.010323921644876022,0.0937029267020687,0.32659574468085106
4686,0.5330167272663161,0.020074292087258933,0.08755071434284196,0.3101063829787234
4687,0.44098719101103545,0.027243682118422836,0.08849720855195377,0.3345744680851064
4688,0.309231078414046,0.030684989333381513,0.169895710535569,0.31063829787234043
4689,0.16623019932927305,0.02122139449224516,0.3752849539128307,0.3026595744680851
4690,0.04631068303521359,0.011757799651108803,0.6033900583087757,0.3122340425531915
4691,0.0012576383571863115,0.010897472847369135,0.6478752861370305,0.32659574468085106
4692,0.0,0.015485882467314034,0.6582867224372604,0.3414893617021277
4693,0.0,0.00975037044238291,0.48555152927435596,0.35212765957446807
4694,0.0,0.007456165632410461,0.15522505029433603,0.3159574468085106
4695,0.0,0.002867756012465562,0.12020476455719924,0.31117021276595747
4696,0.0,0.0034413072149586743,0.11831177613897563,0.31382978723404253
4697,0.0,0.001433878006232781,0.1140525521979725,0.3047872340425532
4698,0.0,0.001433878006232781,0.11026657536152529,0.3026595744680851
4699,0.0,0.002007429208725893,0.11168631667519299,0.32180851063829785
4700,0.0,0.002007429208725893,0.11121306957063709,0.325
4701,0.002959149075732498,0.003154531613712118,0.10932008115241348,0.3175531914893617
4702,0.04386938504773428,0.004588409619944899,0.10932008115241348,0.3473404255319149
4703,0.16275319916528738,0.00831649243615013,0.11121306957063709,0.4632978723404255
4704,0.3103407593174457,0.01663298487230026,0.11073982246608119,0.6095744680851064
4705,0.4529717447677521,0.012331350853601916,0.09086344407473328,0.7952127659574468
4706,0.5319810250898098,0.02179494569473827,0.08471123171550655,0.7930851063829787
4707,0.5779218144905568,0.0255230285109435,0.07855901935627982,0.7978723404255319
4708,0.5817687082890091,0.03154531613712118,0.07713927804261211,0.7787234042553192
4709,0.5690443672633593,0.033552745345847075,0.10979332825696939,0.8106382978723404
4710,0.5138562370009482,0.04244278898449032,0.10790033983874578,0.7973404255319149
4711,0.40939827462759104,0.051619608224380116,0.14244737847132666,0.8319148936170213
4712,0.27971356638361433,0.04961217901565422,0.32417426662079324,0.8297872340425532
4713,0.12273070791600535,0.05620801784432501,0.46046943273289315,0.8430851063829787
4714,0.03454806545917691,0.015485882467314034,0.4893375061108032,0.8547872340425532
4715,0.0008877447227197493,0.014052004461081253,0.3487831160577002,0.8574468085106383
4716,0.0,0.012618126454848472,0.24798148278729293,0.8494680851063829
4717,0.0,0.0025809804112190055,0.21722042099115926,0.850531914893617
4718,0.0,0.005735512024931124,0.1320359421710968,0.8356382978723405
4719,0.0,0.04416344259196965,0.09985513906129544,0.8021276595744681
4720,0.0,0.05678156904681812,0.0932296795975128,0.6829787234042554
4721,0.0,0.02236849689723138,0.09559591512029231,0.4728723404255319
4722,0.0,0.019213965283519263,0.0937029267020687,0.3473404255319149
4723,0.0,0.00831649243615013,0.08991694986562147,0.326063829787234
4724,0.0,0.005735512024931124,0.08849720855195377,0.30425531914893617
4725,0.0017015107185461861,0.007169390031163904,0.08802396144739787,0.300531914893617
4726,0.05023155556055915,0.0054487364236845675,0.08660422013373016,0.32180851063829785
4727,0.19885481788922385,0.004301634018698343,0.08802396144739787,0.45159574468085106
4728,0.3633835064999507,0.0037280828162052303,0.07619278383350031,0.6292553191489362
4729,0.4892952996723685,0.004588409619944899,0.07051381857882948,0.7824468085106383
4730,0.568970388536466,0.0034413072149586743,0.07477304251983259,0.8069148936170213
4731,0.6093627734202146,0.006309063227424236,0.07997876066994752,0.7691489361702127
4732,0.6106943905042942,0.01118424844861569,0.07571953672894441,0.7531914893617021
4733,0.5952328365835919,0.024089150504710718,0.07571953672894441,0.823936170212766
4734,0.5367896423378751,0.03154531613712118,0.0918099382838451,0.8218085106382979
4735,0.4273011265357727,0.030111438130888398,0.14954608503966518,0.8361702127659575
4736,0.22578307447838958,0.01347845325858814,0.4008402975588494,0.8776595744680851
4737,0.07930519522963093,0.001433878006232781,0.5257775331616077,0.848404255319149
4738,0.03358634200956385,0.001433878006232781,0.5910856335903223,0.8707446808510638
4739,0.002441297987479311,0.0017206536074793372,0.5806741972900924,0.8882978723404256
4740,0.0,0.0011471024049862248,0.4155109578000824,0.874468085106383
4741,0.0,0.004875185221191455,0.2053892433772617,0.8787234042553191
4742,0.0,0.0025809804112190055,0.20160326654081448,0.8696808510638298
4743,0.0,0.0008603268037396686,0.12020476455719924,0.824468085106383
4744,0.0,0.0008603268037396686,0.11168631667519299,0.6877659574468085
4745,0.0,0.0017206536074793372,0.10411436300229855,0.4829787234042553
4746,0.0,0.001433878006232781,0.10269462168863085,0.3595744680851064
4747,0.0,0.001433878006232781,0.10080163327040724,0.349468085106383
4748,0.0,0.0011471024049862248,0.09796215064307182,0.3425531914893617
4749,0.001331617084079624,0.0011471024049862248,0.09748890353851591,0.3372340425531915
4750,0.04838208738822634,0.0011471024049862248,0.09701565643396001,0.36542553191489363
4751,0.19892879661611715,0.0008603268037396686,0.09796215064307182,0.4856382978723404
4752,0.3645671661302437,0.0008603268037396686,0.08139850198361523,0.6563829787234042
4753,0.4867800229579959,0.0011471024049862248,0.07997876066994752,0.7702127659574468
4754,0.5703020056205457,0.004875185221191455,0.08613097302917426,0.7835106382978724
4755,0.6095847096008945,0.016919760473546815,0.08376473750639475,0.8053191489361702
4756,0.620829476088678,0.024662701707203832,0.0918099382838451,0.7654255319148936
4757,0.5882048575287272,0.02925111132714873,0.0941761738066246,0.8148936170212766
4758,0.5287999398333973,0.028677560124655617,0.09985513906129544,0.8095744680851064
4759,0.4154645302328427,0.02781723332091595,0.1665829808036777,0.847872340425532
4760,0.2454614158320107,0.01663298487230026,0.4571567030010018,0.8643617021276596
4761,0.08448370611216281,0.0054487364236845675,0.5229380505342723,0.8494680851063829
4762,0.024412979874793107,0.008890043638643241,0.6218466953864559,0.8686170212765958
4763,0.0017754894454394985,0.01950074088476582,0.5082673902930394,0.8654255319148936
4764,0.0,0.014052004461081253,0.27211708511964394,0.8526595744680852
4765,0.0,0.014052004461081253,0.19687079549525544,0.8617021276595744
4766,0.0,0.014338780062327808,0.14765309662144158,0.8170212765957446
4767,0.0,0.011757799651108803,0.10553410431596626,0.7643617021276595
4768,0.0,0.01061069724612258,0.10600735142052216,0.6377659574468085
4769,0.0,0.004301634018698343,0.11026657536152529,0.4797872340425532
4770,0.0,0.004014858417451786,0.10174812747951904,0.34893617021276596
4771,0.0,0.005161960822438011,0.09890864485218362,0.2765957446808511
4772,0.0,0.003154531613712118,0.09701565643396001,0.28085106382978725
4773,0.001183659630292999,0.0025809804112190055,0.09606916222484821,0.28617021276595744
4774,0.047198427757933335,0.0025809804112190055,0.10269462168863085,0.2973404255319149
4775,0.16793171004781923,0.001433878006232781,0.09559591512029231,0.3101063829787234
4776,0.3507331442011943,0.0008603268037396686,0.07288005410160898,0.3702127659574468
4777,0.4830071078864369,0.0022942048099724496,0.07193355989249718,0.4734042553191489
4778,0.544113536300313,0.003154531613712118,0.08281824329728293,0.48138297872340424
4779,0.5849497935454215,0.004301634018698343,0.08329149040183885,0.47393617021276596
4780,0.5984139218400043,0.007169390031163904,0.08991694986562147,0.4563829787234043
4781,0.5688964098095727,0.012618126454848472,0.10032838616585134,0.5026595744680851
4782,0.5258407907576649,0.01663298487230026,0.18220013525402248,0.5335106382978724
4783,0.44631365934735395,0.018353638479779597,0.41882368753197374,0.5388297872340425
4784,0.3334961008350525,0.023802374903464162,0.5257775331616077,0.5914893617021276
4785,0.18391111505677474,0.020074292087258933,0.5622175602124122,0.6680851063829787
4786,0.05148919391774546,0.011471024049862248,0.6213734482819,0.7212765957446808
4787,0.003994851252238872,0.01061069724612258,0.6218466953864559,0.7845744680851063
4788,0.0,0.002867756012465562,0.4538439732691105,0.7585106382978724
4789,0.0,0.0025809804112190055,0.2550801893556315,0.7664893617021277
4790,0.0,0.008890043638643241,0.13676841321665584,0.823404255319149
4791,0.0,0.015485882467314034,0.1121595637797489,0.7345744680851064
4792,0.0,0.012904902056095029,0.09890864485218362,0.6186170212765958
4793,0.0,0.007456165632410461,0.10127488037496314,0.4728723404255319
4794,0.0,0.004875185221191455,0.08187174908817113,0.4101063829787234
4795,0.0,0.0017206536074793372,0.07761252514716802,0.40691489361702127
4796,0.0,0.0011471024049862248,0.07950551356539162,0.4186170212765957
4797,0.0020714043530127486,0.0011471024049862248,0.08045200777450343,0.4196808510638298
4798,0.05526210898930439,0.0011471024049862248,0.08092525487905933,0.4526595744680851
4799,0.1836152001492015,0.0011471024049862248,0.08281824329728293,0.5351063829787234
4800,0.3253584408767881,0.0017206536074793372,0.09606916222484821,0.6106382978723405
4801,0.44453816990191447,0.0025809804112190055,0.08092525487905933,0.7239361702127659
4802,0.5103052581100692,0.005161960822438011,0.07808577225172392,0.8047872340425531
4803,0.5581694944100424,0.025236252909696943,0.07855901935627982,0.8122340425531915
4804,0.5717076014315186,0.051619608224380116,0.07477304251983259,0.8329787234042553
4805,0.5544705580653767,0.05936254945803713,0.08755071434284196,0.8521276595744681
4806,0.4888514273110086,0.05878899825554402,0.1315626950665409,0.8696808510638298
4807,0.39438059306824863,0.07915006594404951,0.2976724287656627,0.8930851063829788
4808,0.26617545936213816,0.08230459755776162,0.4164574520091942,0.9292553191489362
4809,0.12739136771028403,0.06108320306551647,0.4869712705880237,0.8819148936170212
4810,0.0481601512075464,0.030684989333381513,0.6284721548502386,0.8898936170212766
4811,0.002515276714372623,0.0163462092710537,0.660179710855484,0.8904255319148936
4812,0.0,0.007169390031163904,0.548493394180291,0.8414893617021276
4813,0.0,0.006309063227424236,0.3771779423310543,0.8680851063829788
4814,0.0,0.0037280828162052303,0.23567705806883946,0.8335106382978723
4815,0.0,0.003154531613712118,0.13913464873943535,0.8021276595744681
4816,0.0,0.0054487364236845675,0.12635697691642597,0.6611702127659574
4817,0.0,0.001433878006232781,0.13534867190298813,0.4531914893617021
4818,0.0,0.0008603268037396686,0.12115125876631104,0.3526595744680851
4819,0.0,0.001433878006232781,0.10600735142052216,0.31542553191489364
4820,0.0,0.0011471024049862248,0.10458761010685445,0.3345744680851064
4821,0.001331617084079624,0.0008603268037396686,0.10174812747951904,0.33404255319148934
4822,0.04475712977045403,0.0008603268037396686,0.09133669117928919,0.3414893617021277
4823,0.18524273214085435,0.0011471024049862248,0.08613097302917426,0.35638297872340424
4824,0.31226420621667184,0.0022942048099724496,0.06720108884693815,0.3574468085106383
4825,0.40880644481244455,0.003154531613712118,0.06388835911504684,0.3372340425531915
4826,0.4872978740462491,0.007742941233657017,0.06672784174238225,0.3148936170212766
4827,0.5376034083337016,0.017493311676039926,0.06720108884693815,0.31329787234042555
4828,0.5506976429938178,0.02925111132714873,0.06436160621960274,0.29946808510638295
4829,0.5381212594219547,0.0418692377819972,0.06672784174238225,0.29521276595744683
4830,0.5009099597946185,0.049325403414407665,0.08613097302917426,0.3345744680851064
4831,0.3655288895798568,0.055347691040585345,0.12162450587086694,0.3292553191489362
4832,0.21402045690235288,0.038427930567038526,0.25366044804196375,0.324468085106383
4833,0.10127687711694473,0.018927189682272708,0.41882368753197374,0.33351063829787236
4834,0.02574459695887273,0.01347845325858814,0.4898107532153591,0.35
4835,0.0008137659958264369,0.010323921644876022,0.5442341702392879,0.35638297872340424
4836,0.0,0.0037280828162052303,0.5257775331616077,0.33085106382978724
4837,0.0,0.002007429208725893,0.451477737746331,0.3393617021276596
4838,0.0,0.001433878006232781,0.23094458702328044,0.31117021276595747
4839,0.0,0.0008603268037396686,0.14481361399410617,0.30957446808510636
4840,0.0,0.0011471024049862248,0.12162450587086694,0.29521276595744683
4841,0.0,0.0034413072149586743,0.12824996533464958,0.31329787234042555
4842,0.0,0.004875185221191455,0.10742709273418988,0.2867021276595745
4843,0.0,0.0034413072149586743,0.09039019697017737,0.2968085106382979
4844,0.0,0.0017206536074793372,0.09039019697017737,0.3228723404255319
4845,0.0008877447227197493,0.001433878006232781,0.09133669117928919,0.325
4846,0.030775150387617977,0.002867756012465562,0.08518447882006246,0.31063829787234043
4847,0.13449332549204202,0.014625555663574366,0.08092525487905933,0.29414893617021276
4848,0.2552266077819279,0.059649325059283685,0.05868264096493191,0.3148936170212766
4849,0.3324603986585461,0.10524664565748612,0.07903226646083572,0.31063829787234043
4850,0.40932429590069774,0.11557056730236213,0.10553410431596626,0.28138297872340423
4851,0.5051267472275374,0.13593163499086763,0.10411436300229855,0.28936170212765955
4852,0.5725953461542383,0.12675481575097783,0.08707746723828606,0.2781914893617021
4853,0.5680826438137463,0.11442346489737591,0.10080163327040724,0.30531914893617024
4854,0.4716883626717601,0.11212926008740347,0.12446398849820237,0.31436170212765957
4855,0.3531744421886736,0.10754085046745857,0.23946303490528667,0.31648936170212766
4856,0.1896814557544531,0.0673922662929407,0.49123049452902684,0.31117021276595747
4857,0.08426176993148288,0.01061069724612258,0.5499131354939587,0.29095744680851066
4858,0.03062719293383135,0.007456165632410461,0.5551188536440737,0.2824468085106383
4859,0.0021453830799060608,0.006595838828670792,0.5286170157889432,0.2797872340425532
4860,0.0,0.0060222876261776795,0.5617443131078563,0.30319148936170215
4861,0.0,0.003154531613712118,0.5418679347165084,0.33617021276595743
4862,0.0,0.0017206536074793372,0.3814371662720574,0.3074468085106383
4863,0.0,0.0017206536074793372,0.2101217144228207,0.31063829787234043
4864,0.0,0.001433878006232781,0.22289938624583008,0.3313829787234043
4865,0.0,0.0011471024049862248,0.2053892433772617,0.3127659574468085
4866,0.0,0.0011471024049862248,0.203969502063594,0.31968085106382976
4867,0.0,0.0008603268037396686,0.131089447961985,0.3122340425531915
4868,0.0,0.0005735512024931124,0.13582191900754403,0.3170212765957447
4869,0.0012576383571863115,0.005161960822438011,0.13818815453032354,0.3101063829787234
4870,0.05008359810677252,0.024949477308450388,0.11831177613897563,0.33670212765957447
4871,0.19182683883435916,0.04903862781316111,0.12257100007997875,0.43457446808510636
4872,0.3544320805458599,0.06251708107174925,0.1836198765676902,0.5829787234042553
4873,0.48004795881070444,0.05391381303435256,0.17888740552213114,0.7404255319148936
4874,0.5636439202001475,0.05506091543933879,0.1907185831360287,0.7601063829787233
4875,0.6087709436050681,0.08947398758892552,0.19261157155425232,0.7425531914893617
4876,0.6232707740761574,0.1316300009721693,0.16421674528089816,0.725531914893617
4877,0.6056638370755489,0.15027041505319544,0.2091752202137089,0.7297872340425532
4878,0.546480855560899,0.11184248448615691,0.3246475137253491,0.7547872340425532
4879,0.4525278724063922,0.09004753879141864,0.4140912164864147,0.7898936170212766
4880,0.3241008025196018,0.08517235357022719,0.543760923134732,0.8111702127659575
4881,0.17673517854812343,0.07083357350789937,0.6010238227859962,0.8095744680851064
4882,0.04594078940074703,0.05850222265429746,0.6644389347964871,0.8175531914893617
4883,0.0008137659958264369,0.055347691040585345,0.6951999965926208,0.8159574468085107
4884,0.0,0.06825259309668037,0.6757968653058288,0.7803191489361702
4885,0.0,0.10295244084751366,0.6043365525178875,0.773936170212766
4886,0.0,0.11929865011856737,0.5224648034297164,0.7601063829787233
4887,0.0,0.14396135182577122,0.49880244820192127,0.7398936170212767
4888,0.0,0.1393729422058263,0.514419602652266,0.5936170212765958
4889,0.0,0.14998363945194887,0.5688430196761948,0.39680851063829786
4890,0.0,0.15084396625568855,0.5655302899443035,0.28617021276595744
4891,0.0,0.14941008824945576,0.5229380505342723,0.27872340425531916
4892,0.0,0.14998363945194887,0.49123049452902684,0.274468085106383
4893,0.0005178510882531871,0.1628885415080439,0.5011686837247008,0.2654255319148936
4894,0.037655171988696036,0.16919760473546816,0.5025884250383684,0.31436170212765957
4895,0.15542930520284945,0.17636699476663206,0.5006954366201448,0.41702127659574467
4896,0.3032388015356877,0.19271320403768574,0.49123049452902684,0.5718085106382979
4897,0.4274490839895593,0.24175183185084687,0.4675681393012317,0.7079787234042553
4898,0.45393346821736513,0.30254825931511675,0.5186788265932691,0.7308510638297873
4899,0.4696909370456407,0.38456608127163183,0.4803458111242411,0.7159574468085106
4900,0.5004660874332587,0.5385645791410325,0.4472185138053279,0.7207446808510638
4901,0.4766449373736121,0.5973535773965766,0.45904969141922547,0.7425531914893617
4902,0.3697456770127756,0.5964932505928369,0.5253042860570518,0.7648936170212766
4903,0.2900705881486781,0.6088246014464388,0.5092138845021511,0.7319148936170212
4904,0.21808928688148507,0.5985006798015627,0.5820939386037601,0.8079787234042554
4905,0.13834021929049428,0.5962064749915903,0.5688430196761948,0.7930851063829787
4906,0.04749434266550659,0.5732644268918659,0.6251594251183472,0.8186170212765957
4907,0.0019234468992261236,0.5572049932220586,0.6791095950377201,0.8069148936170213
4908,0.0,0.5574917688233052,0.6852618073969469,0.7723404255319148
4909,0.0,0.523365472274965,0.6724841355739375,0.7851063829787234
4910,0.0,0.5024308533839664,0.6436160621960274,0.7462765957446809
4911,0.0,0.4103758853838219,0.6530810042871454,0.7031914893617022
4912,0.0,0.4037800465551511,0.6251594251183472,0.5792553191489361
4913,0.0,0.3834189788666456,0.5702627609898625,0.3829787234042553
4914,0.0,0.5024308533839664,0.5636373015260799,0.2776595744680851
4915,0.0,0.5308216379073755,0.5754684791399775,0.2702127659574468
4916,0.0,0.566668588063195,0.5802009501855365,0.27393617021276595
4917,0.0009617234496130618,0.5939122701816179,0.592032127799434,0.2553191489361702
4918,0.024634916055473043,0.6085378258451922,0.5948716104267695,0.2590425531914894
4919,0.07760368451108475,0.6139865622688768,0.6436160621960274,0.3851063829787234
4920,0.10260849420102436,0.615133664673863,0.6440893093005833,0.5414893617021277
4921,0.14277894290409301,0.6231633815087666,0.6606529579600399,0.7037234042553191
4922,0.13493719785340189,0.6220162791037803,0.6970929850108444,0.7148936170212766
4923,0.1236924313656184,0.6036626406240008,0.738265483107208,0.7063829787234043
4924,0.12739136771028403,0.5855957777454677,0.7453641896755465,0.7303191489361702
4925,0.11784811194104672,0.5655214856582088,0.7482036723028819,0.7117021276595744
4926,0.09269534479732049,0.564087607651976,0.7628743325441149,0.7319148936170212
4927,0.07294302471680607,0.5394249059447722,0.7472571780937701,0.7420212765957447
4928,0.05836921551882352,0.5494620519884016,0.7496234136165496,0.826063829787234
4929,0.02182372443352717,0.5325422915148549,0.7273807997024222,0.8132978723404255
4930,0.0042907661598121215,0.5454471935709498,0.723594822865975,0.8037234042553192
4931,0.00044387236135987464,0.5724041000881261,0.7207553402386395,0.7968085106382978
4932,0.0,0.5560578908170725,0.6819490776650555,0.7590425531914894
4933,0.0,0.5663818124619484,0.563164054421524,0.7239361702127659
4934,0.0,0.5465942959759361,0.4883910119016914,0.651595744680851
4935,0.0,0.5293877599011427,0.4704076219285671,0.597872340425532
4936,0.0,0.5075928142064045,0.4723006103467907,0.573936170212766
4937,0.0,0.46457647401942104,0.4741935987650143,0.524468085106383
4938,0.0,0.4181188266174789,0.4746668458695702,0.5292553191489362
4939,0.0,0.42012625582620483,0.4732471045559025,0.5207446808510638
4940,0.0,0.4189791534212186,0.4723006103467907,0.5180851063829788
4941,0.0005918298151464995,0.47289296645557116,0.4647286566738963,0.5218085106382979
4942,0.0057703406976783705,0.5247993502811978,0.4637821624647845,0.5053191489361702
4943,0.018864575357794674,0.5362703743310601,0.4637821624647845,0.5287234042553192
4944,0.02759406513120554,0.5437265399634705,0.43917331302787754,0.5606382978723404
4945,0.037655171988696036,0.5428662131597308,0.4211899230547532,0.6542553191489362
4946,0.03994851252238872,0.5474546227796757,0.41787719332286194,0.6930851063829787
4947,0.0446091723166674,0.5626537296457432,0.42355615857753276,0.6973404255319149
4948,0.04379540632084097,0.566095036860702,0.4495847493281074,0.6675531914893617
4949,0.0481601512075464,0.5603595248357708,0.4519509848508869,0.6659574468085107
4950,0.049269832110946085,0.556344666418319,0.47561334007868206,0.6898936170212766
4951,0.038986789072775654,0.5572049932220586,0.47608658718323793,0.6867021276595745
4952,0.02093597971080742,0.5454471935709498,0.4689878806148994,0.6797872340425531
4953,0.008951425954090805,0.4797755808854885,0.47703308139234973,0.6707446808510639
4954,0.00303312780262581,0.3997651881376993,0.470880869033123,0.6659574468085107
4955,0.0002959149075732498,0.39689743212523376,0.46614839798756397,0.6675531914893617
4956,0.0,0.3361010046609638,0.46614839798756397,0.6702127659574468
4957,0.0,0.2383105246358882,0.46330891536022856,0.6819148936170213
4958,0.0,0.22511884697854662,0.4647286566738963,0.6563829787234042
4959,0.0,0.2348692174209295,0.45952293852378134,0.6547872340425532
4960,0.0,0.24089150504710719,0.4552637145827782,0.5872340425531914
4961,0.0,0.2672748603617904,0.4538439732691105,0.5686170212765957
4962,0.0,0.2758781283991871,0.4547904674782223,0.551595744680851
4963,0.0,0.2735839235892146,0.4547904674782223,0.5558510638297872
4964,0.0,0.3143060589662256,0.4543172203736664,0.5436170212765957
4965,0.00036989363446656223,0.35818272595694867,0.4519509848508869,0.524468085106383
4966,0.0068060428741847446,0.454252552374545,0.4524242319554428,0.5388297872340425
4967,0.02448695860168642,0.456833532785764,0.4533707261645546,0.5308510638297872
4968,0.041132172152681716,0.4840772149041868,0.4533707261645546,0.5914893617021276
4969,0.07568023761185863,0.4992763217702543,0.4443790311779925,0.7021276595744681
4970,0.14899315596313126,0.4987027705677612,0.4211899230547532,0.6792553191489362
4971,0.21979079760003126,0.5021440777827199,0.4325478535640949,0.7015957446808511
4972,0.20654860548612833,0.5021440777827199,0.4405930543415452,0.6845744680851064
4973,0.15764866700964883,0.51046057021887,0.4387000659233216,0.6718085106382978
4974,0.09158566389392081,0.5101737946176235,0.4339675948777626,0.6446808510638298
4975,0.05873910915329008,0.5087399166113906,0.4339675948777626,0.6723404255319149
4976,0.047272406484826654,0.5230786966737184,0.4344408419823185,0.6968085106382979
4977,0.021009958437700735,0.5139018774338286,0.4349140890868744,0.7138297872340426
4978,0.005178510882531871,0.5124679994275959,0.43633383040054213,0.7175531914893617
4979,0.00036989363446656223,0.5118944482251028,0.4344408419823185,0.725
4980,0.0,0.4880920733216386,0.4339675948777626,0.726063829787234
4981,0.0,0.4333179334835464,0.4344408419823185,0.7436170212765958
4982,0.0,0.4313105042748205,0.4344408419823185,0.725531914893617
4983,0.0,0.41008910978257535,0.4311281122504272,0.6771276595744681
4984,0.0,0.4192659290224651,0.4278153825185359,0.5856382978723405
4985,0.0,0.4224204606361773,0.4282886296230918,0.39787234042553193
4986,0.0,0.4192659290224651,0.42686888830942404,0.30372340425531913
4987,0.0,0.4095155585800822,0.4282886296230918,0.2835106382978723
4988,0.0,0.3931693493090285,0.4297083709367595,0.30319148936170215
4989,0.0009617234496130618,0.36363146238063326,0.4282886296230918,0.3127659574468085
4990,0.025374703324406167,0.3633446867793867,0.4278153825185359,0.29095744680851066
4991,0.1111900265206486,0.3561752967482228,0.4297083709367595,0.251063829787234
4992,0.23451256425180045,0.34384394589462086,0.4301816180413154,0.2734042553191489
4993,0.33438384555777223,0.33524067785722417,0.4311281122504272,0.27074468085106385
4994,0.38779648637474384,0.3363877802622104,0.4325478535640949,0.25957446808510637
4995,0.36367942140752396,0.3361010046609638,0.4334943477732067,0.30319148936170215
4996,0.3200319725404696,0.3490059067170589,0.4316013593549831,0.23457446808510637
4997,0.36367942140752396,0.362484359975647,0.4306548651458713,0.23404255319148937
4998,0.2979863119262625,0.38513963247412497,0.4325478535640949,0.25585106382978723
4999,0.20240579678010284,0.4508112451595863,0.436807077505098,0.27606382978723404
5000,0.13834021929049428,0.3788305692467007,0.4387000659233216,0.2776595744680851
5001,0.06628493929640795,0.3349539022559776,0.43822681881876574,0.275531914893617
5002,0.014129936836622677,0.3057027909288289,0.4349140890868744,0.28138297872340423
5003,0.00036989363446656223,0.2841946208353372,0.4349140890868744,0.27180851063829786
5004,0.0,0.24003117824336753,0.4344408419823185,0.2648936170212766
5005,0.0,0.1970148380563841,0.441539548550657,0.2765957446808511
5006,0.0,0.1537117222681541,0.436807077505098,0.26063829787234044
5007,0.0,0.07255422711537872,0.4339675948777626,0.2601063829787234
5008,0.0,0.031258540535874624,0.4330211006686508,0.274468085106383
5009,0.0,0.023802374903464162,0.4349140890868744,0.2856382978723404
5010,0.0,0.02179494569473827,0.4344408419823185,0.25159574468085105
5011,0.0,0.029824662529641843,0.4325478535640949,0.27287234042553193
5012,0.0,0.049325403414407665,0.432074606459539,0.2691489361702128
5013,0.0015535532647595613,0.08976076319017208,0.4339675948777626,0.28404255319148936
5014,0.051933066279105336,0.08976076319017208,0.43633383040054213,0.27180851063829786
5015,0.1616435182618877,0.15543237587563344,0.4339675948777626,0.2648936170212766
5016,0.317516695826097,0.2512154266919832,0.42450265278664456,0.19414893617021275
5017,0.4374362121201565,0.23343533941469674,0.42308291147297683,0.3047872340425532
5018,0.5123026837361887,0.18955867242397365,0.42260966436842096,0.2851063829787234
5019,0.5643837074690806,0.11987220132106048,0.42544914699575637,0.28882978723404257
5020,0.5753325590492908,0.09033431439266519,0.42402940568208863,0.28297872340425534
5021,0.5459630044726458,0.1066805236637189,0.4202434288456414,0.28191489361702127
5022,0.5059405132233638,0.1276151425547175,0.39847406203606994,0.25638297872340426
5023,0.4009646997617534,0.10868795287244479,0.38995561415406366,0.2776595744680851
5024,0.22400758503295007,0.07456165632410461,0.398000814931514,0.2898936170212766
5025,0.09802181313363899,0.04731797420568177,0.39752756782695814,0.2702127659574468
5026,0.020788022257020797,0.0418692377819972,0.38474989600394877,0.24680851063829787
5027,0.000665808542039812,0.04129568657950409,0.38806262573584005,0.29148936170212764
5028,0.0,0.048751852211914554,0.40273328597707303,0.2904255319148936
5029,0.0,0.05276671062936634,0.40226003887251716,0.28191489361702127
5030,0.0,0.048465076610668,0.40226003887251716,0.2654255319148936
5031,0.0,0.03154531613712118,0.40131354466340535,0.27393617021276595
5032,0.0,0.05334026183185945,0.40036705045429355,0.2696808510638298
5033,0.0,0.05649479344557157,0.40226003887251716,0.2675531914893617
5034,0.0,0.04703119860443521,0.3998938033497376,0.2702127659574468
5035,0.0,0.04617087180069555,0.39847406203606994,0.2696808510638298
5036,0.0,0.053053486230612894,0.398000814931514,0.2797872340425532
5037,0.00044387236135987464,0.051332832623133554,0.39847406203606994,0.275
5038,0.026558362954699165,0.048465076610668,0.3961078265132904,0.3047872340425532
5039,0.10904464344074254,0.060222876261776796,0.38711613152672825,0.43138297872340425
5040,0.22319381903712365,0.059075773856790574,0.38380340179483696,0.5531914893617021
5041,0.302351056812968,0.049898954616900776,0.3998938033497376,0.7377659574468085
5042,0.3383047180831178,0.030111438130888398,0.3956345794087345,0.777127659574468
5043,0.38787046510163714,0.018640414081026152,0.369132741553604,0.7531914893617021
5044,0.40821461499729805,0.014912331264820921,0.3743384597037189,0.7718085106382979
5045,0.37788333697104,0.01577265806856059,0.36392702340348904,0.7553191489361702
5046,0.3389705266251576,0.02036106768850549,0.3568283168351505,0.747872340425532
5047,0.25108379907590245,0.02839078452340906,0.26833110828319673,0.7952127659574468
5048,0.1320520275045627,0.01577265806856059,0.281582027210762,0.8377659574468085
5049,0.06406557748960857,0.028964335725902176,0.29152021640643594,0.6569148936170213
5050,0.01457380919798255,0.05821544705305091,0.28868073377910053,0.6553191489361702
5051,0.00036989363446656223,0.057355120249311234,0.3184953013661224,0.65
5052,0.0,0.048751852211914554,0.3771779423310543,0.6441489361702127
5053,0.0,0.06079642746426991,0.42450265278664456,0.652127659574468
5054,0.0,0.11298958689114313,0.4282886296230918,0.6579787234042553
5055,0.0,0.17636699476663206,0.42308291147297683,0.5914893617021276
5056,0.0,0.2618261239381058,0.4297083709367595,0.5127659574468085
5057,0.0,0.2704293919755025,0.4316013593549831,0.42340425531914894
5058,0.0,0.3074234445363082,0.42544914699575637,0.3478723404255319
5059,0.0,0.2773120064054198,0.4349140890868744,0.36542553191489363
5060,0.0,0.22282464216857414,0.4287618767276477,0.350531914893617
5061,0.0008137659958264369,0.04617087180069555,0.4581031972101136,0.3547872340425532
5062,0.04364744886705434,0.1040995432524999,0.4685146335103435,0.3414893617021277
5063,0.1838371363298814,0.06911291990042004,0.4552637145827782,0.3670212765957447
5064,0.35354433582314015,0.04961217901565422,0.4689878806148994,0.4877659574468085
5065,0.4706526604952538,0.03154531613712118,0.4727738574513466,0.6303191489361702
5066,0.5312412378208766,0.04072213537701098,0.46520190377845216,0.6356382978723404
5067,0.5660112394607335,0.049898954616900776,0.44390578407343656,0.5228723404255319
5068,0.5619424094816013,0.06050965186302335,0.42639564120486817,0.45851063829787236
5069,0.5283560674720374,0.054774139838092234,0.4741935987650143,0.4377659574468085
5070,0.4822673206175038,0.05276671062936634,0.49596296557458586,0.44840425531914896
5071,0.3805465711391992,0.0628038566729958,0.49596296557458586,0.49361702127659574
5072,0.23687988351238645,0.05706834464806468,0.5901391393812104,0.5372340425531915
5073,0.10031515366733167,0.05018573021814733,0.5882461509629868,0.527127659574468
5074,0.02959149075732498,0.06567161268546137,0.5977110930541049,0.548936170212766
5075,0.0008137659958264369,0.09463594841136354,0.6076492822497789,0.5372340425531915
5076,0.0,0.08717978277895308,0.5929786220085459,0.526595744680851
5077,0.0,0.1138499136948828,0.5981843401586607,0.5260638297872341
5078,0.0,0.16059433669807147,0.5967645988449931,0.5281914893617021
5079,0.0,0.1852570384052753,0.5953448575313254,0.5457446808510639
5080,0.0,0.17235213634918026,0.6014970698905521,0.45372340425531915
5081,0.0,0.12904902056095027,0.6057562938315553,0.3781914893617021
5082,0.0,0.11987220132106048,0.5925053749039899,0.2973404255319149
5083,0.0,0.13249032777590897,0.5958181046358813,0.2867021276595745
5084,0.0,0.15600592707812655,0.5939251162176576,0.300531914893617
5085,0.0008137659958264369,0.12933579616219684,0.5977110930541049,0.29840425531914894
5086,0.04172400196782822,0.1138499136948828,0.5915588806948782,0.29946808510638295
5087,0.18820188121658685,0.09836403122756877,0.592032127799434,0.31117021276595747
5088,0.36545491085296344,0.12675481575097783,0.5967645988449931,0.34893617021276596
5089,0.4887774485841153,0.2010296964738359,0.5716825023035302,0.45851063829787236
5090,0.5404885786825407,0.25207575349572287,0.5858799154402073,0.5122340425531915
5091,0.559723047674802,0.2884962548540355,0.5939251162176576,0.4723404255319149
5092,0.5511415153551777,0.29939372770140465,0.5948716104267695,0.5212765957446809
5093,0.5080119175763765,0.27071616757674904,0.6033900583087757,0.5207446808510638
5094,0.4609614472722298,0.2583848167231471,0.5948716104267695,0.4702127659574468
5095,0.34703420785652866,0.24318570985707963,0.6019703169951081,0.5015957446808511
5096,0.2176454145201252,0.19787516486012377,0.6237396838046795,0.5132978723404256
5097,0.13175611259698947,0.17034470714045438,0.636044108523133,0.5154255319148936
5098,0.040614321064428534,0.13449775698463484,0.6483485332415865,0.5388297872340425
5099,0.0009617234496130618,0.14740265904072988,0.6232664367001236,0.5404255319148936
5100,0.0,0.16833727793172848,0.5764149733490893,0.5409574468085107
5101,0.0,0.1852570384052753,0.5480201470757351,0.597872340425532
5102,0.0,0.22511884697854662,0.5063744018748156,0.6260638297872341
5103,0.0,0.26612775795680416,0.4869712705880237,0.575531914893617
5104,0.0,0.2558038363119281,0.5111068729203747,0.5154255319148936
5105,0.0,0.24003117824336753,0.5716825023035302,0.4271276595744681
5106,0.0,0.2147949253336706,0.5768882204536452,0.4521276595744681
5107,0.0,0.21078006691621878,0.5655302899443035,0.4271276595744681
5108,0.0,0.193860306442672,0.5712092551989744,0.35851063829787233
5109,0.0007397872689331245,0.18497026280402873,0.5352424752527257,0.34414893617021275
5110,0.03928270398034891,0.20045614527134278,0.5309832513117226,0.376063829787234
5111,0.1758474338254037,0.19644128685389098,0.5167858381750455,0.45851063829787236
5112,0.35801888417403227,0.17509394463567954,0.4791984933546583,0.5856382978723405
5113,0.4883210206121925,0.18663860032594412,0.48815988250203873,0.7095744680851064
5114,0.5764126058098219,0.18553910930782366,0.5339101323597177,0.7154255319148937
5115,0.629561195545725,0.19625914673449793,0.5589076915603052,0.7356382978723405
5116,0.6440228974490025,0.18224063625346237,0.5556061271375862,0.7670212765957447
5117,0.6273589059157842,0.18773809134406455,0.5541911709564208,0.7819148936170213
5118,0.5853685836382476,0.18718834583500432,0.5324951761785524,0.7638297872340426
5119,0.4889817075011747,0.17014623505413756,0.5296652638162217,0.8079787234042554
5120,0.3536877145684822,0.15557797906404178,0.5574927353791399,0.8414893617021276
5121,0.20143609148524597,0.1528292515187407,0.5749438616135123,0.8287234042553191
5122,0.05740634968712185,0.1528292515187407,0.5909800316667194,0.8175531914893617
5123,0.0013213737779644416,0.15200463325515035,0.5348534364804947,0.8154255319148936
5124,0.0,0.18059139972628171,0.5310802199973871,0.801595744680851
5125,0.0,0.17701805391739028,0.526835351453891,0.7973404255319149
5126,0.0,0.16052568864558375,0.5056110087364112,0.7914893617021277
5127,0.0,0.13028968564727172,0.4942913592870885,0.7377659574468085
5128,0.0,0.1324886676835126,0.48721657838126187,0.6276595744680851
5129,0.0,0.14678205091907828,0.48910318662281566,0.4441489361702128
5130,0.0,0.15392874253686112,0.4900464907435925,0.3276595744680851
5131,0.0,0.17701805391739028,0.477783537173493,0.29840425531914894
5132,0.0,0.1619000524182343,0.45514423827484773,0.3223404255319149
5133,0.00044045792598814716,0.156127724573102,0.44146632852358286,0.32074468085106383
5134,0.0397146229932646,0.141009723073946,0.4098656404775572,0.32659574468085106
5135,0.18947031782923465,0.14898103295531917,0.3711901715257048,0.4377659574468085
5136,0.34451150777706246,0.1443081961283073,0.3730767797672586,0.5851063829787234
5137,0.47694252419083205,0.14238408684659654,0.36175713031793594,0.7170212765957447
5138,0.5720814362042718,0.12451735780213945,0.3622287823783244,0.7484042553191489
5139,0.6206786273716307,0.12891532187462118,0.3754350400692008,0.7457446808510638
5140,0.6321305334473225,0.14018510481035568,0.3730767797672586,0.7015957446808511
5141,0.623394784581891,0.1654733982271257,0.38581138539774656,0.7446808510638298
5142,0.575605099612177,0.14348357786471697,0.440523024402806,0.7824468085106383
5143,0.46982178772069033,0.11517168414811574,0.4542009341540708,0.8058510638297872
5144,0.3029616434255139,0.10939935630298345,0.49523466340786537,0.8191489361702128
5145,0.14505747695876314,0.11847015720247704,0.5376833488428253,0.8037234042553192
5146,0.03846665886963152,0.11737066618435661,0.5810753383985621,0.8191489361702128
5147,0.001101144814970368,0.11489681139358562,0.6013563769952651,0.8276595744680851
5148,0.0,0.1294650673836814,0.6409751500678944,0.8079787234042554
5149,0.0,0.12891532187462118,0.5442864776882634,0.7882978723404256
5150,0.0,0.12424248504760933,0.3509091329290018,0.7978723404255319
5151,0.0,0.10857473803939312,0.3009140145278268,0.7569148936170212
5152,0.0,0.08438593564074351,0.3240249654868605,0.6537234042553192
5153,0.0,0.0871346631860446,0.4065640760548381,0.45797872340425533
5154,0.0,0.09593059133100809,0.3424193958420098,0.32074468085106383
5155,0.0,0.07723924402296067,0.3127053160375379,0.2973404255319149
5156,0.0,0.062121242523804666,0.30374392689015745,0.2978723404255319
5157,0.00044045792598814716,0.05607404192414227,0.3127053160375379,0.3159574468085106
5158,0.04088917746256633,0.03875705838874539,0.27497315120646243,0.31861702127659575
5159,0.1876350764709507,0.03490883982532386,0.2433724631604367,0.3101063829787234
5160,0.35596341385275426,0.0390319311432755,0.25186220024742867,0.3127659574468085
5161,0.48024595863574315,0.040406294915926046,0.2542204605493709,0.31170212765957445
5162,0.5769998830444728,0.041230913179516375,0.25563541673053625,0.3175531914893617
5163,0.6358744258182218,0.05607404192414227,0.25233385230781713,0.2904255319148936
5164,0.6537129718207417,0.0689930613870574,0.25563541673053625,0.3175531914893617
5165,0.6341860037686006,0.06981767965064772,0.2546921126097593,0.3090425531914894
5166,0.576632834772816,0.08850902695869514,0.2311095095903372,0.3074468085106383
5167,0.4804661875987372,0.08905877246775537,0.2377126384357754,0.33563829787234045
5168,0.3317382279234062,0.09070800899493602,0.39996094720939984,0.3324468085106383
5169,0.18110161723545984,0.09098288174946613,0.49381970722670004,0.36223404255319147
5170,0.04360533467282657,0.10252753743973071,0.5513612585940901,0.2877659574468085
5171,0.0011745544693017257,0.10060342815801995,0.5622092559830243,0.3175531914893617
5172,0.0,0.06514484282363586,0.5631525601038012,0.32180851063829785
5173,0.0,0.05524942366055194,0.5461730859298173,0.33297872340425533
5174,0.0,0.03848218563421528,0.5103275293402956,0.325
5175,0.0,0.030510875752842115,0.43910806822164067,0.3
5176,0.0,0.027487275453010915,0.3306280943322987,0.3191489361702128
5177,0.0,0.03930680389780561,0.3282698340303565,0.32659574468085106
5178,0.0,0.05772327845132292,0.31553522839986853,0.3223404255319149
5179,0.0,0.05277556886978096,0.3108187077959841,0.3313829787234043
5180,0.0,0.03765756737062495,0.28676445271617346,0.3271276595744681
5181,0.00044045792598814716,0.03820731287968517,0.27874636768956995,0.31648936170212766
5182,0.04022849057358411,0.029411384734721678,0.2740298470856855,0.3101063829787234
5183,0.16553877051721197,0.013468764971975349,0.24808898376432115,0.32872340425531915
5184,0.31712970671146595,0.00962054640855382,0.24148585491888294,0.32340425531914896
5185,0.4469179755693067,0.007146691617782838,0.2367693343149985,0.3148936170212766
5186,0.5326604518283327,0.005772327845132292,0.23724098637538696,0.3180851063829787
5187,0.5866165477618807,0.007971309881373165,0.23441107401305628,0.3047872340425532
5188,0.6041614551470752,0.014843128744625895,0.23488272607344474,0.30531914893617024
5189,0.593443645614697,0.014568255990095785,0.23818429049616383,0.31861702127659575
5190,0.5453603220276576,0.01676723802633666,0.24054255079810605,0.33404255319148934
5191,0.46578425673246565,0.017042110780866766,0.24478741934160203,0.3425531914893617
5192,0.32784751624384423,0.014293383235565676,0.2721432388441317,0.3303191489361702
5193,0.16392375812192211,0.022814438625999058,0.40184755545095363,0.3382978723404255
5194,0.03956780368460189,0.014018510481035567,0.4343915476177562,0.32659574468085106
5195,0.00044045792598814716,0.02006571108069797,0.5263636993935027,0.31329787234042555
5196,0.0,0.004672836827011855,0.5518329106544786,0.3292553191489362
5197,0.0,0.0013743637726505457,0.5730572533719586,0.33351063829787236
5198,0.0,0.0010994910181204365,0.5112708334610725,0.324468085106383
5199,0.0,0.001649236527180655,0.4655205836033935,0.32074468085106383
5200,0.0,0.0010994910181204365,0.33440131081540625,0.3047872340425532
5201,0.0,0.0010994910181204365,0.25799367703247844,0.3170212765957447
5202,0.0,0.00329847305436131,0.24054255079810605,0.30957446808510636
5203,0.0,0.00659694610872262,0.24101420285849448,0.3191489361702128
5204,0.0,0.003573345808891419,0.2367693343149985,0.30851063829787234
5205,0.0003670482716567893,0.002198982036240873,0.23535437813383317,0.32872340425531915
5206,0.03061182585617623,0.00329847305436131,0.2259213369260643,0.3404255319148936
5207,0.15071002034227768,0.003573345808891419,0.21460168747674166,0.4595744680851064
5208,0.32043314115637705,0.0019241092817107641,0.21082847099363414,0.5888297872340426
5209,0.43399787640698767,0.0019241092817107641,0.2127150792351879,0.7436170212765958
5210,0.492725599872074,0.006871818863252729,0.21648829571829545,0.7670212765957447
5211,0.5631988680301775,0.010720037426674257,0.26318184969675135,0.7425531914893617
5212,0.5880113311941765,0.01291901946291513,0.34996582880822485,0.722872340425532
5213,0.5834599326256323,0.008246182635903274,0.3636437385594897,0.7393617021276596
5214,0.5310454394330427,0.0049477095815419645,0.35185243704977864,0.7872340425531915
5215,0.4158656917871423,0.007421564372312947,0.38816964569968876,0.824468085106383
5216,0.22426649398229825,0.010445164672144147,0.5952249002102153,0.8170212765957446
5217,0.08133789699914451,0.00962054640855382,0.5862635110628349,0.8047872340425531
5218,0.022610173534058222,0.010720037426674257,0.6239956758939104,0.8117021276595745
5219,0.0002936386173254314,0.012644146708385021,0.7093646988242186,0.8138297872340425
5220,0.0,0.0076964371268430564,0.6452200186113903,0.7904255319148936
5221,0.0,0.00659694610872262,0.6041862893575958,0.8031914893617021
5222,0.0,0.005772327845132292,0.5216471787896182,0.7792553191489362
5223,0.0,0.002198982036240873,0.4749536248111623,0.7601063829787233
5224,0.0,0.0010994910181204365,0.5008944881325267,0.6734042553191489
5225,0.0,0.0010994910181204365,0.5070259649175765,0.4803191489361702
5226,0.0,0.0010994910181204365,0.5126857896422378,0.35851063829787233
5227,0.0,0.0010994910181204365,0.4716520603884432,0.31648936170212766
5228,0.0,0.0010994910181204365,0.42401520228921047,0.3351063829787234
5229,0.0002936386173254314,0.0010994910181204365,0.41646876932299537,0.3223404255319149
5230,0.02708816244827105,0.0010994910181204365,0.39996094720939984,0.350531914893617
5231,0.10960061391671728,0.0010994910181204365,0.4136388569606647,0.44468085106382976
5232,0.24724371578801327,0.0013743637726505457,0.5447581297486519,0.5595744680851064
5233,0.36264369239690786,0.0019241092817107641,0.4145821610814416,0.7542553191489362
5234,0.4134431731942075,0.0024738547907709823,0.4419379805839713,0.7664893617021277
5235,0.3945034823767172,0.010720037426674257,0.5438148256278751,0.7707446808510638
5236,0.3458328815550269,0.03161036677096255,0.5673974286472973,0.7648936170212766
5237,0.30428301720347833,0.043155022461227134,0.5919233357874962,0.774468085106383
5238,0.20620771901678422,0.05250069611525085,0.6655010572080934,0.8271276595744681
5239,0.11899704967113109,0.04260527695216692,0.6881403561067386,0.7936170212765957
5240,0.07568535361562996,0.03188523952549266,0.6617278407249858,0.798936170212766
5241,0.0397146229932646,0.030785748507372226,0.6485215830341095,0.8148936170212766
5242,0.011892364001679973,0.028586766471131352,0.6159775908673069,0.8542553191489362
5243,0.0002936386173254314,0.012644146708385021,0.6159775908673069,0.8452127659574468
5244,0.0,0.014293383235565676,0.6140909826257531,0.7925531914893617
5245,0.0,0.006871818863252729,0.5806036863381736,0.824468085106383
5246,0.0,0.0013743637726505457,0.5174023102461223,0.8265957446808511
5247,0.0,0.0010994910181204365,0.43816476410086375,0.7569148936170212
5248,0.0,0.0010994910181204365,0.41316720490027625,0.6718085106382978
5249,0.0,0.0010994910181204365,0.41882702962493756,0.45585106382978724
5250,0.0,0.0010994910181204365,0.4159971172626069,0.3606382978723404
5251,0.0,0.0019241092817107641,0.40514911987367275,0.3398936170212766
5252,0.0,0.001649236527180655,0.3980743389678461,0.3478723404255319
5253,0.0003670482716567893,0.0019241092817107641,0.3971310348470692,0.3446808510638298
5254,0.03398866995541869,0.001649236527180655,0.4711804083280548,0.3579787234042553
5255,0.1621619264179695,0.0030236002998312007,0.519288918487676,0.4420212765957447
5256,0.32909548036747727,0.001649236527180655,0.5155157020045684,0.5808510638297872
5257,0.4534514348047975,0.0024738547907709823,0.4598607588787321,0.7441489361702127
5258,0.5231171967652561,0.004123091317951637,0.37826495243153146,0.7702127659574468
5259,0.5685577727963667,0.005772327845132292,0.37590669212958927,0.7882978723404256
5260,0.5707600624263074,0.00934567365402371,0.3716618235860933,0.752127659574468
5261,0.528622920840108,0.007146691617782838,0.4612757150598975,0.7574468085106383
5262,0.45425894100244246,0.006047200599662401,0.6037146372972073,0.7781914893617021
5263,0.357137968322056,0.004672836827011855,0.6079595058407034,0.7776595744680851
5264,0.25407081364082956,0.0027487275453010915,0.6070162017199264,0.8393617021276596
5265,0.14902159829265646,0.002198982036240873,0.6593695804230436,0.8420212765957447
5266,0.04375215398148929,0.0010994910181204365,0.6919135725898462,0.8574468085106383
5267,0.0003670482716567893,0.0010994910181204365,0.6588979283626551,0.8196808510638298
5268,0.0,0.0030236002998312007,0.6376735856451753,0.8058510638297872
5269,0.0,0.0049477095815419645,0.6150342867465299,0.7787234042553192
5270,0.0,0.0027487275453010915,0.606544549659538,0.7723404255319148
5271,0.0,0.010445164672144147,0.4598607588787321,0.7574468085106383
5272,0.0,0.010445164672144147,0.32449661754724896,0.6670212765957447
5273,0.0,0.0027487275453010915,0.294782537742777,0.4643617021276596
5274,0.0,0.0027487275453010915,0.2839345403538428,0.33882978723404256
5275,0.0,0.007146691617782838,0.266011762059082,0.325
5276,0.0,0.007971309881373165,0.266011762059082,0.3372340425531915
5277,0.0002936386173254314,0.014843128744625895,0.2707282826629664,0.3324468085106383
5278,0.022096305953738717,0.013743637726505458,0.26695506617985887,0.36436170212765956
5279,0.10321397398988916,0.009070800899493602,0.2443157672812136,0.4643617021276596
5280,0.22676242222956444,0.014018510481035567,0.2834628882934544,0.6106382978723405
5281,0.35552295592676614,0.016492365271806548,0.2641251538175282,0.7095744680851064
5282,0.44016428737082175,0.01924109281710764,0.2716715867837433,0.7590425531914894
5283,0.47224430631362513,0.014568255990095785,0.3084604474940419,0.7824468085106383
5284,0.4836228027349856,0.008521055390433383,0.3414760917212329,0.749468085106383
5285,0.5112248327635761,0.01319389221744524,0.344777656143952,0.7457446808510638
5286,0.4747402345608913,0.012369273953854912,0.3872263415789119,0.7436170212765958
5287,0.4104333773666218,0.019790838326167858,0.40514911987367275,0.773936170212766
5288,0.2711018534457046,0.053875059887901394,0.47967014541504677,0.7914893617021277
5289,0.1468927183170471,0.08740953594057471,0.5900367275459425,0.8191489361702128
5290,0.03406207960975005,0.07586488025031013,0.6178641991088606,0.8414893617021276
5291,0.00022022896299407358,0.050576586833540084,0.6475782789133325,0.8335106382978723
5292,0.0,0.04397964072481746,0.6475782789133325,0.8265957446808511
5293,0.0,0.03408422156173353,0.652294799517217,0.8297872340425532
5294,0.0,0.03875705838874539,0.5933382919686616,0.7936170212765957
5295,0.0,0.05167607785166052,0.4494844135501864,0.775
5296,0.0,0.05442480539696161,0.3414760917212329,0.65
5297,0.0,0.07394077096859936,0.3395894834796791,0.4696808510638298
5298,0.0,0.0868597904315145,0.36270043443871286,0.36223404255319147
5299,0.0,0.06459509731457565,0.349022524687448,0.33563829787234045
5300,0.0,0.02886163922566146,0.320251749003753,0.3446808510638298
5301,0.0002936386173254314,0.033809348807203425,0.320251749003753,0.32872340425531915
5302,0.02407836662068538,0.07449051647765959,0.2825195841726775,0.34202127659574466
5303,0.07517148603531044,0.15475336080045146,0.28629280065578505,0.45159574468085106
5304,0.18227617170476157,0.1979083832616786,0.36081382619715907,0.5845744680851064
5305,0.30142004068455536,0.22347154943297873,0.31553522839986853,0.6861702127659575
5306,0.36580030753315623,0.17646830840833008,0.3348729628757947,0.6882978723404255
5307,0.39274165067276456,0.1654733982271257,0.3395894834796791,0.7095744680851064
5308,0.3733615019292861,0.17949190870816129,0.33770287523812537,0.723404255319149
5309,0.29863047381996377,0.2319926048234121,0.4622190191806744,0.7271276595744681
5310,0.2537037653691728,0.24188802398649606,0.5315518720577755,0.7154255319148937
5311,0.20334474249786127,0.2281443862599906,0.5598509956810821,0.7728723404255319
5312,0.15584869614547275,0.23474133236871322,0.5730572533719586,0.8292553191489361
5313,0.0900736458645761,0.2432623877591466,0.5787170780966199,0.8164893617021277
5314,0.02576678867030661,0.23364184135059277,0.6230523717731336,0.825
5315,0.0002936386173254314,0.22044794913314752,0.6216374155919682,0.8148936170212766
5316,0.0,0.16877187128148702,0.39571607866590386,0.8148936170212766
5317,0.0,0.1261665943293201,0.3315713984530756,0.824468085106383
5318,0.0,0.1113234655846942,0.32355331342647203,0.8196808510638298
5319,0.0,0.1352373952288137,0.29619749392394235,0.7409574468085106
5320,0.0,0.14815641469172883,0.2796896718103468,0.6414893617021277
5321,0.0,0.09977880989442962,0.26931332648180106,0.4824468085106383
5322,0.0,0.07119204342329827,0.303272274829769,0.43138297872340425
5323,0.0,0.09235724552211667,0.2759164553272393,0.3452127659574468
5324,0.0,0.12754095810197064,0.2551637646701478,0.34095744680851064
5325,0.00044045792598814716,0.09400648204929733,0.23393942195266784,0.31968085106382976
5326,0.023270860423040444,0.11654604792076628,0.22214812044295676,0.29627659574468085
5327,0.07994311356684872,0.13991023205582556,0.21743159983907234,0.2824468085106383
5328,0.1496088755273073,0.19983249254338936,0.22827959722800653,0.31436170212765957
5329,0.22478036156261777,0.20258122008869045,0.22733629310722964,0.28297872340425534
5330,0.3028882337711825,0.19186118266201618,0.2183749039598492,0.2574468085106383
5331,0.33790463888724026,0.20917816619741306,0.22073316426179143,0.2691489361702128
5332,0.3486224484196185,0.2792707186025909,0.2259213369260643,0.27872340425531916
5333,0.3412814829864827,0.3213262500456976,0.2226197725033452,0.24202127659574468
5334,0.3191117673784126,0.3457899251988773,0.21648829571829545,0.25638297872340426
5335,0.27469892650794114,0.3397427245992149,0.22450638074489898,0.3148936170212766
5336,0.16282261330695175,0.4070865494590917,0.2796896718103468,0.31170212765957445
5337,0.07260214813371292,0.4664590644375952,0.43627815585931,0.3159574468085106
5338,0.017324678422200455,0.46728368270118553,0.46410562742222816,0.32659574468085106
5339,0.0003670482716567893,0.3633817814888043,0.4853299701397081,0.36436170212765956
5340,0.0,0.22869413176905082,0.51504404994418,0.3191489361702128
5341,0.0,0.21742434883331632,0.46504893154300503,0.32978723404255317
5342,0.0,0.1921360554165463,0.3353446149361831,0.33563829787234045
5343,0.0,0.20230634733416034,0.28440619241423126,0.3271276595744681
5344,0.0,0.2012068563160399,0.2872361047765619,0.3473404255319149
5345,0.0,0.17949190870816129,0.28817940889733884,0.34308510638297873
5346,0.0,0.14265895960112665,0.2792180197499584,0.3425531914893617
5347,0.0,0.11022397456657376,0.28440619241423126,0.34627659574468084
5348,0.0,0.093181863785707,0.2858211485953966,0.3404255319148936
5349,0.00022022896299407358,0.08328644462262307,0.2645968058779167,0.3468085106382979
5350,0.014535111557608857,0.09070800899493602,0.2509188961266518,0.36223404255319147
5351,0.06379298961394998,0.09730495510365864,0.24148585491888294,0.3484042553191489
5352,0.13551422189568663,0.13578714073787393,0.24101420285849448,0.3537234042553192
5353,0.2526026205542024,0.19021194613483552,0.2292229013487834,0.33670212765957447
5354,0.37519674328757,0.21110227547912383,0.23488272607344474,0.3026595744680851
5355,0.4897158040444883,0.2504090793769294,0.21884655602023767,0.24468085106382978
5356,0.5334679580259776,0.21714947607878624,0.22780794516761807,0.23404255319148937
5357,0.5391205014094921,0.1979083832616786,0.22403472868451055,0.2393617021276596
5358,0.49903883014457073,0.22484591320562927,0.23818429049616383,0.2553191489361702
5359,0.40874495531700056,0.21852383985143678,0.2528055043682056,0.2675531914893617
5360,0.30597143925309955,0.20505507487946142,0.3796799086126968,0.2957446808510638
5361,0.1452777059217572,0.16629801649071604,0.4834433618981543,0.3127659574468085
5362,0.027308391411265124,0.15090514223702992,0.5419282173863212,0.32127659574468087
5363,0.00022022896299407358,0.13138917666539218,0.5711706451304047,0.34095744680851064
5364,0.0,0.1294650673836814,0.5843769028212812,0.3398936170212766
5365,0.0,0.14265895960112665,0.5589076915603052,0.3382978723404255
5366,0.0,0.1772929266719204,0.4461828491274673,0.33351063829787236
5367,0.0,0.21110227547912383,0.31506357633948007,0.31170212765957445
5368,0.0,0.19158630990748607,0.24101420285849448,0.3127659574468085
5369,0.0,0.18553910930782366,0.24808898376432115,0.36436170212765956
5370,0.0,0.15557797906404178,0.2367693343149985,0.36648936170212765
5371,0.0,0.13441277696522339,0.2386559425565523,0.3861702127659574
5372,0.0,0.10884961079392322,0.23393942195266784,0.35319148936170214
5373,0.0008809158519762943,0.10362702845785114,0.22969455340917186,0.36861702127659574
5374,0.047642865661051255,0.08356131737715318,0.22544968486567588,0.3398936170212766
5375,0.15401345478718878,0.09757982785818875,0.20139542978586525,0.43617021276595747
5376,0.3015668599932181,0.07943822605920155,0.22214812044295676,0.550531914893617
5377,0.4132229442312134,0.09977880989442962,0.3164785325206454,0.7324468085106383
5378,0.44434863766770916,0.12671633983838032,0.41316720490027625,0.7180851063829787
5379,0.48677941787123397,0.1324886676835126,0.469293800086501,0.7175531914893617
5380,0.49544175708233423,0.12231837576589857,0.39241451424318474,0.7398936170212767
5381,0.4865591889082399,0.11874502995700716,0.44382458882552506,0.698404255319149
5382,0.4733454511285955,0.09593059133100809,0.45655919445601306,0.7106382978723405
5383,0.39927510990825543,0.10060342815801995,0.4773118851131046,0.7510638297872341
5384,0.2794705540394794,0.11187321109375442,0.4975929237098076,0.8154255319148936
5385,0.15628915407146088,0.1231429940294889,0.5211755267292297,0.8696808510638298
5386,0.03553027269637721,0.1022526646852006,0.6466349747925557,0.8675531914893617
5387,0.0003670482716567893,0.09153262725852634,0.6461633227321673,0.8611702127659574
5388,0.0,0.08053771707732198,0.5881501193043888,0.8547872340425532
5389,0.0,0.07036742515970794,0.5046677046156343,0.8734042553191489
5390,0.0,0.0753151347412499,0.4504277176709633,0.8446808510638298
5391,0.0,0.08328644462262307,0.43391989555736776,0.8191489361702128
5392,0.0,0.08988339073134569,0.40939398841716873,0.7186170212765958
5393,0.0,0.11489681139358562,0.39760268690745765,0.4978723404255319
5394,0.0,0.1291901946291513,0.3886412977600772,0.3946808510638298
5395,0.0,0.13331328594710293,0.38675468951852343,0.3452127659574468
5396,0.0,0.12671633983838032,0.38769799363930035,0.37553191489361704
5397,0.00044045792598814716,0.11104859283016409,0.3853397333373581,0.3670212765957447
5398,0.04037530988224682,0.09593059133100809,0.38250982097502745,0.3771276595744681
5399,0.15797757612108212,0.0871346631860446,0.3721334756464817,0.4776595744680851
5400,0.3283613838241637,0.09153262725852634,0.399017643088623,0.625531914893617
5401,0.4308412612707393,0.08933364522228547,0.4372214599800869,0.799468085106383
5402,0.49536834742800284,0.09593059133100809,0.4461828491274673,0.8164893617021277
5403,0.5139409899738364,0.11324757486640497,0.4985362278305845,0.8276595744680851
5404,0.5113716520722389,0.12671633983838032,0.4853299701397081,0.7973404255319149
5405,0.5069670728123574,0.16739750750883647,0.5141007458234031,0.801063829787234
5406,0.4201968613926924,0.17014623505413756,0.5598509956810821,0.8308510638297872
5407,0.3193319963414067,0.12424248504760933,0.5810753383985621,0.850531914893617
5408,0.24584893235571748,0.06267098803286489,0.6272972403166295,0.8707446808510638
5409,0.13140328125313058,0.039581676652335716,0.6749340984158623,0.8765957446808511
5410,0.01886628116315897,0.044529386233877685,0.7121946111865493,0.875
5411,0.0002936386173254314,0.039581676652335716,0.648049930973721,0.8632978723404255
5412,0.0,0.043704767970287356,0.6390885418263406,0.8531914893617021
5413,0.0,0.06377047905098532,0.6414468021282828,0.8468085106382979
5414,0.0,0.07064229791423805,0.640503498007506,0.851063829787234
5415,0.0,0.07394077096859936,0.4542009341540708,0.8574468085106383
5416,0.0,0.07449051647765959,0.4060924239944496,0.75
5417,0.0,0.06926793414158751,0.40090425133017676,0.5569148936170213
5418,0.0,0.07641462575937034,0.39430112248473853,0.4622340425531915
5419,0.0,0.06129662426021434,0.35939887001599374,0.44840425531914896
5420,0.0,0.07119204342329827,0.3513807849893902,0.44680851063829785
5421,0.0002936386173254314,0.08768440869510481,0.3391178314192907,0.43617021276595747
5422,0.03479617615306363,0.06926793414158751,0.33817452729851377,0.45851063829787236
5423,0.15665620234311767,0.06074687875115412,0.34383435202317514,0.5223404255319148
5424,0.31918517703274396,0.04920222306088954,0.399017643088623,0.6446808510638298
5425,0.4138836311201956,0.0360083308434443,0.4975929237098076,0.7840425531914894
5426,0.5018283970091624,0.04590375000652823,0.5518329106544786,0.8042553191489362
5427,0.5201074009376705,0.05799815120585303,0.6197508073504144,0.7930851063829787
5428,0.4412654321857921,0.07449051647765959,0.6603128845438205,0.826063829787234
5429,0.3321786858493943,0.09400648204929733,0.6136193305653647,0.7861702127659574
5430,0.2675781900377994,0.07476538923218969,0.5589076915603052,0.7787234042553192
5431,0.25480491018414314,0.053875059887901394,0.5593793436206936,0.8324468085106383
5432,0.18198253308743614,0.03738269461609484,0.5782454260362314,0.8297872340425532
5433,0.10211282917491879,0.024738547907709824,0.5843769028212812,0.8425531914893617
5434,0.023124041114377727,0.019790838326167858,0.6041862893575958,0.8579787234042553
5435,0.0002936386173254314,0.01924109281710764,0.5938099440290501,0.8601063829787234
5436,0.0,0.027212402698480805,0.5966398563913807,0.8335106382978723
5437,0.0,0.03408422156173353,0.6089028099614802,0.8425531914893617
5438,0.0,0.03270985778908299,0.6159775908673069,0.8335106382978723
5439,0.0,0.040406294915926046,0.5848485548816696,0.8281914893617022
5440,0.0,0.02886163922566146,0.5740005574927354,0.7202127659574468
5441,0.0,0.027487275453010915,0.5952249002102153,0.5851063829787234
5442,0.0,0.02556316617130015,0.6060728975991495,0.5329787234042553
5443,0.0,0.0360083308434443,0.6070162017199264,0.5101063829787233
5444,0.0,0.054699678151491724,0.602299681116042,0.49840425531914895
5445,0.0003670482716567893,0.05992226048756379,0.6013563769952651,0.5042553191489362
5446,0.039053936104282386,0.05799815120585303,0.5711706451304047,0.5063829787234042
5447,0.13940493357524858,0.05662378743320248,0.5645675162849666,0.5648936170212766
5448,0.2418114013674928,0.07119204342329827,0.556549431258363,0.6888297872340425
5449,0.29554726833804673,0.13468764971975347,0.5763588177946777,0.8079787234042554
5450,0.23322247181072392,0.08163720809544242,0.6744624463554738,0.8138297872340425
5451,0.17500861592595715,0.04535400449746801,0.6381452377055636,0.7914893617021277
5452,0.21200708170896151,0.08026284432279188,0.5004228360721382,0.7952127659574468
5453,0.255392187418794,0.04920222306088954,0.560794299801859,0.8345744680851064
5454,0.15430709340451423,0.023364184135059276,0.5994697687537114,0.8154255319148936
5455,0.131696919870456,0.03325960329814321,0.5791887301570083,0.8132978723404255
5456,0.14520429626742584,0.04425451347934757,0.5631525601038012,0.8127659574468085
5457,0.09484527339611436,0.10610088324862213,0.6419184541886712,0.8223404255319149
5458,0.01879287150882761,0.1170957934298265,0.6452200186113903,0.875
5459,0.0003670482716567893,0.08548542665886394,0.6098461140822571,0.8547872340425532
5460,0.0,0.057173532942262704,0.47589692893193924,0.8340425531914893
5461,0.0,0.04342989521575725,0.4598607588787321,0.8095744680851064
5462,0.0,0.0450791317429379,0.4409946764631944,0.8271276595744681
5463,0.0,0.05992226048756379,0.4155254652022185,0.8361702127659575
5464,0.0,0.052225823360720736,0.4042058157528958,0.7223404255319149
5465,0.0,0.055524296415082046,0.40939398841716873,0.6117021276595744
5466,0.0,0.05167607785166052,0.4136388569606647,0.5356382978723404
5467,0.0,0.046453495515588444,0.4395797202820291,0.5260638297872341
5468,0.0,0.05195095060619063,0.44005137234241753,0.5367021276595745
5469,0.0003670482716567893,0.04782785928823899,0.42590181053076426,0.5090425531914894
5470,0.033474802375099186,0.04397964072481746,0.4065640760548381,0.5478723404255319
5471,0.1576839375037567,0.010445164672144147,0.4079790322360034,0.6223404255319149
5472,0.29488658144906454,0.008246182635903274,0.38345312509580437,0.6867021276595745
5473,0.3994953388712495,0.0076964371268430564,0.3895846018808541,0.8132978723404255
5474,0.475914789030193,0.009895419163083929,0.3787366044919199,0.8292553191489361
5475,0.48589850201925766,0.01319389221744524,0.39382947042435007,0.8281914893617022
5476,0.45910397818831206,0.014018510481035567,0.38816964569968876,0.8095744680851064
5477,0.4456700114456736,0.016492365271806548,0.5178739623065106,0.8101063829787234
5478,0.3652864399528367,0.018141601798987203,0.6164492429276953,0.8106382978723404
5479,0.26177882734562213,0.022264693116938843,0.6456916706717788,0.823404255319149
5480,0.1656855898258747,0.02638778443489048,0.6688026216308125,0.8473404255319149
5481,0.07766741428257662,0.021714947607878624,0.6867253999255734,0.8585106382978723
5482,0.01615012395289873,0.008521055390433383,0.6923852246502347,0.8468085106382979
5483,0.00044045792598814716,0.005772327845132292,0.6423901062490597,0.8377659574468085
5484,0.0,0.012094401199324803,0.6221090676523566,0.8324468085106383
5485,0.0,0.03270985778908299,0.47212371244883167,0.8377659574468085
5486,0.0,0.028037020962071134,0.4428812847047482,0.8228723404255319
5487,0.0,0.03408422156173353,0.4273167667119296,0.8430851063829787
5488,0.0,0.05167607785166052,0.40750738017561494,0.7313829787234043
5489,0.0,0.06294586078739499,0.39241451424318474,0.6031914893617021
5490,0.0,0.0632207335419251,0.390527906001631,0.5313829787234042
5491,0.0,0.04095604042498626,0.3895846018808541,0.5212765957446809
5492,0.0,0.04342989521575725,0.38816964569968876,0.5180851063829788
5493,0.00022022896299407358,0.05195095060619063,0.3891129498204657,0.5409574468085107
5494,0.015783075681241942,0.05497455090602183,0.3909995580620194,0.5553191489361702
5495,0.06401321857694406,0.06844331587799718,0.3886412977600772,0.5643617021276596
5496,0.11995137517743874,0.09153262725852634,0.38816964569968876,0.5404255319148936
5497,0.1613544202203246,0.11654604792076628,0.3546823494121093,0.5228723404255319
5498,0.20745568314041732,0.11599630241170605,0.3197800969433645,0.5324468085106383
5499,0.2567135611967584,0.1113234655846942,0.3141202722187032,0.5170212765957447
5500,0.2796173733481421,0.15337899702780092,0.30610218719209964,0.5143617021276595
5501,0.28578378431197615,0.13083943115633195,0.31459192427909166,0.5234042553191489
5502,0.3137528626122235,0.07751411677749077,0.3131769680979263,0.5452127659574468
5503,0.2653759004078587,0.0541499326424315,0.31364862015831474,0.5446808510638298
5504,0.1702369883944189,0.0511263323426003,0.34194774378162135,0.5617021276595745
5505,0.07208828055339342,0.07146691617782838,0.4145821610814416,0.5409574468085107
5506,0.011451906075691826,0.10142804642161028,0.4480694573690211,0.5473404255319149
5507,0.0002936386173254314,0.1324886676835126,0.4612757150598975,0.5675531914893617
5508,0.0,0.17811754493551074,0.45561589033523614,0.5255319148936171
5509,0.0,0.2017566018251001,0.3730767797672586,0.5202127659574468
5510,0.0,0.19680889224355816,0.31695018458103386,0.4978723404255319
5511,0.0,0.11764553893888671,0.30798879543365343,0.4696808510638298
5512,0.0,0.11984452097512759,0.2825195841726775,0.5074468085106383
5513,0.0,0.141009723073946,0.2848778444746197,0.5297872340425532
5514,0.0,0.14018510481035568,0.2697849785421895,0.5053191489361702
5515,0.0,0.13111430391086207,0.2589369811532553,0.5398936170212766
5516,0.0,0.1651985254725956,0.26365350175713975,0.5643617021276596
5517,0.0001468193086627157,0.15227950600968046,0.26318184969675135,0.5601063829787234
5518,0.022096305953738717,0.12754095810197064,0.2650684579383051,0.5654255319148936
5519,0.0956527795937593,0.13083943115633195,0.2933675815616117,0.5691489361702128
5520,0.17831205037086825,0.11434706588452541,0.2815762800519006,0.5478723404255319
5521,0.26434816524721966,0.09428135480382743,0.36505869474065505,0.5601063829787234
5522,0.2757266616685801,0.1201193937296577,0.4070357281152265,0.5531914893617021
5523,0.3879700231412263,0.05607404192414227,0.4292033749534833,0.5058510638297873
5524,0.4651235698434834,0.08246182635903275,0.42826007083270645,0.5297872340425532
5525,0.45418553134811107,0.078063862286551,0.43156163525542557,0.549468085106383
5526,0.3837856728443389,0.09125775450399623,0.4466545011878557,0.5308510638297872
5527,0.34098784436915724,0.10692550151221246,0.47259536450922013,0.5180851063829788
5528,0.23491089386034517,0.10994910181204366,0.5188172664272875,0.5308510638297872
5529,0.1083526497930842,0.12286812127495879,0.5390983050239906,0.5207446808510638
5530,0.02503269212699303,0.13303841319257284,0.5669257765869088,0.5446808510638298
5531,0.0002936386173254314,0.1470569236736084,0.5843769028212812,0.523936170212766
5532,0.0,0.1624497979272945,0.5740005574927354,0.5468085106382978
5533,0.0,0.2377649326685444,0.5023094443136921,0.5218085106382979
5534,0.0,0.27102453596668763,0.3853397333373581,0.5234042553191489
5535,0.0,0.3394678518446848,0.3428910479023982,0.524468085106383
5536,0.0,0.31555392220056533,0.3131769680979263,0.5281914893617021
5537,0.0,0.30538363028295124,0.29997071040704987,0.5372340425531915
5538,0.0,0.2756973727936995,0.28865106095772725,0.5111702127659574
5539,0.0,0.30181028447405983,0.28817940889733884,0.5372340425531915
5540,0.0,0.3218759955547578,0.28817940889733884,0.5436170212765957
5541,0.0003670482716567893,0.3543109805893107,0.2877077568369504,0.5356382978723404
5542,0.021949486645076,0.30153541171952974,0.28534949653500813,0.5468085106382978
5543,0.10350761260721458,0.31912726800945673,0.28440619241423126,0.5856382978723405
5544,0.20877705691838175,0.3537612350802505,0.2641251538175282,0.6723404255319149
5545,0.31551469431617607,0.3650310180159849,0.26695506617985887,0.8473404255319149
5546,0.30391596893182155,0.38399723807856245,0.2957258418635539,0.8590425531914894
5547,0.2868849291269465,0.40378807640473036,0.2976124501051077,0.8601063829787234
5548,0.2995847993262714,0.47992782940957057,0.3046872310109343,0.872872340425532
5549,0.2660365872968409,0.4178065868857659,0.4230718981684336,0.8824468085106383
5550,0.1972517411883586,0.42522815125807883,0.4353348517385331,0.875531914893617
5551,0.13375239019173402,0.49587044917231693,0.43014667907426024,0.8696808510638298
5552,0.09014705551890745,0.5299546707340504,0.4787268412942699,0.8781914893617021
5553,0.05006538425398606,0.5854789671491325,0.5494746503525364,0.8877659574468085
5554,0.010350761260721458,0.5775076572677593,0.5735289054323469,0.8851063829787233
5555,0.0001468193086627157,0.5373762351063633,0.6041862893575958,0.9085106382978724
5556,0.0,0.5318787800157612,0.6084311579010918,0.8813829787234042
5557,0.0,0.6014215869118789,0.432033287315814,0.8840425531914894
5558,0.0,0.6242360255378778,0.3358162669965716,0.8654255319148936
5559,0.0,0.6074687875115412,0.320251749003753,0.8973404255319148
5560,0.0,0.5956492590667465,0.3197800969433645,0.8037234042553192
5561,0.0,0.5956492590667465,0.30610218719209964,0.6579787234042553
5562,0.0,0.6077436602660713,0.2877077568369504,0.5787234042553191
5563,0.0,0.5907015494852046,0.28204793211228907,0.5781914893617022
5564,0.0,0.57943176654947,0.28110462799151215,0.5659574468085107
5565,0.00044045792598814716,0.55386860037817,0.27874636768956995,0.5680851063829787
5566,0.028115897608910062,0.518684887798316,0.25044724406626334,0.5664893617021277
5567,0.0999839491993094,0.49779455845402765,0.2424291590396598,0.6085106382978723
5568,0.24753735440533872,0.4692077919828963,0.22639298898645274,0.7058510638297872
5569,0.37416900812693105,0.49779455845402765,0.23912759461694072,0.8526595744680852
5570,0.49793768532960037,0.4266025150307294,0.2386559425565523,0.8898936170212766
5571,0.5822119685019992,0.4095604042498626,0.23252446577150251,0.8984042553191489
5572,0.5157762313321204,0.5093392141442923,0.29289592950122323,0.8941489361702127
5573,0.39766009751296555,0.5623896557686033,0.4697654521468895,0.8829787234042553
5574,0.2524558012455397,0.506315613844461,0.5367400447220484,0.8606382978723405
5575,0.14975569483597004,0.6234114072742876,0.47070875626766634,0.8654255319148936
5576,0.08735748865431585,0.5593660554687722,0.4985362278305845,0.9047872340425532
5577,0.033327983066436466,0.5126376871986535,0.5197605705480645,0.8856382978723404
5578,0.004698217877206903,0.4752549925825587,0.4773118851131046,0.8893617021276595
5579,0.0002936386173254314,0.45216568120202955,0.469293800086501,0.8776595744680851
5580,0.0,0.4059870584409712,0.47589692893193924,0.9037234042553192
5581,0.0,0.4450189895842467,0.4145821610814416,0.8680851063829788
5582,0.0,0.5178602695347256,0.34760756850628266,0.8882978723404256
5583,0.0,0.5021925225265094,0.3127053160375379,0.8680851063829788
5584,0.0,0.4450189895842467,0.25940863321364377,0.7941489361702128
5585,0.0,0.43622306143928324,0.24667402758315582,0.6404255319148936
5586,0.0,0.44007128000270473,0.23488272607344474,0.5803191489361702
5587,0.0,0.4384220434755241,0.2334677698922794,0.551595744680851
5588,0.0,0.4587626273107522,0.22969455340917186,0.5361702127659574
5589,0.0002936386173254314,0.4612364821015231,0.23063785752994875,0.5452127659574468
5590,0.03252047686879153,0.4686580464738361,0.2292229013487834,0.5542553191489362
5591,0.1670803732581705,0.4419953892844155,0.2311095095903372,0.5946808510638298
5592,0.35111837666688467,0.39884036682318835,0.2136583833559648,0.6936170212765957
5593,0.499699517033553,0.3809736377787313,0.21130012305402257,0.8446808510638298
5594,0.5966002607509453,0.4002147305958389,0.21130012305402257,0.7984042553191489
5595,0.6481338380915586,0.4747052470734985,0.21413003541635323,0.8111702127659575
5596,0.6490881635978663,0.4455687350933069,0.20564029832936126,0.8037234042553192
5597,0.5695120983026742,0.4909227395907749,0.3046872310109343,0.8276595744680851
5598,0.4224725606769645,0.48515041174564266,0.40137590339056517,0.7569148936170212
5599,0.34311672434476664,0.4395215344936445,0.4046774678132843,0.8079787234042554
5600,0.20114245286792054,0.35678483538008166,0.4942913592870885,0.8436170212765958
5601,0.08192517423379538,0.31747803148227605,0.5589076915603052,0.8297872340425532
5602,0.013213737779644415,0.32572421411817937,0.5414565653259328,0.826063829787234
5603,0.0002936386173254314,0.31747803148227605,0.4197703337457145,0.799468085106383
5604,0.0,0.2773466093208801,0.39760268690745765,0.8117021276595745
5605,0.0,0.24821009734068855,0.38345312509580437,0.8111702127659575
5606,0.0,0.23886442368666486,0.3542106973517209,0.8351063829787234
5607,0.0,0.23556595063230354,0.3523240891101671,0.8803191489361702
5608,0.0,0.22347154943297873,0.349022524687448,0.776595744680851
5609,0.0,0.2520583159041101,0.34760756850628266,0.627127659574468
5610,0.0,0.25673115273112196,0.33864617935890223,0.5228723404255319
5611,0.0,0.26332809883984454,0.31553522839986853,0.5372340425531915
5612,0.0,0.2611291168036037,0.3009140145278268,0.524468085106383
5613,0.0002936386173254314,0.2600296257854833,0.3023289707089921,0.551063829787234
5614,0.0345025375357382,0.2319926048234121,0.30185731864860366,0.5409574468085107
5615,0.17464156765430036,0.2187987126059669,0.30610218719209964,0.5781914893617022
5616,0.3555963655810975,0.20285609284322056,0.31176201191676095,0.701063829787234
5617,0.49412038330436975,0.17316983535396877,0.3197800969433645,0.8521276595744681
5618,0.591608404256413,0.18498936379876346,0.3221383572453067,0.8367021276595744
5619,0.6480604284372272,0.19543452847090761,0.3306280943322987,0.8579787234042553
5620,0.6541534297467299,0.18279038176252257,0.320251749003753,0.8319148936170213
5621,0.6312496175953463,0.17042110780866768,0.373548431827647,0.8170212765957446
5622,0.5741369065255498,0.171245726072258,0.43156163525542557,0.825
5623,0.46974837806635894,0.16162517966370418,0.4471261532482442,0.8680851063829788
5624,0.31331240468623534,0.1440333233737772,0.5367400447220484,0.875
5625,0.14124017493353253,0.13688663175599436,0.6315421088601255,0.8388297872340426
5626,0.02062811286711156,0.10637575600315224,0.689555312287904,0.8526595744680852
5627,0.0002936386173254314,0.10005368264895972,0.7060631344014995,0.8526595744680852
5628,0.0,0.09922906438536941,0.6428617583094481,0.8521276595744681
5629,0.0,0.08740953594057471,0.4678788439053357,0.8468085106382979
5630,0.0,0.06954280689611761,0.40845068429639186,0.8271276595744681
5631,0.0,0.0689930613870574,0.36317208649910127,0.8292553191489361
5632,0.0,0.08026284432279188,0.3589272179556053,0.7308510638297873
5633,0.0,0.07943822605920155,0.3372312231777369,0.5819148936170213
5634,0.0,0.0838361901316833,0.316006880460257,0.5053191489361702
5635,0.0,0.07449051647765959,0.31364862015831474,0.48617021276595745
5636,0.0,0.06926793414158751,0.31176201191676095,0.4946808510638298
5637,0.00022022896299407358,0.07696437126843056,0.31129035985637254,0.5015957446808511
5638,0.03619095958535942,0.08740953594057471,0.3098754036752072,0.5058510638297873
5639,0.16414398708491618,0.10005368264895972,0.30751714337326497,0.5638297872340425
5640,0.30839395784603435,0.11764553893888671,0.2966691459843308,0.6085106382978723
5641,0.4435411314700642,0.13028968564727172,0.29808410216549613,0.8202127659574469
5642,0.5330275000999894,0.13468764971975347,0.30185731864860366,0.8324468085106383
5643,0.5966002607509453,0.14623230541001805,0.2966691459843308,0.8095744680851064
5644,0.6212659046062816,0.16135030690917407,0.2759164553272393,0.8170212765957446
5645,0.5909477173674308,0.15447848804592135,0.2778030635687931,0.8404255319148937
5646,0.4993324687618962,0.15035539672796971,0.27874636768956995,0.8287234042553191
5647,0.40177103815552156,0.10967422905751355,0.3216667051849183,0.8718085106382979
5648,0.2526026205542024,0.07119204342329827,0.36836025916337417,0.9085106382978724
5649,0.1344864867350476,0.05937251497850358,0.440523024402806,0.8882978723404256
5650,0.023270860423040444,0.05497455090602183,0.5574927353791399,0.9090425531914894
5651,0.0002936386173254314,0.05195095060619063,0.5890934234251656,0.8930851063829788
5652,0.0,0.043704767970287356,0.5301369158766102,0.8962765957446809
5653,0.0,0.05524942366055194,0.3971310348470692,0.8872340425531915
5654,0.0,0.05524942366055194,0.3664736509218204,0.8936170212765957
5655,0.0,0.06981767965064772,0.34430600408356354,0.8611702127659574
5656,0.0,0.09538084582194788,0.3282698340303565,0.7574468085106383
5657,0.0,0.10884961079392322,0.3174218366414223,0.627127659574468
5658,0.0,0.08493568114980372,0.31553522839986853,0.5531914893617021
5659,0.0,0.06926793414158751,0.316006880460257,0.5308510638297872
5660,0.0,0.050576586833540084,0.3164785325206454,0.5319148936170213
5661,0.00022022896299407358,0.0511263323426003,0.3178934887018107,0.5297872340425532
5662,0.031419332053821164,0.03820731287968517,0.31506357633948007,0.5356382978723404
5663,0.17111790424639517,0.024188802398649605,0.3221383572453067,0.5425531914893617
5664,0.33981328989985554,0.015392874253686113,0.2650684579383051,0.5563829787234043
5665,0.4663715339671165,0.00659694610872262,0.22639298898645274,0.5478723404255319
5666,0.5469753344229474,0.007146691617782838,0.2226197725033452,0.524468085106383
5667,0.5878645118855138,0.019790838326167858,0.22544968486567588,0.5324468085106383
5668,0.5917552235650757,0.024188802398649605,0.23724098637538696,0.5382978723404256
5669,0.49382674468704435,0.030510875752842115,0.2815762800519006,0.5276595744680851
5670,0.32792092589817556,0.026112911680360368,0.3141202722187032,0.5138297872340426
5671,0.22602832568625086,0.020890329344288295,0.3216667051849183,0.5058510638297873
5672,0.11591384418921406,0.01594261976274633,0.37071851946531637,0.551595744680851
5673,0.04316487674683842,0.030236002998312007,0.41316720490027625,0.548936170212766
5674,0.00719414612447307,0.04095604042498626,0.4603324109391206,0.5308510638297872
5675,0.0002936386173254314,0.01291901946291513,0.4834433618981543,0.5276595744680851
5676,0.0,0.017866729044457096,0.48910318662281566,0.5303191489361702
5677,0.0,0.010994910181204366,0.44005137234241753,0.5117021276595745
5678,0.0,0.015667747008216222,0.316006880460257,0.5340425531914894
5679,0.0,0.018966220062577532,0.2872361047765619,0.5398936170212766
5680,0.0,0.01594261976274633,0.28817940889733884,0.5351063829787234
5681,0.0,0.017591856289926985,0.2848778444746197,0.5308510638297872
5682,0.0,0.006047200599662401,0.28629280065578505,0.5191489361702127
5683,0.0,0.006871818863252729,0.2839345403538428,0.5159574468085106
5684,0.0,0.0063220733541925105,0.2796896718103468,0.5175531914893617
5685,0.0001468193086627157,0.0038482185634215282,0.26742671824024733,0.5303191489361702
5686,0.02840953622623549,0.0030236002998312007,0.249032287885098,0.526595744680851
5687,0.16906243392511716,0.0019241092817107641,0.24101420285849448,0.502127659574468
5688,0.34135489264081403,0.001649236527180655,0.21507333953713012,0.5170212765957447
5689,0.47635524695618114,0.001649236527180655,0.20658360245013813,0.5420212765957447
5690,0.5554174446710536,0.0027487275453010915,0.2070552545105266,0.5223404255319148
5691,0.5919020428737385,0.005772327845132292,0.20752690657091502,0.5218085106382979
5692,0.6048955516903888,0.011269782935734475,0.2018670818462537,0.5117021276595745
5693,0.5960863931706258,0.011819528444794693,0.1919623885780964,0.4978723404255319
5694,0.5468285151142848,0.0076964371268430564,0.19903716948392305,0.5367021276595745
5695,0.42526212754155607,0.003573345808891419,0.22073316426179143,0.576063829787234
5696,0.2867381098182838,0.002198982036240873,0.24714567964354425,0.525
5697,0.1419742714768461,0.0019241092817107641,0.3183651407621992,0.5223404255319148
5698,0.029657500349868575,0.0019241092817107641,0.4716520603884432,0.5223404255319148
5699,0.0002936386173254314,0.0019241092817107641,0.4919330989851463,0.5127659574468085
5700,0.0,0.0027487275453010915,0.4749536248111623,0.527127659574468
5701,0.0,0.002198982036240873,0.44759780530863263,0.5031914893617021
5702,0.0,0.0013743637726505457,0.32496826960763736,0.5212765957446809
5703,0.0,0.001649236527180655,0.2848778444746197,0.4968085106382979
5704,0.0,0.001649236527180655,0.2627101976363629,0.550531914893617
5705,0.0,0.0019241092817107641,0.25610706879092465,0.5159574468085106
5706,0.0,0.00329847305436131,0.2584653290928669,0.5127659574468085
5707,0.0,0.0019241092817107641,0.2546921126097593,0.5154255319148936
5708,0.0,0.002198982036240873,0.25186220024742867,0.498936170212766
5709,0.00022022896299407358,0.001649236527180655,0.23724098637538696,0.5063829787234042
5710,0.02958409069553722,0.001649236527180655,0.22544968486567588,0.5196808510638298
5711,0.14659907969972166,0.001649236527180655,0.2377126384357754,0.6090425531914894
5712,0.31734993567446,0.001649236527180655,0.2311095095903372,0.6686170212765957
5713,0.45425894100244246,0.001649236527180655,0.19573560506120394,0.8303191489361702
5714,0.5385332241748413,0.0030236002998312007,0.21318673129557633,0.8489361702127659
5715,0.42761123648015953,0.009070800899493602,0.20799855863130345,0.7904255319148936
5716,0.6011516593194896,0.01621749251727644,0.2070552545105266,0.8303191489361702
5717,0.5820651491933365,0.019790838326167858,0.20988516687285724,0.8377659574468085
5718,0.48340257377199153,0.020890329344288295,0.2565787208513131,0.8622340425531915
5719,0.34642015878967775,0.011269782935734475,0.38015156067308525,0.8893617021276595
5720,0.22022896299407357,0.00329847305436131,0.4593891068183437,0.902127659574468
5721,0.10145214228593656,0.001649236527180655,0.44759780530863263,0.8946808510638298
5722,0.02026106459545477,0.001649236527180655,0.5688123848284625,0.9111702127659574
5723,7.340965433135786e-05,0.003573345808891419,0.6112610702634225,0.9212765957446809
5724,0.0,0.006047200599662401,0.5928666399082732,0.8984042553191489
5725,0.0,0.010170291917614038,0.540513261205156,0.8952127659574468
5726,0.0,0.017591856289926985,0.36694530298220884,0.901595744680851
5727,0.0,0.0360083308434443,0.2976124501051077,0.875531914893617
5728,0.0,0.049751968569949755,0.29289592950122323,0.7856382978723404
5729,0.0,0.06871818863252728,0.2796896718103468,0.6260638297872341
5730,0.0,0.09703008234912854,0.2565787208513131,0.5627659574468085
5731,0.0,0.08850902695869514,0.2367693343149985,0.5707446808510638
5732,0.0,0.07586488025031013,0.23063785752994875,0.5558510638297872
5733,0.0001468193086627157,0.07421564372312947,0.2424291590396598,0.5590425531914893
5734,0.02921704242388043,0.08438593564074351,0.23205281371111408,0.548936170212766
5735,0.15423368375018287,0.10445164672144147,0.22733629310722964,0.6148936170212767
5736,0.31962563495873214,0.13358815870163304,0.24054255079810605,0.7457446808510638
5737,0.46284787055921134,0.13331328594710293,0.21790325189946078,0.9542553191489361
5738,0.5691450500310175,0.12451735780213945,0.2070552545105266,0.9430851063829787
5739,0.6289739183110742,0.10884961079392322,0.21695994777868388,0.9372340425531915
5740,0.6371957995961862,0.10610088324862213,0.21648829571829545,0.9393617021276596
5741,0.6256704838661631,0.1382609955286449,0.220261512201403,0.9632978723404255
5742,0.5675300376357276,0.171245726072258,0.25799367703247844,0.9547872340425532
5743,0.4703356553010098,0.1506302694824998,0.41835537756454916,0.9643617021276596
5744,0.32579204592256616,0.15090514223702992,0.49146144692475785,0.950531914893617
5745,0.13008190747516613,0.19351041918919684,0.5282503076350564,0.9670212765957447
5746,0.01512238879225972,0.19680889224355816,0.5966398563913807,0.9542553191489361
5747,0.0002936386173254314,0.19103656439842587,0.5834335987005043,0.9569148936170213
5748,0.0,0.17481907188114942,0.5551344750771977,0.9744680851063829
5749,0.0,0.12506710331119966,0.5202322226084529,0.9739361702127659
5750,0.0,0.12424248504760933,0.3334580066946294,0.9797872340425532
5751,0.0,0.11874502995700716,0.25374880848898246,0.9723404255319149
5752,0.0,0.12754095810197064,0.24620237552276736,0.8457446808510638
5753,0.0,0.16959648954507733,0.24856063582470958,0.6574468085106383
5754,0.0,0.16904674403601713,0.2386559425565523,0.6159574468085106
5755,0.0,0.15475336080045146,0.21224342717479946,0.5436170212765957
5756,0.0,0.16712263475430636,0.20799855863130345,0.5622340425531915
5757,0.00022022896299407358,0.173719580863029,0.1985655174235346,0.549468085106383
5758,0.032447067214460175,0.22154744015126798,0.1952639530008155,0.5787234042553191
5759,0.16641968636918827,0.18141601798987203,0.18583091179304664,0.6356382978723404
5760,0.33078390241709854,0.16959648954507733,0.18535925973265818,0.7393617021276596
5761,0.44045792598814715,0.17674318116286017,0.19384899681965018,0.9228723404255319
5762,0.5419100682740837,0.17784267218098063,0.21224342717479946,0.9537234042553191
5763,0.6099608178392525,0.18966220062577532,0.21318673129557633,0.9335106382978723
5764,0.6258907128291571,0.16080056140011384,0.18535925973265818,0.9212765957446809
5765,0.6057030578880337,0.13276354043804273,0.2358260301942216,0.9382978723404255
5766,0.5369916214338828,0.12176863025683836,0.24761733170393269,0.926595744680851
5767,0.4290794295667867,0.12121888474777813,0.28299123623306593,0.9670212765957447
5768,0.2838017236450295,0.13083943115633195,0.4046774678132843,0.9723404255319149
5769,0.1273657502649059,0.08603517216792417,0.5070259649175765,0.9632978723404255
5770,0.016003304644236015,0.02583803892583026,0.6805939231405236,0.9845744680851064
5771,0.0002936386173254314,0.005772327845132292,0.7008749617372266,0.9781914893617021
5772,0.0,0.009070800899493602,0.6211657635315797,0.9680851063829787
5773,0.0,0.007146691617782838,0.5225904829103951,0.9648936170212766
5774,0.0,0.004672836827011855,0.3527957411705555,0.9617021276595744
5775,0.0,0.003573345808891419,0.29997071040704987,0.9303191489361702
5776,0.0,0.008521055390433383,0.23959924667732915,0.8164893617021277
5777,0.0,0.009895419163083929,0.23912759461694072,0.6132978723404255
5778,0.0,0.0049477095815419645,0.22403472868451055,0.5542553191489362
5779,0.0,0.0027487275453010915,0.174511262343724,0.5324468085106383
5780,0.0,0.0027487275453010915,0.16319161289440134,0.5085106382978724
5781,0.0001468193086627157,0.0024738547907709823,0.1646065690755667,0.5207446808510638
5782,0.02914363276954907,0.0008246182635903275,0.16224830877362448,0.5361702127659574
5783,0.16333648088727123,0.0005497455090602183,0.16224830877362448,0.6196808510638298
5784,0.3304902637997731,0.0005497455090602183,0.170266393800228,0.7558510638297873
5785,0.4469179755693067,0.0008246182635903275,0.16130500465284758,0.9297872340425531
5786,0.5319997649393504,0.0010994910181204365,0.16177665671323602,0.9047872340425532
5787,0.5757519189208397,0.0024738547907709823,0.16319161289440134,0.8973404255319148
5788,0.5869101863792061,0.005222582336072074,0.15234361550546716,0.902127659574468
5789,0.564520241808142,0.010445164672144147,0.18630256385343508,0.8920212765957447
5790,0.5053520604170675,0.015667747008216222,0.23252446577150251,0.9367021276595745
5791,0.39729304924130876,0.01291901946291513,0.3886412977600772,0.9457446808510638
5792,0.24672984820769378,0.005497455090602183,0.540513261205156,0.9420212765957446
5793,0.09741461129771188,0.0030236002998312007,0.5673974286472973,0.9585106382978723
5794,0.018939690817490328,0.004123091317951637,0.5806036863381736,0.9531914893617022
5795,0.0002936386173254314,0.004123091317951637,0.6178641991088606,0.9462765957446808
5796,0.0,0.00329847305436131,0.6499365392152747,0.9468085106382979
5797,0.0,0.0038482185634215282,0.6178641991088606,0.9542553191489361
5798,0.0,0.005222582336072074,0.3131769680979263,0.9377659574468085
5799,0.0,0.008795928144963492,0.2433724631604367,0.8601063829787234
5800,0.0,0.022814438625999058,0.2377126384357754,0.7558510638297873
5801,0.0,0.010720037426674257,0.24195750697927138,0.5787234042553191
5802,0.0,0.0027487275453010915,0.23488272607344474,0.475
5803,0.0,0.0010994910181204365,0.2226197725033452,0.43936170212765957
5804,0.0,0.0008246182635903275,0.19998047360469992,0.4329787234042553
5805,0.0001468193086627157,0.0008246182635903275,0.20139542978586525,0.44680851063829785
5806,0.029730910004199935,0.0008246182635903275,0.18630256385343508,0.43563829787234043
5807,0.16575899948020606,0.0005497455090602183,0.16602152525673203,0.5313829787234042
5808,0.33739077130692074,0.0008246182635903275,0.17403961028333556,0.7053191489361702
5809,0.4571953271756968,0.001649236527180655,0.17592621852488932,0.8686170212765958
5810,0.5243651608888892,0.004123091317951637,0.1877175200346004,0.8968085106382979
5811,0.5639329645734911,0.00659694610872262,0.18535925973265818,0.8680851063829788
5812,0.579716040254733,0.00962054640855382,0.18347265149110442,0.8808510638297873
5813,0.5628318197585207,0.01594261976274633,0.28440619241423126,0.8957446808510638
5814,0.5031497707871267,0.02968625748925179,0.2834628882934544,0.8904255319148936
5815,0.39501734995703663,0.02831189371660124,0.34760756850628266,0.9090425531914894
5816,0.25722742877707794,0.03243498503455288,0.46504893154300503,0.9234042553191489
5817,0.11657453107819628,0.03875705838874539,0.5433431735674866,0.949468085106383
5818,0.020114245286792055,0.03875705838874539,0.6008847249348767,0.9457446808510638
5819,0.0002936386173254314,0.0360083308434443,0.6244673279542988,0.9478723404255319
5820,0.0,0.027487275453010915,0.6310704567997371,0.9542553191489361
5821,0.0,0.007971309881373165,0.4999511840117498,0.9654255319148937
5822,0.0,0.0010994910181204365,0.30798879543365343,0.9117021276595745
5823,0.0,0.0005497455090602183,0.2452590714019905,0.8877659574468085
5824,0.0,0.0008246182635903275,0.22073316426179143,0.7803191489361702
5825,0.0,0.004672836827011855,0.19054743239693106,0.5659574468085107
5826,0.0,0.017042110780866766,0.18488760767226975,0.45851063829787236
5827,0.0,0.024463675153179713,0.1877175200346004,0.42659574468085104
5828,0.0,0.0360083308434443,0.17592621852488932,0.41702127659574467
5829,0.00022022896299407358,0.04095604042498626,0.17734117470605465,0.4106382978723404
5830,0.02650088521362019,0.04150578593404648,0.17639787058527776,0.40638297872340423
5831,0.14725976658870388,0.04095604042498626,0.14998535520352493,0.3984042553191489
5832,0.3123580791799277,0.030785748507372226,0.13819405369381388,0.41117021276595744
5833,0.45000118105122366,0.019790838326167858,0.12310118776138368,0.39893617021276595
5834,0.5453603220276576,0.037932440125155065,0.14668379078080584,0.4329787234042553
5835,0.586689957416212,0.06267098803286489,0.14243892223730986,0.41329787234042553
5836,0.6090799019872761,0.05992226048756379,0.15187196344507872,0.3675531914893617
5837,0.5883783794658333,0.05689866018773259,0.1778128267664431,0.4026595744680851
5838,0.5301645235810665,0.06954280689611761,0.1811143911891622,0.40691489361702127
5839,0.3991282905995927,0.08823415420416504,0.1886608241553773,0.38457446808510637
5840,0.2578881156660602,0.09785470061271885,0.32874148609074494,0.3946808510638298
5841,0.12097911033807776,0.08521055390433384,0.4461828491274673,0.41382978723404257
5842,0.020407883904117484,0.03875705838874539,0.5258920473331142,0.41808510638297874
5843,0.0002936386173254314,0.003573345808891419,0.5178739623065106,0.3930851063829787
5844,0.0,0.004672836827011855,0.5103275293402956,0.4340425531914894
5845,0.0,0.007971309881373165,0.31506357633948007,0.4186170212765957
5846,0.0,0.006047200599662401,0.24195750697927138,0.4175531914893617
5847,0.0,0.007971309881373165,0.19290569269887328,0.41436170212765955
5848,0.0,0.0030236002998312007,0.16979474173983955,0.4308510638297872
5849,0.0,0.0038482185634215282,0.16743648143789736,0.43138297872340425
5850,0.0,0.00329847305436131,0.16837978555867422,0.4319148936170213
5851,0.0,0.011269782935734475,0.17639787058527776,0.42872340425531913
5852,0.0,0.022264693116938843,0.16554987319634357,0.41595744680851066
5853,0.00022022896299407358,0.026662657189420586,0.15234361550546716,0.4074468085106383
5854,0.026207246596294757,0.036558076352504514,0.15234361550546716,0.40691489361702127
5855,0.13646854740199427,0.027212402698480805,0.14149561811653297,0.42127659574468085
5856,0.2788653402415112,0.018925414939722555,0.1462121387204174,0.42872340425531913
5857,0.4048727820513202,0.008296072302344134,0.1363074454522601,0.4074468085106383
5858,0.5036649512525254,0.011407099415723184,0.13253422896915254,0.4148936170212766
5859,0.5541554838132595,0.019184667199170807,0.13772240163342542,0.4085106382978723
5860,0.5799114924750213,0.02799924402041145,0.14432553047886362,0.3851063829787234
5861,0.5556877109574436,0.04588764992234099,0.15328691962624405,0.4122340425531915
5862,0.47951413293228984,0.0689611010132356,0.15658848404896314,0.42446808510638295
5863,0.3502233472420863,0.06170203774868449,0.18583091179304664,0.4
5864,0.211739198686778,0.048998677035720035,0.22544968486567588,0.39893617021276595
5865,0.08916102715204781,0.02851774853930796,0.33015644227191027,0.39361702127659576
5866,0.012695596337525629,0.01607364008579176,0.4542009341540708,0.39148936170212767
5867,7.296319734210132e-05,0.003370279372827304,0.48202840571698896,0.40372340425531916
5868,0.0,0.0020740180755860335,0.444767892946302,0.4563829787234043
5869,0.0,0.0023332703350342873,0.32874148609074494,0.39574468085106385
5870,0.0,0.0020740180755860335,0.25610706879092465,0.37446808510638296
5871,0.0,0.0062220542267581,0.20375369008780747,0.38457446808510637
5872,0.0,0.010370090377930167,0.15470187580740938,0.37659574468085105
5873,0.0,0.004407288410620321,0.15187196344507872,0.38351063829787235
5874,0.0,0.0020740180755860335,0.17073804586061644,0.38670212765957446
5875,0.0,0.0038887838917238127,0.15187196344507872,0.3803191489361702
5876,0.0,0.0023332703350342873,0.15375857168663248,0.376063829787234
5877,0.00021888959202630395,0.001555513556689525,0.1514003113846903,0.3925531914893617
5878,0.027434162200630094,0.0012962612972412708,0.14243892223730986,0.39787234042553193
5879,0.15387938319449168,0.0010370090377930167,0.14149561811653297,0.5276595744680851
5880,0.3200165835424564,0.0010370090377930167,0.13677909751264852,0.6867021276595745
5881,0.4320150914625819,0.002851774853930796,0.12404449188216057,0.8760638297872341
5882,0.5218327873907086,0.007777567783447625,0.1155547547951686,0.8452127659574468
5883,0.5672888593348377,0.01114784715627493,0.12498779600293745,0.8808510638297873
5884,0.5821733515926264,0.02851774853930796,0.1570601361093516,0.875
5885,0.5584603124564435,0.04925792929516829,0.18583091179304664,0.9090425531914894
5886,0.48681045266649997,0.077516425575028,0.1811143911891622,0.8611702127659574
5887,0.373790459983585,0.08607175013682038,0.28629280065578505,0.9202127659574468
5888,0.2442078215040131,0.07673866879668323,0.4598607588787321,0.9585106382978723
5889,0.11185258152544132,0.0967010927741988,0.5744722095531238,0.9287234042553192
5890,0.01605190341526229,0.11744127353005913,0.6103177661426455,0.9143617021276595
5891,0.0002918527893684053,0.08451623658013085,0.6150342867465299,0.9361702127659575
5892,0.0,0.06170203774868449,0.3716618235860933,0.9271276595744681
5893,0.0,0.04303587506841019,0.294782537742777,0.9234042553191489
5894,0.0,0.058072506116408934,0.2740298470856855,0.9175531914893617
5895,0.0,0.04951718155461655,0.24101420285849448,0.8856382978723404
5896,0.0,0.03603606406330733,0.22214812044295676,0.7797872340425532
5897,0.0,0.04096185699282416,0.1985655174235346,0.5808510638297872
5898,0.0,0.033184289209376536,0.1877175200346004,0.4441489361702128
5899,0.0,0.03888783891723813,0.17215300204178177,0.4101063829787234
5900,0.0,0.044850640884547974,0.17215300204178177,0.425
5901,0.00014592639468420264,0.05029493833296131,0.174511262343724,0.4276595744680851
5902,0.023056370360104016,0.077516425575028,0.15423022374702094,0.425
5903,0.12958263847957194,0.09799735407144007,0.13677909751264852,0.5234042553191489
5904,0.2848483224235635,0.06299829904592576,0.14904205108274807,0.6925531914893617
5905,0.4225298758081087,0.07388689394275244,0.13913735781459075,0.8393617021276596
5906,0.5222705665747612,0.14777378788550488,0.11272484243283794,0.8356382978723405
5907,0.561743656336838,0.26106702526439196,0.18488760767226975,0.8648936170212767
5908,0.5812248300271791,0.41869239900893046,0.12734605630487966,0.8468085106382979
5909,0.5311720766504976,0.5327633931661623,0.15281526756585562,0.8984042553191489
5910,0.4432514238532655,0.5973172057687776,0.17592621852488932,0.9037234042553192
5911,0.33978961002216584,0.6025022509577427,0.1985655174235346,0.8968085106382979
5912,0.2056102901100415,0.5649106733377458,0.3985459910282345,0.9164893617021277
5913,0.09361178218991599,0.4936163019894759,0.5145723978837916,0.8893617021276595
5914,0.011965964364104615,0.43528454361361874,0.5923949878478847,0.8952127659574468
5915,0.0002918527893684053,0.35206456833072913,0.6277688923770179,0.9031914893617021
5916,0.0,0.2561412323348751,0.6235240238335219,0.8904255319148936
5917,0.0,0.15036631047998741,0.46882214802611255,0.8957446808510638
5918,0.0,0.06922035327268386,0.2664834141194704,0.874468085106383
5919,0.0,0.03785082987944511,0.2259213369260643,0.8590425531914894
5920,0.0,0.03629531632275558,0.21554499159751855,0.75
5921,0.0,0.05288746092744385,0.2070552545105266,0.5441489361702128
5922,0.0,0.0497764338140648,0.15281526756585562,0.3946808510638298
5923,0.0,0.028258496279859706,0.14338222635808673,0.34627659574468084
5924,0.0,0.03214728017158352,0.13819405369381388,0.3638297872340426
5925,0.00021888959202630395,0.040702604733375905,0.14526883459964052,0.38138297872340426
5926,0.01605190341526229,0.023851207869239385,0.14526883459964052,0.3680851063829787
5927,0.13651414222707156,0.020740180755860333,0.1320625769087641,0.47606382978723405
5928,0.2681397502322223,0.026962234982618433,0.133005881029541,0.6414893617021277
5929,0.4010057325921888,0.035776811803859075,0.12357283982177213,0.8031914893617021
5930,0.46747520537084314,0.05677624481916766,0.11979962333866458,0.8074468085106383
5931,0.5182575907209457,0.05677624481916766,0.12593110012371433,0.8425531914893617
5932,0.5267942848099715,0.05988727193254671,0.11319649449322637,0.8696808510638298
5933,0.5059997735674726,0.0689611010132356,0.20139542978586525,0.8292553191489361
5934,0.4547066458359754,0.09307156114192325,0.47212371244883167,0.8468085106382979
5935,0.3162954604780092,0.15606986018784902,0.5508896065337017,0.8590425531914894
5936,0.1611027397313597,0.1895134016566738,0.6221090676523566,0.9069148936170213
5937,0.0773409891826274,0.232549276725084,0.6136193305653647,0.875
5938,0.02167006961060409,0.20273526688853477,0.6551247118795477,0.8601063829787234
5939,0.0026996383016577486,0.1952169513645354,0.6688026216308125,0.8835106382978724
5940,0.0,0.16955097767915822,0.6324854129809023,0.8898936170212766
5941,0.0,0.1402554723615055,0.576830469855066,0.8723404255319149
5942,0.0,0.12651510261074803,0.39194286218279634,0.8627659574468085
5943,0.0,0.08762726369350991,0.2716715867837433,0.8425531914893617
5944,0.0,0.06714633519709783,0.19998047360469992,0.7414893617021276
5945,0.0,0.050554190592409565,0.17168134998139334,0.5132978723404256
5946,0.0,0.03551755954441082,0.15470187580740938,0.4053191489361702
5947,0.0,0.029036253058204467,0.15375857168663248,0.3776595744680851
5948,0.0,0.023332703350342876,0.13913735781459075,0.3707446808510638
5949,0.012257817153473021,0.018925414939722555,0.14008066193536764,0.29414893617021276
5950,0.028163794174051106,0.01607364008579176,0.128761012486045,0.34308510638297873
5951,0.10980961199986247,0.009851585859033658,0.16507822113595513,0.4776595744680851
5952,0.2436970791226184,0.00803682004289588,0.16979474173983955,0.625531914893617
5953,0.37393638637826926,0.00803682004289588,0.12310118776138368,0.8186170212765957
5954,0.426323962069898,0.01062934263737842,0.1146114506743917,0.8101063829787234
5955,0.45113144916621245,0.01425887426965398,0.26318184969675135,0.8404255319148937
5956,0.4326717602386608,0.02177718979365335,0.4834433618981543,0.8558510638297873
5957,0.3902071793855578,0.03785082987944511,0.526835351453891,0.8452127659574468
5958,0.2568304546441966,0.0689611010132356,0.5702273410096279,0.8361702127659575
5959,0.13469006229351901,0.06377605582427052,0.6409751500678944,0.8558510638297873
5960,0.06997170625107516,0.07284988490495942,0.689555312287904,0.8707446808510638
5961,0.021961922399972494,0.0741461462022007,0.6126760264445877,0.8537234042553191
5962,0.016197829809946492,0.09229380436357848,0.5093842252195186,0.8053191489361702
5963,0.0026996383016577486,0.07803493009392451,0.4103372925379456,0.8702127659574468
5964,0.0,0.0344805505066178,0.3763783441899777,0.8851063829787233
5965,0.0,0.017110649123584776,0.3598705220763822,0.8792553191489362
5966,0.0,0.011666351675171438,0.2433724631604367,0.8553191489361702
5967,0.0,0.008555324561792388,0.19998047360469992,0.8569148936170212
5968,0.0,0.007518315523999371,0.20564029832936126,0.7484042553191489
5969,0.0,0.006740558745654608,0.19384899681965018,0.5170212765957447
5970,0.0,0.0062220542267581,0.17168134998139334,0.3904255319148936
5971,0.0,0.0062220542267581,0.15187196344507872,0.3723404255319149
5972,0.0,0.0062220542267581,0.12027127539905302,0.3324468085106383
5973,0.012257817153473021,0.0062220542267581,0.1212145795198299,0.27925531914893614
5974,0.033125291593313996,0.0062220542267581,0.11979962333866458,0.325
5975,0.15387938319449168,0.0062220542267581,0.10140519298351529,0.45797872340425533
5976,0.31308507979495676,0.0062220542267581,0.10187684504390374,0.6441489361702127
5977,0.45850073209776465,0.0062220542267581,0.09102884765496955,0.7898936170212766
5978,0.5403654395156023,0.007777567783447625,0.09244380383613487,0.8132978723404255
5979,0.5837055787368105,0.008555324561792388,0.10989493007050727,0.7851063829787234
5980,0.6045000899793094,0.01114784715627493,0.08584067499069667,0.8031914893617021
5981,0.547369906460444,0.02048092849641208,0.2528055043682056,0.8106382978723404
5982,0.42501062451774013,0.03292503694992828,0.42637346259115266,0.8117021276595745
5983,0.27324717404616944,0.025665973685377163,0.6357869774036214,0.8382978723404255
5984,0.14621824747357104,0.020221676236963824,0.6904986164086809,0.8712765957446809
5985,0.040202721735497826,0.01607364008579176,0.6574829721814899,0.8452127659574468
5986,0.003940012656473471,0.03240653243103177,0.6357869774036214,0.8585106382978723
5987,0.0002918527893684053,0.08918277725019944,0.5263636993935027,0.8526595744680852
5988,0.0,0.19366143780784587,0.3183651407621992,0.8813829787234042
5989,0.0,0.1182190303084039,0.2627101976363629,0.8760638297872341
5990,0.0,0.09877511084978484,0.19573560506120394,0.8718085106382979
5991,0.0,0.08218296624509656,0.14998535520352493,0.8191489361702128
5992,0.0,0.044850640884547974,0.16224830877362448,0.7409574468085106
5993,0.0,0.02748073950151494,0.170266393800228,0.5074468085106383
5994,0.0,0.0311102711337905,0.1419672701769214,0.38138297872340426
5995,0.0,0.02618447820427367,0.10989493007050727,0.3425531914893617
5996,0.0,0.028258496279859706,0.10187684504390374,0.349468085106383
5997,0.00021888959202630395,0.029814009836549228,0.1179130150971108,0.34414893617021275
5998,0.01729227777007801,0.034999055025514314,0.10234849710429218,0.34414893617021275
5999,0.08916102715204781,0.03292503694992828,0.09904693268157308,0.33670212765957447
6000,0.1999921239146997,0.0645538126026153,0.08772728323225044,0.34202127659574466
6001,0.32439437538298244,0.08659025465571689,0.08536902293030822,0.3702127659574468
6002,0.3732797176021903,0.10162688570371563,0.08301076262836601,0.32659574468085106
6003,0.4043620396699255,0.12418183227571375,0.08159580644720067,0.3393617021276596
6004,0.414795776889846,0.11510800319502484,0.08065250232642379,0.32074468085106383
6005,0.3983060942905311,0.07803493009392451,0.09008554353419265,0.31861702127659575
6006,0.3391329412460869,0.05185045188965083,0.1254594480633259,0.36329787234042554
6007,0.24559412225351301,0.08010894816951054,0.14715544284119428,0.35638297872340424
6008,0.12272409792941441,0.0967010927741988,0.174511262343724,0.3574468085106383
6009,0.05194979650757613,0.05703549707861592,0.19998047360469992,0.35638297872340424
6010,0.004377791840526079,0.023332703350342876,0.23205281371111408,0.3382978723404255
6011,0.0002918527893684053,0.014777378788550488,0.23912759461694072,0.3478723404255319
6012,0.0,0.01114784715627493,0.21978986014101454,0.36223404255319147
6013,0.0,0.009851585859033658,0.1985655174235346,0.3404255319148936
6014,0.0,0.016332892345240012,0.15328691962624405,0.32659574468085106
6015,0.0,0.014518126529102234,0.12923266454643345,0.3414893617021277
6016,0.0,0.008555324561792388,0.11649805891594547,0.33085106382978724
6017,0.0,0.0069998110051028625,0.11319649449322637,0.32978723404255317
6018,0.0,0.006740558745654608,0.11366814655361482,0.33670212765957447
6019,0.0,0.005962801967309846,0.11649805891594547,0.37872340425531914
6020,0.0,0.005703549707861592,0.11602640685555704,0.34574468085106386
6021,0.0003648159867105066,0.0062220542267581,0.10753666976856506,0.3484042553191489
6022,0.02488045029365655,0.0069998110051028625,0.10187684504390374,0.33404255319148934
6023,0.12075409160117767,0.005962801967309846,0.0971603244400193,0.3569148936170213
6024,0.2668993758774066,0.005962801967309846,0.087255631171862,0.3515957446808511
6025,0.3977223887117943,0.005962801967309846,0.08536902293030822,0.35904255319148937
6026,0.45040181719279143,0.007777567783447625,0.11272484243283794,0.36223404255319147
6027,0.4496721852193704,0.014777378788550488,0.1155547547951686,0.37872340425531914
6028,0.4798059857216582,0.0311102711337905,0.08348241468875445,0.3101063829787234
6029,0.48710230545586836,0.05651699255971941,0.08678397911147355,0.3627659574468085
6030,0.4158172616526354,0.07907193913171752,0.1363074454522601,0.3851063829787234
6031,0.29528205964348403,0.10266389474150865,0.16083335259245915,0.3558510638297872
6032,0.14745862182838676,0.1024046424820604,0.18441595561188132,0.35904255319148937
6033,0.05946500583381257,0.09203455210413022,0.21413003541635323,0.34574468085106386
6034,0.005618166195341801,0.12807061616743756,0.2301662054695603,0.32127659574468087
6035,0.00014592639468420264,0.11095996704385279,0.23535437813383317,0.3547872340425532
6036,0.0,0.03136952339323876,0.2377126384357754,0.3718085106382979
6037,0.0,0.033443541468824785,0.2183749039598492,0.3803191489361702
6038,0.0,0.013221865231860962,0.15375857168663248,0.350531914893617
6039,0.0,0.02851774853930796,0.15375857168663248,0.35319148936170214
6040,0.0,0.05833175837585719,0.15470187580740938,0.3617021276595745
6041,0.0,0.05288746092744385,0.1363074454522601,0.32659574468085106
6042,0.0,0.059628019673098456,0.12498779600293745,0.35904255319148937
6043,0.0,0.07155362360771815,0.1264027521841028,0.3728723404255319
6044,0.0,0.05936876741365021,0.13347753308992943,0.3792553191489362
6045,0.00014592639468420264,0.039924847955031144,0.1561168319885747,0.38882978723404255
6046,0.02612082464847227,0.02851774853930796,0.15375857168663248,0.4026595744680851
6047,0.1665020163346752,0.02229569431254986,0.13819405369381388,0.46595744680851064
6048,0.349274825676639,0.015295883307446996,0.14526883459964052,0.6457446808510638
6049,0.47053965965921135,0.014518126529102234,0.13489248927109476,0.825
6050,0.5085534854744461,0.023851207869239385,0.13583579339187166,0.8308510638297872
6051,0.5583873492591014,0.033443541468824785,0.124516143942549,0.7973404255319149
6052,0.5706451664125743,0.08529399335847562,0.09480206413807708,0.799468085106383
6053,0.5526962198664175,0.19417994232674238,0.08867058735302732,0.8154255319148936
6054,0.4819948816419213,0.251993196183703,0.13583579339187166,0.8308510638297872
6055,0.3731337912075061,0.3507683070334879,0.2070552545105266,0.823404255319149
6056,0.23443075306017153,0.4415065978403768,0.4348631996781447,0.8324468085106383
6057,0.0938306717819423,0.3409167211744542,0.5433431735674866,0.8409574468085106
6058,0.01386300749499925,0.30228813451666436,0.6206941114711912,0.8489361702127659
6059,0.0002918527893684053,0.2483636645514275,0.5141007458234031,0.8388297872340426
6060,0.0,0.08321997528288959,0.3579839138348284,0.851063829787234
6061,0.0,0.03785082987944511,0.294782537742777,0.8382978723404255
6062,0.0,0.01114784715627493,0.2051686462689728,0.8207446808510638
6063,0.0,0.007259063264551117,0.19620725712159237,0.8154255319148936
6064,0.0,0.016592144604688268,0.19715056124236927,0.6946808510638298
6065,0.0,0.03240653243103177,0.22827959722800653,0.5047872340425532
6066,0.0,0.030073262095997484,0.19479230094042704,0.3819148936170213
6067,0.0,0.020740180755860333,0.13819405369381388,0.34361702127659577
6068,0.0,0.014518126529102234,0.12593110012371433,0.350531914893617
6069,0.00014592639468420264,0.012703360712964453,0.12923266454643345,0.3515957446808511
6070,0.024734523898972346,0.012184856194067947,0.12734605630487966,0.3579787234042553
6071,0.15708976387754414,0.012703360712964453,0.11319649449322637,0.451063829787234
6072,0.3207462155158774,0.01425887426965398,0.11319649449322637,0.6276595744680851
6073,0.45769813692700156,0.02177718979365335,0.09433041207768865,0.8159574468085107
6074,0.5325583773999975,0.06170203774868449,0.16554987319634357,0.8122340425531915
6075,0.5765551853972846,0.07622016427778673,0.1254594480633259,0.801063829787234
6076,0.5908559720763364,0.11095996704385279,0.08253911056797757,0.8074468085106383
6077,0.5655377425986273,0.1589216350417798,0.0905571955945811,0.8175531914893617
6078,0.5067294055408936,0.1794025635381919,0.09244380383613487,0.7893617021276595
6079,0.3887479154387158,0.21258685274756842,0.18347265149110442,0.8308510638297872
6080,0.25756008661761765,0.23617880835735955,0.44240963264435973,0.8425531914893617
6081,0.16781535388683302,0.23462329480067,0.5390983050239906,0.8367021276595744
6082,0.007296319734210132,0.18743938358108778,0.589565075485554,0.8271276595744681
6083,0.0002918527893684053,0.12625585035129977,0.5244770911519488,0.8409574468085106
6084,0.0,0.09255305662302674,0.32685487784919115,0.825
6085,0.0,0.07362764168330418,0.20139542978586525,0.8223404255319149
6086,0.0,0.04951718155461655,0.17215300204178177,0.8186170212765957
6087,0.0,0.04096185699282416,0.1551735278677978,0.7797872340425532
6088,0.0,0.023851207869239385,0.15281526756585562,0.6856382978723404
6089,0.0,0.016592144604688268,0.13347753308992943,0.4696808510638298
6090,0.0,0.019962423977515572,0.14338222635808673,0.36329787234042554
6091,0.0,0.019962423977515572,0.1188563192178877,0.34893617021276596
6092,0.0,0.011666351675171438,0.10706501770817661,0.32872340425531915
6093,0.00014592639468420264,0.007518315523999371,0.09951858474196153,0.33297872340425533
6094,0.0222537751893409,0.007518315523999371,0.08772728323225044,0.3345744680851064
6095,0.13833822216062408,0.008814576821240643,0.0938587600173002,0.47606382978723405
6096,0.2843375800421688,0.009592333599585404,0.09574536825885398,0.6085106382978723
6097,0.3689748889590064,0.015814387826343503,0.09763197650040775,0.7851063829787234
6098,0.42902360037155574,0.015814387826343503,0.09244380383613487,0.777127659574468
6099,0.5365713532538131,0.02125868527475684,0.09008554353419265,0.7723404255319148
6100,0.5758985166212057,0.023332703350342876,0.07923754614525846,0.8095744680851064
6101,0.5439406361853653,0.025147469166480654,0.09857528062118463,0.7909574468085107
6102,0.47353115075023755,0.022814198831446367,0.124516143942549,0.7824468085106383
6103,0.38575642434768964,0.011407099415723184,0.19620725712159237,0.8196808510638298
6104,0.2167006961060409,0.005962801967309846,0.47636858099232765,0.8303191489361702
6105,0.08033248027365354,0.0054442974484133376,0.5735289054323469,0.848404255319149
6106,0.013060412324236135,0.0054442974484133376,0.6386168897659521,0.8585106382978723
6107,0.0002918527893684053,0.006740558745654608,0.5900367275459425,0.8691489361702127
6108,0.0,0.009592333599585404,0.26742671824024733,0.85
6109,0.0,0.005703549707861592,0.23441107401305628,0.8292553191489361
6110,0.0,0.0054442974484133376,0.19337734475926172,0.8079787234042554
6111,0.0,0.0054442974484133376,0.15281526756585562,0.7670212765957447
6112,0.0,0.005703549707861592,0.1504570072639134,0.652127659574468
6113,0.0,0.005962801967309846,0.1212145795198299,0.45159574468085106
6114,0.0,0.005703549707861592,0.09999023680234996,0.33882978723404256
6115,0.0,0.0054442974484133376,0.10423510534584596,0.3281914893617021
6116,0.0,0.006481306486206354,0.09574536825885398,0.30957446808510636
6117,0.00021888959202630395,0.005962801967309846,0.09527371619846553,0.31648936170212766
6118,0.016562645796656998,0.0054442974484133376,0.09008554353419265,0.31436170212765957
6119,0.12615336820449316,0.007777567783447625,0.08584067499069667,0.3851063829787234
6120,0.273684953230222,0.019962423977515572,0.09338710795691176,0.6021276595744681
6121,0.34694000336169173,0.04225811829006543,0.10376345328545751,0.7590425531914894
6122,0.40786427314234636,0.06507231712151179,0.10565006152701129,0.7617021276595745
6123,0.42420802934697704,0.08892352499075118,0.11932797127827614,0.7675531914893617
6124,0.37284193841813773,0.11458949867612835,0.10093354092312685,0.7553191489361702
6125,0.3817434484938741,0.1459590220693671,0.2334677698922794,0.7696808510638298
6126,0.3153469389125619,0.1832913474299157,0.32119505312452984,0.7659574468085106
6127,0.2380789129272766,0.21751264567708525,0.3711901715257048,0.8164893617021277
6128,0.16212422449414912,0.2081795643369481,0.37920825655230833,0.8829787234042553
6129,0.05457647161189178,0.21362386178536144,0.37071851946531637,0.825531914893617
6130,0.004669644629894484,0.20636479852081033,0.4603324109391206,0.8170212765957446
6131,0.0002918527893684053,0.1913281674728116,0.3773216483107546,0.8196808510638298
6132,0.0,0.19884648299681096,0.25988028527403223,0.8186170212765957
6133,0.0,0.16669920282522743,0.17875613088721998,0.8271276595744681
6134,0.0,0.09851585859033658,0.1221578836406068,0.7856382978723404
6135,0.0,0.048739424776271786,0.11319649449322637,0.7595744680851064
6136,0.0,0.03681382084165209,0.1080083218289535,0.6388297872340426
6137,0.0,0.03188802791213526,0.11272484243283794,0.425
6138,0.0,0.03214728017158352,0.11838466715749925,0.32180851063829785
6139,0.0,0.029814009836549228,0.0938587600173002,0.28085106382978725
6140,0.0,0.025925225944825415,0.0938587600173002,0.2968085106382979
6141,0.00014592639468420264,0.022814198831446367,0.0971603244400193,0.34202127659574466
6142,0.025245266280367055,0.019184667199170807,0.08867058735302732,0.30319148936170215
6143,0.15242011924764964,0.015814387826343503,0.08772728323225044,0.39095744680851063
6144,0.33409848062948194,0.012184856194067947,0.08631232705108512,0.5638297872340425
6145,0.44456476140542334,0.017888405901929538,0.08631232705108512,0.7414893617021276
6146,0.5088453382638146,0.029554757577100976,0.08819893529263888,0.7632978723404256
6147,0.5748040686610741,0.07544240749944196,0.09951858474196153,0.7712765957446809
6148,0.5794007500936266,0.19184667199170807,0.087255631171862,0.7728723404255319
6149,0.558095496469733,0.2579559981510129,0.10093354092312685,0.7851063829787234
6150,0.48578896790371057,0.3551755954441082,0.12357283982177213,0.7946808510638298
6151,0.3498585312553758,0.5021716265512683,0.19149073651770795,0.823936170212766
6152,0.15314975122107066,0.5838360882774684,0.33817452729851377,0.8654255319148936
6153,0.05727610991354953,0.592650665098709,0.303272274829769,0.8409574468085106
6154,0.011017442798657299,0.5835768360180201,0.2952541898031655,0.874468085106383
6155,0.0003648159867105066,0.5070974194807851,0.26129524145519756,0.8856382978723404
6156,0.0,0.4503211746616175,0.20564029832936126,0.8781914893617021
6157,0.0,0.24628964647584145,0.19762221330275773,0.8936170212765957
6158,0.0,0.2540672142592891,0.15753178816974003,0.8643617021276596
6159,0.0,0.21258685274756842,0.1462121387204174,0.8122340425531915
6160,0.0,0.14466276077212584,0.14008066193536764,0.7053191489361702
6161,0.0,0.15088481499888393,0.13159092484837567,0.4563829787234043
6162,0.0,0.12029304838398994,0.13819405369381388,0.3781914893617021
6163,0.0,0.07596091201833848,0.1320625769087641,0.350531914893617
6164,0.0,0.13195940005916137,0.1212145795198299,0.28085106382978725
6165,0.00014592639468420264,0.21673488889874049,0.1188563192178877,0.31063829787234043
6166,0.0167085721913412,0.25691898911321986,0.1155547547951686,0.34574468085106386
6167,0.10171069709488924,0.30228813451666436,0.09574536825885398,0.33617021276595743
6168,0.2279370284967245,0.32510233334811073,0.08065250232642379,0.35904255319148937
6169,0.3000246674707206,0.3002141164410783,0.07687928584331624,0.33882978723404256
6170,0.33052328395971897,0.31188046811624975,0.08159580644720067,0.3303191489361702
6171,0.34197850594242885,0.4306180029435502,0.07216276523943181,0.2835106382978723
6172,0.2862346231730635,0.5244673208638182,0.06791789669593583,0.3159574468085106
6173,0.24581301184553933,0.6084650529250525,0.06791789669593583,0.2877659574468085
6174,0.2523067364089863,0.5962801967309845,0.09008554353419265,0.33297872340425533
6175,0.20196213024293644,0.43346977779748097,0.10942327801011884,0.3558510638297872
6176,0.1394326701207556,0.4065075428148625,0.14998535520352493,0.3595744680851064
6177,0.050782385350102516,0.3523238205901774,0.17168134998139334,0.3696808510638298
6178,0.0031374174857103565,0.31758401782411133,0.174511262343724,0.3601063829787234
6179,0.0002918527893684053,0.31265822489459455,0.19573560506120394,0.350531914893617
6180,0.0,0.31265822489459455,0.17215300204178177,0.33617021276595743
6181,0.0,0.27739991760963195,0.1485703990223596,0.32553191489361705
6182,0.0,0.23825282643294557,0.12027127539905302,0.3414893617021277
6183,0.0,0.17162499575474427,0.11413979861400327,0.3574468085106383
6184,0.0,0.13610743621033344,0.11366814655361482,0.35851063829787233
6185,0.0,0.16540294152798615,0.1113098862516726,0.33670212765957447
6186,0.0,0.1392184633237125,0.1113098862516726,0.33670212765957447
6187,0.0,0.07492390298054545,0.10517840946662284,0.3803191489361702
6188,0.0,0.0248882169070324,0.09574536825885398,0.3468085106382979
6189,0.00021888959202630395,0.03940634343613463,0.0938587600173002,0.3175531914893617
6190,0.023494149544156625,0.05755400159751242,0.09338710795691176,0.34361702127659577
6191,0.16548053157188577,0.061183533229787986,0.08631232705108512,0.349468085106383
6192,0.34854519370321796,0.05185045188965083,0.05989981166933229,0.3659574468085106
6193,0.46433778788513275,0.03292503694992828,0.06131476785049762,0.3515957446808511
6194,0.538687285976734,0.03603606406330733,0.060843115790109176,0.3090425531914894
6195,0.5905641192869681,0.014518126529102234,0.05989981166933229,0.3377659574468085
6196,0.6116504833188353,0.0038887838917238127,0.05848485548816696,0.29946808510638295
6197,0.5819544620006001,0.0038887838917238127,0.05471163900505942,0.31861702127659575
6198,0.5203005602465245,0.004407288410620321,0.0632013760920514,0.33882978723404256
6199,0.4060401932087938,0.0069998110051028625,0.10470675740623439,0.3404255319148936
6200,0.25121228844885485,0.011407099415723184,0.1320625769087641,0.3781914893617021
6201,0.09171473905902135,0.019703171718067316,0.27874636768956995,0.33351063829787236
6202,0.0063477981687628145,0.02929550531765272,0.43816476410086375,0.31648936170212766
6203,0.0002918527893684053,0.03422129824716955,0.44335293676513665,0.33882978723404256
6204,0.0,0.03240653243103177,0.43627815585931,0.349468085106383
6205,0.0,0.022814198831446367,0.2589369811532553,0.35106382978723405
6206,0.0,0.012962612972412708,0.12828936042565656,0.3404255319148936
6207,0.0,0.010888594896826675,0.09999023680234996,0.32393617021276594
6208,0.0,0.005962801967309846,0.08536902293030822,0.324468085106383
6209,0.0,0.0062220542267581,0.07216276523943181,0.31968085106382976
6210,0.0,0.0023332703350342873,0.0731060693602087,0.33670212765957447
6211,0.0,0.002851774853930796,0.0731060693602087,0.3223404255319149
6212,0.0,0.002851774853930796,0.07263441729982026,0.3324468085106383
6213,0.00014592639468420264,0.0036295316322755584,0.07216276523943181,0.3223404255319149
6214,0.030206763699629945,0.0038887838917238127,0.0731060693602087,0.35212765957446807
6215,0.1560682791147547,0.002851774853930796,0.07452102554137403,0.449468085106383
6216,0.33045032076237685,0.005185045188965083,0.07829424202448157,0.6122340425531915
6217,0.459449253663212,0.008814576821240643,0.07263441729982026,0.8085106382978723
6218,0.5440865625800495,0.006481306486206354,0.07263441729982026,0.8563829787234043
6219,0.571082945596627,0.015295883307446996,0.07499267760176247,0.8186170212765957
6220,0.5512369559195754,0.03240653243103177,0.12970431660682188,0.8462765957446808
6221,0.5181116643262614,0.06247979452702925,0.14243892223730986,0.8127659574468085
6222,0.44544031977352855,0.0689611010132356,0.1438538784184752,0.8148936170212766
6223,0.32563474973779816,0.07155362360771815,0.21507333953713012,0.8664893617021276
6224,0.19503062649543682,0.06636857841875307,0.32779818196996807,0.8962765957446809
6225,0.06946096386968045,0.10292314700095691,0.33204305051346406,0.8819148936170212
6226,0.0033563070777366606,0.14751453562605663,0.43769311204047534,0.9154255319148936
6227,0.0,0.11147847156274929,0.3433626999627867,0.8819148936170212
6228,0.0,0.08762726369350991,0.28204793211228907,0.8686170212765958
6229,0.0,0.05988727193254671,0.23299611783189095,0.8707446808510638
6230,0.0,0.04251737054951368,0.13913735781459075,0.8393617021276596
6231,0.0,0.0248882169070324,0.124516143942549,0.8228723404255319
6232,0.0,0.024110460128687637,0.0971603244400193,0.6803191489361702
6233,0.0,0.025406721425928907,0.09668867237963086,0.45904255319148934
6234,0.0,0.024110460128687637,0.09621702031924242,0.34361702127659577
6235,0.0,0.05496147900302988,0.10376345328545751,0.3069148936170213
6236,0.0,0.09929361536868135,0.09668867237963086,0.31170212765957445
6237,0.00021888959202630395,0.039924847955031144,0.09433041207768865,0.32659574468085106
6238,0.03465751873749812,0.012962612972412708,0.09810362856079619,0.32180851063829785
6239,0.17365240967420112,0.007259063264551117,0.09433041207768865,0.3398936170212766
6240,0.34584555540156026,0.01062934263737842,0.08536902293030822,0.35106382978723405
6241,0.4896560173628419,0.017110649123584776,0.07593598172253936,0.3271276595744681
6242,0.5806411244484423,0.02851774853930796,0.09244380383613487,0.32978723404255317
6243,0.6360201912310972,0.05107269511130607,0.087255631171862,0.33563829787234045
6244,0.6393764983088338,0.06740558745654608,0.09338710795691176,0.31648936170212766
6245,0.6096075137932565,0.07336838942385593,0.08442571880953134,0.28936170212765955
6246,0.542992114619918,0.171365743495296,0.08301076262836601,0.2803191489361702
6247,0.4220920966240561,0.23773432191404908,0.10942327801011884,0.3127659574468085
6248,0.2539848899478547,0.3020288822572161,0.13394918515031787,0.3281914893617021
6249,0.08047840666833775,0.34999055025514314,0.28204793211228907,0.3026595744680851
6250,0.0031374174857103565,0.35699036126024597,0.5089125731591303,0.3452127659574468
6251,0.0,0.3518053160712809,0.3565689576536631,0.34574468085106386
6252,0.0,0.34973129799569486,0.2716715867837433,0.32553191489361705
6253,0.0,0.3647679290436936,0.20894186275208035,0.3276595744680851
6254,0.0,0.37643428071886503,0.1320625769087641,0.32978723404255317
6255,0.0,0.3575088657791425,0.12687440424449123,0.3228723404255319
6256,0.0,0.3308058830559723,0.09668867237963086,0.3292553191489362
6257,0.0,0.3082509364839742,0.09574536825885398,0.34361702127659577
6258,0.0,0.2766221608312872,0.09008554353419265,0.33563829787234045
6259,0.0,0.24006759224908336,0.08914223941341577,0.36436170212765956
6260,0.0,0.24006759224908336,0.08819893529263888,0.32553191489361705
6261,0.00021888959202630395,0.2273642315361189,0.08772728323225044,0.3446808510638298
6262,0.020283768861104164,0.19236517651060459,0.08867058735302732,0.350531914893617
6263,0.13571154705630845,0.21647563663929223,0.09291545589652332,0.4574468085106383
6264,0.27601977554516927,0.28362197183639004,0.08065250232642379,0.6021276595744681
6265,0.38612124033440015,0.36036064063307327,0.07027615699787804,0.8031914893617021
6266,0.45682257855889635,0.4389140752458943,0.07121946111865493,0.8452127659574468
6267,0.4903126861389208,0.5117639601508537,0.06367302815243983,0.847872340425532
6268,0.4703207700671851,0.5203192847126461,0.06461633227321673,0.8382978723404255
6269,0.42435395574166124,0.594724683174295,0.06791789669593583,0.8122340425531915
6270,0.35117186880753365,0.6349087833887744,0.08631232705108512,0.8191489361702128
6271,0.2548604483159599,0.6820926946083568,0.1311192727879872,0.8888297872340426
6272,0.1552656839439916,0.7087956773315269,0.320251749003753,0.9010638297872341
6273,0.06887725829094364,0.7147584792988367,0.3773216483107546,0.8909574468085106
6274,0.004158902248499775,0.7004996050291827,0.419298681685326,0.9132978723404256
6275,0.0,0.6579822344796691,0.35326739323094397,0.9138297872340425
6276,0.0,0.6056132780711218,0.24856063582470958,0.9026595744680851
6277,0.0,0.5309486273500246,0.18394430355149285,0.9276595744680851
6278,0.0,0.41143333574437935,0.12828936042565656,0.8835106382978724
6279,0.0,0.24473413291915194,0.09763197650040775,0.8276595744680851
6280,0.0,0.15477359889060774,0.09150049971535798,0.7015957446808511
6281,0.0,0.1459590220693671,0.09904693268157308,0.4877659574468085
6282,0.0,0.07673866879668323,0.09338710795691176,0.3696808510638298
6283,0.0,0.05677624481916766,0.07452102554137403,0.3281914893617021
6284,0.0,0.06585007389985656,0.06791789669593583,0.34361702127659577
6285,0.00021888959202630395,0.06973885779158037,0.08961389147380422,0.3702127659574468
6286,0.022910443965419813,0.03966559569558289,0.06933285287710116,0.3526595744680851
6287,0.15096085530080763,0.036554568582203836,0.06697459257515893,0.43936170212765957
6288,0.31914102517435117,0.01814765816137779,0.06508798433360516,0.649468085106383
6289,0.42384321336026654,0.020221676236963824,0.06131476785049762,0.8414893617021276
6290,0.5045405096206306,0.03473980276606606,0.06367302815243983,0.8340425531914893
6291,0.5597006868112592,0.04459138862509972,0.06367302815243983,0.8489361702127659
6292,0.5621814355208906,0.041480361511720666,0.07216276523943181,0.8702127659574468
6293,0.5234379777322349,0.0339620459877213,0.09244380383613487,0.8297872340425532
6294,0.44777514208847574,0.03888783891723813,0.1221578836406068,0.8425531914893617
6295,0.3335877382480872,0.02748073950151494,0.220261512201403,0.8840425531914894
6296,0.23355519469206631,0.008814576821240643,0.44240963264435973,0.9377659574468085
6297,0.09740586845170525,0.002851774853930796,0.5018377922533036,0.9377659574468085
6298,0.006128908576736511,0.0012962612972412708,0.5839052507608927,0.9313829787234043
6299,0.0,0.001555513556689525,0.6004130728744882,0.9218085106382978
6300,0.0,0.012184856194067947,0.3391178314192907,0.9063829787234042
6301,0.0,0.02359195560979113,0.1886608241553773,0.9154255319148936
6302,0.0,0.0248882169070324,0.10612171358739973,0.8813829787234042
6303,0.0,0.017629153642481285,0.09150049971535798,0.8542553191489362
6304,0.0,0.029814009836549228,0.08206745850758912,0.6781914893617021
6305,0.0,0.03681382084165209,0.07169111317904336,0.4808510638297872
6306,0.0,0.021517937534205094,0.0731060693602087,0.39787234042553193
6307,0.0,0.040702604733375905,0.07121946111865493,0.32393617021276594
6308,0.0,0.13532967943198868,0.06886120081671271,0.3569148936170213
6309,0.00014592639468420264,0.1928836810295011,0.06886120081671271,0.350531914893617
6310,0.020648584847814674,0.16721770734412394,0.06697459257515893,0.349468085106383
6311,0.12535077303373005,0.11381174189778358,0.09102884765496955,0.4622340425531915
6312,0.2720067996913537,0.07933119139116578,0.09008554353419265,0.6308510638297873
6313,0.39159348013505774,0.05755400159751242,0.07263441729982026,0.8218085106382979
6314,0.4680589109495799,0.055739235781374644,0.07452102554137403,0.8468085106382979
6315,0.5079697798957094,0.05703549707861592,0.07735093790370469,0.8638297872340426
6316,0.49104231811234184,0.09255305662302674,0.07216276523943181,0.8734042553191489
6317,0.42836693159547684,0.11977454386509342,0.10942327801011884,0.8521276595744681
6318,0.33125291593314,0.14414425625322932,0.30751714337326497,0.8590425531914894
6319,0.1785409438961219,0.13532967943198868,0.5240054390915604,0.8920212765957447
6320,0.07624654122249587,0.10603417411433595,0.6136193305653647,0.8946808510638298
6321,0.03144713805444567,0.08633100239626863,0.5971115084517691,0.9154255319148936
6322,0.001386300749499925,0.07544240749944196,0.6098461140822571,0.9148936170212766
6323,0.0,0.0718128758671664,0.5447581297486519,0.9276595744680851
6324,0.0,0.05210970414909909,0.41882702962493756,0.9329787234042554
6325,0.0,0.033443541468824785,0.24290081110004827,0.926063829787234
6326,0.0,0.026962234982618433,0.12310118776138368,0.8835106382978724
6327,0.0,0.013221865231860962,0.11649805891594547,0.8611702127659574
6328,0.0,0.014777378788550488,0.10706501770817661,0.6957446808510638
6329,0.0,0.012703360712964453,0.10753666976856506,0.5010638297872341
6330,0.0,0.01736990138303303,0.11649805891594547,0.4074468085106383
6331,0.0,0.024369712388135893,0.10659336564778817,0.3579787234042553
6332,0.0,0.0339620459877213,0.10565006152701129,0.35638297872340424
6333,0.00021888959202630395,0.034999055025514314,0.128761012486045,0.3803191489361702
6334,0.013133375521578236,0.015295883307446996,0.10659336564778817,0.3446808510638298
6335,0.08077025945770616,0.013999622010205725,0.10046188886273841,0.3617021276595745
6336,0.18014613423764814,0.009073829080688895,0.09999023680234996,0.35425531914893615
6337,0.28098127296443215,0.013481117491309216,0.09574536825885398,0.3414893617021277
6338,0.3143254541497725,0.017110649123584776,0.09621702031924242,0.3281914893617021
6339,0.3424162851264815,0.026962234982618433,0.10942327801011884,0.3452127659574468
6340,0.3335147750507451,0.022036442053101603,0.10282014916468063,0.3569148936170213
6341,0.26339714240498574,0.04588764992234099,0.09857528062118463,0.3425531914893617
6342,0.19196617220706855,0.039924847955031144,0.10942327801011884,0.3819148936170213
6343,0.1110499863546782,0.04770241573847877,0.15234361550546716,0.3627659574468085
6344,0.05122016453415512,0.06092428097033973,0.1811143911891622,0.36861702127659574
6345,0.012914485929551934,0.06999811005102863,0.2136583833559648,0.350531914893617
6346,0.0006566687760789119,0.03707307310110035,0.30751714337326497,0.350531914893617
6347,0.0,0.02851774853930796,0.31553522839986853,0.3303191489361702
6348,0.0,0.07284988490495942,0.24808898376432115,0.36117021276595745
6349,0.0,0.09021978628799245,0.20941351481246878,0.32340425531914896
6350,0.0,0.20066124881294872,0.1712096979210049,0.3122340425531915
6351,0.0,0.34636101862286756,0.1495137031431365,0.3101063829787234
6352,0.0,0.37098998327045174,0.11744136303672237,0.3579787234042553
6353,0.0,0.49465331102726895,0.11413979861400327,0.3452127659574468
6354,0.0,0.5667254391538836,0.1080083218289535,0.3707446808510638
6355,0.0,0.4897275180977521,0.1080083218289535,0.38138297872340426
6356,0.0,0.525245077642163,0.1080083218289535,0.3627659574468085
6357,0.0006566687760789119,0.5908358992825713,0.10376345328545751,0.36914893617021277
6358,0.003210380683052458,0.5493555377708506,0.10329180122506906,0.3675531914893617
6359,0.01882450491426214,0.5348374112417483,0.10659336564778817,0.3627659574468085
6360,0.06457242964775967,0.5449482493602302,0.10753666976856506,0.373936170212766
6361,0.1433726827772291,0.47780191416313245,0.1113098862516726,0.3946808510638298
6362,0.17073388178051707,0.3715084877893482,0.13677909751264852,0.4223404255319149
6363,0.17117166096456968,0.42517370549513683,0.12168623158021835,0.33404255319148934
6364,0.16416719401972796,0.5177267621181636,0.10753666976856506,0.3074468085106383
6365,0.1276126321513352,0.5198007801937496,0.10989493007050727,0.3579787234042553
6366,0.11579259418191479,0.517208257599267,0.11932797127827614,0.3638297872340426
6367,0.06464539284510176,0.4316550119813432,0.15941839641129382,0.39680851063829786
6368,0.025318229477709155,0.4625060308556854,0.16932308967945112,0.34893617021276596
6369,0.00722335653686803,0.5169490053398188,0.23299611783189095,0.37340425531914895
6370,0.0005837055787368105,0.5255043299016112,0.25139054818704026,0.4
6371,0.0,0.47987593223871844,0.23912759461694072,0.3648936170212766
6372,0.0,0.4163591286738962,0.24195750697927138,0.39095744680851063
6373,0.0,0.4925792929516829,0.24101420285849448,0.375
6374,0.0,0.516171248561474,0.22309142456373365,0.37446808510638296
6375,0.0,0.4899867703572004,0.21978986014101454,0.3515957446808511
6376,0.0,0.4757278960875464,0.18347265149110442,0.3882978723404255
6377,0.0,0.42154417386286125,0.1778128267664431,0.3797872340425532
6378,0.0,0.32225055849417994,0.17828447882683154,0.3952127659574468
6379,0.0,0.2540672142592891,0.1735679582229471,0.3696808510638298
6380,0.0,0.24032684450853162,0.1801710870683853,0.3962765957446808
6381,0.00021888959202630395,0.12029304838398994,0.18960412827615417,0.40372340425531916
6382,0.017511167362104316,0.09021978628799245,0.16649317731712046,0.3595744680851064
6383,0.08478323531152172,0.09436782243916451,0.16224830877362448,0.5010638297872341
6384,0.19101765064162124,0.1052564173359912,0.14432553047886362,0.652127659574468
6385,0.34548073941484975,0.10655267863323246,0.14998535520352493,0.8308510638297872
6386,0.439311411196792,0.09929361536868135,0.16224830877362448,0.8632978723404255
6387,0.5068753319355779,0.1436257517343328,0.16602152525673203,0.8760638297872341
6388,0.5346743101229184,0.1928836810295011,0.1551735278677978,0.9186170212765957
6389,0.49242861886184175,0.23954908773018685,0.1603617005320707,0.9180851063829787
6390,0.41523355607389856,0.18588387002439824,0.17403961028333556,0.9132978723404256
6391,0.28638054956774767,0.14232949043709153,0.18347265149110442,0.9393617021276596
6392,0.16912869143899084,0.1000713721470261,0.2018670818462537,0.9829787234042553
6393,0.04202680166905036,0.11044146252495628,0.21554499159751855,0.9446808510638298
6394,0.0010944479601315198,0.24214161032466938,0.25186220024742867,0.9361702127659575
6395,0.0,0.27402963823680465,0.24667402758315582,0.9558510638297872
6396,0.0,0.20999433015308588,0.24148585491888294,0.948936170212766
6397,0.0,0.13221865231860963,0.1995088215443115,0.9441489361702128
6398,0.0,0.1249595890540585,0.1636632649547898,0.9212765957446809
6399,0.0,0.11381174189778358,0.15847509229051693,0.9228723404255319
6400,0.0,0.10992295800605976,0.14574048666002895,0.7835106382978724
6401,0.0,0.10318239926040516,0.1429105742976983,0.5356382978723404
6402,0.0,0.08477548883957911,0.14668379078080584,0.4228723404255319
6403,0.0,0.06714633519709783,0.17639787058527776,0.3781914893617021
6404,0.0,0.043295127327858444,0.17922778294760844,0.3648936170212766
6405,0.00014592639468420264,0.023332703350342876,0.174511262343724,0.36914893617021277
6406,0.01933524729565685,0.006740558745654608,0.16083335259245915,0.38085106382978723
6407,0.13184449759717706,0.0012962612972412708,0.14479718253925208,0.5111702127659574
6408,0.2949172436567735,0.0007777567783447624,0.1353641413314832,0.6590425531914894
6409,0.41822504716492476,0.0010370090377930167,0.11838466715749925,0.8388297872340426
6410,0.5262835424285768,0.001555513556689525,0.1311192727879872,0.8973404255319148
6411,0.5642973682438116,0.001555513556689525,0.14668379078080584,0.9148936170212766
6412,0.5654647794012851,0.0023332703350342873,0.14149561811653297,0.9281914893617021
6413,0.5375198748192603,0.005962801967309846,0.16319161289440134,0.9398936170212766
6414,0.4727285555794744,0.00803682004289588,0.1561168319885747,0.9234042553191489
6415,0.3670778458281117,0.010110838118481912,0.19007578033654263,0.9223404255319149
6416,0.2053914005180152,0.015295883307446996,0.2877077568369504,0.9372340425531915
6417,0.05756796270291794,0.040702604733375905,0.29855575422588454,0.9313829787234043
6418,0.0,0.0684425964943391,0.340532787600456,0.9111702127659574
6419,0.0,0.05029493833296131,0.3598705220763822,0.9175531914893617
6420,0.0,0.03629531632275558,0.32119505312452984,0.9010638297872341
6421,0.0,0.04796166799792702,0.2235630766241221,0.9042553191489362
6422,0.0,0.025925225944825415,0.19101908445731952,0.8654255319148936
6423,0.0,0.012962612972412708,0.1735679582229471,0.8579787234042553
6424,0.0,0.00933308134013715,0.1811143911891622,0.725
6425,0.0,0.011407099415723184,0.18960412827615417,0.523936170212766
6426,0.0,0.013481117491309216,0.18488760767226975,0.41595744680851066
6427,0.0,0.010888594896826675,0.17498291440411243,0.36329787234042554
6428,0.0,0.00311102711337905,0.17403961028333556,0.376063829787234
6429,0.00014592639468420264,0.001555513556689525,0.1485703990223596,0.37659574468085105
6430,0.020940437637183076,0.0018147658161377792,0.1561168319885747,0.3984042553191489
6431,0.13447117270149272,0.0005185045188965084,0.15281526756585562,0.5
6432,0.2771871867026429,0.0007777567783447624,0.17922778294760844,0.6553191489361702
6433,0.39648201435697855,0.001555513556689525,0.1462121387204174,0.8303191489361702
6434,0.4943256619927364,0.0054442974484133376,0.1419672701769214,0.8351063829787234
6435,0.5427732250278917,0.0124441084535162,0.14668379078080584,0.8680851063829788
6436,0.5366443164511552,0.024628964647584146,0.15470187580740938,0.8430851063829787
6437,0.49629566832097316,0.018925414939722555,0.15941839641129382,0.8515957446808511
6438,0.4339121345934765,0.012703360712964453,0.1778128267664431,0.8553191489361702
6439,0.3272399400793244,0.007777567783447625,0.249032287885098,0.8835106382978724
6440,0.1842320732888058,0.004407288410620321,0.4674071918449472,0.8984042553191489
6441,0.04779089425907636,0.0038887838917238127,0.49146144692475785,0.901595744680851
6442,0.001167411157473621,0.0012962612972412708,0.5343817844201062,0.9058510638297872
6443,0.0,0.0007777567783447624,0.42260024610804514,0.9063829787234042
6444,0.0,0.0007777567783447624,0.2721432388441317,0.9005319148936171
6445,0.0,0.0007777567783447624,0.23959924667732915,0.8872340425531915
6446,0.0,0.0018147658161377792,0.23205281371111408,0.8420212765957447
6447,0.0,0.004148036151172067,0.20847021069169192,0.8063829787234043
6448,0.0,0.003370279372827304,0.24714567964354425,0.7398936170212767
6449,0.0,0.0020740180755860335,0.2018670818462537,0.46382978723404256
6450,0.0,0.00311102711337905,0.22073316426179143,0.3696808510638298
6451,0.0,0.0036295316322755584,0.1867742159138235,0.3558510638297872
6452,0.0,0.004148036151172067,0.18394430355149285,0.35106382978723405
6453,0.00021888959202630395,0.0054442974484133376,0.17922778294760844,0.3313829787234043
6454,0.01940821049299895,0.011407099415723184,0.1712096979210049,0.3478723404255319
6455,0.12024334921978297,0.00803682004289588,0.18583091179304664,0.47074468085106386
6456,0.271496057309959,0.01114784715627493,0.19998047360469992,0.6345744680851064
6457,0.4158172616526354,0.023332703350342876,0.15328691962624405,0.7962765957446809
6458,0.4961497419262889,0.04925792929516829,0.15281526756585562,0.8457446808510638
6459,0.5378117276086288,0.0842569843206826,0.15375857168663248,0.851063829787234
6460,0.563129957086338,0.11770052578950739,0.15281526756585562,0.8414893617021276
6461,0.541532850673076,0.15062556273943567,0.1462121387204174,0.7872340425531915
6462,0.48075450728710556,0.19780947395901793,0.1877175200346004,0.7941489361702128
6463,0.37028822651116416,0.19936498751570744,0.249032287885098,0.847872340425532
6464,0.22531035339240885,0.1809580770948814,0.42071363786649135,0.8680851063829788
6465,0.07223356536868031,0.18147658161377792,0.5423998694467097,0.898936170212766
6466,0.0,0.19158741973225982,0.5881501193043888,0.8617021276595744
6467,0.0,0.17655078868426108,0.5829619466401158,0.8558510638297873
6468,0.0,0.17784704998150236,0.5810753383985621,0.8393617021276596
6469,0.0,0.19106891521336333,0.5051393566760227,0.8664893617021276
6470,0.0,0.19936498751570744,0.3221383572453067,0.8138297872340425
6471,0.0,0.1794025635381919,0.21743159983907234,0.7734042553191489
6472,0.0,0.15140331951778044,0.1919623885780964,0.6340425531914894
6473,0.0,0.14232949043709153,0.20281038596703058,0.46117021276595743
6474,0.0,0.12081155290288643,0.22497803280528741,0.3638297872340426
6475,0.0,0.10292314700095691,0.20092377772547682,0.3175531914893617
6476,0.0,0.11225622834109406,0.1886608241553773,0.32127659574468087
6477,0.00021888959202630395,0.11173772382219754,0.19479230094042704,0.3170212765957447
6478,0.012038927561446717,0.0871087591746134,0.21978986014101454,0.3601063829787234
6479,0.09820846362246836,0.08607175013682038,0.1919623885780964,0.45159574468085106
6480,0.2331903787053558,0.07933119139116578,0.17215300204178177,0.6021276595744681
6481,0.30834247196772013,0.07881268687226926,0.22780794516761807,0.7388297872340426
6482,0.3734256439968745,0.06662783067820133,0.3334580066946294,0.7601063829787233
6483,0.38889384183340003,0.06766483971599434,0.42637346259115266,0.7590425531914894
6484,0.4003490638161099,0.0689611010132356,0.3664736509218204,0.7356382978723405
6485,0.4495992220220283,0.10318239926040516,0.35704060971405155,0.7840425531914894
6486,0.395387566396847,0.15866238278233155,0.4674071918449472,0.7734042553191489
6487,0.30600764965277294,0.23540105157901478,0.48014179747543523,0.7904255319148936
6488,0.20137842466419964,0.31888027912135264,0.5074976169779649,0.8420212765957447
6489,0.06143501216204931,0.38213783042672667,0.49381970722670004,0.8404255319148937
6490,0.0017511167362104316,0.44928416562382445,0.5716422971907932,0.8329787234042553
6491,0.0,0.4308772552029984,0.6272972403166295,0.8425531914893617
6492,0.0,0.3310651353154206,0.7154961756092684,0.8127659574468085
6493,0.0,0.2755851517934942,0.7173827838508221,0.8117021276595745
6494,0.0,0.25536347555653033,0.726815825058591,0.8111702127659575
6495,0.0,0.3168062610457666,0.6914419205294577,0.7398936170212767
6496,0.0,0.40080399310700093,0.539569957084379,0.6303191489361702
6497,0.0,0.42206267838175776,0.5367400447220484,0.4452127659574468
6498,0.0,0.4962088245839585,0.5372116967824369,0.3202127659574468
6499,0.0,0.5532443216625744,0.5457014338694288,0.33563829787234045
6500,0.0,0.5700957185267109,0.5457014338694288,0.3452127659574468
6501,0.0003648159867105066,0.6050947735522252,0.5423998694467097,0.324468085106383
6502,0.017584130559446416,0.6279089723836716,0.46882214802611255,0.3393617021276596
6503,0.12491299384967745,0.6367235492049123,0.3395894834796791,0.32978723404255317
6504,0.27441458520364304,0.6818334423489084,0.3084604474940419,0.29414893617021276
6505,0.39940054225066257,0.7080179205531821,0.3127053160375379,0.31170212765957445
6506,0.47353115075023755,0.7352394077952488,0.2707282826629664,0.30159574468085104
6507,0.4935960300193154,0.7396466962058691,0.25139054818704026,0.3180851063829787
6508,0.5033001352658149,0.7458687504326272,0.24808898376432115,0.31170212765957445
6509,0.48075450728710556,0.7474242639893167,0.2565787208513131,0.31117021276595747
6510,0.44025993276223935,0.7479427685082133,0.2815762800519006,0.31968085106382976
6511,0.3282614248421138,0.7531278136971784,0.32261000930569517,0.3372340425531915
6512,0.19576025846885783,0.7572758498483504,0.5225904829103951,0.3170212765957447
6513,0.06260242331952293,0.7616831382589707,0.5159873540649569,0.32659574468085106
6514,0.0019700063282367354,0.759868372442833,0.43816476410086375,0.29627659574468085
6515,0.0,0.7552018317727643,0.5513612585940901,0.31329787234042555
6516,0.0,0.7354986600546971,0.5947532481498269,0.33563829787234045
6517,0.0,0.7168324973744228,0.5857918590024465,0.32553191489361705
6518,0.0,0.6924627849862869,0.5890934234251656,0.3313829787234043
6519,0.0,0.6696485861548405,0.5989981166933229,0.3414893617021277
6520,0.0,0.6330940175726367,0.6070162017199264,0.3170212765957447
6521,0.0,0.5553183397381605,0.6098461140822571,0.325
6522,0.0,0.4293217416463089,0.6221090676523566,0.3228723404255319
6523,0.0,0.34687952314176407,0.6263539361958526,0.3276595744680851
6524,0.0,0.29139953961983767,0.6263539361958526,0.34627659574468084
6525,0.00021888959202630395,0.27454814275570116,0.6089028099614802,0.3372340425531915
6526,0.013352265113604541,0.28439972861473484,0.5754155136739008,0.32872340425531915
6527,0.10732886329023103,0.3069546751867329,0.3740200838880355,0.3180851063829787
6528,0.2718608732966695,0.35362008188741867,0.3122336639771494,0.3372340425531915
6529,0.41800615757289844,0.3136952339323875,0.2872361047765619,0.3696808510638298
6530,0.47404189313163225,0.33002812627762756,0.29431088568238856,0.3558510638297872
6531,0.4662348310160274,0.37747128975665806,0.23393942195266784,0.3372340425531915
6532,0.44025993276223935,0.40080399310700093,0.1943206488800386,0.3414893617021277
6533,0.40115165898687305,0.42335893967899907,0.1820576953099391,0.2877659574468085
6534,0.35285002234640195,0.41506286737665493,0.20847021069169192,0.3148936170212766
6535,0.2825135001086163,0.38421184850231266,0.21318673129557633,0.33404255319148934
6536,0.1781031647120693,0.34921279347679834,0.22309142456373365,0.3537234042553192
6537,0.05282535487568135,0.3269170991642485,0.32496826960763736,0.3345744680851064
6538,0.0014592639468420264,0.3375464418016269,0.3985459910282345,0.3079787234042553
6539,0.0,0.3380649463205234,0.3810948647938621,0.326063829787234
6540,0.0,0.3344354146882479,0.3042155789505459,0.326063829787234
6541,0.0,0.3440277482878333,0.2509188961266518,0.3202127659574468
6542,0.0,0.37747128975665806,0.1877175200346004,0.3122340425531915
6543,0.0,0.3823970826861749,0.1801710870683853,0.30957446808510636
6544,0.0,0.41817389449003395,0.18158604324955063,0.3122340425531915
6545,0.0,0.4695058418607883,0.17498291440411243,0.3127659574468085
6546,0.0,0.5449482493602302,0.174511262343724,0.326063829787234
6547,0.0,0.5745030069373313,0.17262465410217023,0.298936170212766
6548,0.0,0.5244673208638182,0.1735679582229471,0.31382978723404253
6549,0.00021888959202630395,0.4523951927372035,0.1735679582229471,0.3180851063829787
6550,0.011382258785367805,0.435543795873067,0.1712096979210049,0.3526595744680851
6551,0.0666883623706806,0.4575802379261686,0.17639787058527776,0.449468085106383
6552,0.11893001166762514,0.4542099585533413,0.21035681893324568,0.6058510638297873
6553,0.1951035896927789,0.40495202925817303,0.21648829571829545,0.7218085106382979
6554,0.2909042678029579,0.3930264253235533,0.17168134998139334,0.7271276595744681
6555,0.35890596772579636,0.3660641903409349,0.17734117470605465,0.7792553191489362
6556,0.3604381948699805,0.40184100214479396,0.1679081334982858,0.7702127659574468
6557,0.34730481934840224,0.44928416562382445,0.17073804586061644,0.7606382978723404
6558,0.3044024593112467,0.4316550119813432,0.17922778294760844,0.7936170212765957
6559,0.20458880534725207,0.37695278523776155,0.18724586797421197,0.823404255319149
6560,0.14891788577522877,0.3616569019303146,0.3023289707089921,0.8824468085106383
6561,0.03640863547370855,0.3403982166555577,0.3754350400692008,0.8723404255319149
6562,0.0007296319734210132,0.32250981075362817,0.48155675365660056,0.8781914893617021
6563,0.0,0.2994363596627336,0.5169306581857338,0.8696808510638298
6564,0.0,0.3321021443532136,0.5183456143668991,0.8718085106382979
6565,0.0,0.3183617746024561,0.498064575770196,0.8888297872340426
6566,0.0,0.2960660802899063,0.399017643088623,0.8579787234042553
6567,0.0,0.280510944723011,0.3716618235860933,0.825
6568,0.0,0.25303020522149605,0.39382947042435007,0.675531914893617
6569,0.0,0.2014390055912935,0.39760268690745765,0.4776595744680851
6570,0.0,0.22269769086605032,0.40184755545095363,0.373936170212766
6571,0.0,0.20921657337474112,0.4023192075113421,0.3324468085106383
6572,0.0,0.2014390055912935,0.40090425133017676,0.3468085106382979
6573,0.00021888959202630395,0.2245124566821881,0.3716618235860933,0.35904255319148937
6574,0.00948521565447317,0.2449933851786002,0.3711901715257048,0.38351063829787235
6575,0.07048244863246987,0.2307345109089462,0.3810948647938621,0.5138297872340426
6576,0.14690700476067636,0.23177153797292768,0.38816964569968876,0.6797872340425531
6577,0.21992629924517015,0.185106127642808,0.43627815585931,0.8425531914893617
6578,0.280208828784896,0.09359007293985111,0.6178641991088606,0.8494680851063829
6579,0.31494546045244504,0.054442978718472944,0.6060728975991495,0.8558510638297873
6580,0.30908365385854614,0.06947961093595595,0.5876784672440003,0.872872340425532
6581,0.24901822826674253,0.052628212761190514,0.5673974286472973,0.8680851063829788
6582,0.20096588779329963,0.08840502734761559,0.473538668629997,0.8643617021276596
6583,0.1263544976907098,0.1690324863068779,0.4999511840117498,0.8941489361702127
6584,0.06773643175172073,0.21414238295932692,0.4867449263208734,0.9377659574468085
6585,0.017078843903211634,0.22632724010108038,0.44759780530863263,0.9398936170212766
6586,0.0004342078958443636,0.26884461395741166,0.4367498079196984,0.9313829787234043
6587,0.0,0.3367687112156969,0.4098656404775572,0.9175531914893617
6588,0.0,0.5172082978254929,0.36081382619715907,0.8962765957446809
6589,0.0,0.6901295683265475,0.36694530298220884,0.9047872340425532
6590,0.0,0.6859815318527591,0.3806232127334737,0.9154255319148936
6591,0.0,0.7069809665013129,0.3674169550425973,0.8670212765957447
6592,0.0,0.7100919938566542,0.38439642921658124,0.6978723404255319
6593,0.0,0.6885740546488769,0.38769799363930035,0.47925531914893615
6594,0.0,0.669907890516829,0.40326251163211896,0.38670212765957446
6595,0.0,0.7152770394488898,0.4103372925379456,0.35425531914893615
6596,0.0,0.6911665774449947,0.4112805966587225,0.34414893617021275
6597,0.0007236798264072727,0.5882434224391195,0.4112805966587225,0.3601063829787234
6598,0.005210494750132363,0.5415780121089999,0.40845068429639186,0.38138297872340426
6599,0.03582215140716,0.4744316716895499,0.34572096026472887,0.5186170212765957
6600,0.08922972259601672,0.3862858966215461,0.26742671824024733,0.6638297872340425
6601,0.13069657664915343,0.36217543461765095,0.2509188961266518,0.8521276595744681
6602,0.1730318464939789,0.38732290573999323,0.23252446577150251,0.877127659574468
6603,0.19228172987641234,0.39017468081572276,0.23158116165072562,0.8813829787234042
6604,0.15197276354552727,0.3868044011807697,0.22780794516761807,0.8861702127659574
6605,0.14734121265652073,0.32458385407394347,0.22827959722800653,0.8819148936170212
6606,0.13019000077066836,0.28621451669140063,0.2358260301942216,0.8797872340425532
6607,0.07562454185956,0.16721772034959548,0.25186220024742867,0.9234042553191489
6608,0.03169717639663854,0.12521885105248778,0.23724098637538696,0.9420212765957446
6609,0.007815742125198545,0.13170015804278218,0.2183749039598492,0.9303191489361702
6610,0.00036183991320363633,0.1291076352466644,0.21648829571829545,0.9388297872340425
6611,0.0,0.12418184193404067,0.20092377772547682,0.9377659574468085
6612,0.0,0.11173773251267542,0.19149073651770795,0.9457446808510638
6613,0.0,0.1024046504466515,0.1820576953099391,0.9468085106382979
6614,0.0,0.11718203038452271,0.17403961028333556,0.875531914893617
6615,0.0,0.11484875986801674,0.1801710870683853,0.7031914893617022
6616,0.0,0.12651511245054664,0.1778128267664431,0.6281914893617021
6617,0.0,0.13507043767773524,0.1754545664645009,0.5558510638297872
6618,0.0,0.13869996959230013,0.17875613088721998,0.5446808510638298
6619,0.0,0.1322186626020057,0.1886608241553773,0.5452127659574468
6620,0.0,0.12340408509520534,0.17875613088721998,0.5691489361702128
6621,0.0006513118437665454,0.11484875986801674,0.17498291440411243,0.5648936170212766
6622,0.003763135097317818,0.11251548935151075,0.174511262343724,0.5579787234042554
6623,0.031841912361919994,0.11770053494374627,0.1754545664645009,0.5702127659574469
6624,0.07084825500527199,0.12547810333209955,0.17073804586061644,0.5776595744680851
6625,0.10659803842979126,0.1410332401088061,0.170266393800228,0.676595744680851
6626,0.12490713803789526,0.13662595135540592,0.170266393800228,0.6914893617021277
6627,0.13178209638876434,0.14310725834570032,0.1735679582229471,0.6867021276595745
6628,0.12215715469754762,0.13740370819424125,0.17262465410217023,0.6941489361702128
6629,0.09965071209628144,0.14362576290492385,0.17215300204178177,0.6819148936170213
6630,0.07946004493951854,0.15140333129327713,0.17168134998139334,0.6882978723404255
6631,0.05471019487638981,0.13325567172045283,0.17403961028333556,0.7382978723404255
6632,0.029960344813261087,0.12677436473015843,0.18158604324955063,0.777127659574468
6633,0.010203885552342544,0.13818146503307657,0.17262465410217023,0.7718085106382979
6634,0.0004342078958443636,0.12651511245054664,0.17403961028333556,0.7723404255319148
6635,0.0,0.12392258965442889,0.18158604324955063,0.777127659574468
6636,0.0,0.1420702492272532,0.17969943500799687,0.7755319148936171
6637,0.0,0.16073641335930108,0.1646065690755667,0.776595744680851
6638,0.0,0.170069495425325,0.16083335259245915,0.7542553191489362
6639,0.0,0.22788275377875103,0.1603617005320707,0.7164893617021276
6640,0.0,0.32354684495549635,0.15281526756585562,0.6335106382978724
6641,0.0,0.43346981151088937,0.1504570072639134,0.5606382978723404
6642,0.0,0.5257636230526815,0.14526883459964052,0.5664893617021277
6643,0.0,0.5869471610410607,0.1438538784184752,0.5707446808510638
6644,0.0,0.6076873434100027,0.1429105742976983,0.5723404255319149
6645,0.0005789438611258182,0.5952432339886375,0.1438538784184752,0.5627659574468085
6646,0.005210494750132363,0.5973172522255318,0.1429105742976983,0.574468085106383
6647,0.04819707643872436,0.6136501458410736,0.14338222635808673,0.5611702127659575
6648,0.14097283018413673,0.6455381762333221,0.14149561811653297,0.5664893617021277
6649,0.2642155046212952,0.6556490151381813,0.1504570072639134,0.8079787234042554
6650,0.3207348990637032,0.6605748084508051,0.15894674435090536,0.8962765957446809
6651,0.3643727925960618,0.6655006017634288,0.16837978555867422,0.9005319148936171
6652,0.3772542935061112,0.6701671427964407,0.13253422896915254,0.8898936170212766
6653,0.3381755828801185,0.675611440668288,0.12357283982177213,0.8925531914893617
6654,0.2670378559442836,0.6813149908197471,0.11838466715749925,0.8617021276595744
6655,0.18902517065757962,0.6807964862605236,0.12310118776138368,0.9196808510638298
6656,0.09400600945030473,0.6820927476585824,0.1419672701769214,0.9563829787234043
6657,0.03299980008417163,0.6818334953789706,0.14149561811653297,0.9414893617021277
6658,0.0009407837743294544,0.6649820972042052,0.1627199608340129,0.9351063829787234
6659,0.0,0.6725004133129467,0.1679081334982858,0.9409574468085107
6660,0.0,0.6623895744080874,0.19007578033654263,0.9372340425531915
6661,0.0,0.6530564923420635,0.1820576953099391,0.9441489361702128
6662,0.0,0.6642043403653699,0.1811143911891622,0.9159574468085107
6663,0.0,0.6520194832236165,0.17639787058527776,0.8409574468085106
6664,0.0,0.6341310759304039,0.1867742159138235,0.7031914893617022
6665,0.0,0.6025022978177672,0.18394430355149285,0.47074468085106386
6666,0.0,0.5612811853594949,0.19101908445731952,0.3696808510638298
6667,0.0,0.5651699695536715,0.18488760767226975,0.3382978723404255
6668,0.0,0.5350967051187056,0.18347265149110442,0.3372340425531915
6669,0.0004342078958443636,0.49491260177888025,0.18724586797421197,0.3468085106382979
6670,0.009190733795372363,0.4560247598371138,0.1820576953099391,0.3478723404255319
6671,0.07794031730406327,0.3683974893283336,0.18252934737032753,0.349468085106383
6672,0.18916990662286107,0.2981401215535423,0.18488760767226975,0.37340425531914895
6673,0.2943205853998378,0.29528834647781277,0.20092377772547682,0.39787234042553193
6674,0.41119487736461235,0.29891787839237766,0.1820576953099391,0.4425531914893617
6675,0.48074050868235124,0.26340031608556436,0.17262465410217023,0.4521276595744681
6676,0.5366809592636335,0.2815479756583886,0.16507822113595513,0.46063829787234045
6677,0.5054179907628392,0.3284726382681201,0.17309630616255867,0.4563829787234043
6678,0.4326881682089083,0.3341761884195792,0.19290569269887328,0.4675531914893617
6679,0.2956232090873709,0.34506478416327374,0.19054743239693106,0.48138297872340424
6680,0.16709767191743927,0.3650272096933805,0.2136583833559648,0.45904255319148934
6681,0.05608518654656363,0.36321244373609807,0.30704549131287656,0.449468085106383
6682,0.0008684157916887271,0.33832422489336755,0.32449661754724896,0.4627659574468085
6683,0.0,0.29528834647781277,0.2914809733200579,0.4765957446808511
6684,0.0,0.247585927029246,0.2801613238707353,0.4409574468085106
6685,0.0,0.16384744071464238,0.2773314115084046,0.4340425531914894
6686,0.0,0.08425699087382718,0.2683700223610242,0.43031914893617024
6687,0.0,0.04122111245827237,0.25799367703247844,0.423936170212766
6688,0.0,0.016073641335930106,0.266011762059082,0.42446808510638295
6689,0.0,0.02281420060583628,0.26318184969675135,0.3601063829787234
6690,0.0,0.037332328264095736,0.23629768225461006,0.3276595744680851
6691,0.0,0.05392447415924939,0.2292229013487834,0.31436170212765957
6692,0.0,0.08114596351848587,0.19998047360469992,0.29095744680851066
6693,0.0002171039479221818,0.11251548935151075,0.20752690657091502,0.31170212765957445
6694,0.010927565378749816,0.12884838296705264,0.21884655602023767,0.31648936170212766
6695,0.09849282437402981,0.1304038966447233,0.19762221330275773,0.3175531914893617
6696,0.26045236952397743,0.10214539816703971,0.1985655174235346,0.3175531914893617
6697,0.39527392118365234,0.062479799386437995,0.21695994777868388,0.3175531914893617
6698,0.47140503892169744,0.03422130090875442,0.20894186275208035,0.28617021276595744
6699,0.5353783355761003,0.030851021273801335,0.20422534214819593,0.2925531914893617
6700,0.5408059342741549,0.034739805467977974,0.211771775114411,0.300531914893617
6701,0.5064311425198094,0.05210970820196696,0.23818429049616383,0.30106382978723406
6702,0.41727378790643344,0.10888595743694589,0.2424291590396598,0.300531914893617
6703,0.28816930687537595,0.15425510636900666,0.2509188961266518,0.28936170212765955
6704,0.17100554298003853,0.20740182368942073,0.2971407980447192,0.29840425531914894
6705,0.07149956684903853,0.22140144678845664,0.33628791905696004,0.2872340425531915
6706,0.0034736631667549086,0.19780948934378503,0.41646876932299537,0.27872340425531916
6707,0.0,0.18666164132047866,0.43627815585931,0.2968085106382979
6708,0.0,0.1529588449709478,0.37260512770687015,0.3122340425531915
6709,0.0,0.11355249846995785,0.3042155789505459,0.27925531914893614
6710,0.0,0.10707119147966346,0.28629280065578505,0.275
6711,0.0,0.1205523100194758,0.2542204605493709,0.27872340425531916
6712,0.0,0.11692277810491095,0.2433724631604367,0.29840425531914894
6713,0.0,0.09177530698256868,0.24384411522082516,0.2904255319148936
6714,0.0,0.0829607294757683,0.21224342717479946,0.29148936170212764
6715,0.0,0.0720721337320737,0.2051686462689728,0.3101063829787234
6716,0.0,0.05470223099808472,0.20422534214819593,0.29414893617021276
6717,0.0002171039479221818,0.04070260789904882,0.20328203802741904,0.30638297872340425
6718,0.014184124597582544,0.048739428567013875,0.20752690657091502,0.325
6719,0.12302557048923635,0.04614690577089611,0.21318673129557633,0.43138297872340425
6720,0.2720312467464938,0.038628589662154614,0.2051686462689728,0.5675531914893617
6721,0.37472141411368576,0.027480741638848248,0.17828447882683154,0.7223404255319149
6722,0.4400697024382625,0.03111027355341311,0.17686952264566622,0.7601063829787233
6723,0.4857338994845614,0.11562651670685206,0.1820576953099391,0.775
6724,0.5067206144503723,0.22554948326224505,0.18064273912877377,0.7824468085106383
6725,0.47704974156767416,0.3059176899418956,0.18583091179304664,0.8079787234042554
6726,0.4014975676907549,0.48194998779829146,0.18300099943071596,0.8180851063829787
6727,0.2852745875697469,0.5610219330798831,0.21695994777868388,0.8563829787234043
6728,0.1603674495318516,0.5936877203109668,0.2443157672812136,0.9063829787234042
6729,0.06324961682799563,0.5983542613439788,0.24667402758315582,0.8962765957446809
6730,0.0018091995660181816,0.6219462187886504,0.2697849785421895,0.8792553191489362
6731,0.0,0.639834626081863,0.2740298470856855,0.8558510638297873
6732,0.0,0.6323163099731215,0.27544480326685084,0.8670212765957447
6733,0.0,0.6123538844430148,0.2551637646701478,0.8617021276595744
6734,0.0,0.6102798662061205,0.24667402758315582,0.823936170212766
6735,0.0,0.5882434224391195,0.2443157672812136,0.7957446808510639
6736,0.0,0.590058188396402,0.24007089873771761,0.6430851063829788
6737,0.0,0.5864286564818372,0.21082847099363414,0.4351063829787234
6738,0.0,0.6032800546566026,0.20564029832936126,0.3382978723404255
6739,0.0,0.5910951975148491,0.19715056124236927,0.28404255319148936
6740,0.0,0.617798182314862,0.19149073651770795,0.2797872340425532
6741,0.0005065758784850909,0.6354273373284628,0.20281038596703058,0.2835106382978723
6742,0.011434141257234909,0.6017245409789319,0.20799855863130345,0.35851063829787233
6743,0.09545336910311926,0.5654292218332833,0.20045212566508838,0.42819148936170215
6744,0.23403805586011198,0.5856508996430018,0.20233873390664214,0.548936170212766
6745,0.36755698383225377,0.609761361646897,0.18488760767226975,0.7680851063829788
6746,0.4440499414835025,0.6382791124041923,0.18488760767226975,0.8095744680851064
6747,0.47741158148087776,0.6610933130100286,0.17686952264566622,0.8117021276595745
6748,0.4790760450816145,0.6691301336779937,0.16602152525673203,0.8122340425531915
6749,0.45866827397692944,0.6789817203032411,0.2070552545105266,0.8356382978723405
6750,0.3970107527670298,0.6820927476585824,0.22403472868451055,0.8186170212765957
6751,0.29504426522624505,0.6413901397595336,0.23912759461694072,0.8664893617021276
6752,0.1720186947370087,0.4267292522409832,0.26365350175713975,0.9601063829787234
6753,0.04320368563651418,0.6981663889945126,0.3339296587550178,0.8031914893617021
6754,0.0007236798264072727,0.6909073251653829,0.3339296587550178,0.7930851063829787
6755,0.0,0.6865000364119827,0.25563541673053625,0.8031914893617021
6756,0.0,0.6807964862605236,0.25610706879092465,0.799468085106383
6757,0.0,0.6730189178721703,0.2433724631604367,0.801063829787234
6758,0.0,0.6520194832236165,0.22403472868451055,0.7590425531914894
6759,0.0,0.6188351914333091,0.20894186275208035,0.7170212765957447
6760,0.0,0.5576516534449301,0.1943206488800386,0.5531914893617021
6761,0.0,0.5058011975225748,0.19667890918198083,0.349468085106383
6762,0.0,0.49672736773616266,0.21130012305402257,0.24521276595744682
6763,0.0,0.5076159634798573,0.2070552545105266,0.2074468085106383
6764,0.0,0.5462445531420119,0.20658360245013813,0.2154255319148936
6765,0.0005065758784850909,0.5812436108896016,0.20799855863130345,0.20319148936170212
6766,0.014618332493426908,0.5895396838371785,0.2051686462689728,0.22180851063829787
6767,0.12353214636772145,0.5905766929556255,0.18583091179304664,0.3414893617021277
6768,0.2866495792399207,0.6092428570876735,0.22214812044295676,0.4797872340425532
6769,0.4014975676907549,0.6442419148352632,0.24290081110004827,0.6611702127659574
6770,0.4509248998343716,0.6616118175692521,0.23959924667732915,0.7031914893617022
6771,0.48660231527625014,0.6629080789673111,0.25186220024742867,0.7585106382978724
6772,0.48197076438724357,0.6577230333750755,0.21130012305402257,0.8132978723404255
6773,0.4538919871226414,0.6587600424935226,0.21224342717479946,0.7957446808510639
6774,0.38608318738827996,0.6719819087537232,0.2061119503897497,0.799468085106383
6775,0.2797746208890516,0.6950553616391713,0.22827959722800653,0.8335106382978723
6776,0.15356485916362325,0.7004996595110186,0.23252446577150251,0.8872340425531915
6777,0.03524320754603418,0.6916850820042182,0.3207234010641414,0.874468085106383
6778,0.0005789438611258182,0.6789817203032411,0.37449173594842394,0.9
6779,0.0,0.6763891975071233,0.37024686740492796,0.8813829787234042
6780,0.0,0.6800187294216883,0.3711901715257048,0.8691489361702127
6781,0.0,0.6795002248624646,0.349022524687448,0.874468085106383
6782,0.0,0.6621303221284757,0.27638810738762776,0.848404255319149
6783,0.0,0.6569452765362402,0.26554010999869354,0.7914893617021277
6784,0.0,0.6605748084508051,0.26695506617985887,0.6484042553191489
6785,0.0,0.6569452765362402,0.25610706879092465,0.4351063829787234
6786,0.0,0.6595377993323579,0.2334677698922794,0.32074468085106383
6787,0.0,0.6670561154410994,0.23252446577150251,0.3101063829787234
6788,0.0,0.6667968631614877,0.23299611783189095,0.3090425531914894
6789,0.0007236798264072727,0.6691301336779937,0.23205281371111408,0.29521276595744683
6790,0.014907804423989817,0.6582415379342991,0.24950393994548647,0.30372340425531913
6791,0.11904533144399636,0.6587600424935226,0.26931332648180106,0.29308510638297874
6792,0.2838272279169323,0.6823519999381942,0.2966691459843308,0.2872340425531915
6793,0.40916857385067196,0.7041291914255834,0.30704549131287656,0.2898936170212766
6794,0.48189839640460286,0.7067217142217012,0.3108187077959841,0.2936170212765957
6795,0.5125100530616306,0.7038699391459716,0.3051588830713228,0.3047872340425532
6796,0.5033193192662582,0.7025736777479128,0.2707282826629664,0.2845744680851064
6797,0.4782799972725665,0.7038699391459716,0.26554010999869354,0.3079787234042553
6798,0.4106883014861272,0.697647884435289,0.26789837030063574,0.30159574468085104
6799,0.28889298670178326,0.6989441458333479,0.2726148909045202,0.30638297872340425
6800,0.1489333082746167,0.6979071367149008,0.30751714337326497,0.300531914893617
6801,0.03046692069174618,0.6914258297246064,0.4480694573690211,0.30106382978723406
6802,0.0004342078958443636,0.684944522734312,0.48061344953582363,0.2877659574468085
6803,0.0,0.6639450880857581,0.49570631546825383,0.298936170212766
6804,0.0,0.6341310759304039,0.4678788439053357,0.3026595744680851
6805,0.0,0.6216869665090387,0.31695018458103386,0.2978723404255319
6806,0.0,0.6289460303381684,0.25374880848898246,0.28882978723404257
6807,0.0,0.6387976169634159,0.22403472868451055,0.29148936170212764
6808,0.0,0.6455381762333221,0.1952639530008155,0.30106382978723406
6809,0.0,0.6432049057168161,0.19101908445731952,0.2781914893617021
6810,0.0,0.6377606078449688,0.19290569269887328,0.3170212765957447
6811,0.0,0.6455381762333221,0.19101908445731952,0.29627659574468085
6812,0.0,0.627131264380886,0.1919623885780964,0.30425531914893617
6813,0.00036183991320363633,0.6139093981206853,0.19149073651770795,0.3026595744680851
6814,0.01295386889269018,0.5973172522255318,0.1952639530008155,0.3148936170212766
6815,0.13062420866651273,0.6061318297323322,0.17262465410217023,0.451063829787234
6816,0.27861673316679997,0.5952432339886375,0.17403961028333556,0.5707446808510638
6817,0.40786595016313887,0.6037985592158261,0.16554987319634357,0.7196808510638298
6818,0.4928259617833527,0.628168273499333,0.18347265149110442,0.8058510638297872
6819,0.5392138386560589,0.6551305105789578,0.24384411522082516,0.8351063829787234
6820,0.5194573793951404,0.6787224680236293,0.2641251538175282,0.8452127659574468
6821,0.42103692300375123,0.6911665774449947,0.28676445271617346,0.8175531914893617
6822,0.30756392622309087,0.6909073251653829,0.32449661754724896,0.8164893617021277
6823,0.2285380891794167,0.6958331184780066,0.3221383572453067,0.847872340425532
6824,0.12150584285378108,0.6958331184780066,0.39760268690745765,0.9095744680851063
6825,0.025184057958973088,0.6877962978100415,0.4702371042072779,0.9053191489361702
6826,0.0004342078958443636,0.6719819087537232,0.4202419858061029,0.9042553191489362
6827,0.0,0.6665376108818759,0.3197800969433645,0.9037234042553192
6828,0.0,0.6644635926449817,0.31506357633948007,0.8845744680851064
6829,0.0,0.6476121944702162,0.3065738392524881,0.9026595744680851
6830,0.0,0.629464534897392,0.3089320995544303,0.8734042553191489
6831,0.0,0.610798370765344,0.29855575422588454,0.8154255319148936
6832,0.0,0.5944654771498022,0.30563053513171123,0.6510638297872341
6833,0.0,0.5597256716818242,0.30798879543365343,0.43829787234042555
6834,0.0,0.5109862431148103,0.30704549131287656,0.32978723404255317
6835,0.0,0.45939503947206695,0.3009140145278268,0.29202127659574467
6836,0.0,0.4205071975303005,0.3089320995544303,0.3069148936170213
6837,0.0002171039479221818,0.3787675805128046,0.34619261232511733,0.28617021276595744
6838,0.014401228545504727,0.3188803039224844,0.35751226177443995,0.29627659574468085
6839,0.12570318584694326,0.33313917930113207,0.28865106095772725,0.33617021276595743
6840,0.287373259066328,0.37539730087785156,0.2664834141194704,0.3851063829787234
6841,0.41604353220154106,0.43554382974778355,0.24195750697927138,0.3882978723404255
6842,0.5094705977907199,0.48091297867984434,0.2358260301942216,0.40691489361702127
6843,0.5502861400000901,0.49594961089732736,0.22875124928839496,0.40585106382978725
6844,0.5493453562257606,0.5283561458487993,0.22875124928839496,0.3925531914893617
6845,0.512654789026912,0.5384669847536586,0.22733629310722964,0.39361702127659576
6846,0.42508953003163197,0.564651464994448,0.24195750697927138,0.38138297872340426
6847,0.3102415415807978,0.5713920242643541,0.25988028527403223,0.41117021276595744
6848,0.17563709386904508,0.5773548266954249,0.31364862015831474,0.400531914893617
6849,0.04110501413993309,0.5827991245672722,0.3598705220763822,0.40425531914893614
6850,0.0004342078958443636,0.5869471610410607,0.37071851946531637,0.40372340425531916
6851,0.0,0.5620589421983302,0.37920825655230833,0.399468085106383
6852,0.0,0.512541756792481,0.3961877307262923,0.40585106382978725
6853,0.0,0.49983839509150396,0.3787366044919199,0.40372340425531916
6854,0.0,0.4876535379497505,0.32308166136608363,0.3946808510638298
6855,0.0,0.4461731732118664,0.31930844488297605,0.3952127659574468
6856,0.0,0.400285519720582,0.2565787208513131,0.3702127659574468
6857,0.0,0.33884272945259114,0.23535437813383317,0.32553191489361705
6858,0.0,0.2872515258098477,0.24195750697927138,0.30531914893617024
6859,0.0,0.2851775075729535,0.2424291590396598,0.2845744680851064
6860,0.0,0.264955829763235,0.25799367703247844,0.28085106382978725
6861,0.0002171039479221818,0.23540106988749254,0.28817940889733884,0.28404255319148936
6862,0.012809132927408725,0.2045500486136912,0.2825195841726775,0.2691489361702128
6863,0.1220847867149069,0.19651322794572615,0.2528055043682056,0.2696808510638298
6864,0.29048508231987924,0.19755023706417327,0.20988516687285724,0.29521276595744683
6865,0.42689872959765013,0.18380986624474913,0.1386657057542023,0.27925531914893614
6866,0.5133784688533193,0.18251360484669024,0.1264027521841028,0.2968085106382979
6867,0.5567268904551148,0.1628104315961953,0.124516143942549,0.28085106382978725
6868,0.5591150338822588,0.17032874770493678,0.12404449188216057,0.29095744680851066
6869,0.5139574127144451,0.17032874770493678,0.12357283982177213,0.2867021276595745
6870,0.41597116421890035,0.185106127642808,0.15234361550546716,0.2936170212765957
6871,0.29135349811156797,0.23825284496322208,0.20139542978586525,0.2904255319148936
6872,0.14640042888219126,0.28180722793800045,0.30940375161481876,0.3101063829787234
6873,0.035532679476597086,0.2906218054448008,0.34383435202317514,0.3159574468085106
6874,0.0002894719305629091,0.2434378905554576,0.4136388569606647,0.2734042553191489
6875,0.0,0.22969751973603347,0.41316720490027625,0.2925531914893617
6876,0.0,0.20377229177485587,0.3773216483107546,0.31648936170212766
6877,0.0,0.18692089360009045,0.3485508726270595,0.29521276595744683
6878,0.0,0.19625397566611438,0.2433724631604367,0.2925531914893617
6879,0.0,0.19003192095543175,0.21790325189946078,0.30531914893617024
6880,0.0,0.15218108813211248,0.2018670818462537,0.29095744680851066
6881,0.0,0.14025548326997078,0.16554987319634357,0.30106382978723406
6882,0.0,0.12677436473015843,0.1438538784184752,0.2957446808510638
6883,0.0,0.10499717324276925,0.14008066193536764,0.28138297872340423
6884,0.0,0.08788652278839204,0.14055231399575607,0.31117021276595747
6885,0.0002171039479221818,0.07310914285052081,0.14055231399575607,0.29414893617021276
6886,0.012736764944768,0.05833176291264958,0.1429105742976983,0.2898936170212766
6887,0.11513746038139708,0.0279992461980718,0.17262465410217023,0.40797872340425534
6888,0.2748535980694822,0.027480741638848248,0.17922778294760844,0.5606382978723404
6889,0.3944055053919636,0.019962425530106746,0.16507822113595513,0.7734042553191489
6890,0.47951025297745886,0.015036632217483003,0.20847021069169192,0.7962765957446809
6891,0.5275625934509017,0.027480741638848248,0.23158116165072562,0.7957446808510639
6892,0.5299507368780457,0.04536914893206079,0.26129524145519756,0.8132978723404255
6893,0.48906282668603485,0.06947961093595595,0.32261000930569517,0.8122340425531915
6894,0.41256986903478615,0.1195153009010287,0.5730572533719586,0.8159574468085107
6895,0.2739128142951527,0.18018033433018427,0.6890836602275155,0.8659574468085106
6896,0.1401767823750887,0.22477172642340973,0.7159678276696568,0.8936170212765957
6897,0.02938140095213527,0.22684574466030394,0.6570113201211014,0.8925531914893617
6898,0.00014473596528145454,0.20973509420592673,0.5985264646329345,0.8898936170212766
6899,0.0,0.17421753189911343,0.3424193958420098,0.8962765957446809
6900,0.0,0.11821903950296982,0.2697849785421895,0.8904255319148936
6901,0.0,0.07440540424857969,0.24290081110004827,0.8813829787234042
6902,0.0,0.05340596960002584,0.28817940889733884,0.8803191489361702
6903,0.0,0.032925039510695545,0.24950393994548647,0.7803191489361702
6904,0.0,0.04355438297477836,0.24714567964354425,0.6696808510638298
6905,0.0,0.04355438297477836,0.220261512201403,0.43457446808510636
6906,0.0,0.05159120364274341,0.19667890918198083,0.33297872340425533
6907,0.0,0.09125680242334512,0.1462121387204174,0.3101063829787234
6908,0.0,0.10370091184471036,0.13583579339187166,0.30851063829787234
6909,0.0002171039479221818,0.09825661397286307,0.12593110012371433,0.3180851063829787
6910,0.010493357482905454,0.08814577506800382,0.1221578836406068,0.30851063829787234
6911,0.09031524233562763,0.06118353798837912,0.12498779600293745,0.38138297872340426
6912,0.22716309750924288,0.05366522187963762,0.13913735781459075,0.5696808510638298
6913,0.3476557886060538,0.040443355619437044,0.10612171358739973,0.7707446808510638
6914,0.4467275568412094,0.038369337382542834,0.10093354092312685,0.8101063829787234
6915,0.4809576126302734,0.05936877203109669,0.22450638074489898,0.8117021276595745
6916,0.466484016102128,0.0829607294757683,0.18064273912877377,0.7962765957446809
6917,0.4076488462152167,0.11458950758840496,0.2976124501051077,0.801063829787234
6918,0.3068402463966836,0.1970317325049497,0.4428812847047482,0.7718085106382979
6919,0.19040016232775345,0.2644373252040114,0.4579741506371784,0.8079787234042554
6920,0.088361306804328,0.342472261367156,0.49900787989097295,0.8611702127659574
6921,0.01961172329563709,0.4166184133361239,0.4886315345624272,0.8803191489361702
6922,0.0002171039479221818,0.40728533127009997,0.4579741506371784,0.8760638297872341
6923,0.0,0.3619161823380392,0.2957258418635539,0.8867021276595745
6924,0.0,0.32225058355743746,0.2433724631604367,0.8904255319148936
6925,0.0,0.27947395742149445,0.18300099943071596,0.898936170212766
6926,0.0,0.19340220059038485,0.18064273912877377,0.8654255319148936
6927,0.0,0.1444035197437592,0.1867742159138235,0.7941489361702128
6928,0.0,0.139996230990359,0.1919623885780964,0.6680851063829787
6929,0.0,0.17914332521173718,0.19243404063848485,0.45904255319148934
6930,0.0,0.20221677809718522,0.18158604324955063,0.3776595744680851
6931,0.0,0.24603041335157536,0.14762709490158274,0.3696808510638298
6932,0.0,0.28595526441178887,0.11744136303672237,0.399468085106383
6933,0.00014473596528145454,0.2789554528622709,0.12027127539905302,0.5207446808510638
6934,0.015486748285115636,0.2779184437438238,0.12074292745944147,0.7707446808510638
6935,0.10927565378749818,0.28077021881955333,0.1353641413314832,0.8340425531914893
6936,0.23403805586011198,0.282325732497224,0.11083823419128416,0.8781914893617021
6937,0.3533004912520305,0.30747320361956626,0.09527371619846553,0.8579787234042553
6938,0.4398525984903403,0.34376852276521486,0.09574536825885398,0.8590425531914894
6939,0.4616353612651992,0.3930264558914523,0.12027127539905302,0.7526595744680851
6940,0.45056305992116796,0.4759871853672206,0.09102884765496955,0.675531914893617
6941,0.43645130330622617,0.5465038054216237,0.12498779600293745,0.7031914893617022
6942,0.34780052457133526,0.6063910820119439,0.14998535520352493,0.8372340425531914
6943,0.22484732206473962,0.6771669543459587,0.1636632649547898,0.8553191489361702
6944,0.10898618185693526,0.7036106868663599,0.26129524145519756,0.8723404255319149
6945,0.018670939521307633,0.6979071367149008,0.34006113554006756,0.85
6946,0.0002171039479221818,0.654871258299346,0.3730767797672586,0.8648936170212767
6947,0.0,0.627131264380886,0.266011762059082,0.8622340425531915
6948,0.0,0.6364643464469099,0.23441107401305628,0.8579787234042553
6949,0.0,0.6263535075420507,0.1867742159138235,0.8569148936170212
6950,0.0,0.5999097750216494,0.15328691962624405,0.8691489361702127
6951,0.0,0.5602441762410477,0.1419672701769214,0.8101063829787234
6952,0.0,0.5104677385555868,0.1212145795198299,0.6718085106382978
6953,0.0,0.4632838236662436,0.11696971097633392,0.41329787234042553
6954,0.0,0.4028780425166998,0.11649805891594547,0.36861702127659574
6955,0.0,0.3282133859885083,0.12074292745944147,0.3819148936170213
6956,0.0,0.3380649726137558,0.11744136303672237,0.40691489361702127
6957,0.00014473596528145454,0.3069546990603427,0.11413979861400327,0.551063829787234
6958,0.010203885552342544,0.2335863039302101,0.09951858474196153,0.8228723404255319
6959,0.09161786602316072,0.18251360484669024,0.1113098862516726,0.875
6960,0.23577488744348943,0.16229192703697173,0.1438538784184752,0.8718085106382979
6961,0.36509647242246906,0.15140333129327713,0.1386657057542023,0.8627659574468085
6962,0.44658282087592793,0.16203267475735994,0.14479718253925208,0.8627659574468085
6963,0.48609573939776507,0.1755137932971723,0.18158604324955063,0.7569148936170212
6964,0.4906549223041309,0.18562463220203157,0.22073316426179143,0.7021276595744681
6965,0.4491157002683534,0.20973509420592673,0.3028006227693806,0.7446808510638298
6966,0.36748461584961306,0.24680817019041068,0.2910093212596695,0.8292553191489361
6967,0.25307083529462326,0.337805720334144,0.35326739323094397,0.848404255319149
6968,0.12150584285378108,0.41480364737884146,0.432033287315814,0.8680851063829788
6969,0.017874891712259634,0.43684009114584244,0.5310802199973871,0.8611702127659574
6970,0.00014473596528145454,0.4186924315730181,0.6093744620218686,0.8734042553191489
6971,0.0,0.34428702732443844,0.6079595058407034,0.8659574468085106
6972,0.0,0.2691038662370234,0.5603226477414706,0.8632978723404255
6973,0.0,0.2131053738408798,0.4527859779729055,0.8787234042553191
6974,0.0,0.18432837080397269,0.28676445271617346,0.8808510638297873
6975,0.0,0.15010706989521827,0.1801710870683853,0.8265957446808511
6976,0.0,0.10292315500587504,0.24007089873771761,0.6973404255319149
6977,0.0,0.05340596960002584,0.18535925973265818,0.3973404255319149
6978,0.0,0.025665975681565815,0.13913735781459075,0.3648936170212766
6979,0.0,0.025665975681565815,0.1429105742976983,0.36914893617021277
6980,0.0,0.024369714283506937,0.12074292745944147,0.4377659574468085
6981,0.00014473596528145454,0.03162877811263666,0.10423510534584596,0.5606382978723404
6982,0.011578877222516363,0.03940634650098994,0.09904693268157308,0.8159574468085107
6983,0.10522304675961744,0.034739805467977974,0.0839540667491429,0.875531914893617
6984,0.24597877299583198,0.032925039510695545,0.09857528062118463,0.8585106382978723
6985,0.35626757854030033,0.02670298480001292,0.09291545589652332,0.901595744680851
6986,0.4512143717649345,0.01970317325049497,0.08442571880953134,0.8659574468085106
6987,0.5067929824330131,0.01970317325049497,0.10376345328545751,0.7702127659574468
6988,0.523509986423021,0.020740182368942074,0.1363074454522601,0.6723404255319149
6989,0.5015824876828807,0.03577681458642508,0.20092377772547682,0.7015957446808511
6990,0.40815542209370176,0.06170204254760267,0.2226197725033452,0.8122340425531915
6991,0.2863601073093578,0.07751643160392101,0.42260024610804514,0.8457446808510638
6992,0.14393991747240653,0.0720721337320737,0.5131574417026262,0.8489361702127659
6993,0.023736698306158543,0.06870185409712062,0.552304562714867,0.8468085106382979
6994,0.0002171039479221818,0.06740559269906174,0.6140909826257531,0.8521276595744681
6995,0.0,0.050813446803908084,0.6301271526789601,0.8558510638297873
6996,0.0,0.0419988692971077,0.5494746503525364,0.8308510638297872
6997,0.0,0.02592522796117759,0.31364862015831474,0.8425531914893617
6998,0.0,0.027480741638848248,0.20045212566508838,0.851063829787234
6999,0.0,0.037332328264095736,0.17403961028333556,0.8313829787234043
7000,0.0,0.058850267471873136,0.18300099943071596,0.6632978723404256
7001,0.0,0.07284989057090903,0.18252934737032753,0.42819148936170215
7002,0.0,0.08736801822916848,0.12734605630487966,0.350531914893617
7003,0.0,0.0785534407223681,0.11225319037244949,0.33191489361702126
7004,0.0,0.06818334953789706,0.12262953570099525,0.3484042553191489
7005,0.00014473596528145454,0.06429456534372043,0.12310118776138368,0.3553191489361702
7006,0.008611789934246545,0.0795904498408152,0.10942327801011884,0.3648936170212766
7007,0.0950191612072749,0.06533157446216753,0.09810362856079619,0.39148936170212767
7008,0.23852487078383708,0.05833176291264958,0.0905571955945811,0.3792553191489362
7009,0.3602478175855403,0.08581250455149783,0.07452102554137403,0.35212765957446807
7010,0.4604051055603069,0.1337741762796764,0.09197215177574643,0.42021276595744683
7011,0.49593778503690394,0.17188426138260743,0.10423510534584596,0.4026595744680851
7012,0.5036811591794618,0.22347546502535084,0.09668867237963086,0.3281914893617021
7013,0.46358929679649885,0.34506478416327374,0.10329180122506906,0.3569148936170213
7014,0.3933923536349934,0.44539541637303104,0.10470675740623439,0.33404255319148934
7015,0.28122198054186615,0.5218748388585049,0.12074292745944147,0.3547872340425532
7016,0.13417023981590837,0.5833176291264959,0.2952541898031655,0.3920212765957447
7017,0.022868282514469818,0.6460566807925456,0.40892233635678027,0.37872340425531914
7018,0.00036183991320363633,0.6553897628585695,0.3961877307262923,0.37127659574468086
7019,0.0,0.696610875316842,0.38345312509580437,0.39787234042553193
7020,0.0,0.7248693737945254,0.2796896718103468,0.3984042553191489
7021,0.0,0.7383504923343378,0.23158116165072562,0.40106382978723404
7022,0.0,0.7435355379265733,0.16224830877362448,0.3941489361702128
7023,0.0,0.7375727354955025,0.1438538784184752,0.3904255319148936
7024,0.0,0.730054419386761,0.13159092484837567,0.3617021276595745
7025,0.0,0.7375727354955025,0.13347753308992943,0.3292553191489362
7026,0.0,0.7297951671071492,0.1320625769087641,0.2957446808510638
7027,0.0,0.7269433920314197,0.13394918515031787,0.28617021276595744
7028,0.0,0.7235731123964666,0.12781770836526812,0.29095744680851066
7029,0.0007236798264072727,0.7214990941595724,0.12970431660682188,0.29521276595744683
7030,0.008394685986324363,0.7339432035809377,0.12168623158021835,0.2877659574468085
7031,0.08344028398475854,0.7388689968935613,0.10234849710429218,0.3069148936170213
7032,0.21876841152291854,0.7399060060120085,0.10140519298351529,0.3058510638297872
7033,0.33434007980015995,0.7409430151304556,0.09951858474196153,0.29414893617021276
7034,0.42110929098639194,0.7290174102683139,0.11178153831206104,0.2851063829787234
7035,0.44708939675441306,0.7409430151304556,0.11602640685555704,0.27925531914893614
7036,0.45056305992116796,0.7422392765285145,0.11413979861400327,0.30851063829787234
7037,0.4130040769306305,0.7401652582916203,0.12027127539905302,0.2856382978723404
7038,0.3416492460468734,0.7409430151304556,0.1221578836406068,0.2547872340425532
7039,0.23866960674911852,0.7432762856469616,0.10942327801011884,0.24680851063829787
7040,0.12143347487114035,0.7453503038838558,0.15894674435090536,0.31063829787234043
7041,0.020769611017888726,0.734720960419773,0.3259115737284143,0.31117021276595747
7042,0.0002894719305629091,0.7339432035809377,0.41694042138338383,0.3191489361702128
7043,0.0,0.7321284376236552,0.41646876932299537,0.2978723404255319
7044,0.0,0.7396467537323967,0.4141105090210532,0.29627659574468085
7045,0.0,0.7367949786566672,0.26931332648180106,0.32127659574468087
7046,0.0,0.7253878783537491,0.19101908445731952,0.2925531914893617
7047,0.0,0.7074994710605365,0.1754545664645009,0.30319148936170215
7048,0.0,0.695314613918783,0.16649317731712046,0.3079787234042553
7049,0.0,0.684944522734312,0.16602152525673203,0.30159574468085104
7050,0.0,0.6670561154410994,0.1570601361093516,0.30957446808510636
7051,0.0,0.6393161215226394,0.14715544284119428,0.3372340425531915
7052,0.0,0.6004282795808731,0.14762709490158274,0.41702127659574467
7053,0.00036183991320363633,0.5825398722876605,0.14338222635808673,0.5851063829787234
7054,0.009118365812731635,0.5509110941750238,0.13677909751264852,0.8143617021276596
7055,0.0966112568253709,0.5366522187963761,0.1212145795198299,0.8494680851063829
7056,0.24388010149925088,0.5592071671226007,0.1188563192178877,0.8585106382978723
7057,0.3737806303393563,0.6193536959925326,0.10942327801011884,0.8265957446808511
7058,0.4464380849106465,0.6621303221284757,0.10706501770817661,0.8372340425531914
7059,0.48537205957135776,0.6877962978100415,0.09904693268157308,0.7143617021276596
7060,0.4860233714151243,0.6945368570799477,0.09433041207768865,0.6276595744680851
7061,0.4559182906365818,0.7043884437051952,0.09951858474196153,0.6622340425531915
7062,0.3889779066939091,0.7157955440081133,0.10423510534584596,0.8319148936170213
7063,0.2715246708680087,0.7119067598139367,0.14243892223730986,0.8531914893617021
7064,0.13120315252763853,0.7054254528236423,0.27638810738762776,0.8468085106382979
7065,0.02120381891373309,0.6971293798760655,0.30610218719209964,0.8356382978723405
7066,0.00036183991320363633,0.6813149908197471,0.3787366044919199,0.8223404255319149
7067,0.0,0.6434641579964279,0.34194774378162135,0.8281914893617022
7068,0.0,0.6292052826177802,0.23063785752994875,0.8297872340425532
7069,0.0,0.5986135136235906,0.2070552545105266,0.8191489361702128
7070,0.0,0.5470223099808472,0.20752690657091502,0.8457446808510638
7071,0.0,0.46976513065653797,0.1811143911891622,0.8462765957446808
7072,0.0,0.41169262002350016,0.14715544284119428,0.652127659574468
7073,0.0,0.3624346868972627,0.14432553047886362,0.42659574468085104
7074,0.0,0.3263986200312259,0.1429105742976983,0.37872340425531914
7075,0.0,0.3287318905477319,0.14243892223730986,0.3984042553191489
7076,0.0,0.3403982431302618,0.14149561811653297,0.40904255319148936
7077,0.0002171039479221818,0.3556941276273566,0.1419672701769214,0.5680851063829787
7078,0.009480205725935272,0.3777305713943575,0.13819405369381388,0.7952127659574468
7079,0.08040082871384799,0.42906252275748913,0.11979962333866458,0.8159574468085107
7080,0.1927159377722567,0.4749501762487735,0.13772240163342542,0.8351063829787234
7081,0.28759036301425017,0.522911847976952,0.124516143942549,0.8228723404255319
7082,0.4013528317254734,0.5892804315575667,0.1311192727879872,0.8053191489361702
7083,0.47285239857451195,0.674574431549841,0.12828936042565656,0.723404255319149
7084,0.4878325709811425,0.7362764740974436,0.12074292745944147,0.6324468085106383
7085,0.44954990816419776,0.7536463768314327,0.1396090098749792,0.6808510638297872
7086,0.366978039971128,0.7536463768314327,0.15564517992818627,0.8430851063829787
7087,0.24185379798531054,0.6818334953789706,0.25610706879092465,0.8595744680851064
7088,0.1096374937007018,0.7121660120935485,0.4810851015962121,0.8393617021276596
7089,0.01961172329563709,0.7619424497790095,0.4697654521468895,0.8606382978723405
7090,0.0004342078958443636,0.757794413305221,0.506554312857188,0.8132978723404255
7091,0.0,0.7637572157362919,0.427788418772318,0.8111702127659575
7092,0.0,0.7588314224236681,0.23912759461694072,0.8765957446808511
7093,0.0,0.7583129178644445,0.21507333953713012,0.8345744680851064
7094,0.0,0.7443132947654086,0.22214812044295676,0.8558510638297873
7095,0.0,0.7191658236430664,0.19667890918198083,0.8223404255319149
7096,0.0,0.7108697506954896,0.20233873390664214,0.6526595744680851
7097,0.0,0.6927220911226653,0.18583091179304664,0.4734042553191489
7098,0.0,0.6569452765362402,0.17639787058527776,0.40585106382978725
7099,0.0,0.5942062248701904,0.1580034402301285,0.4047872340425532
7100,0.0,0.4534322370409961,0.17592621852488932,0.45904255319148934
7101,0.0009407837743294544,0.36995300300600426,0.1636632649547898,0.548936170212766
7102,0.011361773274594181,0.31913955620209616,0.1386657057542023,0.7946808510638298
7103,0.09248628181484944,0.2766221823457649,0.14668379078080584,0.8297872340425532
7104,0.2227486505681585,0.22788275377875103,0.1504570072639134,0.8228723404255319
7105,0.35605047459237815,0.18458762308358445,0.1551735278677978,0.8601063829787234
7106,0.4405762783167476,0.1840691185243609,0.19384899681965018,0.8542553191489362
7107,0.476832637619752,0.18769865043892578,0.216016643657907,0.7563829787234042
7108,0.4766879016544705,0.17940257749134894,0.21554499159751855,0.6893617021276596
7109,0.4381881348896036,0.17862482065251362,0.22875124928839496,0.7265957446808511
7110,0.3634320088217323,0.17940257749134894,0.19667890918198083,0.8425531914893617
7111,0.24170906202002906,0.18043958660979603,0.29195262538044636,0.8606382978723405
7112,0.09103892216203491,0.17473603645833696,0.5310802199973871,0.8648936170212767
7113,0.013894652667019634,0.19029117323504352,0.5556061271375862,0.8627659574468085
7114,0.0004342078958443636,0.17525454101756052,0.5645675162849666,0.8489361702127659
7115,0.0,0.14777379937871227,0.5339101323597177,0.8367021276595744
7116,0.0,0.15114407901366536,0.41835537756454916,0.8515957446808511
7117,0.0,0.16488444983308947,0.36175713031793594,0.8531914893617021
7118,0.0,0.15140333129327713,0.2933675815616117,0.8202127659574469
7119,0.0,0.1508848267340536,0.26695506617985887,0.824468085106383
7120,0.0,0.15010706989521827,0.38250982097502745,0.7090425531914893
7121,0.0,0.142329501506865,0.3240249654868605,0.43617021276595747
7122,0.0,0.13947772643113546,0.39996094720939984,0.40425531914893614
7123,0.0,0.14388501518453564,0.27638810738762776,0.36648936170212765
7124,0.0,0.14362576290492385,0.2608235893948091,0.4148936170212766
7125,0.000796047809048,0.14129249238841787,0.25752202497209,0.5462765957446809
7126,0.010493357482905454,0.1368852036350177,0.25233385230781713,0.801595744680851
7127,0.09646652086008944,0.17629155013600764,0.2377126384357754,0.8622340425531915
7128,0.22354469837720653,0.20843883280786785,0.21884655602023767,0.8579787234042553
7129,0.31791254774071487,0.215179392077774,0.2292229013487834,0.8819148936170212
7130,0.3148007244871636,0.2133646261204916,0.27497315120646243,0.877127659574468
7131,0.32529408197006904,0.2055870577321383,0.28063297593112374,0.7132978723404255
7132,0.34063609428990327,0.2055870577321383,0.24007089873771761,0.7095744680851064
7133,0.3163204521226189,0.19651322794572615,0.24007089873771761,0.750531914893617
7134,0.24728139668336507,0.20247603037679698,0.20799855863130345,0.8196808510638298
7135,0.16514373638613963,0.2086980850874796,0.22733629310722964,0.8643617021276596
7136,0.0695456313177389,0.19910575074184392,0.3254399216680258,0.8861702127659574
7137,0.011217037309312726,0.18925416411659643,0.4461828491274673,0.8840425531914894
7138,0.0002894719305629091,0.20299453493602054,0.3806232127334737,0.8664893617021276
7139,0.0,0.21180911244282094,0.23818429049616383,0.8579787234042553
7140,0.0,0.2089573373670914,0.17828447882683154,0.850531914893617
7141,0.0,0.18484687536319624,0.15092865932430183,0.8489361702127659
7142,0.0,0.17499528873794876,0.1438538784184752,0.8265957446808511
7143,0.0,0.16721772034959548,0.1495137031431365,0.872872340425532
7144,0.0,0.18121734344863136,0.16837978555867422,0.6925531914893617
7145,0.0,0.17836556837290182,0.1943206488800386,0.44468085106382976
7146,0.0,0.16877323402726613,0.18630256385343508,0.39148936170212767
7147,0.0,0.16566220667192483,0.2136583833559648,0.3696808510638298
7148,0.0,0.18484687536319624,0.1570601361093516,0.41382978723404257
7149,0.00014473596528145454,0.25743751365449347,0.1353641413314832,0.5441489361702128
7150,0.008611789934246545,0.3287318905477319,0.11979962333866458,0.8095744680851064
7151,0.08988103443978326,0.3831748692662048,0.12404449188216057,0.8521276595744681
7152,0.20451191894269524,0.43243280239244225,0.1495137031431365,0.8675531914893617
7153,0.28216276431619564,0.4443584072545839,0.16837978555867422,0.8494680851063829
7154,0.35395180309579705,0.4790982127225619,0.17168134998139334,0.8569148936170212
7155,0.4187935155418887,0.5169490455458812,0.21695994777868388,0.7617021276595745
7156,0.41256986903478615,0.5571331488857064,0.2452590714019905,0.7111702127659575
7157,0.36849776760658326,0.5581701580041536,0.2815762800519006,0.7212765957446808
7158,0.3229783065255658,0.5490963282177415,0.2589369811532553,0.8632978723404255
7159,0.21044609351923488,0.5249858662138462,0.3240249654868605,0.8845744680851064
7160,0.11065064545767199,0.4682096169788673,0.45750249857678993,0.9069148936170213
7161,0.018670939521307633,0.3930264558914523,0.5291936117558333,0.8872340425531915
7162,0.0002171039479221818,0.3346946929788027,0.5447581297486519,0.8675531914893617
7163,0.0,0.28491825529334175,0.51504404994418,0.8659574468085106
7164,0.0,0.24680817019041068,0.35939887001599374,0.8686170212765958
7165,0.0,0.22477172642340973,0.24761733170393269,0.850531914893617
7166,0.0,0.17862482065251362,0.21884655602023767,0.8345744680851064
7167,0.0,0.15244034041172425,0.21507333953713012,0.8164893617021277
7168,0.0,0.12262632825637002,0.2183749039598492,0.6803191489361702
7169,0.0,0.1407739878291943,0.23488272607344474,0.45159574468085106
7170,0.0,0.1679954771884308,0.21884655602023767,0.39574468085106385
7171,0.0,0.17266201822144275,0.20752690657091502,0.40904255319148936
7172,0.0,0.16540295439231303,0.2051686462689728,0.4106382978723404
7173,0.0,0.14336651062531208,0.2051686462689728,0.4553191489361702
7174,0.005572334663336,0.1065526869204399,0.21507333953713012,0.449468085106383
7175,0.06802590368228363,0.08010895440003876,0.174511262343724,0.4372340425531915
7176,0.16782135174384652,0.09177530698256868,0.1811143911891622,0.43563829787234043
7177,0.2666036480484392,0.11381175074956963,0.19903716948392305,0.4196808510638298
7178,0.35735309827991124,0.14595903342142985,0.16602152525673203,0.4117021276595745
7179,0.37349115840879343,0.17914332521173718,0.16932308967945112,0.4074468085106383
7180,0.38391214790905814,0.1959947233865026,0.17073804586061644,0.4106382978723404
7181,0.37334642244351196,0.1895134163962082,0.1778128267664431,0.41329787234042553
7182,0.3037284231431323,0.21595714891660933,0.20328203802741904,0.4271276595744681
7183,0.1969132807654189,0.21673490575544468,0.3622287823783244,0.48351063829787233
7184,0.0838744918806029,0.22217920362729196,0.523533787031172,0.46861702127659577
7185,0.01085519739610909,0.20429079633407943,0.5749438616135123,0.4627659574468085
7186,0.0002894719305629091,0.18666164132047866,0.5400416091447675,0.47393617021276596
7187,0.0,0.20325378721563234,0.2900660171388926,0.475
7188,0.0,0.13144090576317038,0.26884167442141266,0.4563829787234043
7189,0.0,0.10136764132820439,0.27308654296490864,0.4553191489361702
7190,0.0,0.11225623707189898,0.2452590714019905,0.48138297872340424
7191,0.0,0.09773810941363953,0.22450638074489898,0.46914893617021275
7192,0.0,0.04562840121167256,0.20799855863130345,0.4521276595744681
7193,0.0,0.018406911852436092,0.19620725712159237,0.4026595744680851
7194,0.0,0.017369902733988987,0.18913247621576573,0.36648936170212765
7195,0.0,0.0279992461980718,0.20281038596703058,0.3797872340425532
7196,0.0,0.03966559878060172,0.1919623885780964,0.3781914893617021
7197,0.0,0.04173961701749592,0.17734117470605465,0.36223404255319147
7198,0.006585486420306181,0.03525831002720153,0.1636632649547898,0.3579787234042553
7199,0.06932852736981672,0.03577681458642508,0.1570601361093516,0.3617021276595745
7200,0.18099232458445888,0.027739993918460024,0.16130500465284758,0.3569148936170213
7201,0.25683397039194106,0.02099943464855385,0.16507822113595513,0.35851063829787233
7202,0.3046692069174618,0.038887841941766386,0.17969943500799687,0.3574468085106383
7203,0.33513612760920797,0.0795904498408152,0.2452590714019905,0.3861702127659574
7204,0.33651111927938177,0.1506255744544418,0.261766893515586,0.3829787234042553
7205,0.3221822587165178,0.23332705165059833,0.24714567964354425,0.3537234042553192
7206,0.2991692402367665,0.314732267448696,0.25186220024742867,0.38563829787234044
7207,0.19575539304316725,0.37669356227591044,0.28204793211228907,0.3675531914893617
7208,0.09762440858234109,0.4181739270137946,0.4773118851131046,0.40585106382978725
7209,0.016138060128882182,0.45628401211672565,0.5556061271375862,0.4
7210,0.0002894719305629091,0.47287615801187927,0.5721139492511816,0.4015957446808511
7211,0.0,0.5120232522332574,0.5763588177946777,0.3659574468085106
7212,0.0,0.5617996899187184,0.5806036863381736,0.37553191489361704
7213,0.0,0.5752808084585308,0.5551344750771977,0.36648936170212765
7214,0.0,0.5493555804973532,0.3122336639771494,0.37340425531914895
7215,0.0,0.5555776352080358,0.2499755920058749,0.3473404255319149
7216,0.0,0.6071688388507792,0.21884655602023767,0.3851063829787234
7217,0.0,0.612094632163403,0.19809386536314616,0.3728723404255319
7218,0.0,0.6006875318604848,0.19243404063848485,0.3728723404255319
7219,0.0,0.5916137020740727,0.18158604324955063,0.38138297872340426
7220,0.0,0.6102798662061205,0.170266393800228,0.45053191489361705
7221,0.0,0.6082058479692263,0.1679081334982858,0.5606382978723404
7222,0.006151278524461817,0.6115761276041795,0.15658848404896314,0.7585106382978724
7223,0.04819707643872436,0.6025022978177672,0.15234361550546716,0.774468085106383
7224,0.1013875436796589,0.6045763160546614,0.18158604324955063,0.7702127659574468
7225,0.17006475920570907,0.6165019209168031,0.17215300204178177,0.7531914893617021
7226,0.22354469837720653,0.6242794893051564,0.1603617005320707,0.7638297872340426
7227,0.22723546549188361,0.6302422917362273,0.1778128267664431,0.6680851063829787
7228,0.26609707216995415,0.6312793008546743,0.25374880848898246,0.47712765957446807
7229,0.2621168331247142,0.6369828510061335,0.2721432388441317,0.5175531914893617
7230,0.2341104238427527,0.6377606078449688,0.3509091329290018,0.627127659574468
7231,0.18533440354290254,0.6393161215226394,0.37449173594842394,0.6617021276595745
7232,0.09921650420043708,0.6413901397595336,0.45325763003329395,0.801595744680851
7233,0.013170972840612362,0.6403531306410866,0.5923949878478847,0.8287234042553191
7234,0.0002894719305629091,0.6380198601245806,0.5782454260362314,0.8835106382978724
7235,0.0,0.6369828510061335,0.6169208949880838,0.9095744680851063
7236,0.0,0.637501355565357,0.6310704567997371,0.9196808510638298
7237,0.0,0.6362050941672981,0.6272972403166295,0.9148936170212766
7238,0.0,0.6636858358061464,0.6206941114711912,0.924468085106383
7239,0.0,0.7028329300275246,0.5419282173863212,0.9207446808510639
7240,0.0,0.697647884435289,0.36128547825754753,0.7101063829787234
7241,0.0,0.7017959209090774,0.3664736509218204,0.4856382978723404
7242,0.0,0.7062032096624776,0.3839247771561928,0.44361702127659575
7243,0.0,0.6600563038915815,0.3891129498204657,0.4574468085106383
7244,0.0,0.6512417263847812,0.4060924239944496,0.449468085106383
7245,0.0,0.6509824741051693,0.3971310348470692,0.5765957446808511
7246,0.002460511409784727,0.6429456534372043,0.399017643088623,0.7425531914893617
7247,0.04870365231720945,0.6439826625556514,0.4117522487191109,0.6148936170212767
7248,0.16485426445557672,0.650204717266334,0.3895846018808541,0.6154255319148936
7249,0.3103862775460792,0.6610933130100286,0.4829717098377659,0.6202127659574468
7250,0.42646452170180577,0.7017959209090774,0.5640958642245781,0.6670212765957447
7251,0.45794459415052213,0.7041291914255834,0.6136193305653647,0.7026595744680851
7252,0.46322745688329525,0.702314425468301,0.602299681116042,0.6829787234042554
7253,0.4304447607470458,0.6937591002411124,0.5928666399082732,0.7069148936170213
7254,0.34230055789063996,0.6947961093595595,0.5947532481498269,0.7398936170212767
7255,0.2256433698737876,0.6958331184780066,0.6343720212224562,0.7877659574468086
7256,0.10703224632563563,0.7017959209090774,0.6791789669593582,0.8675531914893617
7257,0.01881567548658909,0.6986848935537361,0.6136193305653647,0.9287234042553192
7258,0.0004342078958443636,0.702314425468301,0.6211657635315797,0.9622340425531914
7259,0.0,0.7030921823071363,0.6254106320750757,0.9632978723404255
7260,0.0,0.6971293798760655,0.6244673279542988,0.9563829787234043
7261,0.0,0.69194433428383,0.6287121964977949,0.949468085106383
7262,0.0,0.6862407841323709,0.6202224594108029,0.9627659574468085
7263,0.0,0.6862407841323709,0.618335851169249,0.972872340425532
7264,0.0,0.6743151792702292,0.6197508073504144,0.7696808510638298
7265,0.0,0.6460566807925456,0.6164492429276953,0.5223404255319148
7266,0.0,0.6486492035886634,0.6159775908673069,0.49840425531914895
7267,0.0,0.6564267719770166,0.6173925470484722,0.5053191489361702
7268,0.0,0.6473529421906045,0.6103177661426455,0.5281914893617021
7269,0.0,0.6343903282100157,0.5834335987005043,0.6930851063829787
7270,0.008756525899528,0.6356865896080746,0.5773021219154545,0.9430851063829787
7271,0.0735258703629789,0.630501544015839,0.5640958642245781,1.0
7272,0.2070447983351207,0.6315385531342862,0.5334384802993293,0.9696808510638298
7273,0.33991241446349596,0.6354273373284628,0.5334384802993293,0.9813829787234043
7274,0.41466854053136726,0.629464534897392,0.5461730859298173,0.9218085106382978
7275,0.4639511367097025,0.6222054710682622,0.5372116967824369,0.8553191489361702
7276,0.4684379516334276,0.6315385531342862,0.5353250885408831,0.7829787234042553
7277,0.4158987962362596,0.6260942552624389,0.5306085679369986,0.7973404255319149
7278,0.2869390511704836,0.6009467841400966,0.5315518720577755,0.9462765957446808
7279,0.20263035139403635,0.5529851124119181,0.5612659518622475,0.9707446808510638
7280,0.10080859981853309,0.5236896048157874,0.5801320342777851,0.9861702127659574
7281,0.014473596528145453,0.49983839509150396,0.6089028099614802,0.9617021276595744
7282,0.0004342078958443636,0.4370993434254542,0.6282405444374064,0.948936170212766
7283,0.0,0.43009953187593625,0.6287121964977949,0.9478723404255319
7284,0.0,0.4197294406914652,0.6305988047393486,0.95
7285,0.0,0.3995077628817467,0.6291838485581833,0.9542553191489361
7286,0.0,0.3531016048312388,0.619279155290026,0.9473404255319149
7287,0.0,0.31317675377102533,0.6159775908673069,0.9234042553191489
7288,0.0,0.29839937383315407,0.6216374155919682,0.7
7289,0.0,0.26210405468750547,0.6216374155919682,0.5015957446808511
7290,0.0,0.2335863039302101,0.6244673279542988,0.4622340425531915
7291,0.0,0.19755023706417327,0.6291838485581833,0.4627659574468085
7292,0.0,0.1692917385864897,0.6301271526789601,0.4851063829787234
7293,0.0,0.16021790880007752,0.6239956758939104,0.6058510638297873
7294,0.0012302557048923634,0.157366133724348,0.626825588256241,0.8526595744680852
7295,0.004414446941084363,0.16514370211270127,0.6272972403166295,0.9122340425531915
7296,0.021059082948451633,0.15166258357288892,0.6419184541886712,0.8861702127659574
7297,0.03965765448711854,0.14155174466802967,0.635315325343233,0.8861702127659574
7298,0.07396007825882327,0.1337741762796764,0.6452200186113903,0.8042553191489362
7299,0.09045997830090909,0.12470034649326422,0.6489932350944979,0.698404255319149
7300,0.09559810506840072,0.12236707597675824,0.5829619466401158,0.6186170212765958
7301,0.09125602610995709,0.11070072339422832,0.45655919445601306,0.6553191489361702
7302,0.060210161557085085,0.09229381154179223,0.4065640760548381,0.7686170212765957
7303,0.02540116190689527,0.07440540424857969,0.394772774545127,0.8063829787234043
7304,0.007309166246713454,0.0979973616932513,0.377793300371143,0.7755319148936171
7305,0.0022434074618625454,0.11744128266413449,0.37496338800881235,0.7962765957446809
7306,7.236798264072727e-05,0.28569601213217705,0.3603421741367706,0.8101063829787234
7307,0.0,0.2716963890331412,0.35704060971405155,0.8
7308,0.0,0.29451058963897747,0.3542106973517209,0.7925531914893617
7309,0.0,0.3411759999690971,0.35326739323094397,0.8074468085106383
7310,0.0,0.35232384799240346,0.3546823494121093,0.747872340425532
7311,0.0,0.409618601786606,0.35515400147249776,0.7382978723404255
7312,0.0,0.4855795197128563,0.3542106973517209,0.6468085106382979
7313,0.0,0.5208378297400579,0.35373904529133243,0.5276595744680851
7314,0.0,0.5185045592235519,0.35515400147249776,0.4622340425531915
7315,0.0,0.5454667963031765,0.35326739323094397,0.42925531914893617
7316,0.0,0.5488370759381296,0.34760756850628266,0.3313829787234043
7317,0.0,0.562318194477942,0.31364862015831474,0.3478723404255319
7318,0.0014473596528145453,0.5770955744158132,0.3108187077959841,0.548936170212766
7319,0.01773015574697818,0.5778733312546486,0.31176201191676095,0.6186170212765958
7320,0.06175217394812483,0.5561212789491198,0.3186990290758647,0.6212765957446809
7321,0.11912425183713848,0.5071805457391463,0.32247061521877435,0.5771276595744681
7322,0.1870516431800758,0.48193743071505474,0.3201133738794558,0.5712765957446808
7323,0.23149884745204005,0.4824525963277913,0.3186990290758647,0.4877659574468085
7324,0.21412207292245145,0.44020901608339313,0.33708551152254923,0.43138297872340425
7325,0.19272422660089192,0.34232754966344614,0.3856446831125109,0.4297872340425532
7326,0.17541925692473134,0.27664393403953436,0.35028606302273296,0.5904255319148937
7327,0.1297513701444902,0.20812690754557148,0.32812799443313884,0.6138297872340426
7328,0.07345636505689733,0.1730956458794852,0.3696154420051449,0.6170212765957447
7329,0.010339898893639506,0.10895752709378309,0.4337324064346088,0.5898936170212766
7330,0.0002872194137122085,0.05589546898191709,0.44693295793479254,0.5936170212765958
7331,0.0,0.02704619466866956,0.42100330320228874,0.5803191489361702
7332,0.0,0.021379372928567366,0.39413075193405755,0.5792553191489361
7333,0.0,0.04430424269534442,0.4115743378450146,0.5957446808510638
7334,0.0,0.07032010613854085,0.41063144130928725,0.5808510638297872
7335,0.0,0.08912365100342541,0.3639580627907804,0.5563829787234043
7336,0.0,0.10947269270651964,0.3898877175232842,0.4154255319148936
7337,0.0,0.1504283589190764,0.38705902791610197,0.28191489361702127
7338,0.0,0.2094148215774129,0.3856446831125109,0.2781914893617021
7339,0.0,0.2732953575567467,0.371029786808736,0.25
7340,0.0,0.326614998474981,0.36490095932650785,0.2898936170212766
7341,0.0,0.4265571273458742,0.3399142011297315,0.2712765957446808
7342,0.008760192118222359,0.5231506797339798,0.3616008214514619,0.28191489361702127
7343,0.10045498994584492,0.5568940273682247,0.34462868380836853,0.2946808510638298
7344,0.25792303351356327,0.5669397568165877,0.39460220020192127,0.30851063829787234
7345,0.3918390851568805,0.5754399894267409,0.415817372255788,0.31063829787234043
7346,0.4844673460790677,0.6194866493157171,0.4228890962737436,0.30531914893617024
7347,0.5291299649113161,0.6197442321220854,0.4247748893451984,0.30372340425531913
7348,0.5285555260838917,0.6158804900265611,0.3705583385408723,0.30372340425531913
7349,0.49049895376702407,0.623092808604873,0.4059169586306502,0.3313829787234043
7350,0.4044049345067896,0.6220624773793999,0.42006040666656136,0.2957446808510638
7351,0.27788478276656176,0.6107288338991955,0.4266606824166532,0.3026595744680851
7352,0.12343254304282161,0.601971018482674,0.4261892341487895,0.29521276595744683
7353,0.015007214366462894,0.5782734002967921,0.41251723438074206,0.274468085106383
7354,0.00035902426714026065,0.5615305178828537,0.39035916579114793,0.28297872340425534
7355,0.0,0.5690004192675339,0.395073648469785,0.28297872340425534
7356,0.0,0.5674549224293242,0.3983737863448309,0.27180851063829786
7357,0.0,0.5398935621479181,0.3983737863448309,0.27287234042553193
7358,0.0,0.5272720046358723,0.3988452346126946,0.2776595744680851
7359,0.0,0.528817501474082,0.3983737863448309,0.2696808510638298
7360,0.0,0.5329388263759745,0.3993166828805583,0.2776595744680851
7361,0.0,0.5324236607632379,0.3979023380769672,0.2723404255319149
7362,0.0,0.5308781639250283,0.4002595794162857,0.27872340425531916
7363,0.0,0.533453991988711,0.4002595794162857,0.2973404255319149
7364,0.0,0.5357722372460256,0.3988452346126946,0.27393617021276595
7365,0.0,0.5355146544396573,0.39978813114842204,0.2877659574468085
7366,0.008185753290797943,0.5458179666943885,0.4002595794162857,0.26861702127659576
7367,0.09234104150847504,0.5692580020739022,0.3974308898091035,0.26648936170212767
7368,0.2413361123716832,0.594758699904362,0.3809302004338738,0.28297872340425534
7369,0.3896131347006109,0.6011982700635691,0.34981461475486925,0.30531914893617024
7370,0.4856880285873446,0.6073802574164079,0.37574426948737305,0.3393617021276596
7371,0.5248934785590611,0.6104712510928272,0.38375889004105607,0.3175531914893617
7372,0.5297762085921686,0.6192290665093488,0.3889448209875568,0.31382978723404253
7373,0.49660236630840854,0.6261838022812924,0.3913020623268753,0.3101063829787234
7374,0.39995303359425033,0.6364871145360237,0.4007310276841494,0.3101063829787234
7375,0.2652471285632246,0.6326233724404995,0.3993166828805583,0.32659574468085106
7376,0.11632386255344444,0.6339112864723409,0.3804587521660101,0.31170212765957445
7377,0.014935409513034842,0.626698967894029,0.28805489166472387,0.29946808510638295
7378,0.00014360970685610425,0.6207745633475585,0.2875834433968602,0.2898936170212766
7379,0.0,0.616653238445666,0.28569765032540534,0.30638297872340425
7380,0.0,0.5903797921961013,0.2809831676467683,0.300531914893617
7381,0.0,0.5744096582012678,0.2800402711110409,0.28617021276595744
7382,0.0,0.5620456834955903,0.2833404089860868,0.2856382978723404
7383,0.0,0.5496817087899127,0.2833404089860868,0.2781914893617021
7384,0.0,0.5241810109594529,0.28239751245035943,0.2781914893617021
7385,0.0,0.5022864724181489,0.2805117193789046,0.26276595744680853
7386,0.0,0.4837405103596327,0.2809831676467683,0.2851063829787234
7387,0.0,0.46905829039664065,0.2809831676467683,0.26595744680851063
7388,0.0,0.4502547455317561,0.2819260641824957,0.28297872340425534
7389,0.0,0.45257299078907065,0.28239751245035943,0.34361702127659577
7390,0.006534241661952744,0.4404665988897614,0.2805117193789046,0.49148936170212765
7391,0.08623762896709061,0.4479365002744416,0.2819260641824957,0.5393617021276595
7392,0.22582626403122394,0.46004289217375083,0.26448247827153865,0.5478723404255319
7393,0.3605321690622497,0.5182566064129824,0.2536391681106734,0.5351063829787234
7394,0.4322652176368738,0.5731217441694264,0.2423244096819445,0.5531914893617021
7395,0.4742710568922843,0.6122743307374052,0.2460959958248541,0.475
7396,0.4705372045140256,0.6269565507003972,0.25882509905717416,0.41117021276595744
7397,0.43930209327282294,0.6364871145360237,0.28994068473617873,0.45851063829787236
7398,0.3621836806910949,0.6351992005041822,0.30832716718286324,0.5569148936170213
7399,0.23860752794141724,0.6364871145360237,0.35594344223709745,0.5813829787234043
7400,0.10813810926264651,0.6364871145360237,0.4521188888812933,0.6053191489361702
7401,0.014432775539038477,0.64601767837165,0.4676766817207956,0.5803191489361702
7402,0.00043082912056831274,0.6511693344990157,0.4879489572389349,0.5718085106382979
7403,0.0,0.6462752611780184,0.49454923298902675,0.5675531914893617
7404,0.0,0.6444721815334404,0.5030353018105734,0.5617021276595745
7405,0.0,0.6400932738251796,0.5091641292928016,0.5579787234042554
7406,0.0,0.6292747959577117,0.5157644050428936,0.5404255319148936
7407,0.0,0.6279868819258704,0.5195359911858032,0.5031914893617021
7408,0.0,0.6181987352838757,0.5138786119714387,0.3882978723404255
7409,0.0,0.5986224419998862,0.5317936461502595,0.30425531914893617
7410,0.0,0.5973345279680449,0.5185930946500757,0.3047872340425532
7411,0.0,0.6156229072201929,0.4978493708640727,0.29095744680851066
7412,0.0,0.6434418503079673,0.4969064743283453,0.3175531914893617
7413,0.0,0.6488510892417012,0.49832081913193643,0.3558510638297872
7414,0.004236486352255075,0.6509117516926475,0.49502068125689047,0.47606382978723405
7415,0.04746300811594246,0.6542603281754351,0.4997351639355275,0.5441489361702128
7416,0.11567761887259198,0.6563209906263814,0.49643502606048157,0.5579787234042554
7417,0.23034996979719122,0.6516845001117523,0.4940777847211631,0.5260638297872341
7418,0.3310921791567484,0.649623837660806,0.4936063364532994,0.5452127659574468
7419,0.4062000558424909,0.6503965860799109,0.5200074394536669,0.4829787234042553
7420,0.4302546817408884,0.6475631752098597,0.4789914401495245,0.451063829787234
7421,0.3921981094240207,0.6426691018888624,0.537451025364624,0.46063829787234045
7422,0.3259222297099286,0.6382901941806016,0.5105784740963928,0.5202127659574468
7423,0.21440929233616365,0.633138538053236,0.558194749150627,0.5462765957446809
7424,0.09514143079216907,0.6480783408225963,0.6086397138120434,0.5611702127659575
7425,0.01249404449648107,0.6462752611780184,0.5968535071154508,0.5468085106382978
7426,0.00043082912056831274,0.6223200601857681,0.602982334597679,0.5792553191489361
7427,0.0,0.6169108212520342,0.6020394380619516,0.5569148936170213
7428,0.0,0.6109864167055638,0.5911961279010863,0.5765957446808511
7429,0.0,0.6094409198673542,0.5624377835614003,0.5787234042553191
7430,0.0,0.6218048945730316,0.5266077152037587,0.5696808510638298
7431,0.0,0.6246383054430827,0.4313751650952903,0.4877659574468085
7432,0.0,0.6122743307374052,0.43043226855956285,0.42340425531914894
7433,0.0,0.6022286012890422,0.3601864766478708,0.326063829787234
7434,0.0,0.6027437669017788,0.3625437179871893,0.3180851063829787
7435,0.0,0.5914101234215744,0.36442951105864413,0.3079787234042553
7436,0.0,0.591925289034311,0.3715012350765997,0.3372340425531915
7437,0.0,0.5862584672942087,0.3799873038981464,0.36117021276595745
7438,0.006534241661952744,0.5839402220368942,0.37715861429096414,0.47712765957446807
7439,0.09025870075906152,0.5934707858725207,0.371029786808736,0.5404255319148936
7440,0.23681240660571592,0.5852281360687357,0.3474573734155507,0.5590425531914893
7441,0.3743905057738638,0.58007647994137,0.34462868380836853,0.5526595744680851
7442,0.46716237640290714,0.5651366771720097,0.36112937318359817,0.5553191489361702
7443,0.520656992206806,0.5612729350764855,0.3748013729516457,0.5297872340425532
7444,0.5088809962446055,0.533453991988711,0.3809302004338738,0.48351063829787233
7445,0.4743428617457124,0.48348292755326444,0.3875304761839657,0.4696808510638298
7446,0.38745898909776927,0.46674004513932615,0.41958895839869764,0.5335106382978724
7447,0.2625185441329586,0.43814835363244686,0.43090371682742656,0.5574468085106383
7448,0.11438513151088704,0.40131401232178265,0.4921919916497082,0.576063829787234
7449,0.013930141565042112,0.38560146113331745,0.5256648186680313,0.5361702127659574
7450,0.00035902426714026065,0.38714695797152715,0.4903061985782534,0.5686170212765957
7451,0.0,0.39435927654983904,0.537451025364624,0.5601063829787234
7452,0.0,0.40105642951541437,0.4992637156676638,0.5558510638297872
7453,0.0,0.4139355698338284,0.4535332336848844,0.5574468085106383
7454,0.0,0.42372371647582313,0.4403326821847007,0.5526595744680851
7455,0.0,0.4458758378234953,0.41251723438074206,0.5122340425531915
7456,0.0,0.44845166588717816,0.38328744177319235,0.4351063829787234
7457,0.0,0.4458758378234953,0.3913020623268753,0.3377659574468085
7458,0.0,0.4366028567942372,0.3894162692554205,0.3202127659574468
7459,0.0,0.44020901608339313,0.379044407362419,0.324468085106383
7460,0.0,0.4458758378234953,0.33755695979041295,0.33085106382978724
7461,0.0,0.45411848762728035,0.33944275286186776,0.37553191489361704
7462,0.003231218404262346,0.4912104117443129,0.33378537364750327,0.49414893617021277
7463,0.08178572805455138,0.5082108769646194,0.3361426149868218,0.550531914893617
7464,0.2344428464425902,0.5048623004818318,0.31398454639722767,0.5579787234042554
7465,0.3742468960670077,0.4894073320997349,0.29559806395054317,0.5292553191489362
7466,0.469675546272889,0.5131049502856168,0.2965409604862706,0.5648936170212766
7467,0.5164205058545509,0.5198021032511921,0.2965409604862706,0.5127659574468085
7468,0.5132610923037166,0.5347419060205525,0.31021296025431805,0.475
7469,0.4802308597268126,0.5393783965351815,0.32247061521877435,0.4808510638297872
7470,0.38889508616633034,0.5501968744026493,0.3432143390047774,0.5632978723404255
7471,0.2528248889201715,0.5496817087899127,0.38328744177319235,0.5696808510638298
7472,0.1096460111846356,0.5563788617554881,0.5402797149718062,0.574468085106383
7473,0.01486360465960679,0.5574091929809613,0.5977964036511783,0.5675531914893617
7474,0.00043082912056831274,0.5566364445618563,0.5864816452224493,0.5420212765957447
7475,0.0,0.5584395242064344,0.5878959900260404,0.55
7476,0.0,0.5504544572090176,0.5011495087391187,0.5585106382978723
7477,0.0,0.5586971070128026,0.4587191646313852,0.5276595744680851
7478,0.0,0.5504544572090176,0.415817372255788,0.5202127659574468
7479,0.0,0.5674549224293242,0.39978813114842204,0.48617021276595745
7480,0.0,0.5975921107744131,0.391773510594739,0.4047872340425532
7481,0.0,0.601971018482674,0.391773510594739,0.3484042553191489
7482,0.0,0.6104712510928272,0.3931878553983302,0.3345744680851064
7483,0.0,0.6218048945730316,0.4247748893451984,0.33404255319148934
7484,0.0,0.6171684040584026,0.39460220020192127,0.3377659574468085
7485,0.0,0.6120167479310369,0.39460220020192127,0.35851063829787233
7486,0.003446632964546502,0.6135622447692466,0.3729155798801908,0.48617021276595745
7487,0.04387276544453985,0.624895888249451,0.36678675239796266,0.5441489361702128
7488,0.1183343984494299,0.6382901941806016,0.29182647780763354,0.5404255319148936
7489,0.18417944904295372,0.6344264520850774,0.27579723670026757,0.49840425531914895
7490,0.2887991204876257,0.6380326113742334,0.25505351291426454,0.5303191489361702
7491,0.37309801841215884,0.6388053597933382,0.2347812373961252,0.48829787234042554
7492,0.40576922672192256,0.6424115190824942,0.22959530644962445,0.4574468085106383
7493,0.3509821235563188,0.6421539362761258,0.2706113057537668,0.45585106382978724
7494,0.2620159101589622,0.6429266846952307,0.2819260641824957,0.5404255319148936
7495,0.18654900920607942,0.6465328439843866,0.26589682307512974,0.5127659574468085
7496,0.08889440854392854,0.6653363888492712,0.38281599350532863,0.5356382978723404
7497,0.012206825082768862,0.6668818856874809,0.4573048198277941,0.5441489361702128
7498,0.00043082912056831274,0.6692001309447955,0.38658757964823826,0.5361702127659574
7499,0.0,0.6725487074275831,0.3078557189149995,0.5324468085106383
7500,0.0,0.6702304621702685,0.2979553052898617,0.5053191489361702
7501,0.0,0.6666243028811126,0.268725512682312,0.5372340425531915
7502,0.0,0.661472646753747,0.2357241339318526,0.525
7503,0.0,0.6509117516926475,0.2178090997530318,0.4819148936170213
7504,0.0,0.6416387706633893,0.22393792723526,0.4047872340425532
7505,0.0,0.6290172131513435,0.22346647896739627,0.275531914893617
7506,0.0,0.6143349931883515,0.22393792723526,0.28404255319148936
7507,0.0,0.6135622447692466,0.2267666168424422,0.29095744680851066
7508,0.0,0.6223200601857681,0.22865240991389704,0.29521276595744683
7509,0.0,0.6122743307374052,0.22393792723526,0.2872340425531915
7510,0.005457168860531962,0.6089257542546176,0.22205213416380515,0.28191489361702127
7511,0.07403080388432175,0.5937283686788889,0.21450896187798588,0.2797872340425532
7512,0.21347582924159897,0.5821371423923163,0.21545185841371328,0.2771276595744681
7513,0.3234090598399468,0.5849705532623674,0.2163947549494407,0.2680851063829787
7514,0.3917672803034524,0.6004255216444643,0.2173376514851681,0.27606382978723404
7515,0.4426051165305133,0.6127894963501418,0.2173376514851681,0.28191489361702127
7516,0.46472101138635336,0.6156229072201929,0.2173376514851681,0.29095744680851066
7517,0.43283965646429823,0.6282444647322386,0.22818096164603333,0.2946808510638298
7518,0.34502232072179045,0.6328809552468677,0.22393792723526,0.28882978723404257
7519,0.2170660719130016,0.6351992005041822,0.24185296141408077,0.29095744680851066
7520,0.0979418200758631,0.6295323787640801,0.3856446831125109,0.29521276595744683
7521,0.012924873617049384,0.6259262194749241,0.4997351639355275,0.2872340425531915
7522,0.00043082912056831274,0.6086681714482493,0.500678060471255,0.2867021276595745
7523,0.0,0.5911525406152062,0.4884204055067986,0.28297872340425534
7524,0.0,0.5867736329069453,0.48323447456029783,0.2521276595744681
7525,0.0,0.551742371240859,0.48512026763175264,0.26382978723404255
7526,0.0,0.5313933295377647,0.3361426149868218,0.2648936170212766
7527,0.0,0.533453991988711,0.28381185725395053,0.2643617021276596
7528,0.0,0.5190293548320873,0.2706113057537668,0.274468085106383
7529,0.0,0.4837405103596327,0.2790973745753135,0.27180851063829786
7530,0.0,0.4700886216221138,0.2833404089860868,0.28297872340425534
7531,0.0,0.4546336532400169,0.22110923762807774,0.2569148936170213
7532,0.0,0.4644217998820116,0.21969489282448662,0.24574468085106382
7533,0.0,0.4863163384233155,0.20885158266362142,0.2622340425531915
7534,0.003518437817974554,0.5033168036436221,0.1895222036812095,0.2648936170212766
7535,0.060603296293275995,0.5084684597709878,0.17490730737743462,0.2776595744680851
7536,0.15517028825802065,0.5489089603708079,0.171135721234525,0.27074468085106385
7537,0.2780283924734178,0.5744096582012678,0.1456775147698849,0.2547872340425532
7538,0.35643929241685074,0.6184563180902439,0.14614896303774863,0.29627659574468085
7539,0.37324162811901496,0.6354567833105506,0.16972137643093388,0.30425531914893617
7540,0.35536221961542996,0.6261838022812924,0.16877847989520647,0.30957446808510636
7541,0.3382008596461255,0.6004255216444643,0.16736413509161535,0.30531914893617024
7542,0.28355736618737787,0.5993951904189911,0.16877847989520647,0.3127659574468085
7543,0.19911485855598854,0.6027437669017788,0.19423668635984656,0.3058510638297872
7544,0.08853538427678827,0.5821371423923163,0.4191175101308339,0.29627659574468085
7545,0.011273361988204184,0.5393783965351815,0.5563089560791722,0.27925531914893614
7546,0.00035902426714026065,0.49816514751625646,0.5591376456863544,0.2898936170212766
7547,0.0,0.5043471348690952,0.575638335061584,0.27606382978723404
7548,0.0,0.5295902498931868,0.5638521283649914,0.2877659574468085
7549,0.0,0.5380904825033401,0.40308826902346795,0.28829787234042553
7550,0.0,0.5749248238140043,0.3059699258435447,0.27925531914893614
7551,0.0,0.5973345279680449,0.27532578843240385,0.2803191489361702
7552,0.0,0.61304707915651,0.268725512682312,0.2904255319148936
7553,0.0,0.6336537036659726,0.2691969609501757,0.3058510638297872
7554,0.0,0.6382901941806016,0.2691969609501757,0.28829787234042553
7555,0.0,0.6364871145360237,0.2343097891282615,0.27393617021276595
7556,0.0,0.6357143661169188,0.22393792723526,0.29414893617021276
7557,0.0,0.6457600955652818,0.2343097891282615,0.349468085106383
7558,0.005457168860531962,0.6408660222442845,0.21356606534225847,0.55
7559,0.08516055616566982,0.6393205254060748,0.18622206580616357,0.6090425531914894
7560,0.22137436311868472,0.6473055924034915,0.18622206580616357,0.5989361702127659
7561,0.35335168371944453,0.6527148313372254,0.17349296257384353,0.574468085106383
7562,0.44095360490166813,0.6521996657244888,0.1720786177702524,0.5728723404255319
7563,0.4564634532421274,0.6491086720480694,0.18575061753829986,0.4877659574468085
7564,0.464218377412357,0.6521996657244888,0.20507999652071177,0.44361702127659575
7565,0.4192685391663964,0.6483359236289646,0.2074372378600303,0.4574468085106383
7566,0.334754226681579,0.6521996657244888,0.2347812373961252,0.5398936170212766
7567,0.21160890305246963,0.656063407820013,0.4266606824166532,0.5585106382978723
7568,0.09133577356048231,0.6570937390454862,0.5299078530788046,0.5611702127659575
7569,0.01314028817733354,0.649623837660806,0.5534802664719899,0.55
7570,0.00035902426714026065,0.6354567833105506,0.5647950249007189,0.5436170212765957
7571,0.0,0.6310778756022898,0.5440513011147158,0.5388297872340425
7572,0.0,0.6223200601857681,0.3290708909688662,0.5297872340425532
7573,0.0,0.6200018149284536,0.2805117193789046,0.5425531914893617
7574,0.0,0.6112439995119321,0.26448247827153865,0.5148936170212766
7575,0.0,0.6035165153208837,0.2621252369322201,0.4851063829787234
7576,0.0,0.5921828718406792,0.26778261614658455,0.37659574468085105
7577,0.0,0.5885767125515233,0.2729685470930853,0.2712765957446808
7578,0.0,0.5965617795489401,0.24562454755699042,0.275531914893617
7579,0.0,0.6027437669017788,0.2442102027533993,0.2872340425531915
7580,0.0,0.5970769451616766,0.2531677198428097,0.2824468085106383
7581,0.0,0.5926980374534158,0.2559964094499919,0.3122340425531915
7582,0.0013642922151329904,0.5880615469387868,0.2258237203067148,0.4824468085106383
7583,0.026136966647810976,0.5993951904189911,0.19612247943130137,0.5234042553191489
7584,0.07510787668574252,0.5996527732253594,0.21026592746721254,0.523936170212766
7585,0.12041673919884342,0.6058347605781982,0.19565103116343766,0.48829787234042554
7586,0.16091467653226482,0.6104712510928272,0.22299503069953255,0.5170212765957447
7587,0.1918625683597553,0.6210321461539268,0.24091006487835337,0.45478723404255317
7588,0.17333691617531785,0.6318506240213946,0.2701398574859031,0.43031914893617024
7589,0.15667819018000975,0.6416387706633893,0.3625437179871893,0.4271276595744681
7590,0.10763547528865014,0.634941617697814,0.3620722697193256,0.4952127659574468
7591,0.06606046515380795,0.6362295317296554,0.4276035789523806,0.5180851063829788
7592,0.026783210328663445,0.6344264520850774,0.5157644050428936,0.5351063829787234
7593,0.0038056572316867627,0.6393205254060748,0.5610234387578092,0.4877659574468085
7594,0.00014360970685610425,0.6341688692787091,0.5449941976504432,0.4845744680851064
7595,0.0,0.6174259868647708,0.3691439937372812,0.4702127659574468
7596,0.0,0.5813643939732114,0.3092700637185906,0.4574468085106383
7597,0.0,0.5313933295377647,0.24468165102126302,0.4542553191489362
7598,0.0,0.4806495166832133,0.2357241339318526,0.4430851063829787
7599,0.0,0.47961918545774024,0.207908686127894,0.40106382978723404
7600,0.0,0.45952772656101426,0.21309461707439475,0.32872340425531915
7601,0.0,0.4551488188527535,0.2248808237709874,0.2590425531914894
7602,0.0,0.44175451292160284,0.22299503069953255,0.2569148936170213
7603,0.0,0.42269338525035,0.22016634109235034,0.2702127659574468
7604,0.0,0.3807073878123201,0.20366565171712064,0.2579787234042553
7605,0.0,0.3716919895894302,0.19329378982411913,0.2712765957446808
7606,0.002225950456269616,0.386116626746054,0.19376523809198284,0.42659574468085104
7607,0.04796564208993882,0.4278450413777156,0.18433627273470873,0.451063829787234
7608,0.15847331151571104,0.4481940830808099,0.1800932383239354,0.4271276595744681
7609,0.29439989905501374,0.4451030894043905,0.1730215143059798,0.45851063829787236
7610,0.3669946058707744,0.42346613366945485,0.1701928246987976,0.4595744680851064
7611,0.4148166382538572,0.424496464894928,0.171135721234525,0.38351063829787235
7612,0.4442566281593585,0.43634527398786893,0.1909365484848006,0.3377659574468085
7613,0.3949266938542867,0.47266444968579663,0.21450896187798588,0.36648936170212765
7614,0.3105559910763255,0.4806495166832133,0.22818096164603333,0.4430851063829787
7615,0.22230782621324938,0.4569518984973314,0.3451001320762322,0.4643617021276596
7616,0.0842988979245332,0.40208676074088745,0.5313221978823958,0.4723404255319149
7617,0.008688387264794307,0.3152813549947766,0.526136266935895,0.5138297872340426
7618,0.0002872194137122085,0.263507210914752,0.5256648186680313,0.5079787234042553
7619,0.0,0.18906577987431863,0.5256648186680313,0.49946808510638296
7620,0.0,0.12930656879687732,0.48370592282816155,0.5398936170212766
7621,0.0,0.10689686464283683,0.3785729590945553,0.5393617021276595
7622,0.0,0.1045786193855223,0.3234135117545018,0.5377659574468086
7623,0.0,0.0935025587116862,0.24986758196776376,0.5170212765957447
7624,0.0,0.07495659665316992,0.20319420344925695,0.4372340425531915
7625,0.0,0.08397199487605977,0.18386482446684504,0.3377659574468085
7626,0.0,0.0767596762977479,0.20319420344925695,0.3446808510638298
7627,0.0,0.0919570618734765,0.1810361348596628,0.3372340425531915
7628,0.0,0.09839663203268355,0.1617067558772509,0.3941489361702128
7629,0.0,0.06825944368759461,0.1536921353235679,0.5180851063829788
7630,0.002800389283694033,0.02987960553872066,0.15133489398424937,0.698936170212766
7631,0.061249539974128464,0.014167054350255484,0.13671999768047452,0.7601063829787233
7632,0.16838238128878225,0.017773213639411426,0.1635925489487057,0.7574468085106383
7633,0.28700399915192437,0.014424637156623767,0.25552496118212825,0.7324468085106383
7634,0.3406422246626793,0.027561360281406124,0.2852262020575417,0.7409574468085106
7635,0.3479663197123406,0.0376070897297691,0.3493431664870056,0.676595744680851
7636,0.3191007686342637,0.05924404546470475,0.4700339230601141,0.6297872340425532
7637,0.2866449748847841,0.0726383513958554,0.558194749150627,0.6308510638297873
7638,0.23530450468372682,0.1045786193855223,0.5520659216683989,0.7239361702127659
7639,0.18152266946611578,0.11951842215488263,0.5464085424540344,0.75
7640,0.07912894847771344,0.1421857091152914,0.6289119893301828,0.7664893617021277
7641,0.005600778567388066,0.11050302393199278,0.6171257826335901,0.7468085106382979
7642,0.0002872194137122085,0.06465328439843866,0.6581417819377324,0.7398936170212767
7643,0.0,0.04533457392081755,0.6595561267413236,0.7484042553191489
7644,0.0,0.05666821740102194,0.574223990257993,0.7313829787234043
7645,0.0,0.06903219210669945,0.34887171821914187,0.7430851063829788
7646,0.0,0.05589546898191709,0.2720256505573579,0.7452127659574468
7647,0.0,0.031167519570562064,0.20460854825284808,0.6941489361702128
7648,0.0,0.02498553221772331,0.18245047966325392,0.699468085106383
7649,0.0,0.04584973953355411,0.17962179005607168,0.6441489361702127
7650,0.0,0.06259262194749242,0.15982096280579608,0.6329787234042553
7651,0.0,0.0571833830137585,0.15604937666288643,0.6319148936170212
7652,0.0,0.07650209349137961,0.15699227319861384,0.6441489361702127
7653,0.0,0.10766961306194169,0.15227779051997678,0.6425531914893617
7654,0.0007898533877085734,0.13085206563508703,0.1527492387878405,0.7175531914893617
7655,0.027860283130084224,0.12930656879687732,0.16689268682375163,0.7452127659574468
7656,0.09858806375671557,0.12054875338035576,0.18527916927043614,0.7563829787234042
7657,0.1864772043526514,0.1532617697891275,0.17867889352034427,0.7122340425531914
7658,0.2409052832511149,0.20889965596467633,0.20083696210993843,0.7127659574468085
7659,0.24657786667193102,0.253461481466389,0.3248278565580929,0.6893617021276596
7660,0.2236721184283824,0.2313093601187168,0.42854647548810804,0.6840425531914893
7661,0.20105358959854597,0.2158543917366199,0.4804057849531156,0.674468085106383
7662,0.13671644092701124,0.25835555478738637,0.5299078530788046,0.7239361702127659
7663,0.07503607183231448,0.27638635123316607,0.5440513011147158,0.7563829787234042
7664,0.029655404465785528,0.271749860718537,0.5652664731685826,0.7680851063829788
7665,0.0035902426714026063,0.22512737276587805,0.5586661974184907,0.7542553191489362
7666,7.180485342805212e-05,0.29081098838978986,0.5487657837933528,0.7457446808510638
7667,0.0,0.29647781012989205,0.3700868902730086,0.7441489361702127
7668,0.0,0.2356882678269776,0.28286896071822315,0.7340425531914894
7669,0.0,0.20400558264367896,0.23053820298535185,0.7446808510638298
7670,0.0,0.22358187592766837,0.18622206580616357,0.726063829787234
7671,0.0,0.2869472462942656,0.17349296257384353,0.6409574468085106
7672,0.0,0.32944840934503206,0.27579723670026757,0.5228723404255319
7673,0.0,0.3652524194302232,0.13907723901979305,0.373936170212766
7674,0.0,0.4167689807038795,0.12917682539465522,0.3191489361702128
7675,0.0,0.42913295540955704,0.12917682539465522,0.2601063829787234
7676,0.0,0.48528600719784243,0.12917682539465522,0.2542553191489362
7677,0.0,0.5066653801264098,0.12917682539465522,0.2547872340425532
7678,0.000502633973996365,0.5071805457391463,0.12776248059106413,0.25585106382978723
7679,0.007395899903089369,0.5507120400153859,0.12870537712679153,0.2696808510638298
7680,0.035974231567454114,0.6359719489232871,0.134362756341156,0.23617021276595745
7681,0.08221655717511969,0.6735790386530562,0.14049158382338414,0.25957446808510637
7682,0.14059390301212607,0.6836247681014191,0.16076385934152349,0.26595744680851063
7683,0.177717012234429,0.6805337744249998,0.16924992816307016,0.25638297872340426
7684,0.22029729031726392,0.6820792712632096,0.16736413509161535,0.24893617021276596
7685,0.24787035403363594,0.6820792712632096,0.16547834202016054,0.28936170212765955
7686,0.23846391823456112,0.6764124495231073,0.163121100680842,0.2675531914893617
7687,0.17290608705474952,0.6828520196823143,0.1645354454844331,0.28404255319148936
7688,0.06857363502378978,0.6802761916186315,0.1626496524129783,0.2904255319148936
7689,0.008185753290797943,0.6820792712632096,0.20130841037780212,0.27606382978723404
7690,0.00035902426714026065,0.6831096024886826,0.2267666168424422,0.2856382978723404
7691,0.0,0.6869733445842069,0.2352526856639889,0.3026595744680851
7692,0.0,0.6869733445842069,0.21450896187798588,0.2723404255319149
7693,0.0,0.6771851979422121,0.21403751361012216,0.2851063829787234
7694,0.0,0.6738366214594245,0.21168027227080363,0.2734042553191489
7695,0.0,0.6686849653320589,0.21450896187798588,0.28138297872340423
7696,0.0,0.6576089046582227,0.22063778936021405,0.2680851063829787
7697,0.0,0.6424115190824942,0.21073737573507623,0.26063829787234044
7698,0.0,0.6205169805411902,0.18716496234189098,0.2670212765957447
7699,0.0,0.6326233724404995,0.17726454871675315,0.2712765957446808
7700,0.0,0.6341688692787091,0.18245047966325392,0.27393617021276595
7701,0.0,0.643184267501599,0.17632165218102575,0.25957446808510637
7702,0.002872194137122085,0.6341688692787091,0.17632165218102575,0.2765957446808511
7703,0.047391203262514406,0.6328809552468677,0.17396441084170722,0.2702127659574468
7704,0.1492822902769204,0.6565785734327496,0.1536921353235679,0.28882978723404257
7705,0.2926047777193124,0.6645636404301664,0.14662041130561232,0.27180851063829786
7706,0.41323693147844,0.6681697997193223,0.1437917216984301,0.2824468085106383
7707,0.47972822575281626,0.6681697997193223,0.14803475610920344,0.2723404255319149
7708,0.47484549571970874,0.6637908920110616,0.14992054918065825,0.26595744680851063
7709,0.44554911552106347,0.6730638730403197,0.1536921353235679,0.2797872340425532
7710,0.37532396886842845,0.6774427807485804,0.15227779051997678,0.27872340425531916
7711,0.24557259872393827,0.6805337744249998,0.1720786177702524,0.3021276595744681
7712,0.0994497219978522,0.6869733445842069,0.19187944502052803,0.298936170212766
7713,0.008831996971650411,0.6828520196823143,0.22252358243166886,0.28936170212765955
7714,0.00043082912056831274,0.684397516520524,0.207908686127894,0.2824468085106383
7715,0.0,0.6877460930033117,0.207908686127894,0.2856382978723404
7716,0.0,0.6854278477459972,0.20177985864566583,0.2973404255319149
7717,0.0,0.6854278477459972,0.18480772100257245,0.30319148936170215
7718,0.0,0.6836247681014191,0.1730215143059798,0.27180851063829786
7719,0.0,0.6756397011040025,0.17537875564529834,0.27925531914893614
7720,0.0,0.6635333092046932,0.16029241107365977,0.29521276595744683
7721,0.0,0.6625029779792201,0.15982096280579608,0.28138297872340423
7722,0.0,0.6295323787640801,0.15746372146647755,0.31063829787234043
7723,0.0,0.6099560854800906,0.1555779283950227,0.2872340425531915
7724,0.0,0.5744096582012678,0.16830703162734276,0.30319148936170215
7725,0.0,0.5128473674792485,0.1829219279311176,0.33191489361702126
7726,0.002728584430265981,0.46519454830111645,0.1975368242348925,0.43829787234042555
7727,0.03382008596461255,0.4268147101522425,0.19140799675266432,0.5228723404255319
7728,0.09937791714442415,0.4196023915739306,0.20555144478857548,0.5345744680851063
7729,0.17419857441645448,0.41934480876756236,0.2163947549494407,0.5324468085106383
7730,0.22719055624635692,0.4175417291229844,0.20225130691352955,0.525
7731,0.2407616735442588,0.4188296431548258,0.31539889120081877,0.45904255319148934
7732,0.20169983327939842,0.43273911469871296,0.2649539265394023,0.4
7733,0.1732651113218898,0.46133080620559225,0.3460430286119596,0.4271276595744681
7734,0.13183371089390372,0.47446752933037456,0.2541106163785371,0.5138297872340426
7735,0.0808522649599867,0.47240686687942834,0.2503390302356275,0.5324468085106383
7736,0.029296380198645267,0.4731796152985332,0.3017268914327713,0.5255319148936171
7737,0.004523705765967284,0.4546336532400169,0.371029786808736,0.5324468085106383
7738,0.00021541456028415637,0.43273911469871296,0.3705583385408723,0.523936170212766
7739,0.0,0.4139355698338284,0.32954233923672993,0.5202127659574468
7740,0.0,0.42758745857134733,0.3149274429329551,0.5281914893617021
7741,0.0,0.42475404770129627,0.305498477575681,0.5202127659574468
7742,0.0,0.42501163050766455,0.2852262020575417,0.5345744680851063
7743,0.0,0.44896683149991473,0.25882509905717416,0.4723404255319149
7744,0.0,0.4281026241840839,0.2616537886643564,0.3925531914893617
7745,0.0,0.43737560521334207,0.25646785771785563,0.30531914893617024
7746,0.0,0.46004289217375083,0.25505351291426454,0.2622340425531915
7747,0.0,0.4584973953355411,0.27343999536094904,0.2973404255319149
7748,0.0,0.46364905146290675,0.3597150283800071,0.28936170212765955
7749,0.0,0.4644217998820116,0.34227144246905,0.298936170212766
7750,0.001723316482273251,0.4584973953355411,0.2522248233070823,0.4117021276595745
7751,0.03188135492205515,0.475755443362216,0.22723806511030592,0.45851063829787236
7752,0.08781733574250776,0.5115594534474072,0.23148109952107926,0.48829787234042554
7753,0.16802335702164198,0.5164535267684045,0.1984797207706199,0.4718085106382979
7754,0.2290574824354863,0.5463331323071251,0.1456775147698849,0.500531914893617
7755,0.2666832256317856,0.6220624773793999,0.14709185957347604,0.43882978723404253
7756,0.23731504057971228,0.6746093698785294,0.16123530760938717,0.40585106382978725
7757,0.223169484454386,0.6792458603931584,0.1626496524129783,0.4106382978723404
7758,0.20277690608081922,0.6797610260058949,0.13577710114474711,0.4702127659574468
7759,0.15459584943059623,0.6833671852950509,0.17726454871675315,0.5345744680851063
7760,0.05852095554386248,0.6797610260058949,0.34840026995127815,0.5367021276595745
7761,0.006462436808524692,0.6728062902339513,0.42006040666656136,0.5085106382978724
7762,0.0002872194137122085,0.6738366214594245,0.30078399489704394,0.5106382978723404
7763,0.0,0.6769276151358439,0.22205213416380515,0.5292553191489362
7764,0.0,0.6756397011040025,0.19376523809198284,0.5255319148936171
7765,0.0,0.6795034431995267,0.17490730737743462,0.5313829787234042
7766,0.0,0.6753821182976342,0.16689268682375163,0.5276595744680851
7767,0.0,0.6766700323294755,0.15887806627006865,0.4803191489361702
7768,0.0,0.6673970513002174,0.1527492387878405,0.38882978723404255
7769,0.0,0.6570937390454862,0.15227779051997678,0.2867021276595745
7770,0.0,0.6558058250136448,0.14237737689483898,0.27074468085106385
7771,0.0,0.6583816530773275,0.1447346182341575,0.28191489361702127
7772,0.0,0.6578664874645911,0.15039199744852197,0.30319148936170215
7773,0.0,0.661472646753747,0.163121100680842,0.33404255319148934
7774,0.0030876086974062416,0.6576089046582227,0.15887806627006865,0.4734042553191489
7775,0.049329934305071814,0.661472646753747,0.14190592862697526,0.524468085106383
7776,0.13693185548729542,0.6676546341065858,0.15133489398424937,0.5255319148936171
7777,0.23343757849459748,0.6637908920110616,0.1635925489487057,0.5484042553191489
7778,0.31163306387774625,0.6673970513002174,0.16642123855588795,0.5473404255319149
7779,0.37711909020412976,0.6735790386530562,0.17066427296666128,0.47127659574468084
7780,0.3855202580552119,0.674351787072161,0.17396441084170722,0.4430851063829787
7781,0.3178082812725587,0.6766700323294755,0.1730215143059798,0.4601063829787234
7782,0.24743952491306764,0.6800186088122633,0.17726454871675315,0.5297872340425532
7783,0.1683105764353542,0.6805337744249998,0.21403751361012216,0.5329787234042553
7784,0.06943529326492641,0.6792458603931584,0.2720256505573579,0.5335106382978724
7785,0.006606046515380796,0.6802761916186315,0.3535862008977789,0.5335106382978724
7786,0.00043082912056831274,0.6774427807485804,0.36301516625505303,0.5276595744680851
7787,0.0,0.6722911246212148,0.33755695979041295,0.5430851063829787
7788,0.0,0.6717759590084782,0.31304164986150024,0.5388297872340425
7789,0.0,0.6671394684938492,0.28569765032540534,0.5335106382978724
7790,0.0,0.6751245354912659,0.2729685470930853,0.5361702127659574
7791,0.0,0.6751245354912659,0.25882509905717416,0.49627659574468086
7792,0.0,0.6735790386530562,0.2277095133781696,0.38085106382978723
7793,0.0,0.6766700323294755,0.21026592746721254,0.298936170212766
7794,0.0,0.6733214558466879,0.1984797207706199,0.28882978723404257
7795,0.0,0.6692001309447955,0.2003655138420747,0.2877659574468085
7796,0.0,0.6655939716556395,0.20366565171712064,0.29946808510638295
7797,0.0,0.6717759590084782,0.22110923762807774,0.3569148936170213
7798,0.003303023257690398,0.6748669526848976,0.20319420344925695,0.4925531914893617
7799,0.0505506168133487,0.6725487074275831,0.22158068589594146,0.5553191489361702
7800,0.14088112242583828,0.6764124495231073,0.2338383408603978,0.5579787234042554
7801,0.24901923168848478,0.6782155291676852,0.23902427180689853,0.5388297872340425
7802,0.34459149160122216,0.6733214558466879,0.2064943413243029,0.5585106382978723
7803,0.39521391326799893,0.6748669526848976,0.2611823403964927,0.48829787234042554
7804,0.4031842519985127,0.6764124495231073,0.2163947549494407,0.42659574468085104
7805,0.36756904469819884,0.6769276151358439,0.21922344455662293,0.44042553191489364
7806,0.30574506589664596,0.6792458603931584,0.2258237203067148,0.5117021276595745
7807,0.1957400304448701,0.6784731119740536,0.26448247827153865,0.5372340425531915
7808,0.07359997476375343,0.676154866716739,0.32152771868304697,0.5377659574468086
7809,0.010411703747067558,0.6813065228441046,0.3696154420051449,0.5297872340425532
7810,0.00043082912056831274,0.6833671852950509,0.4115743378450146,0.5164893617021277
7811,0.0,0.6810489400377364,0.38658757964823826,0.5111702127659574
7812,0.0,0.681564105650473,0.3748013729516457,0.5138297872340426
7813,0.0,0.6805337744249998,0.34792882168341444,0.5324468085106383
7814,0.0,0.6836247681014191,0.29465516741481573,0.5404255319148936
7815,0.0,0.6836247681014191,0.25882509905717416,0.5122340425531915
7816,0.0,0.6874885101969435,0.2083801343957577,0.39787234042553193
7817,0.0,0.6838823509077875,0.1518063422521131,0.3170212765957447
7818,0.0,0.681564105650473,0.14897765264493085,0.31648936170212766
7819,0.0,0.6787306947804218,0.14850620437706713,0.300531914893617
7820,0.0,0.6784731119740536,0.14756330784133972,0.2867021276595745
7821,0.0,0.6735790386530562,0.14756330784133972,0.3579787234042553
7822,0.0025849747234098766,0.6702304621702685,0.14614896303774863,0.4946808510638298
7823,0.057587492449297804,0.6661091372683761,0.14237737689483898,0.5558510638297872
7824,0.1716135996930446,0.6722911246212148,0.1447346182341575,0.5914893617021276
7825,0.298923604820981,0.6725487074275831,0.14850620437706713,0.6148936170212767
7826,0.3865255260032046,0.6753821182976342,0.15793516973434124,0.5936170212765958
7827,0.42609000024206134,0.6764124495231073,0.15982096280579608,0.5388297872340425
7828,0.41941214887325245,0.6766700323294755,0.13813434248406564,0.48723404255319147
7829,0.3593114865539728,0.6766700323294755,0.17443585910957093,0.4734042553191489
7830,0.27573063716372015,0.6769276151358439,0.22346647896739627,0.5643617021276596
7831,0.17182901425332875,0.6769276151358439,0.23666703046758003,0.5952127659574468
7832,0.06742475736894095,0.6746093698785294,0.25646785771785563,0.6063829787234043
7833,0.008760192118222359,0.6710032105893734,0.28475475378967796,0.5989361702127659
7834,0.00043082912056831274,0.6699728793639003,0.2965409604862706,0.575531914893617
7835,0.0,0.6735790386530562,0.33802840805827666,0.5819148936170213
7836,0.0,0.674351787072161,0.3177561325401373,0.5553191489361702
7837,0.0,0.6689425481384271,0.2611823403964927,0.573404255319149
7838,0.0,0.664306057623798,0.24939613369990005,0.5702127659574469
7839,0.0,0.656063407820013,0.23808137527117113,0.524468085106383
7840,0.0,0.649623837660806,0.2343097891282615,0.4106382978723404
7841,0.0,0.6488510892417012,0.17820744525248058,0.29946808510638295
7842,0.0,0.6429266846952307,0.15322068705570419,0.300531914893617
7843,0.0,0.641381187857021,0.1442631699662938,0.3276595744680851
7844,0.0,0.641381187857021,0.13813434248406564,0.30319148936170215
7845,0.0,0.656063407820013,0.1334198598054286,0.30531914893617024
7846,0.002225950456269616,0.6578664874645911,0.15227779051997678,0.29095744680851066
7847,0.053063786683330526,0.6534875797563302,0.11880496350165372,0.29308510638297874
7848,0.16989028321077135,0.6573513218518545,0.12069075657310853,0.2936170212765957
7849,0.31428984345458416,0.6604423155282738,0.14096303209124786,0.29308510638297874
7850,0.388392452192334,0.6552906594009082,0.1433202734305664,0.3292553191489362
7851,0.4007428869819589,0.6653363888492712,0.14803475610920344,0.3271276595744681
7852,0.33518505580214736,0.6681697997193223,0.13294841153756487,0.3101063829787234
7853,0.29741570289899194,0.667912216912954,0.16594979028802423,0.30425531914893617
7854,0.20651075845907793,0.6650788060429029,0.22346647896739627,0.32127659574468087
7855,0.1250840546716668,0.6658515544620077,0.2451530992891267,0.31117021276595747
7856,0.04523705765967284,0.6689425481384271,0.2833404089860868,0.3047872340425532
7857,0.005600778567388066,0.6588968186900641,0.3144559946650914,0.32659574468085106
7858,0.00035902426714026065,0.6509117516926475,0.36442951105864413,0.3159574468085106
7859,0.0,0.6509117516926475,0.3785729590945553,0.326063829787234
7860,0.0,0.6390629425997065,0.35405764916564264,0.30425531914893617
7861,0.0,0.6205169805411902,0.33897130459400404,0.2957446808510638
7862,0.0,0.5746672410076361,0.30219833970063503,0.27287234042553193
7863,0.0,0.5455603838880203,0.2592965473250379,0.2851063829787234
7864,0.0,0.5494241259835445,0.21498041014584957,0.2845744680851064
7865,0.0,0.5872887985196819,0.1720786177702524,0.2978723404255319
7866,0.0,0.5973345279680449,0.14190592862697526,0.30372340425531913
7867,0.0,0.6053195949654616,0.11927641176951742,0.30851063829787234
7868,0.0,0.6055771777718298,0.11974786003738112,0.29202127659574467
7869,0.0,0.5749248238140043,0.12257654964456335,0.2781914893617021
7870,0.001723316482273251,0.5556061133363832,0.12493379098388188,0.2696808510638298
7871,0.05162768961476948,0.5491665431771763,0.10654730853719738,0.26861702127659576
7872,0.19250881204060777,0.5751824066203727,0.10324717066215144,0.24840425531914895
7873,0.3366211528707084,0.5878039641324184,0.10041848105496921,0.23670212765957446
7874,0.447703261123905,0.5965617795489401,0.09617544664419586,0.2936170212765957
7875,0.5057933875471992,0.61304707915651,0.10230427412642404,0.3
7876,0.48080529855423704,0.6326233724404995,0.1089045498765159,0.31117021276595747
7877,0.4342757535328593,0.637775028567865,0.13483420460901968,0.34627659574468084
7878,0.3524900254783079,0.6436994331143355,0.15699227319861384,0.3313829787234043
7879,0.22625709315179227,0.6483359236289646,0.23666703046758003,0.3127659574468085
7880,0.0931308948961836,0.6493662548544378,0.27674013323599495,0.3122340425531915
7881,0.010268094040211454,0.6370022801487603,0.3271850978974114,0.3148936170212766
7882,0.00043082912056831274,0.6261838022812924,0.37763006255882786,0.3281914893617021
7883,0.0,0.606607508997303,0.3658438558622352,0.3026595744680851
7884,0.0,0.47214928407306006,0.38375889004105607,0.28829787234042553
7885,0.0,0.42758745857134733,0.3823445452374649,0.2632978723404255
7886,0.0,0.4435575925661808,0.30314123623636247,0.2696808510638298
7887,0.0,0.4518002423699658,0.21875199628875922,0.251063829787234
7888,0.0,0.40698083406188484,0.1975368242348925,0.2654255319148936
7889,0.0,0.34773678859718005,0.15133489398424937,0.2712765957446808
7890,0.0,0.2828259213923731,0.16123530760938717,0.2675531914893617
7891,0.0,0.22435462434677322,0.13059117019824634,0.2702127659574468
7892,0.0,0.22152121347672213,0.11880496350165372,0.27287234042553193
7893,0.0,0.23465793660150447,0.1079616533407885,0.33617021276595743
7894,0.0025131698699818244,0.21405131209204195,0.10136137759069662,0.4718085106382979
7895,0.05636680994102092,0.1797927988450605,0.09994703278710551,0.5297872340425532
7896,0.19315505572146022,0.1615044195929125,0.10937599814437961,0.5281914893617021
7897,0.3345388121212949,0.12157908460582888,0.1079616533407885,0.5303191489361702
7898,0.41409858971957664,0.08835090258432056,0.11456192909088037,0.5148936170212766
7899,0.4223561478638026,0.1184880909294095,0.11314758428728926,0.47925531914893615
7900,0.41998658770067687,0.15686792907828345,0.13766289421620193,0.4308510638297872
7901,0.41811966151154756,0.1867475346170041,0.16076385934152349,0.43829787234042555
7902,0.34581217410949905,0.20091458896725958,0.18245047966325392,0.5159574468085106
7903,0.22790860478063746,0.23955200992250184,0.25882509905717416,0.5425531914893617
7904,0.0942079676976044,0.27818943087774406,0.36820109720155375,0.5436170212765957
7905,0.009980874626499246,0.36731308188116946,0.3894162692554205,0.5308510638297872
7906,0.0002872194137122085,0.2771590996522709,0.3677296489336901,0.5361702127659574
7907,0.0,0.2501129049836014,0.33897130459400404,0.5218085106382979
7908,0.0,0.29905363819357483,0.31728468427227363,0.5393617021276595
7909,0.0,0.26427995933385684,0.22110923762807774,0.5292553191489362
7910,0.0,0.1996266749354182,0.19329378982411913,0.523936170212766
7911,0.0,0.12930656879687732,0.17443585910957093,0.47925531914893615
7912,0.0,0.08345682926332322,0.17396441084170722,0.3882978723404255
7913,0.0,0.06053195949654616,0.14284882516270267,0.2946808510638298
7914,0.0,0.06671394684938492,0.13671999768047452,0.29148936170212764
7915,0.0,0.08629024013337432,0.1353056528768834,0.2936170212765957
7916,0.0,0.11256368638293902,0.11550482562660777,0.32074468085106383
7917,0.0,0.16923190378396097,0.11927641176951742,0.3537234042553192
7918,0.0021541456028415637,0.343100298082551,0.10466151546574255,0.4867021276595745
7919,0.05686944391501728,0.5543181993045418,0.09664689491205956,0.573404255319149
7920,0.17843506076870955,0.626698967894029,0.10937599814437961,0.5877659574468085
7921,0.2862141457642158,0.6511693344990157,0.11173323948369814,0.5856382978723405
7922,0.3860946968826363,0.6748669526848976,0.07354592978673802,0.5542553191489362
7923,0.44928296789932215,0.6823368540695778,0.07401737805460172,0.5031914893617021
7924,0.4961715371878402,0.6787306947804218,0.06977434364382837,0.4632978723404255
7925,0.46730598610976326,0.6784731119740536,0.08816082609051287,0.4888297872340426
7926,0.36814348352562326,0.6967614912262016,0.1720786177702524,0.5882978723404255
7927,0.2376022599934245,0.6988221536771478,0.23713847873544372,0.6106382978723405
7928,0.09830084434300336,0.6954735771943601,0.3219991669509107,0.6191489361702127
7929,0.01048350860049561,0.6939280803561505,0.326242201361684,0.575531914893617
7930,0.00043082912056831274,0.694443245968887,0.3799873038981464,0.5627659574468085
7931,0.0,0.7001100677089892,0.3149274429329551,0.5994680851063829
7932,0.0,0.6918674179052042,0.24091006487835337,0.598404255319149
7933,0.0,0.6913522522924677,0.19187944502052803,0.5632978723404255
7934,0.0,0.6849126821332606,0.1555779283950227,0.5686170212765957
7935,0.0,0.6820792712632096,0.13813434248406564,0.5648936170212766
7936,0.0,0.6717759590084782,0.1353056528768834,0.4074468085106383
7937,0.0,0.6722911246212148,0.1272910323232004,0.3281914893617021
7938,0.0,0.6784731119740536,0.13389130807329228,0.35212765957446807
7939,0.0,0.6810489400377364,0.13813434248406564,0.33563829787234045
7940,0.0,0.6764124495231073,0.12021930830524483,0.3515957446808511
7941,0.0,0.684397516520524,0.11644772216233519,0.40797872340425534
7942,0.00538536400710391,0.689034007035153,0.09711834317992328,0.5430851063829787
7943,0.06017246717270768,0.6838823509077875,0.08863227435837658,0.5813829787234043
7944,0.20615173419193766,0.6751245354912659,0.0914609639655588,0.5904255319148937
7945,0.35134114782345904,0.6849126821332606,0.089575170894104,0.6069148936170212
7946,0.45409389307900166,0.6965039084198332,0.08863227435837658,0.6361702127659574
7947,0.4874831499230459,0.700882816128094,0.09994703278710551,0.5808510638297872
7948,0.4804462742870968,0.6967614912262016,0.10607586026933367,0.47712765957446807
7949,0.46163340268894715,0.6939280803561505,0.09900413625137809,0.4867021276595745
7950,0.3770472853507017,0.7055193066427231,0.15086344571638566,0.5941489361702128
7951,0.2435620628279528,0.7042313926108817,0.21969489282448662,0.6313829787234042
7952,0.09018689590563347,0.6970190740325698,0.24939613369990005,0.6
7953,0.008185753290797943,0.6795034431995267,0.305498477575681,0.5920212765957447
7954,0.00043082912056831274,0.6686849653320589,0.2984267535577254,0.5957446808510638
7955,0.0,0.6627605607855884,0.23053820298535185,0.5909574468085106
7956,0.0,0.6238655570239778,0.21026592746721254,0.6074468085106383
7957,0.0,0.5978496935807814,0.19329378982411913,0.5898936170212766
7958,0.0,0.5744096582012678,0.14662041130561232,0.5718085106382979
7959,0.0,0.576470320652214,0.12210510137669965,0.5462765957446809
7960,0.0,0.5798188971350017,0.10324717066215144,0.44574468085106383
7961,0.0,0.5973345279680449,0.08910372262624029,0.36117021276595745
7962,0.0,0.5890918781642599,0.08674648128692176,0.3553191489361702
7963,0.0,0.5921828718406792,0.08533213648333064,0.31648936170212766
7964,0.0,0.6140774103819832,0.08014620553682988,0.3313829787234043
7965,0.0,0.6200018149284536,0.07496027459032913,0.3702127659574468
7966,0.002297755309697668,0.6220624773793999,0.07731751592964765,0.5569148936170213
7967,0.05773110215615391,0.5999103560317277,0.0900466191619677,0.5973404255319149
7968,0.19882763914227633,0.5932132030661523,0.11031889468010703,0.5946808510638298
7969,0.34925880707404555,0.6171684040584026,0.09428965357274104,0.6148936170212767
7970,0.45308862513100895,0.6282444647322386,0.08344634341187582,0.6021276595744681
7971,0.49538168380013164,0.6503965860799109,0.081560550340421,0.5324468085106383
7972,0.5070858749089041,0.6261838022812924,0.08203199860828471,0.49361702127659574
7973,0.4733375937977196,0.6006831044508325,0.0810891020725573,0.49148936170212765
7974,0.3733852378258711,0.5790461487158969,0.14284882516270267,0.625
7975,0.24585981813765048,0.558181941400066,0.24986758196776376,0.6425531914893617
7976,0.09909069773071194,0.5440148870498106,0.3017268914327713,0.673936170212766
7977,0.010698923160779767,0.5808492283604748,0.3526433043620515,0.6611702127659574
7978,0.00035902426714026065,0.5664245912038511,0.33708551152254923,0.6813829787234043
7979,0.0,0.5563788617554881,0.24845323716417264,0.7329787234042553
7980,0.0,0.5200596860575604,0.22393792723526,0.7361702127659574
7981,0.0,0.5053774660945684,0.17962179005607168,0.7377659574468085
7982,0.0,0.5331964091823428,0.14756330784133972,0.7734042553191489
7983,0.0,0.5586971070128026,0.1258766875196093,0.5952127659574468
7984,0.0,0.5450452182752837,0.1258766875196093,0.4734042553191489
7985,0.0,0.5357722372460256,0.12399089444815448,0.375
7986,0.0,0.5450452182752837,0.10419006719787885,0.37553191489361704
7987,0.0,0.553545450885437,0.081560550340421,0.3696808510638298
7988,0.0,0.5713186645248485,0.081560550340421,0.3776595744680851
7989,0.0,0.5896070437769965,0.081560550340421,0.4340425531914894
7990,0.00201053589598546,0.5973345279680449,0.08297489514401211,0.5840425531914893
7991,0.06110593026727236,0.5857433016814722,0.08486068821546694,0.6223404255319149
7992,0.21641982823214911,0.6078954230291445,0.10277572239428774,0.6452127659574468
7993,0.37611382225613704,0.6447297643398087,0.10088992932283292,0.6851063829787234
7994,0.4805898839939529,0.6586392358836959,0.08486068821546694,0.6670212765957447
7995,0.5414803997009411,0.6622453951728519,0.08486068821546694,0.5712765957446808
7996,0.5462913248806206,0.667912216912954,0.10560441200146997,0.5292553191489362
7997,0.49825387793725373,0.6699728793639003,0.10324717066215144,0.5579787234042554
7998,0.4009583015422431,0.6717759590084782,0.13294841153756487,0.6632978723404256
7999,0.25921552087526817,0.6666243028811126,0.2064943413243029,0.6856382978723404
8000,0.10153206274726571,0.6699728793639003,0.28239751245035943,0.7319148936170212
8001,0.01048350860049561,0.6555482422072765,0.31351309812936395,0.6941489361702128
8002,0.00035902426714026065,0.6264413850876607,0.3748013729516457,0.7393617021276596
8003,0.0,0.5950162827107304,0.2908835812719061,0.7622340425531915
8004,0.0,0.5512272056281224,0.23996716834262596,0.7675531914893617
8005,0.0,0.4811646822959499,0.22818096164603333,0.776595744680851
8006,0.0,0.42475404770129627,0.1965939276991651,0.7888297872340425
8007,0.0,0.3863742095524223,0.15840661800220496,0.7563829787234042
8008,0.0,0.3528884447245457,0.11833351523379002,0.6372340425531915
8009,0.0,0.3188875142839325,0.09428965357274104,0.5202127659574468
8010,0.0,0.288235160326107,0.09428965357274104,0.523936170212766
8011,0.0,0.3026597974827308,0.08486068821546694,0.5175531914893617
8012,0.0,0.3224936735730885,0.08344634341187582,0.5138297872340426
8013,0.0,0.31064486448014755,0.08486068821546694,0.5521276595744681
8014,0.001651511628845199,0.2869472462942656,0.07448882632246542,0.5723404255319149
8015,0.0590953943712869,0.2611889656574375,0.07543172285819283,0.5925531914893617
8016,0.20988558657019638,0.24161267237344808,0.07401737805460172,0.598404255319149
8017,0.35823441375255205,0.22126363067035384,0.07118868844741949,0.5430851063829787
8018,0.46105896386152273,0.20194492019273272,0.07778896419751136,0.5521276595744681
8019,0.5074448991760444,0.17103498342853893,0.07543172285819283,0.55
8020,0.4967459760152646,0.18288379252147988,0.07778896419751136,0.5377659574468086
8021,0.4721169112894427,0.19267193916347458,0.08297489514401211,0.4898936170212766
8022,0.385735672615496,0.21791505418756618,0.081560550340421,0.4728723404255319
8023,0.25031171905018973,0.18803544864884553,0.12069075657310853,0.47074468085106386
8024,0.10181928216097792,0.1548072666273372,0.28286896071822315,0.4648936170212766
8025,0.010196289186783402,0.16820157255848783,0.4007310276841494,0.45478723404255317
8026,0.0002872194137122085,0.15635276346554688,0.3616008214514619,0.4601063829787234
8027,0.0,0.12209425021856544,0.3384998563261403,0.4622340425531915
8028,0.0,0.08835090258432056,0.2597679955929016,0.4473404255319149
8029,0.0,0.06027437669017788,0.20979447919934882,0.44893617021276594
8030,0.0,0.045076991114449266,0.15982096280579608,0.42925531914893617
8031,0.0,0.05538030336918053,0.1173906186980626,0.4351063829787234
8032,0.0,0.06053195949654616,0.08344634341187582,0.3696808510638298
8033,0.0,0.04378907708260786,0.07731751592964765,0.3393617021276596
8034,0.0,0.03657675850429598,0.07778896419751136,0.3595744680851064
8035,0.0,0.034516096053349724,0.08438923994760324,0.376063829787234
8036,0.0,0.03374334763424488,0.089575170894104,0.39361702127659576
8037,0.0,0.051774144080024585,0.09523255010846846,0.38085106382978723
8038,0.0017951213357013031,0.0752141794595382,0.09240386050128623,0.3627659574468085
8039,0.06448075837839082,0.08216891523148181,0.0810891020725573,0.35212765957446807
8040,0.20243474747864212,0.07634477268498165,0.07302284178046647,0.35319148936170214
8041,0.3531929665452338,0.08199994103201733,0.06925392091437789,0.35212765957446807
8042,0.45493550825622203,0.07017549812457909,0.0744361871052497,0.3659574468085106
8043,0.5114435820076105,0.04215670949608414,0.07349395688872755,0.3627659574468085
8044,0.51417445546028,0.02005014232130831,0.0782051079713383,0.3723404255319149
8045,0.47615229431157613,0.01979308921462487,0.076320647538294,0.3659574468085106
8046,0.38652362714704414,0.06297801113744277,0.0833873741622101,0.37553191489361704
8047,0.25026004409846664,0.13443877479543906,0.10458755403395845,0.3728723404255319
8048,0.0990816906545412,0.14215036799594225,0.2091751080679169,0.373936170212766
8049,0.010573381829565881,0.13623814654222313,0.37689208660885926,0.3569148936170213
8050,0.0002800895848891624,0.11798737596769891,0.4112834895119177,0.34095744680851064
8051,0.0,0.10590587995357724,0.33119392110753504,0.3478723404255319
8052,0.0,0.08559868452558549,0.2741889930079451,0.34893617021276596
8053,0.0,0.06631970152432749,0.1870326979796464,0.33617021276595743
8054,0.0,0.04395608124286822,0.12248992814787925,0.32074468085106383
8055,0.0,0.04010028464261662,0.11966323749831281,0.31117021276595747
8056,0.0,0.06169274560402557,0.11353874109091885,0.3313829787234043
8057,0.0,0.07094665744462941,0.11165428065787456,0.3617021276595745
8058,0.0,0.06889023259116189,0.11024093533309133,0.3569148936170213
8059,0.0,0.08585573763226892,0.11024093533309133,0.3069148936170213
8060,0.0,0.10950462344714539,0.11353874109091885,0.31117021276595747
8061,0.0,0.1244137036347849,0.10741424468352488,0.35425531914893615
8062,0.0016105151131126838,0.14857669566302825,0.09139633100264836,0.502127659574468
8063,0.0551076258269427,0.18096538710514168,0.07773399286307722,0.5095744680851064
8064,0.19718306776197034,0.19150456447916273,0.08809852524482086,0.5196808510638298
8065,0.3405889352252215,0.17299674079795505,0.08432960437873226,0.5308510638297872
8066,0.4404408722382079,0.17428200633137225,0.08668517992003763,0.5090425531914894
8067,0.49421807253692707,0.21181175990715448,0.09469413676047589,0.41117021276595744
8068,0.5026207600836019,0.21952335310765766,0.0833873741622101,0.3728723404255319
8069,0.46466862133112047,0.2506267790163539,0.11919212239005174,0.375
8070,0.37454979739303246,0.26270827503047556,0.15876579148398196,0.4867021276595745
8071,0.24409807323090504,0.3025515065664087,0.2468643167288028,0.5
8072,0.09579063803209355,0.37118468605088717,0.3269538851331854,0.4925531914893617
8073,0.009523045886231521,0.36244488042365025,0.34909629522145585,0.4808510638297872
8074,0.0002800895848891624,0.3190029053941489,0.34202956859753975,0.4888297872340426
8075,0.0,0.26604996541736026,0.2953891728796934,0.41648936170212764
8076,0.0,0.25242615076313796,0.2831401800649055,0.3446808510638298
8077,0.0,0.22157977796112518,0.22943305772314307,0.35106382978723405
8078,0.0,0.19047635205242897,0.15923690659224304,0.3425531914893617
8079,0.0,0.1591158730370493,0.11730766195700744,0.3313829787234043
8080,0.0,0.15680239507689833,0.08056068351264366,0.3223404255319149
8081,0.0,0.13829457139569065,0.08008956840438258,0.25159574468085105
8082,0.0,0.11284631383403011,0.07914733818786045,0.25053191489361704
8083,0.0,0.10976167655382883,0.076320647538294,0.2404255319148936
8084,0.0,0.10076481781990844,0.0782051079713383,0.2547872340425532
8085,0.0,0.10282124267337596,0.08008956840438258,0.26861702127659576
8086,0.0009803135471120683,0.09768018053970716,0.07773399286307722,0.35
8087,0.048945654959381135,0.10076481781990844,0.08056068351264366,0.38882978723404255
8088,0.18086784944217663,0.1192726415011161,0.09516525186873696,0.4207446808510638
8089,0.31124955120808173,0.15320365158333019,0.10458755403395845,0.3872340425531915
8090,0.39247553082593883,0.19638857350614808,0.09846305762656447,0.38563829787234044
8091,0.4574563145202245,0.25936658464359086,0.08904075546134299,0.3393617021276596
8092,0.4657889796706771,0.34445116295580946,0.0744361871052497,0.27925531914893614
8093,0.4286771096728631,0.4634667513502421,0.09045410078612622,0.29414893617021276
8094,0.3471710404701168,0.5606328256765823,0.11306762598265778,0.3547872340425532
8095,0.22694258615644386,0.6125575532266373,0.2016372663357397,0.3930851063829787
8096,0.09347989895675796,0.6110152345865366,0.3302516908910129,0.43882978723404253
8097,0.011273605791788786,0.5981625792523646,0.36558532401059346,0.451063829787234
8098,0.0004901567735560342,0.5914791984785952,0.36087417292798274,0.45904255319148934
8099,0.0,0.5824823397446748,0.311878201668831,0.4909574468085106
8100,0.0,0.5431532144221085,0.20634841741835044,0.4920212765957447
8101,0.0,0.5233601252074837,0.17996597135573028,0.4851063829787234
8102,0.0,0.5385262585018066,0.11024093533309133,0.48351063829787233
8103,0.0,0.5524071262627123,0.10411643892569737,0.5
8104,0.0,0.5498365951958779,0.08904075546134299,0.4122340425531915
8105,0.0,0.5737425341174378,0.09045410078612622,0.29414893617021276
8106,0.0,0.588394561198394,0.09045410078612622,0.2680851063829787
8107,0.0,0.6140998718667379,0.08998298567786514,0.274468085106383
8108,0.0,0.6454603508821175,0.0833873741622101,0.30638297872340425
8109,0.0,0.6788772547509647,0.08056068351264366,0.3606382978723404
8110,0.0014704703206681027,0.6752785112573966,0.08103179862090473,0.49840425531914895
8111,0.04313379607293101,0.6559995282561386,0.08103179862090473,0.5143617021276595
8112,0.16700341499016308,0.648030881948952,0.10223197849265307,0.5308510638297872
8113,0.3080985433780787,0.6444321384553838,0.09893417273482555,0.5138297872340426
8114,0.41999433254129903,0.6516296254425201,0.08244514394568796,0.5196808510638298
8115,0.47720263025491044,0.6745073519373462,0.09846305762656447,0.44468085106382976
8116,0.4821742203866931,0.7225762828871495,0.0782051079713383,0.43351063829787234
8117,0.4346290133517578,0.7482815935554935,0.07914733818786045,0.44042553191489364
8118,0.3445101894136698,0.7449399031686088,0.101760863384392,0.5388297872340425
8119,0.21924012257199188,0.7451969562752923,0.1597080217005041,0.551063829787234
8120,0.08388683067430415,0.746225168702026,0.2949180577714324,0.5425531914893617
8121,0.009663090678676104,0.7367142037547387,0.3335494966488404,0.551595744680851
8122,0.00042013437733374364,0.7320872478344368,0.3392028779479733,0.5398936170212766
8123,0.0,0.7248897608473005,0.2854957556062109,0.5234042553191489
8124,0.0,0.6953286535787049,0.23225974837270952,0.5202127659574468
8125,0.0,0.6562565813628221,0.17808151092268598,0.5047872340425532
8126,0.0,0.645717403988801,0.11872100728179066,0.5186170212765957
8127,0.0,0.6670528118435265,0.10270309360091415,0.5186170212765957
8128,0.0,0.6570277406828724,0.08480071948699333,0.42446808510638295
8129,0.0,0.6354352797214634,0.07961845329612152,0.3101063829787234
8130,0.0,0.6554854220427717,0.07914733818786045,0.298936170212766
8131,0.0,0.6724509270838788,0.08103179862090473,0.29095744680851066
8132,0.0,0.6678239711635768,0.076320647538294,0.31117021276595747
8133,0.0,0.6516296254425201,0.07490730221351077,0.3872340425531915
8134,0.001260403132001231,0.613585765653371,0.07160949645568326,0.4973404255319149
8135,0.049295766940492584,0.5914791984785952,0.06831169069785574,0.5223404255319148
8136,0.1833186333099568,0.5930215171186958,0.07773399286307722,0.5303191489361702
8137,0.32217304501875904,0.6806766264977488,0.08197402883742688,0.5351063829787234
8138,0.41306211531529224,0.7318301947277533,0.08150291372916581,0.5377659574468086
8139,0.4733513984626845,0.7336295664745375,0.08291625905394903,0.4920212765957447
8140,0.49127713189559086,0.6847894762046839,0.07584953243003292,0.4675531914893617
8141,0.4500339405206617,0.684275369991317,0.0852718345952544,0.4622340425531915
8142,0.36495672911057864,0.6855606355247342,0.11589431663222421,0.5425531914893617
8143,0.2384262591368995,0.6827330513512163,0.18279266200529673,0.5617021276595745
8144,0.09488034688120377,0.6778490423242309,0.28219794984838337,0.5622340425531915
8145,0.01036331464089901,0.6721938739771953,0.3048114750449149,0.5643617021276596
8146,0.000350111981111453,0.6773349361108641,0.3377895326231901,0.551063829787234
8147,0.0,0.6912158038717698,0.23414420880575382,0.5691489361702128
8148,0.0,0.684275369991317,0.1521701799683269,0.5430851063829787
8149,0.0,0.705867830952726,0.1436901080196276,0.5526595744680851
8150,0.0,0.7130653179398623,0.11448097130744099,0.5553191489361702
8151,0.0,0.6793913609643316,0.10552978425048058,0.5638297872340425
8152,0.0,0.6436609791353335,0.09846305762656447,0.42872340425531913
8153,0.0,0.6015042696392493,0.07773399286307722,0.2978723404255319
8154,0.0,0.5822252866379913,0.06689834537307252,0.26648936170212767
8155,0.0,0.5919933046919621,0.076320647538294,0.28617021276595744
8156,0.0,0.5331281432614543,0.08385848927047118,0.3069148936170213
8157,0.0,0.40974265205340316,0.09045410078612622,0.3696808510638298
8158,0.0008402687546674873,0.33776778218204,0.09893417273482555,0.47393617021276596
8159,0.04733513984626845,0.3151471087938973,0.11118316554961348,0.4845744680851064
8160,0.18450901404573575,0.4033163243863172,0.12720107923048998,0.5117021276595745
8161,0.3294553742258773,0.5436673206354754,0.101760863384392,0.5117021276595745
8162,0.43182811750286615,0.5919933046919621,0.08150291372916581,0.5186170212765957
8163,0.48728585531092034,0.6739932457239793,0.09375190654395374,0.4819148936170213
8164,0.4999599090271549,0.703554352992575,0.07914733818786045,0.39574468085106385
8165,0.46249792704822945,0.7025261405658412,0.10741424468352488,0.45372340425531915
8166,0.37160885675169625,0.7346577789012712,0.11636543174048529,0.5441489361702128
8167,0.2383562367406772,0.7400558941416234,0.25769996421880753,0.5771276595744681
8168,0.0953705036547598,0.7194916456069482,0.34956741032971694,0.6175531914893617
8169,0.010153247452232138,0.6889023259116189,0.35569190673711093,0.5867021276595744
8170,0.00042013437733374364,0.7287455574475521,0.3085803959110035,0.5941489361702128
8171,0.0,0.7328584071544871,0.19881057568617325,0.5946808510638298
8172,0.0,0.724632707740617,0.17855262603094707,0.5957446808510638
8173,0.0,0.7187204862868979,0.11730766195700744,0.5957446808510638
8174,0.0,0.718206380073531,0.09186744611090944,0.5829787234042553
8175,0.0,0.7112659461930781,0.09422302165221481,0.5829787234042553
8176,0.0,0.7115229992997616,0.07066726623916111,0.451063829787234
8177,0.0,0.7074101495928266,0.06501388494002822,0.3414893617021277
8178,0.0,0.7120371055131285,0.06736946048133359,0.2968085106382979
8179,0.0,0.7102377337663444,0.06784057558959466,0.2936170212765957
8180,0.0,0.6984132908589061,0.06548500004828929,0.28297872340425534
8181,0.0,0.7197486987136317,0.06501388494002822,0.2904255319148936
8182,0.0013304255282235214,0.7315731416210699,0.06878280580611681,0.27925531914893614
8183,0.041663325752262906,0.729259663660919,0.06831169069785574,0.29840425531914894
8184,0.169874333235277,0.7362000975413718,0.07490730221351077,0.2968085106382979
8185,0.292763638605397,0.7428834783151412,0.076320647538294,0.29202127659574467
8186,0.37952138752481507,0.7433975845285081,0.0852718345952544,0.29946808510638295
8187,0.42804690810686247,0.7433975845285081,0.07349395688872755,0.28617021276595744
8188,0.43679970763464876,0.743911690741875,0.06312942450698393,0.2845744680851064
8189,0.40010797201416853,0.7480245404488101,0.07349395688872755,0.30531914893617024
8190,0.3195822163585343,0.748538646662177,0.07679176264655507,0.298936170212766
8191,0.20544571051620064,0.7477674873421266,0.11495208641570206,0.31117021276595747
8192,0.077584815014298,0.7477674873421266,0.1493434893187605,0.30531914893617024
8193,0.006792172433562189,0.7487956997688604,0.1559391008344155,0.300531914893617
8194,0.00042013437733374364,0.7493098059822273,0.17384147494833632,0.3074468085106383
8195,0.0,0.7482815935554935,0.15122794975180479,0.32553191489361705
8196,0.0,0.7498239121955942,0.13332557563788397,0.3026595744680851
8197,0.0,0.7523944432624285,0.09846305762656447,0.2765957446808511
8198,0.0,0.752651496369112,0.08856964035308192,0.2872340425531915
8199,0.0,0.7469963280220763,0.06642723026481144,0.3122340425531915
8200,0.0,0.7426264252084578,0.06265830939872286,0.31436170212765957
8201,0.0,0.7413411596750407,0.062187194290461774,0.30159574468085104
8202,0.0,0.7390276817148896,0.05747604320785103,0.30159574468085104
8203,0.0,0.7385135755015227,0.053236007233501366,0.2957446808510638
8204,0.0,0.7328584071544871,0.051351546800457074,0.3058510638297872
8205,0.0,0.7326013540478037,0.05888938853263426,0.3175531914893617
8206,0.0013304255282235214,0.7364571506480553,0.05936050364089533,0.30851063829787234
8207,0.035081220507367596,0.7308019823010196,0.061244964073939624,0.3074468085106383
8208,0.13808416535035706,0.7179493269668477,0.060773848965678556,0.29414893617021276
8209,0.26440456813536933,0.720519858033682,0.05559158277480674,0.27872340425531916
8210,0.3702784312234727,0.7277173450208183,0.054178237450023516,0.3
8211,0.4248258778806371,0.7374853630747891,0.05936050364089533,0.325
8212,0.3875039406941562,0.7377424161814725,0.060773848965678556,0.32978723404255317
8213,0.3033370204349629,0.7305449291943361,0.06878280580611681,0.31063829787234043
8214,0.20635600166709042,0.7192345925002648,0.07396507199698862,0.30957446808510636
8215,0.11805776003078196,0.724632707740617,0.0871562950282987,0.3079787234042553
8216,0.04215348252581894,0.7305449291943361,0.10081863316786985,0.3074468085106383
8217,0.004901567735560343,0.7372283099681056,0.13097000009657858,0.25957446808510637
8218,0.00042013437733374364,0.7364571506480553,0.17384147494833632,0.3122340425531915
8219,0.0,0.7344007257945877,0.16630363321615915,0.3271276595744681
8220,0.0,0.7287455574475521,0.15923690659224304,0.3058510638297872
8221,0.0,0.7104947868730278,0.13379669074614503,0.2611702127659574
8222,0.0,0.6978991846455392,0.09563636697699804,0.24148936170212765
8223,0.0,0.6881311665915686,0.08103179862090473,0.2574468085106383
8224,0.0,0.6835042106712667,0.05370712234176244,0.24893617021276596
8225,0.0,0.6657675463101093,0.05747604320785103,0.26170212765957446
8226,0.0,0.6590841655363399,0.06030273385741748,0.2542553191489362
8227,0.0,0.6693662898036775,0.05983161874915641,0.2521276595744681
8228,0.0,0.6796484140710151,0.054178237450023516,0.28829787234042553
8229,0.0,0.671422714657145,0.05653381299132889,0.36329787234042554
8230,0.0008402687546674873,0.6616546966031742,0.05794715831611211,0.5175531914893617
8231,0.028919249639806018,0.6536860502959876,0.06878280580611681,0.5260638297872341
8232,0.1303817017659051,0.6441750853487004,0.08480071948699333,0.5606382978723404
8233,0.28597146617183483,0.6259243147741761,0.07066726623916111,0.526595744680851
8234,0.4120818017681802,0.6464885633088513,0.062187194290461774,0.5186170212765957
8235,0.4739816000286851,0.6506014130157863,0.05888938853263426,0.4946808510638298
8236,0.4739816000286851,0.6472597226289016,0.05747604320785103,0.4196808510638298
8237,0.42517598986174854,0.6212973588538742,0.06642723026481144,0.43138297872340425
8238,0.34787126443233973,0.5660309409169346,0.1253166187974457,0.5297872340425532
8239,0.21811976423243523,0.5572911352896976,0.2233085613157491,0.5574468085106383
8240,0.08955864476830969,0.5755419058642219,0.2968025182044767,0.5808510638297872
8241,0.00805257556556342,0.596620260612264,0.2949180577714324,0.5617021276595745
8242,0.000350111981111453,0.6130716594400041,0.3227138491588357,0.574468085106383
8243,0.0,0.5799118086778404,0.2487487771618471,0.5606382978723404
8244,0.0,0.5282441342344689,0.17855262603094707,0.5473404255319149
8245,0.0,0.48428805299160077,0.1615924821335484,0.5361702127659574
8246,0.0,0.4393037593219988,0.10128974827613092,0.5191489361702127
8247,0.0,0.3729840577976713,0.07302284178046647,0.5313829787234042
8248,0.0,0.3259433392746018,0.04993820147567385,0.40106382978723404
8249,0.0,0.29535401957927243,0.05559158277480674,0.29202127659574467
8250,0.0,0.2958681257926393,0.09940528784308662,0.2632978723404255
8251,0.0,0.3498492781961617,0.04616928060958526,0.22074468085106383
8252,0.0,0.3642442521704343,0.04381370506827989,0.24627659574468086
8253,0.0,0.35164864994294576,0.04711151082610741,0.37340425531914895
8254,0.0004901567735560342,0.33776778218204,0.04664039571784633,0.524468085106383
8255,0.04082305699759542,0.3583320307167152,0.053236007233501366,0.5196808510638298
8256,0.17183496032950113,0.421310041854158,0.05559158277480674,0.5180851063829788
8257,0.31047930484963654,0.44315955592225037,0.05841827342437318,0.5324468085106383
8258,0.41348224969262604,0.4323633254415459,0.07867622307959937,0.551595744680851
8259,0.4622178374633403,0.4770905660044644,0.07914733818786045,0.4803191489361702
8260,0.4619377478784511,0.5770842245043225,0.05276489212524029,0.3707446808510638
8261,0.4106113314475121,0.6542001565093545,0.048524856150890625,0.4085106382978723
8262,0.323363425754538,0.6809336796044323,0.08856964035308192,0.5430851063829787
8263,0.2139884428553201,0.6670528118435265,0.15876579148398196,0.5648936170212766
8264,0.08556736818363912,0.5981625792523646,0.20634841741835044,0.5781914893617022
8265,0.007352351603340513,0.5290152935545193,0.26241111530141825,0.5611702127659575
8266,0.0002800895848891624,0.49585544279235555,0.2968025182044767,0.5404255319148936
8267,0.0,0.44495892766903444,0.2091751080679169,0.5361702127659574
8268,0.0,0.33159850762163745,0.15923690659224304,0.5255319148936171
8269,0.0,0.25191204454977106,0.11824989217352959,0.5303191489361702
8270,0.0,0.19895910457298246,0.09940528784308662,0.5212765957446809
8271,0.0,0.19150456447916273,0.07773399286307722,0.5255319148936171
8272,0.0,0.1732537939046385,0.06642723026481144,0.4026595744680851
8273,0.0,0.1868776085588608,0.06360053961524499,0.2670212765957447
8274,0.0,0.24857035416288636,0.04711151082610741,0.24095744680851064
8275,0.0,0.307949621806761,0.04098701441871344,0.22872340425531915
8276,0.0,0.34625053470259354,0.041458129526974516,0.28085106382978725
8277,0.0,0.3866078724518936,0.041458129526974516,0.3675531914893617
8278,0.000350111981111453,0.33596841043525594,0.04287147485175774,0.5154255319148936
8279,0.03998278824292793,0.28815653259213614,0.04428482017654096,0.5234042553191489
8280,0.1653228774808281,0.2575672128968068,0.050880431692196,0.5207446808510638
8281,0.3060678938876322,0.2385452830022322,0.053236007233501366,0.5122340425531915
8282,0.4012283303537252,0.22157977796112518,0.054178237450023516,0.5324468085106383
8283,0.4635482629915638,0.2475421417361526,0.048524856150890625,0.4297872340425532
8284,0.47342142085890676,0.30460793141987624,0.04711151082610741,0.40691489361702127
8285,0.42741670654086183,0.36912826119741965,0.04711151082610741,0.42606382978723406
8286,0.3487815555832295,0.41077086448013694,0.04993820147567385,0.5042553191489362
8287,0.2278528773073336,0.49482723036562176,0.13191223031310073,0.5037234042553191
8288,0.09144924946631153,0.583767605278092,0.190801618845735,0.5031914893617021
8289,0.015194859980237061,0.6380058107882978,0.22849082750662092,0.5164893617021277
8290,0.001260403132001231,0.6562565813628221,0.25110435270315246,0.5191489361702127
8291,0.0,0.6629399621365915,0.24921989227010818,0.5223404255319148
8292,0.0,0.6855606355247342,0.20964622317617795,0.5207446808510638
8293,0.0,0.7120371055131285,0.11589431663222421,0.5175531914893617
8294,0.0,0.7328584071544871,0.07396507199698862,0.5382978723404256
8295,0.0,0.7385135755015227,0.05370712234176244,0.527127659574468
8296,0.0,0.7418552658884076,0.05276489212524029,0.44840425531914896
8297,0.0,0.7454540093819757,0.05559158277480674,0.324468085106383
8298,0.0,0.73979884103494,0.05559158277480674,0.2872340425531915
8299,0.0,0.7372283099681056,0.056062697883067815,0.298936170212766
8300,0.0,0.7356859913280049,0.04616928060958526,0.3122340425531915
8301,0.0,0.737999469288156,0.04569816550132418,0.4154255319148936
8302,0.00574183649022783,0.7377424161814725,0.05841827342437318,0.498936170212766
8303,0.03998278824292793,0.7441687438485585,0.05559158277480674,0.5255319148936171
8304,0.13801414295413478,0.7436546376351916,0.10223197849265307,0.5191489361702127
8305,0.25222067119269076,0.7395417879282565,0.07773399286307722,0.5223404255319148
8306,0.3623659004503539,0.7372283099681056,0.060773848965678556,0.5335106382978724
8307,0.42685652737108354,0.73979884103494,0.053236007233501366,0.4845744680851064
8308,0.42783684091819557,0.7400558941416234,0.049467086367412774,0.4101063829787234
8309,0.4062699428817301,0.7372283099681056,0.048524856150890625,0.42872340425531913
8310,0.31930212677364517,0.7387706286082062,0.0833873741622101,0.5622340425531915
8311,0.19354190315841122,0.7395417879282565,0.1667747483244202,0.576063829787234
8312,0.07198302331651474,0.7410841065683572,0.19221496417051823,0.5563829787234043
8313,0.008822821924008616,0.7372283099681056,0.22660636707357662,0.5404255319148936
8314,0.000350111981111453,0.7338866195812209,0.241682050537931,0.5632978723404255
8315,0.0,0.7300308229809693,0.1997528059026954,0.5409574468085107
8316,0.0,0.7256609201673508,0.14039230226180008,0.5303191489361702
8317,0.0,0.7143505834732794,0.11306762598265778,0.5404255319148936
8318,0.0,0.7081813089128769,0.08668517992003763,0.5079787234042553
8319,0.0,0.7004697157123737,0.07726287775481615,0.5127659574468085
8320,0.0,0.6981562377522227,0.0782051079713383,0.42340425531914894
8321,0.0,0.6845324230980004,0.0782051079713383,0.2872340425531915
8322,0.0,0.6418616073885494,0.07867622307959937,0.26276595744680853
8323,0.0,0.6102440752664863,0.07679176264655507,0.2702127659574468
8324,0.0,0.6174415622536226,0.076320647538294,0.2856382978723404
8325,0.0,0.6475167757355851,0.06784057558959466,0.3728723404255319
8326,0.0006302015660006155,0.6716797677638284,0.06736946048133359,0.5367021276595745
8327,0.008192620358008001,0.6904446445517195,0.06878280580611681,0.5377659574468086
8328,0.05370717790249689,0.6817048389244825,0.08056068351264366,0.5574468085106383
8329,0.11987834233256152,0.6709086084437781,0.07773399286307722,0.5377659574468086
8330,0.2012443667428632,0.6963568660054387,0.05936050364089533,0.5430851063829787
8331,0.26706541919181637,0.7236044953138833,0.062187194290461774,0.5010638297872341
8332,0.2615336498902554,0.7284885043408686,0.06736946048133359,0.42925531914893617
8333,0.23506518411822955,0.7328584071544871,0.06548500004828929,0.4409574468085106
8334,0.19389201513952267,0.7395417879282565,0.09940528784308662,0.5356382978723404
8335,0.12281928297389771,0.7413411596750407,0.22754859729009877,0.55
8336,0.0551076258269427,0.7433975845285081,0.2850246404979498,0.5867021276595744
8337,0.008192620358008001,0.7444257969552419,0.298686978637521,0.5654255319148936
8338,0.00042013437733374364,0.7454540093819757,0.2468643167288028,0.5484042553191489
8339,0.0,0.7464822218087094,0.1889171584126907,0.5404255319148936
8340,0.0,0.7480245404488101,0.15028571953528264,0.5601063829787234
8341,0.0,0.7490527528755438,0.139921187153539,0.5627659574468085
8342,0.0,0.7495668590889107,0.12060546771483496,0.551063829787234
8343,0.0,0.7490527528755438,0.08480071948699333,0.5537234042553192
8344,0.0,0.748538646662177,0.06972503602263896,0.43617021276595747
8345,0.0,0.7472533811287597,0.05182266190871815,0.2978723404255319
8346,0.0,0.7451969562752923,0.04664039571784633,0.2803191489361702
8347,0.0,0.7457110624886591,0.04616928060958526,0.29095744680851066
8348,0.0,0.7459681155953426,0.04664039571784633,0.2936170212765957
8349,0.0,0.7464822218087094,0.04522705039306311,0.2803191489361702
8350,0.0011903807357789402,0.7441687438485585,0.04664039571784633,0.2904255319148936
8351,0.02422774909291255,0.7392847348215731,0.050880431692196,0.2835106382978723
8352,0.10629399746543713,0.7385135755015227,0.05983161874915641,0.29414893617021276
8353,0.20159447872397465,0.7410841065683572,0.06360053961524499,0.30531914893617024
8354,0.259503000399809,0.7415982127817241,0.06312942450698393,0.28829787234042553
8355,0.27875915936093887,0.7382565223948393,0.06265830939872286,0.29308510638297874
8356,0.24311775968379298,0.7318301947277533,0.06736946048133359,0.2968085106382979
8357,0.21503877879865443,0.7336295664745375,0.0725517266722054,0.29627659574468085
8358,0.1818481629892887,0.7308019823010196,0.07208061156394432,0.3021276595744681
8359,0.1258302460114562,0.729259663660919,0.11966323749831281,0.2973404255319149
8360,0.05727832010983371,0.731059035407703,0.22425079153227126,0.30638297872340425
8361,0.0075624187920073855,0.7297737698742859,0.2930335973383881,0.29148936170212764
8362,0.000350111981111453,0.7264320794874011,0.3019847843953485,0.2872340425531915
8363,0.0,0.7238615484205667,0.26994895703359545,0.28404255319148936
8364,0.0,0.7200057518203151,0.18797492819616854,0.2675531914893617
8365,0.0,0.7236044953138833,0.13897895693701684,0.2781914893617021
8366,0.0,0.7248897608473005,0.09893417273482555,0.275
8367,0.0,0.7236044953138833,0.0744361871052497,0.25585106382978723
8368,0.0,0.7210339642470489,0.07019615113090004,0.29202127659574467
8369,0.0,0.718206380073531,0.05559158277480674,0.27287234042553193
8370,0.0,0.718206380073531,0.05888938853263426,0.2968085106382979
8371,0.0,0.7115229992997616,0.06642723026481144,0.2946808510638298
8372,0.0,0.7094665744462941,0.05182266190871815,0.28404255319148936
8373,0.0,0.7089524682329272,0.05370712234176244,0.2824468085106383
8374,0.001400447924445812,0.7143505834732794,0.05841827342437318,0.29840425531914894
8375,0.034941175714923015,0.7220621766737826,0.05888938853263426,0.29414893617021276
8376,0.13024165697346052,0.7282314512341852,0.05559158277480674,0.29521276595744683
8377,0.24080702060845738,0.7295167167676024,0.05841827342437318,0.2781914893617021
8378,0.3343569419614376,0.7305449291943361,0.062187194290461774,0.2835106382978723
8379,0.3762303349023674,0.7305449291943361,0.05936050364089533,0.2797872340425532
8380,0.4037491366177276,0.7308019823010196,0.05841827342437318,0.2712765957446808
8381,0.3524227201867886,0.7313160885143865,0.060773848965678556,0.2797872340425532
8382,0.2788992041533835,0.7313160885143865,0.05936050364089533,0.28829787234042553
8383,0.1915112536679648,0.7295167167676024,0.08244514394568796,0.28829787234042553
8384,0.08178615878763543,0.7279743981275018,0.11165428065787456,0.29095744680851066
8385,0.010643404225788172,0.7259179732740343,0.14274787780310544,0.2553191489361702
8386,0.00042013437733374364,0.7225762828871495,0.13191223031310073,0.2734042553191489
8387,0.0,0.722319229780466,0.12861442455527322,0.2654255319148936
8388,0.0,0.7171781676467973,0.12814330944701213,0.2702127659574468
8389,0.0,0.7104947868730278,0.1107120504413524,0.2569148936170213
8390,0.0,0.7068960433794597,0.10741424468352488,0.2531914893617021
8391,0.0,0.7030402467792081,0.0833873741622101,0.26063829787234044
8392,0.0,0.6858176886314176,0.06360053961524499,0.27393617021276595
8393,0.0,0.6765637767908138,0.06030273385741748,0.24148936170212765
8394,0.0,0.6716797677638284,0.05841827342437318,0.2845744680851064
8395,0.0,0.6642252276700087,0.05841827342437318,0.2569148936170213
8396,0.0,0.6467456164155347,0.05794715831611211,0.26648936170212767
8397,0.0,0.6518866785492036,0.05794715831611211,0.3617021276595745
8398,0.0008402687546674873,0.6701374491237277,0.05794715831611211,0.5319148936170213
8399,0.01141365058423337,0.6678239711635768,0.0617160791822007,0.5920212765957447
8400,0.055387715411831864,0.6526578378692539,0.06831169069785574,0.5691489361702128
8401,0.11357632667255536,0.44058902485541596,0.06595611515655037,0.5553191489361702
8402,0.17575621451794943,0.3788962792513904,0.054178237450023516,0.5148936170212766
8403,0.2057258001010898,0.38532260691847636,0.05983161874915641,0.46063829787234045
8404,0.2107674126290947,0.41616897972048916,0.05370712234176244,0.4154255319148936
8405,0.20845667355375913,0.4251658384544096,0.055120467666545665,0.43829787234042555
8406,0.17855711036684105,0.4418742903888332,0.06407165472350607,0.5569148936170213
8407,0.11049534123877457,0.5189902223938652,0.13945007204527793,0.5590425531914893
8408,0.05230672997805108,0.5549776573295467,0.19881057568617325,0.5707446808510638
8409,0.007772485980674257,0.5799118086778404,0.25911330954359074,0.5547872340425531
8410,0.00021006718866687182,0.6079305973063354,0.3142337772101364,0.5558510638297872
8411,0.0,0.6097299690531194,0.2087039929596558,0.550531914893617
8412,0.0,0.5963632075055806,0.16441917278311485,0.5638297872340425
8413,0.0,0.5614039849966327,0.10081863316786985,0.5585106382978723
8414,0.0,0.49919713317924025,0.07066726623916111,0.575
8415,0.0,0.3958617842924974,0.06736946048133359,0.5718085106382979
8416,0.0,0.34522232227585975,0.0617160791822007,0.4377659574468085
8417,0.0,0.35653265896993114,0.05841827342437318,0.29521276595744683
8418,0.0,0.3801815447848076,0.05182266190871815,0.275
8419,0.0,0.4143696079737051,0.054178237450023516,0.27606382978723404
8420,0.0,0.40100284642616624,0.043342589960018815,0.30319148936170215
8421,0.0,0.39611883739918086,0.04381370506827989,0.40638297872340423
8422,0.0007702463584451966,0.3974041029325981,0.04758262593436848,0.5776595744680851
8423,0.03711186999781402,0.4220812011742083,0.05747604320785103,0.5941489361702128
8424,0.16588305665060643,0.49277080551215424,0.062187194290461774,0.598404255319149
8425,0.3157309845663083,0.5333851963681377,0.05464935255828459,0.6111702127659574
8426,0.41243191374929167,0.5560058697562805,0.055120467666545665,0.6313829787234042
8427,0.46971023385912536,0.6410904480684991,0.05700492809958996,0.5579787234042554
8428,0.48252433236780456,0.6637111214566418,0.050409316583934924,0.49414893617021277
8429,0.44093102901176395,0.6850465293113673,0.06548500004828929,0.5154255319148936
8430,0.347451130055006,0.6984132908589061,0.08621406481177656,0.6313829787234042
8431,0.22008039132665938,0.6919869631918202,0.1597080217005041,0.6372340425531915
8432,0.0946002572963146,0.6652534400967425,0.3194160434010082,0.6223404255319149
8433,0.01141365058423337,0.6212973588538742,0.3938522305062579,0.5930851063829787
8434,0.00042013437733374364,0.6675669180568934,0.3175315829679639,0.6101063829787234
8435,0.0,0.6709086084437781,0.2105884533927001,0.6313829787234042
8436,0.0,0.6598553248563902,0.12720107923048998,0.6021276595744681
8437,0.0,0.6130716594400041,0.06595611515655037,0.6037234042553191
8438,0.0,0.5891657205184442,0.05747604320785103,0.5952127659574468
8439,0.0,0.6259243147741761,0.060773848965678556,0.5909574468085106
8440,0.0,0.6711656615504615,0.06265830939872286,0.4803191489361702
8441,0.0,0.6783631485375978,0.05464935255828459,0.3303191489361702
8442,0.0,0.6698803960170443,0.05370712234176244,0.31117021276595747
8443,0.0,0.6693662898036775,0.05370712234176244,0.3090425531914894
8444,0.0,0.6657675463101093,0.054178237450023516,0.3351063829787234
8445,0.0,0.6493161474823691,0.05370712234176244,0.45053191489361705
8446,0.0011203583395566496,0.6544572096160379,0.05182266190871815,0.6180851063829788
8447,0.024717905866468583,0.6757926174707635,0.05983161874915641,0.6457446808510638
8448,0.10398325839010154,0.6858176886314176,0.09610748208525911,0.6404255319148936
8449,0.2018745683088638,0.6873600072715182,0.0782051079713383,0.652127659574468
8450,0.29906565426540316,0.6904446445517195,0.05936050364089533,0.6574468085106383
8451,0.36180572128057553,0.6886452728049355,0.056062697883067815,0.5712765957446808
8452,0.39597665063705334,0.6917299100851367,0.05653381299132889,0.5345744680851063
8453,0.3925455532221611,0.6894164321249858,0.05841827342437318,0.5382978723404256
8454,0.3242737169054278,0.6891593790183024,0.06454276983176714,0.6622340425531915
8455,0.2102772558555387,0.6878741134848851,0.1234321583644014,0.6643617021276595
8456,0.08829824163630845,0.694814547365338,0.2181262951248773,0.6026595744680852
8457,0.011273605791788786,0.6945574942586545,0.27890014409055586,0.5781914893617022
8458,0.00042013437733374364,0.6829901044578998,0.26900672681707327,0.5287234042553192
8459,0.0,0.6739932457239793,0.2233085613157491,0.548936170212766
8460,0.0,0.6693662898036775,0.15169906486006585,0.5425531914893617
8461,0.0,0.6565136344695055,0.09469413676047589,0.549468085106383
8462,0.0,0.6385199170016647,0.0744361871052497,0.5696808510638298
8463,0.0,0.6272095803075933,0.06360053961524499,0.5712765957446808
8464,0.0,0.6220685181739245,0.07160949645568326,0.4632978723404255
8465,0.0,0.6248961023474424,0.07160949645568326,0.3414893617021277
8466,0.0,0.6230967306006583,0.04993820147567385,0.31170212765957445
8467,0.0,0.6153851374001551,0.04711151082610741,0.30638297872340425
8468,0.0,0.621811465067241,0.04711151082610741,0.3425531914893617
8469,0.0,0.6344070672947296,0.04758262593436848,0.46170212765957447
8470,0.0009102911508897778,0.6410904480684991,0.04569816550132418,0.6170212765957447
8471,0.018135800621573266,0.652143731655887,0.04993820147567385,0.6569148936170213
8472,0.07548414312762927,0.6619117497098577,0.05747604320785103,0.6590425531914894
8473,0.1408850611992487,0.6593412186430233,0.056062697883067815,0.6696808510638298
8474,0.20425532978042168,0.6588271124296564,0.05747604320785103,0.6478723404255319
8475,0.23121395232600359,0.6724509270838788,0.061244964073939624,0.5537234042553192
8476,0.22547211583577575,0.6775919892175475,0.06642723026481144,0.5234042553191489
8477,0.20180454591264152,0.680162520284382,0.06784057558959466,0.5457446808510639
8478,0.15313898053814956,0.6783631485375978,0.07584953243003292,0.6617021276595745
8479,0.10405328078632384,0.680162520284382,0.1436901080196276,0.7138297872340426
8480,0.049435811732937165,0.6503443599091029,0.26900672681707327,0.698404255319149
8481,0.006372038056228445,0.6372346514682474,0.3363761872984069,0.6425531914893617
8482,0.000350111981111453,0.6215544119605576,0.305282590153176,0.6446808510638298
8483,0.0,0.6284948458410106,0.18514823754660212,0.6398936170212766
8484,0.0,0.6367205452548806,0.11542320152396314,0.6367021276595745
8485,0.0,0.6099870221598028,0.1088275900083081,0.6180851063829788
8486,0.0,0.598419632359048,0.07490730221351077,0.6074468085106383
8487,0.0,0.5850528708115091,0.06407165472350607,0.625531914893617
8488,0.0,0.5552347104362302,0.06501388494002822,0.4675531914893617
8489,0.0,0.5675732595570353,0.06501388494002822,0.35319148936170214
8490,0.0,0.577341277611006,0.05559158277480674,0.2696808510638298
8491,0.0,0.5745136934374881,0.05370712234176244,0.2601063829787234
8492,0.0,0.5927644640120123,0.0489959712591517,0.31117021276595747
8493,0.0,0.5881375080917105,0.0489959712591517,0.4664893617021277
8494,0.0008402687546674873,0.5919933046919621,0.05370712234176244,0.6409574468085106
8495,0.03522126529981218,0.6022754289592996,0.08056068351264366,0.6409574468085106
8496,0.1527188461608158,0.6320935893345787,0.09233856121917051,0.675531914893617
8497,0.28716184690761376,0.6462315102021678,0.08809852524482086,0.6585106382978724
8498,0.3876439854866008,0.6547142627227214,0.10458755403395845,0.6664893617021277
8499,0.45108427646399607,0.6688521835903106,0.07914733818786045,0.5303191489361702
8500,0.47041045782134827,0.6721938739771953,0.07160949645568326,0.5154255319148936
8501,0.4359594388799813,0.6814477858177992,0.07679176264655507,0.5345744680851063
8502,0.34591063733811556,0.6858176886314176,0.08103179862090473,0.6627659574468086
8503,0.22827301168466738,0.686074741738101,0.14416122312788865,0.6936170212765957
8504,0.09957184742809724,0.6835042106712667,0.23885535988836454,0.6787234042553192
8505,0.01281409850867918,0.6757926174707635,0.3048114750449149,0.676595744680851
8506,0.00042013437733374364,0.656770687576189,0.2939758275549102,0.6696808510638298
8507,0.0,0.6367205452548806,0.18656158287138533,0.6813829787234043
8508,0.0,0.596620260612264,0.1672458634326813,0.6372340425531915
8509,0.0,0.5351845681149219,0.1069431295752638,0.6622340425531915
8510,0.0,0.4891720620185861,0.08762741013655978,0.6351063829787233
8511,0.0,0.46757960105717716,0.06501388494002822,0.6159574468085106
8512,0.0,0.4742629818309466,0.061244964073939624,0.45797872340425533
8513,0.0,0.47477708804431346,0.06360053961524499,0.2978723404255319
8514,0.0,0.4722065569774791,0.07302284178046647,0.2734042553191489
8515,0.0,0.500225345605974,0.07113838134742219,0.27393617021276595
8516,0.0,0.5390403647151735,0.06360053961524499,0.27606382978723404
8517,0.0,0.608958809733069,0.06407165472350607,0.2797872340425532
8518,0.0008402687546674873,0.6634540683499583,0.06595611515655037,0.2968085106382979
8519,0.023667569923134225,0.671422714657145,0.08150291372916581,0.275
8520,0.08374678588185956,0.6799054671776985,0.08904075546134299,0.27074468085106385
8521,0.17680655046128377,0.6804195733910654,0.07773399286307722,0.2845744680851064
8522,0.2577524404942517,0.6894164321249858,0.06831169069785574,0.3079787234042553
8523,0.31489071581164085,0.6889023259116189,0.07160949645568326,0.3175531914893617
8524,0.3367377034329955,0.6973850784321725,0.0744361871052497,0.32074468085106383
8525,0.304807490755631,0.7097236275529776,0.07537841732177185,0.31436170212765957
8526,0.21475868921376529,0.7084383620195603,0.07396507199698862,0.31542553191489364
8527,0.12400966370967666,0.7099806806596609,0.11589431663222421,0.300531914893617
8528,0.04754520703493532,0.7112659461930781,0.15546798572615445,0.3223404255319149
8529,0.007632441188229676,0.7081813089128769,0.18985938862921284,0.3452127659574468
8530,0.00042013437733374364,0.7074101495928266,0.18844604330442963,0.34627659574468084
8531,0.0,0.6963568660054387,0.16253471235007055,0.34574468085106386
8532,0.0,0.6871029541648348,0.14463233823614974,0.32074468085106383
8533,0.0,0.6863317948447845,0.11212539576613563,0.3351063829787234
8534,0.0,0.6881311665915686,0.09045410078612622,0.3468085106382979
8535,0.0,0.690701697658403,0.08150291372916581,0.3425531914893617
8536,0.0,0.6894164321249858,0.07867622307959937,0.3148936170212766
8537,0.0,0.6865888479514679,0.07537841732177185,0.31968085106382976
8538,0.0,0.6853035824180508,0.0725517266722054,0.33191489361702126
8539,0.0,0.6914728569784533,0.06407165472350607,0.3228723404255319
8540,0.0,0.684275369991317,0.06407165472350607,0.324468085106383
8541,0.0,0.6773349361108641,0.06454276983176714,0.3324468085106383
8542,0.0009102911508897778,0.6778490423242309,0.06454276983176714,0.3223404255319149
8543,0.0186259573951293,0.6770778830041807,0.08621406481177656,0.33351063829787236
8544,0.09235954061720131,0.6724509270838788,0.09045410078612622,0.3202127659574468
8545,0.17939737912150852,0.6752785112573966,0.08480071948699333,0.32872340425531915
8546,0.2580325300791409,0.6721938739771953,0.07679176264655507,0.29627659574468085
8547,0.3024267292840731,0.6724509270838788,0.07726287775481615,0.3047872340425532
8548,0.33722786020655154,0.6781060954309144,0.076320647538294,0.2691489361702128
8549,0.3321862476785466,0.6909587507650864,0.06878280580611681,0.32393617021276594
8550,0.26706541919181637,0.697128025325489,0.06689834537307252,0.33563829787234045
8551,0.1803076702723983,0.6986703439655896,0.09233856121917051,0.3414893617021277
8552,0.08311658431585894,0.6976421315388559,0.13097000009657858,0.31063829787234043
8553,0.012393964131345437,0.6986703439655896,0.19739723036139004,0.300531914893617
8554,0.00021006718866687182,0.7022690874591577,0.1889171584126907,0.2936170212765957
8555,0.0,0.6984132908589061,0.1761970504896417,0.30851063829787234
8556,0.0,0.6871029541648348,0.1634769425665927,0.29946808510638295
8557,0.0,0.6876170603782017,0.11777877706526851,0.30638297872340425
8558,0.0,0.6966139191121221,0.09657859719352019,0.2845744680851064
8559,0.0,0.693015175618554,0.07349395688872755,0.2877659574468085
8560,0.0,0.6752785112573966,0.06972503602263896,0.29308510638297874
8561,0.0,0.6809336796044323,0.06878280580611681,0.298936170212766
8562,0.0,0.6706515553370946,0.06501388494002822,0.31648936170212766
8563,0.0,0.6680810242702603,0.06360053961524499,0.3074468085106383
8564,0.0,0.6588271124296564,0.06360053961524499,0.3382978723404255
8565,0.0,0.6524007847625705,0.06360053961524499,0.43457446808510636
8566,0.000700223962222906,0.6503443599091029,0.06360053961524499,0.6164893617021276
8567,0.00931297869756465,0.6590841655363399,0.07113838134742219,0.6484042553191489
8568,0.04614475911048951,0.6595982717497068,0.07302284178046647,0.6510638297872341
8569,0.0968409739754279,0.6572847937895558,0.06501388494002822,0.6579787234042553
8570,0.1310119033319057,0.6516296254425201,0.06407165472350607,0.6351063829787233
8571,0.15706023472659783,0.6711656615504615,0.0617160791822007,0.5207446808510638
8572,0.1504781294817025,0.686074741738101,0.05276489212524029,0.46914893617021275
8573,0.1296814778036822,0.660883537283124,0.06501388494002822,0.5117021276595745
8574,0.08591748016475056,0.6338929610813627,0.06454276983176714,0.6260638297872341
8575,0.04887563256315884,0.613585765653371,0.09657859719352019,0.625
8576,0.019816338130908242,0.5778553838243728,0.13850784182875578,0.6265957446808511
8577,0.0032910526224476586,0.5197613817139155,0.16112136702528732,0.6319148936170212
8578,0.0002800895848891624,0.5187331692871817,0.17337035984007526,0.6
8579,0.0,0.4968836552190893,0.1964550001448679,0.6170212765957447
8580,0.0,0.5053664077396428,0.16960143897398666,0.6111702127659574
8581,0.0,0.5418679488886913,0.13144111520483967,0.6101063829787234
8582,0.0,0.5732284279040709,0.11353874109091885,0.6191489361702127
8583,0.0,0.6439180322420169,0.09139633100264836,0.5893617021276596
8584,0.0,0.6778490423242309,0.07867622307959937,0.475531914893617
8585,0.0,0.6817048389244825,0.08621406481177656,0.3324468085106383
8586,0.0,0.688388219698252,0.0852718345952544,0.30372340425531913
8587,0.0,0.6886452728049355,0.0852718345952544,0.300531914893617
8588,0.0,0.6886452728049355,0.08621406481177656,0.3292553191489362
8589,0.0,0.688388219698252,0.08621406481177656,0.4595744680851064
8590,0.0009803135471120683,0.6853035824180508,0.08197402883742688,0.6202127659574468
8591,0.011203583395566496,0.6796484140710151,0.0833873741622101,0.6308510638297873
8592,0.0529369315440517,0.6863317948447845,0.10411643892569737,0.6122340425531915
8593,0.09726110835276165,0.6806766264977488,0.10411643892569737,0.6148936170212767
8594,0.16049133214149006,0.6837612637779501,0.09516525186873696,0.5851063829787234
8595,0.17540610253683797,0.6853035824180508,0.09893417273482555,0.4898936170212766
8596,0.1969029781770812,0.6811907327111157,0.09233856121917051,0.45053191489361705
8597,0.18429894685706888,0.6737361926172959,0.0979919425183034,0.45585106382978724
8598,0.14046492682191494,0.6775919892175475,0.09139633100264836,0.5973404255319149
8599,0.10405328078632384,0.6729650332972457,0.1436901080196276,0.624468085106383
8600,0.05041612528004923,0.6629399621365915,0.23178863326444843,0.625
8601,0.006862194829784479,0.6374917045749309,0.2704200721418565,0.601063829787234
8602,0.000350111981111453,0.6140998718667379,0.27183341746663975,0.6042553191489362
8603,0.0,0.5757989589709054,0.2091751080679169,0.5909574468085106
8604,0.0,0.5436673206354754,0.1436901080196276,0.5904255319148937
8605,0.0,0.47477708804431346,0.16017913680876517,0.6042553191489362
8606,0.0,0.4285075288412943,0.14086341737006114,0.5845744680851064
8607,0.0,0.4022881119595834,0.10458755403395845,0.5707446808510638
8608,0.0,0.3737552171177216,0.10505866914221952,0.42925531914893617
8609,0.0,0.3161753212206311,0.14086341737006114,0.28882978723404257
8610,0.0,0.3164323743273145,0.09940528784308662,0.26595744680851063
8611,0.0,0.412570236226921,0.07584953243003292,0.2590425531914894
8612,0.0,0.46500906999034275,0.0744361871052497,0.27606382978723404
8613,0.0,0.5143632664735632,0.06831169069785574,0.3851063829787234
8614,0.0004901567735560342,0.600733110319199,0.06454276983176714,0.5840425531914893
8615,0.016945419885794327,0.6750214581507131,0.0725517266722054,0.6372340425531915
8616,0.07345349363718284,0.6881311665915686,0.07914733818786045,0.6436170212765957
8617,0.14956783833081272,0.6899305383383526,0.07961845329612152,0.6292553191489362
8618,0.20152445632775234,0.6896734852316693,0.08574294970351548,0.6468085106382979
8619,0.2539012087020257,0.681961892031166,0.0979919425183034,0.5292553191489362
8620,0.3098491032836359,0.67553556436408,0.07584953243003292,0.4377659574468085
8621,0.3071182298309666,0.6637111214566418,0.07302284178046647,0.4648936170212766
8622,0.2577524404942517,0.6323506424412622,0.07961845329612152,0.6026595744680852
8623,0.17841706557439646,0.6058741724528678,0.1559391008344155,0.648936170212766
8624,0.07464387437296179,0.6336359079746793,0.24780654694532495,0.6196808510638298
8625,0.01162371777290024,0.6698803960170443,0.28973579158056056,0.6186170212765958
8626,0.00042013437733374364,0.6683380773769437,0.34061622327275654,0.6218085106382979
8627,0.0,0.6601123779630736,0.3109359714523089,0.624468085106383
8628,0.0,0.6441750853487004,0.24262428075445314,0.624468085106383
8629,0.0,0.6364634921481972,0.23649978434705918,0.6218085106382979
8630,0.0,0.6436609791353335,0.1724281296235531,0.600531914893617
8631,0.0,0.656770687576189,0.1455745684526719,0.6186170212765958
8632,0.0,0.6814477858177992,0.12814330944701213,0.5058510638297873
8633,0.0,0.6835042106712667,0.12437438858092355,0.3324468085106383
8634,0.0,0.6837612637779501,0.11919212239005174,0.2936170212765957
8635,0.0,0.6788772547509647,0.1125965108743967,0.30372340425531913
8636,0.0,0.6670528118435265,0.09940528784308662,0.31968085106382976
8637,0.0,0.6531719440826208,0.09657859719352019,0.45372340425531915
8638,0.0006302015660006155,0.6606264841764405,0.06878280580611681,0.6324468085106383
8639,0.02450783867780171,0.6732220864039291,0.08056068351264366,0.6728723404255319
8640,0.12064858869100671,0.6829901044578998,0.08056068351264366,0.676595744680851
8641,0.24381798364601587,0.6960998128987552,0.07867622307959937,0.6771276595744681
8642,0.2957045792467332,0.7032972998858915,0.0744361871052497,0.6297872340425532
8643,0.3650267515068009,0.7038114060992584,0.07867622307959937,0.5595744680851064
8644,0.44219143214376516,0.7053537247393591,0.07867622307959937,0.49148936170212765
8645,0.4300075352010866,0.7032972998858915,0.07679176264655507,0.5287234042553192
8646,0.35613390718657,0.6996985563923234,0.09563636697699804,0.6558510638297872
8647,0.22526204864710886,0.6984132908589061,0.14981460442702155,0.7079787234042553
8648,0.07793492699540944,0.6937863349386042,0.21482848936704976,0.7074468085106383
8649,0.0104333370371213,0.6978991846455392,0.2850246404979498,0.7202127659574468
8650,0.00042013437733374364,0.703554352992575,0.3010425541788263,0.7223404255319149
8651,0.0,0.7017549812457909,0.27371787789968405,0.7319148936170212
8652,0.0,0.7045825654193087,0.2049350720935672,0.7122340425531914
8653,0.0,0.6955857066853883,0.15876579148398196,0.7053191489361702
8654,0.0,0.6495732005890525,0.14133453247832223,0.6867021276595745
8655,0.0,0.6513725723358367,0.13473892096266718,0.6893617021276596
8656,0.0,0.6516296254425201,0.11919212239005174,0.5643617021276596
8657,0.0,0.6511155192291532,0.11542320152396314,0.3861702127659574
8658,0.0,0.6536860502959876,0.11400985619917992,0.35212765957446807
8659,0.0,0.6506014130157863,0.11400985619917992,0.35851063829787233
8660,0.0,0.6750214581507131,0.11400985619917992,0.40585106382978725
8661,0.0,0.7004697157123737,0.11306762598265778,0.5063829787234042
8662,0.0009803135471120683,0.6963568660054387,0.0833873741622101,0.6808510638297872
8663,0.01162371777290024,0.6960998128987552,0.08197402883742688,0.6787234042553192
8664,0.056298006562721645,0.6950716004720214,0.08668517992003763,0.6920212765957446
8665,0.1214888574456742,0.6984132908589061,0.08480071948699333,0.6680851063829787
8666,0.15558976440592973,0.6865888479514679,0.09940528784308662,0.6840425531914893
8667,0.18843026823418402,0.6835042106712667,0.10317420870917522,0.622872340425532
8668,0.16196180246215816,0.6912158038717698,0.09186744611090944,0.5404255319148936
8669,0.1443861810103632,0.6909587507650864,0.18467712243834103,0.5425531914893617
8670,0.13136201531301717,0.6968709722188056,0.22613525196531556,0.6351063829787233
8671,0.0893485775796428,0.7022690874591577,0.26618003616750685,0.6595744680851063
8672,0.032770481432032005,0.7017549812457909,0.30057143907056527,0.6776595744680851
8673,0.005111634924227214,0.7020120343524743,0.330722805999274,0.6898936170212766
8674,0.0002800895848891624,0.7002126626056903,0.318002698076225,0.6835106382978723
8675,0.0,0.7022690874591577,0.21482848936704976,0.6946808510638298
8676,0.0,0.7007267688190572,0.17666816559790277,0.7053191489361702
8677,0.0,0.6973850784321725,0.13945007204527793,0.7164893617021276
8678,0.0,0.7007267688190572,0.11730766195700744,0.6707446808510639
8679,0.0,0.7115229992997616,0.08480071948699333,0.6170212765957447
8680,0.0,0.7130653179398623,0.07867622307959937,0.4925531914893617
8681,0.0,0.7125512117264954,0.07726287775481615,0.35425531914893615
8682,0.0,0.7071530964861431,0.07773399286307722,0.32553191489361705
8683,0.0,0.7027831936725246,0.07726287775481615,0.31117021276595747
8684,0.0,0.7022690874591577,0.07773399286307722,0.31436170212765957
8685,0.0,0.701240875032424,0.0852718345952544,0.30638297872340425
8686,0.0009803135471120683,0.7014979281391075,0.08621406481177656,0.3148936170212766
8687,0.021216786055354053,0.6996985563923234,0.08103179862090473,0.3271276595744681
8688,0.12309937255878688,0.7014979281391075,0.08480071948699333,0.3271276595744681
8689,0.2704264942104863,0.7056107778460425,0.09752082741004232,0.29840425531914894
8690,0.38624353756215496,0.7050966716326756,0.10128974827613092,0.31329787234042555
8691,0.4524847243884419,0.6984132908589061,0.10034751805960877,0.32127659574468087
8692,0.46543886768956566,0.6966139191121221,0.0852718345952544,0.2734042553191489
8693,0.43721984201198255,0.6958427597920718,0.08480071948699333,0.325
8694,0.36348625878991053,0.6978991846455392,0.08385848927047118,0.3170212765957447
8695,0.2516604920229124,0.6996985563923234,0.101760863384392,0.2936170212765957
8696,0.11133560999344205,0.6984132908589061,0.11495208641570206,0.29946808510638295
8697,0.015825061546237678,0.7030402467792081,0.12672996412222892,0.3122340425531915
8698,0.00042013437733374364,0.7086954151262438,0.19033050373747393,0.33297872340425533
8699,0.0,0.7089524682329272,0.20446395698530614,0.32340425531914896
8700,0.0,0.7053537247393591,0.19551276992834574,0.30638297872340425
8701,0.0,0.6984132908589061,0.16112136702528732,0.30106382978723406
8702,0.0,0.6978991846455392,0.14274787780310544,0.2957446808510638
8703,0.0,0.6999556094990068,0.10647201446700273,0.29095744680851066
8704,0.0,0.7030402467792081,0.09233856121917051,0.30531914893617024
8705,0.0,0.6953286535787049,0.08621406481177656,0.29308510638297874
8706,0.0,0.6791343078576482,0.09045410078612622,0.30106382978723406
8707,0.0,0.6598553248563902,0.08668517992003763,0.2978723404255319
8708,0.0,0.6685951304836272,0.08621406481177656,0.2835106382978723
8709,0.0,0.666795758736843,0.08762741013655978,0.2851063829787234
8710,0.0006302015660006155,0.6441750853487004,0.08998298567786514,0.27074468085106385
8711,0.03193021267736452,0.615899243613522,0.0998764029513477,0.24521276595744682
8712,0.15993115297171173,0.5927644640120123,0.0979919425183034,0.27606382978723404
8713,0.321682888245203,0.5462378517023098,0.08150291372916581,0.24840425531914895
8714,0.4431017232946549,0.4950842834723052,0.07537841732177185,0.2531914893617021
8715,0.5106733356491654,0.46063916717672426,0.07537841732177185,0.2803191489361702
8716,0.5300695394027398,0.435962068935114,0.07396507199698862,0.251063829787234
8717,0.4991196402724874,0.4256799446677765,0.06784057558959466,0.25372340425531914
8718,0.4077404132023982,0.4601250609633574,0.06784057558959466,0.26276595744680853
8719,0.2667853296069272,0.4686078134839109,0.09610748208525911,0.2691489361702128
8720,0.11896805118167174,0.47400592872426317,0.12013435260657389,0.27180851063829786
8721,0.016805375093349745,0.48351689367155043,0.1436901080196276,0.28882978723404257
8722,7.00223962222906e-05,0.4480435649492357,0.2195396404496605,0.2877659574468085
8723,0.0,0.40203105885289997,0.22095298577444372,0.26595744680851063
8724,0.0,0.3840373413850592,0.20823287785139474,0.2643617021276596
8725,0.0,0.34188063188897505,0.17384147494833632,0.2946808510638298
8726,0.0,0.28918474501886987,0.1540546404013712,0.26382978723404255
8727,0.0,0.2750468241512807,0.09186744611090944,0.25372340425531914
8728,0.0,0.31925995850083233,0.07490730221351077,0.25638297872340426
8729,0.0,0.3146330025805304,0.07019615113090004,0.2776595744680851
8730,0.0,0.32080227714093296,0.06454276983176714,0.2797872340425532
8731,0.0,0.4022881119595834,0.060773848965678556,0.275
8732,0.0,0.4177112983605898,0.061244964073939624,0.3398936170212766
8733,0.0,0.24060170785569973,0.060773848965678556,0.4207446808510638
8734,0.0002800895848891624,0.15114722672986267,0.062187194290461774,0.5845744680851064
8735,0.022617233979799863,0.12338549120805115,0.10600089935874166,0.6122340425531915
8736,0.11336625948388848,0.10256418956669251,0.08856964035308192,0.6021276595744681
8737,0.23212424347689334,0.09253911840603836,0.062187194290461774,0.625531914893617
8738,0.32308333616964885,0.1483196425563448,0.06360053961524499,0.6170212765957447
8739,0.3824623281661513,0.22852021184157806,0.06501388494002822,0.5632978723404255
8740,0.39072497092038155,0.23237600844182965,0.06642723026481144,0.5047872340425532
8741,0.38274241775104045,0.22003745932102453,0.07066726623916111,0.5468085106382978
8742,0.3517224962245657,0.20769891020021944,0.07349395688872755,0.6702127659574468
8743,0.2555817462113607,0.19638857350614808,0.16441917278311485,0.6925531914893617
8744,0.12765082831323576,0.17556727186478943,0.2968025182044767,0.6962765957446808
8745,0.017715666244239522,0.1642569351707181,0.419763561460617,0.6898936170212766
8746,0.0002800895848891624,0.15937292614373272,0.4409637413323653,0.698936170212766
8747,0.0,0.16734157245091938,0.3142337772101364,0.6867021276595745
8748,0.0,0.1732537939046385,0.21529960447531085,0.699468085106383
8749,0.0,0.19253277690589649,0.16583251810789806,0.7058510638297872
8750,0.0,0.24831330105620292,0.12484550368918462,0.6718085106382978
8751,0.0,0.2971533913260565,0.0852718345952544,0.6617021276595745
8752,0.0,0.39663294361254775,0.08432960437873226,0.5441489361702128
8753,0.0,0.40203105885289997,0.08244514394568796,0.38138297872340426
8754,0.0,0.37915333235807386,0.07490730221351077,0.3372340425531915
8755,0.0,0.40974265205340316,0.07396507199698862,0.3382978723404255
8756,0.0,0.4799181501779823,0.0744361871052497,0.3723404255319149
8757,0.0,0.5614039849966327,0.0744361871052497,0.4978723404255319
8758,0.000700223962222906,0.6266954740942264,0.07349395688872755,0.6265957446808511
8759,0.021917010017576958,0.6606264841764405,0.07490730221351077,0.6851063829787234
8760,0.11658728971011385,0.6781060954309144,0.0852718345952544,0.7085106382978723
8761,0.24332782687245985,0.6994415032856399,0.07160949645568326,0.6861702127659575
8762,0.3367377034329955,0.7092095213396107,0.06925392091437789,0.6851063829787234
8763,0.3859634479772658,0.7166640614334304,0.06972503602263896,0.6111702127659574
8764,0.3920553964486051,0.7212910173537324,0.06925392091437789,0.527127659574468
8765,0.36712742339346965,0.7266891325940845,0.07066726623916111,0.5808510638297872
8766,0.28940256358672706,0.7277173450208183,0.07584953243003292,0.6893617021276596
8767,0.17400565461239215,0.7290026105542355,0.10788535979178596,0.6952127659574469
8768,0.0722631129014039,0.7277173450208183,0.1418056475865833,0.7117021276595744
8769,0.010783449018232753,0.7179493269668477,0.1540546404013712,0.7127659574468085
8770,0.00042013437733374364,0.7153787959000132,0.18090820157225243,0.7037234042553191
8771,0.0,0.7153787959000132,0.17996597135573028,0.7095744680851064
8772,0.0,0.7097236275529776,0.18467712243834103,0.7127659574468085
8773,0.0,0.70766720269951,0.17478370516485847,0.6898936170212766
8774,0.0,0.7032972998858915,0.16583251810789806,0.6957446808510638
8775,0.0,0.6927581225118705,0.09516525186873696,0.6643617021276595
8776,0.0,0.6871029541648348,0.06831169069785574,0.5191489361702127
8777,0.0,0.6729650332972457,0.06972503602263896,0.45797872340425533
8778,0.0,0.6673098649502099,0.06642723026481144,0.44627659574468087
8779,0.0,0.6580559531096061,0.06736946048133359,0.4377659574468085
8780,0.0,0.6500873068024194,0.06925392091437789,0.41436170212765955
8781,0.0,0.653943103402671,0.06972503602263896,0.425
8782,0.00042013437733374364,0.6380058107882978,0.07066726623916111,0.41117021276595744
8783,0.010153247452232138,0.6238678899207086,0.06925392091437789,0.3819148936170213
