snapshot,0
2030-01-01 00:00:00,1145.574
2030-01-01 01:00:00,1074.026
2030-01-01 02:00:00,1027.371
2030-01-01 03:00:00,991.938
2030-01-01 04:00:00,977.213
2030-01-01 05:00:00,991.938
2030-01-01 06:00:00,1047.025
2030-01-01 07:00:00,1120.154
2030-01-01 08:00:00,1114.109
2030-01-01 09:00:00,1037.911
2030-01-01 10:00:00,963.077
2030-01-01 11:00:00,909.4159999999999
2030-01-01 12:00:00,879.408
2030-01-01 13:00:00,870.263
2030-01-01 14:00:00,899.682
2030-01-01 15:00:00,981.522
2030-01-01 16:00:00,1099.787
2030-01-01 17:00:00,1217.835
2030-01-01 18:00:00,1249.052
2030-01-01 19:00:00,1257.112
2030-01-01 20:00:00,1258.879
2030-01-01 21:00:00,1240.992
2030-01-01 22:00:00,1182.774
2030-01-01 23:00:00,1131.562
2030-01-02 00:00:00,1043.15
2030-01-02 01:00:00,993.705
2030-01-02 02:00:00,969.866
2030-01-02 03:00:00,953.002
2030-01-02 04:00:00,945.283
2030-01-02 05:00:00,964.937
2030-01-02 06:00:00,1030.192
2030-01-02 07:00:00,1122.324
2030-01-02 08:00:00,1175.892
2030-01-02 09:00:00,1143.993
2030-01-02 10:00:00,1052.419
2030-01-02 11:00:00,973.865
2030-01-02 12:00:00,935.673
2030-01-02 13:00:00,914.779
2030-01-02 14:00:00,929.783
2030-01-02 15:00:00,997.921
2030-01-02 16:00:00,1098.516
2030-01-02 17:00:00,1211.511
2030-01-02 18:00:00,1249.765
2030-01-02 19:00:00,1259.22
2030-01-02 20:00:00,1260.646
2030-01-02 21:00:00,1237.489
2030-01-02 22:00:00,1183.456
2030-01-02 23:00:00,1131.562
2030-01-03 00:00:00,1041.042
2030-01-03 01:00:00,981.77
2030-01-03 02:00:00,951.948
2030-01-03 03:00:00,932.6659999999999
2030-01-03 04:00:00,925.319
2030-01-03 05:00:00,947.763
2030-01-03 06:00:00,1019.652
2030-01-03 07:00:00,1107.196
2030-01-03 08:00:00,1118.666
2030-01-03 09:00:00,1065.966
2030-01-03 10:00:00,998.665
2030-01-03 11:00:00,946.12
2030-01-03 12:00:00,920.328
2030-01-03 13:00:00,908.021
2030-01-03 14:00:00,932.294
2030-01-03 15:00:00,999.657
2030-01-03 16:00:00,1109.769
2030-01-03 17:00:00,1227.321
2030-01-03 18:00:00,1263.095
2030-01-03 19:00:00,1265.885
2030-01-03 20:00:00,1257.825
2030-01-03 21:00:00,1220.656
2030-01-03 22:00:00,1149.077
2030-01-03 23:00:00,1088.069
2030-01-04 00:00:00,1007.376
2030-01-04 01:00:00,960.721
2030-01-04 02:00:00,945.283
2030-01-04 03:00:00,936.5409999999999
2030-01-04 04:00:00,945.996
2030-01-04 05:00:00,1004.2139999999999
2030-01-04 06:00:00,1131.903
2030-01-04 07:00:00,1244.402
2030-01-04 08:00:00,1273.201
2030-01-04 09:00:00,1219.943
2030-01-04 10:00:00,1135.654
2030-01-04 11:00:00,1093.9279999999999
2030-01-04 12:00:00,1061.037
2030-01-04 13:00:00,1074.026
2030-01-04 14:00:00,1110.451
2030-01-04 15:00:00,1189.2839999999999
2030-01-04 16:00:00,1304.418
2030-01-04 17:00:00,1410.066
2030-01-04 18:00:00,1433.192
2030-01-04 19:00:00,1427.953
2030-01-04 20:00:00,1404.455
2030-01-04 21:00:00,1350.081
2030-01-04 22:00:00,1258.879
2030-01-04 23:00:00,1176.109
2030-01-05 00:00:00,1077.901
2030-01-05 01:00:00,1026.317
2030-01-05 02:00:00,1006.322
2030-01-05 03:00:00,994.418
2030-01-05 04:00:00,1005.268
2030-01-05 05:00:00,1078.242
2030-01-05 06:00:00,1242.387
2030-01-05 07:00:00,1401.014
2030-01-05 08:00:00,1480.591
2030-01-05 09:00:00,1468.346
2030-01-05 10:00:00,1405.881
2030-01-05 11:00:00,1358.761
2030-01-05 12:00:00,1308.696
2030-01-05 13:00:00,1320.414
2030-01-05 14:00:00,1346.857
2030-01-05 15:00:00,1415.987
2030-01-05 16:00:00,1527.68
2030-01-05 17:00:00,1609.272
2030-01-05 18:00:00,1612.806
2030-01-05 19:00:00,1592.098
2030-01-05 20:00:00,1555.6109999999999
2030-01-05 21:00:00,1484.063
2030-01-05 22:00:00,1385.142
2030-01-05 23:00:00,1289.7549999999999
2030-01-06 00:00:00,1181.72
2030-01-06 01:00:00,1120.34
2030-01-06 02:00:00,1089.805
2030-01-06 03:00:00,1071.918
2030-01-06 04:00:00,1085.248
2030-01-06 05:00:00,1165.941
2030-01-06 06:00:00,1342.703
2030-01-06 07:00:00,1517.078
2030-01-06 08:00:00,1681.285
2030-01-06 09:00:00,1746.788
2030-01-06 10:00:00,1728.312
2030-01-06 11:00:00,1729.8
2030-01-06 12:00:00,1714.114
2030-01-06 13:00:00,1783.244
2030-01-06 14:00:00,1818.336
2030-01-06 15:00:00,1833.712
2030-01-06 16:00:00,1884.242
2030-01-06 17:00:00,1880.088
2030-01-06 18:00:00,1846.763
2030-01-06 19:00:00,1792.389
2030-01-06 20:00:00,1730.637
2030-01-06 21:00:00,1645.077
2030-01-06 22:00:00,1527.897
2030-01-06 23:00:00,1418.839
2030-01-07 00:00:00,1293.94
2030-01-07 01:00:00,1225.895
2030-01-07 02:00:00,1197.84
2030-01-07 03:00:00,1187.331
2030-01-07 04:00:00,1208.3799999999999
2030-01-07 05:00:00,1301.6589999999999
2030-01-07 06:00:00,1478.452
2030-01-07 07:00:00,1623.408
2030-01-07 08:00:00,1738.759
2030-01-07 09:00:00,1747.439
2030-01-07 10:00:00,1670.59
2030-01-07 11:00:00,1593.276
2030-01-07 12:00:00,1488.589
2030-01-07 13:00:00,1480.219
2030-01-07 14:00:00,1482.761
2030-01-07 15:00:00,1532.051
2030-01-07 16:00:00,1633.173
2030-01-07 17:00:00,1699.792
2030-01-07 18:00:00,1691.36
2030-01-07 19:00:00,1654.873
2030-01-07 20:00:00,1618.758
2030-01-07 21:00:00,1542.653
2030-01-07 22:00:00,1457.403
2030-01-07 23:00:00,1371.471
2030-01-08 00:00:00,1260.274
2030-01-08 01:00:00,1191.175
2030-01-08 02:00:00,1150.131
2030-01-08 03:00:00,1124.897
2030-01-08 04:00:00,1121.022
2030-01-08 05:00:00,1160.299
2030-01-08 06:00:00,1263.777
2030-01-08 07:00:00,1382.135
2030-01-08 08:00:00,1439.578
2030-01-08 09:00:00,1409.8799999999999
2030-01-08 10:00:00,1332.535
2030-01-08 11:00:00,1266.877
2030-01-08 12:00:00,1216.192
2030-01-08 13:00:00,1210.953
2030-01-08 14:00:00,1216.626
2030-01-08 15:00:00,1259.375
2030-01-08 16:00:00,1350.515
2030-01-08 17:00:00,1453.187
2030-01-08 18:00:00,1476.344
2030-01-08 19:00:00,1469.338
2030-01-08 20:00:00,1443.732
2030-01-08 21:00:00,1390.412
2030-01-08 22:00:00,1313.935
2030-01-08 23:00:00,1245.89
2030-01-09 00:00:00,1159.276
2030-01-09 01:00:00,1104.189
2030-01-09 02:00:00,1075.08
2030-01-09 03:00:00,1058.247
2030-01-09 04:00:00,1057.906
2030-01-09 05:00:00,1088.069
2030-01-09 06:00:00,1166.282
2030-01-09 07:00:00,1253.981
2030-01-09 08:00:00,1277.727
2030-01-09 09:00:00,1227.29
2030-01-09 10:00:00,1149.666
2030-01-09 11:00:00,1084.225
2030-01-09 12:00:00,1041.879
2030-01-09 13:00:00,1026.565
2030-01-09 14:00:00,1057.627
2030-01-09 15:00:00,1106.638
2030-01-09 16:00:00,1203.482
2030-01-09 17:00:00,1322.708
2030-01-09 18:00:00,1354.979
2030-01-09 19:00:00,1346.206
2030-01-09 20:00:00,1311.145
2030-01-09 21:00:00,1265.203
2030-01-09 22:00:00,1184.51
2030-01-09 23:00:00,1113.3029999999999
2030-01-10 00:00:00,1027.371
2030-01-10 01:00:00,984.2189999999999
2030-01-10 02:00:00,967.386
2030-01-10 03:00:00,961.093
2030-01-10 04:00:00,967.386
2030-01-10 05:00:00,998.603
2030-01-10 06:00:00,1080.35
2030-01-10 07:00:00,1194.306
2030-01-10 08:00:00,1293.754
2030-01-10 09:00:00,1309.75
2030-01-10 10:00:00,1272.519
2030-01-10 11:00:00,1237.768
2030-01-10 12:00:00,1213.371
2030-01-10 13:00:00,1211.263
2030-01-10 14:00:00,1216.874
2030-01-10 15:00:00,1264.397
2030-01-10 16:00:00,1354.018
2030-01-10 17:00:00,1448.6299999999999
2030-01-10 18:00:00,1460.224
2030-01-10 19:00:00,1429.007
2030-01-10 20:00:00,1390.753
2030-01-10 21:00:00,1323.421
2030-01-10 22:00:00,1228.375
2030-01-10 23:00:00,1137.514
2030-01-11 00:00:00,1044.204
2030-01-11 01:00:00,999.657
2030-01-11 02:00:00,986.699
2030-01-11 03:00:00,985.273
2030-01-11 04:00:00,1005.981
2030-01-11 05:00:00,1084.907
2030-01-11 06:00:00,1246.944
2030-01-11 07:00:00,1410.841
2030-01-11 08:00:00,1559.269
2030-01-11 09:00:00,1641.326
2030-01-11 10:00:00,1600.809
2030-01-11 11:00:00,1581.93
2030-01-11 12:00:00,1545.164
2030-01-11 13:00:00,1598.2359999999999
2030-01-11 14:00:00,1599.569
2030-01-11 15:00:00,1610.605
2030-01-11 16:00:00,1668.947
2030-01-11 17:00:00,1664.7
2030-01-11 18:00:00,1627.872
2030-01-11 19:00:00,1568.6
2030-01-11 20:00:00,1507.561
2030-01-11 21:00:00,1421.288
2030-01-11 22:00:00,1326.211
2030-01-11 23:00:00,1231.506
2030-01-12 00:00:00,1126.633
2030-01-12 01:00:00,1074.739
2030-01-12 02:00:00,1058.588
2030-01-12 03:00:00,1056.139
2030-01-12 04:00:00,1078.924
2030-01-12 05:00:00,1160.671
2030-01-12 06:00:00,1333.93
2030-01-12 07:00:00,1471.663
2030-01-12 08:00:00,1534.314
2030-01-12 09:00:00,1529.261
2030-01-12 10:00:00,1466.61
2030-01-12 11:00:00,1433.936
2030-01-12 12:00:00,1374.602
2030-01-12 13:00:00,1404.269
2030-01-12 14:00:00,1427.24
2030-01-12 15:00:00,1486.357
2030-01-12 16:00:00,1586.766
2030-01-12 17:00:00,1664.7
2030-01-12 18:00:00,1670.311
2030-01-12 19:00:00,1636.304
2030-01-12 20:00:00,1592.098
2030-01-12 21:00:00,1514.2259999999999
2030-01-12 22:00:00,1416.018
2030-01-12 23:00:00,1319.546
2030-01-13 00:00:00,1208.721
2030-01-13 01:00:00,1150.844
2030-01-13 02:00:00,1126.292
2030-01-13 03:00:00,1110.141
2030-01-13 04:00:00,1118.573
2030-01-13 05:00:00,1196.104
2030-01-13 06:00:00,1376.028
2030-01-13 07:00:00,1537.724
2030-01-13 08:00:00,1623.098
2030-01-13 09:00:00,1575.389
2030-01-13 10:00:00,1484.807
2030-01-13 11:00:00,1428.232
2030-01-13 12:00:00,1374.075
2030-01-13 13:00:00,1402.347
2030-01-13 14:00:00,1427.271
2030-01-13 15:00:00,1481.118
2030-01-13 16:00:00,1571.979
2030-01-13 17:00:00,1641.202
2030-01-13 18:00:00,1645.759
2030-01-13 19:00:00,1615.937
2030-01-13 20:00:00,1577.714
2030-01-13 21:00:00,1503.717
2030-01-13 22:00:00,1407.586
2030-01-13 23:00:00,1307.642
2030-01-14 00:00:00,1198.894
2030-01-14 01:00:00,1145.574
2030-01-14 02:00:00,1126.633
2030-01-14 03:00:00,1115.411
2030-01-14 04:00:00,1130.849
2030-01-14 05:00:00,1216.781
2030-01-14 06:00:00,1407.958
2030-01-14 07:00:00,1554.309
2030-01-14 08:00:00,1614.139
2030-01-14 09:00:00,1590.672
2030-01-14 10:00:00,1523.123
2030-01-14 11:00:00,1475.104
2030-01-14 12:00:00,1411.6779999999999
2030-01-14 13:00:00,1440.57
2030-01-14 14:00:00,1454.241
2030-01-14 15:00:00,1508.584
2030-01-14 16:00:00,1612.806
2030-01-14 17:00:00,1687.857
2030-01-14 18:00:00,1685.749
2030-01-14 19:00:00,1647.526
2030-01-14 20:00:00,1600.871
2030-01-14 21:00:00,1523.34
2030-01-14 22:00:00,1433.564
2030-01-14 23:00:00,1340.595
2030-01-15 00:00:00,1236.435
2030-01-15 01:00:00,1168.731
2030-01-15 02:00:00,1136.119
2030-01-15 03:00:00,1114.357
2030-01-15 04:00:00,1111.195
2030-01-15 05:00:00,1151.898
2030-01-15 06:00:00,1253.981
2030-01-15 07:00:00,1356.684
2030-01-15 08:00:00,1401.727
2030-01-15 09:00:00,1396.054
2030-01-15 10:00:00,1372.277
2030-01-15 11:00:00,1332.69
2030-01-15 12:00:00,1271.434
2030-01-15 13:00:00,1247.285
2030-01-15 14:00:00,1220.532
2030-01-15 15:00:00,1245.766
2030-01-15 16:00:00,1339.417
2030-01-15 17:00:00,1445.468
2030-01-15 18:00:00,1468.997
2030-01-15 19:00:00,1456.349
2030-01-15 20:00:00,1427.581
2030-01-15 21:00:00,1366.914
2030-01-15 22:00:00,1292.917
2030-01-15 23:00:00,1225.895
2030-01-16 00:00:00,1149.077
2030-01-16 01:00:00,1105.243
2030-01-16 02:00:00,1072.259
2030-01-16 03:00:00,1055.426
2030-01-16 04:00:00,1055.426
2030-01-16 05:00:00,1082.799
2030-01-16 06:00:00,1162.779
2030-01-16 07:00:00,1254.167
2030-01-16 08:00:00,1272.922
2030-01-16 09:00:00,1238.202
2030-01-16 10:00:00,1167.801
2030-01-16 11:00:00,1111.195
2030-01-16 12:00:00,1084.07
2030-01-16 13:00:00,1065.718
2030-01-16 14:00:00,1072.383
2030-01-16 15:00:00,1120.712
2030-01-16 16:00:00,1216.316
2030-01-16 17:00:00,1352.871
2030-01-16 18:00:00,1402.347
2030-01-16 19:00:00,1406.563
2030-01-16 20:00:00,1386.568
2030-01-16 21:00:00,1334.984
2030-01-16 22:00:00,1247.316
2030-01-16 23:00:00,1178.899
2030-01-17 00:00:00,1092.967
2030-01-17 01:00:00,1050.528
2030-01-17 02:00:00,1033.695
2030-01-17 03:00:00,1029.82
2030-01-17 04:00:00,1054.744
2030-01-17 05:00:00,1148.395
2030-01-17 06:00:00,1337.433
2030-01-17 07:00:00,1495.719
2030-01-17 08:00:00,1578.055
2030-01-17 09:00:00,1591.54
2030-01-17 10:00:00,1526.471
2030-01-17 11:00:00,1474.2359999999999
2030-01-17 12:00:00,1397.635
2030-01-17 13:00:00,1425.442
2030-01-17 14:00:00,1430.495
2030-01-17 15:00:00,1462.518
2030-01-17 16:00:00,1539.522
2030-01-17 17:00:00,1604.715
2030-01-17 18:00:00,1599.4759999999999
2030-01-17 19:00:00,1560.168
2030-01-17 20:00:00,1512.831
2030-01-17 21:00:00,1438.8029999999999
2030-01-17 22:00:00,1350.081
2030-01-17 23:00:00,1260.274
2030-01-18 00:00:00,1155.06
2030-01-18 01:00:00,1104.189
2030-01-18 02:00:00,1083.512
2030-01-18 03:00:00,1076.134
2030-01-18 04:00:00,1096.842
2030-01-18 05:00:00,1184.169
2030-01-18 06:00:00,1370.417
2030-01-18 07:00:00,1507.964
2030-01-18 08:00:00,1568.879
2030-01-18 09:00:00,1562.214
2030-01-18 10:00:00,1502.508
2030-01-18 11:00:00,1460.627
2030-01-18 12:00:00,1389.296
2030-01-18 13:00:00,1414.902
2030-01-18 14:00:00,1438.214
2030-01-18 15:00:00,1500.617
2030-01-18 16:00:00,1611.907
2030-01-18 17:00:00,1700.846
2030-01-18 18:00:00,1708.193
2030-01-18 19:00:00,1671.737
2030-01-18 20:00:00,1626.477
2030-01-18 21:00:00,1545.815
2030-01-18 22:00:00,1443.391
2030-01-18 23:00:00,1343.757
2030-01-19 00:00:00,1231.506
2030-01-19 01:00:00,1173.629
2030-01-19 02:00:00,1149.449
2030-01-19 03:00:00,1139.281
2030-01-19 04:00:00,1151.185
2030-01-19 05:00:00,1236.776
2030-01-19 06:00:00,1426.899
2030-01-19 07:00:00,1571.235
2030-01-19 08:00:00,1626.043
2030-01-19 09:00:00,1605.149
2030-01-19 10:00:00,1538.933
2030-01-19 11:00:00,1499.0049999999999
2030-01-19 12:00:00,1440.415
2030-01-19 13:00:00,1477.305
2030-01-19 14:00:00,1482.42
2030-01-19 15:00:00,1527.184
2030-01-19 16:00:00,1612.279
2030-01-19 17:00:00,1681.533
2030-01-19 18:00:00,1685.749
2030-01-19 19:00:00,1652.083
2030-01-19 20:00:00,1609.985
2030-01-19 21:00:00,1536.67
2030-01-19 22:00:00,1439.175
2030-01-19 23:00:00,1340.254
2030-01-20 00:00:00,1228.375
2030-01-20 01:00:00,1173.288
2030-01-20 02:00:00,1152.239
2030-01-20 03:00:00,1143.466
2030-01-20 04:00:00,1164.174
2030-01-20 05:00:00,1257.112
2030-01-20 06:00:00,1445.84
2030-01-20 07:00:00,1592.16
2030-01-20 08:00:00,1663.398
2030-01-20 09:00:00,1658.934
2030-01-20 10:00:00,1575.668
2030-01-20 11:00:00,1514.2259999999999
2030-01-20 12:00:00,1449.839
2030-01-20 13:00:00,1462.177
2030-01-20 14:00:00,1458.209
2030-01-20 15:00:00,1502.074
2030-01-20 16:00:00,1612.868
2030-01-20 17:00:00,1701.9
2030-01-20 18:00:00,1710.642
2030-01-20 19:00:00,1676.294
2030-01-20 20:00:00,1629.267
2030-01-20 21:00:00,1551.767
2030-01-20 22:00:00,1446.522
2030-01-20 23:00:00,1347.26
2030-01-21 00:00:00,1236.094
2030-01-21 01:00:00,1179.612
2030-01-21 02:00:00,1154.347
2030-01-21 03:00:00,1143.466
2030-01-21 04:00:00,1161.012
2030-01-21 05:00:00,1251.501
2030-01-21 06:00:00,1440.229
2030-01-21 07:00:00,1581.434
2030-01-21 08:00:00,1636.893
2030-01-21 09:00:00,1618.293
2030-01-21 10:00:00,1552.573
2030-01-21 11:00:00,1500.927
2030-01-21 12:00:00,1438.8029999999999
2030-01-21 13:00:00,1461.402
2030-01-21 14:00:00,1477.646
2030-01-21 15:00:00,1538.716
2030-01-21 16:00:00,1657.074
2030-01-21 17:00:00,1744.68
2030-01-21 18:00:00,1751.004
2030-01-21 19:00:00,1714.858
2030-01-21 20:00:00,1664.359
2030-01-21 21:00:00,1579.481
2030-01-21 22:00:00,1482.327
2030-01-21 23:00:00,1391.466
2030-01-22 00:00:00,1281.664
2030-01-22 01:00:00,1211.883
2030-01-22 02:00:00,1175.396
2030-01-22 03:00:00,1154.006
2030-01-22 04:00:00,1151.185
2030-01-22 05:00:00,1190.493
2030-01-22 06:00:00,1294.312
2030-01-22 07:00:00,1400.0529999999999
2030-01-22 08:00:00,1436.509
2030-01-22 09:00:00,1406.47
2030-01-22 10:00:00,1326.397
2030-01-22 11:00:00,1266.319
2030-01-22 12:00:00,1213.991
2030-01-22 13:00:00,1190.493
2030-01-22 14:00:00,1181.5339999999999
2030-01-22 15:00:00,1219.974
2030-01-22 16:00:00,1319.143
2030-01-22 17:00:00,1442.337
2030-01-22 18:00:00,1483.722
2030-01-22 19:00:00,1476.344
2030-01-22 20:00:00,1446.181
2030-01-22 21:00:00,1379.903
2030-01-22 22:00:00,1301.318
2030-01-22 23:00:00,1231.165
2030-01-23 00:00:00,1142.412
2030-01-23 01:00:00,1089.464
2030-01-23 02:00:00,1062.804
2030-01-23 03:00:00,1045.258
2030-01-23 04:00:00,1039.306
2030-01-23 05:00:00,1067.02
2030-01-23 06:00:00,1143.125
2030-01-23 07:00:00,1240.403
2030-01-23 08:00:00,1334.24
2030-01-23 09:00:00,1375.408
2030-01-23 10:00:00,1331.791
2030-01-23 11:00:00,1303.674
2030-01-23 12:00:00,1289.786
2030-01-23 13:00:00,1271.806
2030-01-23 14:00:00,1262.878
2030-01-23 15:00:00,1285.508
2030-01-23 16:00:00,1363.442
2030-01-23 17:00:00,1461.619
2030-01-23 18:00:00,1479.847
2030-01-23 19:00:00,1454.954
2030-01-23 20:00:00,1413.197
2030-01-23 21:00:00,1335.356
2030-01-23 22:00:00,1235.381
2030-01-23 23:00:00,1152.952
2030-01-24 00:00:00,1061.75
2030-01-24 01:00:00,1021.078
2030-01-24 02:00:00,1006.322
2030-01-24 03:00:00,1000.029
2030-01-24 04:00:00,1018.97
2030-01-24 05:00:00,1100.345
2030-01-24 06:00:00,1268.706
2030-01-24 07:00:00,1427.581
2030-01-24 08:00:00,1544.916
2030-01-24 09:00:00,1587.417
2030-01-24 10:00:00,1532.733
2030-01-24 11:00:00,1492.34
2030-01-24 12:00:00,1433.719
2030-01-24 13:00:00,1433.099
2030-01-24 14:00:00,1409.663
2030-01-24 15:00:00,1434.773
2030-01-24 16:00:00,1513.885
2030-01-24 17:00:00,1596.655
2030-01-24 18:00:00,1612.434
2030-01-24 19:00:00,1580.876
2030-01-24 20:00:00,1535.616
2030-01-24 21:00:00,1458.4569999999999
2030-01-24 22:00:00,1370.417
2030-01-24 23:00:00,1282.036
2030-01-25 00:00:00,1180.294
2030-01-25 01:00:00,1132.9569999999999
2030-01-25 02:00:00,1117.1779999999999
2030-01-25 03:00:00,1111.195
2030-01-25 04:00:00,1131.562
2030-01-25 05:00:00,1218.548
2030-01-25 06:00:00,1402.347
2030-01-25 07:00:00,1542.994
2030-01-25 08:00:00,1602.824
2030-01-25 09:00:00,1592.501
2030-01-25 10:00:00,1553.2549999999999
2030-01-25 11:00:00,1511.436
2030-01-25 12:00:00,1442.368
2030-01-25 13:00:00,1481.149
2030-01-25 14:00:00,1485.52
2030-01-25 15:00:00,1509.421
2030-01-25 16:00:00,1589.215
2030-01-25 17:00:00,1653.478
2030-01-25 18:00:00,1639.466
2030-01-25 19:00:00,1590.703
2030-01-25 20:00:00,1530.718
2030-01-25 21:00:00,1443.732
2030-01-25 22:00:00,1341.308
2030-01-25 23:00:00,1241.333
2030-01-26 00:00:00,1134.352
2030-01-26 01:00:00,1081.404
2030-01-26 02:00:00,1062.091
2030-01-26 03:00:00,1054.031
2030-01-26 04:00:00,1072.972
2030-01-26 05:00:00,1144.52
2030-01-26 06:00:00,1300.264
2030-01-26 07:00:00,1468.873
2030-01-26 08:00:00,1619.75
2030-01-26 09:00:00,1659.709
2030-01-26 10:00:00,1594.981
2030-01-26 11:00:00,1529.974
2030-01-26 12:00:00,1421.7839999999999
2030-01-26 13:00:00,1425.07
2030-01-26 14:00:00,1422.28
2030-01-26 15:00:00,1437.253
2030-01-26 16:00:00,1502.415
2030-01-26 17:00:00,1571.762
2030-01-26 18:00:00,1580.163
2030-01-26 19:00:00,1540.886
2030-01-26 20:00:00,1498.106
2030-01-26 21:00:00,1420.916
2030-01-26 22:00:00,1335.697
2030-01-26 23:00:00,1245.549
2030-01-27 00:00:00,1148.736
2030-01-27 01:00:00,1100.345
2030-01-27 02:00:00,1084.907
2030-01-27 03:00:00,1079.978
2030-01-27 04:00:00,1099.291
2030-01-27 05:00:00,1179.612
2030-01-27 06:00:00,1345.524
2030-01-27 07:00:00,1472.903
2030-01-27 08:00:00,1556.014
2030-01-27 09:00:00,1564.756
2030-01-27 10:00:00,1511.157
2030-01-27 11:00:00,1455.078
2030-01-27 12:00:00,1366.263
2030-01-27 13:00:00,1384.367
2030-01-27 14:00:00,1389.389
2030-01-27 15:00:00,1433.781
2030-01-27 16:00:00,1512.552
2030-01-27 17:00:00,1591.044
2030-01-27 18:00:00,1591.044
2030-01-27 19:00:00,1548.946
2030-01-27 20:00:00,1494.231
2030-01-27 21:00:00,1411.12
2030-01-27 22:00:00,1310.804
2030-01-27 23:00:00,1214.673
2030-01-28 00:00:00,1109.118
2030-01-28 01:00:00,1063.145
2030-01-28 02:00:00,1048.761
2030-01-28 03:00:00,1044.204
2030-01-28 04:00:00,1063.145
2030-01-28 05:00:00,1138.909
2030-01-28 06:00:00,1299.21
2030-01-28 07:00:00,1440.57
2030-01-28 08:00:00,1534.996
2030-01-28 09:00:00,1540.39
2030-01-28 10:00:00,1481.273
2030-01-28 11:00:00,1438.958
2030-01-28 12:00:00,1369.394
2030-01-28 13:00:00,1383.716
2030-01-28 14:00:00,1387.064
2030-01-28 15:00:00,1414.871
2030-01-28 16:00:00,1487.287
2030-01-28 17:00:00,1546.497
2030-01-28 18:00:00,1545.815
2030-01-28 19:00:00,1508.956
2030-01-28 20:00:00,1460.565
2030-01-28 21:00:00,1387.963
2030-01-28 22:00:00,1313.594
2030-01-28 23:00:00,1238.171
2030-01-29 00:00:00,1150.844
2030-01-29 01:00:00,1103.4759999999999
2030-01-29 02:00:00,1078.583
2030-01-29 03:00:00,1061.037
2030-01-29 04:00:00,1055.426
2030-01-29 05:00:00,1084.194
2030-01-29 06:00:00,1168.018
2030-01-29 07:00:00,1259.902
2030-01-29 08:00:00,1342.2069999999999
2030-01-29 09:00:00,1341.37
2030-01-29 10:00:00,1289.166
2030-01-29 11:00:00,1230.421
2030-01-29 12:00:00,1183.549
2030-01-29 13:00:00,1156.145
2030-01-29 14:00:00,1154.843
2030-01-29 15:00:00,1185.564
2030-01-29 16:00:00,1263.839
2030-01-29 17:00:00,1376.369
2030-01-29 18:00:00,1413.91
2030-01-29 19:00:00,1403.401
2030-01-29 20:00:00,1376.369
2030-01-29 21:00:00,1315.361
2030-01-29 22:00:00,1246.262
2030-01-29 23:00:00,1183.115
2030-01-30 00:00:00,1105.584
2030-01-30 01:00:00,1062.091
2030-01-30 02:00:00,1038.252
2030-01-30 03:00:00,1023.155
2030-01-30 04:00:00,1017.9159999999999
2030-01-30 05:00:00,1040.36
2030-01-30 06:00:00,1108.746
2030-01-30 07:00:00,1182.619
2030-01-30 08:00:00,1213.712
2030-01-30 09:00:00,1220.656
2030-01-30 10:00:00,1161.942
2030-01-30 11:00:00,1158.718
2030-01-30 12:00:00,1184.169
2030-01-30 13:00:00,1135.84
2030-01-30 14:00:00,1165.538
2030-01-30 15:00:00,1214.766
2030-01-30 16:00:00,1307.487
2030-01-30 17:00:00,1424.45
2030-01-30 18:00:00,1463.727
2030-01-30 19:00:00,1453.9
2030-01-30 20:00:00,1419.862
2030-01-30 21:00:00,1349.027
2030-01-30 22:00:00,1253.981
2030-01-30 23:00:00,1178.217
2030-01-31 00:00:00,1094.734
2030-01-31 01:00:00,1055.085
2030-01-31 02:00:00,1042.096
2030-01-31 03:00:00,1039.647
2030-01-31 04:00:00,1060.355
2030-01-31 05:00:00,1149.077
2030-01-31 06:00:00,1334.643
2030-01-31 07:00:00,1481.831
2030-01-31 08:00:00,1538.127
2030-01-31 09:00:00,1531.245
2030-01-31 10:00:00,1468.625
2030-01-31 11:00:00,1422.187
2030-01-31 12:00:00,1351.507
2030-01-31 13:00:00,1364.93
2030-01-31 14:00:00,1368.464
2030-01-31 15:00:00,1412.701
2030-01-31 16:00:00,1515.807
2030-01-31 17:00:00,1603.32
2030-01-31 18:00:00,1618.417
2030-01-31 19:00:00,1588.595
2030-01-31 20:00:00,1544.048
2030-01-31 21:00:00,1465.835
2030-01-31 22:00:00,1368.309
2030-01-31 23:00:00,1279.215
2030-02-01 00:00:00,1177.504
2030-02-01 01:00:00,1131.19
2030-02-01 02:00:00,1108.405
2030-02-01 03:00:00,1100.345
2030-02-01 04:00:00,1116.465
2030-02-01 05:00:00,1203.451
2030-02-01 06:00:00,1384.46
2030-02-01 07:00:00,1523.929
2030-02-01 08:00:00,1570.491
2030-02-01 09:00:00,1546.807
2030-02-01 10:00:00,1473.6779999999999
2030-02-01 11:00:00,1418.343
2030-02-01 12:00:00,1342.951
2030-02-01 13:00:00,1360.435
2030-02-01 14:00:00,1368.34
2030-02-01 15:00:00,1402.998
2030-02-01 16:00:00,1481.521
2030-02-01 17:00:00,1556.665
2030-02-01 18:00:00,1575.265
2030-02-01 19:00:00,1541.599
2030-02-01 20:00:00,1495.998
2030-02-01 21:00:00,1416.731
2030-02-01 22:00:00,1327.265
2030-02-01 23:00:00,1237.117
2030-02-02 00:00:00,1142.784
2030-02-02 01:00:00,1099.632
2030-02-02 02:00:00,1090.518
2030-02-02 03:00:00,1081.404
2030-02-02 04:00:00,1097.183
2030-02-02 05:00:00,1176.791
2030-02-02 06:00:00,1343.075
2030-02-02 07:00:00,1475.29
2030-02-02 08:00:00,1525.758
2030-02-02 09:00:00,1507.468
2030-02-02 10:00:00,1446.739
2030-02-02 11:00:00,1404.703
2030-02-02 12:00:00,1337.557
2030-02-02 13:00:00,1358.451
2030-02-02 14:00:00,1369.177
2030-02-02 15:00:00,1410.221
2030-02-02 16:00:00,1496.401
2030-02-02 17:00:00,1573.498
2030-02-02 18:00:00,1596.314
2030-02-02 19:00:00,1566.151
2030-02-02 20:00:00,1527.215
2030-02-02 21:00:00,1453.187
2030-02-02 22:00:00,1366.573
2030-02-02 23:00:00,1278.874
2030-02-03 00:00:00,1179.24
2030-02-03 01:00:00,1130.508
2030-02-03 02:00:00,1114.729
2030-02-03 03:00:00,1107.3509999999999
2030-02-03 04:00:00,1127.346
2030-02-03 05:00:00,1217.494
2030-02-03 06:00:00,1394.969
2030-02-03 07:00:00,1540.7
2030-02-03 08:00:00,1638.846
2030-02-03 09:00:00,1631.344
2030-02-03 10:00:00,1534.81
2030-02-03 11:00:00,1442.213
2030-02-03 12:00:00,1357.8
2030-02-03 13:00:00,1364.868
2030-02-03 14:00:00,1355.6299999999999
2030-02-03 15:00:00,1380.74
2030-02-03 16:00:00,1462.27
2030-02-03 17:00:00,1543.335
2030-02-03 18:00:00,1559.114
2030-02-03 19:00:00,1523.712
2030-02-03 20:00:00,1480.56
2030-02-03 21:00:00,1406.191
2030-02-03 22:00:00,1313.594
2030-02-03 23:00:00,1225.895
2030-02-04 00:00:00,1125.951
2030-02-04 01:00:00,1083.14
2030-02-04 02:00:00,1076.134
2030-02-04 03:00:00,1071.577
2030-02-04 04:00:00,1090.177
2030-02-04 05:00:00,1166.623
2030-02-04 06:00:00,1333.248
2030-02-04 07:00:00,1482.42
2030-02-04 08:00:00,1588.719
2030-02-04 09:00:00,1623.222
2030-02-04 10:00:00,1546.683
2030-02-04 11:00:00,1486.698
2030-02-04 12:00:00,1416.173
2030-02-04 13:00:00,1423.427
2030-02-04 14:00:00,1425.504
2030-02-04 15:00:00,1454.334
2030-02-04 16:00:00,1526.905
2030-02-04 17:00:00,1588.595
2030-02-04 18:00:00,1596.996
2030-02-04 19:00:00,1560.881
2030-02-04 20:00:00,1518.783
2030-02-04 21:00:00,1440.229
2030-02-04 22:00:00,1363.039
2030-02-04 23:00:00,1287.988
2030-02-05 00:00:00,1190.493
2030-02-05 01:00:00,1138.227
2030-02-05 02:00:00,1114.016
2030-02-05 03:00:00,1097.524
2030-02-05 04:00:00,1094.021
2030-02-05 05:00:00,1123.471
2030-02-05 06:00:00,1212.875
2030-02-05 07:00:00,1284.764
2030-02-05 08:00:00,1306.619
2030-02-05 09:00:00,1290.096
2030-02-05 10:00:00,1254.818
2030-02-05 11:00:00,1231.723
2030-02-05 12:00:00,1217.649
2030-02-05 13:00:00,1214.115
2030-02-05 14:00:00,1231.816
2030-02-05 15:00:00,1291.088
2030-02-05 16:00:00,1380.616
2030-02-05 17:00:00,1490.697
2030-02-05 18:00:00,1539.491
2030-02-05 19:00:00,1532.113
2030-02-05 20:00:00,1502.291
2030-02-05 21:00:00,1437.408
2030-02-05 22:00:00,1361.644
2030-02-05 23:00:00,1291.491
2030-02-06 00:00:00,1195.391
2030-02-06 01:00:00,1139.281
2030-02-06 02:00:00,1110.854
2030-02-06 03:00:00,1093.68
2030-02-06 04:00:00,1088.41
2030-02-06 05:00:00,1118.232
2030-02-06 06:00:00,1199.576
2030-02-06 07:00:00,1275.433
2030-02-06 08:00:00,1286.996
2030-02-06 09:00:00,1264.242
2030-02-06 10:00:00,1213.774
2030-02-06 11:00:00,1180.604
2030-02-06 12:00:00,1167.5529999999999
2030-02-06 13:00:00,1171.056
2030-02-06 14:00:00,1187.145
2030-02-06 15:00:00,1238.326
2030-02-06 16:00:00,1340.75
2030-02-06 17:00:00,1481.552
2030-02-06 18:00:00,1551.426
2030-02-06 19:00:00,1548.264
2030-02-06 20:00:00,1520.891
2030-02-06 21:00:00,1456.008
2030-02-06 22:00:00,1353.584
2030-02-06 23:00:00,1268.706
2030-02-07 00:00:00,1171.893
2030-02-07 01:00:00,1121.022
2030-02-07 02:00:00,1099.632
2030-02-07 03:00:00,1089.805
2030-02-07 04:00:00,1109.118
2030-02-07 05:00:00,1203.451
2030-02-07 06:00:00,1399.495
2030-02-07 07:00:00,1548.419
2030-02-07 08:00:00,1598.856
2030-02-07 09:00:00,1591.943
2030-02-07 10:00:00,1518.225
2030-02-07 11:00:00,1469.028
2030-02-07 12:00:00,1399.216
2030-02-07 13:00:00,1409.6009999999999
2030-02-07 14:00:00,1410.81
2030-02-07 15:00:00,1447.824
2030-02-07 16:00:00,1545.7839999999999
2030-02-07 17:00:00,1627.841
2030-02-07 18:00:00,1649.975
2030-02-07 19:00:00,1617.363
2030-02-07 20:00:00,1570.367
2030-02-07 21:00:00,1492.123
2030-02-07 22:00:00,1394.628
2030-02-07 23:00:00,1292.204
2030-02-08 00:00:00,1185.564
2030-02-08 01:00:00,1130.508
2030-02-08 02:00:00,1105.243
2030-02-08 03:00:00,1091.913
2030-02-08 04:00:00,1103.848
2030-02-08 05:00:00,1183.828
2030-02-08 06:00:00,1354.917
2030-02-08 07:00:00,1528.145
2030-02-08 08:00:00,1663.026
2030-02-08 09:00:00,1701.156
2030-02-08 10:00:00,1624.245
2030-02-08 11:00:00,1559.982
2030-02-08 12:00:00,1437.036
2030-02-08 13:00:00,1441.748
2030-02-08 14:00:00,1440.942
2030-02-08 15:00:00,1450.459
2030-02-08 16:00:00,1518.535
2030-02-08 17:00:00,1596.965
2030-02-08 18:00:00,1615.596
2030-02-08 19:00:00,1577.032
2030-02-08 20:00:00,1520.55
2030-02-08 21:00:00,1431.115
2030-02-08 22:00:00,1336.751
2030-02-08 23:00:00,1244.154
2030-02-09 00:00:00,1149.79
2030-02-09 01:00:00,1105.584
2030-02-09 02:00:00,1086.643
2030-02-09 03:00:00,1084.535
2030-02-09 04:00:00,1102.081
2030-02-09 05:00:00,1184.882
2030-02-09 06:00:00,1356.653
2030-02-09 07:00:00,1481.242
2030-02-09 08:00:00,1539.677
2030-02-09 09:00:00,1533.694
2030-02-09 10:00:00,1463.262
2030-02-09 11:00:00,1416.39
2030-02-09 12:00:00,1348.841
2030-02-09 13:00:00,1361.52
2030-02-09 14:00:00,1367.813
2030-02-09 15:00:00,1404.3
2030-02-09 16:00:00,1479.382
2030-02-09 17:00:00,1554.123
2030-02-09 18:00:00,1575.606
2030-02-09 19:00:00,1545.443
2030-02-09 20:00:00,1499.842
2030-02-09 21:00:00,1421.288
2030-02-09 22:00:00,1333.93
2030-02-09 23:00:00,1237.117
2030-02-10 00:00:00,1132.244
2030-02-10 01:00:00,1076.475
2030-02-10 02:00:00,1055.798
2030-02-10 03:00:00,1047.025
2030-02-10 04:00:00,1063.145
2030-02-10 05:00:00,1142.784
2030-02-10 06:00:00,1305.782
2030-02-10 07:00:00,1479.785
2030-02-10 08:00:00,1657.663
2030-02-10 09:00:00,1766.318
2030-02-10 10:00:00,1772.115
2030-02-10 11:00:00,1761.451
2030-02-10 12:00:00,1712.533
2030-02-10 13:00:00,1751.19
2030-02-10 14:00:00,1764.737
2030-02-10 15:00:00,1770.565
2030-02-10 16:00:00,1804.51
2030-02-10 17:00:00,1809.532
2030-02-10 18:00:00,1776.951
2030-02-10 19:00:00,1719.074
2030-02-10 20:00:00,1652.083
2030-02-10 21:00:00,1556.665
2030-02-10 22:00:00,1453.187
2030-02-10 23:00:00,1358.854
2030-02-11 00:00:00,1247.657
2030-02-11 01:00:00,1190.493
2030-02-11 02:00:00,1158.563
2030-02-11 03:00:00,1141.73
2030-02-11 04:00:00,1138.568
2030-02-11 05:00:00,1172.234
2030-02-11 06:00:00,1255.655
2030-02-11 07:00:00,1361.613
2030-02-11 08:00:00,1443.329
2030-02-11 09:00:00,1425.783
2030-02-11 10:00:00,1347.694
2030-02-11 11:00:00,1279.649
2030-02-11 12:00:00,1236.683
2030-02-11 13:00:00,1225.12
2030-02-11 14:00:00,1211.046
2030-02-11 15:00:00,1234.575
2030-02-11 16:00:00,1321.871
2030-02-11 17:00:00,1441.1589999999999
2030-02-11 18:00:00,1497.393
2030-02-11 19:00:00,1485.83
2030-02-11 20:00:00,1453.9
2030-02-11 21:00:00,1394.256
2030-02-11 22:00:00,1314.648
2030-02-11 23:00:00,1247.316
2030-02-12 00:00:00,1158.222
2030-02-12 01:00:00,1113.3029999999999
2030-02-12 02:00:00,1091.913
2030-02-12 03:00:00,1079.296
2030-02-12 04:00:00,1082.458
2030-02-12 05:00:00,1121.394
2030-02-12 06:00:00,1205.466
2030-02-12 07:00:00,1278.905
2030-02-12 08:00:00,1332.256
2030-02-12 09:00:00,1329.342
2030-02-12 10:00:00,1272.488
2030-02-12 11:00:00,1236.249
2030-02-12 12:00:00,1196.011
2030-02-12 13:00:00,1168.886
2030-02-12 14:00:00,1150.1
2030-02-12 15:00:00,1150.224
2030-02-12 16:00:00,1227.166
2030-02-12 17:00:00,1350.329
2030-02-12 18:00:00,1411.461
2030-02-12 19:00:00,1407.245
2030-02-12 20:00:00,1382.352
2030-02-12 21:00:00,1325.529
2030-02-12 22:00:00,1263.095
2030-02-12 23:00:00,1204.5049999999999
2030-02-13 00:00:00,1119.286
2030-02-13 01:00:00,1069.469
2030-02-13 02:00:00,1048.079
2030-02-13 03:00:00,1034.749
2030-02-13 04:00:00,1035.8029999999999
2030-02-13 05:00:00,1063.858
2030-02-13 06:00:00,1128.71
2030-02-13 07:00:00,1191.826
2030-02-13 08:00:00,1277.541
2030-02-13 09:00:00,1338.766
2030-02-13 10:00:00,1340.843
2030-02-13 11:00:00,1340.161
2030-02-13 12:00:00,1334.674
2030-02-13 13:00:00,1322.305
2030-02-13 14:00:00,1326.924
2030-02-13 15:00:00,1353.46
2030-02-13 16:00:00,1416.204
2030-02-13 17:00:00,1503.252
2030-02-13 18:00:00,1519.837
2030-02-13 19:00:00,1496.339
2030-02-13 20:00:00,1459.852
2030-02-13 21:00:00,1392.52
2030-02-13 22:00:00,1305.5339999999999
2030-02-13 23:00:00,1237.489
2030-02-14 00:00:00,1147.341
2030-02-14 01:00:00,1095.416
2030-02-14 02:00:00,1072.259
2030-02-14 03:00:00,1067.702
2030-02-14 04:00:00,1090.859
2030-02-14 05:00:00,1178.899
2030-02-14 06:00:00,1350.701
2030-02-14 07:00:00,1503.252
2030-02-14 08:00:00,1606.203
2030-02-14 09:00:00,1603.847
2030-02-14 10:00:00,1521.9759999999999
2030-02-14 11:00:00,1460.348
2030-02-14 12:00:00,1376.183
2030-02-14 13:00:00,1392.83
2030-02-14 14:00:00,1391.497
2030-02-14 15:00:00,1435.796
2030-02-14 16:00:00,1532.485
2030-02-14 17:00:00,1624.896
2030-02-14 18:00:00,1656.981
2030-02-14 19:00:00,1621.2069999999999
2030-02-14 20:00:00,1575.265
2030-02-14 21:00:00,1498.106
2030-02-14 22:00:00,1403.029
2030-02-14 23:00:00,1309.75
2030-02-15 00:00:00,1196.104
2030-02-15 01:00:00,1134.011
2030-02-15 02:00:00,1110.141
2030-02-15 03:00:00,1096.129
2030-02-15 04:00:00,1111.567
2030-02-15 05:00:00,1197.158
2030-02-15 06:00:00,1366.449
2030-02-15 07:00:00,1492.526
2030-02-15 08:00:00,1593.648
2030-02-15 09:00:00,1627.469
2030-02-15 10:00:00,1574.025
2030-02-15 11:00:00,1520.953
2030-02-15 12:00:00,1433.099
2030-02-15 13:00:00,1451.42
2030-02-15 14:00:00,1424.264
2030-02-15 15:00:00,1442.12
2030-02-15 16:00:00,1501.3609999999999
2030-02-15 17:00:00,1562.431
2030-02-15 18:00:00,1586.487
2030-02-15 19:00:00,1549.318
2030-02-15 20:00:00,1507.22
2030-02-15 21:00:00,1435.3
2030-02-15 22:00:00,1352.871
2030-02-15 23:00:00,1269.76
2030-02-16 00:00:00,1165.941
2030-02-16 01:00:00,1114.729
2030-02-16 02:00:00,1094.362
2030-02-16 03:00:00,1084.194
2030-02-16 04:00:00,1101.74
2030-02-16 05:00:00,1177.504
2030-02-16 06:00:00,1335.139
2030-02-16 07:00:00,1446.5529999999999
2030-02-16 08:00:00,1487.845
2030-02-16 09:00:00,1474.577
2030-02-16 10:00:00,1419.273
2030-02-16 11:00:00,1377.826
2030-02-16 12:00:00,1311.455
2030-02-16 13:00:00,1330.334
2030-02-16 14:00:00,1341.463
2030-02-16 15:00:00,1373.3
2030-02-16 16:00:00,1450.025
2030-02-16 17:00:00,1526.564
2030-02-16 18:00:00,1556.665
2030-02-16 19:00:00,1529.323
2030-02-16 20:00:00,1490.728
2030-02-16 21:00:00,1418.839
2030-02-16 22:00:00,1335.356
2030-02-16 23:00:00,1258.879
2030-02-17 00:00:00,1152.239
2030-02-17 01:00:00,1104.53
2030-02-17 02:00:00,1090.177
2030-02-17 03:00:00,1083.14
2030-02-17 04:00:00,1100.686
2030-02-17 05:00:00,1183.115
2030-02-17 06:00:00,1355.785
2030-02-17 07:00:00,1465.308
2030-02-17 08:00:00,1511.87
2030-02-17 09:00:00,1508.708
2030-02-17 10:00:00,1459.511
2030-02-17 11:00:00,1434.835
2030-02-17 12:00:00,1384.677
2030-02-17 13:00:00,1413.507
2030-02-17 14:00:00,1418.777
2030-02-17 15:00:00,1433.719
2030-02-17 16:00:00,1526.037
2030-02-17 17:00:00,1621.951
2030-02-17 18:00:00,1656.64
2030-02-17 19:00:00,1627.19
2030-02-17 20:00:00,1579.109
2030-02-17 21:00:00,1507.22
2030-02-17 22:00:00,1414.623
2030-02-17 23:00:00,1329.745
2030-02-18 00:00:00,1216.44
2030-02-18 01:00:00,1157.509
2030-02-18 02:00:00,1131.903
2030-02-18 03:00:00,1118.914
2030-02-18 04:00:00,1132.616
2030-02-18 05:00:00,1213.619
2030-02-18 06:00:00,1382.724
2030-02-18 07:00:00,1483.598
2030-02-18 08:00:00,1526.347
2030-02-18 09:00:00,1532.02
2030-02-18 10:00:00,1469.586
2030-02-18 11:00:00,1419.955
2030-02-18 12:00:00,1352.809
2030-02-18 13:00:00,1360.094
2030-02-18 14:00:00,1352.251
2030-02-18 15:00:00,1369.146
2030-02-18 16:00:00,1443.143
2030-02-18 17:00:00,1526.905
2030-02-18 18:00:00,1560.168
2030-02-18 19:00:00,1531.059
2030-02-18 20:00:00,1491.069
2030-02-18 21:00:00,1424.791
2030-02-18 22:00:00,1349.74
2030-02-18 23:00:00,1282.036
2030-02-19 00:00:00,1185.223
2030-02-19 01:00:00,1125.238
2030-02-19 02:00:00,1098.578
2030-02-19 03:00:00,1083.14
2030-02-19 04:00:00,1081.032
2030-02-19 05:00:00,1113.675
2030-02-19 06:00:00,1197.964
2030-02-19 07:00:00,1291.057
2030-02-19 08:00:00,1373.734
2030-02-19 09:00:00,1406.625
2030-02-19 10:00:00,1351.135
2030-02-19 11:00:00,1309.533
2030-02-19 12:00:00,1267.28
2030-02-19 13:00:00,1250.881
2030-02-19 14:00:00,1252.958
2030-02-19 15:00:00,1289.011
2030-02-19 16:00:00,1344.842
2030-02-19 17:00:00,1416.049
2030-02-19 18:00:00,1436.013
2030-02-19 19:00:00,1407.245
2030-02-19 20:00:00,1362.357
2030-02-19 21:00:00,1292.204
2030-02-19 22:00:00,1219.943
2030-02-19 23:00:00,1150.503
2030-02-20 00:00:00,1069.469
2030-02-20 01:00:00,1024.209
2030-02-20 02:00:00,1001.765
2030-02-20 03:00:00,984.932
2030-02-20 04:00:00,975.105
2030-02-20 05:00:00,989.489
2030-02-20 06:00:00,1041.042
2030-02-20 07:00:00,1113.675
2030-02-20 08:00:00,1175.551
2030-02-20 09:00:00,1221.028
2030-02-20 10:00:00,1206.241
2030-02-20 11:00:00,1135.685
2030-02-20 12:00:00,1106.142
2030-02-20 13:00:00,1112.001
2030-02-20 14:00:00,1113.396
2030-02-20 15:00:00,1164.298
2030-02-20 16:00:00,1247.874
2030-02-20 17:00:00,1367.565
2030-02-20 18:00:00,1420.916
2030-02-20 19:00:00,1420.575
2030-02-20 20:00:00,1395.31
2030-02-20 21:00:00,1342.703
2030-02-20 22:00:00,1260.274
2030-02-20 23:00:00,1189.439
2030-02-21 00:00:00,1111.195
2030-02-21 01:00:00,1065.253
2030-02-21 02:00:00,1051.923
2030-02-21 03:00:00,1048.761
2030-02-21 04:00:00,1069.81
2030-02-21 05:00:00,1163.461
2030-02-21 06:00:00,1345.059
2030-02-21 07:00:00,1453.59
2030-02-21 08:00:00,1508.026
2030-02-21 09:00:00,1535.461
2030-02-21 10:00:00,1487.752
2030-02-21 11:00:00,1452.288
2030-02-21 12:00:00,1383.065
2030-02-21 13:00:00,1395.651
2030-02-21 14:00:00,1392.489
2030-02-21 15:00:00,1418.994
2030-02-21 16:00:00,1521.108
2030-02-21 17:00:00,1624.865
2030-02-21 18:00:00,1672.419
2030-02-21 19:00:00,1640.8609999999999
2030-02-21 20:00:00,1590.331
2030-02-21 21:00:00,1514.939
2030-02-21 22:00:00,1415.677
2030-02-21 23:00:00,1314.648
2030-02-22 00:00:00,1205.218
2030-02-22 01:00:00,1150.503
2030-02-22 02:00:00,1129.0819999999999
2030-02-22 03:00:00,1115.783
2030-02-22 04:00:00,1134.011
2030-02-22 05:00:00,1223.105
2030-02-22 06:00:00,1407.431
2030-02-22 07:00:00,1498.633
2030-02-22 08:00:00,1542.498
2030-02-22 09:00:00,1542.374
2030-02-22 10:00:00,1491.751
2030-02-22 11:00:00,1453.652
2030-02-22 12:00:00,1385.886
2030-02-22 13:00:00,1406.129
2030-02-22 14:00:00,1408.02
2030-02-22 15:00:00,1433.843
2030-02-22 16:00:00,1504.461
2030-02-22 17:00:00,1588.037
2030-02-22 18:00:00,1631.747
2030-02-22 19:00:00,1605.087
2030-02-22 20:00:00,1568.6
2030-02-22 21:00:00,1499.16
2030-02-22 22:00:00,1415.677
2030-02-22 23:00:00,1328.319
2030-02-23 00:00:00,1226.267
2030-02-23 01:00:00,1168.39
2030-02-23 02:00:00,1138.909
2030-02-23 03:00:00,1124.525
2030-02-23 04:00:00,1121.394
2030-02-23 05:00:00,1163.12
2030-02-23 06:00:00,1259.437
2030-02-23 07:00:00,1323.173
2030-02-23 08:00:00,1355.258
2030-02-23 09:00:00,1353.863
2030-02-23 10:00:00,1317.624
2030-02-23 11:00:00,1277.479
2030-02-23 12:00:00,1219.478
2030-02-23 13:00:00,1205.683
2030-02-23 14:00:00,1191.485
2030-02-23 15:00:00,1229.894
2030-02-23 16:00:00,1333.0
2030-02-23 17:00:00,1456.411
2030-02-23 18:00:00,1525.107
2030-02-23 19:00:00,1521.945
2030-02-23 20:00:00,1497.052
2030-02-23 21:00:00,1434.959
2030-02-23 22:00:00,1343.757
2030-02-23 23:00:00,1262.041
2030-02-24 00:00:00,1164.887
2030-02-24 01:00:00,1119.286
2030-02-24 02:00:00,1102.453
2030-02-24 03:00:00,1092.967
2030-02-24 04:00:00,1109.118
2030-02-24 05:00:00,1190.121
2030-02-24 06:00:00,1364.806
2030-02-24 07:00:00,1475.166
2030-02-24 08:00:00,1532.051
2030-02-24 09:00:00,1539.8319999999999
2030-02-24 10:00:00,1490.759
2030-02-24 11:00:00,1444.91
2030-02-24 12:00:00,1364.651
2030-02-24 13:00:00,1374.54
2030-02-24 14:00:00,1362.078
2030-02-24 15:00:00,1383.53
2030-02-24 16:00:00,1476.375
2030-02-24 17:00:00,1578.5819999999999
2030-02-24 18:00:00,1631.375
2030-02-24 19:00:00,1605.087
2030-02-24 20:00:00,1559.827
2030-02-24 21:00:00,1480.219
2030-02-24 22:00:00,1383.0339999999999
2030-02-24 23:00:00,1296.048
2030-02-25 00:00:00,1187.672
2030-02-25 01:00:00,1135.065
2030-02-25 02:00:00,1113.675
2030-02-25 03:00:00,1104.189
2030-02-25 04:00:00,1118.914
2030-02-25 05:00:00,1204.846
2030-02-25 06:00:00,1379.035
2030-02-25 07:00:00,1451.606
2030-02-25 08:00:00,1469.71
2030-02-25 09:00:00,1468.222
2030-02-25 10:00:00,1408.516
2030-02-25 11:00:00,1363.1009999999999
2030-02-25 12:00:00,1296.916
2030-02-25 13:00:00,1298.497
2030-02-25 14:00:00,1283.927
2030-02-25 15:00:00,1292.266
2030-02-25 16:00:00,1357.676
2030-02-25 17:00:00,1438.586
2030-02-25 18:00:00,1486.171
2030-02-25 19:00:00,1463.727
2030-02-25 20:00:00,1422.683
2030-02-25 21:00:00,1357.087
2030-02-25 22:00:00,1287.647
2030-02-25 23:00:00,1212.937
2030-02-26 00:00:00,1129.0819999999999
2030-02-26 01:00:00,1081.404
2030-02-26 02:00:00,1061.75
2030-02-26 03:00:00,1049.474
2030-02-26 04:00:00,1051.241
2030-02-26 05:00:00,1084.194
2030-02-26 06:00:00,1161.973
2030-02-26 07:00:00,1189.501
2030-02-26 08:00:00,1194.771
2030-02-26 09:00:00,1183.487
2030-02-26 10:00:00,1140.676
2030-02-26 11:00:00,1103.631
2030-02-26 12:00:00,1062.029
2030-02-26 13:00:00,1047.862
2030-02-26 14:00:00,1043.615
2030-02-26 15:00:00,1054.589
2030-02-26 16:00:00,1106.111
2030-02-26 17:00:00,1203.916
2030-02-26 18:00:00,1268.334
2030-02-26 19:00:00,1261.669
2030-02-26 20:00:00,1238.543
2030-02-26 21:00:00,1191.888
2030-02-26 22:00:00,1128.741
2030-02-26 23:00:00,1065.594
2030-02-27 00:00:00,994.759
2030-02-27 01:00:00,960.039
2030-02-27 02:00:00,951.607
2030-02-27 03:00:00,945.996
2030-02-27 04:00:00,949.871
2030-02-27 05:00:00,973.71
2030-02-27 06:00:00,1019.559
2030-02-27 07:00:00,1036.0819999999999
2030-02-27 08:00:00,1029.8509999999999
2030-02-27 09:00:00,1012.615
2030-02-27 10:00:00,976.686
2030-02-27 11:00:00,959.264
2030-02-27 12:00:00,936.882
2030-02-27 13:00:00,916.515
2030-02-27 14:00:00,908.114
2030-02-27 15:00:00,940.695
2030-02-27 16:00:00,1027.433
2030-02-27 17:00:00,1161.787
2030-02-27 18:00:00,1255.376
2030-02-27 19:00:00,1260.274
2030-02-27 20:00:00,1240.279
2030-02-27 21:00:00,1188.7259999999999
2030-02-27 22:00:00,1119.286
2030-02-27 23:00:00,1057.193
2030-02-28 00:00:00,991.938
2030-02-28 01:00:00,961.775
2030-02-28 02:00:00,957.218
2030-02-28 03:00:00,960.38
2030-02-28 04:00:00,984.591
2030-02-28 05:00:00,1064.199
2030-02-28 06:00:00,1211.263
2030-02-28 07:00:00,1279.494
2030-02-28 08:00:00,1316.136
2030-02-28 09:00:00,1319.949
2030-02-28 10:00:00,1271.558
2030-02-28 11:00:00,1235.257
2030-02-28 12:00:00,1171.087
2030-02-28 13:00:00,1186.804
2030-02-28 14:00:00,1191.795
2030-02-28 15:00:00,1216.037
2030-02-28 16:00:00,1261.452
2030-02-28 17:00:00,1325.622
2030-02-28 18:00:00,1368.309
2030-02-28 19:00:00,1340.254
2030-02-28 20:00:00,1296.42
2030-02-28 21:00:00,1233.273
2030-02-28 22:00:00,1166.623
2030-02-28 23:00:00,1087.697
2030-03-01 00:00:00,1008.771
2030-03-01 01:00:00,977.926
2030-03-01 02:00:00,974.423
2030-03-01 03:00:00,976.159
2030-03-01 04:00:00,997.549
2030-03-01 05:00:00,1069.469
2030-03-01 06:00:00,1196.6
2030-03-01 07:00:00,1259.871
2030-03-01 08:00:00,1302.124
2030-03-01 09:00:00,1338.673
2030-03-01 10:00:00,1255.5
2030-03-01 11:00:00,1206.551
2030-03-01 12:00:00,1131.252
2030-03-01 13:00:00,1178.775
2030-03-01 14:00:00,1232.746
2030-03-01 15:00:00,1240.713
2030-03-01 16:00:00,1279.742
2030-03-01 17:00:00,1331.605
2030-03-01 18:00:00,1355.3509999999999
2030-03-01 19:00:00,1318.151
2030-03-01 20:00:00,1269.047
2030-03-01 21:00:00,1199.948
2030-03-01 22:00:00,1130.849
2030-03-01 23:00:00,1060.355
2030-03-02 00:00:00,983.878
2030-03-02 01:00:00,951.607
2030-03-02 02:00:00,947.763
2030-03-02 03:00:00,955.823
2030-03-02 04:00:00,977.213
2030-03-02 05:00:00,1038.593
2030-03-02 06:00:00,1138.537
2030-03-02 07:00:00,1176.76
2030-03-02 08:00:00,1212.224
2030-03-02 09:00:00,1223.105
2030-03-02 10:00:00,1199.235
2030-03-02 11:00:00,1181.906
2030-03-02 12:00:00,1115.597
2030-03-02 13:00:00,1131.717
2030-03-02 14:00:00,1170.746
2030-03-02 15:00:00,1176.543
2030-03-02 16:00:00,1250.044
2030-03-02 17:00:00,1317.128
2030-03-02 18:00:00,1339.913
2030-03-02 19:00:00,1305.875
2030-03-02 20:00:00,1261.328
2030-03-02 21:00:00,1193.996
2030-03-02 22:00:00,1129.454
2030-03-02 23:00:00,1057.906
2030-03-03 00:00:00,973.71
2030-03-03 01:00:00,940.726
2030-03-03 02:00:00,940.385
2030-03-03 03:00:00,949.158
2030-03-03 04:00:00,971.943
2030-03-03 05:00:00,1036.857
2030-03-03 06:00:00,1147.248
2030-03-03 07:00:00,1189.47
2030-03-03 08:00:00,1231.072
2030-03-03 09:00:00,1261.7
2030-03-03 10:00:00,1213.96
2030-03-03 11:00:00,1184.727
2030-03-03 12:00:00,1127.625
2030-03-03 13:00:00,1151.65
2030-03-03 14:00:00,1147.062
2030-03-03 15:00:00,1162.624
2030-03-03 16:00:00,1233.335
2030-03-03 17:00:00,1306.867
2030-03-03 18:00:00,1346.206
2030-03-03 19:00:00,1321.313
2030-03-03 20:00:00,1288.329
2030-03-03 21:00:00,1227.321
2030-03-03 22:00:00,1158.563
2030-03-03 23:00:00,1088.069
2030-03-04 00:00:00,1011.592
2030-03-04 01:00:00,979.321
2030-03-04 02:00:00,974.051
2030-03-04 03:00:00,977.213
2030-03-04 04:00:00,995.472
2030-03-04 05:00:00,1059.301
2030-03-04 06:00:00,1180.201
2030-03-04 07:00:00,1251.129
2030-03-04 08:00:00,1310.06
2030-03-04 09:00:00,1318.461
2030-03-04 10:00:00,1286.779
2030-03-04 11:00:00,1241.581
2030-03-04 12:00:00,1168.731
2030-03-04 13:00:00,1203.141
2030-03-04 14:00:00,1211.201
2030-03-04 15:00:00,1231.599
2030-03-04 16:00:00,1299.148
2030-03-04 17:00:00,1368.185
2030-03-04 18:00:00,1393.915
2030-03-04 19:00:00,1358.854
2030-03-04 20:00:00,1309.037
2030-03-04 21:00:00,1233.614
2030-03-04 22:00:00,1162.779
2030-03-04 23:00:00,1087.697
2030-03-05 00:00:00,1002.137
2030-03-05 01:00:00,962.829
2030-03-05 02:00:00,951.266
2030-03-05 03:00:00,953.715
2030-03-05 04:00:00,961.093
2030-03-05 05:00:00,990.543
2030-03-05 06:00:00,1037.787
2030-03-05 07:00:00,1045.506
2030-03-05 08:00:00,1048.978
2030-03-05 09:00:00,1048.668
2030-03-05 10:00:00,1015.126
2030-03-05 11:00:00,1001.703
2030-03-05 12:00:00,976.655
2030-03-05 13:00:00,974.919
2030-03-05 14:00:00,971.943
2030-03-05 15:00:00,983.9399999999999
2030-03-05 16:00:00,1018.474
2030-03-05 17:00:00,1090.58
2030-03-05 18:00:00,1152.239
2030-03-05 19:00:00,1143.125
2030-03-05 20:00:00,1115.411
2030-03-05 21:00:00,1063.858
2030-03-05 22:00:00,1016.49
2030-03-05 23:00:00,970.889
2030-03-06 00:00:00,909.168
2030-03-06 01:00:00,884.275
2030-03-06 02:00:00,883.903
2030-03-06 03:00:00,889.514
2030-03-06 04:00:00,900.054
2030-03-06 05:00:00,922.157
2030-03-06 06:00:00,949.685
2030-03-06 07:00:00,941.191
2030-03-06 08:00:00,946.864
2030-03-06 09:00:00,963.263
2030-03-06 10:00:00,965.681
2030-03-06 11:00:00,949.933
2030-03-06 12:00:00,930.279
2030-03-06 13:00:00,930.992
2030-03-06 14:00:00,924.327
2030-03-06 15:00:00,963.17
2030-03-06 16:00:00,1053.907
2030-03-06 17:00:00,1189.067
2030-03-06 18:00:00,1285.539
2030-03-06 19:00:00,1294.653
2030-03-06 20:00:00,1269.388
2030-03-06 21:00:00,1211.883
2030-03-06 22:00:00,1132.616
2030-03-06 23:00:00,1069.128
2030-03-07 00:00:00,996.867
2030-03-07 01:00:00,965.65
2030-03-07 02:00:00,957.931
2030-03-07 03:00:00,958.985
2030-03-07 04:00:00,978.608
2030-03-07 05:00:00,1057.906
2030-03-07 06:00:00,1190.927
2030-03-07 07:00:00,1246.758
2030-03-07 08:00:00,1297.412
2030-03-07 09:00:00,1329.311
2030-03-07 10:00:00,1297.846
2030-03-07 11:00:00,1276.239
2030-03-07 12:00:00,1204.66
2030-03-07 13:00:00,1240.589
2030-03-07 14:00:00,1247.626
2030-03-07 15:00:00,1255.624
2030-03-07 16:00:00,1297.7839999999999
2030-03-07 17:00:00,1367.844
2030-03-07 18:00:00,1418.839
2030-03-07 19:00:00,1389.699
2030-03-07 20:00:00,1346.919
2030-03-07 21:00:00,1276.766
2030-03-07 22:00:00,1203.11
2030-03-07 23:00:00,1124.525
2030-03-08 00:00:00,1038.252
2030-03-08 01:00:00,994.759
2030-03-08 02:00:00,986.327
2030-03-08 03:00:00,985.273
2030-03-08 04:00:00,1000.711
2030-03-08 05:00:00,1065.253
2030-03-08 06:00:00,1198.801
2030-03-08 07:00:00,1320.104
2030-03-08 08:00:00,1442.492
2030-03-08 09:00:00,1480.56
2030-03-08 10:00:00,1455.357
2030-03-08 11:00:00,1414.251
2030-03-08 12:00:00,1350.825
2030-03-08 13:00:00,1401.913
2030-03-08 14:00:00,1400.27
2030-03-08 15:00:00,1413.073
2030-03-08 16:00:00,1452.629
2030-03-08 17:00:00,1490.387
2030-03-08 18:00:00,1506.879
2030-03-08 19:00:00,1457.062
2030-03-08 20:00:00,1398.844
2030-03-08 21:00:00,1313.594
2030-03-08 22:00:00,1229.057
2030-03-08 23:00:00,1138.909
2030-03-09 00:00:00,1042.809
2030-03-09 01:00:00,1000.711
2030-03-09 02:00:00,991.597
2030-03-09 03:00:00,994.046
2030-03-09 04:00:00,1012.646
2030-03-09 05:00:00,1083.853
2030-03-09 06:00:00,1197.251
2030-03-09 07:00:00,1258.693
2030-03-09 08:00:00,1312.354
2030-03-09 09:00:00,1320.29
2030-03-09 10:00:00,1280.331
2030-03-09 11:00:00,1254.074
2030-03-09 12:00:00,1195.701
2030-03-09 13:00:00,1218.455
2030-03-09 14:00:00,1218.331
2030-03-09 15:00:00,1229.615
2030-03-09 16:00:00,1280.703
2030-03-09 17:00:00,1342.982
2030-03-09 18:00:00,1387.25
2030-03-09 19:00:00,1364.806
2030-03-09 20:00:00,1326.924
2030-03-09 21:00:00,1261.328
2030-03-09 22:00:00,1193.283
2030-03-09 23:00:00,1116.806
2030-03-10 00:00:00,1033.695
2030-03-10 01:00:00,996.867
2030-03-10 02:00:00,991.256
2030-03-10 03:00:00,994.418
2030-03-10 04:00:00,1016.149
2030-03-10 05:00:00,1088.751
2030-03-10 06:00:00,1198.646
2030-03-10 07:00:00,1246.913
2030-03-10 08:00:00,1277.944
2030-03-10 09:00:00,1297.071
2030-03-10 10:00:00,1262.041
2030-03-10 11:00:00,1249.269
2030-03-10 12:00:00,1198.429
2030-03-10 13:00:00,1205.497
2030-03-10 14:00:00,1192.291
2030-03-10 15:00:00,1196.042
2030-03-10 16:00:00,1248.835
2030-03-10 17:00:00,1312.385
2030-03-10 18:00:00,1367.968
2030-03-10 19:00:00,1341.308
2030-03-10 20:00:00,1295.7069999999999
2030-03-10 21:00:00,1227.662
2030-03-10 22:00:00,1157.509
2030-03-10 23:00:00,1083.512
2030-03-11 00:00:00,1001.424
2030-03-11 01:00:00,963.542
2030-03-11 02:00:00,957.218
2030-03-11 03:00:00,957.218
2030-03-11 04:00:00,979.662
2030-03-11 05:00:00,1042.809
2030-03-11 06:00:00,1143.931
2030-03-11 07:00:00,1191.485
2030-03-11 08:00:00,1234.172
2030-03-11 09:00:00,1245.208
2030-03-11 10:00:00,1205.9
2030-03-11 11:00:00,1176.853
2030-03-11 12:00:00,1120.681
2030-03-11 13:00:00,1136.925
2030-03-11 14:00:00,1124.618
2030-03-11 15:00:00,1133.391
2030-03-11 16:00:00,1173.97
2030-03-11 17:00:00,1211.263
2030-03-11 18:00:00,1253.981
2030-03-11 19:00:00,1223.787
2030-03-11 20:00:00,1181.348
2030-03-11 21:00:00,1119.286
2030-03-11 22:00:00,1063.858
2030-03-11 23:00:00,1000.37
2030-03-12 00:00:00,930.217
2030-03-12 01:00:00,900.7669999999999
2030-03-12 02:00:00,897.605
2030-03-12 03:00:00,901.449
2030-03-12 04:00:00,908.455
2030-03-12 05:00:00,928.45
2030-03-12 06:00:00,941.284
2030-03-12 07:00:00,927.985
2030-03-12 08:00:00,923.769
2030-03-12 09:00:00,917.91
2030-03-12 10:00:00,902.1
2030-03-12 11:00:00,891.126
2030-03-12 12:00:00,871.286
2030-03-12 13:00:00,869.984
2030-03-12 14:00:00,875.905
2030-03-12 15:00:00,886.352
2030-03-12 16:00:00,938.091
2030-03-12 17:00:00,999.471
2030-03-12 18:00:00,1057.534
2030-03-12 19:00:00,1048.761
2030-03-12 20:00:00,1024.581
2030-03-12 21:00:00,978.608
2030-03-12 22:00:00,939.331
2030-03-12 23:00:00,898.287
2030-03-13 00:00:00,844.626
2030-03-13 01:00:00,820.415
2030-03-13 02:00:00,819.733
2030-03-13 03:00:00,823.577
2030-03-13 04:00:00,825.685
2030-03-13 05:00:00,835.171
2030-03-13 06:00:00,839.542
2030-03-13 07:00:00,850.547
2030-03-13 08:00:00,883.438
2030-03-13 09:00:00,891.033
2030-03-13 10:00:00,908.5169999999999
2030-03-13 11:00:00,888.057
2030-03-13 12:00:00,882.167
2030-03-13 13:00:00,880.524
2030-03-13 14:00:00,869.395
2030-03-13 15:00:00,889.607
2030-03-13 16:00:00,914.159
2030-03-13 17:00:00,1004.989
2030-03-13 18:00:00,1058.588
2030-03-13 19:00:00,1047.025
2030-03-13 20:00:00,1014.413
2030-03-13 21:00:00,963.883
2030-03-13 22:00:00,908.114
2030-03-13 23:00:00,861.459
2030-03-14 00:00:00,809.193
2030-03-14 01:00:00,788.516
2030-03-14 02:00:00,795.8629999999999
2030-03-14 03:00:00,804.636
2030-03-14 04:00:00,818.338
2030-03-14 05:00:00,849.183
2030-03-14 06:00:00,917.321
2030-03-14 07:00:00,953.901
2030-03-14 08:00:00,994.418
2030-03-14 09:00:00,1023.527
2030-03-14 10:00:00,1023.651
2030-03-14 11:00:00,1024.085
2030-03-14 12:00:00,987.133
2030-03-14 13:00:00,1029.696
2030-03-14 14:00:00,1050.869
2030-03-14 15:00:00,1059.301
2030-03-14 16:00:00,1107.506
2030-03-14 17:00:00,1132.9569999999999
2030-03-14 18:00:00,1155.742
2030-03-14 19:00:00,1122.417
2030-03-14 20:00:00,1083.853
2030-03-14 21:00:00,1030.533
2030-03-14 22:00:00,985.986
2030-03-14 23:00:00,939.331
2030-03-15 00:00:00,875.161
2030-03-15 01:00:00,849.183
2030-03-15 02:00:00,852.004
2030-03-15 03:00:00,862.172
2030-03-15 04:00:00,876.556
2030-03-15 05:00:00,914.066
2030-03-15 06:00:00,991.9689999999999
2030-03-15 07:00:00,1053.008
2030-03-15 08:00:00,1129.485
2030-03-15 09:00:00,1155.711
2030-03-15 10:00:00,1113.396
2030-03-15 11:00:00,1069.81
2030-03-15 12:00:00,1030.409
2030-03-15 13:00:00,1065.501
2030-03-15 14:00:00,1063.579
2030-03-15 15:00:00,1066.245
2030-03-15 16:00:00,1107.878
2030-03-15 17:00:00,1148.674
2030-03-15 18:00:00,1181.007
2030-03-15 19:00:00,1147.682
2030-03-15 20:00:00,1104.902
2030-03-15 21:00:00,1049.474
2030-03-15 22:00:00,996.154
2030-03-15 23:00:00,947.05
2030-03-16 00:00:00,885.329
2030-03-16 01:00:00,858.669
2030-03-16 02:00:00,862.513
2030-03-16 03:00:00,869.519
2030-03-16 04:00:00,883.562
2030-03-16 05:00:00,922.157
2030-03-16 06:00:00,976.562
2030-03-16 07:00:00,1032.269
2030-03-16 08:00:00,1109.335
2030-03-16 09:00:00,1130.322
2030-03-16 10:00:00,1108.467
2030-03-16 11:00:00,1094.424
2030-03-16 12:00:00,1052.326
2030-03-16 13:00:00,1090.146
2030-03-16 14:00:00,1099.477
2030-03-16 15:00:00,1106.235
2030-03-16 16:00:00,1122.665
2030-03-16 17:00:00,1149.108
2030-03-16 18:00:00,1179.24
2030-03-16 19:00:00,1148.395
2030-03-16 20:00:00,1107.01
2030-03-16 21:00:00,1048.079
2030-03-16 22:00:00,998.262
2030-03-16 23:00:00,915.12
2030-03-17 00:00:00,807.457
2030-03-17 01:00:00,825.003
2030-03-17 02:00:00,840.41
2030-03-17 03:00:00,847.788
2030-03-17 04:00:00,863.567
2030-03-17 05:00:00,903.898
2030-03-17 06:00:00,958.334
2030-03-17 07:00:00,993.271
2030-03-17 08:00:00,1061.998
2030-03-17 09:00:00,1099.849
2030-03-17 10:00:00,1110.947
2030-03-17 11:00:00,1106.173
2030-03-17 12:00:00,1053.225
2030-03-17 13:00:00,1084.194
2030-03-17 14:00:00,1081.311
2030-03-17 15:00:00,1083.233
2030-03-17 16:00:00,1128.834
2030-03-17 17:00:00,1160.33
2030-03-17 18:00:00,1182.061
2030-03-17 19:00:00,1146.628
2030-03-17 20:00:00,1100.686
2030-03-17 21:00:00,1045.971
2030-03-17 22:00:00,989.489
2030-03-17 23:00:00,938.277
2030-03-18 00:00:00,879.346
2030-03-18 01:00:00,857.956
2030-03-18 02:00:00,863.226
2030-03-18 03:00:00,876.184
2030-03-18 04:00:00,897.605
2030-03-18 05:00:00,944.26
2030-03-18 06:00:00,1041.445
2030-03-18 07:00:00,1145.419
2030-03-18 08:00:00,1278.037
2030-03-18 09:00:00,1373.083
2030-03-18 10:00:00,1391.466
2030-03-18 11:00:00,1401.541
2030-03-18 12:00:00,1372.9279999999999
2030-03-18 13:00:00,1407.4
2030-03-18 14:00:00,1429.441
2030-03-18 15:00:00,1449.715
2030-03-18 16:00:00,1492.681
2030-03-18 17:00:00,1512.769
2030-03-18 18:00:00,1500.896
2030-03-18 19:00:00,1453.9
2030-03-18 20:00:00,1399.526
2030-03-18 21:00:00,1313.253
2030-03-18 22:00:00,1220.997
2030-03-18 23:00:00,1133.67
2030-03-19 00:00:00,1041.414
2030-03-19 01:00:00,983.537
2030-03-19 02:00:00,960.38
2030-03-19 03:00:00,946.337
2030-03-19 04:00:00,940.726
2030-03-19 05:00:00,952.3199999999999
2030-03-19 06:00:00,971.447
2030-03-19 07:00:00,975.136
2030-03-19 08:00:00,977.895
2030-03-19 09:00:00,980.53
2030-03-19 10:00:00,967.5409999999999
2030-03-19 11:00:00,973.648
2030-03-19 12:00:00,955.699
2030-03-19 13:00:00,911.834
2030-03-19 14:00:00,964.038
2030-03-19 15:00:00,963.604
2030-03-19 16:00:00,1029.603
2030-03-19 17:00:00,1119.627
2030-03-19 18:00:00,1162.407
2030-03-19 19:00:00,1160.671
2030-03-19 20:00:00,1135.406
2030-03-19 21:00:00,1083.512
2030-03-19 22:00:00,1027.371
2030-03-19 23:00:00,971.261
2030-03-20 00:00:00,902.162
2030-03-20 01:00:00,869.891
2030-03-20 02:00:00,867.07
2030-03-20 03:00:00,868.837
2030-03-20 04:00:00,874.789
2030-03-20 05:00:00,889.173
2030-03-20 06:00:00,894.536
2030-03-20 07:00:00,882.353
2030-03-20 08:00:00,891.405
2030-03-20 09:00:00,905.386
2030-03-20 10:00:00,906.378
2030-03-20 11:00:00,899.527
2030-03-20 12:00:00,894.474
2030-03-20 13:00:00,870.635
2030-03-20 14:00:00,873.89
2030-03-20 15:00:00,913.942
2030-03-20 16:00:00,993.333
2030-03-20 17:00:00,1085.0
2030-03-20 18:00:00,1136.119
2030-03-20 19:00:00,1134.352
2030-03-20 20:00:00,1108.405
2030-03-20 21:00:00,1059.301
2030-03-20 22:00:00,996.867
2030-03-20 23:00:00,943.206
2030-03-21 00:00:00,876.184
2030-03-21 01:00:00,846.734
2030-03-21 02:00:00,844.285
2030-03-21 03:00:00,849.555
2030-03-21 04:00:00,863.908
2030-03-21 05:00:00,890.9399999999999
2030-03-21 06:00:00,922.188
2030-03-21 07:00:00,959.977
2030-03-21 08:00:00,1027.65
2030-03-21 09:00:00,1076.847
2030-03-21 10:00:00,1068.012
2030-03-21 11:00:00,1057.472
2030-03-21 12:00:00,1025.232
2030-03-21 13:00:00,1012.274
2030-03-21 14:00:00,996.619
2030-03-21 15:00:00,1008.554
2030-03-21 16:00:00,1053.845
2030-03-21 17:00:00,1125.2069999999999
2030-03-21 18:00:00,1202.769
2030-03-21 19:00:00,1201.002
2030-03-21 20:00:00,1171.552
2030-03-21 21:00:00,1112.962
2030-03-21 22:00:00,1042.809
2030-03-21 23:00:00,979.321
2030-03-22 00:00:00,907.401
2030-03-22 01:00:00,878.664
2030-03-22 02:00:00,880.772
2030-03-22 03:00:00,890.568
2030-03-22 04:00:00,914.779
2030-03-22 05:00:00,975.477
2030-03-22 06:00:00,1087.511
2030-03-22 07:00:00,1204.877
2030-03-22 08:00:00,1347.167
2030-03-22 09:00:00,1447.173
2030-03-22 10:00:00,1465.494
2030-03-22 11:00:00,1476.313
2030-03-22 12:00:00,1450.521
2030-03-22 13:00:00,1498.912
2030-03-22 14:00:00,1509.7
2030-03-22 15:00:00,1510.444
2030-03-22 16:00:00,1515.404
2030-03-22 17:00:00,1513.017
2030-03-22 18:00:00,1511.064
2030-03-22 19:00:00,1457.062
2030-03-22 20:00:00,1389.699
2030-03-22 21:00:00,1314.989
2030-03-22 22:00:00,1240.992
2030-03-22 23:00:00,1161.353
2030-03-23 00:00:00,1078.242
2030-03-23 01:00:00,1039.647
2030-03-23 02:00:00,1030.874
2030-03-23 03:00:00,1028.425
2030-03-23 04:00:00,1043.15
2030-03-23 05:00:00,1109.459
2030-03-23 06:00:00,1218.796
2030-03-23 07:00:00,1293.32
2030-03-23 08:00:00,1394.194
2030-03-23 09:00:00,1446.181
2030-03-23 10:00:00,1422.931
2030-03-23 11:00:00,1376.679
2030-03-23 12:00:00,1290.778
2030-03-23 13:00:00,1288.236
2030-03-23 14:00:00,1288.515
2030-03-23 15:00:00,1301.411
2030-03-23 16:00:00,1345.307
2030-03-23 17:00:00,1409.167
2030-03-23 18:00:00,1434.959
2030-03-23 19:00:00,1402.688
2030-03-23 20:00:00,1361.644
2030-03-23 21:00:00,1300.977
2030-03-23 22:00:00,1229.429
2030-03-23 23:00:00,1146.628
2030-03-24 00:00:00,1054.744
2030-03-24 01:00:00,1010.879
2030-03-24 02:00:00,996.495
2030-03-24 03:00:00,991.938
2030-03-24 04:00:00,1007.376
2030-03-24 05:00:00,1068.074
2030-03-24 06:00:00,1159.493
2030-03-24 07:00:00,1203.513
2030-03-24 08:00:00,1257.298
2030-03-24 09:00:00,1274.596
2030-03-24 10:00:00,1238.326
2030-03-24 11:00:00,1228.809
2030-03-24 12:00:00,1164.081
2030-03-24 13:00:00,1180.201
2030-03-24 14:00:00,1174.001
2030-03-24 15:00:00,1179.395
2030-03-24 16:00:00,1221.276
2030-03-24 17:00:00,1264.831
2030-03-24 18:00:00,1321.654
2030-03-24 19:00:00,1302.372
2030-03-24 20:00:00,1266.598
2030-03-24 21:00:00,1210.116
2030-03-24 22:00:00,1142.071
2030-03-24 23:00:00,1069.469
2030-03-25 00:00:00,987.753
2030-03-25 01:00:00,950.553
2030-03-25 02:00:00,943.888
2030-03-25 03:00:00,947.391
2030-03-25 04:00:00,963.542
2030-03-25 05:00:00,1019.9929999999999
2030-03-25 06:00:00,1086.426
2030-03-25 07:00:00,1110.637
2030-03-25 08:00:00,1162.128
2030-03-25 09:00:00,1191.764
2030-03-25 10:00:00,1171.118
2030-03-25 11:00:00,1156.579
2030-03-25 12:00:00,1107.599
2030-03-25 13:00:00,1117.023
2030-03-25 14:00:00,1106.886
2030-03-25 15:00:00,1116.155
2030-03-25 16:00:00,1146.132
2030-03-25 17:00:00,1175.613
2030-03-25 18:00:00,1223.105
2030-03-25 19:00:00,1199.948
2030-03-25 20:00:00,1163.12
2030-03-25 21:00:00,1109.8
2030-03-25 22:00:00,1056.139
2030-03-25 23:00:00,996.154
2030-03-26 00:00:00,922.8389999999999
2030-03-26 01:00:00,884.957
2030-03-26 02:00:00,874.789
2030-03-26 03:00:00,871.286
2030-03-26 04:00:00,866.388
2030-03-26 05:00:00,872.309
2030-03-26 06:00:00,881.547
2030-03-26 07:00:00,902.751
2030-03-26 08:00:00,966.394
2030-03-26 09:00:00,1005.454
2030-03-26 10:00:00,987.071
2030-03-26 11:00:00,983.3199999999999
2030-03-26 12:00:00,969.06
2030-03-26 13:00:00,984.467
2030-03-26 14:00:00,985.862
2030-03-26 15:00:00,987.381
2030-03-26 16:00:00,1028.797
2030-03-26 17:00:00,1081.9
2030-03-26 18:00:00,1108.064
2030-03-26 19:00:00,1085.589
2030-03-26 20:00:00,1048.761
2030-03-26 21:00:00,1001.765
2030-03-26 22:00:00,949.499
2030-03-26 23:00:00,898.659
2030-03-27 00:00:00,837.279
2030-03-27 01:00:00,807.085
2030-03-27 02:00:00,802.187
2030-03-27 03:00:00,803.241
2030-03-27 04:00:00,799.025
2030-03-27 05:00:00,790.903
2030-03-27 06:00:00,778.534
2030-03-27 07:00:00,779.898
2030-03-27 08:00:00,793.042
2030-03-27 09:00:00,806.465
2030-03-27 10:00:00,816.261
2030-03-27 11:00:00,792.67
2030-03-27 12:00:00,797.103
2030-03-27 13:00:00,786.594
2030-03-27 14:00:00,789.043
2030-03-27 15:00:00,834.551
2030-03-27 16:00:00,895.9929999999999
2030-03-27 17:00:00,979.6
2030-03-27 18:00:00,1032.3
2030-03-27 19:00:00,1020.706
2030-03-27 20:00:00,996.867
2030-03-27 21:00:00,955.11
2030-03-27 22:00:00,900.395
2030-03-27 23:00:00,860.777
2030-03-28 00:00:00,806.062
2030-03-28 01:00:00,784.3
2030-03-28 02:00:00,783.959
2030-03-28 03:00:00,795.522
2030-03-28 04:00:00,810.619
2030-03-28 05:00:00,840.038
2030-03-28 06:00:00,870.542
2030-03-28 07:00:00,910.253
2030-03-28 08:00:00,995.782
2030-03-28 09:00:00,1063.362
2030-03-28 10:00:00,1069.531
2030-03-28 11:00:00,1085.124
2030-03-28 12:00:00,1059.518
2030-03-28 13:00:00,1077.374
2030-03-28 14:00:00,1074.274
2030-03-28 15:00:00,1084.039
2030-03-28 16:00:00,1128.152
2030-03-28 17:00:00,1171.831
2030-03-28 18:00:00,1202.056
2030-03-28 19:00:00,1175.055
2030-03-28 20:00:00,1134.352
2030-03-28 21:00:00,1082.799
2030-03-28 22:00:00,1029.138
2030-03-28 23:00:00,968.099
2030-03-29 00:00:00,895.838
2030-03-29 01:00:00,861.831
2030-03-29 02:00:00,861.1179999999999
2030-03-29 03:00:00,870.573
2030-03-29 04:00:00,884.957
2030-03-29 05:00:00,920.7
2030-03-29 06:00:00,988.931
2030-03-29 07:00:00,1059.58
2030-03-29 08:00:00,1161.322
2030-03-29 09:00:00,1224.469
2030-03-29 10:00:00,1214.828
2030-03-29 11:00:00,1215.045
2030-03-29 12:00:00,1177.008
2030-03-29 13:00:00,1212.72
2030-03-29 14:00:00,1220.842
2030-03-29 15:00:00,1250.757
2030-03-29 16:00:00,1296.73
2030-03-29 17:00:00,1325.064
2030-03-29 18:00:00,1327.637
2030-03-29 19:00:00,1285.539
2030-03-29 20:00:00,1231.506
2030-03-29 21:00:00,1162.779
2030-03-29 22:00:00,1094.021
2030-03-29 23:00:00,1017.544
2030-03-30 00:00:00,934.061
2030-03-30 01:00:00,891.281
2030-03-30 02:00:00,883.903
2030-03-30 03:00:00,887.437
2030-03-30 04:00:00,897.946
2030-03-30 05:00:00,931.209
2030-03-30 06:00:00,977.337
2030-03-30 07:00:00,1024.333
2030-03-30 08:00:00,1085.403
2030-03-30 09:00:00,1098.671
2030-03-30 10:00:00,1105.243
2030-03-30 11:00:00,1080.691
2030-03-30 12:00:00,1015.56
2030-03-30 13:00:00,1053.411
2030-03-30 14:00:00,1055.581
2030-03-30 15:00:00,1070.492
2030-03-30 16:00:00,1102.205
2030-03-30 17:00:00,1127.532
2030-03-30 18:00:00,1155.742
2030-03-30 19:00:00,1125.238
2030-03-30 20:00:00,1086.643
2030-03-30 21:00:00,1032.641
2030-03-30 22:00:00,980.716
2030-03-30 23:00:00,922.8389999999999
2030-03-31 00:00:00,854.794
2030-03-31 01:00:00,822.182
2030-03-31 02:00:00,820.415
2030-03-31 03:00:00,830.614
2030-03-31 04:00:00,838.674
2030-03-31 05:00:00,855.445
2030-03-31 06:00:00,872.309
2030-03-31 07:00:00,903.557
2030-03-31 08:00:00,979.383
2030-03-31 09:00:00,1021.698
2030-03-31 10:00:00,1031.215
2030-03-31 11:00:00,1053.1009999999999
2030-03-31 12:00:00,997.549
2030-03-31 13:00:00,1033.013
2030-03-31 14:00:00,1015.653
2030-03-31 15:00:00,1023.217
2030-03-31 16:00:00,1084.194
2030-03-31 17:00:00,1124.773
2030-03-31 18:00:00,1148.736
2030-03-31 19:00:00,1124.525
2030-03-31 20:00:00,1091.572
2030-03-31 21:00:00,1045.258
2030-03-31 22:00:00,1002.137
2030-03-31 23:00:00,951.948
2030-04-01 00:00:00,887.0649999999999
2030-04-01 01:00:00,856.902
2030-04-01 02:00:00,861.1179999999999
2030-04-01 03:00:00,879.346
2030-04-01 04:00:00,901.108
2030-04-01 05:00:00,952.9399999999999
2030-04-01 06:00:00,1041.166
2030-04-01 07:00:00,1118.914
2030-04-01 08:00:00,1214.921
2030-04-01 09:00:00,1269.543
2030-04-01 10:00:00,1229.708
2030-04-01 11:00:00,1207.14
2030-04-01 12:00:00,1163.895
2030-04-01 13:00:00,1190.307
2030-04-01 14:00:00,1174.032
2030-04-01 15:00:00,1157.509
2030-04-01 16:00:00,1193.841
2030-04-01 17:00:00,1235.877
2030-04-01 18:00:00,1306.216
2030-04-01 19:00:00,1297.102
2030-04-01 20:00:00,1264.831
2030-04-01 21:00:00,1209.062
2030-04-01 22:00:00,1148.395
2030-04-01 23:00:00,1080.35
2030-04-02 00:00:00,996.154
2030-04-02 01:00:00,955.11
2030-04-02 02:00:00,945.996
2030-04-02 03:00:00,944.942
2030-04-02 04:00:00,944.942
2030-04-02 05:00:00,960.597
2030-04-02 06:00:00,955.544
2030-04-02 07:00:00,945.4689999999999
2030-04-02 08:00:00,971.912
2030-04-02 09:00:00,1012.615
2030-04-02 10:00:00,1012.708
2030-04-02 11:00:00,1010.197
2030-04-02 12:00:00,988.497
2030-04-02 13:00:00,964.999
2030-04-02 14:00:00,941.377
2030-04-02 15:00:00,943.547
2030-04-02 16:00:00,981.305
2030-04-02 17:00:00,1062.432
2030-04-02 18:00:00,1161.012
2030-04-02 19:00:00,1165.228
2030-04-02 20:00:00,1142.071
2030-04-02 21:00:00,1094.734
2030-04-02 22:00:00,1036.144
2030-04-02 23:00:00,973.71
2030-04-03 00:00:00,901.108
2030-04-03 01:00:00,861.459
2030-04-03 02:00:00,851.2909999999999
2030-04-03 03:00:00,856.22
2030-04-03 04:00:00,857.2429999999999
2030-04-03 05:00:00,867.628
2030-04-03 06:00:00,868.31
2030-04-03 07:00:00,897.76
2030-04-03 08:00:00,936.386
2030-04-03 09:00:00,956.629
2030-04-03 10:00:00,962.395
2030-04-03 11:00:00,972.563
2030-04-03 12:00:00,981.832
2030-04-03 13:00:00,997.394
2030-04-03 14:00:00,1003.563
2030-04-03 15:00:00,1039.368
2030-04-03 16:00:00,1104.034
2030-04-03 17:00:00,1189.0049999999999
2030-04-03 18:00:00,1237.489
2030-04-03 19:00:00,1224.5
2030-04-03 20:00:00,1192.57
2030-04-03 21:00:00,1134.011
2030-04-03 22:00:00,1052.295
2030-04-03 23:00:00,979.321
2030-04-04 00:00:00,902.8439999999999
2030-04-04 01:00:00,863.908
2030-04-04 02:00:00,859.723
2030-04-04 03:00:00,869.178
2030-04-04 04:00:00,889.514
2030-04-04 05:00:00,945.4689999999999
2030-04-04 06:00:00,1041.693
2030-04-04 07:00:00,1140.304
2030-04-04 08:00:00,1262.258
2030-04-04 09:00:00,1349.213
2030-04-04 10:00:00,1336.224
2030-04-04 11:00:00,1332.6589999999999
2030-04-04 12:00:00,1272.984
2030-04-04 13:00:00,1303.984
2030-04-04 14:00:00,1332.318
2030-04-04 15:00:00,1348.376
2030-04-04 16:00:00,1392.83
2030-04-04 17:00:00,1418.808
2030-04-04 18:00:00,1419.18
2030-04-04 19:00:00,1374.633
2030-04-04 20:00:00,1318.151
2030-04-04 21:00:00,1243.782
2030-04-04 22:00:00,1156.455
2030-04-04 23:00:00,1068.074
2030-04-05 00:00:00,977.213
2030-04-05 01:00:00,930.93
2030-04-05 02:00:00,922.8389999999999
2030-04-05 03:00:00,924.947
2030-04-05 04:00:00,938.649
2030-04-05 05:00:00,975.229
2030-04-05 06:00:00,1037.632
2030-04-05 07:00:00,1092.502
2030-04-05 08:00:00,1160.547
2030-04-05 09:00:00,1175.148
2030-04-05 10:00:00,1155.556
2030-04-05 11:00:00,1134.693
2030-04-05 12:00:00,1083.171
2030-04-05 13:00:00,1105.8319999999999
2030-04-05 14:00:00,1091.014
2030-04-05 15:00:00,1102.453
2030-04-05 16:00:00,1136.739
2030-04-05 17:00:00,1167.522
2030-04-05 18:00:00,1213.991
2030-04-05 19:00:00,1195.732
2030-04-05 20:00:00,1157.168
2030-04-05 21:00:00,1098.237
2030-04-05 22:00:00,1042.809
2030-04-05 23:00:00,978.2669999999999
2030-04-06 00:00:00,902.8439999999999
2030-04-06 01:00:00,866.729
2030-04-06 02:00:00,864.28
2030-04-06 03:00:00,870.573
2030-04-06 04:00:00,879.718
2030-04-06 05:00:00,903.278
2030-04-06 06:00:00,933.379
2030-04-06 07:00:00,970.2379999999999
2030-04-06 08:00:00,1050.714
2030-04-06 09:00:00,1084.287
2030-04-06 10:00:00,1067.795
2030-04-06 11:00:00,1086.147
2030-04-06 12:00:00,1051.675
2030-04-06 13:00:00,1070.43
2030-04-06 14:00:00,1059.673
2030-04-06 15:00:00,1067.02
2030-04-06 16:00:00,1096.687
2030-04-06 17:00:00,1115.473
2030-04-06 18:00:00,1151.185
2030-04-06 19:00:00,1128.4
2030-04-06 20:00:00,1089.123
2030-04-06 21:00:00,1036.144
2030-04-06 22:00:00,988.435
2030-04-06 23:00:00,932.325
2030-04-07 00:00:00,864.962
2030-04-07 01:00:00,832.35
2030-04-07 02:00:00,833.745
2030-04-07 03:00:00,841.4639999999999
2030-04-07 04:00:00,852.345
2030-04-07 05:00:00,874.479
2030-04-07 06:00:00,909.788
2030-04-07 07:00:00,948.476
2030-04-07 08:00:00,1025.914
2030-04-07 09:00:00,1077.777
2030-04-07 10:00:00,1090.828
2030-04-07 11:00:00,1086.55
2030-04-07 12:00:00,1052.667
2030-04-07 13:00:00,1075.359
2030-04-07 14:00:00,1078.986
2030-04-07 15:00:00,1087.201
2030-04-07 16:00:00,1108.033
2030-04-07 17:00:00,1138.103
2030-04-07 18:00:00,1181.72
2030-04-07 19:00:00,1153.665
2030-04-07 20:00:00,1110.854
2030-04-07 21:00:00,1052.636
2030-04-07 22:00:00,997.549
2030-04-07 23:00:00,937.595
2030-04-08 00:00:00,873.394
2030-04-08 01:00:00,844.626
2030-04-08 02:00:00,847.075
2030-04-08 03:00:00,859.351
2030-04-08 04:00:00,872.34
2030-04-08 05:00:00,894.722
2030-04-08 06:00:00,914.996
2030-04-08 07:00:00,925.071
2030-04-08 08:00:00,992.279
2030-04-08 09:00:00,1054.062
2030-04-08 10:00:00,1071.918
2030-04-08 11:00:00,1078.8
2030-04-08 12:00:00,1037.725
2030-04-08 13:00:00,1052.729
2030-04-08 14:00:00,1049.877
2030-04-08 15:00:00,1059.394
2030-04-08 16:00:00,1085.093
2030-04-08 17:00:00,1100.562
2030-04-08 18:00:00,1135.747
2030-04-08 19:00:00,1115.07
2030-04-08 20:00:00,1072.972
2030-04-08 21:00:00,1019.311
2030-04-08 22:00:00,971.261
2030-04-08 23:00:00,920.39
2030-04-09 00:00:00,857.2429999999999
2030-04-09 01:00:00,825.003
2030-04-09 02:00:00,822.182
2030-04-09 03:00:00,832.009
2030-04-09 04:00:00,836.566
2030-04-09 05:00:00,832.908
2030-04-09 06:00:00,809.875
2030-04-09 07:00:00,790.1899999999999
2030-04-09 08:00:00,812.603
2030-04-09 09:00:00,846.083
2030-04-09 10:00:00,858.173
2030-04-09 11:00:00,857.8629999999999
2030-04-09 12:00:00,847.819
2030-04-09 13:00:00,850.051
2030-04-09 14:00:00,844.254
2030-04-09 15:00:00,863.381
2030-04-09 16:00:00,902.8439999999999
2030-04-09 17:00:00,947.329
2030-04-09 18:00:00,1000.029
2030-04-09 19:00:00,993.705
2030-04-09 20:00:00,960.721
2030-04-09 21:00:00,914.438
2030-04-09 22:00:00,875.161
2030-04-09 23:00:00,838.302
2030-04-10 00:00:00,785.695
2030-04-10 01:00:00,762.538
2030-04-10 02:00:00,763.592
2030-04-10 03:00:00,773.078
2030-04-10 04:00:00,775.8679999999999
2030-04-10 05:00:00,766.165
2030-04-10 06:00:00,733.801
2030-04-10 07:00:00,715.418
2030-04-10 08:00:00,735.444
2030-04-10 09:00:00,766.258
2030-04-10 10:00:00,787.741
2030-04-10 11:00:00,808.542
2030-04-10 12:00:00,813.936
2030-04-10 13:00:00,813.223
2030-04-10 14:00:00,819.764
2030-04-10 15:00:00,849.772
2030-04-10 16:00:00,891.746
2030-04-10 17:00:00,937.502
2030-04-10 18:00:00,994.418
2030-04-10 19:00:00,990.202
2030-04-10 20:00:00,957.218
2030-04-10 21:00:00,909.168
2030-04-10 22:00:00,854.453
2030-04-10 23:00:00,819.02
2030-04-11 00:00:00,768.18
2030-04-11 01:00:00,743.969
2030-04-11 02:00:00,751.316
2030-04-11 03:00:00,767.126
2030-04-11 04:00:00,780.456
2030-04-11 05:00:00,789.2909999999999
2030-04-11 06:00:00,802.9
2030-04-11 07:00:00,846.734
2030-04-11 08:00:00,937.936
2030-04-11 09:00:00,1008.833
2030-04-11 10:00:00,1040.453
2030-04-11 11:00:00,1057.007
2030-04-11 12:00:00,1002.323
2030-04-11 13:00:00,1037.477
2030-04-11 14:00:00,1054.0
2030-04-11 15:00:00,1090.642
2030-04-11 16:00:00,1111.567
2030-04-11 17:00:00,1100.19
2030-04-11 18:00:00,1129.454
2030-04-11 19:00:00,1094.362
2030-04-11 20:00:00,1047.025
2030-04-11 21:00:00,990.202
2030-04-11 22:00:00,945.283
2030-04-11 23:00:00,897.946
2030-04-12 00:00:00,833.404
2030-04-12 01:00:00,802.9
2030-04-12 02:00:00,807.085
2030-04-12 03:00:00,816.912
2030-04-12 04:00:00,825.344
2030-04-12 05:00:00,829.932
2030-04-12 06:00:00,841.805
2030-04-12 07:00:00,871.875
2030-04-12 08:00:00,945.748
2030-04-12 09:00:00,1016.676
2030-04-12 10:00:00,1045.382
2030-04-12 11:00:00,1065.749
2030-04-12 12:00:00,1038.128
2030-04-12 13:00:00,1079.73
2030-04-12 14:00:00,1093.742
2030-04-12 15:00:00,1110.761
2030-04-12 16:00:00,1136.522
2030-04-12 17:00:00,1127.253
2030-04-12 18:00:00,1143.125
2030-04-12 19:00:00,1107.692
2030-04-12 20:00:00,1056.48
2030-04-12 21:00:00,998.262
2030-04-12 22:00:00,950.212
2030-04-12 23:00:00,902.8439999999999
2030-04-13 00:00:00,838.674
2030-04-13 01:00:00,806.744
2030-04-13 02:00:00,806.744
2030-04-13 03:00:00,819.733
2030-04-13 04:00:00,824.631
2030-04-13 05:00:00,821.841
2030-04-13 06:00:00,829.994
2030-04-13 07:00:00,873.549
2030-04-13 08:00:00,960.008
2030-04-13 09:00:00,1036.33
2030-04-13 10:00:00,1054.434
2030-04-13 11:00:00,1068.105
2030-04-13 12:00:00,1045.475
2030-04-13 13:00:00,1099.415
2030-04-13 14:00:00,1113.365
2030-04-13 15:00:00,1119.813
2030-04-13 16:00:00,1140.521
2030-04-13 17:00:00,1139.529
2030-04-13 18:00:00,1164.887
2030-04-13 19:00:00,1125.951
2030-04-13 20:00:00,1077.529
2030-04-13 21:00:00,1017.9159999999999
2030-04-13 22:00:00,966.704
2030-04-13 23:00:00,912.671
2030-04-14 00:00:00,851.632
2030-04-14 01:00:00,812.014
2030-04-14 02:00:00,809.906
2030-04-14 03:00:00,816.912
2030-04-14 04:00:00,823.236
2030-04-14 05:00:00,838.054
2030-04-14 06:00:00,882.105
2030-04-14 07:00:00,942.369
2030-04-14 08:00:00,1042.096
2030-04-14 09:00:00,1112.218
2030-04-14 10:00:00,1123.998
2030-04-14 11:00:00,1126.85
2030-04-14 12:00:00,1086.271
2030-04-14 13:00:00,1136.708
2030-04-14 14:00:00,1147.434
2030-04-14 15:00:00,1159.679
2030-04-14 16:00:00,1191.33
2030-04-14 17:00:00,1204.319
2030-04-14 18:00:00,1211.883
2030-04-14 19:00:00,1176.109
2030-04-14 20:00:00,1127.346
2030-04-14 21:00:00,1063.858
2030-04-14 22:00:00,1001.424
2030-04-14 23:00:00,940.044
2030-04-15 00:00:00,871.286
2030-04-15 01:00:00,836.225
2030-04-15 02:00:00,834.799
2030-04-15 03:00:00,848.129
2030-04-15 04:00:00,861.1179999999999
2030-04-15 05:00:00,889.979
2030-04-15 06:00:00,949.53
2030-04-15 07:00:00,1018.164
2030-04-15 08:00:00,1117.116
2030-04-15 09:00:00,1175.489
2030-04-15 10:00:00,1176.76
2030-04-15 11:00:00,1174.187
2030-04-15 12:00:00,1125.145
2030-04-15 13:00:00,1153.789
2030-04-15 14:00:00,1166.747
2030-04-15 15:00:00,1176.047
2030-04-15 16:00:00,1202.924
2030-04-15 17:00:00,1223.353
2030-04-15 18:00:00,1244.836
2030-04-15 19:00:00,1213.278
2030-04-15 20:00:00,1167.336
2030-04-15 21:00:00,1104.902
2030-04-15 22:00:00,1047.7069999999999
2030-04-15 23:00:00,981.77
2030-04-16 00:00:00,904.27
2030-04-16 01:00:00,860.777
2030-04-16 02:00:00,848.842
2030-04-16 03:00:00,856.22
2030-04-16 04:00:00,860.064
2030-04-16 05:00:00,864.032
2030-04-16 06:00:00,871.596
2030-04-16 07:00:00,882.911
2030-04-16 08:00:00,912.454
2030-04-16 09:00:00,911.276
2030-04-16 10:00:00,886.29
2030-04-16 11:00:00,911.059
2030-04-16 12:00:00,896.954
2030-04-16 13:00:00,891.25
2030-04-16 14:00:00,886.507
2030-04-16 15:00:00,882.446
2030-04-16 16:00:00,922.467
2030-04-16 17:00:00,962.643
2030-04-16 18:00:00,1036.113
2030-04-16 19:00:00,1042.809
2030-04-16 20:00:00,1022.101
2030-04-16 21:00:00,981.088
2030-04-16 22:00:00,937.936
2030-04-16 23:00:00,893.389
2030-04-17 00:00:00,828.847
2030-04-17 01:00:00,796.576
2030-04-17 02:00:00,795.181
2030-04-17 03:00:00,803.241
2030-04-17 04:00:00,808.139
2030-04-17 05:00:00,803.086
2030-04-17 06:00:00,785.633
2030-04-17 07:00:00,784.734
2030-04-17 08:00:00,815.083
2030-04-17 09:00:00,852.004
2030-04-17 10:00:00,854.36
2030-04-17 11:00:00,846.579
2030-04-17 12:00:00,840.317
2030-04-17 13:00:00,840.813
2030-04-17 14:00:00,853.895
2030-04-17 15:00:00,882.818
2030-04-17 16:00:00,927.427
2030-04-17 17:00:00,992.558
2030-04-17 18:00:00,1051.923
2030-04-17 19:00:00,1049.133
2030-04-17 20:00:00,1017.9159999999999
2030-04-17 21:00:00,968.4399999999999
2030-04-17 22:00:00,911.989
2030-04-17 23:00:00,862.513
2030-04-18 00:00:00,801.474
2030-04-18 01:00:00,771.683
2030-04-18 02:00:00,776.24
2030-04-18 03:00:00,789.911
2030-04-18 04:00:00,805.349
2030-04-18 05:00:00,817.873
2030-04-18 06:00:00,853.492
2030-04-18 07:00:00,912.361
2030-04-18 08:00:00,1005.02
2030-04-18 09:00:00,1065.687
2030-04-18 10:00:00,1060.913
2030-04-18 11:00:00,1083.667
2030-04-18 12:00:00,1054.682
2030-04-18 13:00:00,1103.383
2030-04-18 14:00:00,1130.105
2030-04-18 15:00:00,1146.6589999999999
2030-04-18 16:00:00,1193.314
2030-04-18 17:00:00,1221.555
2030-04-18 18:00:00,1231.847
2030-04-18 19:00:00,1196.786
2030-04-18 20:00:00,1149.077
2030-04-18 21:00:00,1081.032
2030-04-18 22:00:00,1018.97
2030-04-18 23:00:00,951.948
2030-04-19 00:00:00,877.2379999999999
2030-04-19 01:00:00,842.518
2030-04-19 02:00:00,841.4639999999999
2030-04-19 03:00:00,854.453
2030-04-19 04:00:00,866.729
2030-04-19 05:00:00,883.872
2030-04-19 06:00:00,902.534
2030-04-19 07:00:00,919.026
2030-04-19 08:00:00,979.6
2030-04-19 09:00:00,1041.259
2030-04-19 10:00:00,1056.449
2030-04-19 11:00:00,1058.371
2030-04-19 12:00:00,1025.108
2030-04-19 13:00:00,1052.543
2030-04-19 14:00:00,1057.596
2030-04-19 15:00:00,1060.603
2030-04-19 16:00:00,1094.951
2030-04-19 17:00:00,1115.287
2030-04-19 18:00:00,1151.154
2030-04-19 19:00:00,1123.843
2030-04-19 20:00:00,1082.799
2030-04-19 21:00:00,1026.317
2030-04-19 22:00:00,976.531
2030-04-19 23:00:00,921.444
2030-04-20 00:00:00,850.578
2030-04-20 01:00:00,818.338
2030-04-20 02:00:00,819.02
2030-04-20 03:00:00,829.188
2030-04-20 04:00:00,840.41
2030-04-20 05:00:00,864.869
2030-04-20 06:00:00,920.731
2030-04-20 07:00:00,980.623
2030-04-20 08:00:00,1062.494
2030-04-20 09:00:00,1099.57
2030-04-20 10:00:00,1083.574
2030-04-20 11:00:00,1075.204
2030-04-20 12:00:00,1034.315
2030-04-20 13:00:00,1080.5049999999999
2030-04-20 14:00:00,1108.653
2030-04-20 15:00:00,1133.081
2030-04-20 16:00:00,1171.211
2030-04-20 17:00:00,1198.584
2030-04-20 18:00:00,1221.307
2030-04-20 19:00:00,1189.067
2030-04-20 20:00:00,1141.017
2030-04-20 21:00:00,1075.421
2030-04-20 22:00:00,1014.754
2030-04-20 23:00:00,948.817
2030-04-21 00:00:00,871.999
2030-04-21 01:00:00,836.907
2030-04-21 02:00:00,833.745
2030-04-21 03:00:00,845.3389999999999
2030-04-21 04:00:00,857.956
2030-04-21 05:00:00,865.582
2030-04-21 06:00:00,885.391
2030-04-21 07:00:00,917.631
2030-04-21 08:00:00,988.528
2030-04-21 09:00:00,1042.995
2030-04-21 10:00:00,1066.741
2030-04-21 11:00:00,1069.717
2030-04-21 12:00:00,1013.7
2030-04-21 13:00:00,1045.444
2030-04-21 14:00:00,1053.845
2030-04-21 15:00:00,1067.826
2030-04-21 16:00:00,1111.66
2030-04-21 17:00:00,1138.134
2030-04-21 18:00:00,1161.694
2030-04-21 19:00:00,1127.346
2030-04-21 20:00:00,1082.799
2030-04-21 21:00:00,1026.689
2030-04-21 22:00:00,977.926
2030-04-21 23:00:00,922.157
2030-04-22 00:00:00,856.902
2030-04-22 01:00:00,827.793
2030-04-22 02:00:00,830.955
2030-04-22 03:00:00,836.225
2030-04-22 04:00:00,837.961
2030-04-22 05:00:00,847.323
2030-04-22 06:00:00,861.1179999999999
2030-04-22 07:00:00,875.347
2030-04-22 08:00:00,951.204
2030-04-22 09:00:00,1014.506
2030-04-22 10:00:00,1046.188
2030-04-22 11:00:00,1062.618
2030-04-22 12:00:00,1034.098
2030-04-22 13:00:00,1076.692
2030-04-22 14:00:00,1093.029
2030-04-22 15:00:00,1107.134
2030-04-22 16:00:00,1126.54
2030-04-22 17:00:00,1122.293
2030-04-22 18:00:00,1131.128
2030-04-22 19:00:00,1100.686
2030-04-22 20:00:00,1050.187
2030-04-22 21:00:00,992.31
2030-04-22 22:00:00,948.104
2030-04-22 23:00:00,902.8439999999999
2030-04-23 00:00:00,840.41
2030-04-23 01:00:00,805.008
2030-04-23 02:00:00,801.846
2030-04-23 03:00:00,805.6899999999999
2030-04-23 04:00:00,802.528
2030-04-23 05:00:00,784.207
2030-04-23 06:00:00,771.466
2030-04-23 07:00:00,772.396
2030-04-23 08:00:00,809.286
2030-04-23 09:00:00,822.306
2030-04-23 10:00:00,846.393
2030-04-23 11:00:00,891.591
2030-04-23 12:00:00,895.652
2030-04-23 13:00:00,918.313
2030-04-23 14:00:00,925.009
2030-04-23 15:00:00,934.681
2030-04-23 16:00:00,967.169
2030-04-23 17:00:00,991.349
2030-04-23 18:00:00,1027.65
2030-04-23 19:00:00,1012.646
2030-04-23 20:00:00,972.3149999999999
2030-04-23 21:00:00,919.336
2030-04-23 22:00:00,876.556
2030-04-23 23:00:00,838.302
2030-04-24 00:00:00,781.138
2030-04-24 01:00:00,749.921
2030-04-24 02:00:00,748.867
2030-04-24 03:00:00,758.353
2030-04-24 04:00:00,757.981
2030-04-24 05:00:00,741.148
2030-04-24 06:00:00,713.558
2030-04-24 07:00:00,711.078
2030-04-24 08:00:00,751.099
2030-04-24 09:00:00,793.879
2030-04-24 10:00:00,804.574
2030-04-24 11:00:00,808.108
2030-04-24 12:00:00,821.841
2030-04-24 13:00:00,840.348
2030-04-24 14:00:00,856.406
2030-04-24 15:00:00,866.419
2030-04-24 16:00:00,904.921
2030-04-24 17:00:00,968.75
2030-04-24 18:00:00,1016.459
2030-04-24 19:00:00,998.262
2030-04-24 20:00:00,967.045
2030-04-24 21:00:00,921.444
2030-04-24 22:00:00,864.621
2030-04-24 23:00:00,824.631
2030-04-25 00:00:00,770.97
2030-04-25 01:00:00,742.915
2030-04-25 02:00:00,749.239
2030-04-25 03:00:00,765.018
2030-04-25 04:00:00,779.03
2030-04-25 05:00:00,779.34
2030-04-25 06:00:00,806.8679999999999
2030-04-25 07:00:00,847.819
2030-04-25 08:00:00,934.216
2030-04-25 09:00:00,1020.737
2030-04-25 10:00:00,1057.565
2030-04-25 11:00:00,1076.692
2030-04-25 12:00:00,1053.907
2030-04-25 13:00:00,1097.059
2030-04-25 14:00:00,1114.667
2030-04-25 15:00:00,1123.223
2030-04-25 16:00:00,1142.753
2030-04-25 17:00:00,1130.229
2030-04-25 18:00:00,1138.506
2030-04-25 19:00:00,1106.638
2030-04-25 20:00:00,1052.977
2030-04-25 21:00:00,994.759
2030-04-25 22:00:00,952.661
2030-04-25 23:00:00,903.216
2030-04-26 00:00:00,838.674
2030-04-26 01:00:00,802.528
2030-04-26 02:00:00,802.528
2030-04-26 03:00:00,815.5169999999999
2030-04-26 04:00:00,820.787
2030-04-26 05:00:00,821.283
2030-04-26 06:00:00,842.115
2030-04-26 07:00:00,895.404
2030-04-26 08:00:00,995.5649999999999
2030-04-26 09:00:00,1072.693
2030-04-26 10:00:00,1082.117
2030-04-26 11:00:00,1086.984
2030-04-26 12:00:00,1044.359
2030-04-26 13:00:00,1110.203
2030-04-26 14:00:00,1142.908
2030-04-26 15:00:00,1144.706
2030-04-26 16:00:00,1181.41
2030-04-26 17:00:00,1178.558
2030-04-26 18:00:00,1187.951
2030-04-26 19:00:00,1147.682
2030-04-26 20:00:00,1091.913
2030-04-26 21:00:00,1037.539
2030-04-26 22:00:00,987.04
2030-04-26 23:00:00,934.433
2030-04-27 00:00:00,869.178
2030-04-27 01:00:00,830.955
2030-04-27 02:00:00,827.452
2030-04-27 03:00:00,837.279
2030-04-27 04:00:00,835.512
2030-04-27 05:00:00,841.557
2030-04-27 06:00:00,876.308
2030-04-27 07:00:00,925.97
2030-04-27 08:00:00,996.7429999999999
2030-04-27 09:00:00,1052.388
2030-04-27 10:00:00,1097.524
2030-04-27 11:00:00,1105.243
2030-04-27 12:00:00,1087.945
2030-04-27 13:00:00,1166.871
2030-04-27 14:00:00,1145.326
2030-04-27 15:00:00,1136.522
2030-04-27 16:00:00,1170.405
2030-04-27 17:00:00,1173.102
2030-04-27 18:00:00,1184.448
2030-04-27 19:00:00,1138.909
2030-04-27 20:00:00,1080.691
2030-04-27 21:00:00,1009.825
2030-04-27 22:00:00,954.428
2030-04-27 23:00:00,902.8439999999999
2030-04-28 00:00:00,838.674
2030-04-28 01:00:00,794.809
2030-04-28 02:00:00,788.516
2030-04-28 03:00:00,799.7379999999999
2030-04-28 04:00:00,804.295
2030-04-28 05:00:00,803.179
2030-04-28 06:00:00,818.2139999999999
2030-04-28 07:00:00,853.802
2030-04-28 08:00:00,919.088
2030-04-28 09:00:00,951.204
2030-04-28 10:00:00,959.295
2030-04-28 11:00:00,952.413
2030-04-28 12:00:00,894.846
2030-04-28 13:00:00,957.218
2030-04-28 14:00:00,980.127
2030-04-28 15:00:00,995.72
2030-04-28 16:00:00,1032.362
2030-04-28 17:00:00,1039.771
2030-04-28 18:00:00,1060.944
2030-04-28 19:00:00,1045.971
2030-04-28 20:00:00,1003.873
2030-04-28 21:00:00,951.948
2030-04-28 22:00:00,912.33
2030-04-28 23:00:00,866.016
2030-04-29 00:00:00,807.457
2030-04-29 01:00:00,772.024
2030-04-29 02:00:00,768.521
2030-04-29 03:00:00,783.246
2030-04-29 04:00:00,786.067
2030-04-29 05:00:00,766.971
2030-04-29 06:00:00,756.369
2030-04-29 07:00:00,764.2429999999999
2030-04-29 08:00:00,816.726
2030-04-29 09:00:00,867.752
2030-04-29 10:00:00,863.412
2030-04-29 11:00:00,886.476
2030-04-29 12:00:00,889.731
2030-04-29 13:00:00,916.329
2030-04-29 14:00:00,942.772
2030-04-29 15:00:00,967.634
2030-04-29 16:00:00,1006.446
2030-04-29 17:00:00,1050.528
2030-04-29 18:00:00,1077.157
2030-04-29 19:00:00,1059.983
2030-04-29 20:00:00,1023.155
2030-04-29 21:00:00,970.889
2030-04-29 22:00:00,913.043
2030-04-29 23:00:00,863.908
2030-04-30 00:00:00,798.343
2030-04-30 01:00:00,763.9639999999999
2030-04-30 02:00:00,761.856
2030-04-30 03:00:00,773.7909999999999
2030-04-30 04:00:00,781.138
2030-04-30 05:00:00,768.614
2030-04-30 06:00:00,740.869
2030-04-30 07:00:00,734.204
2030-04-30 08:00:00,777.604
2030-04-30 09:00:00,827.297
2030-04-30 10:00:00,841.278
2030-04-30 11:00:00,840.255
2030-04-30 12:00:00,830.1179999999999
2030-04-30 13:00:00,822.12
2030-04-30 14:00:00,810.588
2030-04-30 15:00:00,815.734
2030-04-30 16:00:00,853.585
2030-04-30 17:00:00,901.139
2030-04-30 18:00:00,961.341
2030-04-30 19:00:00,978.2669999999999
2030-04-30 20:00:00,959.326
2030-04-30 21:00:00,912.671
2030-04-30 22:00:00,860.405
2030-04-30 23:00:00,819.02
2030-05-01 00:00:00,758.353
2030-05-01 01:00:00,724.3149999999999
2030-05-01 02:00:00,722.92
2030-05-01 03:00:00,729.926
2030-05-01 04:00:00,731.693
2030-05-01 05:00:00,724.098
2030-05-01 06:00:00,710.6129999999999
2030-05-01 07:00:00,714.7669999999999
2030-05-01 08:00:00,732.871
2030-05-01 09:00:00,751.626
2030-05-01 10:00:00,753.765
2030-05-01 11:00:00,801.908
2030-05-01 12:00:00,791.182
2030-05-01 13:00:00,812.882
2030-05-01 14:00:00,836.783
2030-05-01 15:00:00,864.683
2030-05-01 16:00:00,914.624
2030-05-01 17:00:00,976.438
2030-05-01 18:00:00,1020.985
2030-05-01 19:00:00,1010.538
2030-05-01 20:00:00,975.105
2030-05-01 21:00:00,920.731
2030-05-01 22:00:00,859.723
2030-05-01 23:00:00,807.798
2030-05-02 00:00:00,745.023
2030-05-02 01:00:00,715.542
2030-05-02 02:00:00,717.991
2030-05-02 03:00:00,733.801
2030-05-02 04:00:00,745.705
2030-05-02 05:00:00,753.796
2030-05-02 06:00:00,761.019
2030-05-02 07:00:00,771.094
2030-05-02 08:00:00,818.4929999999999
2030-05-02 09:00:00,857.398
2030-05-02 10:00:00,866.7909999999999
2030-05-02 11:00:00,885.112
2030-05-02 12:00:00,863.846
2030-05-02 13:00:00,865.954
2030-05-02 14:00:00,873.487
2030-05-02 15:00:00,890.32
2030-05-02 16:00:00,936.5409999999999
2030-05-02 17:00:00,977.926
2030-05-02 18:00:00,1015.994
2030-05-02 19:00:00,1011.592
2030-05-02 20:00:00,975.105
2030-05-02 21:00:00,926.7139999999999
2030-05-02 22:00:00,869.519
2030-05-02 23:00:00,821.841
2030-05-03 00:00:00,757.64
2030-05-03 01:00:00,729.585
2030-05-03 02:00:00,730.639
2030-05-03 03:00:00,743.256
2030-05-03 04:00:00,751.316
2030-05-03 05:00:00,738.0169999999999
2030-05-03 06:00:00,707.172
2030-05-03 07:00:00,694.741
2030-05-03 08:00:00,717.154
2030-05-03 09:00:00,752.463
2030-05-03 10:00:00,756.958
2030-05-03 11:00:00,769.575
2030-05-03 12:00:00,767.281
2030-05-03 13:00:00,753.176
2030-05-03 14:00:00,746.697
2030-05-03 15:00:00,764.429
2030-05-03 16:00:00,807.178
2030-05-03 17:00:00,857.801
2030-05-03 18:00:00,912.485
2030-05-03 19:00:00,927.055
2030-05-03 20:00:00,903.216
2030-05-03 21:00:00,866.388
2030-05-03 22:00:00,821.469
2030-05-03 23:00:00,783.246
2030-05-04 00:00:00,727.818
2030-05-04 01:00:00,702.212
2030-05-04 02:00:00,705.374
2030-05-04 03:00:00,717.991
2030-05-04 04:00:00,723.974
2030-05-04 05:00:00,706.149
2030-05-04 06:00:00,680.326
2030-05-04 07:00:00,671.801
2030-05-04 08:00:00,687.735
2030-05-04 09:00:00,711.419
2030-05-04 10:00:00,730.019
2030-05-04 11:00:00,742.76
2030-05-04 12:00:00,744.775
2030-05-04 13:00:00,745.519
2030-05-04 14:00:00,749.828
2030-05-04 15:00:00,778.1
2030-05-04 16:00:00,822.027
2030-05-04 17:00:00,867.907
2030-05-04 18:00:00,912.454
2030-05-04 19:00:00,921.103
2030-05-04 20:00:00,892.335
2030-05-04 21:00:00,849.183
2030-05-04 22:00:00,805.349
2030-05-04 23:00:00,769.203
2030-05-05 00:00:00,715.201
2030-05-05 01:00:00,688.882
2030-05-05 02:00:00,693.098
2030-05-05 03:00:00,708.195
2030-05-05 04:00:00,708.877
2030-05-05 05:00:00,683.581
2030-05-05 06:00:00,659.308
2030-05-05 07:00:00,658.254
2030-05-05 08:00:00,693.439
2030-05-05 09:00:00,743.132
2030-05-05 10:00:00,774.349
2030-05-05 11:00:00,790.903
2030-05-05 12:00:00,800.761
2030-05-05 13:00:00,802.001
2030-05-05 14:00:00,808.697
2030-05-05 15:00:00,826.615
2030-05-05 16:00:00,863.598
2030-05-05 17:00:00,899.217
2030-05-05 18:00:00,936.727
2030-05-05 19:00:00,939.672
2030-05-05 20:00:00,904.952
2030-05-05 21:00:00,861.831
2030-05-05 22:00:00,811.301
2030-05-05 23:00:00,771.311
2030-05-06 00:00:00,716.968
2030-05-06 01:00:00,688.882
2030-05-06 02:00:00,693.811
2030-05-06 03:00:00,708.195
2030-05-06 04:00:00,714.4879999999999
2030-05-06 05:00:00,699.732
2030-05-06 06:00:00,702.584
2030-05-06 07:00:00,740.156
2030-05-06 08:00:00,814.99
2030-05-06 09:00:00,887.282
2030-05-06 10:00:00,903.278
2030-05-06 11:00:00,911.803
2030-05-06 12:00:00,899.713
2030-05-06 13:00:00,929.628
2030-05-06 14:00:00,944.787
2030-05-06 15:00:00,944.446
2030-05-06 16:00:00,964.193
2030-05-06 17:00:00,982.111
2030-05-06 18:00:00,1011.747
2030-05-06 19:00:00,999.657
2030-05-06 20:00:00,950.553
2030-05-06 21:00:00,896.8919999999999
2030-05-06 22:00:00,857.615
2030-05-06 23:00:00,812.696
2030-05-07 00:00:00,758.353
2030-05-07 01:00:00,725.369
2030-05-07 02:00:00,722.207
2030-05-07 03:00:00,736.591
2030-05-07 04:00:00,739.753
2030-05-07 05:00:00,733.367
2030-05-07 06:00:00,730.515
2030-05-07 07:00:00,748.805
2030-05-07 08:00:00,808.201
2030-05-07 09:00:00,853.275
2030-05-07 10:00:00,892.955
2030-05-07 11:00:00,903.898
2030-05-07 12:00:00,910.501
2030-05-07 13:00:00,925.846
2030-05-07 14:00:00,919.15
2030-05-07 15:00:00,921.878
2030-05-07 16:00:00,935.084
2030-05-07 17:00:00,944.2909999999999
2030-05-07 18:00:00,977.12
2030-05-07 19:00:00,971.261
2030-05-07 20:00:00,929.876
2030-05-07 21:00:00,882.167
2030-05-07 22:00:00,846.021
2030-05-07 23:00:00,806.403
2030-05-08 00:00:00,752.37
2030-05-08 01:00:00,718.704
2030-05-08 02:00:00,719.045
2030-05-08 03:00:00,731.693
2030-05-08 04:00:00,732.375
2030-05-08 05:00:00,706.49
2030-05-08 06:00:00,677.133
2030-05-08 07:00:00,680.078
2030-05-08 08:00:00,725.958
2030-05-08 09:00:00,753.269
2030-05-08 10:00:00,771.776
2030-05-08 11:00:00,786.222
2030-05-08 12:00:00,800.575
2030-05-08 13:00:00,785.013
2030-05-08 14:00:00,803.272
2030-05-08 15:00:00,807.922
2030-05-08 16:00:00,845.959
2030-05-08 17:00:00,908.92
2030-05-08 18:00:00,960.225
2030-05-08 19:00:00,954.056
2030-05-08 20:00:00,922.8389999999999
2030-05-08 21:00:00,876.184
2030-05-08 22:00:00,826.739
2030-05-08 23:00:00,788.144
2030-05-09 00:00:00,737.645
2030-05-09 01:00:00,710.303
2030-05-09 02:00:00,710.985
2030-05-09 03:00:00,729.244
2030-05-09 04:00:00,742.915
2030-05-09 05:00:00,764.181
2030-05-09 06:00:00,810.371
2030-05-09 07:00:00,866.884
2030-05-09 08:00:00,952.01
2030-05-09 09:00:00,1009.143
2030-05-09 10:00:00,1022.039
2030-05-09 11:00:00,1035.462
2030-05-09 12:00:00,1010.817
2030-05-09 13:00:00,1050.838
2030-05-09 14:00:00,1071.019
2030-05-09 15:00:00,1091.603
2030-05-09 16:00:00,1129.857
2030-05-09 17:00:00,1137.979
2030-05-09 18:00:00,1145.357
2030-05-09 19:00:00,1111.908
2030-05-09 20:00:00,1067.702
2030-05-09 21:00:00,1012.987
2030-05-09 22:00:00,963.201
2030-05-09 23:00:00,904.27
2030-05-10 00:00:00,834.458
2030-05-10 01:00:00,800.079
2030-05-10 02:00:00,800.792
2030-05-10 03:00:00,813.068
2030-05-10 04:00:00,823.236
2030-05-10 05:00:00,821.159
2030-05-10 06:00:00,827.607
2030-05-10 07:00:00,857.801
2030-05-10 08:00:00,932.418
2030-05-10 09:00:00,1008.43
2030-05-10 10:00:00,1039.74
2030-05-10 11:00:00,1043.181
2030-05-10 12:00:00,1003.687
2030-05-10 13:00:00,1039.926
2030-05-10 14:00:00,1039.988
2030-05-10 15:00:00,1048.699
2030-05-10 16:00:00,1074.615
2030-05-10 17:00:00,1067.02
2030-05-10 18:00:00,1089.216
2030-05-10 19:00:00,1078.242
2030-05-10 20:00:00,1034.377
2030-05-10 21:00:00,981.429
2030-05-10 22:00:00,937.936
2030-05-10 23:00:00,887.0649999999999
2030-05-11 00:00:00,821.469
2030-05-11 01:00:00,784.641
2030-05-11 02:00:00,786.408
2030-05-11 03:00:00,802.187
2030-05-11 04:00:00,811.301
2030-05-11 05:00:00,798.56
2030-05-11 06:00:00,803.799
2030-05-11 07:00:00,839.945
2030-05-11 08:00:00,933.968
2030-05-11 09:00:00,994.759
2030-05-11 10:00:00,1017.761
2030-05-11 11:00:00,1052.574
2030-05-11 12:00:00,1000.215
2030-05-11 13:00:00,1009.329
2030-05-11 14:00:00,1014.692
2030-05-11 15:00:00,1031.556
2030-05-11 16:00:00,1077.901
2030-05-11 17:00:00,1091.293
2030-05-11 18:00:00,1106.731
2030-05-11 19:00:00,1087.356
2030-05-11 20:00:00,1040.701
2030-05-11 21:00:00,982.1419999999999
2030-05-11 22:00:00,937.936
2030-05-11 23:00:00,888.832
2030-05-12 00:00:00,825.344
2030-05-12 01:00:00,788.516
2030-05-12 02:00:00,786.749
2030-05-12 03:00:00,798.343
2030-05-12 04:00:00,805.349
2030-05-12 05:00:00,799.1179999999999
2030-05-12 06:00:00,813.843
2030-05-12 07:00:00,866.636
2030-05-12 08:00:00,964.782
2030-05-12 09:00:00,1038.934
2030-05-12 10:00:00,1059.797
2030-05-12 11:00:00,1065.191
2030-05-12 12:00:00,1034.811
2030-05-12 13:00:00,1085.434
2030-05-12 14:00:00,1090.549
2030-05-12 15:00:00,1097.059
2030-05-12 16:00:00,1133.763
2030-05-12 17:00:00,1148.612
2030-05-12 18:00:00,1148.953
2030-05-12 19:00:00,1111.567
2030-05-12 20:00:00,1059.983
2030-05-12 21:00:00,1002.819
2030-05-12 22:00:00,958.272
2030-05-12 23:00:00,911.989
2030-05-13 00:00:00,849.183
2030-05-13 01:00:00,812.696
2030-05-13 02:00:00,810.247
2030-05-13 03:00:00,823.236
2030-05-13 04:00:00,830.242
2030-05-13 05:00:00,837.527
2030-05-13 06:00:00,874.51
2030-05-13 07:00:00,936.665
2030-05-13 08:00:00,1041.228
2030-05-13 09:00:00,1117.302
2030-05-13 10:00:00,1138.3509999999999
2030-05-13 11:00:00,1138.01
2030-05-13 12:00:00,1101.802
2030-05-13 13:00:00,1147.31
2030-05-13 14:00:00,1143.59
2030-05-13 15:00:00,1136.925
2030-05-13 16:00:00,1154.905
2030-05-13 17:00:00,1152.704
2030-05-13 18:00:00,1148.984
2030-05-13 19:00:00,1113.3029999999999
2030-05-13 20:00:00,1064.571
2030-05-13 21:00:00,1005.981
2030-05-13 22:00:00,967.045
2030-05-13 23:00:00,923.211
2030-05-14 00:00:00,867.07
2030-05-14 01:00:00,835.853
2030-05-14 02:00:00,833.745
2030-05-14 03:00:00,839.356
2030-05-14 04:00:00,836.566
2030-05-14 05:00:00,827.514
2030-05-14 06:00:00,823.174
2030-05-14 07:00:00,847.912
2030-05-14 08:00:00,903.867
2030-05-14 09:00:00,945.252
2030-05-14 10:00:00,944.198
2030-05-14 11:00:00,923.924
2030-05-14 12:00:00,924.0169999999999
2030-05-14 13:00:00,953.002
2030-05-14 14:00:00,959.264
2030-05-14 15:00:00,960.132
2030-05-14 16:00:00,982.08
2030-05-14 17:00:00,1011.189
2030-05-14 18:00:00,1057.317
2030-05-14 19:00:00,1056.852
2030-05-14 20:00:00,1009.143
2030-05-14 21:00:00,948.445
2030-05-14 22:00:00,907.06
2030-05-14 23:00:00,865.675
2030-05-15 00:00:00,806.062
2030-05-15 01:00:00,768.862
2030-05-15 02:00:00,761.143
2030-05-15 03:00:00,772.024
2030-05-15 04:00:00,773.078
2030-05-15 05:00:00,753.486
2030-05-15 06:00:00,727.415
2030-05-15 07:00:00,726.702
2030-05-15 08:00:00,761.236
2030-05-15 09:00:00,780.952
2030-05-15 10:00:00,786.346
2030-05-15 11:00:00,793.662
2030-05-15 12:00:00,808.015
2030-05-15 13:00:00,819.981
2030-05-15 14:00:00,822.461
2030-05-15 15:00:00,859.227
2030-05-15 16:00:00,896.861
2030-05-15 17:00:00,955.327
2030-05-15 18:00:00,1009.608
2030-05-15 19:00:00,1003.873
2030-05-15 20:00:00,971.602
2030-05-15 21:00:00,923.552
2030-05-15 22:00:00,873.735
2030-05-15 23:00:00,831.296
2030-05-16 00:00:00,777.635
2030-05-16 01:00:00,745.705
2030-05-16 02:00:00,747.472
2030-05-16 03:00:00,766.754
2030-05-16 04:00:00,779.402
2030-05-16 05:00:00,799.056
2030-05-16 06:00:00,835.853
2030-05-16 07:00:00,906.254
2030-05-16 08:00:00,998.913
2030-05-16 09:00:00,1073.84
2030-05-16 10:00:00,1083.357
2030-05-16 11:00:00,1072.445
2030-05-16 12:00:00,1032.982
2030-05-16 13:00:00,1080.319
2030-05-16 14:00:00,1101.275
2030-05-16 15:00:00,1122.448
2030-05-16 16:00:00,1146.039
2030-05-16 17:00:00,1148.147
2030-05-16 18:00:00,1162.841
2030-05-16 19:00:00,1138.909
2030-05-16 20:00:00,1090.177
2030-05-16 21:00:00,1032.3
2030-05-16 22:00:00,980.716
2030-05-16 23:00:00,926.342
2030-05-17 00:00:00,857.2429999999999
2030-05-17 01:00:00,821.128
2030-05-17 02:00:00,818.338
2030-05-17 03:00:00,832.35
2030-05-17 04:00:00,841.836
2030-05-17 05:00:00,849.4
2030-05-17 06:00:00,876.308
2030-05-17 07:00:00,926.807
2030-05-17 08:00:00,1011.313
2030-05-17 09:00:00,1077.405
2030-05-17 10:00:00,1074.46
2030-05-17 11:00:00,1085.434
2030-05-17 12:00:00,1045.134
2030-05-17 13:00:00,1098.547
2030-05-17 14:00:00,1105.739
2030-05-17 15:00:00,1113.675
2030-05-17 16:00:00,1130.756
2030-05-17 17:00:00,1141.234
2030-05-17 18:00:00,1158.253
2030-05-17 19:00:00,1136.801
2030-05-17 20:00:00,1089.805
2030-05-17 21:00:00,1028.425
2030-05-17 22:00:00,978.608
2030-05-17 23:00:00,922.8389999999999
2030-05-18 00:00:00,854.453
2030-05-18 01:00:00,818.679
2030-05-18 02:00:00,816.571
2030-05-18 03:00:00,829.56
2030-05-18 04:00:00,836.566
2030-05-18 05:00:00,826.925
2030-05-18 06:00:00,837.0
2030-05-18 07:00:00,878.261
2030-05-18 08:00:00,969.37
2030-05-18 09:00:00,1048.854
2030-05-18 10:00:00,1075.607
2030-05-18 11:00:00,1086.829
2030-05-18 12:00:00,1054.868
2030-05-18 13:00:00,1093.277
2030-05-18 14:00:00,1099.26
2030-05-18 15:00:00,1099.942
2030-05-18 16:00:00,1121.27
2030-05-18 17:00:00,1117.085
2030-05-18 18:00:00,1121.363
2030-05-18 19:00:00,1113.675
2030-05-18 20:00:00,1066.307
2030-05-18 21:00:00,1007.748
2030-05-18 22:00:00,960.721
2030-05-18 23:00:00,911.276
2030-05-19 00:00:00,845.3389999999999
2030-05-19 01:00:00,809.193
2030-05-19 02:00:00,807.457
2030-05-19 03:00:00,820.074
2030-05-19 04:00:00,823.236
2030-05-19 05:00:00,817.935
2030-05-19 06:00:00,839.418
2030-05-19 07:00:00,887.871
2030-05-19 08:00:00,985.862
2030-05-19 09:00:00,1077.498
2030-05-19 10:00:00,1116.837
2030-05-19 11:00:00,1137.855
2030-05-19 12:00:00,1114.109
2030-05-19 13:00:00,1160.795
2030-05-19 14:00:00,1154.471
2030-05-19 15:00:00,1129.702
2030-05-19 16:00:00,1135.189
2030-05-19 17:00:00,1127.47
2030-05-19 18:00:00,1140.087
2030-05-19 19:00:00,1118.573
2030-05-19 20:00:00,1068.756
2030-05-19 21:00:00,1008.771
2030-05-19 22:00:00,963.542
2030-05-19 23:00:00,914.438
2030-05-20 00:00:00,847.788
2030-05-20 01:00:00,809.193
2030-05-20 02:00:00,805.6899999999999
2030-05-20 03:00:00,818.338
2030-05-20 04:00:00,826.026
2030-05-20 05:00:00,815.486
2030-05-20 06:00:00,833.032
2030-05-20 07:00:00,888.212
2030-05-20 08:00:00,999.75
2030-05-20 09:00:00,1067.02
2030-05-20 10:00:00,1100.035
2030-05-20 11:00:00,1092.874
2030-05-20 12:00:00,1078.118
2030-05-20 13:00:00,1123.564
2030-05-20 14:00:00,1166.251
2030-05-20 15:00:00,1174.187
2030-05-20 16:00:00,1165.724
2030-05-20 17:00:00,1138.382
2030-05-20 18:00:00,1150.193
2030-05-20 19:00:00,1125.579
2030-05-20 20:00:00,1072.972
2030-05-20 21:00:00,1011.251
2030-05-20 22:00:00,972.656
2030-05-20 23:00:00,922.157
2030-05-21 00:00:00,856.561
2030-05-21 01:00:00,814.804
2030-05-21 02:00:00,806.062
2030-05-21 03:00:00,814.804
2030-05-21 04:00:00,813.409
2030-05-21 05:00:00,797.0409999999999
2030-05-21 06:00:00,782.905
2030-05-21 07:00:00,804.605
2030-05-21 08:00:00,857.615
2030-05-21 09:00:00,907.184
2030-05-21 10:00:00,924.42
2030-05-21 11:00:00,924.668
2030-05-21 12:00:00,926.156
2030-05-21 13:00:00,945.81
2030-05-21 14:00:00,931.054
2030-05-21 15:00:00,922.746
2030-05-21 16:00:00,939.114
2030-05-21 17:00:00,965.557
2030-05-21 18:00:00,1009.887
2030-05-21 19:00:00,1006.694
2030-05-21 20:00:00,967.386
2030-05-21 21:00:00,918.282
2030-05-21 22:00:00,883.903
2030-05-21 23:00:00,842.89
2030-05-22 00:00:00,789.198
2030-05-22 01:00:00,757.981
2030-05-22 02:00:00,754.478
2030-05-22 03:00:00,766.413
2030-05-22 04:00:00,768.862
2030-05-22 05:00:00,753.951
2030-05-22 06:00:00,735.351
2030-05-22 07:00:00,743.38
2030-05-22 08:00:00,760.678
2030-05-22 09:00:00,790.655
2030-05-22 10:00:00,823.98
2030-05-22 11:00:00,872.867
2030-05-22 12:00:00,872.588
2030-05-22 13:00:00,865.6129999999999
2030-05-22 14:00:00,862.11
2030-05-22 15:00:00,882.942
2030-05-22 16:00:00,912.082
2030-05-22 17:00:00,953.002
2030-05-22 18:00:00,996.123
2030-05-22 19:00:00,1005.981
2030-05-22 20:00:00,968.812
2030-05-22 21:00:00,918.995
2030-05-22 22:00:00,871.627
2030-05-22 23:00:00,830.955
2030-05-23 00:00:00,779.03
2030-05-23 01:00:00,743.969
2030-05-23 02:00:00,744.651
2030-05-23 03:00:00,762.197
2030-05-23 04:00:00,775.186
2030-05-23 05:00:00,781.231
2030-05-23 06:00:00,815.982
2030-05-23 07:00:00,881.919
2030-05-23 08:00:00,975.167
2030-05-23 09:00:00,1044.018
2030-05-23 10:00:00,1082.737
2030-05-23 11:00:00,1122.2
2030-05-23 12:00:00,1079.947
2030-05-23 13:00:00,1117.705
2030-05-23 14:00:00,1123.223
2030-05-23 15:00:00,1121.456
2030-05-23 16:00:00,1134.848
2030-05-23 17:00:00,1129.0819999999999
2030-05-23 18:00:00,1127.47
2030-05-23 19:00:00,1107.692
2030-05-23 20:00:00,1058.588
2030-05-23 21:00:00,1000.37
2030-05-23 22:00:00,958.985
2030-05-23 23:00:00,909.881
2030-05-24 00:00:00,844.285
2030-05-24 01:00:00,809.193
2030-05-24 02:00:00,807.457
2030-05-24 03:00:00,822.523
2030-05-24 04:00:00,826.398
2030-05-24 05:00:00,821.252
2030-05-24 06:00:00,833.28
2030-05-24 07:00:00,878.106
2030-05-24 08:00:00,975.601
2030-05-24 09:00:00,1071.205
2030-05-24 10:00:00,1106.948
2030-05-24 11:00:00,1127.129
2030-05-24 12:00:00,1098.485
2030-05-24 13:00:00,1151.185
2030-05-24 14:00:00,1161.415
2030-05-24 15:00:00,1166.902
2030-05-24 16:00:00,1184.665
2030-05-24 17:00:00,1172.234
2030-05-24 18:00:00,1165.941
2030-05-24 19:00:00,1145.574
2030-05-24 20:00:00,1090.859
2030-05-24 21:00:00,1024.581
2030-05-24 22:00:00,978.608
2030-05-24 23:00:00,929.163
2030-05-25 00:00:00,859.723
2030-05-25 01:00:00,818.679
2030-05-25 02:00:00,811.673
2030-05-25 03:00:00,823.236
2030-05-25 04:00:00,825.685
2030-05-25 05:00:00,818.2139999999999
2030-05-25 06:00:00,837.992
2030-05-25 07:00:00,904.952
2030-05-25 08:00:00,1015.715
2030-05-25 09:00:00,1101.182
2030-05-25 10:00:00,1134.259
2030-05-25 11:00:00,1158.811
2030-05-25 12:00:00,1126.664
2030-05-25 13:00:00,1182.65
2030-05-25 14:00:00,1198.057
2030-05-25 15:00:00,1189.377
2030-05-25 16:00:00,1195.081
2030-05-25 17:00:00,1171.831
2030-05-25 18:00:00,1162.81
2030-05-25 19:00:00,1141.017
2030-05-25 20:00:00,1089.464
2030-05-25 21:00:00,1025.635
2030-05-25 22:00:00,977.926
2030-05-25 23:00:00,923.211
2030-05-26 00:00:00,856.22
2030-05-26 01:00:00,816.23
2030-05-26 02:00:00,812.014
2030-05-26 03:00:00,826.026
2030-05-26 04:00:00,828.475
2030-05-26 05:00:00,818.369
2030-05-26 06:00:00,838.333
2030-05-26 07:00:00,897.7909999999999
2030-05-26 08:00:00,1007.686
2030-05-26 09:00:00,1103.848
2030-05-26 10:00:00,1136.894
2030-05-26 11:00:00,1136.925
2030-05-26 12:00:00,1096.594
2030-05-26 13:00:00,1157.292
2030-05-26 14:00:00,1197.561
2030-05-26 15:00:00,1197.003
2030-05-26 16:00:00,1211.356
2030-05-26 17:00:00,1171.025
2030-05-26 18:00:00,1178.93
2030-05-26 19:00:00,1154.006
2030-05-26 20:00:00,1099.632
2030-05-26 21:00:00,1040.019
2030-05-26 22:00:00,992.992
2030-05-26 23:00:00,943.547
2030-05-27 00:00:00,874.789
2030-05-27 01:00:00,835.512
2030-05-27 02:00:00,831.637
2030-05-27 03:00:00,843.231
2030-05-27 04:00:00,849.183
2030-05-27 05:00:00,855.042
2030-05-27 06:00:00,890.165
2030-05-27 07:00:00,953.963
2030-05-27 08:00:00,1062.587
2030-05-27 09:00:00,1140.242
2030-05-27 10:00:00,1134.445
2030-05-27 11:00:00,1133.391
2030-05-27 12:00:00,1089.216
2030-05-27 13:00:00,1150.348
2030-05-27 14:00:00,1189.563
2030-05-27 15:00:00,1203.947
2030-05-27 16:00:00,1217.184
2030-05-27 17:00:00,1184.2
2030-05-27 18:00:00,1175.5819999999999
2030-05-27 19:00:00,1158.563
2030-05-27 20:00:00,1100.686
2030-05-27 21:00:00,1035.09
2030-05-27 22:00:00,989.83
2030-05-27 23:00:00,932.6659999999999
2030-05-28 00:00:00,860.405
2030-05-28 01:00:00,820.074
2030-05-28 02:00:00,808.139
2030-05-28 03:00:00,815.5169999999999
2030-05-28 04:00:00,813.378
2030-05-28 05:00:00,793.259
2030-05-28 06:00:00,778.131
2030-05-28 07:00:00,789.074
2030-05-28 08:00:00,852.934
2030-05-28 09:00:00,926.838
2030-05-28 10:00:00,966.208
2030-05-28 11:00:00,993.581
2030-05-28 12:00:00,996.092
2030-05-28 13:00:00,1000.184
2030-05-28 14:00:00,987.009
2030-05-28 15:00:00,994.356
2030-05-28 16:00:00,1018.412
2030-05-28 17:00:00,1037.136
2030-05-28 18:00:00,1045.072
2030-05-28 19:00:00,1051.923
2030-05-28 20:00:00,1008.0889999999999
2030-05-28 21:00:00,948.445
2030-05-28 22:00:00,906.378
2030-05-28 23:00:00,862.885
2030-05-29 00:00:00,800.792
2030-05-29 01:00:00,760.461
2030-05-29 02:00:00,755.532
2030-05-29 03:00:00,765.018
2030-05-29 04:00:00,764.615
2030-05-29 05:00:00,745.085
2030-05-29 06:00:00,725.989
2030-05-29 07:00:00,751.657
2030-05-29 08:00:00,816.912
2030-05-29 09:00:00,876.184
2030-05-29 10:00:00,915.43
2030-05-29 11:00:00,941.47
2030-05-29 12:00:00,957.59
2030-05-29 13:00:00,966.58
2030-05-29 14:00:00,975.384
2030-05-29 15:00:00,1003.966
2030-05-29 16:00:00,1038.097
2030-05-29 17:00:00,1068.818
2030-05-29 18:00:00,1084.194
2030-05-29 19:00:00,1086.643
2030-05-29 20:00:00,1041.042
2030-05-29 21:00:00,980.034
2030-05-29 22:00:00,921.785
2030-05-29 23:00:00,873.394
2030-05-30 00:00:00,808.852
2030-05-30 01:00:00,767.808
2030-05-30 02:00:00,760.802
2030-05-30 03:00:00,772.737
2030-05-30 04:00:00,779.371
2030-05-30 05:00:00,779.4639999999999
2030-05-30 06:00:00,811.89
2030-05-30 07:00:00,886.352
2030-05-30 08:00:00,1022.845
2030-05-30 09:00:00,1136.119
2030-05-30 10:00:00,1181.162
2030-05-30 11:00:00,1199.173
2030-05-30 12:00:00,1165.91
2030-05-30 13:00:00,1222.454
2030-05-30 14:00:00,1237.768
2030-05-30 15:00:00,1237.427
2030-05-30 16:00:00,1227.817
2030-05-30 17:00:00,1198.212
2030-05-30 18:00:00,1188.416
2030-05-30 19:00:00,1152.611
2030-05-30 20:00:00,1091.2
2030-05-30 21:00:00,1029.138
2030-05-30 22:00:00,983.878
2030-05-30 23:00:00,931.984
2030-05-31 00:00:00,866.729
2030-05-31 01:00:00,823.577
2030-05-31 02:00:00,814.804
2030-05-31 03:00:00,829.56
2030-05-31 04:00:00,840.038
2030-05-31 05:00:00,851.2909999999999
2030-05-31 06:00:00,883.748
2030-05-31 07:00:00,940.261
2030-05-31 08:00:00,1026.317
2030-05-31 09:00:00,1088.038
2030-05-31 10:00:00,1078.025
2030-05-31 11:00:00,1094.3
2030-05-31 12:00:00,1057.007
2030-05-31 13:00:00,1100.469
2030-05-31 14:00:00,1127.284
2030-05-31 15:00:00,1135.902
2030-05-31 16:00:00,1154.719
2030-05-31 17:00:00,1144.365
2030-05-31 18:00:00,1145.574
2030-05-31 19:00:00,1125.238
2030-05-31 20:00:00,1075.421
2030-05-31 21:00:00,1015.436
2030-05-31 22:00:00,974.051
2030-05-31 23:00:00,921.444
2030-06-01 00:00:00,855.507
2030-06-01 01:00:00,813.068
2030-06-01 02:00:00,807.085
2030-06-01 03:00:00,817.625
2030-06-01 04:00:00,820.756
2030-06-01 05:00:00,813.533
2030-06-01 06:00:00,832.288
2030-06-01 07:00:00,884.058
2030-06-01 08:00:00,994.48
2030-06-01 09:00:00,1082.024
2030-06-01 10:00:00,1114.078
2030-06-01 11:00:00,1135.251
2030-06-01 12:00:00,1114.822
2030-06-01 13:00:00,1162.035
2030-06-01 14:00:00,1147.403
2030-06-01 15:00:00,1143.683
2030-06-01 16:00:00,1139.746
2030-06-01 17:00:00,1132.616
2030-06-01 18:00:00,1147.217
2030-06-01 19:00:00,1134.011
2030-06-01 20:00:00,1085.248
2030-06-01 21:00:00,1020.706
2030-06-01 22:00:00,974.764
2030-06-01 23:00:00,921.785
2030-06-02 00:00:00,850.95
2030-06-02 01:00:00,810.619
2030-06-02 02:00:00,801.846
2030-06-02 03:00:00,816.23
2030-06-02 04:00:00,820.384
2030-06-02 05:00:00,818.245
2030-06-02 06:00:00,839.759
2030-06-02 07:00:00,910.966
2030-06-02 08:00:00,1033.943
2030-06-02 09:00:00,1148.426
2030-06-02 10:00:00,1198.677
2030-06-02 11:00:00,1225.461
2030-06-02 12:00:00,1207.357
2030-06-02 13:00:00,1256.058
2030-06-02 14:00:00,1260.8319999999999
2030-06-02 15:00:00,1259.0339999999999
2030-06-02 16:00:00,1260.5529999999999
2030-06-02 17:00:00,1227.693
2030-06-02 18:00:00,1197.406
2030-06-02 19:00:00,1171.893
2030-06-02 20:00:00,1115.07
2030-06-02 21:00:00,1046.653
2030-06-02 22:00:00,992.31
2030-06-02 23:00:00,937.595
2030-06-03 00:00:00,868.124
2030-06-03 01:00:00,822.182
2030-06-03 02:00:00,815.176
2030-06-03 03:00:00,826.026
2030-06-03 04:00:00,831.978
2030-06-03 05:00:00,828.506
2030-06-03 06:00:00,853.926
2030-06-03 07:00:00,923.862
2030-06-03 08:00:00,1057.503
2030-06-03 09:00:00,1152.611
2030-06-03 10:00:00,1190.338
2030-06-03 11:00:00,1209.465
2030-06-03 12:00:00,1178.775
2030-06-03 13:00:00,1206.954
2030-06-03 14:00:00,1185.874
2030-06-03 15:00:00,1185.099
2030-06-03 16:00:00,1172.916
2030-06-03 17:00:00,1141.978
2030-06-03 18:00:00,1138.32
2030-06-03 19:00:00,1118.573
2030-06-03 20:00:00,1063.145
2030-06-03 21:00:00,999.657
2030-06-03 22:00:00,961.434
2030-06-03 23:00:00,909.881
2030-06-04 00:00:00,844.285
2030-06-04 01:00:00,805.008
2030-06-04 02:00:00,795.522
2030-06-04 03:00:00,806.062
2030-06-04 04:00:00,798.312
2030-06-04 05:00:00,766.072
2030-06-04 06:00:00,749.859
2030-06-04 07:00:00,765.917
2030-06-04 08:00:00,828.258
2030-06-04 09:00:00,894.257
2030-06-04 10:00:00,927.985
2030-06-04 11:00:00,944.229
2030-06-04 12:00:00,940.509
2030-06-04 13:00:00,951.824
2030-06-04 14:00:00,952.692
2030-06-04 15:00:00,959.171
2030-06-04 16:00:00,972.191
2030-06-04 17:00:00,986.296
2030-06-04 18:00:00,998.417
2030-06-04 19:00:00,1005.64
2030-06-04 20:00:00,968.4399999999999
2030-06-04 21:00:00,918.282
2030-06-04 22:00:00,884.275
2030-06-04 23:00:00,842.177
2030-06-05 00:00:00,788.144
2030-06-05 01:00:00,751.688
2030-06-05 02:00:00,745.705
2030-06-05 03:00:00,758.694
2030-06-05 04:00:00,764.615
2030-06-05 05:00:00,752.06
2030-06-05 06:00:00,729.0889999999999
2030-06-05 07:00:00,717.96
2030-06-05 08:00:00,783.711
2030-06-05 09:00:00,839.542
2030-06-05 10:00:00,871.441
2030-06-05 11:00:00,898.907
2030-06-05 12:00:00,903.526
2030-06-05 13:00:00,899.992
2030-06-05 14:00:00,908.641
2030-06-05 15:00:00,925.102
2030-06-05 16:00:00,942.741
2030-06-05 17:00:00,982.762
2030-06-05 18:00:00,1019.9929999999999
2030-06-05 19:00:00,1020.706
2030-06-05 20:00:00,981.088
2030-06-05 21:00:00,934.061
2030-06-05 22:00:00,883.221
2030-06-05 23:00:00,841.836
2030-06-06 00:00:00,787.121
2030-06-06 01:00:00,748.526
2030-06-06 02:00:00,742.574
2030-06-06 03:00:00,757.64
2030-06-06 04:00:00,775.837
2030-06-06 05:00:00,799.459
2030-06-06 06:00:00,845.804
2030-06-06 07:00:00,929.721
2030-06-06 08:00:00,1034.315
2030-06-06 09:00:00,1105.46
2030-06-06 10:00:00,1120.123
2030-06-06 11:00:00,1117.767
2030-06-06 12:00:00,1074.987
2030-06-06 13:00:00,1112.528
2030-06-06 14:00:00,1118.914
2030-06-06 15:00:00,1126.695
2030-06-06 16:00:00,1153.789
2030-06-06 17:00:00,1159.307
2030-06-06 18:00:00,1154.843
2030-06-06 19:00:00,1127.0049999999999
2030-06-06 20:00:00,1077.901
2030-06-06 21:00:00,1020.024
2030-06-06 22:00:00,974.423
2030-06-06 23:00:00,926.342
2030-06-07 00:00:00,859.01
2030-06-07 01:00:00,819.733
2030-06-07 02:00:00,814.463
2030-06-07 03:00:00,829.901
2030-06-07 04:00:00,835.822
2030-06-07 05:00:00,836.876
2030-06-07 06:00:00,867.287
2030-06-07 07:00:00,933.441
2030-06-07 08:00:00,1031.308
2030-06-07 09:00:00,1094.982
2030-06-07 10:00:00,1081.032
2030-06-07 11:00:00,1080.784
2030-06-07 12:00:00,1036.051
2030-06-07 13:00:00,1073.716
2030-06-07 14:00:00,1110.203
2030-06-07 15:00:00,1125.92
2030-06-07 16:00:00,1155.587
2030-06-07 17:00:00,1150.131
2030-06-07 18:00:00,1149.728
2030-06-07 19:00:00,1121.022
2030-06-07 20:00:00,1077.529
2030-06-07 21:00:00,1014.754
2030-06-07 22:00:00,972.656
2030-06-07 23:00:00,922.157
2030-06-08 00:00:00,859.01
2030-06-08 01:00:00,821.469
2030-06-08 02:00:00,815.176
2030-06-08 03:00:00,829.901
2030-06-08 04:00:00,837.558
2030-06-08 05:00:00,846.951
2030-06-08 06:00:00,875.843
2030-06-08 07:00:00,928.388
2030-06-08 08:00:00,1012.8629999999999
2030-06-08 09:00:00,1068.725
2030-06-08 10:00:00,1061.378
2030-06-08 11:00:00,1069.345
2030-06-08 12:00:00,1028.115
2030-06-08 13:00:00,1069.748
2030-06-08 14:00:00,1094.331
2030-06-08 15:00:00,1112.249
2030-06-08 16:00:00,1136.956
2030-06-08 17:00:00,1130.756
2030-06-08 18:00:00,1133.081
2030-06-08 19:00:00,1112.249
2030-06-08 20:00:00,1069.128
2030-06-08 21:00:00,1010.879
2030-06-08 22:00:00,963.542
2030-06-08 23:00:00,915.12
2030-06-09 00:00:00,851.2909999999999
2030-06-09 01:00:00,814.463
2030-06-09 02:00:00,805.6899999999999
2030-06-09 03:00:00,819.733
2030-06-09 04:00:00,830.583
2030-06-09 05:00:00,840.193
2030-06-09 06:00:00,870.542
2030-06-09 07:00:00,931.302
2030-06-09 08:00:00,1019.0939999999999
2030-06-09 09:00:00,1069.035
2030-06-09 10:00:00,1068.57
2030-06-09 11:00:00,1078.025
2030-06-09 12:00:00,1039.182
2030-06-09 13:00:00,1105.305
2030-06-09 14:00:00,1132.554
2030-06-09 15:00:00,1141.234
2030-06-09 16:00:00,1159.4
2030-06-09 17:00:00,1149.449
2030-06-09 18:00:00,1144.954
2030-06-09 19:00:00,1128.059
2030-06-09 20:00:00,1077.188
2030-06-09 21:00:00,1016.49
2030-06-09 22:00:00,970.889
2030-06-09 23:00:00,920.049
2030-06-10 00:00:00,853.74
2030-06-10 01:00:00,813.068
2030-06-10 02:00:00,809.906
2030-06-10 03:00:00,822.523
2030-06-10 04:00:00,829.529
2030-06-10 05:00:00,828.227
2030-06-10 06:00:00,850.888
2030-06-10 07:00:00,910.191
2030-06-10 08:00:00,1004.028
2030-06-10 09:00:00,1086.798
2030-06-10 10:00:00,1102.453
2030-06-10 11:00:00,1128.989
2030-06-10 12:00:00,1109.273
2030-06-10 13:00:00,1156.765
2030-06-10 14:00:00,1182.774
2030-06-10 15:00:00,1175.3029999999999
2030-06-10 16:00:00,1185.192
2030-06-10 17:00:00,1159.245
2030-06-10 18:00:00,1156.238
2030-06-10 19:00:00,1131.903
2030-06-10 20:00:00,1078.242
2030-06-10 21:00:00,1015.095
2030-06-10 22:00:00,976.531
2030-06-10 23:00:00,926.7139999999999
2030-06-11 00:00:00,861.1179999999999
2030-06-11 01:00:00,823.236
2030-06-11 02:00:00,819.02
2030-06-11 03:00:00,824.631
2030-06-11 04:00:00,824.259
2030-06-11 05:00:00,802.838
2030-06-11 06:00:00,784.982
2030-06-11 07:00:00,801.784
2030-06-11 08:00:00,863.784
2030-06-11 09:00:00,909.819
2030-06-11 10:00:00,940.726
2030-06-11 11:00:00,962.085
2030-06-11 12:00:00,948.011
2030-06-11 13:00:00,974.826
2030-06-11 14:00:00,948.941
2030-06-11 15:00:00,947.205
2030-06-11 16:00:00,971.013
2030-06-11 17:00:00,999.13
2030-06-11 18:00:00,1027.464
2030-06-11 19:00:00,1029.138
2030-06-11 20:00:00,988.435
2030-06-11 21:00:00,937.936
2030-06-11 22:00:00,901.108
2030-06-11 23:00:00,863.226
2030-06-12 00:00:00,807.457
2030-06-12 01:00:00,770.97
2030-06-12 02:00:00,767.808
2030-06-12 03:00:00,777.294
2030-06-12 04:00:00,778.999
2030-06-12 05:00:00,758.849
2030-06-12 06:00:00,745.395
2030-06-12 07:00:00,759.965
2030-06-12 08:00:00,810.96
2030-06-12 09:00:00,874.231
2030-06-12 10:00:00,906.037
2030-06-12 11:00:00,929.008
2030-06-12 12:00:00,926.466
2030-06-12 13:00:00,942.338
2030-06-12 14:00:00,910.284
2030-06-12 15:00:00,898.163
2030-06-12 16:00:00,939.269
2030-06-12 17:00:00,984.653
2030-06-12 18:00:00,1012.336
2030-06-12 19:00:00,1023.527
2030-06-12 20:00:00,986.699
2030-06-12 21:00:00,930.217
2030-06-12 22:00:00,880.772
2030-06-12 23:00:00,839.015
2030-06-13 00:00:00,784.3
2030-06-13 01:00:00,747.813
2030-06-13 02:00:00,746.077
2030-06-13 03:00:00,764.646
2030-06-13 04:00:00,768.831
2030-06-13 05:00:00,756.245
2030-06-13 06:00:00,778.5649999999999
2030-06-13 07:00:00,844.223
2030-06-13 08:00:00,957.7139999999999
2030-06-13 09:00:00,1047.769
2030-06-13 10:00:00,1102.019
2030-06-13 11:00:00,1135.406
2030-06-13 12:00:00,1109.335
2030-06-13 13:00:00,1158.067
2030-06-13 14:00:00,1169.537
2030-06-13 15:00:00,1164.36
2030-06-13 16:00:00,1163.306
2030-06-13 17:00:00,1140.614
2030-06-13 18:00:00,1152.983
2030-06-13 19:00:00,1125.951
2030-06-13 20:00:00,1069.128
2030-06-13 21:00:00,1010.538
2030-06-13 22:00:00,966.704
2030-06-13 23:00:00,912.671
2030-06-14 00:00:00,848.129
2030-06-14 01:00:00,808.511
2030-06-14 02:00:00,805.6899999999999
2030-06-14 03:00:00,820.787
2030-06-14 04:00:00,828.103
2030-06-14 05:00:00,833.931
2030-06-14 06:00:00,858.638
2030-06-14 07:00:00,900.209
2030-06-14 08:00:00,1004.4
2030-06-14 09:00:00,1088.007
2030-06-14 10:00:00,1082.3029999999999
2030-06-14 11:00:00,1084.752
2030-06-14 12:00:00,1047.738
2030-06-14 13:00:00,1087.015
2030-06-14 14:00:00,1129.516
2030-06-14 15:00:00,1116.341
2030-06-14 16:00:00,1136.801
2030-06-14 17:00:00,1135.22
2030-06-14 18:00:00,1134.786
2030-06-14 19:00:00,1108.746
2030-06-14 20:00:00,1059.983
2030-06-14 21:00:00,1004.927
2030-06-14 22:00:00,959.326
2030-06-14 23:00:00,911.617
2030-06-15 00:00:00,846.021
2030-06-15 01:00:00,807.457
2030-06-15 02:00:00,802.187
2030-06-15 03:00:00,815.5169999999999
2030-06-15 04:00:00,824.259
2030-06-15 05:00:00,829.901
2030-06-15 06:00:00,860.405
2030-06-15 07:00:00,922.095
2030-06-15 08:00:00,1025.201
2030-06-15 09:00:00,1107.94
2030-06-15 10:00:00,1111.133
2030-06-15 11:00:00,1105.274
2030-06-15 12:00:00,1073.809
2030-06-15 13:00:00,1135.375
2030-06-15 14:00:00,1117.302
2030-06-15 15:00:00,1119.503
2030-06-15 16:00:00,1122.696
2030-06-15 17:00:00,1112.993
2030-06-15 18:00:00,1122.138
2030-06-15 19:00:00,1114.016
2030-06-15 20:00:00,1065.594
2030-06-15 21:00:00,1006.694
2030-06-15 22:00:00,964.224
2030-06-15 23:00:00,913.725
2030-06-16 00:00:00,847.447
2030-06-16 01:00:00,808.511
2030-06-16 02:00:00,803.954
2030-06-16 03:00:00,817.625
2030-06-16 04:00:00,822.492
2030-06-16 05:00:00,822.058
2030-06-16 06:00:00,851.942
2030-06-16 07:00:00,911.958
2030-06-16 08:00:00,980.592
2030-06-16 09:00:00,1032.083
2030-06-16 10:00:00,1028.456
2030-06-16 11:00:00,1049.412
2030-06-16 12:00:00,1011.251
2030-06-16 13:00:00,1084.194
2030-06-16 14:00:00,1108.963
2030-06-16 15:00:00,1113.489
2030-06-16 16:00:00,1132.988
2030-06-16 17:00:00,1138.196
2030-06-16 18:00:00,1160.578
2030-06-16 19:00:00,1148.736
2030-06-16 20:00:00,1095.416
2030-06-16 21:00:00,1030.874
2030-06-16 22:00:00,985.273
2030-06-16 23:00:00,933.379
2030-06-17 00:00:00,867.07
2030-06-17 01:00:00,824.29
2030-06-17 02:00:00,817.625
2030-06-17 03:00:00,828.506
2030-06-17 04:00:00,834.055
2030-06-17 05:00:00,821.221
2030-06-17 06:00:00,836.349
2030-06-17 07:00:00,892.087
2030-06-17 08:00:00,997.6419999999999
2030-06-17 09:00:00,1077.777
2030-06-17 10:00:00,1075.018
2030-06-17 11:00:00,1092.719
2030-06-17 12:00:00,1074.026
2030-06-17 13:00:00,1108.994
2030-06-17 14:00:00,1151.154
2030-06-17 15:00:00,1211.945
2030-06-17 16:00:00,1251.47
2030-06-17 17:00:00,1222.268
2030-06-17 18:00:00,1201.56
2030-06-17 19:00:00,1189.439
2030-06-17 20:00:00,1130.136
2030-06-17 21:00:00,1062.804
2030-06-17 22:00:00,1016.862
2030-06-17 23:00:00,964.937
2030-06-18 00:00:00,887.778
2030-06-18 01:00:00,834.117
2030-06-18 02:00:00,820.787
2030-06-18 03:00:00,823.577
2030-06-18 04:00:00,818.989
2030-06-18 05:00:00,785.54
2030-06-18 06:00:00,768.18
2030-06-18 07:00:00,797.01
2030-06-18 08:00:00,851.353
2030-06-18 09:00:00,916.143
2030-06-18 10:00:00,954.552
2030-06-18 11:00:00,969.649
2030-06-18 12:00:00,980.468
2030-06-18 13:00:00,980.747
2030-06-18 14:00:00,1004.307
2030-06-18 15:00:00,1007.624
2030-06-18 16:00:00,1035.648
2030-06-18 17:00:00,1067.423
2030-06-18 18:00:00,1090.673
2030-06-18 19:00:00,1077.529
2030-06-18 20:00:00,1035.431
2030-06-18 21:00:00,978.2669999999999
2030-06-18 22:00:00,936.882
2030-06-18 23:00:00,890.227
2030-06-19 00:00:00,827.452
2030-06-19 01:00:00,783.246
2030-06-19 02:00:00,772.737
2030-06-19 03:00:00,780.084
2030-06-19 04:00:00,775.155
2030-06-19 05:00:00,751.564
2030-06-19 06:00:00,745.891
2030-06-19 07:00:00,779.092
2030-06-19 08:00:00,835.109
2030-06-19 09:00:00,914.996
2030-06-19 10:00:00,976.5
2030-06-19 11:00:00,1003.532
2030-06-19 12:00:00,1024.767
2030-06-19 13:00:00,1039.027
2030-06-19 14:00:00,1056.728
2030-06-19 15:00:00,1059.983
2030-06-19 16:00:00,1068.105
2030-06-19 17:00:00,1098.02
2030-06-19 18:00:00,1108.56
2030-06-19 19:00:00,1117.519
2030-06-19 20:00:00,1080.35
2030-06-19 21:00:00,1021.419
2030-06-19 22:00:00,962.829
2030-06-19 23:00:00,909.168
2030-06-20 00:00:00,841.836
2030-06-20 01:00:00,800.079
2030-06-20 02:00:00,788.144
2030-06-20 03:00:00,799.025
2030-06-20 04:00:00,809.162
2030-06-20 05:00:00,807.798
2030-06-20 06:00:00,851.322
2030-06-20 07:00:00,948.569
2030-06-20 08:00:00,1112.652
2030-06-20 09:00:00,1244.898
2030-06-20 10:00:00,1316.632
2030-06-20 11:00:00,1356.281
2030-06-20 12:00:00,1350.794
2030-06-20 13:00:00,1410.686
2030-06-20 14:00:00,1415.801
2030-06-20 15:00:00,1397.759
2030-06-20 16:00:00,1384.15
2030-06-20 17:00:00,1342.548
2030-06-20 18:00:00,1325.25
2030-06-20 19:00:00,1300.605
2030-06-20 20:00:00,1234.668
2030-06-20 21:00:00,1153.293
2030-06-20 22:00:00,1098.237
2030-06-20 23:00:00,1029.138
2030-06-21 00:00:00,945.283
2030-06-21 01:00:00,893.048
2030-06-21 02:00:00,875.843
2030-06-21 03:00:00,879.346
2030-06-21 04:00:00,876.866
2030-06-21 05:00:00,879.78
2030-06-21 06:00:00,923.583
2030-06-21 07:00:00,1017.544
2030-06-21 08:00:00,1161.973
2030-06-21 09:00:00,1278.967
2030-06-21 10:00:00,1327.854
2030-06-21 11:00:00,1361.241
2030-06-21 12:00:00,1314.617
2030-06-21 13:00:00,1393.915
2030-06-21 14:00:00,1408.764
2030-06-21 15:00:00,1356.126
2030-06-21 16:00:00,1353.274
2030-06-21 17:00:00,1327.544
2030-06-21 18:00:00,1322.77
2030-06-21 19:00:00,1287.647
2030-06-21 20:00:00,1221.338
2030-06-21 21:00:00,1140.335
2030-06-21 22:00:00,1085.589
2030-06-21 23:00:00,1026.317
2030-06-22 00:00:00,946.709
2030-06-22 01:00:00,897.946
2030-06-22 02:00:00,884.616
2030-06-22 03:00:00,889.514
2030-06-22 04:00:00,888.46
2030-06-22 05:00:00,892.614
2030-06-22 06:00:00,926.311
2030-06-22 07:00:00,1011.22
2030-06-22 08:00:00,1139.405
2030-06-22 09:00:00,1236.404
2030-06-22 10:00:00,1262.568
2030-06-22 11:00:00,1290.747
2030-06-22 12:00:00,1275.712
2030-06-22 13:00:00,1323.421
2030-06-22 14:00:00,1350.515
2030-06-22 15:00:00,1348.748
2030-06-22 16:00:00,1349.895
2030-06-22 17:00:00,1307.115
2030-06-22 18:00:00,1285.911
2030-06-22 19:00:00,1250.106
2030-06-22 20:00:00,1187.331
2030-06-22 21:00:00,1116.124
2030-06-22 22:00:00,1062.804
2030-06-22 23:00:00,1001.424
2030-06-23 00:00:00,926.7139999999999
2030-06-23 01:00:00,875.161
2030-06-23 02:00:00,859.723
2030-06-23 03:00:00,869.519
2030-06-23 04:00:00,873.3629999999999
2030-06-23 05:00:00,884.74
2030-06-23 06:00:00,932.821
2030-06-23 07:00:00,1020.086
2030-06-23 08:00:00,1148.116
2030-06-23 09:00:00,1253.454
2030-06-23 10:00:00,1268.272
2030-06-23 11:00:00,1289.662
2030-06-23 12:00:00,1247.719
2030-06-23 13:00:00,1302.248
2030-06-23 14:00:00,1316.26
2030-06-23 15:00:00,1313.718
2030-06-23 16:00:00,1311.92
2030-06-23 17:00:00,1283.555
2030-06-23 18:00:00,1266.7839999999999
2030-06-23 19:00:00,1235.381
2030-06-23 20:00:00,1176.791
2030-06-23 21:00:00,1105.243
2030-06-23 22:00:00,1050.528
2030-06-23 23:00:00,988.807
2030-06-24 00:00:00,918.995
2030-06-24 01:00:00,868.496
2030-06-24 02:00:00,854.794
2030-06-24 03:00:00,862.172
2030-06-24 04:00:00,869.519
2030-06-24 05:00:00,884.244
2030-06-24 06:00:00,932.914
2030-06-24 07:00:00,1031.835
2030-06-24 08:00:00,1190.307
2030-06-24 09:00:00,1338.766
2030-06-24 10:00:00,1379.81
2030-06-24 11:00:00,1428.945
2030-06-24 12:00:00,1443.701
2030-06-24 13:00:00,1510.072
2030-06-24 14:00:00,1529.23
2030-06-24 15:00:00,1532.392
2030-06-24 16:00:00,1531.09
2030-06-24 17:00:00,1474.98
2030-06-24 18:00:00,1422.993
2030-06-24 19:00:00,1386.9089999999999
2030-06-24 20:00:00,1312.199
2030-06-24 21:00:00,1228.003
2030-06-24 22:00:00,1167.336
2030-06-24 23:00:00,1090.177
2030-06-25 00:00:00,1003.532
2030-06-25 01:00:00,941.439
2030-06-25 02:00:00,913.725
2030-06-25 03:00:00,910.222
2030-06-25 04:00:00,897.574
2030-06-25 05:00:00,893.141
2030-06-25 06:00:00,912.237
2030-06-25 07:00:00,987.567
2030-06-25 08:00:00,1119.224
2030-06-25 09:00:00,1252.121
2030-06-25 10:00:00,1328.97
2030-06-25 11:00:00,1375.191
2030-06-25 12:00:00,1401.293
2030-06-25 13:00:00,1427.705
2030-06-25 14:00:00,1442.244
2030-06-25 15:00:00,1455.078
2030-06-25 16:00:00,1469.741
2030-06-25 17:00:00,1435.2069999999999
2030-06-25 18:00:00,1410.283
2030-06-25 19:00:00,1388.304
2030-06-25 20:00:00,1320.972
2030-06-25 21:00:00,1238.171
2030-06-25 22:00:00,1165.941
2030-06-25 23:00:00,1082.799
2030-06-26 00:00:00,982.824
2030-06-26 01:00:00,914.779
2030-06-26 02:00:00,882.849
2030-06-26 03:00:00,874.448
2030-06-26 04:00:00,860.746
2030-06-26 05:00:00,845.525
2030-06-26 06:00:00,852.221
2030-06-26 07:00:00,919.522
2030-06-26 08:00:00,1025.79
2030-06-26 09:00:00,1158.408
2030-06-26 10:00:00,1228.561
2030-06-26 11:00:00,1292.297
2030-06-26 12:00:00,1329.311
2030-06-26 13:00:00,1312.788
2030-06-26 14:00:00,1316.756
2030-06-26 15:00:00,1298.652
2030-06-26 16:00:00,1306.402
2030-06-26 17:00:00,1333.992
2030-06-26 18:00:00,1353.491
2030-06-26 19:00:00,1346.578
2030-06-26 20:00:00,1286.593
2030-06-26 21:00:00,1200.661
2030-06-26 22:00:00,1119.627
2030-06-26 23:00:00,1042.096
2030-06-27 00:00:00,954.428
2030-06-27 01:00:00,885.67
2030-06-27 02:00:00,860.064
2030-06-27 03:00:00,861.1179999999999
2030-06-27 04:00:00,865.303
2030-06-27 05:00:00,888.8629999999999
2030-06-27 06:00:00,981.615
2030-06-27 07:00:00,1150.875
2030-06-27 08:00:00,1373.362
2030-06-27 09:00:00,1558.37
2030-06-27 10:00:00,1644.705
2030-06-27 11:00:00,1685.315
2030-06-27 12:00:00,1689.19
2030-06-27 13:00:00,1767.806
2030-06-27 14:00:00,1776.114
2030-06-27 15:00:00,1761.575
2030-06-27 16:00:00,1734.698
2030-06-27 17:00:00,1657.477
2030-06-27 18:00:00,1605.211
2030-06-27 19:00:00,1544.389
2030-06-27 20:00:00,1442.6779999999999
2030-06-27 21:00:00,1339.913
2030-06-27 22:00:00,1256.771
2030-06-27 23:00:00,1164.174
2030-06-28 00:00:00,1051.923
2030-06-28 01:00:00,978.608
2030-06-28 02:00:00,943.206
2030-06-28 03:00:00,936.5409999999999
2030-06-28 04:00:00,935.797
2030-06-28 05:00:00,952.847
2030-06-28 06:00:00,1038.004
2030-06-28 07:00:00,1185.223
2030-06-28 08:00:00,1396.891
2030-06-28 09:00:00,1577.466
2030-06-28 10:00:00,1644.767
2030-06-28 11:00:00,1685.78
2030-06-28 12:00:00,1682.37
2030-06-28 13:00:00,1742.045
2030-06-28 14:00:00,1758.258
2030-06-28 15:00:00,1761.265
2030-06-28 16:00:00,1764.427
2030-06-28 17:00:00,1699.606
2030-06-28 18:00:00,1620.091
2030-06-28 19:00:00,1559.4859999999999
2030-06-28 20:00:00,1472.128
2030-06-28 21:00:00,1374.974
2030-06-28 22:00:00,1290.437
2030-06-28 23:00:00,1192.942
2030-06-29 00:00:00,1083.512
2030-06-29 01:00:00,1006.694
2030-06-29 02:00:00,969.153
2030-06-29 03:00:00,961.093
2030-06-29 04:00:00,955.11
2030-06-29 05:00:00,973.121
2030-06-29 06:00:00,1051.861
2030-06-29 07:00:00,1209.093
2030-06-29 08:00:00,1427.891
2030-06-29 09:00:00,1601.894
2030-06-29 10:00:00,1673.411
2030-06-29 11:00:00,1711.913
2030-06-29 12:00:00,1704.442
2030-06-29 13:00:00,1762.815
2030-06-29 14:00:00,1772.766
2030-06-29 15:00:00,1774.936
2030-06-29 16:00:00,1768.302
2030-06-29 17:00:00,1700.288
2030-06-29 18:00:00,1640.365
2030-06-29 19:00:00,1592.811
2030-06-29 20:00:00,1504.771
2030-06-29 21:00:00,1404.083
2030-06-29 22:00:00,1313.594
2030-06-29 23:00:00,1215.045
2030-06-30 00:00:00,1093.308
2030-06-30 01:00:00,1014.754
2030-06-30 02:00:00,978.98
2030-06-30 03:00:00,967.045
2030-06-30 04:00:00,963.17
2030-06-30 05:00:00,981.832
2030-06-30 06:00:00,1073.127
2030-06-30 07:00:00,1244.681
2030-06-30 08:00:00,1480.839
2030-06-30 09:00:00,1665.258
2030-06-30 10:00:00,1746.447
2030-06-30 11:00:00,1790.374
2030-06-30 12:00:00,1780.144
2030-06-30 13:00:00,1838.145
2030-06-30 14:00:00,1853.924
2030-06-30 15:00:00,1857.675
2030-06-30 16:00:00,1861.891
2030-06-30 17:00:00,1788.576
2030-06-30 18:00:00,1712.316
2030-06-30 19:00:00,1650.316
2030-06-30 20:00:00,1554.216
2030-06-30 21:00:00,1449.343
2030-06-30 22:00:00,1353.925
2030-06-30 23:00:00,1251.16
2030-07-01 00:00:00,1138.909
2030-07-01 01:00:00,1056.48
2030-07-01 02:00:00,1016.149
2030-07-01 03:00:00,1004.586
2030-07-01 04:00:00,999.316
2030-07-01 05:00:00,1022.9689999999999
2030-07-01 06:00:00,1118.139
2030-07-01 07:00:00,1296.947
2030-07-01 08:00:00,1520.085
2030-07-01 09:00:00,1703.698
2030-07-01 10:00:00,1790.126
2030-07-01 11:00:00,1837.339
2030-07-01 12:00:00,1834.642
2030-07-01 13:00:00,1882.599
2030-07-01 14:00:00,1895.805
2030-07-01 15:00:00,1871.315
2030-07-01 16:00:00,1842.857
2030-07-01 17:00:00,1738.666
2030-07-01 18:00:00,1662.561
2030-07-01 19:00:00,1603.661
2030-07-01 20:00:00,1517.729
2030-07-01 21:00:00,1419.521
2030-07-01 22:00:00,1348.686
2030-07-01 23:00:00,1255.376
2030-07-02 00:00:00,1142.784
2030-07-02 01:00:00,1064.199
2030-07-02 02:00:00,1020.706
2030-07-02 03:00:00,1004.927
2030-07-02 04:00:00,992.31
2030-07-02 05:00:00,988.032
2030-07-02 06:00:00,1032.3
2030-07-02 07:00:00,1133.267
2030-07-02 08:00:00,1282.47
2030-07-02 09:00:00,1427.612
2030-07-02 10:00:00,1500.524
2030-07-02 11:00:00,1547.3029999999999
2030-07-02 12:00:00,1569.902
2030-07-02 13:00:00,1577.125
2030-07-02 14:00:00,1563.826
2030-07-02 15:00:00,1546.342
2030-07-02 16:00:00,1525.262
2030-07-02 17:00:00,1489.953
2030-07-02 18:00:00,1467.292
2030-07-02 19:00:00,1446.894
2030-07-02 20:00:00,1378.136
2030-07-02 21:00:00,1298.156
2030-07-02 22:00:00,1232.932
2030-07-02 23:00:00,1157.509
2030-07-03 00:00:00,1062.804
2030-07-03 01:00:00,988.807
2030-07-03 02:00:00,949.871
2030-07-03 03:00:00,937.936
2030-07-03 04:00:00,929.163
2030-07-03 05:00:00,920.731
2030-07-03 06:00:00,933.038
2030-07-03 07:00:00,1009.794
2030-07-03 08:00:00,1123.657
2030-07-03 09:00:00,1240.558
2030-07-03 10:00:00,1299.923
2030-07-03 11:00:00,1376.245
2030-07-03 12:00:00,1397.077
2030-07-03 13:00:00,1335.542
2030-07-03 14:00:00,1280.92
2030-07-03 15:00:00,1263.808
2030-07-03 16:00:00,1269.357
2030-07-03 17:00:00,1300.388
2030-07-03 18:00:00,1340.998
2030-07-03 19:00:00,1330.427
2030-07-03 20:00:00,1272.922
2030-07-03 21:00:00,1203.823
2030-07-03 22:00:00,1138.227
2030-07-03 23:00:00,1076.847
2030-07-04 00:00:00,993.705
2030-07-04 01:00:00,938.277
2030-07-04 02:00:00,913.384
2030-07-04 03:00:00,914.779
2030-07-04 04:00:00,921.103
2030-07-04 05:00:00,941.346
2030-07-04 06:00:00,1015.684
2030-07-04 07:00:00,1150.317
2030-07-04 08:00:00,1302.806
2030-07-04 09:00:00,1399.619
2030-07-04 10:00:00,1432.076
2030-07-04 11:00:00,1456.783
2030-07-04 12:00:00,1422.125
2030-07-04 13:00:00,1467.509
2030-07-04 14:00:00,1502.663
2030-07-04 15:00:00,1501.423
2030-07-04 16:00:00,1501.888
2030-07-04 17:00:00,1456.938
2030-07-04 18:00:00,1441.128
2030-07-04 19:00:00,1411.802
2030-07-04 20:00:00,1337.092
2030-07-04 21:00:00,1258.879
2030-07-04 22:00:00,1196.786
2030-07-04 23:00:00,1120.34
2030-07-05 00:00:00,1031.246
2030-07-05 01:00:00,970.548
2030-07-05 02:00:00,946.337
2030-07-05 03:00:00,942.152
2030-07-05 04:00:00,943.888
2030-07-05 05:00:00,949.22
2030-07-05 06:00:00,1008.585
2030-07-05 07:00:00,1152.766
2030-07-05 08:00:00,1352.902
2030-07-05 09:00:00,1503.717
2030-07-05 10:00:00,1556.882
2030-07-05 11:00:00,1588.285
2030-07-05 12:00:00,1526.223
2030-07-05 13:00:00,1520.271
2030-07-05 14:00:00,1493.642
2030-07-05 15:00:00,1475.197
2030-07-05 16:00:00,1455.915
2030-07-05 17:00:00,1407.772
2030-07-05 18:00:00,1393.264
2030-07-05 19:00:00,1363.039
2030-07-05 20:00:00,1300.264
2030-07-05 21:00:00,1230.111
2030-07-05 22:00:00,1179.24
2030-07-05 23:00:00,1110.854
2030-07-06 00:00:00,1024.209
2030-07-06 01:00:00,963.883
2030-07-06 02:00:00,937.223
2030-07-06 03:00:00,935.828
2030-07-06 04:00:00,939.672
2030-07-06 05:00:00,951.08
2030-07-06 06:00:00,1001.858
2030-07-06 07:00:00,1123.006
2030-07-06 08:00:00,1301.938
2030-07-06 09:00:00,1433.564
2030-07-06 10:00:00,1451.823
2030-07-06 11:00:00,1510.289
2030-07-06 12:00:00,1486.636
2030-07-06 13:00:00,1511.405
2030-07-06 14:00:00,1513.544
2030-07-06 15:00:00,1516.086
2030-07-06 16:00:00,1518.566
2030-07-06 17:00:00,1462.208
2030-07-06 18:00:00,1417.754
2030-07-06 19:00:00,1369.704
2030-07-06 20:00:00,1293.599
2030-07-06 21:00:00,1214.673
2030-07-06 22:00:00,1154.688
2030-07-06 23:00:00,1085.961
2030-07-07 00:00:00,1004.586
2030-07-07 01:00:00,945.283
2030-07-07 02:00:00,922.157
2030-07-07 03:00:00,922.157
2030-07-07 04:00:00,927.768
2030-07-07 05:00:00,936.789
2030-07-07 06:00:00,992.434
2030-07-07 07:00:00,1108.56
2030-07-07 08:00:00,1250.54
2030-07-07 09:00:00,1353.956
2030-07-07 10:00:00,1370.324
2030-07-07 11:00:00,1412.174
2030-07-07 12:00:00,1401.634
2030-07-07 13:00:00,1474.608
2030-07-07 14:00:00,1524.022
2030-07-07 15:00:00,1528.765
2030-07-07 16:00:00,1520.922
2030-07-07 17:00:00,1468.811
2030-07-07 18:00:00,1411.213
2030-07-07 19:00:00,1362.357
2030-07-07 20:00:00,1289.042
2030-07-07 21:00:00,1210.488
2030-07-07 22:00:00,1150.844
2030-07-07 23:00:00,1081.404
2030-07-08 00:00:00,991.597
2030-07-08 01:00:00,931.612
2030-07-08 02:00:00,905.665
2030-07-08 03:00:00,905.665
2030-07-08 04:00:00,913.384
2030-07-08 05:00:00,928.016
2030-07-08 06:00:00,980.251
2030-07-08 07:00:00,1092.254
2030-07-08 08:00:00,1248.711
2030-07-08 09:00:00,1364.124
2030-07-08 10:00:00,1365.4569999999999
2030-07-08 11:00:00,1406.47
2030-07-08 12:00:00,1384.925
2030-07-08 13:00:00,1459.139
2030-07-08 14:00:00,1496.804
2030-07-08 15:00:00,1504.585
2030-07-08 16:00:00,1503.717
2030-07-08 17:00:00,1438.121
2030-07-08 18:00:00,1383.654
2030-07-08 19:00:00,1330.799
2030-07-08 20:00:00,1254.663
2030-07-08 21:00:00,1176.109
2030-07-08 22:00:00,1128.059
2030-07-08 23:00:00,1063.517
2030-07-09 00:00:00,977.926
2030-07-09 01:00:00,914.779
2030-07-09 02:00:00,885.329
2030-07-09 03:00:00,878.292
2030-07-09 04:00:00,871.627
2030-07-09 05:00:00,857.894
2030-07-09 06:00:00,859.909
2030-07-09 07:00:00,915.957
2030-07-09 08:00:00,1023.62
2030-07-09 09:00:00,1133.763
2030-07-09 10:00:00,1196.786
2030-07-09 11:00:00,1250.075
2030-07-09 12:00:00,1254.477
2030-07-09 13:00:00,1260.522
2030-07-09 14:00:00,1266.629
2030-07-09 15:00:00,1272.24
2030-07-09 16:00:00,1274.875
2030-07-09 17:00:00,1245.673
2030-07-09 18:00:00,1243.2549999999999
2030-07-09 19:00:00,1240.651
2030-07-09 20:00:00,1194.6779999999999
2030-07-09 21:00:00,1135.065
2030-07-09 22:00:00,1085.589
2030-07-09 23:00:00,1025.635
2030-07-10 00:00:00,947.05
2030-07-10 01:00:00,892.335
2030-07-10 02:00:00,866.729
2030-07-10 03:00:00,860.777
2030-07-10 04:00:00,859.01
2030-07-10 05:00:00,855.6
2030-07-10 06:00:00,854.205
2030-07-10 07:00:00,886.197
2030-07-10 08:00:00,956.04
2030-07-10 09:00:00,1025.449
2030-07-10 10:00:00,1094.517
2030-07-10 11:00:00,1159.431
2030-07-10 12:00:00,1192.167
2030-07-10 13:00:00,1224.066
2030-07-10 14:00:00,1247.936
2030-07-10 15:00:00,1270.628
2030-07-10 16:00:00,1293.196
2030-07-10 17:00:00,1302.341
2030-07-10 18:00:00,1299.334
2030-07-10 19:00:00,1295.7069999999999
2030-07-10 20:00:00,1245.89
2030-07-10 21:00:00,1178.217
2030-07-10 22:00:00,1108.746
2030-07-10 23:00:00,1045.258
2030-07-11 00:00:00,969.494
2030-07-11 01:00:00,910.563
2030-07-11 02:00:00,888.832
2030-07-11 03:00:00,888.46
2030-07-11 04:00:00,894.443
2030-07-11 05:00:00,918.127
2030-07-11 06:00:00,998.882
2030-07-11 07:00:00,1155.866
2030-07-11 08:00:00,1352.437
2030-07-11 09:00:00,1510.816
2030-07-11 10:00:00,1574.862
2030-07-11 11:00:00,1612.186
2030-07-11 12:00:00,1603.475
2030-07-11 13:00:00,1653.106
2030-07-11 14:00:00,1680.82
2030-07-11 15:00:00,1689.252
2030-07-11 16:00:00,1683.579
2030-07-11 17:00:00,1605.614
2030-07-11 18:00:00,1548.109
2030-07-11 19:00:00,1492.836
2030-07-11 20:00:00,1404.796
2030-07-11 21:00:00,1311.858
2030-07-11 22:00:00,1240.992
2030-07-11 23:00:00,1158.222
2030-07-12 00:00:00,1062.804
2030-07-12 01:00:00,996.495
2030-07-12 02:00:00,965.278
2030-07-12 03:00:00,961.093
2030-07-12 04:00:00,967.045
2030-07-12 05:00:00,977.244
2030-07-12 06:00:00,1026.751
2030-07-12 07:00:00,1139.715
2030-07-12 08:00:00,1301.287
2030-07-12 09:00:00,1430.898
2030-07-12 10:00:00,1457.031
2030-07-12 11:00:00,1443.825
2030-07-12 12:00:00,1394.752
2030-07-12 13:00:00,1438.493
2030-07-12 14:00:00,1457.992
2030-07-12 15:00:00,1474.732
2030-07-12 16:00:00,1483.071
2030-07-12 17:00:00,1451.079
2030-07-12 18:00:00,1420.823
2030-07-12 19:00:00,1366.914
2030-07-12 20:00:00,1294.994
2030-07-12 21:00:00,1217.122
2030-07-12 22:00:00,1157.509
2030-07-12 23:00:00,1087.356
2030-07-13 00:00:00,1007.035
2030-07-13 01:00:00,948.445
2030-07-13 02:00:00,923.211
2030-07-13 03:00:00,922.8389999999999
2030-07-13 04:00:00,927.055
2030-07-13 05:00:00,948.011
2030-07-13 06:00:00,1000.184
2030-07-13 07:00:00,1091.82
2030-07-13 08:00:00,1218.455
2030-07-13 09:00:00,1317.965
2030-07-13 10:00:00,1316.477
2030-07-13 11:00:00,1333.651
2030-07-13 12:00:00,1307.828
2030-07-13 13:00:00,1356.901
2030-07-13 14:00:00,1389.513
2030-07-13 15:00:00,1402.564
2030-07-13 16:00:00,1404.951
2030-07-13 17:00:00,1367.782
2030-07-13 18:00:00,1347.477
2030-07-13 19:00:00,1311.145
2030-07-13 20:00:00,1247.998
2030-07-13 21:00:00,1175.396
2030-07-13 22:00:00,1127.0049999999999
2030-07-13 23:00:00,1062.463
2030-07-14 00:00:00,982.483
2030-07-14 01:00:00,923.552
2030-07-14 02:00:00,902.503
2030-07-14 03:00:00,902.162
2030-07-14 04:00:00,906.378
2030-07-14 05:00:00,914.4689999999999
2030-07-14 06:00:00,954.366
2030-07-14 07:00:00,1055.1779999999999
2030-07-14 08:00:00,1210.302
2030-07-14 09:00:00,1333.062
2030-07-14 10:00:00,1344.346
2030-07-14 11:00:00,1347.6009999999999
2030-07-14 12:00:00,1296.606
2030-07-14 13:00:00,1345.958
2030-07-14 14:00:00,1357.211
2030-07-14 15:00:00,1365.364
2030-07-14 16:00:00,1377.888
2030-07-14 17:00:00,1354.576
2030-07-14 18:00:00,1340.967
2030-07-14 19:00:00,1297.474
2030-07-14 20:00:00,1231.506
2030-07-14 21:00:00,1162.407
2030-07-14 22:00:00,1108.064
2030-07-14 23:00:00,1048.42
2030-07-15 00:00:00,972.656
2030-07-15 01:00:00,915.492
2030-07-15 02:00:00,894.784
2030-07-15 03:00:00,899.0
2030-07-15 04:00:00,907.773
2030-07-15 05:00:00,921.909
2030-07-15 06:00:00,964.1
2030-07-15 07:00:00,1063.858
2030-07-15 08:00:00,1211.697
2030-07-15 09:00:00,1324.227
2030-07-15 10:00:00,1334.767
2030-07-15 11:00:00,1330.954
2030-07-15 12:00:00,1274.286
2030-07-15 13:00:00,1313.966
2030-07-15 14:00:00,1333.806
2030-07-15 15:00:00,1335.883
2030-07-15 16:00:00,1354.359
2030-07-15 17:00:00,1332.752
2030-07-15 18:00:00,1311.641
2030-07-15 19:00:00,1268.706
2030-07-15 20:00:00,1210.488
2030-07-15 21:00:00,1143.125
2030-07-15 22:00:00,1100.345
2030-07-15 23:00:00,1043.522
2030-07-16 00:00:00,958.985
2030-07-16 01:00:00,906.7189999999999
2030-07-16 02:00:00,882.508
2030-07-16 03:00:00,877.2379999999999
2030-07-16 04:00:00,874.448
2030-07-16 05:00:00,870.573
2030-07-16 06:00:00,866.357
2030-07-16 07:00:00,896.148
2030-07-16 08:00:00,967.2
2030-07-16 09:00:00,1031.99
2030-07-16 10:00:00,1059.89
2030-07-16 11:00:00,1064.974
2030-07-16 12:00:00,1054.93
2030-07-16 13:00:00,1070.492
2030-07-16 14:00:00,1073.747
2030-07-16 15:00:00,1076.072
2030-07-16 16:00:00,1097.524
2030-07-16 17:00:00,1137.855
2030-07-16 18:00:00,1167.863
2030-07-16 19:00:00,1159.617
2030-07-16 20:00:00,1110.854
2030-07-16 21:00:00,1051.241
2030-07-16 22:00:00,1009.825
2030-07-16 23:00:00,960.38
2030-07-17 00:00:00,890.9399999999999
2030-07-17 01:00:00,843.572
2030-07-17 02:00:00,823.577
2030-07-17 03:00:00,825.344
2030-07-17 04:00:00,825.685
2030-07-17 05:00:00,816.323
2030-07-17 06:00:00,803.6129999999999
2030-07-17 07:00:00,849.4929999999999
2030-07-17 08:00:00,909.571
2030-07-17 09:00:00,954.521
2030-07-17 10:00:00,990.636
2030-07-17 11:00:00,1022.256
2030-07-17 12:00:00,1054.0
2030-07-17 13:00:00,1077.839
2030-07-17 14:00:00,1106.266
2030-07-17 15:00:00,1148.984
2030-07-17 16:00:00,1199.824
2030-07-17 17:00:00,1237.985
2030-07-17 18:00:00,1247.812
2030-07-17 19:00:00,1243.1
2030-07-17 20:00:00,1191.547
2030-07-17 21:00:00,1125.951
2030-07-17 22:00:00,1063.858
2030-07-17 23:00:00,1005.981
2030-07-18 00:00:00,925.319
2030-07-18 01:00:00,867.07
2030-07-18 02:00:00,844.626
2030-07-18 03:00:00,843.572
2030-07-18 04:00:00,848.501
2030-07-18 05:00:00,834.8919999999999
2030-07-18 06:00:00,845.308
2030-07-18 07:00:00,912.826
2030-07-18 08:00:00,1030.254
2030-07-18 09:00:00,1102.484
2030-07-18 10:00:00,1209.31
2030-07-18 11:00:00,1292.855
2030-07-18 12:00:00,1327.327
2030-07-18 13:00:00,1349.9569999999999
2030-07-18 14:00:00,1374.013
2030-07-18 15:00:00,1400.0529999999999
2030-07-18 16:00:00,1401.696
2030-07-18 17:00:00,1388.273
2030-07-18 18:00:00,1397.263
2030-07-18 19:00:00,1387.963
2030-07-18 20:00:00,1326.924
2030-07-18 21:00:00,1254.663
2030-07-18 22:00:00,1178.558
2030-07-18 23:00:00,1110.141
2030-07-19 00:00:00,1023.155
2030-07-19 01:00:00,956.877
2030-07-19 02:00:00,929.163
2030-07-19 03:00:00,930.558
2030-07-19 04:00:00,937.595
2030-07-19 05:00:00,950.677
2030-07-19 06:00:00,1010.507
2030-07-19 07:00:00,1131.686
2030-07-19 08:00:00,1318.461
2030-07-19 09:00:00,1441.779
2030-07-19 10:00:00,1463.479
2030-07-19 11:00:00,1468.346
2030-07-19 12:00:00,1424.388
2030-07-19 13:00:00,1455.047
2030-07-19 14:00:00,1462.983
2030-07-19 15:00:00,1458.147
2030-07-19 16:00:00,1463.417
2030-07-19 17:00:00,1437.78
2030-07-19 18:00:00,1438.338
2030-07-19 19:00:00,1412.515
2030-07-19 20:00:00,1341.649
2030-07-19 21:00:00,1264.831
2030-07-19 22:00:00,1206.272
2030-07-19 23:00:00,1131.562
2030-07-20 00:00:00,1039.647
2030-07-20 01:00:00,977.926
2030-07-20 02:00:00,950.553
2030-07-20 03:00:00,943.888
2030-07-20 04:00:00,944.942
2030-07-20 05:00:00,945.221
2030-07-20 06:00:00,999.843
2030-07-20 07:00:00,1148.829
2030-07-20 08:00:00,1342.982
2030-07-20 09:00:00,1489.612
2030-07-20 10:00:00,1548.233
2030-07-20 11:00:00,1599.848
2030-07-20 12:00:00,1551.426
2030-07-20 13:00:00,1614.759
2030-07-20 14:00:00,1627.841
2030-07-20 15:00:00,1646.658
2030-07-20 16:00:00,1644.984
2030-07-20 17:00:00,1582.209
2030-07-20 18:00:00,1549.07
2030-07-20 19:00:00,1510.01
2030-07-20 20:00:00,1420.234
2030-07-20 21:00:00,1329.373
2030-07-20 22:00:00,1254.322
2030-07-20 23:00:00,1165.941
2030-07-21 00:00:00,1064.912
2030-07-21 01:00:00,996.495
2030-07-21 02:00:00,962.829
2030-07-21 03:00:00,952.661
2030-07-21 04:00:00,956.164
2030-07-21 05:00:00,964.069
2030-07-21 06:00:00,1012.491
2030-07-21 07:00:00,1139.87
2030-07-21 08:00:00,1330.52
2030-07-21 09:00:00,1498.788
2030-07-21 10:00:00,1552.17
2030-07-21 11:00:00,1578.768
2030-07-21 12:00:00,1574.769
2030-07-21 13:00:00,1638.133
2030-07-21 14:00:00,1652.362
2030-07-21 15:00:00,1639.838
2030-07-21 16:00:00,1605.242
2030-07-21 17:00:00,1551.7359999999999
2030-07-21 18:00:00,1520.829
2030-07-21 19:00:00,1468.2839999999999
2030-07-21 20:00:00,1390.412
2030-07-21 21:00:00,1308.324
2030-07-21 22:00:00,1244.836
2030-07-21 23:00:00,1168.731
2030-07-22 00:00:00,1073.685
2030-07-22 01:00:00,1009.143
2030-07-22 02:00:00,977.213
2030-07-22 03:00:00,971.261
2030-07-22 04:00:00,974.423
2030-07-22 05:00:00,986.0169999999999
2030-07-22 06:00:00,1046.498
2030-07-22 07:00:00,1178.124
2030-07-22 08:00:00,1358.761
2030-07-22 09:00:00,1462.952
2030-07-22 10:00:00,1494.355
2030-07-22 11:00:00,1516.706
2030-07-22 12:00:00,1519.279
2030-07-22 13:00:00,1596.779
2030-07-22 14:00:00,1653.385
2030-07-22 15:00:00,1679.487
2030-07-22 16:00:00,1691.515
2030-07-22 17:00:00,1627.996
2030-07-22 18:00:00,1562.059
2030-07-22 19:00:00,1504.058
2030-07-22 20:00:00,1413.197
2030-07-22 21:00:00,1322.026
2030-07-22 22:00:00,1255.376
2030-07-22 23:00:00,1175.396
2030-07-23 00:00:00,1075.421
2030-07-23 01:00:00,1003.16
2030-07-23 02:00:00,968.4399999999999
2030-07-23 03:00:00,957.218
2030-07-23 04:00:00,948.445
2030-07-23 05:00:00,937.378
2030-07-23 06:00:00,955.885
2030-07-23 07:00:00,1038.469
2030-07-23 08:00:00,1180.79
2030-07-23 09:00:00,1327.203
2030-07-23 10:00:00,1408.0819999999999
2030-07-23 11:00:00,1455.14
2030-07-23 12:00:00,1464.471
2030-07-23 13:00:00,1474.422
2030-07-23 14:00:00,1471.8799999999999
2030-07-23 15:00:00,1458.767
2030-07-23 16:00:00,1454.179
2030-07-23 17:00:00,1424.264
2030-07-23 18:00:00,1401.82
2030-07-23 19:00:00,1380.9569999999999
2030-07-23 20:00:00,1315.361
2030-07-23 21:00:00,1238.884
2030-07-23 22:00:00,1179.24
2030-07-23 23:00:00,1103.848
2030-07-24 00:00:00,1011.592
2030-07-24 01:00:00,943.206
2030-07-24 02:00:00,909.881
2030-07-24 03:00:00,900.054
2030-07-24 04:00:00,892.676
2030-07-24 05:00:00,880.803
2030-07-24 06:00:00,890.847
2030-07-24 07:00:00,948.104
2030-07-24 08:00:00,1049.474
2030-07-24 09:00:00,1152.921
2030-07-24 10:00:00,1214.301
2030-07-24 11:00:00,1263.56
2030-07-24 12:00:00,1289.445
2030-07-24 13:00:00,1311.114
2030-07-24 14:00:00,1326.087
2030-07-24 15:00:00,1333.651
2030-07-24 16:00:00,1360.9
2030-07-24 17:00:00,1370.603
2030-07-24 18:00:00,1363.194
2030-07-24 19:00:00,1351.135
2030-07-24 20:00:00,1293.258
2030-07-24 21:00:00,1222.764
2030-07-24 22:00:00,1146.628
2030-07-24 23:00:00,1076.134
2030-07-25 00:00:00,991.256
2030-07-25 01:00:00,928.45
2030-07-25 02:00:00,904.952
2030-07-25 03:00:00,902.162
2030-07-25 04:00:00,908.114
2030-07-25 05:00:00,928.171
2030-07-25 06:00:00,1009.2669999999999
2030-07-25 07:00:00,1168.483
2030-07-25 08:00:00,1397.914
2030-07-25 09:00:00,1570.398
2030-07-25 10:00:00,1644.147
2030-07-25 11:00:00,1694.088
2030-07-25 12:00:00,1692.941
2030-07-25 13:00:00,1752.368
2030-07-25 14:00:00,1772.301
2030-07-25 15:00:00,1773.975
2030-07-25 16:00:00,1772.301
2030-07-25 17:00:00,1702.985
2030-07-25 18:00:00,1641.388
2030-07-25 19:00:00,1586.146
2030-07-25 20:00:00,1489.333
2030-07-25 21:00:00,1399.898
2030-07-25 22:00:00,1329.745
2030-07-25 23:00:00,1240.279
2030-07-26 00:00:00,1131.19
2030-07-26 01:00:00,1056.852
2030-07-26 02:00:00,1020.365
2030-07-26 03:00:00,1011.592
2030-07-26 04:00:00,1013.359
2030-07-26 05:00:00,1027.061
2030-07-26 06:00:00,1088.038
2030-07-26 07:00:00,1221.493
2030-07-26 08:00:00,1391.714
2030-07-26 09:00:00,1493.766
2030-07-26 10:00:00,1514.474
2030-07-26 11:00:00,1489.612
2030-07-26 12:00:00,1429.937
2030-07-26 13:00:00,1491.5339999999999
2030-07-26 14:00:00,1532.516
2030-07-26 15:00:00,1553.658
2030-07-26 16:00:00,1563.113
2030-07-26 17:00:00,1518.132
2030-07-26 18:00:00,1506.104
2030-07-26 19:00:00,1472.5
2030-07-26 20:00:00,1392.52
2030-07-26 21:00:00,1312.881
2030-07-26 22:00:00,1250.106
2030-07-26 23:00:00,1174.342
2030-07-27 00:00:00,1075.793
2030-07-27 01:00:00,1009.825
2030-07-27 02:00:00,980.034
2030-07-27 03:00:00,970.207
2030-07-27 04:00:00,971.943
2030-07-27 05:00:00,977.926
2030-07-27 06:00:00,1034.78
2030-07-27 07:00:00,1185.068
2030-07-27 08:00:00,1422.559
2030-07-27 09:00:00,1589.277
2030-07-27 10:00:00,1656.795
2030-07-27 11:00:00,1701.032
2030-07-27 12:00:00,1693.902
2030-07-27 13:00:00,1747.78
2030-07-27 14:00:00,1760.397
2030-07-27 15:00:00,1737.147
2030-07-27 16:00:00,1719.911
2030-07-27 17:00:00,1647.681
2030-07-27 18:00:00,1589.401
2030-07-27 19:00:00,1545.443
2030-07-27 20:00:00,1456.721
2030-07-27 21:00:00,1361.3029999999999
2030-07-27 22:00:00,1284.826
2030-07-27 23:00:00,1199.607
2030-07-28 00:00:00,1093.308
2030-07-28 01:00:00,1022.101
2030-07-28 02:00:00,991.256
2030-07-28 03:00:00,980.375
2030-07-28 04:00:00,981.088
2030-07-28 05:00:00,997.549
2030-07-28 06:00:00,1067.857
2030-07-28 07:00:00,1221.896
2030-07-28 08:00:00,1436.974
2030-07-28 09:00:00,1598.422
2030-07-28 10:00:00,1651.122
2030-07-28 11:00:00,1705.713
2030-07-28 12:00:00,1706.023
2030-07-28 13:00:00,1757.917
2030-07-28 14:00:00,1777.819
2030-07-28 15:00:00,1784.36
2030-07-28 16:00:00,1768.674
2030-07-28 17:00:00,1669.66
2030-07-28 18:00:00,1589.587
2030-07-28 19:00:00,1516.675
2030-07-28 20:00:00,1424.791
2030-07-28 21:00:00,1335.697
2030-07-28 22:00:00,1260.646
2030-07-28 23:00:00,1178.217
2030-07-29 00:00:00,1076.847
2030-07-29 01:00:00,1007.035
2030-07-29 02:00:00,973.71
2030-07-29 03:00:00,962.4879999999999
2030-07-29 04:00:00,960.039
2030-07-29 05:00:00,978.701
2030-07-29 06:00:00,1044.731
2030-07-29 07:00:00,1191.206
2030-07-29 08:00:00,1406.501
2030-07-29 09:00:00,1576.102
2030-07-29 10:00:00,1656.113
2030-07-29 11:00:00,1709.34
2030-07-29 12:00:00,1711.386
2030-07-29 13:00:00,1768.302
2030-07-29 14:00:00,1796.729
2030-07-29 15:00:00,1811.051
2030-07-29 16:00:00,1800.604
2030-07-29 17:00:00,1717.276
2030-07-29 18:00:00,1641.76
2030-07-29 19:00:00,1580.876
2030-07-29 20:00:00,1487.938
2030-07-29 21:00:00,1391.466
2030-07-29 22:00:00,1317.469
2030-07-29 23:00:00,1229.429
2030-07-30 00:00:00,1115.783
2030-07-30 01:00:00,1041.042
2030-07-30 02:00:00,995.813
2030-07-30 03:00:00,979.321
2030-07-30 04:00:00,970.207
2030-07-30 05:00:00,969.928
2030-07-30 06:00:00,1009.825
2030-07-30 07:00:00,1107.258
2030-07-30 08:00:00,1245.363
2030-07-30 09:00:00,1353.212
2030-07-30 10:00:00,1407.431
2030-07-30 11:00:00,1468.0049999999999
2030-07-30 12:00:00,1503.438
2030-07-30 13:00:00,1542.281
2030-07-30 14:00:00,1564.105
2030-07-30 15:00:00,1564.105
2030-07-30 16:00:00,1551.7359999999999
2030-07-30 17:00:00,1511.932
2030-07-30 18:00:00,1482.079
2030-07-30 19:00:00,1460.224
2030-07-30 20:00:00,1390.753
2030-07-30 21:00:00,1309.037
2030-07-30 22:00:00,1245.208
2030-07-30 23:00:00,1167.336
2030-07-31 00:00:00,1067.02
2030-07-31 01:00:00,995.1
2030-07-31 02:00:00,957.218
2030-07-31 03:00:00,942.834
2030-07-31 04:00:00,938.99
2030-07-31 05:00:00,932.511
2030-07-31 06:00:00,952.692
2030-07-31 07:00:00,1028.58
2030-07-31 08:00:00,1149.914
2030-07-31 09:00:00,1284.857
2030-07-31 10:00:00,1373.641
2030-07-31 11:00:00,1442.647
2030-07-31 12:00:00,1488.403
2030-07-31 13:00:00,1511.932
2030-07-31 14:00:00,1543.4279999999999
2030-07-31 15:00:00,1559.424
2030-07-31 16:00:00,1542.312
2030-07-31 17:00:00,1543.8
2030-07-31 18:00:00,1555.239
2030-07-31 19:00:00,1533.167
2030-07-31 20:00:00,1463.727
2030-07-31 21:00:00,1378.849
2030-07-31 22:00:00,1289.7549999999999
2030-07-31 23:00:00,1198.181
2030-08-01 00:00:00,1094.021
2030-08-01 01:00:00,1016.149
2030-08-01 02:00:00,979.321
2030-08-01 03:00:00,969.153
2030-08-01 04:00:00,975.477
2030-08-01 05:00:00,999.254
2030-08-01 06:00:00,1082.52
2030-08-01 07:00:00,1266.2259999999999
2030-08-01 08:00:00,1523.371
2030-08-01 09:00:00,1724.189
2030-08-01 10:00:00,1809.408
2030-08-01 11:00:00,1864.154
2030-08-01 12:00:00,1864.867
2030-08-01 13:00:00,1921.349
2030-08-01 14:00:00,1937.252
2030-08-01 15:00:00,1938.275
2030-08-01 16:00:00,1925.472
2030-08-01 17:00:00,1842.237
2030-08-01 18:00:00,1784.453
2030-08-01 19:00:00,1725.398
2030-08-01 20:00:00,1623.656
2030-08-01 21:00:00,1520.209
2030-08-01 22:00:00,1431.115
2030-08-01 23:00:00,1322.708
2030-08-02 00:00:00,1191.888
2030-08-02 01:00:00,1105.584
2030-08-02 02:00:00,1066.648
2030-08-02 03:00:00,1053.69
2030-08-02 04:00:00,1054.031
2030-08-02 05:00:00,1066.09
2030-08-02 06:00:00,1132.554
2030-08-02 07:00:00,1306.65
2030-08-02 08:00:00,1564.973
2030-08-02 09:00:00,1768.4569999999999
2030-08-02 10:00:00,1855.164
2030-08-02 11:00:00,1912.142
2030-08-02 12:00:00,1920.977
2030-08-02 13:00:00,1979.939
2030-08-02 14:00:00,1995.625
2030-08-02 15:00:00,1995.2839999999999
2030-08-02 16:00:00,1988.526
2030-08-02 17:00:00,1917.939
2030-08-02 18:00:00,1866.386
2030-08-02 19:00:00,1798.713
2030-08-02 20:00:00,1698.025
2030-08-02 21:00:00,1585.433
2030-08-02 22:00:00,1483.35
2030-08-02 23:00:00,1377.423
2030-08-03 00:00:00,1249.393
2030-08-03 01:00:00,1158.563
2030-08-03 02:00:00,1105.956
2030-08-03 03:00:00,1081.404
2030-08-03 04:00:00,1077.529
2030-08-03 05:00:00,1090.58
2030-08-03 06:00:00,1172.885
2030-08-03 07:00:00,1354.452
2030-08-03 08:00:00,1599.445
2030-08-03 09:00:00,1789.134
2030-08-03 10:00:00,1854.048
2030-08-03 11:00:00,1916.823
2030-08-03 12:00:00,1915.211
2030-08-03 13:00:00,1957.681
2030-08-03 14:00:00,1962.796
2030-08-03 15:00:00,1952.225
2030-08-03 16:00:00,1915.8
2030-08-03 17:00:00,1872.617
2030-08-03 18:00:00,1834.952
2030-08-03 19:00:00,1786.065
2030-08-03 20:00:00,1687.857
2030-08-03 21:00:00,1578.427
2030-08-03 22:00:00,1483.009
2030-08-03 23:00:00,1363.411
2030-08-04 00:00:00,1226.267
2030-08-04 01:00:00,1128.741
2030-08-04 02:00:00,1063.145
2030-08-04 03:00:00,1029.138
2030-08-04 04:00:00,1016.49
2030-08-04 05:00:00,1032.486
2030-08-04 06:00:00,1080.04
2030-08-04 07:00:00,1166.623
2030-08-04 08:00:00,1312.416
2030-08-04 09:00:00,1399.123
2030-08-04 10:00:00,1398.379
2030-08-04 11:00:00,1424.45
2030-08-04 12:00:00,1363.597
2030-08-04 13:00:00,1398.131
2030-08-04 14:00:00,1421.412
2030-08-04 15:00:00,1425.349
2030-08-04 16:00:00,1435.331
2030-08-04 17:00:00,1404.269
2030-08-04 18:00:00,1382.724
2030-08-04 19:00:00,1326.211
2030-08-04 20:00:00,1252.927
2030-08-04 21:00:00,1175.396
2030-08-04 22:00:00,1118.573
2030-08-04 23:00:00,1055.085
2030-08-05 00:00:00,980.716
2030-08-05 01:00:00,927.396
2030-08-05 02:00:00,900.7669999999999
2030-08-05 03:00:00,900.054
2030-08-05 04:00:00,909.509
2030-08-05 05:00:00,922.87
2030-08-05 06:00:00,954.862
2030-08-05 07:00:00,1037.508
2030-08-05 08:00:00,1153.076
2030-08-05 09:00:00,1260.894
2030-08-05 10:00:00,1289.724
2030-08-05 11:00:00,1299.179
2030-08-05 12:00:00,1251.563
2030-08-05 13:00:00,1308.138
2030-08-05 14:00:00,1327.234
2030-08-05 15:00:00,1340.192
2030-08-05 16:00:00,1351.972
2030-08-05 17:00:00,1322.584
2030-08-05 18:00:00,1307.27
2030-08-05 19:00:00,1267.311
2030-08-05 20:00:00,1197.84
2030-08-05 21:00:00,1129.0819999999999
2030-08-05 22:00:00,1084.194
2030-08-05 23:00:00,1027.712
2030-08-06 00:00:00,944.26
2030-08-06 01:00:00,889.886
2030-08-06 02:00:00,868.837
2030-08-06 03:00:00,864.621
2030-08-06 04:00:00,864.621
2030-08-06 05:00:00,859.103
2030-08-06 06:00:00,845.866
2030-08-06 07:00:00,874.262
2030-08-06 08:00:00,936.293
2030-08-06 09:00:00,1000.99
2030-08-06 10:00:00,1033.168
2030-08-06 11:00:00,1057.317
2030-08-06 12:00:00,1082.923
2030-08-06 13:00:00,1103.693
2030-08-06 14:00:00,1119.1
2030-08-06 15:00:00,1147.93
2030-08-06 16:00:00,1171.893
2030-08-06 17:00:00,1175.613
2030-08-06 18:00:00,1197.902
2030-08-06 19:00:00,1182.402
2030-08-06 20:00:00,1132.616
2030-08-06 21:00:00,1072.631
2030-08-06 22:00:00,1027.371
2030-08-06 23:00:00,977.554
2030-08-07 00:00:00,899.713
2030-08-07 01:00:00,850.95
2030-08-07 02:00:00,826.026
2030-08-07 03:00:00,825.003
2030-08-07 04:00:00,827.793
2030-08-07 05:00:00,828.165
2030-08-07 06:00:00,827.111
2030-08-07 07:00:00,863.04
2030-08-07 08:00:00,934.123
2030-08-07 09:00:00,1019.652
2030-08-07 10:00:00,1068.477
2030-08-07 11:00:00,1114.543
2030-08-07 12:00:00,1162.624
2030-08-07 13:00:00,1210.767
2030-08-07 14:00:00,1239.938
2030-08-07 15:00:00,1242.604
2030-08-07 16:00:00,1290.871
2030-08-07 17:00:00,1325.715
2030-08-07 18:00:00,1338.983
2030-08-07 19:00:00,1325.529
2030-08-07 20:00:00,1269.76
2030-08-07 21:00:00,1204.5049999999999
2030-08-07 22:00:00,1137.855
2030-08-07 23:00:00,1074.739
2030-08-08 00:00:00,993.364
2030-08-08 01:00:00,935.115
2030-08-08 02:00:00,912.671
2030-08-08 03:00:00,914.779
2030-08-08 04:00:00,924.947
2030-08-08 05:00:00,949.096
2030-08-08 06:00:00,1028.828
2030-08-08 07:00:00,1198.119
2030-08-08 08:00:00,1431.704
2030-08-08 09:00:00,1606.637
2030-08-08 10:00:00,1681.719
2030-08-08 11:00:00,1724.964
2030-08-08 12:00:00,1718.671
2030-08-08 13:00:00,1772.394
2030-08-08 14:00:00,1777.974
2030-08-08 15:00:00,1790.498
2030-08-08 16:00:00,1783.6779999999999
2030-08-08 17:00:00,1697.653
2030-08-08 18:00:00,1646.379
2030-08-08 19:00:00,1589.99
2030-08-08 20:00:00,1500.214
2030-08-08 21:00:00,1407.245
2030-08-08 22:00:00,1337.092
2030-08-08 23:00:00,1245.549
2030-08-09 00:00:00,1141.017
2030-08-09 01:00:00,1068.074
2030-08-09 02:00:00,1030.533
2030-08-09 03:00:00,1015.095
2030-08-09 04:00:00,1018.97
2030-08-09 05:00:00,1032.269
2030-08-09 06:00:00,1107.878
2030-08-09 07:00:00,1278.192
2030-08-09 08:00:00,1511.095
2030-08-09 09:00:00,1692.662
2030-08-09 10:00:00,1768.519
2030-08-09 11:00:00,1813.996
2030-08-09 12:00:00,1807.982
2030-08-09 13:00:00,1854.389
2030-08-09 14:00:00,1867.099
2030-08-09 15:00:00,1869.021
2030-08-09 16:00:00,1869.176
2030-08-09 17:00:00,1782.934
2030-08-09 18:00:00,1715.788
2030-08-09 19:00:00,1647.867
2030-08-09 20:00:00,1551.054
2030-08-09 21:00:00,1451.079
2030-08-09 22:00:00,1369.363
2030-08-09 23:00:00,1273.9759999999999
2030-08-10 00:00:00,1158.222
2030-08-10 01:00:00,1077.188
2030-08-10 02:00:00,1035.8029999999999
2030-08-10 03:00:00,1021.76
2030-08-10 04:00:00,1020.024
2030-08-10 05:00:00,1029.541
2030-08-10 06:00:00,1104.778
2030-08-10 07:00:00,1256.244
2030-08-10 08:00:00,1472.283
2030-08-10 09:00:00,1636.614
2030-08-10 10:00:00,1702.644
2030-08-10 11:00:00,1751.407
2030-08-10 12:00:00,1746.85
2030-08-10 13:00:00,1787.894
2030-08-10 14:00:00,1797.6589999999999
2030-08-10 15:00:00,1804.789
2030-08-10 16:00:00,1798.868
2030-08-10 17:00:00,1723.166
2030-08-10 18:00:00,1646.999
2030-08-10 19:00:00,1582.643
2030-08-10 20:00:00,1490.015
2030-08-10 21:00:00,1397.077
2030-08-10 22:00:00,1326.924
2030-08-10 23:00:00,1238.171
2030-08-11 00:00:00,1129.795
2030-08-11 01:00:00,1054.372
2030-08-11 02:00:00,1013.7
2030-08-11 03:00:00,994.418
2030-08-11 04:00:00,987.04
2030-08-11 05:00:00,981.8629999999999
2030-08-11 06:00:00,1008.275
2030-08-11 07:00:00,1098.0819999999999
2030-08-11 08:00:00,1245.146
2030-08-11 09:00:00,1363.907
2030-08-11 10:00:00,1438.028
2030-08-11 11:00:00,1479.01
2030-08-11 12:00:00,1487.163
2030-08-11 13:00:00,1507.003
2030-08-11 14:00:00,1501.392
2030-08-11 15:00:00,1503.81
2030-08-11 16:00:00,1511.25
2030-08-11 17:00:00,1495.626
2030-08-11 18:00:00,1471.353
2030-08-11 19:00:00,1438.462
2030-08-11 20:00:00,1369.022
2030-08-11 21:00:00,1298.869
2030-08-11 22:00:00,1228.003
2030-08-11 23:00:00,1154.688
2030-08-12 00:00:00,1059.642
2030-08-12 01:00:00,989.83
2030-08-12 02:00:00,957.218
2030-08-12 03:00:00,950.925
2030-08-12 04:00:00,952.661
2030-08-12 05:00:00,960.225
2030-08-12 06:00:00,1011.313
2030-08-12 07:00:00,1123.471
2030-08-12 08:00:00,1263.219
2030-08-12 09:00:00,1363.473
2030-08-12 10:00:00,1409.26
2030-08-12 11:00:00,1443.67
2030-08-12 12:00:00,1462.022
2030-08-12 13:00:00,1452.133
2030-08-12 14:00:00,1460.317
2030-08-12 15:00:00,1434.432
2030-08-12 16:00:00,1418.281
2030-08-12 17:00:00,1398.441
2030-08-12 18:00:00,1401.634
2030-08-12 19:00:00,1357.4279999999999
2030-08-12 20:00:00,1276.425
2030-08-12 21:00:00,1204.5049999999999
2030-08-12 22:00:00,1156.114
2030-08-12 23:00:00,1092.626
2030-08-13 00:00:00,1003.873
2030-08-13 01:00:00,940.385
2030-08-13 02:00:00,914.438
2030-08-13 03:00:00,902.503
2030-08-13 04:00:00,893.048
2030-08-13 05:00:00,888.305
2030-08-13 06:00:00,888.522
2030-08-13 07:00:00,939.734
2030-08-13 08:00:00,1026.999
2030-08-13 09:00:00,1115.318
2030-08-13 10:00:00,1133.36
2030-08-13 11:00:00,1128.214
2030-08-13 12:00:00,1095.509
2030-08-13 13:00:00,1060.107
2030-08-13 14:00:00,1071.918
2030-08-13 15:00:00,1067.981
2030-08-13 16:00:00,1095.633
2030-08-13 17:00:00,1133.608
2030-08-13 18:00:00,1167.894
2030-08-13 19:00:00,1149.79
2030-08-13 20:00:00,1103.848
2030-08-13 21:00:00,1044.917
2030-08-13 22:00:00,996.495
2030-08-13 23:00:00,947.391
2030-08-14 00:00:00,883.903
2030-08-14 01:00:00,836.907
2030-08-14 02:00:00,818.338
2030-08-14 03:00:00,820.787
2030-08-14 04:00:00,825.003
2030-08-14 05:00:00,818.71
2030-08-14 06:00:00,822.616
2030-08-14 07:00:00,847.881
2030-08-14 08:00:00,917.6
2030-08-14 09:00:00,984.963
2030-08-14 10:00:00,1011.22
2030-08-14 11:00:00,1121.301
2030-08-14 12:00:00,1191.733
2030-08-14 13:00:00,1216.44
2030-08-14 14:00:00,1238.45
2030-08-14 15:00:00,1247.254
2030-08-14 16:00:00,1295.893
2030-08-14 17:00:00,1316.6009999999999
2030-08-14 18:00:00,1328.102
2030-08-14 19:00:00,1312.54
2030-08-14 20:00:00,1252.927
2030-08-14 21:00:00,1185.905
2030-08-14 22:00:00,1116.124
2030-08-14 23:00:00,1049.133
2030-08-15 00:00:00,964.224
2030-08-15 01:00:00,901.449
2030-08-15 02:00:00,871.627
2030-08-15 03:00:00,864.621
2030-08-15 04:00:00,867.442
2030-08-15 05:00:00,870.6659999999999
2030-08-15 06:00:00,916.453
2030-08-15 07:00:00,1010.259
2030-08-15 08:00:00,1151.464
2030-08-15 09:00:00,1286.376
2030-08-15 10:00:00,1350.329
2030-08-15 11:00:00,1392.086
2030-08-15 12:00:00,1406.036
2030-08-15 13:00:00,1395.496
2030-08-15 14:00:00,1410.841
2030-08-15 15:00:00,1436.819
2030-08-15 16:00:00,1453.001
2030-08-15 17:00:00,1455.171
2030-08-15 18:00:00,1446.677
2030-08-15 19:00:00,1414.623
2030-08-15 20:00:00,1345.152
2030-08-15 21:00:00,1270.442
2030-08-15 22:00:00,1205.218
2030-08-15 23:00:00,1126.633
2030-08-16 00:00:00,1027.712
2030-08-16 01:00:00,955.823
2030-08-16 02:00:00,923.211
2030-08-16 03:00:00,912.33
2030-08-16 04:00:00,916.546
2030-08-16 05:00:00,926.125
2030-08-16 06:00:00,970.331
2030-08-16 07:00:00,1079.575
2030-08-16 08:00:00,1235.598
2030-08-16 09:00:00,1370.913
2030-08-16 10:00:00,1473.709
2030-08-16 11:00:00,1532.919
2030-08-16 12:00:00,1572.785
2030-08-16 13:00:00,1601.677
2030-08-16 14:00:00,1615.658
2030-08-16 15:00:00,1601.615
2030-08-16 16:00:00,1589.835
2030-08-16 17:00:00,1564.632
2030-08-16 18:00:00,1543.149
2030-08-16 19:00:00,1490.015
2030-08-16 20:00:00,1403.029
2030-08-16 21:00:00,1321.313
2030-08-16 22:00:00,1252.555
2030-08-16 23:00:00,1164.887
2030-08-17 00:00:00,1053.69
2030-08-17 01:00:00,976.159
2030-08-17 02:00:00,938.99
2030-08-17 03:00:00,927.396
2030-08-17 04:00:00,926.001
2030-08-17 05:00:00,938.742
2030-08-17 06:00:00,986.389
2030-08-17 07:00:00,1096.0049999999999
2030-08-17 08:00:00,1246.2
2030-08-17 09:00:00,1326.738
2030-08-17 10:00:00,1344.2839999999999
2030-08-17 11:00:00,1382.662
2030-08-17 12:00:00,1429.224
2030-08-17 13:00:00,1481.769
2030-08-17 14:00:00,1477.5529999999999
2030-08-17 15:00:00,1452.319
2030-08-17 16:00:00,1428.077
2030-08-17 17:00:00,1380.802
2030-08-17 18:00:00,1364.589
2030-08-17 19:00:00,1318.151
2030-08-17 20:00:00,1247.657
2030-08-17 21:00:00,1168.018
2030-08-17 22:00:00,1106.297
2030-08-17 23:00:00,1034.377
2030-08-18 00:00:00,947.763
2030-08-18 01:00:00,889.886
2030-08-18 02:00:00,864.962
2030-08-18 03:00:00,865.675
2030-08-18 04:00:00,873.394
2030-08-18 05:00:00,895.59
2030-08-18 06:00:00,944.942
2030-08-18 07:00:00,1044.204
2030-08-18 08:00:00,1191.237
2030-08-18 09:00:00,1284.857
2030-08-18 10:00:00,1295.025
2030-08-18 11:00:00,1270.039
2030-08-18 12:00:00,1253.423
2030-08-18 13:00:00,1281.261
2030-08-18 14:00:00,1336.689
2030-08-18 15:00:00,1434.494
2030-08-18 16:00:00,1488.744
2030-08-18 17:00:00,1464.564
2030-08-18 18:00:00,1429.813
2030-08-18 19:00:00,1373.238
2030-08-18 20:00:00,1280.269
2030-08-18 21:00:00,1185.564
2030-08-18 22:00:00,1109.118
2030-08-18 23:00:00,1033.695
2030-08-19 00:00:00,945.655
2030-08-19 01:00:00,883.903
2030-08-19 02:00:00,855.848
2030-08-19 03:00:00,850.95
2030-08-19 04:00:00,855.848
2030-08-19 05:00:00,864.683
2030-08-19 06:00:00,900.705
2030-08-19 07:00:00,994.418
2030-08-19 08:00:00,1155.9279999999999
2030-08-19 09:00:00,1303.922
2030-08-19 10:00:00,1370.262
2030-08-19 11:00:00,1420.637
2030-08-19 12:00:00,1422.094
2030-08-19 13:00:00,1472.376
2030-08-19 14:00:00,1497.672
2030-08-19 15:00:00,1507.189
2030-08-19 16:00:00,1513.327
2030-08-19 17:00:00,1443.918
2030-08-19 18:00:00,1387.808
2030-08-19 19:00:00,1328.319
2030-08-19 20:00:00,1251.501
2030-08-19 21:00:00,1170.126
2030-08-19 22:00:00,1106.297
2030-08-19 23:00:00,1042.096
2030-08-20 00:00:00,952.661
2030-08-20 01:00:00,892.676
2030-08-20 02:00:00,863.567
2030-08-20 03:00:00,856.22
2030-08-20 04:00:00,860.064
2030-08-20 05:00:00,855.1659999999999
2030-08-20 06:00:00,864.652
2030-08-20 07:00:00,933.937
2030-08-20 08:00:00,1046.87
2030-08-20 09:00:00,1143.311
2030-08-20 10:00:00,1228.53
2030-08-20 11:00:00,1287.058
2030-08-20 12:00:00,1259.189
2030-08-20 13:00:00,1238.636
2030-08-20 14:00:00,1223.074
2030-08-20 15:00:00,1223.8799999999999
2030-08-20 16:00:00,1235.5049999999999
2030-08-20 17:00:00,1254.229
2030-08-20 18:00:00,1274.193
2030-08-20 19:00:00,1241.333
2030-08-20 20:00:00,1183.115
2030-08-20 21:00:00,1116.124
2030-08-20 22:00:00,1065.253
2030-08-20 23:00:00,1011.933
2030-08-21 00:00:00,935.487
2030-08-21 01:00:00,879.005
2030-08-21 02:00:00,855.507
2030-08-21 03:00:00,849.896
2030-08-21 04:00:00,851.632
2030-08-21 05:00:00,847.633
2030-08-21 06:00:00,850.888
2030-08-21 07:00:00,890.289
2030-08-21 08:00:00,952.692
2030-08-21 09:00:00,1009.825
2030-08-21 10:00:00,1063.052
2030-08-21 11:00:00,1096.16
2030-08-21 12:00:00,1123.161
2030-08-21 13:00:00,1136.305
2030-08-21 14:00:00,1128.71
2030-08-21 15:00:00,1151.402
2030-08-21 16:00:00,1184.882
2030-08-21 17:00:00,1203.575
2030-08-21 18:00:00,1244.061
2030-08-21 19:00:00,1227.662
2030-08-21 20:00:00,1174.342
2030-08-21 21:00:00,1109.8
2030-08-21 22:00:00,1047.025
2030-08-21 23:00:00,987.381
2030-08-22 00:00:00,911.276
2030-08-22 01:00:00,857.615
2030-08-22 02:00:00,840.41
2030-08-22 03:00:00,839.015
2030-08-22 04:00:00,851.632
2030-08-22 05:00:00,875.409
2030-08-22 06:00:00,929.9689999999999
2030-08-22 07:00:00,1035.772
2030-08-22 08:00:00,1202.862
2030-08-22 09:00:00,1292.421
2030-08-22 10:00:00,1326.49
2030-08-22 11:00:00,1347.8799999999999
2030-08-22 12:00:00,1357.366
2030-08-22 13:00:00,1420.885
2030-08-22 14:00:00,1473.058
2030-08-22 15:00:00,1497.052
2030-08-22 16:00:00,1508.46
2030-08-22 17:00:00,1472.1589999999999
2030-08-22 18:00:00,1452.04
2030-08-22 19:00:00,1396.023
2030-08-22 20:00:00,1320.259
2030-08-22 21:00:00,1237.83
2030-08-22 22:00:00,1178.217
2030-08-22 23:00:00,1106.638
2030-08-23 00:00:00,1014.754
2030-08-23 01:00:00,955.482
2030-08-23 02:00:00,929.876
2030-08-23 03:00:00,927.768
2030-08-23 04:00:00,935.115
2030-08-23 05:00:00,949.499
2030-08-23 06:00:00,996.402
2030-08-23 07:00:00,1122.417
2030-08-23 08:00:00,1325.095
2030-08-23 09:00:00,1480.436
2030-08-23 10:00:00,1557.285
2030-08-23 11:00:00,1619.099
2030-08-23 12:00:00,1587.138
2030-08-23 13:00:00,1629.639
2030-08-23 14:00:00,1671.024
2030-08-23 15:00:00,1704.752
2030-08-23 16:00:00,1705.558
2030-08-23 17:00:00,1652.083
2030-08-23 18:00:00,1622.54
2030-08-23 19:00:00,1556.324
2030-08-23 20:00:00,1471.446
2030-08-23 21:00:00,1380.9569999999999
2030-08-23 22:00:00,1303.085
2030-08-23 23:00:00,1215.386
2030-08-24 00:00:00,1105.584
2030-08-24 01:00:00,1035.09
2030-08-24 02:00:00,999.316
2030-08-24 03:00:00,987.04
2030-08-24 04:00:00,990.543
2030-08-24 05:00:00,1006.353
2030-08-24 06:00:00,1077.343
2030-08-24 07:00:00,1245.952
2030-08-24 08:00:00,1465.587
2030-08-24 09:00:00,1609.086
2030-08-24 10:00:00,1651.246
2030-08-24 11:00:00,1693.251
2030-08-24 12:00:00,1668.699
2030-08-24 13:00:00,1678.681
2030-08-24 14:00:00,1635.56
2030-08-24 15:00:00,1601.491
2030-08-24 16:00:00,1569.995
2030-08-24 17:00:00,1500.865
2030-08-24 18:00:00,1459.077
2030-08-24 19:00:00,1385.855
2030-08-24 20:00:00,1304.48
2030-08-24 21:00:00,1216.781
2030-08-24 22:00:00,1152.611
2030-08-24 23:00:00,1081.404
2030-08-25 00:00:00,991.256
2030-08-25 01:00:00,929.504
2030-08-25 02:00:00,904.27
2030-08-25 03:00:00,900.054
2030-08-25 04:00:00,907.401
2030-08-25 05:00:00,921.878
2030-08-25 06:00:00,957.063
2030-08-25 07:00:00,1045.165
2030-08-25 08:00:00,1174.683
2030-08-25 09:00:00,1259.747
2030-08-25 10:00:00,1299.055
2030-08-25 11:00:00,1335.48
2030-08-25 12:00:00,1310.649
2030-08-25 13:00:00,1382.538
2030-08-25 14:00:00,1403.122
2030-08-25 15:00:00,1402.533
2030-08-25 16:00:00,1431.146
2030-08-25 17:00:00,1409.663
2030-08-25 18:00:00,1402.285
2030-08-25 19:00:00,1344.47
2030-08-25 20:00:00,1275.712
2030-08-25 21:00:00,1200.661
2030-08-25 22:00:00,1147.0
2030-08-25 23:00:00,1083.853
2030-08-26 00:00:00,997.208
2030-08-26 01:00:00,941.439
2030-08-26 02:00:00,916.174
2030-08-26 03:00:00,912.33
2030-08-26 04:00:00,918.995
2030-08-26 05:00:00,935.58
2030-08-26 06:00:00,971.013
2030-08-26 07:00:00,1073.654
2030-08-26 08:00:00,1232.715
2030-08-26 09:00:00,1371.1299999999999
2030-08-26 10:00:00,1426.775
2030-08-26 11:00:00,1454.334
2030-08-26 12:00:00,1449.901
2030-08-26 13:00:00,1530.563
2030-08-26 14:00:00,1545.97
2030-08-26 15:00:00,1535.802
2030-08-26 16:00:00,1548.388
2030-08-26 17:00:00,1519.682
2030-08-26 18:00:00,1506.4759999999999
2030-08-26 19:00:00,1443.019
2030-08-26 20:00:00,1359.195
2030-08-26 21:00:00,1271.868
2030-08-26 22:00:00,1208.3799999999999
2030-08-26 23:00:00,1136.119
2030-08-27 00:00:00,1045.6299999999999
2030-08-27 01:00:00,976.531
2030-08-27 02:00:00,944.26
2030-08-27 03:00:00,937.223
2030-08-27 04:00:00,932.325
2030-08-27 05:00:00,938.68
2030-08-27 06:00:00,959.388
2030-08-27 07:00:00,1017.172
2030-08-27 08:00:00,1129.609
2030-08-27 09:00:00,1260.181
2030-08-27 10:00:00,1336.999
2030-08-27 11:00:00,1380.647
2030-08-27 12:00:00,1410.004
2030-08-27 13:00:00,1439.144
2030-08-27 14:00:00,1445.84
2030-08-27 15:00:00,1461.495
2030-08-27 16:00:00,1452.443
2030-08-27 17:00:00,1418.529
2030-08-27 18:00:00,1405.788
2030-08-27 19:00:00,1368.681
2030-08-27 20:00:00,1305.875
2030-08-27 21:00:00,1233.986
2030-08-27 22:00:00,1169.072
2030-08-27 23:00:00,1101.399
2030-08-28 00:00:00,1014.754
2030-08-28 01:00:00,947.05
2030-08-28 02:00:00,908.827
2030-08-28 03:00:00,894.443
2030-08-28 04:00:00,887.778
2030-08-28 05:00:00,890.475
2030-08-28 06:00:00,902.379
2030-08-28 07:00:00,936.2
2030-08-28 08:00:00,984.746
2030-08-28 09:00:00,1017.141
2030-08-28 10:00:00,1007.4689999999999
2030-08-28 11:00:00,996.03
2030-08-28 12:00:00,980.3439999999999
2030-08-28 13:00:00,968.595
2030-08-28 14:00:00,980.096
2030-08-28 15:00:00,992.31
2030-08-28 16:00:00,1018.04
2030-08-28 17:00:00,1069.655
2030-08-28 18:00:00,1115.039
2030-08-28 19:00:00,1097.183
2030-08-28 20:00:00,1051.923
2030-08-28 21:00:00,998.262
2030-08-28 22:00:00,942.834
2030-08-28 23:00:00,897.946
2030-08-29 00:00:00,837.279
2030-08-29 01:00:00,790.965
2030-08-29 02:00:00,777.635
2030-08-29 03:00:00,786.408
2030-08-29 04:00:00,801.133
2030-08-29 05:00:00,822.058
2030-08-29 06:00:00,858.948
2030-08-29 07:00:00,944.322
2030-08-29 08:00:00,1088.844
2030-08-29 09:00:00,1196.724
2030-08-29 10:00:00,1243.224
2030-08-29 11:00:00,1257.701
2030-08-29 12:00:00,1227.228
2030-08-29 13:00:00,1264.986
2030-08-29 14:00:00,1268.799
2030-08-29 15:00:00,1259.871
2030-08-29 16:00:00,1269.047
2030-08-29 17:00:00,1258.631
2030-08-29 18:00:00,1246.231
2030-08-29 19:00:00,1183.456
2030-08-29 20:00:00,1123.1299999999999
2030-08-29 21:00:00,1057.906
2030-08-29 22:00:00,1009.484
2030-08-29 23:00:00,955.823
2030-08-30 00:00:00,884.616
2030-08-30 01:00:00,835.512
2030-08-30 02:00:00,820.074
2030-08-30 03:00:00,825.003
2030-08-30 04:00:00,839.728
2030-08-30 05:00:00,856.468
2030-08-30 06:00:00,893.42
2030-08-30 07:00:00,962.891
2030-08-30 08:00:00,1074.646
2030-08-30 09:00:00,1146.535
2030-08-30 10:00:00,1178.62
2030-08-30 11:00:00,1205.187
2030-08-30 12:00:00,1192.57
2030-08-30 13:00:00,1245.301
2030-08-30 14:00:00,1266.691
2030-08-30 15:00:00,1306.371
2030-08-30 16:00:00,1324.258
2030-08-30 17:00:00,1312.385
2030-08-30 18:00:00,1301.6589999999999
2030-08-30 19:00:00,1239.597
2030-08-30 20:00:00,1174.683
2030-08-30 21:00:00,1105.956
2030-08-30 22:00:00,1052.636
2030-08-30 23:00:00,997.208
2030-08-31 00:00:00,920.731
2030-08-31 01:00:00,870.232
2030-08-31 02:00:00,849.896
2030-08-31 03:00:00,854.112
2030-08-31 04:00:00,867.07
2030-08-31 05:00:00,886.104
2030-08-31 06:00:00,921.01
2030-08-31 07:00:00,1005.3919999999999
2030-08-31 08:00:00,1153.107
2030-08-31 09:00:00,1288.546
2030-08-31 10:00:00,1367.472
2030-08-31 11:00:00,1442.399
2030-08-31 12:00:00,1440.446
2030-08-31 13:00:00,1519.155
2030-08-31 14:00:00,1561.098
2030-08-31 15:00:00,1593.214
2030-08-31 16:00:00,1590.548
2030-08-31 17:00:00,1524.487
2030-08-31 18:00:00,1489.333
2030-08-31 19:00:00,1425.504
2030-08-31 20:00:00,1349.027
2030-08-31 21:00:00,1267.993
2030-08-31 22:00:00,1198.894
2030-08-31 23:00:00,1119.627
2030-09-01 00:00:00,1023.8679999999999
2030-09-01 01:00:00,960.039
2030-09-01 02:00:00,933.72
2030-09-01 03:00:00,929.876
2030-09-01 04:00:00,936.5409999999999
2030-09-01 05:00:00,952.382
2030-09-01 06:00:00,1011.375
2030-09-01 07:00:00,1143.094
2030-09-01 08:00:00,1313.532
2030-09-01 09:00:00,1424.078
2030-09-01 10:00:00,1467.23
2030-09-01 11:00:00,1498.385
2030-09-01 12:00:00,1524.983
2030-09-01 13:00:00,1636.18
2030-09-01 14:00:00,1649.014
2030-09-01 15:00:00,1634.165
2030-09-01 16:00:00,1606.42
2030-09-01 17:00:00,1530.966
2030-09-01 18:00:00,1460.565
2030-09-01 19:00:00,1380.585
2030-09-01 20:00:00,1300.605
2030-09-01 21:00:00,1217.835
2030-09-01 22:00:00,1156.455
2030-09-01 23:00:00,1089.805
2030-09-02 00:00:00,999.657
2030-09-02 01:00:00,940.385
2030-09-02 02:00:00,913.384
2030-09-02 03:00:00,909.168
2030-09-02 04:00:00,918.654
2030-09-02 05:00:00,938.122
2030-09-02 06:00:00,995.224
2030-09-02 07:00:00,1110.141
2030-09-02 08:00:00,1263.963
2030-09-02 09:00:00,1326.7069999999999
2030-09-02 10:00:00,1322.708
2030-09-02 11:00:00,1311.021
2030-09-02 12:00:00,1245.3319999999999
2030-09-02 13:00:00,1288.577
2030-09-02 14:00:00,1306.185
2030-09-02 15:00:00,1308.603
2030-09-02 16:00:00,1319.422
2030-09-02 17:00:00,1285.384
2030-09-02 18:00:00,1268.334
2030-09-02 19:00:00,1218.176
2030-09-02 20:00:00,1154.347
2030-09-02 21:00:00,1087.356
2030-09-02 22:00:00,1041.7549999999999
2030-09-02 23:00:00,984.591
2030-09-03 00:00:00,909.168
2030-09-03 01:00:00,860.064
2030-09-03 02:00:00,839.728
2030-09-03 03:00:00,840.782
2030-09-03 04:00:00,844.285
2030-09-03 05:00:00,846.889
2030-09-03 06:00:00,849.865
2030-09-03 07:00:00,882.508
2030-09-03 08:00:00,952.289
2030-09-03 09:00:00,1014.785
2030-09-03 10:00:00,1057.875
2030-09-03 11:00:00,1089.34
2030-09-03 12:00:00,1090.642
2030-09-03 13:00:00,1111.908
2030-09-03 14:00:00,1135.313
2030-09-03 15:00:00,1170.343
2030-09-03 16:00:00,1181.751
2030-09-03 17:00:00,1186.029
2030-09-03 18:00:00,1198.5529999999999
2030-09-03 19:00:00,1165.569
2030-09-03 20:00:00,1107.692
2030-09-03 21:00:00,1041.7549999999999
2030-09-03 22:00:00,990.884
2030-09-03 23:00:00,942.4929999999999
2030-09-04 00:00:00,871.627
2030-09-04 01:00:00,823.577
2030-09-04 02:00:00,805.008
2030-09-04 03:00:00,804.636
2030-09-04 04:00:00,809.193
2030-09-04 05:00:00,811.89
2030-09-04 06:00:00,820.632
2030-09-04 07:00:00,851.911
2030-09-04 08:00:00,922.622
2030-09-04 09:00:00,1027.154
2030-09-04 10:00:00,1114.047
2030-09-04 11:00:00,1153.448
2030-09-04 12:00:00,1171.397
2030-09-04 13:00:00,1184.479
2030-09-04 14:00:00,1207.667
2030-09-04 15:00:00,1227.166
2030-09-04 16:00:00,1226.36
2030-09-04 17:00:00,1228.809
2030-09-04 18:00:00,1243.441
2030-09-04 19:00:00,1210.116
2030-09-04 20:00:00,1150.503
2030-09-04 21:00:00,1082.086
2030-09-04 22:00:00,1018.257
2030-09-04 23:00:00,964.224
2030-09-05 00:00:00,890.9399999999999
2030-09-05 01:00:00,839.015
2030-09-05 02:00:00,821.841
2030-09-05 03:00:00,825.685
2030-09-05 04:00:00,837.62
2030-09-05 05:00:00,864.838
2030-09-05 06:00:00,928.853
2030-09-05 07:00:00,1051.458
2030-09-05 08:00:00,1202.4279999999999
2030-09-05 09:00:00,1311.703
2030-09-05 10:00:00,1362.543
2030-09-05 11:00:00,1407.059
2030-09-05 12:00:00,1409.57
2030-09-05 13:00:00,1486.45
2030-09-05 14:00:00,1523.402
2030-09-05 15:00:00,1543.955
2030-09-05 16:00:00,1549.411
2030-09-05 17:00:00,1492.743
2030-09-05 18:00:00,1460.565
2030-09-05 19:00:00,1384.088
2030-09-05 20:00:00,1302.713
2030-09-05 21:00:00,1220.656
2030-09-05 22:00:00,1155.401
2030-09-05 23:00:00,1081.032
2030-09-06 00:00:00,993.364
2030-09-06 01:00:00,931.612
2030-09-06 02:00:00,907.773
2030-09-06 03:00:00,907.401
2030-09-06 04:00:00,915.492
2030-09-06 05:00:00,932.48
2030-09-06 06:00:00,988.807
2030-09-06 07:00:00,1111.319
2030-09-06 08:00:00,1305.906
2030-09-06 09:00:00,1462.859
2030-09-06 10:00:00,1522.937
2030-09-06 11:00:00,1565.562
2030-09-06 12:00:00,1563.268
2030-09-06 13:00:00,1631.592
2030-09-06 14:00:00,1645.17
2030-09-06 15:00:00,1633.452
2030-09-06 16:00:00,1640.799
2030-09-06 17:00:00,1579.574
2030-09-06 18:00:00,1542.281
2030-09-06 19:00:00,1471.446
2030-09-06 20:00:00,1392.52
2030-09-06 21:00:00,1310.091
2030-09-06 22:00:00,1242.046
2030-09-06 23:00:00,1163.461
2030-09-07 00:00:00,1062.804
2030-09-07 01:00:00,994.418
2030-09-07 02:00:00,966.704
2030-09-07 03:00:00,959.326
2030-09-07 04:00:00,963.883
2030-09-07 05:00:00,984.095
2030-09-07 06:00:00,1050.931
2030-09-07 07:00:00,1191.33
2030-09-07 08:00:00,1377.64
2030-09-07 09:00:00,1488.465
2030-09-07 10:00:00,1510.9089999999999
2030-09-07 11:00:00,1509.793
2030-09-07 12:00:00,1461.185
2030-09-07 13:00:00,1487.752
2030-09-07 14:00:00,1490.418
2030-09-07 15:00:00,1485.241
2030-09-07 16:00:00,1499.718
2030-09-07 17:00:00,1469.648
2030-09-07 18:00:00,1444.073
2030-09-07 19:00:00,1379.19
2030-09-07 20:00:00,1307.27
2030-09-07 21:00:00,1226.608
2030-09-07 22:00:00,1165.569
2030-09-07 23:00:00,1098.237
2030-09-08 00:00:00,1007.035
2030-09-08 01:00:00,943.888
2030-09-08 02:00:00,911.617
2030-09-08 03:00:00,901.449
2030-09-08 04:00:00,905.324
2030-09-08 05:00:00,923.18
2030-09-08 06:00:00,968.223
2030-09-08 07:00:00,1060.479
2030-09-08 08:00:00,1202.552
2030-09-08 09:00:00,1313.47
2030-09-08 10:00:00,1346.795
2030-09-08 11:00:00,1351.6
2030-09-08 12:00:00,1309.874
2030-09-08 13:00:00,1333.248
2030-09-08 14:00:00,1348.221
2030-09-08 15:00:00,1347.973
2030-09-08 16:00:00,1350.329
2030-09-08 17:00:00,1321.375
2030-09-08 18:00:00,1302.372
2030-09-08 19:00:00,1241.705
2030-09-08 20:00:00,1179.612
2030-09-08 21:00:00,1111.567
2030-09-08 22:00:00,1056.48
2030-09-08 23:00:00,1002.137
2030-09-09 00:00:00,923.552
2030-09-09 01:00:00,870.573
2030-09-09 02:00:00,854.112
2030-09-09 03:00:00,859.723
2030-09-09 04:00:00,872.681
2030-09-09 05:00:00,892.676
2030-09-09 06:00:00,931.054
2030-09-09 07:00:00,1016.18
2030-09-09 08:00:00,1171.118
2030-09-09 09:00:00,1267.869
2030-09-09 10:00:00,1281.199
2030-09-09 11:00:00,1293.816
2030-09-09 12:00:00,1294.653
2030-09-09 13:00:00,1371.068
2030-09-09 14:00:00,1420.544
2030-09-09 15:00:00,1433.905
2030-09-09 16:00:00,1436.912
2030-09-09 17:00:00,1395.713
2030-09-09 18:00:00,1377.0819999999999
2030-09-09 19:00:00,1305.5339999999999
2030-09-09 20:00:00,1229.429
2030-09-09 21:00:00,1151.557
2030-09-09 22:00:00,1098.919
2030-09-09 23:00:00,1036.485
2030-09-10 00:00:00,945.283
2030-09-10 01:00:00,887.778
2030-09-10 02:00:00,860.777
2030-09-10 03:00:00,857.615
2030-09-10 04:00:00,860.064
2030-09-10 05:00:00,858.917
2030-09-10 06:00:00,862.606
2030-09-10 07:00:00,898.845
2030-09-10 08:00:00,992.372
2030-09-10 09:00:00,1065.563
2030-09-10 10:00:00,1116.372
2030-09-10 11:00:00,1147.124
2030-09-10 12:00:00,1158.625
2030-09-10 13:00:00,1179.891
2030-09-10 14:00:00,1200.289
2030-09-10 15:00:00,1202.924
2030-09-10 16:00:00,1194.864
2030-09-10 17:00:00,1171.924
2030-09-10 18:00:00,1166.964
2030-09-10 19:00:00,1119.286
2030-09-10 20:00:00,1065.966
2030-09-10 21:00:00,1002.819
2030-09-10 22:00:00,959.326
2030-09-10 23:00:00,912.33
2030-09-11 00:00:00,841.836
2030-09-11 01:00:00,795.181
2030-09-11 02:00:00,776.581
2030-09-11 03:00:00,780.456
2030-09-11 04:00:00,789.57
2030-09-11 05:00:00,790.593
2030-09-11 06:00:00,783.277
2030-09-11 07:00:00,804.481
2030-09-11 08:00:00,856.84
2030-09-11 09:00:00,904.301
2030-09-11 10:00:00,963.9449999999999
2030-09-11 11:00:00,1002.385
2030-09-11 12:00:00,1026.782
2030-09-11 13:00:00,1044.297
2030-09-11 14:00:00,1063.3
2030-09-11 15:00:00,1086.333
2030-09-11 16:00:00,1106.452
2030-09-11 17:00:00,1134.414
2030-09-11 18:00:00,1165.941
2030-09-11 19:00:00,1139.622
2030-09-11 20:00:00,1090.518
2030-09-11 21:00:00,1029.82
2030-09-11 22:00:00,975.818
2030-09-11 23:00:00,925.319
2030-09-12 00:00:00,863.226
2030-09-12 01:00:00,814.122
2030-09-12 02:00:00,799.025
2030-09-12 03:00:00,806.744
2030-09-12 04:00:00,822.895
2030-09-12 05:00:00,843.169
2030-09-12 06:00:00,894.877
2030-09-12 07:00:00,1003.284
2030-09-12 08:00:00,1176.481
2030-09-12 09:00:00,1324.041
2030-09-12 10:00:00,1395.279
2030-09-12 11:00:00,1440.849
2030-09-12 12:00:00,1438.617
2030-09-12 13:00:00,1491.069
2030-09-12 14:00:00,1518.039
2030-09-12 15:00:00,1513.668
2030-09-12 16:00:00,1508.429
2030-09-12 17:00:00,1441.097
2030-09-12 18:00:00,1399.185
2030-09-12 19:00:00,1314.648
2030-09-12 20:00:00,1235.04
2030-09-12 21:00:00,1155.401
2030-09-12 22:00:00,1101.027
2030-09-12 23:00:00,1035.431
2030-09-13 00:00:00,949.499
2030-09-13 01:00:00,892.335
2030-09-13 02:00:00,869.178
2030-09-13 03:00:00,872.681
2030-09-13 04:00:00,884.616
2030-09-13 05:00:00,904.239
2030-09-13 06:00:00,945.438
2030-09-13 07:00:00,1040.794
2030-09-13 08:00:00,1202.986
2030-09-13 09:00:00,1326.645
2030-09-13 10:00:00,1410.128
2030-09-13 11:00:00,1444.91
2030-09-13 12:00:00,1459.418
2030-09-13 13:00:00,1529.106
2030-09-13 14:00:00,1559.176
2030-09-13 15:00:00,1570.212
2030-09-13 16:00:00,1584.937
2030-09-13 17:00:00,1530.625
2030-09-13 18:00:00,1507.22
2030-09-13 19:00:00,1427.24
2030-09-13 20:00:00,1346.919
2030-09-13 21:00:00,1260.274
2030-09-13 22:00:00,1193.624
2030-09-13 23:00:00,1114.357
2030-09-14 00:00:00,1019.311
2030-09-14 01:00:00,952.3199999999999
2030-09-14 02:00:00,923.893
2030-09-14 03:00:00,917.228
2030-09-14 04:00:00,920.731
2030-09-14 05:00:00,935.146
2030-09-14 06:00:00,979.29
2030-09-14 07:00:00,1119.472
2030-09-14 08:00:00,1329.497
2030-09-14 09:00:00,1481.893
2030-09-14 10:00:00,1534.531
2030-09-14 11:00:00,1582.705
2030-09-14 12:00:00,1571.018
2030-09-14 13:00:00,1613.333
2030-09-14 14:00:00,1615.813
2030-09-14 15:00:00,1574.9859999999999
2030-09-14 16:00:00,1531.245
2030-09-14 17:00:00,1448.072
2030-09-14 18:00:00,1403.742
2030-09-14 19:00:00,1321.654
2030-09-14 20:00:00,1243.441
2030-09-14 21:00:00,1160.299
2030-09-14 22:00:00,1095.788
2030-09-14 23:00:00,1027.712
2030-09-15 00:00:00,943.206
2030-09-15 01:00:00,884.957
2030-09-15 02:00:00,862.885
2030-09-15 03:00:00,864.962
2030-09-15 04:00:00,875.161
2030-09-15 05:00:00,899.744
2030-09-15 06:00:00,947.2669999999999
2030-09-15 07:00:00,1029.665
2030-09-15 08:00:00,1129.516
2030-09-15 09:00:00,1186.153
2030-09-15 10:00:00,1192.632
2030-09-15 11:00:00,1204.009
2030-09-15 12:00:00,1189.408
2030-09-15 13:00:00,1240.217
2030-09-15 14:00:00,1253.237
2030-09-15 15:00:00,1265.234
2030-09-15 16:00:00,1282.253
2030-09-15 17:00:00,1275.278
2030-09-15 18:00:00,1265.203
2030-09-15 19:00:00,1203.451
2030-09-15 20:00:00,1143.125
2030-09-15 21:00:00,1074.739
2030-09-15 22:00:00,1025.9759999999999
2030-09-15 23:00:00,968.812
2030-09-16 00:00:00,889.886
2030-09-16 01:00:00,841.123
2030-09-16 02:00:00,822.895
2030-09-16 03:00:00,826.739
2030-09-16 04:00:00,839.356
2030-09-16 05:00:00,854.856
2030-09-16 06:00:00,893.42
2030-09-16 07:00:00,973.059
2030-09-16 08:00:00,1112.931
2030-09-16 09:00:00,1243.286
2030-09-16 10:00:00,1324.661
2030-09-16 11:00:00,1386.165
2030-09-16 12:00:00,1358.575
2030-09-16 13:00:00,1401.386
2030-09-16 14:00:00,1421.753
2030-09-16 15:00:00,1420.575
2030-09-16 16:00:00,1418.963
2030-09-16 17:00:00,1368.681
2030-09-16 18:00:00,1342.362
2030-09-16 19:00:00,1275.371
2030-09-16 20:00:00,1209.062
2030-09-16 21:00:00,1139.281
2030-09-16 22:00:00,1089.123
2030-09-16 23:00:00,1028.425
2030-09-17 00:00:00,938.277
2030-09-17 01:00:00,878.292
2030-09-17 02:00:00,850.237
2030-09-17 03:00:00,848.501
2030-09-17 04:00:00,845.3389999999999
2030-09-17 05:00:00,843.975
2030-09-17 06:00:00,831.699
2030-09-17 07:00:00,888.739
2030-09-17 08:00:00,998.355
2030-09-17 09:00:00,1127.408
2030-09-17 10:00:00,1192.291
2030-09-17 11:00:00,1220.78
2030-09-17 12:00:00,1229.181
2030-09-17 13:00:00,1230.948
2030-09-17 14:00:00,1233.769
2030-09-17 15:00:00,1235.319
2030-09-17 16:00:00,1235.722
2030-09-17 17:00:00,1249.889
2030-09-17 18:00:00,1262.382
2030-09-17 19:00:00,1224.5
2030-09-17 20:00:00,1172.606
2030-09-17 21:00:00,1108.064
2030-09-17 22:00:00,1056.852
2030-09-17 23:00:00,1001.424
2030-09-18 00:00:00,921.785
2030-09-18 01:00:00,863.226
2030-09-18 02:00:00,837.62
2030-09-18 03:00:00,833.404
2030-09-18 04:00:00,837.62
2030-09-18 05:00:00,840.503
2030-09-18 06:00:00,844.7189999999999
2030-09-18 07:00:00,886.538
2030-09-18 08:00:00,973.369
2030-09-18 09:00:00,1044.917
2030-09-18 10:00:00,1091.355
2030-09-18 11:00:00,1115.1009999999999
2030-09-18 12:00:00,1129.826
2030-09-18 13:00:00,1115.504
2030-09-18 14:00:00,1113.055
2030-09-18 15:00:00,1123.192
2030-09-18 16:00:00,1155.897
2030-09-18 17:00:00,1207.047
2030-09-18 18:00:00,1229.057
2030-09-18 19:00:00,1201.343
2030-09-18 20:00:00,1158.222
2030-09-18 21:00:00,1101.74
2030-09-18 22:00:00,1049.133
2030-09-18 23:00:00,997.549
2030-09-19 00:00:00,933.379
2030-09-19 01:00:00,884.616
2030-09-19 02:00:00,866.016
2030-09-19 03:00:00,863.226
2030-09-19 04:00:00,869.178
2030-09-19 05:00:00,884.027
2030-09-19 06:00:00,915.709
2030-09-19 07:00:00,1002.323
2030-09-19 08:00:00,1133.794
2030-09-19 09:00:00,1234.389
2030-09-19 10:00:00,1268.892
2030-09-19 11:00:00,1270.6589999999999
2030-09-19 12:00:00,1235.009
2030-09-19 13:00:00,1290.53
2030-09-19 14:00:00,1334.922
2030-09-19 15:00:00,1355.444
2030-09-19 16:00:00,1346.919
2030-09-19 17:00:00,1363.411
2030-09-19 18:00:00,1378.849
2030-09-19 19:00:00,1333.248
2030-09-19 20:00:00,1279.587
2030-09-19 21:00:00,1221.71
2030-09-19 22:00:00,1161.725
2030-09-19 23:00:00,1101.74
2030-09-20 00:00:00,1023.8679999999999
2030-09-20 01:00:00,968.4399999999999
2030-09-20 02:00:00,946.337
2030-09-20 03:00:00,937.595
2030-09-20 04:00:00,942.834
2030-09-20 05:00:00,974.547
2030-09-20 06:00:00,1046.56
2030-09-20 07:00:00,1166.685
2030-09-20 08:00:00,1327.978
2030-09-20 09:00:00,1444.4759999999999
2030-09-20 10:00:00,1420.668
2030-09-20 11:00:00,1378.756
2030-09-20 12:00:00,1281.819
2030-09-20 13:00:00,1285.477
2030-09-20 14:00:00,1263.281
2030-09-20 15:00:00,1246.231
2030-09-20 16:00:00,1253.547
2030-09-20 17:00:00,1240.837
2030-09-20 18:00:00,1213.278
2030-09-20 19:00:00,1150.131
2030-09-20 20:00:00,1088.751
2030-09-20 21:00:00,1024.209
2030-09-20 22:00:00,983.537
2030-09-20 23:00:00,937.936
2030-09-21 00:00:00,867.07
2030-09-21 01:00:00,821.128
2030-09-21 02:00:00,807.798
2030-09-21 03:00:00,813.409
2030-09-21 04:00:00,825.003
2030-09-21 05:00:00,845.494
2030-09-21 06:00:00,873.859
2030-09-21 07:00:00,927.737
2030-09-21 08:00:00,1025.077
2030-09-21 09:00:00,1061.502
2030-09-21 10:00:00,1098.919
2030-09-21 11:00:00,1132.492
2030-09-21 12:00:00,1108.715
2030-09-21 13:00:00,1167.615
2030-09-21 14:00:00,1179.55
2030-09-21 15:00:00,1189.0049999999999
2030-09-21 16:00:00,1186.215
2030-09-21 17:00:00,1177.132
2030-09-21 18:00:00,1168.731
2030-09-21 19:00:00,1113.675
2030-09-21 20:00:00,1062.804
2030-09-21 21:00:00,1003.873
2030-09-21 22:00:00,955.482
2030-09-21 23:00:00,908.455
2030-09-22 00:00:00,840.069
2030-09-22 01:00:00,795.181
2030-09-22 02:00:00,784.641
2030-09-22 03:00:00,795.181
2030-09-22 04:00:00,810.96
2030-09-22 05:00:00,827.607
2030-09-22 06:00:00,851.322
2030-09-22 07:00:00,910.377
2030-09-22 08:00:00,1007.159
2030-09-22 09:00:00,1081.559
2030-09-22 10:00:00,1128.927
2030-09-22 11:00:00,1123.192
2030-09-22 12:00:00,1091.014
2030-09-22 13:00:00,1139.002
2030-09-22 14:00:00,1156.672
2030-09-22 15:00:00,1178.186
2030-09-22 16:00:00,1186.494
2030-09-22 17:00:00,1184.758
2030-09-22 18:00:00,1163.461
2030-09-22 19:00:00,1108.405
2030-09-22 20:00:00,1055.426
2030-09-22 21:00:00,1001.424
2030-09-22 22:00:00,964.224
2030-09-22 23:00:00,920.049
2030-09-23 00:00:00,857.2429999999999
2030-09-23 01:00:00,813.409
2030-09-23 02:00:00,801.133
2030-09-23 03:00:00,806.744
2030-09-23 04:00:00,815.176
2030-09-23 05:00:00,820.663
2030-09-23 06:00:00,817.284
2030-09-23 07:00:00,843.634
2030-09-23 08:00:00,900.209
2030-09-23 09:00:00,951.607
2030-09-23 10:00:00,983.754
2030-09-23 11:00:00,993.178
2030-09-23 12:00:00,1017.327
2030-09-23 13:00:00,1048.637
2030-09-23 14:00:00,1062.308
2030-09-23 15:00:00,1067.392
2030-09-23 16:00:00,1097.896
2030-09-23 17:00:00,1134.538
2030-09-23 18:00:00,1142.784
2030-09-23 19:00:00,1111.195
2030-09-23 20:00:00,1072.972
2030-09-23 21:00:00,1025.9759999999999
2030-09-23 22:00:00,981.088
2030-09-23 23:00:00,941.439
2030-09-24 00:00:00,882.508
2030-09-24 01:00:00,841.123
2030-09-24 02:00:00,826.026
2030-09-24 03:00:00,832.35
2030-09-24 04:00:00,837.961
2030-09-24 05:00:00,841.712
2030-09-24 06:00:00,852.252
2030-09-24 07:00:00,886.538
2030-09-24 08:00:00,955.451
2030-09-24 09:00:00,1005.547
2030-09-24 10:00:00,1058.526
2030-09-24 11:00:00,1086.953
2030-09-24 12:00:00,1087.697
2030-09-24 13:00:00,1081.745
2030-09-24 14:00:00,1066.958
2030-09-24 15:00:00,1063.331
2030-09-24 16:00:00,1087.697
2030-09-24 17:00:00,1130.911
2030-09-24 18:00:00,1145.946
2030-09-24 19:00:00,1108.746
2030-09-24 20:00:00,1055.085
2030-09-24 21:00:00,988.807
2030-09-24 22:00:00,942.152
2030-09-24 23:00:00,894.784
2030-09-25 00:00:00,833.404
2030-09-25 01:00:00,789.911
2030-09-25 02:00:00,775.186
2030-09-25 03:00:00,780.456
2030-09-25 04:00:00,787.462
2030-09-25 05:00:00,788.764
2030-09-25 06:00:00,772.024
2030-09-25 07:00:00,789.57
2030-09-25 08:00:00,828.413
2030-09-25 09:00:00,863.319
2030-09-25 10:00:00,926.559
2030-09-25 11:00:00,958.737
2030-09-25 12:00:00,980.623
2030-09-25 13:00:00,993.302
2030-09-25 14:00:00,1003.191
2030-09-25 15:00:00,1016.304
2030-09-25 16:00:00,1041.569
2030-09-25 17:00:00,1062.153
2030-09-25 18:00:00,1081.745
2030-09-25 19:00:00,1052.977
2030-09-25 20:00:00,1011.251
2030-09-25 21:00:00,961.093
2030-09-25 22:00:00,910.935
2030-09-25 23:00:00,867.07
2030-09-26 00:00:00,806.744
2030-09-26 01:00:00,762.538
2030-09-26 02:00:00,754.85
2030-09-26 03:00:00,765.359
2030-09-26 04:00:00,785.013
2030-09-26 05:00:00,806.651
2030-09-26 06:00:00,840.999
2030-09-26 07:00:00,915.678
2030-09-26 08:00:00,1051.241
2030-09-26 09:00:00,1174.559
2030-09-26 10:00:00,1233.645
2030-09-26 11:00:00,1283.586
2030-09-26 12:00:00,1280.889
2030-09-26 13:00:00,1342.114
2030-09-26 14:00:00,1369.022
2030-09-26 15:00:00,1376.679
2030-09-26 16:00:00,1376.586
2030-09-26 17:00:00,1328.412
2030-09-26 18:00:00,1297.815
2030-09-26 19:00:00,1225.554
2030-09-26 20:00:00,1156.455
2030-09-26 21:00:00,1084.907
2030-09-26 22:00:00,1033.354
2030-09-26 23:00:00,976.159
2030-09-27 00:00:00,898.659
2030-09-27 01:00:00,848.842
2030-09-27 02:00:00,829.901
2030-09-27 03:00:00,837.62
2030-09-27 04:00:00,849.896
2030-09-27 05:00:00,866.636
2030-09-27 06:00:00,897.946
2030-09-27 07:00:00,975.539
2030-09-27 08:00:00,1115.69
2030-09-27 09:00:00,1244.929
2030-09-27 10:00:00,1290.096
2030-09-27 11:00:00,1311.889
2030-09-27 12:00:00,1297.846
2030-09-27 13:00:00,1345.121
2030-09-27 14:00:00,1366.139
2030-09-27 15:00:00,1343.974
2030-09-27 16:00:00,1321.251
2030-09-27 17:00:00,1290.716
2030-09-27 18:00:00,1261.669
2030-09-27 19:00:00,1193.283
2030-09-27 20:00:00,1130.508
2030-09-27 21:00:00,1061.409
2030-09-27 22:00:00,1019.311
2030-09-27 23:00:00,961.775
2030-09-28 00:00:00,886.724
2030-09-28 01:00:00,838.302
2030-09-28 02:00:00,824.29
2030-09-28 03:00:00,832.009
2030-09-28 04:00:00,839.356
2030-09-28 05:00:00,854.019
2030-09-28 06:00:00,881.64
2030-09-28 07:00:00,942.524
2030-09-28 08:00:00,1044.049
2030-09-28 09:00:00,1147.806
2030-09-28 10:00:00,1194.244
2030-09-28 11:00:00,1219.013
2030-09-28 12:00:00,1195.05
2030-09-28 13:00:00,1246.696
2030-09-28 14:00:00,1275.185
2030-09-28 15:00:00,1284.702
2030-09-28 16:00:00,1270.969
2030-09-28 17:00:00,1246.758
2030-09-28 18:00:00,1225.554
2030-09-28 19:00:00,1167.677
2030-09-28 20:00:00,1110.854
2030-09-28 21:00:00,1047.366
2030-09-28 22:00:00,1002.137
2030-09-28 23:00:00,949.499
2030-09-29 00:00:00,879.346
2030-09-29 01:00:00,832.009
2030-09-29 02:00:00,817.284
2030-09-29 03:00:00,823.577
2030-09-29 04:00:00,836.907
2030-09-29 05:00:00,855.786
2030-09-29 06:00:00,886.321
2030-09-29 07:00:00,942.462
2030-09-29 08:00:00,1041.91
2030-09-29 09:00:00,1113.737
2030-09-29 10:00:00,1150.224
2030-09-29 11:00:00,1151.433
2030-09-29 12:00:00,1137.173
2030-09-29 13:00:00,1210.116
2030-09-29 14:00:00,1231.723
2030-09-29 15:00:00,1231.506
2030-09-29 16:00:00,1228.747
2030-09-29 17:00:00,1226.825
2030-09-29 18:00:00,1206.954
2030-09-29 19:00:00,1154.688
2030-09-29 20:00:00,1097.524
2030-09-29 21:00:00,1034.036
2030-09-29 22:00:00,989.148
2030-09-29 23:00:00,939.331
2030-09-30 00:00:00,869.178
2030-09-30 01:00:00,821.469
2030-09-30 02:00:00,805.6899999999999
2030-09-30 03:00:00,814.122
2030-09-30 04:00:00,823.577
2030-09-30 05:00:00,841.402
2030-09-30 06:00:00,865.024
2030-09-30 07:00:00,919.398
2030-09-30 08:00:00,1030.44
2030-09-30 09:00:00,1141.234
2030-09-30 10:00:00,1196.631
2030-09-30 11:00:00,1225.771
2030-09-30 12:00:00,1209.279
2030-09-30 13:00:00,1255.004
2030-09-30 14:00:00,1275.557
2030-09-30 15:00:00,1278.068
2030-09-30 16:00:00,1276.177
2030-09-30 17:00:00,1235.815
2030-09-30 18:00:00,1209.434
2030-09-30 19:00:00,1151.557
2030-09-30 20:00:00,1093.68
2030-09-30 21:00:00,1027.03
2030-09-30 22:00:00,983.878
2030-09-30 23:00:00,931.984
2030-10-01 00:00:00,864.621
2030-10-01 01:00:00,814.804
2030-10-01 02:00:00,796.917
2030-10-01 03:00:00,800.079
2030-10-01 04:00:00,803.582
2030-10-01 05:00:00,801.071
2030-10-01 06:00:00,787.71
2030-10-01 07:00:00,796.607
2030-10-01 08:00:00,847.447
2030-10-01 09:00:00,925.257
2030-10-01 10:00:00,980.375
2030-10-01 11:00:00,1008.585
2030-10-01 12:00:00,1026.41
2030-10-01 13:00:00,1053.008
2030-10-01 14:00:00,1071.856
2030-10-01 15:00:00,1087.573
2030-10-01 16:00:00,1103.631
2030-10-01 17:00:00,1106.018
2030-10-01 18:00:00,1106.297
2030-10-01 19:00:00,1066.648
2030-10-01 20:00:00,1020.365
2030-10-01 21:00:00,962.4879999999999
2030-10-01 22:00:00,920.39
2030-10-01 23:00:00,875.502
2030-10-02 00:00:00,810.247
2030-10-02 01:00:00,767.808
2030-10-02 02:00:00,753.796
2030-10-02 03:00:00,761.515
2030-10-02 04:00:00,768.521
2030-10-02 05:00:00,769.172
2030-10-02 06:00:00,744.186
2030-10-02 07:00:00,746.294
2030-10-02 08:00:00,782.998
2030-10-02 09:00:00,847.54
2030-10-02 10:00:00,896.086
2030-10-02 11:00:00,937.192
2030-10-02 12:00:00,965.929
2030-10-02 13:00:00,981.088
2030-10-02 14:00:00,1006.756
2030-10-02 15:00:00,1029.882
2030-10-02 16:00:00,1056.449
2030-10-02 17:00:00,1084.256
2030-10-02 18:00:00,1094.021
2030-10-02 19:00:00,1056.48
2030-10-02 20:00:00,1010.879
2030-10-02 21:00:00,957.931
2030-10-02 22:00:00,909.881
2030-10-02 23:00:00,864.962
2030-10-03 00:00:00,805.008
2030-10-03 01:00:00,763.251
2030-10-03 02:00:00,756.245
2030-10-03 03:00:00,769.203
2030-10-03 04:00:00,786.408
2030-10-03 05:00:00,809.162
2030-10-03 06:00:00,838.395
2030-10-03 07:00:00,913.849
2030-10-03 08:00:00,1021.884
2030-10-03 09:00:00,1110.203
2030-10-03 10:00:00,1177.039
2030-10-03 11:00:00,1191.392
2030-10-03 12:00:00,1188.943
2030-10-03 13:00:00,1246.696
2030-10-03 14:00:00,1244.123
2030-10-03 15:00:00,1249.858
2030-10-03 16:00:00,1268.055
2030-10-03 17:00:00,1269.171
2030-10-03 18:00:00,1249.052
2030-10-03 19:00:00,1189.78
2030-10-03 20:00:00,1127.687
2030-10-03 21:00:00,1061.409
2030-10-03 22:00:00,1014.0409999999999
2030-10-03 23:00:00,961.434
2030-10-04 00:00:00,889.886
2030-10-04 01:00:00,840.41
2030-10-04 02:00:00,829.188
2030-10-04 03:00:00,835.512
2030-10-04 04:00:00,850.578
2030-10-04 05:00:00,868.093
2030-10-04 06:00:00,904.146
2030-10-04 07:00:00,982.359
2030-10-04 08:00:00,1125.021
2030-10-04 09:00:00,1254.384
2030-10-04 10:00:00,1291.367
2030-10-04 11:00:00,1304.511
2030-10-04 12:00:00,1314.059
2030-10-04 13:00:00,1377.051
2030-10-04 14:00:00,1407.245
2030-10-04 15:00:00,1385.235
2030-10-04 16:00:00,1350.236
2030-10-04 17:00:00,1338.363
2030-10-04 18:00:00,1305.5339999999999
2030-10-04 19:00:00,1238.884
2030-10-04 20:00:00,1172.947
2030-10-04 21:00:00,1101.399
2030-10-04 22:00:00,1052.636
2030-10-04 23:00:00,997.921
2030-10-05 00:00:00,922.8389999999999
2030-10-05 01:00:00,873.394
2030-10-05 02:00:00,855.1659999999999
2030-10-05 03:00:00,857.956
2030-10-05 04:00:00,869.519
2030-10-05 05:00:00,890.196
2030-10-05 06:00:00,933.534
2030-10-05 07:00:00,1009.236
2030-10-05 08:00:00,1108.219
2030-10-05 09:00:00,1186.897
2030-10-05 10:00:00,1191.95
2030-10-05 11:00:00,1177.225
2030-10-05 12:00:00,1127.0049999999999
2030-10-05 13:00:00,1160.423
2030-10-05 14:00:00,1172.885
2030-10-05 15:00:00,1181.906
2030-10-05 16:00:00,1204.195
2030-10-05 17:00:00,1197.406
2030-10-05 18:00:00,1164.887
2030-10-05 19:00:00,1110.141
2030-10-05 20:00:00,1057.906
2030-10-05 21:00:00,999.657
2030-10-05 22:00:00,954.769
2030-10-05 23:00:00,909.881
2030-10-06 00:00:00,844.285
2030-10-06 01:00:00,803.582
2030-10-06 02:00:00,796.235
2030-10-06 03:00:00,811.301
2030-10-06 04:00:00,826.026
2030-10-06 05:00:00,850.919
2030-10-06 06:00:00,889.824
2030-10-06 07:00:00,941.005
2030-10-06 08:00:00,1033.199
2030-10-06 09:00:00,1107.041
2030-10-06 10:00:00,1105.8319999999999
2030-10-06 11:00:00,1103.662
2030-10-06 12:00:00,1074.491
2030-10-06 13:00:00,1130.8799999999999
2030-10-06 14:00:00,1152.952
2030-10-06 15:00:00,1148.767
2030-10-06 16:00:00,1178.403
2030-10-06 17:00:00,1193.562
2030-10-06 18:00:00,1182.402
2030-10-06 19:00:00,1137.855
2030-10-06 20:00:00,1089.123
2030-10-06 21:00:00,1030.533
2030-10-06 22:00:00,978.608
2030-10-06 23:00:00,924.947
2030-10-07 00:00:00,853.399
2030-10-07 01:00:00,812.696
2030-10-07 02:00:00,803.582
2030-10-07 03:00:00,820.415
2030-10-07 04:00:00,837.62
2030-10-07 05:00:00,863.567
2030-10-07 06:00:00,913.911
2030-10-07 07:00:00,977.709
2030-10-07 08:00:00,1068.818
2030-10-07 09:00:00,1139.777
2030-10-07 10:00:00,1149.573
2030-10-07 11:00:00,1162.252
2030-10-07 12:00:00,1131.252
2030-10-07 13:00:00,1190.741
2030-10-07 14:00:00,1215.541
2030-10-07 15:00:00,1232.498
2030-10-07 16:00:00,1270.969
2030-10-07 17:00:00,1271.093
2030-10-07 18:00:00,1241.333
2030-10-07 19:00:00,1187.672
2030-10-07 20:00:00,1136.119
2030-10-07 21:00:00,1071.236
2030-10-07 22:00:00,1016.49
2030-10-07 23:00:00,954.056
2030-10-08 00:00:00,870.232
2030-10-08 01:00:00,818.338
2030-10-08 02:00:00,807.085
2030-10-08 03:00:00,816.912
2030-10-08 04:00:00,821.841
2030-10-08 05:00:00,825.344
2030-10-08 06:00:00,837.682
2030-10-08 07:00:00,847.602
2030-10-08 08:00:00,858.576
2030-10-08 09:00:00,881.64
2030-10-08 10:00:00,874.138
2030-10-08 11:00:00,888.491
2030-10-08 12:00:00,887.809
2030-10-08 13:00:00,914.221
2030-10-08 14:00:00,900.023
2030-10-08 15:00:00,918.189
2030-10-08 16:00:00,948.383
2030-10-08 17:00:00,1003.439
2030-10-08 18:00:00,1012.646
2030-10-08 19:00:00,990.884
2030-10-08 20:00:00,959.326
2030-10-08 21:00:00,914.438
2030-10-08 22:00:00,876.184
2030-10-08 23:00:00,839.015
2030-10-09 00:00:00,781.138
2030-10-09 01:00:00,747.131
2030-10-09 02:00:00,740.094
2030-10-09 03:00:00,752.742
2030-10-09 04:00:00,761.143
2030-10-09 05:00:00,764.305
2030-10-09 06:00:00,748.03
2030-10-09 07:00:00,751.378
2030-10-09 08:00:00,785.137
2030-10-09 09:00:00,789.756
2030-10-09 10:00:00,800.606
2030-10-09 11:00:00,799.769
2030-10-09 12:00:00,824.693
2030-10-09 13:00:00,819.578
2030-10-09 14:00:00,836.07
2030-10-09 15:00:00,866.512
2030-10-09 16:00:00,935.27
2030-10-09 17:00:00,996.805
2030-10-09 18:00:00,1003.532
2030-10-09 19:00:00,984.2189999999999
2030-10-09 20:00:00,954.428
2030-10-09 21:00:00,912.671
2030-10-09 22:00:00,865.675
2030-10-09 23:00:00,832.691
2030-10-10 00:00:00,777.635
2030-10-10 01:00:00,743.969
2030-10-10 02:00:00,743.256
2030-10-10 03:00:00,756.586
2030-10-10 04:00:00,769.9159999999999
2030-10-10 05:00:00,782.192
2030-10-10 06:00:00,788.888
2030-10-10 07:00:00,818.834
2030-10-10 08:00:00,885.639
2030-10-10 09:00:00,915.616
2030-10-10 10:00:00,915.616
2030-10-10 11:00:00,930.992
2030-10-10 12:00:00,927.272
2030-10-10 13:00:00,935.673
2030-10-10 14:00:00,962.581
2030-10-10 15:00:00,1009.019
2030-10-10 16:00:00,1040.174
2030-10-10 17:00:00,1082.737
2030-10-10 18:00:00,1089.464
2030-10-10 19:00:00,1057.193
2030-10-10 20:00:00,1020.365
2030-10-10 21:00:00,971.602
2030-10-10 22:00:00,922.157
2030-10-10 23:00:00,876.556
2030-10-11 00:00:00,817.966
2030-10-11 01:00:00,780.456
2030-10-11 02:00:00,776.24
2030-10-11 03:00:00,786.408
2030-10-11 04:00:00,798.343
2030-10-11 05:00:00,816.912
2030-10-11 06:00:00,848.067
2030-10-11 07:00:00,905.2
2030-10-11 08:00:00,996.588
2030-10-11 09:00:00,1082.365
2030-10-11 10:00:00,1113.768
2030-10-11 11:00:00,1127.842
2030-10-11 12:00:00,1107.506
2030-10-11 13:00:00,1159.71
2030-10-11 14:00:00,1158.0049999999999
2030-10-11 15:00:00,1128.896
2030-10-11 16:00:00,1147.62
2030-10-11 17:00:00,1164.825
2030-10-11 18:00:00,1149.449
2030-10-11 19:00:00,1097.865
2030-10-11 20:00:00,1047.025
2030-10-11 21:00:00,989.83
2030-10-11 22:00:00,947.391
2030-10-11 23:00:00,900.7669999999999
2030-10-12 00:00:00,831.296
2030-10-12 01:00:00,791.678
2030-10-12 02:00:00,784.641
2030-10-12 03:00:00,798.343
2030-10-12 04:00:00,812.355
2030-10-12 05:00:00,833.063
2030-10-12 06:00:00,872.712
2030-10-12 07:00:00,929.442
2030-10-12 08:00:00,1004.741
2030-10-12 09:00:00,1053.318
2030-10-12 10:00:00,1060.51
2030-10-12 11:00:00,1058.092
2030-10-12 12:00:00,1030.657
2030-10-12 13:00:00,1081.59
2030-10-12 14:00:00,1108.467
2030-10-12 15:00:00,1126.106
2030-10-12 16:00:00,1158.16
2030-10-12 17:00:00,1170.126
2030-10-12 18:00:00,1148.736
2030-10-12 19:00:00,1104.189
2030-10-12 20:00:00,1058.247
2030-10-12 21:00:00,1001.765
2030-10-12 22:00:00,953.002
2030-10-12 23:00:00,902.162
2030-10-13 00:00:00,835.853
2030-10-13 01:00:00,799.397
2030-10-13 02:00:00,795.522
2030-10-13 03:00:00,809.906
2030-10-13 04:00:00,822.895
2030-10-13 05:00:00,844.285
2030-10-13 06:00:00,894.939
2030-10-13 07:00:00,958.055
2030-10-13 08:00:00,1052.233
2030-10-13 09:00:00,1133.236
2030-10-13 10:00:00,1146.039
2030-10-13 11:00:00,1152.797
2030-10-13 12:00:00,1105.336
2030-10-13 13:00:00,1155.897
2030-10-13 14:00:00,1167.367
2030-10-13 15:00:00,1173.319
2030-10-13 16:00:00,1207.109
2030-10-13 17:00:00,1210.488
2030-10-13 18:00:00,1185.564
2030-10-13 19:00:00,1137.173
2030-10-13 20:00:00,1087.356
2030-10-13 21:00:00,1030.874
2030-10-13 22:00:00,977.554
2030-10-13 23:00:00,922.498
2030-10-14 00:00:00,855.848
2030-10-14 01:00:00,814.804
2030-10-14 02:00:00,808.511
2030-10-14 03:00:00,820.415
2030-10-14 04:00:00,836.566
2030-10-14 05:00:00,860.405
2030-10-14 06:00:00,909.075
2030-10-14 07:00:00,973.431
2030-10-14 08:00:00,1049.319
2030-10-14 09:00:00,1096.749
2030-10-14 10:00:00,1096.408
2030-10-14 11:00:00,1104.003
2030-10-14 12:00:00,1075.142
2030-10-14 13:00:00,1117.085
2030-10-14 14:00:00,1132.213
2030-10-14 15:00:00,1148.085
2030-10-14 16:00:00,1167.398
2030-10-14 17:00:00,1177.845
2030-10-14 18:00:00,1154.006
2030-10-14 19:00:00,1104.53
2030-10-14 20:00:00,1054.031
2030-10-14 21:00:00,997.208
2030-10-14 22:00:00,954.428
2030-10-14 23:00:00,907.773
2030-10-15 00:00:00,841.836
2030-10-15 01:00:00,799.025
2030-10-15 02:00:00,788.144
2030-10-15 03:00:00,797.971
2030-10-15 04:00:00,802.187
2030-10-15 05:00:00,805.008
2030-10-15 06:00:00,802.559
2030-10-15 07:00:00,823.05
2030-10-15 08:00:00,871.348
2030-10-15 09:00:00,889.669
2030-10-15 10:00:00,906.595
2030-10-15 11:00:00,911.772
2030-10-15 12:00:00,919.987
2030-10-15 13:00:00,947.329
2030-10-15 14:00:00,970.362
2030-10-15 15:00:00,977.9879999999999
2030-10-15 16:00:00,991.876
2030-10-15 17:00:00,1031.587
2030-10-15 18:00:00,1030.192
2030-10-15 19:00:00,1001.083
2030-10-15 20:00:00,962.147
2030-10-15 21:00:00,911.617
2030-10-15 22:00:00,873.394
2030-10-15 23:00:00,837.62
2030-10-16 00:00:00,781.479
2030-10-16 01:00:00,746.418
2030-10-16 02:00:00,740.094
2030-10-16 03:00:00,752.37
2030-10-16 04:00:00,756.245
2030-10-16 05:00:00,759.407
2030-10-16 06:00:00,744.558
2030-10-16 07:00:00,766.568
2030-10-16 08:00:00,802.869
2030-10-16 09:00:00,831.265
2030-10-16 10:00:00,853.461
2030-10-16 11:00:00,851.756
2030-10-16 12:00:00,880.71
2030-10-16 13:00:00,894.071
2030-10-16 14:00:00,908.827
2030-10-16 15:00:00,932.945
2030-10-16 16:00:00,953.653
2030-10-16 17:00:00,1013.359
2030-10-16 18:00:00,1022.101
2030-10-16 19:00:00,1002.478
2030-10-16 20:00:00,967.386
2030-10-16 21:00:00,922.8389999999999
2030-10-16 22:00:00,871.286
2030-10-16 23:00:00,833.404
2030-10-17 00:00:00,778.348
2030-10-17 01:00:00,745.705
2030-10-17 02:00:00,743.969
2030-10-17 03:00:00,761.143
2030-10-17 04:00:00,776.922
2030-10-17 05:00:00,798.343
2030-10-17 06:00:00,847.4159999999999
2030-10-17 07:00:00,921.351
2030-10-17 08:00:00,1014.0409999999999
2030-10-17 09:00:00,1084.845
2030-10-17 10:00:00,1115.411
2030-10-17 11:00:00,1118.852
2030-10-17 12:00:00,1077.932
2030-10-17 13:00:00,1124.711
2030-10-17 14:00:00,1143.745
2030-10-17 15:00:00,1170.064
2030-10-17 16:00:00,1201.436
2030-10-17 17:00:00,1204.164
2030-10-17 18:00:00,1171.893
2030-10-17 19:00:00,1118.914
2030-10-17 20:00:00,1066.307
2030-10-17 21:00:00,1003.532
2030-10-17 22:00:00,958.985
2030-10-17 23:00:00,913.725
2030-10-18 00:00:00,849.183
2030-10-18 01:00:00,806.744
2030-10-18 02:00:00,796.917
2030-10-18 03:00:00,809.906
2030-10-18 04:00:00,823.949
2030-10-18 05:00:00,844.285
2030-10-18 06:00:00,900.829
2030-10-18 07:00:00,971.013
2030-10-18 08:00:00,1046.622
2030-10-18 09:00:00,1091.789
2030-10-18 10:00:00,1085.868
2030-10-18 11:00:00,1046.219
2030-10-18 12:00:00,1026.534
2030-10-18 13:00:00,1066.431
2030-10-18 14:00:00,1109.955
2030-10-18 15:00:00,1137.297
2030-10-18 16:00:00,1171.366
2030-10-18 17:00:00,1182.402
2030-10-18 18:00:00,1160.299
2030-10-18 19:00:00,1114.357
2030-10-18 20:00:00,1066.648
2030-10-18 21:00:00,1008.771
2030-10-18 22:00:00,961.434
2030-10-18 23:00:00,914.066
2030-10-19 00:00:00,845.3389999999999
2030-10-19 01:00:00,804.636
2030-10-19 02:00:00,800.079
2030-10-19 03:00:00,814.804
2030-10-19 04:00:00,828.134
2030-10-19 05:00:00,851.632
2030-10-19 06:00:00,898.163
2030-10-19 07:00:00,946.058
2030-10-19 08:00:00,1023.775
2030-10-19 09:00:00,1071.267
2030-10-19 10:00:00,1080.04
2030-10-19 11:00:00,1080.97
2030-10-19 12:00:00,1049.815
2030-10-19 13:00:00,1090.456
2030-10-19 14:00:00,1104.747
2030-10-19 15:00:00,1118.387
2030-10-19 16:00:00,1143.156
2030-10-19 17:00:00,1164.515
2030-10-19 18:00:00,1151.185
2030-10-19 19:00:00,1114.016
2030-10-19 20:00:00,1075.793
2030-10-19 21:00:00,1016.149
2030-10-19 22:00:00,965.65
2030-10-19 23:00:00,914.779
2030-10-20 00:00:00,841.123
2030-10-20 01:00:00,804.295
2030-10-20 02:00:00,803.241
2030-10-20 03:00:00,820.074
2030-10-20 04:00:00,840.069
2030-10-20 05:00:00,877.951
2030-10-20 06:00:00,921.072
2030-10-20 07:00:00,930.031
2030-10-20 08:00:00,985.676
2030-10-20 09:00:00,1038.779
2030-10-20 10:00:00,1042.003
2030-10-20 11:00:00,1051.5819999999999
2030-10-20 12:00:00,1013.359
2030-10-20 13:00:00,1057.348
2030-10-20 14:00:00,1074.956
2030-10-20 15:00:00,1098.423
2030-10-20 16:00:00,1131.221
2030-10-20 17:00:00,1158.904
2030-10-20 18:00:00,1147.341
2030-10-20 19:00:00,1110.513
2030-10-20 20:00:00,1070.523
2030-10-20 21:00:00,1014.413
2030-10-20 22:00:00,965.991
2030-10-20 23:00:00,916.887
2030-10-21 00:00:00,849.183
2030-10-21 01:00:00,809.5649999999999
2030-10-21 02:00:00,804.636
2030-10-21 03:00:00,820.787
2030-10-21 04:00:00,839.356
2030-10-21 05:00:00,873.053
2030-10-21 06:00:00,915.3679999999999
2030-10-21 07:00:00,930.124
2030-10-21 08:00:00,981.894
2030-10-21 09:00:00,1034.563
2030-10-21 10:00:00,1042.034
2030-10-21 11:00:00,1048.048
2030-10-21 12:00:00,1025.945
2030-10-21 13:00:00,1078.862
2030-10-21 14:00:00,1085.403
2030-10-21 15:00:00,1102.236
2030-10-21 16:00:00,1126.974
2030-10-21 17:00:00,1146.287
2030-10-21 18:00:00,1128.741
2030-10-21 19:00:00,1088.069
2030-10-21 20:00:00,1045.258
2030-10-21 21:00:00,986.699
2030-10-21 22:00:00,946.337
2030-10-21 23:00:00,900.054
2030-10-22 00:00:00,832.691
2030-10-22 01:00:00,793.073
2030-10-22 02:00:00,788.516
2030-10-22 03:00:00,799.025
2030-10-22 04:00:00,804.636
2030-10-22 05:00:00,807.457
2030-10-22 06:00:00,812.882
2030-10-22 07:00:00,820.2909999999999
2030-10-22 08:00:00,847.199
2030-10-22 09:00:00,895.838
2030-10-22 10:00:00,891.25
2030-10-22 11:00:00,888.212
2030-10-22 12:00:00,896.799
2030-10-22 13:00:00,889.421
2030-10-22 14:00:00,899.155
2030-10-22 15:00:00,928.419
2030-10-22 16:00:00,973.059
2030-10-22 17:00:00,1021.078
2030-10-22 18:00:00,1017.203
2030-10-22 19:00:00,994.759
2030-10-22 20:00:00,961.775
2030-10-22 21:00:00,914.779
2030-10-22 22:00:00,873.394
2030-10-22 23:00:00,835.512
2030-10-23 00:00:00,781.851
2030-10-23 01:00:00,746.418
2030-10-23 02:00:00,741.861
2030-10-23 03:00:00,756.927
2030-10-23 04:00:00,762.91
2030-10-23 05:00:00,765.7
2030-10-23 06:00:00,756.927
2030-10-23 07:00:00,754.819
2030-10-23 08:00:00,775.186
2030-10-23 09:00:00,815.021
2030-10-23 10:00:00,841.805
2030-10-23 11:00:00,835.7909999999999
2030-10-23 12:00:00,842.208
2030-10-23 13:00:00,843.262
2030-10-23 14:00:00,856.3439999999999
2030-10-23 15:00:00,882.787
2030-10-23 16:00:00,924.854
2030-10-23 17:00:00,990.543
2030-10-23 18:00:00,1001.083
2030-10-23 19:00:00,978.2669999999999
2030-10-23 20:00:00,946.337
2030-10-23 21:00:00,891.622
2030-10-23 22:00:00,845.3389999999999
2030-10-23 23:00:00,809.906
2030-10-24 00:00:00,756.927
2030-10-24 01:00:00,725.369
2030-10-24 02:00:00,727.818
2030-10-24 03:00:00,750.975
2030-10-24 04:00:00,770.257
2030-10-24 05:00:00,801.474
2030-10-24 06:00:00,869.085
2030-10-24 07:00:00,946.151
2030-10-24 08:00:00,1032.734
2030-10-24 09:00:00,1085.217
2030-10-24 10:00:00,1081.156
2030-10-24 11:00:00,1074.894
2030-10-24 12:00:00,1039.554
2030-10-24 13:00:00,1094.517
2030-10-24 14:00:00,1130.663
2030-10-24 15:00:00,1153.913
2030-10-24 16:00:00,1199.049
2030-10-24 17:00:00,1216.099
2030-10-24 18:00:00,1197.158
2030-10-24 19:00:00,1154.688
2030-10-24 20:00:00,1108.405
2030-10-24 21:00:00,1049.474
2030-10-24 22:00:00,995.472
2030-10-24 23:00:00,940.726
2030-10-25 00:00:00,869.178
2030-10-25 01:00:00,829.56
2030-10-25 02:00:00,824.29
2030-10-25 03:00:00,837.279
2030-10-25 04:00:00,853.399
2030-10-25 05:00:00,889.886
2030-10-25 06:00:00,958.861
2030-10-25 07:00:00,1014.289
2030-10-25 08:00:00,1096.439
2030-10-25 09:00:00,1150.999
2030-10-25 10:00:00,1166.375
2030-10-25 11:00:00,1180.48
2030-10-25 12:00:00,1126.819
2030-10-25 13:00:00,1174.745
2030-10-25 14:00:00,1189.2839999999999
2030-10-25 15:00:00,1203.668
2030-10-25 16:00:00,1252.307
2030-10-25 17:00:00,1271.868
2030-10-25 18:00:00,1252.927
2030-10-25 19:00:00,1211.17
2030-10-25 20:00:00,1164.887
2030-10-25 21:00:00,1096.842
2030-10-25 22:00:00,1034.377
2030-10-25 23:00:00,971.602
2030-10-26 00:00:00,891.994
2030-10-26 01:00:00,847.447
2030-10-26 02:00:00,842.89
2030-10-26 03:00:00,853.74
2030-10-26 04:00:00,869.178
2030-10-26 05:00:00,909.168
2030-10-26 06:00:00,976.934
2030-10-26 07:00:00,988.156
2030-10-26 08:00:00,1027.03
2030-10-26 09:00:00,1058.557
2030-10-26 10:00:00,1045.568
2030-10-26 11:00:00,1041.321
2030-10-26 12:00:00,1001.176
2030-10-26 13:00:00,1044.669
2030-10-26 14:00:00,1064.323
2030-10-26 15:00:00,1098.826
2030-10-26 16:00:00,1146.008
2030-10-26 17:00:00,1182.061
2030-10-26 18:00:00,1176.791
2030-10-26 19:00:00,1145.233
2030-10-26 20:00:00,1109.118
2030-10-26 21:00:00,1055.085
2030-10-26 22:00:00,1003.532
2030-10-26 23:00:00,947.05
2030-10-27 00:00:00,875.502
2030-10-27 01:00:00,836.225
2030-10-27 02:00:00,833.404
2030-10-27 03:00:00,852.345
2030-10-27 04:00:00,870.945
2030-10-27 05:00:00,915.833
2030-10-27 06:00:00,982.979
2030-10-27 07:00:00,1001.951
2030-10-27 08:00:00,1048.11
2030-10-27 09:00:00,1092.75
2030-10-27 10:00:00,1092.44
2030-10-27 11:00:00,1111.412
2030-10-27 12:00:00,1079.42
2030-10-27 13:00:00,1097.276
2030-10-27 14:00:00,1079.296
2030-10-27 15:00:00,1111.598
2030-10-27 16:00:00,1169.196
2030-10-27 17:00:00,1211.17
2030-10-27 18:00:00,1200.289
2030-10-27 19:00:00,1164.174
2030-10-27 20:00:00,1127.0049999999999
2030-10-27 21:00:00,1067.361
2030-10-27 22:00:00,1009.484
2030-10-27 23:00:00,951.266
2030-10-28 00:00:00,877.951
2030-10-28 01:00:00,838.302
2030-10-28 02:00:00,836.566
2030-10-28 03:00:00,848.501
2030-10-28 04:00:00,864.962
2030-10-28 05:00:00,904.27
2030-10-28 06:00:00,973.865
2030-10-28 07:00:00,1015.56
2030-10-28 08:00:00,1068.136
2030-10-28 09:00:00,1096.439
2030-10-28 10:00:00,1085.062
2030-10-28 11:00:00,1074.212
2030-10-28 12:00:00,1032.362
2030-10-28 13:00:00,1069.531
2030-10-28 14:00:00,1079.234
2030-10-28 15:00:00,1107.847
2030-10-28 16:00:00,1143.993
2030-10-28 17:00:00,1170.126
2030-10-28 18:00:00,1154.688
2030-10-28 19:00:00,1119.286
2030-10-28 20:00:00,1078.242
2030-10-28 21:00:00,1023.8679999999999
2030-10-28 22:00:00,980.375
2030-10-28 23:00:00,928.109
2030-10-29 00:00:00,860.405
2030-10-29 01:00:00,818.679
2030-10-29 02:00:00,812.696
2030-10-29 03:00:00,823.236
2030-10-29 04:00:00,830.955
2030-10-29 05:00:00,842.89
2030-10-29 06:00:00,854.825
2030-10-29 07:00:00,852.097
2030-10-29 08:00:00,866.915
2030-10-29 09:00:00,886.6
2030-10-29 10:00:00,886.693
2030-10-29 11:00:00,889.359
2030-10-29 12:00:00,882.043
2030-10-29 13:00:00,894.195
2030-10-29 14:00:00,905.324
2030-10-29 15:00:00,927.6129999999999
2030-10-29 16:00:00,970.021
2030-10-29 17:00:00,1022.101
2030-10-29 18:00:00,1023.527
2030-10-29 19:00:00,1007.376
2030-10-29 20:00:00,982.483
2030-10-29 21:00:00,935.828
2030-10-29 22:00:00,894.443
2030-10-29 23:00:00,857.2429999999999
2030-10-30 00:00:00,800.079
2030-10-30 01:00:00,771.311
2030-10-30 02:00:00,771.683
2030-10-30 03:00:00,784.641
2030-10-30 04:00:00,795.522
2030-10-30 05:00:00,806.403
2030-10-30 06:00:00,811.332
2030-10-30 07:00:00,791.74
2030-10-30 08:00:00,788.454
2030-10-30 09:00:00,804.915
2030-10-30 10:00:00,800.699
2030-10-30 11:00:00,803.086
2030-10-30 12:00:00,810.867
2030-10-30 13:00:00,810.185
2030-10-30 14:00:00,823.949
2030-10-30 15:00:00,871.627
2030-10-30 16:00:00,934.557
2030-10-30 17:00:00,1013.359
2030-10-30 18:00:00,1030.874
2030-10-30 19:00:00,1019.311
2030-10-30 20:00:00,992.651
2030-10-30 21:00:00,948.817
2030-10-30 22:00:00,894.102
2030-10-30 23:00:00,847.447
2030-10-31 00:00:00,790.624
2030-10-31 01:00:00,761.856
2030-10-31 02:00:00,766.754
2030-10-31 03:00:00,786.067
2030-10-31 04:00:00,810.247
2030-10-31 05:00:00,859.01
2030-10-31 06:00:00,927.179
2030-10-31 07:00:00,959.45
2030-10-31 08:00:00,1002.385
2030-10-31 09:00:00,1039.554
2030-10-31 10:00:00,1037.818
2030-10-31 11:00:00,1039.399
2030-10-31 12:00:00,1001.951
2030-10-31 13:00:00,1042.592
2030-10-31 14:00:00,1063.703
2030-10-31 15:00:00,1102.205
2030-10-31 16:00:00,1145.233
2030-10-31 17:00:00,1173.629
2030-10-31 18:00:00,1158.904
2030-10-31 19:00:00,1122.417
2030-10-31 20:00:00,1081.404
2030-10-31 21:00:00,1027.03
2030-10-31 22:00:00,980.375
2030-10-31 23:00:00,927.768
2030-11-01 00:00:00,856.561
2030-11-01 01:00:00,822.895
2030-11-01 02:00:00,821.469
2030-11-01 03:00:00,834.799
2030-11-01 04:00:00,849.896
2030-11-01 05:00:00,886.011
2030-11-01 06:00:00,953.188
2030-11-01 07:00:00,993.426
2030-11-01 08:00:00,1051.675
2030-11-01 09:00:00,1093.432
2030-11-01 10:00:00,1100.81
2030-11-01 11:00:00,1088.1
2030-11-01 12:00:00,1059.208
2030-11-01 13:00:00,1093.773
2030-11-01 14:00:00,1128.059
2030-11-01 15:00:00,1159.307
2030-11-01 16:00:00,1218.3
2030-11-01 17:00:00,1228.003
2030-11-01 18:00:00,1204.164
2030-11-01 19:00:00,1161.725
2030-11-01 20:00:00,1114.016
2030-11-01 21:00:00,1052.977
2030-11-01 22:00:00,993.705
2030-11-01 23:00:00,931.984
2030-11-02 00:00:00,861.459
2030-11-02 01:00:00,822.895
2030-11-02 02:00:00,821.469
2030-11-02 03:00:00,836.566
2030-11-02 04:00:00,854.112
2030-11-02 05:00:00,888.46
2030-11-02 06:00:00,945.593
2030-11-02 07:00:00,971.323
2030-11-02 08:00:00,1006.26
2030-11-02 09:00:00,1031.9279999999999
2030-11-02 10:00:00,1027.836
2030-11-02 11:00:00,1021.76
2030-11-02 12:00:00,984.095
2030-11-02 13:00:00,1035.71
2030-11-02 14:00:00,1069.252
2030-11-02 15:00:00,1107.103
2030-11-02 16:00:00,1145.047
2030-11-02 17:00:00,1158.222
2030-11-02 18:00:00,1136.119
2030-11-02 19:00:00,1094.734
2030-11-02 20:00:00,1052.295
2030-11-02 21:00:00,998.975
2030-11-02 22:00:00,956.536
2030-11-02 23:00:00,909.509
2030-11-03 00:00:00,847.075
2030-11-03 01:00:00,813.409
2030-11-03 02:00:00,812.355
2030-11-03 03:00:00,826.026
2030-11-03 04:00:00,832.35
2030-11-03 05:00:00,843.572
2030-11-03 06:00:00,852.81
2030-11-03 07:00:00,862.823
2030-11-03 08:00:00,898.597
2030-11-03 09:00:00,929.132
2030-11-03 10:00:00,927.675
2030-11-03 11:00:00,936.572
2030-11-03 12:00:00,920.607
2030-11-03 13:00:00,950.8629999999999
2030-11-03 14:00:00,971.85
2030-11-03 15:00:00,1000.463
2030-11-03 16:00:00,1041.011
2030-11-03 17:00:00,1084.535
2030-11-03 18:00:00,1079.978
2030-11-03 19:00:00,1051.5819999999999
2030-11-03 20:00:00,1018.257
2030-11-03 21:00:00,974.051
2030-11-03 22:00:00,919.708
2030-11-03 23:00:00,878.664
2030-11-04 00:00:00,819.733
2030-11-04 01:00:00,787.803
2030-11-04 02:00:00,793.073
2030-11-04 03:00:00,808.139
2030-11-04 04:00:00,822.182
2030-11-04 05:00:00,853.058
2030-11-04 06:00:00,899.217
2030-11-04 07:00:00,929.721
2030-11-04 08:00:00,988.59
2030-11-04 09:00:00,1021.853
2030-11-04 10:00:00,1029.603
2030-11-04 11:00:00,1031.525
2030-11-04 12:00:00,1006.849
2030-11-04 13:00:00,1054.279
2030-11-04 14:00:00,1078.273
2030-11-04 15:00:00,1100.469
2030-11-04 16:00:00,1140.986
2030-11-04 17:00:00,1155.401
2030-11-04 18:00:00,1135.747
2030-11-04 19:00:00,1096.47
2030-11-04 20:00:00,1053.318
2030-11-04 21:00:00,995.472
2030-11-04 22:00:00,954.428
2030-11-04 23:00:00,904.952
2030-11-05 00:00:00,842.177
2030-11-05 01:00:00,804.295
2030-11-05 02:00:00,799.397
2030-11-05 03:00:00,810.619
2030-11-05 04:00:00,818.679
2030-11-05 05:00:00,827.793
2030-11-05 06:00:00,844.4399999999999
2030-11-05 07:00:00,848.129
2030-11-05 08:00:00,870.325
2030-11-05 09:00:00,862.761
2030-11-05 10:00:00,845.742
2030-11-05 11:00:00,839.108
2030-11-05 12:00:00,838.364
2030-11-05 13:00:00,864.063
2030-11-05 14:00:00,892.955
2030-11-05 15:00:00,933.689
2030-11-05 16:00:00,991.504
2030-11-05 17:00:00,1041.042
2030-11-05 18:00:00,1041.7549999999999
2030-11-05 19:00:00,1022.473
2030-11-05 20:00:00,995.813
2030-11-05 21:00:00,948.445
2030-11-05 22:00:00,906.7189999999999
2030-11-05 23:00:00,862.172
2030-11-06 00:00:00,805.008
2030-11-06 01:00:00,772.737
2030-11-06 02:00:00,775.8679999999999
2030-11-06 03:00:00,789.57
2030-11-06 04:00:00,801.474
2030-11-06 05:00:00,812.696
2030-11-06 06:00:00,827.793
2030-11-06 07:00:00,823.05
2030-11-06 08:00:00,820.632
2030-11-06 09:00:00,819.3919999999999
2030-11-06 10:00:00,810.991
2030-11-06 11:00:00,807.271
2030-11-06 12:00:00,811.022
2030-11-06 13:00:00,813.037
2030-11-06 14:00:00,833.559
2030-11-06 15:00:00,882.88
2030-11-06 16:00:00,945.841
2030-11-06 17:00:00,1020.365
2030-11-06 18:00:00,1037.539
2030-11-06 19:00:00,1027.371
2030-11-06 20:00:00,1004.586
2030-11-06 21:00:00,956.536
2030-11-06 22:00:00,898.659
2030-11-06 23:00:00,852.686
2030-11-07 00:00:00,797.289
2030-11-07 01:00:00,769.203
2030-11-07 02:00:00,771.311
2030-11-07 03:00:00,793.755
2030-11-07 04:00:00,815.5169999999999
2030-11-07 05:00:00,861.459
2030-11-07 06:00:00,938.835
2030-11-07 07:00:00,981.708
2030-11-07 08:00:00,1057.224
2030-11-07 09:00:00,1101.926
2030-11-07 10:00:00,1105.026
2030-11-07 11:00:00,1095.199
2030-11-07 12:00:00,1060.2
2030-11-07 13:00:00,1075.793
2030-11-07 14:00:00,1104.592
2030-11-07 15:00:00,1133.887
2030-11-07 16:00:00,1178.62
2030-11-07 17:00:00,1206.954
2030-11-07 18:00:00,1190.121
2030-11-07 19:00:00,1149.79
2030-11-07 20:00:00,1108.746
2030-11-07 21:00:00,1048.761
2030-11-07 22:00:00,993.705
2030-11-07 23:00:00,937.223
2030-11-08 00:00:00,864.28
2030-11-08 01:00:00,825.344
2030-11-08 02:00:00,827.793
2030-11-08 03:00:00,841.836
2030-11-08 04:00:00,859.01
2030-11-08 05:00:00,896.551
2030-11-08 06:00:00,958.737
2030-11-08 07:00:00,993.302
2030-11-08 08:00:00,1036.175
2030-11-08 09:00:00,1072.507
2030-11-08 10:00:00,1064.974
2030-11-08 11:00:00,1064.416
2030-11-08 12:00:00,1034.346
2030-11-08 13:00:00,1076.382
2030-11-08 14:00:00,1095.168
2030-11-08 15:00:00,1127.997
2030-11-08 16:00:00,1166.747
2030-11-08 17:00:00,1189.78
2030-11-08 18:00:00,1170.498
2030-11-08 19:00:00,1127.0049999999999
2030-11-08 20:00:00,1088.751
2030-11-08 21:00:00,1038.965
2030-11-08 22:00:00,993.364
2030-11-08 23:00:00,938.99
2030-11-09 00:00:00,868.496
2030-11-09 01:00:00,834.799
2030-11-09 02:00:00,837.279
2030-11-09 03:00:00,848.842
2030-11-09 04:00:00,868.837
2030-11-09 05:00:00,908.455
2030-11-09 06:00:00,978.608
2030-11-09 07:00:00,1017.854
2030-11-09 08:00:00,1065.439
2030-11-09 09:00:00,1110.141
2030-11-09 10:00:00,1100.81
2030-11-09 11:00:00,1087.883
2030-11-09 12:00:00,1039.709
2030-11-09 13:00:00,1080.877
2030-11-09 14:00:00,1104.871
2030-11-09 15:00:00,1130.105
2030-11-09 16:00:00,1169.258
2030-11-09 17:00:00,1190.493
2030-11-09 18:00:00,1172.947
2030-11-09 19:00:00,1135.406
2030-11-09 20:00:00,1094.021
2030-11-09 21:00:00,1036.144
2030-11-09 22:00:00,987.753
2030-11-09 23:00:00,931.612
2030-11-10 00:00:00,859.723
2030-11-10 01:00:00,825.685
2030-11-10 02:00:00,827.452
2030-11-10 03:00:00,840.069
2030-11-10 04:00:00,860.777
2030-11-10 05:00:00,900.054
2030-11-10 06:00:00,964.348
2030-11-10 07:00:00,1000.587
2030-11-10 08:00:00,1040.949
2030-11-10 09:00:00,1072.569
2030-11-10 10:00:00,1065.563
2030-11-10 11:00:00,1070.585
2030-11-10 12:00:00,1049.691
2030-11-10 13:00:00,1073.964
2030-11-10 14:00:00,1088.534
2030-11-10 15:00:00,1117.116
2030-11-10 16:00:00,1164.205
2030-11-10 17:00:00,1185.905
2030-11-10 18:00:00,1168.018
2030-11-10 19:00:00,1130.508
2030-11-10 20:00:00,1088.751
2030-11-10 21:00:00,1032.982
2030-11-10 22:00:00,986.327
2030-11-10 23:00:00,934.061
2030-11-11 00:00:00,865.334
2030-11-11 01:00:00,830.614
2030-11-11 02:00:00,830.242
2030-11-11 03:00:00,846.021
2030-11-11 04:00:00,864.621
2030-11-11 05:00:00,904.611
2030-11-11 06:00:00,966.611
2030-11-11 07:00:00,1003.811
2030-11-11 08:00:00,1049.071
2030-11-11 09:00:00,1078.521
2030-11-11 10:00:00,1066.183
2030-11-11 11:00:00,1058.092
2030-11-11 12:00:00,1018.846
2030-11-11 13:00:00,1059.177
2030-11-11 14:00:00,1086.147
2030-11-11 15:00:00,1114.171
2030-11-11 16:00:00,1147.713
2030-11-11 17:00:00,1163.12
2030-11-11 18:00:00,1143.466
2030-11-11 19:00:00,1102.794
2030-11-11 20:00:00,1061.409
2030-11-11 21:00:00,1006.694
2030-11-11 22:00:00,962.829
2030-11-11 23:00:00,912.671
2030-11-12 00:00:00,849.896
2030-11-12 01:00:00,814.122
2030-11-12 02:00:00,811.673
2030-11-12 03:00:00,820.415
2030-11-12 04:00:00,826.739
2030-11-12 05:00:00,832.35
2030-11-12 06:00:00,851.942
2030-11-12 07:00:00,865.303
2030-11-12 08:00:00,879.408
2030-11-12 09:00:00,880.09
2030-11-12 10:00:00,875.812
2030-11-12 11:00:00,876.401
2030-11-12 12:00:00,860.777
2030-11-12 13:00:00,876.742
2030-11-12 14:00:00,897.233
2030-11-12 15:00:00,929.225
2030-11-12 16:00:00,970.703
2030-11-12 17:00:00,1017.9159999999999
2030-11-12 18:00:00,1017.203
2030-11-12 19:00:00,997.549
2030-11-12 20:00:00,967.758
2030-11-12 21:00:00,921.103
2030-11-12 22:00:00,882.849
2030-11-12 23:00:00,844.967
2030-11-13 00:00:00,790.965
2030-11-13 01:00:00,758.694
2030-11-13 02:00:00,761.143
2030-11-13 03:00:00,772.024
2030-11-13 04:00:00,780.456
2030-11-13 05:00:00,786.067
2030-11-13 06:00:00,786.997
2030-11-13 07:00:00,790.779
2030-11-13 08:00:00,810.712
2030-11-13 09:00:00,830.7379999999999
2030-11-13 10:00:00,855.941
2030-11-13 11:00:00,859.971
2030-11-13 12:00:00,853.9879999999999
2030-11-13 13:00:00,862.141
2030-11-13 14:00:00,902.441
2030-11-13 15:00:00,927.8919999999999
2030-11-13 16:00:00,987.164
2030-11-13 17:00:00,1030.533
2030-11-13 18:00:00,1035.431
2030-11-13 19:00:00,1015.436
2030-11-13 20:00:00,982.1419999999999
2030-11-13 21:00:00,930.558
2030-11-13 22:00:00,874.448
2030-11-13 23:00:00,832.691
2030-11-14 00:00:00,780.797
2030-11-14 01:00:00,750.634
2030-11-14 02:00:00,756.586
2030-11-14 03:00:00,773.7909999999999
2030-11-14 04:00:00,791.678
2030-11-14 05:00:00,829.56
2030-11-14 06:00:00,893.265
2030-11-14 07:00:00,949.468
2030-11-14 08:00:00,1012.119
2030-11-14 09:00:00,1046.746
2030-11-14 10:00:00,1038.624
2030-11-14 11:00:00,1038.624
2030-11-14 12:00:00,1011.437
2030-11-14 13:00:00,1060.51
2030-11-14 14:00:00,1091.231
2030-11-14 15:00:00,1131.19
2030-11-14 16:00:00,1175.117
2030-11-14 17:00:00,1189.439
2030-11-14 18:00:00,1167.677
2030-11-14 19:00:00,1125.579
2030-11-14 20:00:00,1084.194
2030-11-14 21:00:00,1028.766
2030-11-14 22:00:00,980.375
2030-11-14 23:00:00,925.66
2030-11-15 00:00:00,855.1659999999999
2030-11-15 01:00:00,820.415
2030-11-15 02:00:00,822.182
2030-11-15 03:00:00,839.728
2030-11-15 04:00:00,854.794
2030-11-15 05:00:00,892.335
2030-11-15 06:00:00,969.37
2030-11-15 07:00:00,1044.762
2030-11-15 08:00:00,1126.23
2030-11-15 09:00:00,1162.872
2030-11-15 10:00:00,1142.97
2030-11-15 11:00:00,1129.206
2030-11-15 12:00:00,1084.597
2030-11-15 13:00:00,1127.532
2030-11-15 14:00:00,1158.222
2030-11-15 15:00:00,1194.647
2030-11-15 16:00:00,1255.872
2030-11-15 17:00:00,1271.496
2030-11-15 18:00:00,1250.106
2030-11-15 19:00:00,1207.667
2030-11-15 20:00:00,1160.671
2030-11-15 21:00:00,1101.027
2030-11-15 22:00:00,1040.701
2030-11-15 23:00:00,975.477
2030-11-16 00:00:00,899.0
2030-11-16 01:00:00,860.405
2030-11-16 02:00:00,855.848
2030-11-16 03:00:00,867.783
2030-11-16 04:00:00,883.221
2030-11-16 05:00:00,927.055
2030-11-16 06:00:00,1007.562
2030-11-16 07:00:00,1045.196
2030-11-16 08:00:00,1067.392
2030-11-16 09:00:00,1087.449
2030-11-16 10:00:00,1072.104
2030-11-16 11:00:00,1058.433
2030-11-16 12:00:00,1021.605
2030-11-16 13:00:00,1066.927
2030-11-16 14:00:00,1094.92
2030-11-16 15:00:00,1142.35
2030-11-16 16:00:00,1195.174
2030-11-16 17:00:00,1221.338
2030-11-16 18:00:00,1207.326
2030-11-16 19:00:00,1171.18
2030-11-16 20:00:00,1130.136
2030-11-16 21:00:00,1073.313
2030-11-16 22:00:00,1024.209
2030-11-16 23:00:00,964.224
2030-11-17 00:00:00,891.281
2030-11-17 01:00:00,855.848
2030-11-17 02:00:00,856.22
2030-11-17 03:00:00,872.681
2030-11-17 04:00:00,889.514
2030-11-17 05:00:00,936.882
2030-11-17 06:00:00,1018.8149999999999
2030-11-17 07:00:00,1060.603
2030-11-17 08:00:00,1090.394
2030-11-17 09:00:00,1115.473
2030-11-17 10:00:00,1105.8319999999999
2030-11-17 11:00:00,1110.513
2030-11-17 12:00:00,1073.871
2030-11-17 13:00:00,1112.156
2030-11-17 14:00:00,1127.067
2030-11-17 15:00:00,1152.673
2030-11-17 16:00:00,1223.446
2030-11-17 17:00:00,1252.214
2030-11-17 18:00:00,1235.04
2030-11-17 19:00:00,1195.391
2030-11-17 20:00:00,1150.844
2030-11-17 21:00:00,1089.464
2030-11-17 22:00:00,1037.539
2030-11-17 23:00:00,973.369
2030-11-18 00:00:00,897.605
2030-11-18 01:00:00,856.561
2030-11-18 02:00:00,853.74
2030-11-18 03:00:00,869.519
2030-11-18 04:00:00,890.568
2030-11-18 05:00:00,935.487
2030-11-18 06:00:00,1014.165
2030-11-18 07:00:00,1066.369
2030-11-18 08:00:00,1112.528
2030-11-18 09:00:00,1137.607
2030-11-18 10:00:00,1110.606
2030-11-18 11:00:00,1109.924
2030-11-18 12:00:00,1056.48
2030-11-18 13:00:00,1095.943
2030-11-18 14:00:00,1110.451
2030-11-18 15:00:00,1140.769
2030-11-18 16:00:00,1186.215
2030-11-18 17:00:00,1208.3799999999999
2030-11-18 18:00:00,1190.834
2030-11-18 19:00:00,1156.455
2030-11-18 20:00:00,1118.232
2030-11-18 21:00:00,1060.355
2030-11-18 22:00:00,1012.646
2030-11-18 23:00:00,957.931
2030-11-19 00:00:00,883.903
2030-11-19 01:00:00,847.075
2030-11-19 02:00:00,842.89
2030-11-19 03:00:00,852.004
2030-11-19 04:00:00,860.064
2030-11-19 05:00:00,876.897
2030-11-19 06:00:00,905.417
2030-11-19 07:00:00,915.12
2030-11-19 08:00:00,919.212
2030-11-19 09:00:00,920.266
2030-11-19 10:00:00,895.9
2030-11-19 11:00:00,883.345
2030-11-19 12:00:00,878.54
2030-11-19 13:00:00,895.125
2030-11-19 14:00:00,923.49
2030-11-19 15:00:00,962.7669999999999
2030-11-19 16:00:00,1014.754
2030-11-19 17:00:00,1064.912
2030-11-19 18:00:00,1068.756
2030-11-19 19:00:00,1053.318
2030-11-19 20:00:00,1025.9759999999999
2030-11-19 21:00:00,979.321
2030-11-19 22:00:00,935.115
2030-11-19 23:00:00,891.622
2030-11-20 00:00:00,828.506
2030-11-20 01:00:00,797.63
2030-11-20 02:00:00,793.755
2030-11-20 03:00:00,802.9
2030-11-20 04:00:00,810.247
2030-11-20 05:00:00,821.128
2030-11-20 06:00:00,842.456
2030-11-20 07:00:00,877.672
2030-11-20 08:00:00,911.338
2030-11-20 09:00:00,917.91
2030-11-20 10:00:00,921.072
2030-11-20 11:00:00,923.676
2030-11-20 12:00:00,928.977
2030-11-20 13:00:00,946.213
2030-11-20 14:00:00,974.764
2030-11-20 15:00:00,1022.0699999999999
2030-11-20 16:00:00,1089.743
2030-11-20 17:00:00,1130.136
2030-11-20 18:00:00,1135.747
2030-11-20 19:00:00,1112.962
2030-11-20 20:00:00,1085.248
2030-11-20 21:00:00,1028.766
2030-11-20 22:00:00,961.775
2030-11-20 23:00:00,905.324
2030-11-21 00:00:00,840.782
2030-11-21 01:00:00,809.5649999999999
2030-11-21 02:00:00,808.139
2030-11-21 03:00:00,819.361
2030-11-21 04:00:00,837.279
2030-11-21 05:00:00,874.448
2030-11-21 06:00:00,968.812
2030-11-21 07:00:00,1068.632
2030-11-21 08:00:00,1162.1589999999999
2030-11-21 09:00:00,1212.379
2030-11-21 10:00:00,1181.131
2030-11-21 11:00:00,1166.499
2030-11-21 12:00:00,1089.03
2030-11-21 13:00:00,1118.201
2030-11-21 14:00:00,1128.679
2030-11-21 15:00:00,1164.019
2030-11-21 16:00:00,1209.155
2030-11-21 17:00:00,1229.057
2030-11-21 18:00:00,1211.17
2030-11-21 19:00:00,1171.18
2030-11-21 20:00:00,1125.579
2030-11-21 21:00:00,1068.415
2030-11-21 22:00:00,1015.095
2030-11-21 23:00:00,957.931
2030-11-22 00:00:00,882.508
2030-11-22 01:00:00,847.788
2030-11-22 02:00:00,847.447
2030-11-22 03:00:00,859.723
2030-11-22 04:00:00,877.2379999999999
2030-11-22 05:00:00,915.833
2030-11-22 06:00:00,993.054
2030-11-22 07:00:00,1053.07
2030-11-22 08:00:00,1108.56
2030-11-22 09:00:00,1130.384
2030-11-22 10:00:00,1116.341
2030-11-22 11:00:00,1121.208
2030-11-22 12:00:00,1086.798
2030-11-22 13:00:00,1141.141
2030-11-22 14:00:00,1155.959
2030-11-22 15:00:00,1153.696
2030-11-22 16:00:00,1200.537
2030-11-22 17:00:00,1206.272
2030-11-22 18:00:00,1183.456
2030-11-22 19:00:00,1142.071
2030-11-22 20:00:00,1097.865
2030-11-22 21:00:00,1043.863
2030-11-22 22:00:00,997.921
2030-11-22 23:00:00,946.337
2030-11-23 00:00:00,879.718
2030-11-23 01:00:00,844.285
2030-11-23 02:00:00,842.518
2030-11-23 03:00:00,848.842
2030-11-23 04:00:00,855.507
2030-11-23 05:00:00,866.388
2030-11-23 06:00:00,898.039
2030-11-23 07:00:00,959.295
2030-11-23 08:00:00,1051.179
2030-11-23 09:00:00,1124.091
2030-11-23 10:00:00,1134.724
2030-11-23 11:00:00,1147.124
2030-11-23 12:00:00,1133.391
2030-11-23 13:00:00,1154.626
2030-11-23 14:00:00,1165.538
2030-11-23 15:00:00,1195.36
2030-11-23 16:00:00,1236.838
2030-11-23 17:00:00,1249.052
2030-11-23 18:00:00,1242.728
2030-11-23 19:00:00,1209.062
2030-11-23 20:00:00,1171.893
2030-11-23 21:00:00,1114.357
2030-11-23 22:00:00,1042.468
2030-11-23 23:00:00,984.2189999999999
2030-11-24 00:00:00,909.168
2030-11-24 01:00:00,860.064
2030-11-24 02:00:00,855.848
2030-11-24 03:00:00,863.908
2030-11-24 04:00:00,877.951
2030-11-24 05:00:00,913.043
2030-11-24 06:00:00,988.187
2030-11-24 07:00:00,1041.786
2030-11-24 08:00:00,1077.25
2030-11-24 09:00:00,1096.501
2030-11-24 10:00:00,1079.544
2030-11-24 11:00:00,1086.488
2030-11-24 12:00:00,1056.449
2030-11-24 13:00:00,1096.47
2030-11-24 14:00:00,1113.117
2030-11-24 15:00:00,1150.317
2030-11-24 16:00:00,1199.979
2030-11-24 17:00:00,1217.835
2030-11-24 18:00:00,1198.5529999999999
2030-11-24 19:00:00,1158.222
2030-11-24 20:00:00,1115.07
2030-11-24 21:00:00,1056.852
2030-11-24 22:00:00,1006.694
2030-11-24 23:00:00,950.925
2030-11-25 00:00:00,877.951
2030-11-25 01:00:00,840.782
2030-11-25 02:00:00,840.069
2030-11-25 03:00:00,852.345
2030-11-25 04:00:00,870.232
2030-11-25 05:00:00,904.952
2030-11-25 06:00:00,980.158
2030-11-25 07:00:00,1026.813
2030-11-25 08:00:00,1054.775
2030-11-25 09:00:00,1079.885
2030-11-25 10:00:00,1060.541
2030-11-25 11:00:00,1054.713
2030-11-25 12:00:00,1010.91
2030-11-25 13:00:00,1055.395
2030-11-25 14:00:00,1086.271
2030-11-25 15:00:00,1127.036
2030-11-25 16:00:00,1174.28
2030-11-25 17:00:00,1198.5529999999999
2030-11-25 18:00:00,1184.51
2030-11-25 19:00:00,1150.503
2030-11-25 20:00:00,1116.806
2030-11-25 21:00:00,1062.463
2030-11-25 22:00:00,1015.095
2030-11-25 23:00:00,961.093
2030-11-26 00:00:00,892.335
2030-11-26 01:00:00,851.632
2030-11-26 02:00:00,845.3389999999999
2030-11-26 03:00:00,851.632
2030-11-26 04:00:00,855.507
2030-11-26 05:00:00,863.908
2030-11-26 06:00:00,895.683
2030-11-26 07:00:00,949.933
2030-11-26 08:00:00,1016.056
2030-11-26 09:00:00,1063.672
2030-11-26 10:00:00,1050.869
2030-11-26 11:00:00,1009.825
2030-11-26 12:00:00,994.263
2030-11-26 13:00:00,996.898
2030-11-26 14:00:00,1008.523
2030-11-26 15:00:00,1033.571
2030-11-26 16:00:00,1089.371
2030-11-26 17:00:00,1118.573
2030-11-26 18:00:00,1113.3029999999999
2030-11-26 19:00:00,1087.015
2030-11-26 20:00:00,1053.318
2030-11-26 21:00:00,1001.424
2030-11-26 22:00:00,951.948
2030-11-26 23:00:00,905.665
2030-11-27 00:00:00,842.518
2030-11-27 01:00:00,809.193
2030-11-27 02:00:00,808.139
2030-11-27 03:00:00,813.75
2030-11-27 04:00:00,818.679
2030-11-27 05:00:00,828.847
2030-11-27 06:00:00,847.664
2030-11-27 07:00:00,868.992
2030-11-27 08:00:00,864.435
2030-11-27 09:00:00,859.661
2030-11-27 10:00:00,844.223
2030-11-27 11:00:00,834.427
2030-11-27 12:00:00,837.899
2030-11-27 13:00:00,843.603
2030-11-27 14:00:00,868.682
2030-11-27 15:00:00,917.383
2030-11-27 16:00:00,982.049
2030-11-27 17:00:00,1053.69
2030-11-27 18:00:00,1078.924
2030-11-27 19:00:00,1065.594
2030-11-27 20:00:00,1035.431
2030-11-27 21:00:00,988.807
2030-11-27 22:00:00,929.876
2030-11-27 23:00:00,883.562
2030-11-28 00:00:00,825.003
2030-11-28 01:00:00,796.235
2030-11-28 02:00:00,801.133
2030-11-28 03:00:00,818.679
2030-11-28 04:00:00,843.572
2030-11-28 05:00:00,894.443
2030-11-28 06:00:00,996.061
2030-11-28 07:00:00,1079.11
2030-11-28 08:00:00,1181.5339999999999
2030-11-28 09:00:00,1234.761
2030-11-28 10:00:00,1214.239
2030-11-28 11:00:00,1208.163
2030-11-28 12:00:00,1174.311
2030-11-28 13:00:00,1208.69
2030-11-28 14:00:00,1211.9759999999999
2030-11-28 15:00:00,1234.668
2030-11-28 16:00:00,1288.329
2030-11-28 17:00:00,1294.994
2030-11-28 18:00:00,1267.652
2030-11-28 19:00:00,1220.997
2030-11-28 20:00:00,1172.947
2030-11-28 21:00:00,1104.53
2030-11-28 22:00:00,1045.258
2030-11-28 23:00:00,976.159
2030-11-29 00:00:00,899.0
2030-11-29 01:00:00,858.669
2030-11-29 02:00:00,853.058
2030-11-29 03:00:00,863.908
2030-11-29 04:00:00,875.843
2030-11-29 05:00:00,911.276
2030-11-29 06:00:00,987.691
2030-11-29 07:00:00,1059.022
2030-11-29 08:00:00,1120.774
2030-11-29 09:00:00,1151.681
2030-11-29 10:00:00,1125.641
2030-11-29 11:00:00,1140.242
2030-11-29 12:00:00,1083.388
2030-11-29 13:00:00,1115.535
2030-11-29 14:00:00,1153.758
2030-11-29 15:00:00,1195.639
2030-11-29 16:00:00,1245.022
2030-11-29 17:00:00,1241.705
2030-11-29 18:00:00,1214.673
2030-11-29 19:00:00,1165.941
2030-11-29 20:00:00,1115.07
2030-11-29 21:00:00,1051.5819999999999
2030-11-29 22:00:00,1000.37
2030-11-29 23:00:00,945.996
2030-11-30 00:00:00,879.005
2030-11-30 01:00:00,844.967
2030-11-30 02:00:00,838.302
2030-11-30 03:00:00,846.734
2030-11-30 04:00:00,852.345
2030-11-30 05:00:00,870.232
2030-11-30 06:00:00,928.729
2030-11-30 07:00:00,988.28
2030-11-30 08:00:00,1059.704
2030-11-30 09:00:00,1090.425
2030-11-30 10:00:00,1069.19
2030-11-30 11:00:00,1081.373
2030-11-30 12:00:00,1069.128
2030-11-30 13:00:00,1101.151
2030-11-30 14:00:00,1105.925
2030-11-30 15:00:00,1133.918
2030-11-30 16:00:00,1195.67
2030-11-30 17:00:00,1194.6779999999999
2030-11-30 18:00:00,1173.288
2030-11-30 19:00:00,1137.514
2030-11-30 20:00:00,1095.075
2030-11-30 21:00:00,1043.15
2030-11-30 22:00:00,998.262
2030-11-30 23:00:00,947.05
2030-12-01 00:00:00,879.005
2030-12-01 01:00:00,844.285
2030-12-01 02:00:00,843.572
2030-12-01 03:00:00,857.615
2030-12-01 04:00:00,872.34
2030-12-01 05:00:00,906.378
2030-12-01 06:00:00,987.319
2030-12-01 07:00:00,1071.887
2030-12-01 08:00:00,1176.357
2030-12-01 09:00:00,1232.808
2030-12-01 10:00:00,1230.173
2030-12-01 11:00:00,1228.375
2030-12-01 12:00:00,1201.684
2030-12-01 13:00:00,1262.382
2030-12-01 14:00:00,1280.424
2030-12-01 15:00:00,1312.23
2030-12-01 16:00:00,1364.651
2030-12-01 17:00:00,1361.644
2030-12-01 18:00:00,1332.876
2030-12-01 19:00:00,1287.988
2030-12-01 20:00:00,1236.094
2030-12-01 21:00:00,1167.336
2030-12-01 22:00:00,1097.524
2030-12-01 23:00:00,1021.419
2030-12-02 00:00:00,938.99
2030-12-02 01:00:00,899.0
2030-12-02 02:00:00,897.605
2030-12-02 03:00:00,916.887
2030-12-02 04:00:00,961.093
2030-12-02 05:00:00,1008.43
2030-12-02 06:00:00,1091.51
2030-12-02 07:00:00,1151.309
2030-12-02 08:00:00,1219.385
2030-12-02 09:00:00,1239.969
2030-12-02 10:00:00,1217.06
2030-12-02 11:00:00,1189.346
2030-12-02 12:00:00,1140.211
2030-12-02 13:00:00,1184.82
2030-12-02 14:00:00,1204.071
2030-12-02 15:00:00,1256.616
2030-12-02 16:00:00,1317.438
2030-12-02 17:00:00,1340.254
2030-12-02 18:00:00,1325.529
2030-12-02 19:00:00,1289.383
2030-12-02 20:00:00,1245.208
2030-12-02 21:00:00,1184.882
2030-12-02 22:00:00,1128.059
2030-12-02 23:00:00,1058.247
2030-12-03 00:00:00,978.98
2030-12-03 01:00:00,933.72
2030-12-03 02:00:00,918.282
2030-12-03 03:00:00,919.336
2030-12-03 04:00:00,920.731
2030-12-03 05:00:00,937.936
2030-12-03 06:00:00,988.032
2030-12-03 07:00:00,1048.265
2030-12-03 08:00:00,1103.042
2030-12-03 09:00:00,1108.219
2030-12-03 10:00:00,1076.816
2030-12-03 11:00:00,1059.611
2030-12-03 12:00:00,1019.001
2030-12-03 13:00:00,1029.634
2030-12-03 14:00:00,1060.572
2030-12-03 15:00:00,1073.716
2030-12-03 16:00:00,1142.939
2030-12-03 17:00:00,1204.164
2030-12-03 18:00:00,1212.565
2030-12-03 19:00:00,1199.235
2030-12-03 20:00:00,1168.018
2030-12-03 21:00:00,1114.357
2030-12-03 22:00:00,1061.409
2030-12-03 23:00:00,1002.819
2030-12-04 00:00:00,934.061
2030-12-04 01:00:00,894.784
2030-12-04 02:00:00,884.275
2030-12-04 03:00:00,889.514
2030-12-04 04:00:00,891.622
2030-12-04 05:00:00,906.7189999999999
2030-12-04 06:00:00,945.934
2030-12-04 07:00:00,984.715
2030-12-04 08:00:00,1010.662
2030-12-04 09:00:00,985.614
2030-12-04 10:00:00,952.01
2030-12-04 11:00:00,941.842
2030-12-04 12:00:00,975.415
2030-12-04 13:00:00,936.386
2030-12-04 14:00:00,944.663
2030-12-04 15:00:00,986.637
2030-12-04 16:00:00,1063.362
2030-12-04 17:00:00,1137.514
2030-12-04 18:00:00,1154.688
2030-12-04 19:00:00,1147.341
2030-12-04 20:00:00,1120.681
2030-12-04 21:00:00,1072.631
2030-12-04 22:00:00,1005.981
2030-12-04 23:00:00,946.337
2030-12-05 00:00:00,882.849
2030-12-05 01:00:00,850.578
2030-12-05 02:00:00,848.129
2030-12-05 03:00:00,864.621
2030-12-05 04:00:00,883.221
2030-12-05 05:00:00,936.169
2030-12-05 06:00:00,1053.628
2030-12-05 07:00:00,1180.077
2030-12-05 08:00:00,1302.806
2030-12-05 09:00:00,1360.807
2030-12-05 10:00:00,1345.431
2030-12-05 11:00:00,1331.233
2030-12-05 12:00:00,1293.94
2030-12-05 13:00:00,1354.545
2030-12-05 14:00:00,1397.573
2030-12-05 15:00:00,1448.754
2030-12-05 16:00:00,1506.662
2030-12-05 17:00:00,1497.734
2030-12-05 18:00:00,1468.997
2030-12-05 19:00:00,1414.964
2030-12-05 20:00:00,1360.59
2030-12-05 21:00:00,1290.096
2030-12-05 22:00:00,1213.619
2030-12-05 23:00:00,1149.449
2030-12-06 00:00:00,1077.188
2030-12-06 01:00:00,1046.653
2030-12-06 02:00:00,1032.3
2030-12-06 03:00:00,988.0939999999999
2030-12-06 04:00:00,986.699
2030-12-06 05:00:00,1033.695
2030-12-06 06:00:00,1151.867
2030-12-06 07:00:00,1280.176
2030-12-06 08:00:00,1410.1589999999999
2030-12-06 09:00:00,1474.391
2030-12-06 10:00:00,1453.931
2030-12-06 11:00:00,1421.195
2030-12-06 12:00:00,1352.778
2030-12-06 13:00:00,1380.275
2030-12-06 14:00:00,1391.652
2030-12-06 15:00:00,1421.598
2030-12-06 16:00:00,1478.917
2030-12-06 17:00:00,1489.333
2030-12-06 18:00:00,1463.014
2030-12-06 19:00:00,1418.126
2030-12-06 20:00:00,1368.681
2030-12-06 21:00:00,1294.994
2030-12-06 22:00:00,1218.889
2030-12-06 23:00:00,1134.724
2030-12-07 00:00:00,1041.7549999999999
2030-12-07 01:00:00,996.867
2030-12-07 02:00:00,988.0939999999999
2030-12-07 03:00:00,988.807
2030-12-07 04:00:00,1000.711
2030-12-07 05:00:00,1061.409
2030-12-07 06:00:00,1195.732
2030-12-07 07:00:00,1297.412
2030-12-07 08:00:00,1345.71
2030-12-07 09:00:00,1336.5339999999999
2030-12-07 10:00:00,1280.393
2030-12-07 11:00:00,1246.82
2030-12-07 12:00:00,1185.006
2030-12-07 13:00:00,1219.23
2030-12-07 14:00:00,1253.268
2030-12-07 15:00:00,1280.3
2030-12-07 16:00:00,1353.46
2030-12-07 17:00:00,1387.25
2030-12-07 18:00:00,1381.298
2030-12-07 19:00:00,1349.027
2030-12-07 20:00:00,1311.145
2030-12-07 21:00:00,1247.657
2030-12-07 22:00:00,1184.169
2030-12-07 23:00:00,1109.8
2030-12-08 00:00:00,1020.365
2030-12-08 01:00:00,978.2669999999999
2030-12-08 02:00:00,970.889
2030-12-08 03:00:00,975.818
2030-12-08 04:00:00,994.046
2030-12-08 05:00:00,1055.798
2030-12-08 06:00:00,1189.78
2030-12-08 07:00:00,1276.828
2030-12-08 08:00:00,1321.065
2030-12-08 09:00:00,1317.717
2030-12-08 10:00:00,1267.094
2030-12-08 11:00:00,1228.282
2030-12-08 12:00:00,1174.59
2030-12-08 13:00:00,1212.72
2030-12-08 14:00:00,1231.103
2030-12-08 15:00:00,1267.156
2030-12-08 16:00:00,1335.511
2030-12-08 17:00:00,1379.19
2030-12-08 18:00:00,1373.238
2030-12-08 19:00:00,1340.595
2030-12-08 20:00:00,1298.869
2030-12-08 21:00:00,1236.435
2030-12-08 22:00:00,1168.731
2030-12-08 23:00:00,1094.021
2030-12-09 00:00:00,1010.879
2030-12-09 01:00:00,971.943
2030-12-09 02:00:00,962.829
2030-12-09 03:00:00,967.045
2030-12-09 04:00:00,983.878
2030-12-09 05:00:00,1045.6299999999999
2030-12-09 06:00:00,1175.396
2030-12-09 07:00:00,1273.108
2030-12-09 08:00:00,1342.145
2030-12-09 09:00:00,1353.181
2030-12-09 10:00:00,1299.489
2030-12-09 11:00:00,1253.33
2030-12-09 12:00:00,1188.509
2030-12-09 13:00:00,1215.913
2030-12-09 14:00:00,1239.783
2030-12-09 15:00:00,1275.123
2030-12-09 16:00:00,1340.068
2030-12-09 17:00:00,1365.86
2030-12-09 18:00:00,1350.081
2030-12-09 19:00:00,1316.043
2030-12-09 20:00:00,1272.209
2030-12-09 21:00:00,1210.829
2030-12-09 22:00:00,1153.293
2030-12-09 23:00:00,1079.978
2030-12-10 00:00:00,999.316
2030-12-10 01:00:00,960.721
2030-12-10 02:00:00,947.391
2030-12-10 03:00:00,941.439
2030-12-10 04:00:00,943.888
2030-12-10 05:00:00,968.099
2030-12-10 06:00:00,1026.317
2030-12-10 07:00:00,1087.821
2030-12-10 08:00:00,1110.513
2030-12-10 09:00:00,1088.72
2030-12-10 10:00:00,1035.028
2030-12-10 11:00:00,996.216
2030-12-10 12:00:00,968.905
2030-12-10 13:00:00,974.733
2030-12-10 14:00:00,998.417
2030-12-10 15:00:00,1033.354
2030-12-10 16:00:00,1096.966
2030-12-10 17:00:00,1163.12
2030-12-10 18:00:00,1176.791
2030-12-10 19:00:00,1161.353
2030-12-10 20:00:00,1135.747
2030-12-10 21:00:00,1088.069
2030-12-10 22:00:00,1039.306
2030-12-10 23:00:00,980.034
2030-12-11 00:00:00,915.833
2030-12-11 01:00:00,879.718
2030-12-11 02:00:00,872.681
2030-12-11 03:00:00,876.556
2030-12-11 04:00:00,884.275
2030-12-11 05:00:00,900.054
2030-12-11 06:00:00,941.439
2030-12-11 07:00:00,990.667
2030-12-11 08:00:00,1032.858
2030-12-11 09:00:00,1020.334
2030-12-11 10:00:00,995.224
2030-12-11 11:00:00,968.533
2030-12-11 12:00:00,941.284
2030-12-11 13:00:00,943.237
2030-12-11 14:00:00,969.742
2030-12-11 15:00:00,1045.692
2030-12-11 16:00:00,1135.654
2030-12-11 17:00:00,1198.894
2030-12-11 18:00:00,1210.116
2030-12-11 19:00:00,1197.84
2030-12-11 20:00:00,1166.623
2030-12-11 21:00:00,1117.1779999999999
2030-12-11 22:00:00,1045.971
2030-12-11 23:00:00,981.429
2030-12-12 00:00:00,906.378
2030-12-12 01:00:00,873.394
2030-12-12 02:00:00,871.627
2030-12-12 03:00:00,883.903
2030-12-12 04:00:00,912.671
2030-12-12 05:00:00,978.608
2030-12-12 06:00:00,1113.675
2030-12-12 07:00:00,1220.439
2030-12-12 08:00:00,1274.968
2030-12-12 09:00:00,1280.982
2030-12-12 10:00:00,1239.845
2030-12-12 11:00:00,1215.448
2030-12-12 12:00:00,1170.188
2030-12-12 13:00:00,1215.603
2030-12-12 14:00:00,1253.02
2030-12-12 15:00:00,1289.321
2030-12-12 16:00:00,1370.231
2030-12-12 17:00:00,1412.515
2030-12-12 18:00:00,1401.293
2030-12-12 19:00:00,1367.2549999999999
2030-12-12 20:00:00,1325.529
2030-12-12 21:00:00,1262.723
2030-12-12 22:00:00,1189.067
2030-12-12 23:00:00,1108.064
2030-12-13 00:00:00,1019.652
2030-12-13 01:00:00,972.656
2030-12-13 02:00:00,957.218
2030-12-13 03:00:00,954.428
2030-12-13 04:00:00,967.045
2030-12-13 05:00:00,1026.317
2030-12-13 06:00:00,1161.012
2030-12-13 07:00:00,1285.415
2030-12-13 08:00:00,1420.885
2030-12-13 09:00:00,1473.461
2030-12-13 10:00:00,1425.783
2030-12-13 11:00:00,1384.026
2030-12-13 12:00:00,1314.586
2030-12-13 13:00:00,1367.348
2030-12-13 14:00:00,1345.865
2030-12-13 15:00:00,1362.543
2030-12-13 16:00:00,1426.0
2030-12-13 17:00:00,1457.062
2030-12-13 18:00:00,1442.337
2030-12-13 19:00:00,1402.347
2030-12-13 20:00:00,1354.979
2030-12-13 21:00:00,1283.09
2030-12-13 22:00:00,1201.002
2030-12-13 23:00:00,1116.124
2030-12-14 00:00:00,1024.922
2030-12-14 01:00:00,980.375
2030-12-14 02:00:00,971.261
2030-12-14 03:00:00,974.764
2030-12-14 04:00:00,995.1
2030-12-14 05:00:00,1054.372
2030-12-14 06:00:00,1180.635
2030-12-14 07:00:00,1272.891
2030-12-14 08:00:00,1329.993
2030-12-14 09:00:00,1311.114
2030-12-14 10:00:00,1251.532
2030-12-14 11:00:00,1220.749
2030-12-14 12:00:00,1163.895
2030-12-14 13:00:00,1199.948
2030-12-14 14:00:00,1233.645
2030-12-14 15:00:00,1298.404
2030-12-14 16:00:00,1389.265
2030-12-14 17:00:00,1435.3
2030-12-14 18:00:00,1429.689
2030-12-14 19:00:00,1399.526
2030-12-14 20:00:00,1359.908
2030-12-14 21:00:00,1295.366
2030-12-14 22:00:00,1224.5
2030-12-14 23:00:00,1146.628
2030-12-15 00:00:00,1058.588
2030-12-15 01:00:00,1017.544
2030-12-15 02:00:00,1008.0889999999999
2030-12-15 03:00:00,1009.484
2030-12-15 04:00:00,1027.371
2030-12-15 05:00:00,1088.751
2030-12-15 06:00:00,1230.452
2030-12-15 07:00:00,1343.23
2030-12-15 08:00:00,1405.23
2030-12-15 09:00:00,1377.02
2030-12-15 10:00:00,1302.124
2030-12-15 11:00:00,1261.08
2030-12-15 12:00:00,1199.607
2030-12-15 13:00:00,1232.653
2030-12-15 14:00:00,1255.965
2030-12-15 15:00:00,1308.231
2030-12-15 16:00:00,1390.474
2030-12-15 17:00:00,1444.786
2030-12-15 18:00:00,1441.283
2030-12-15 19:00:00,1410.407
2030-12-15 20:00:00,1368.681
2030-12-15 21:00:00,1306.588
2030-12-15 22:00:00,1233.273
2030-12-15 23:00:00,1157.168
2030-12-16 00:00:00,1068.415
2030-12-16 01:00:00,1025.263
2030-12-16 02:00:00,1011.251
2030-12-16 03:00:00,1012.646
2030-12-16 04:00:00,1026.317
2030-12-16 05:00:00,1094.021
2030-12-16 06:00:00,1239.938
2030-12-16 07:00:00,1346.113
2030-12-16 08:00:00,1380.864
2030-12-16 09:00:00,1357.986
2030-12-16 10:00:00,1290.778
2030-12-16 11:00:00,1245.27
2030-12-16 12:00:00,1182.061
2030-12-16 13:00:00,1211.232
2030-12-16 14:00:00,1241.333
2030-12-16 15:00:00,1286.407
2030-12-16 16:00:00,1357.831
2030-12-16 17:00:00,1400.58
2030-12-16 18:00:00,1392.861
2030-12-16 19:00:00,1363.411
2030-12-16 20:00:00,1324.134
2030-12-16 21:00:00,1268.334
2030-12-16 22:00:00,1206.272
2030-12-16 23:00:00,1136.801
2030-12-17 00:00:00,1053.318
2030-12-17 01:00:00,1007.376
2030-12-17 02:00:00,988.435
2030-12-17 03:00:00,978.608
2030-12-17 04:00:00,972.997
2030-12-17 05:00:00,995.472
2030-12-17 06:00:00,1059.642
2030-12-17 07:00:00,1140.862
2030-12-17 08:00:00,1244.836
2030-12-17 09:00:00,1293.01
2030-12-17 10:00:00,1277.541
2030-12-17 11:00:00,1237.985
2030-12-17 12:00:00,1209.62
2030-12-17 13:00:00,1204.009
2030-12-17 14:00:00,1214.487
2030-12-17 15:00:00,1239.814
2030-12-17 16:00:00,1305.41
2030-12-17 17:00:00,1332.535
2030-12-17 18:00:00,1328.691
2030-12-17 19:00:00,1304.48
2030-12-17 20:00:00,1268.706
2030-12-17 21:00:00,1209.775
2030-12-17 22:00:00,1146.628
2030-12-17 23:00:00,1080.35
2030-12-18 00:00:00,1004.927
2030-12-18 01:00:00,960.721
2030-12-18 02:00:00,938.99
2030-12-18 03:00:00,929.876
2030-12-18 04:00:00,926.7139999999999
2030-12-18 05:00:00,943.888
2030-12-18 06:00:00,994.046
2030-12-18 07:00:00,1063.3
2030-12-18 08:00:00,1096.997
2030-12-18 09:00:00,1067.144
2030-12-18 10:00:00,1009.174
2030-12-18 11:00:00,1002.323
2030-12-18 12:00:00,997.549
2030-12-18 13:00:00,983.0409999999999
2030-12-18 14:00:00,1016.645
2030-12-18 15:00:00,1091.169
2030-12-18 16:00:00,1201.126
2030-12-18 17:00:00,1308.324
2030-12-18 18:00:00,1341.308
2030-12-18 19:00:00,1340.254
2030-12-18 20:00:00,1319.205
2030-12-18 21:00:00,1274.317
2030-12-18 22:00:00,1203.11
2030-12-18 23:00:00,1141.73
2030-12-19 00:00:00,1074.367
2030-12-19 01:00:00,1038.593
2030-12-19 02:00:00,1031.9279999999999
2030-12-19 03:00:00,1014.754
2030-12-19 04:00:00,1020.706
2030-12-19 05:00:00,1095.788
2030-12-19 06:00:00,1264.831
2030-12-19 07:00:00,1405.168
2030-12-19 08:00:00,1458.829
2030-12-19 09:00:00,1444.91
2030-12-19 10:00:00,1377.361
2030-12-19 11:00:00,1335.17
2030-12-19 12:00:00,1271.558
2030-12-19 13:00:00,1306.929
2030-12-19 14:00:00,1333.062
2030-12-19 15:00:00,1389.141
2030-12-19 16:00:00,1483.908
2030-12-19 17:00:00,1539.491
2030-12-19 18:00:00,1535.988
2030-12-19 19:00:00,1503.345
2030-12-19 20:00:00,1464.4089999999999
2030-12-19 21:00:00,1399.898
2030-12-19 22:00:00,1319.918
2030-12-19 23:00:00,1233.986
2030-12-20 00:00:00,1137.514
2030-12-20 01:00:00,1088.751
2030-12-20 02:00:00,1071.918
2030-12-20 03:00:00,1068.415
2030-12-20 04:00:00,1084.907
2030-12-20 05:00:00,1161.725
2030-12-20 06:00:00,1331.822
2030-12-20 07:00:00,1455.419
2030-12-20 08:00:00,1494.014
2030-12-20 09:00:00,1465.029
2030-12-20 10:00:00,1386.661
2030-12-20 11:00:00,1326.459
2030-12-20 12:00:00,1256.213
2030-12-20 13:00:00,1286.252
2030-12-20 14:00:00,1316.539
2030-12-20 15:00:00,1372.525
2030-12-20 16:00:00,1465.277
2030-12-20 17:00:00,1521.945
2030-12-20 18:00:00,1520.891
2030-12-20 19:00:00,1490.387
2030-12-20 20:00:00,1453.187
2030-12-20 21:00:00,1393.574
2030-12-20 22:00:00,1315.702
2030-12-20 23:00:00,1231.506
2030-12-21 00:00:00,1134.724
2030-12-21 01:00:00,1083.853
2030-12-21 02:00:00,1062.804
2030-12-21 03:00:00,1050.187
2030-12-21 04:00:00,1060.355
2030-12-21 05:00:00,1127.0049999999999
2030-12-21 06:00:00,1279.215
2030-12-21 07:00:00,1403.122
2030-12-21 08:00:00,1495.378
2030-12-21 09:00:00,1521.17
2030-12-21 10:00:00,1459.294
2030-12-21 11:00:00,1396.953
2030-12-21 12:00:00,1328.257
2030-12-21 13:00:00,1370.913
2030-12-21 14:00:00,1378.384
2030-12-21 15:00:00,1391.807
2030-12-21 16:00:00,1470.888
2030-12-21 17:00:00,1515.28
2030-12-21 18:00:00,1502.291
2030-12-21 19:00:00,1466.176
2030-12-21 20:00:00,1415.677
2030-12-21 21:00:00,1343.757
2030-12-21 22:00:00,1258.166
2030-12-21 23:00:00,1168.39
2030-12-22 00:00:00,1069.128
2030-12-22 01:00:00,1016.49
2030-12-22 02:00:00,997.921
2030-12-22 03:00:00,992.651
2030-12-22 04:00:00,1009.825
2030-12-22 05:00:00,1073.313
2030-12-22 06:00:00,1212.565
2030-12-22 07:00:00,1367.689
2030-12-22 08:00:00,1515.931
2030-12-22 09:00:00,1586.859
2030-12-22 10:00:00,1558.556
2030-12-22 11:00:00,1491.844
2030-12-22 12:00:00,1382.4759999999999
2030-12-22 13:00:00,1394.6589999999999
2030-12-22 14:00:00,1387.25
2030-12-22 15:00:00,1406.501
2030-12-22 16:00:00,1462.208
2030-12-22 17:00:00,1478.793
2030-12-22 18:00:00,1461.619
2030-12-22 19:00:00,1419.18
2030-12-22 20:00:00,1370.417
2030-12-22 21:00:00,1315.361
2030-12-22 22:00:00,1242.387
2030-12-22 23:00:00,1160.671
2030-12-23 00:00:00,1070.523
2030-12-23 01:00:00,1027.712
2030-12-23 02:00:00,1018.257
2030-12-23 03:00:00,1019.311
2030-12-23 04:00:00,1035.09
2030-12-23 05:00:00,1103.135
2030-12-23 06:00:00,1251.873
2030-12-23 07:00:00,1369.735
2030-12-23 08:00:00,1429.441
2030-12-23 09:00:00,1432.138
2030-12-23 10:00:00,1380.027
2030-12-23 11:00:00,1342.951
2030-12-23 12:00:00,1291.77
2030-12-23 13:00:00,1328.102
2030-12-23 14:00:00,1364.806
2030-12-23 15:00:00,1432.262
2030-12-23 16:00:00,1524.704
2030-12-23 17:00:00,1578.055
2030-12-23 18:00:00,1573.498
2030-12-23 19:00:00,1544.048
2030-12-23 20:00:00,1504.058
2030-12-23 21:00:00,1443.732
2030-12-23 22:00:00,1365.519
2030-12-23 23:00:00,1291.491
2030-12-24 00:00:00,1193.283
2030-12-24 01:00:00,1130.508
2030-12-24 02:00:00,1099.291
2030-12-24 03:00:00,1079.296
2030-12-24 04:00:00,1070.864
2030-12-24 05:00:00,1096.47
2030-12-24 06:00:00,1179.612
2030-12-24 07:00:00,1255.872
2030-12-24 08:00:00,1295.397
2030-12-24 09:00:00,1275.681
2030-12-24 10:00:00,1198.057
2030-12-24 11:00:00,1143.745
2030-12-24 12:00:00,1098.206
2030-12-24 13:00:00,1085.558
2030-12-24 14:00:00,1100.748
2030-12-24 15:00:00,1155.494
2030-12-24 16:00:00,1246.479
2030-12-24 17:00:00,1331.14
2030-12-24 18:00:00,1346.919
2030-12-24 19:00:00,1332.876
2030-12-24 20:00:00,1306.216
2030-12-24 21:00:00,1260.274
2030-12-24 22:00:00,1200.661
2030-12-24 23:00:00,1144.179
2030-12-25 00:00:00,1065.594
2030-12-25 01:00:00,1016.862
2030-12-25 02:00:00,994.418
2030-12-25 03:00:00,980.375
2030-12-25 04:00:00,976.872
2030-12-25 05:00:00,997.549
2030-12-25 06:00:00,1062.804
2030-12-25 07:00:00,1133.856
2030-12-25 08:00:00,1145.729
2030-12-25 09:00:00,1101.6779999999999
2030-12-25 10:00:00,1041.848
2030-12-25 11:00:00,1008.275
2030-12-25 12:00:00,988.9
2030-12-25 13:00:00,987.939
2030-12-25 14:00:00,1011.778
2030-12-25 15:00:00,1077.839
2030-12-25 16:00:00,1171.18
2030-12-25 17:00:00,1274.999
2030-12-25 18:00:00,1306.588
2030-12-25 19:00:00,1303.426
2030-12-25 20:00:00,1286.252
2030-12-25 21:00:00,1243.782
2030-12-25 22:00:00,1170.839
2030-12-25 23:00:00,1103.135
2030-12-26 00:00:00,1028.084
2030-12-26 01:00:00,988.0939999999999
2030-12-26 02:00:00,974.423
2030-12-26 03:00:00,971.943
2030-12-26 04:00:00,991.256
2030-12-26 05:00:00,1062.804
2030-12-26 06:00:00,1217.122
2030-12-26 07:00:00,1353.522
2030-12-26 08:00:00,1427.209
2030-12-26 09:00:00,1407.958
2030-12-26 10:00:00,1338.084
2030-12-26 11:00:00,1292.762
2030-12-26 12:00:00,1238.512
2030-12-26 13:00:00,1272.55
2030-12-26 14:00:00,1298.218
2030-12-26 15:00:00,1344.718
2030-12-26 16:00:00,1429.999
2030-12-26 17:00:00,1481.614
2030-12-26 18:00:00,1477.057
2030-12-26 19:00:00,1445.84
2030-12-26 20:00:00,1406.191
2030-12-26 21:00:00,1350.422
2030-12-26 22:00:00,1274.317
2030-12-26 23:00:00,1189.439
2030-12-27 00:00:00,1094.734
2030-12-27 01:00:00,1046.653
2030-12-27 02:00:00,1027.03
2030-12-27 03:00:00,1022.473
2030-12-27 04:00:00,1034.377
2030-12-27 05:00:00,1102.794
2030-12-27 06:00:00,1244.836
2030-12-27 07:00:00,1363.535
2030-12-27 08:00:00,1415.119
2030-12-27 09:00:00,1379.438
2030-12-27 10:00:00,1294.436
2030-12-27 11:00:00,1235.97
2030-12-27 12:00:00,1172.358
2030-12-27 13:00:00,1196.135
2030-12-27 14:00:00,1216.347
2030-12-27 15:00:00,1271.0
2030-12-27 16:00:00,1356.808
2030-12-27 17:00:00,1411.461
2030-12-27 18:00:00,1411.461
2030-12-27 19:00:00,1387.622
2030-12-27 20:00:00,1348.686
2030-12-27 21:00:00,1296.048
2030-12-27 22:00:00,1229.77
2030-12-27 23:00:00,1155.06
2030-12-28 00:00:00,1068.415
2030-12-28 01:00:00,1022.101
2030-12-28 02:00:00,1004.586
2030-12-28 03:00:00,996.154
2030-12-28 04:00:00,1003.16
2030-12-28 05:00:00,1057.193
2030-12-28 06:00:00,1181.348
2030-12-28 07:00:00,1293.072
2030-12-28 08:00:00,1376.431
2030-12-28 09:00:00,1337.588
2030-12-28 10:00:00,1246.541
2030-12-28 11:00:00,1183.952
2030-12-28 12:00:00,1114.233
2030-12-28 13:00:00,1122.355
2030-12-28 14:00:00,1135.747
2030-12-28 15:00:00,1172.885
2030-12-28 16:00:00,1242.17
2030-12-28 17:00:00,1307.642
2030-12-28 18:00:00,1313.253
2030-12-28 19:00:00,1294.653
2030-12-28 20:00:00,1269.388
2030-12-28 21:00:00,1221.71
2030-12-28 22:00:00,1154.006
2030-12-28 23:00:00,1087.015
2030-12-29 00:00:00,1004.586
2030-12-29 01:00:00,960.039
2030-12-29 02:00:00,942.152
2030-12-29 03:00:00,930.93
2030-12-29 04:00:00,932.6659999999999
2030-12-29 05:00:00,969.494
2030-12-29 06:00:00,1056.139
2030-12-29 07:00:00,1133.701
2030-12-29 08:00:00,1145.078
2030-12-29 09:00:00,1079.761
2030-12-29 10:00:00,1007.283
2030-12-29 11:00:00,960.783
2030-12-29 12:00:00,933.875
2030-12-29 13:00:00,928.605
2030-12-29 14:00:00,945.562
2030-12-29 15:00:00,998.572
2030-12-29 16:00:00,1081.249
2030-12-29 17:00:00,1174.683
2030-12-29 18:00:00,1194.337
2030-12-29 19:00:00,1185.905
2030-12-29 20:00:00,1169.072
2030-12-29 21:00:00,1124.525
2030-12-29 22:00:00,1071.236
2030-12-29 23:00:00,1013.359
2030-12-30 00:00:00,939.331
2030-12-30 01:00:00,901.449
2030-12-30 02:00:00,890.227
2030-12-30 03:00:00,885.329
2030-12-30 04:00:00,886.724
2030-12-30 05:00:00,914.438
2030-12-30 06:00:00,988.0939999999999
2030-12-30 07:00:00,1062.618
2030-12-30 08:00:00,1093.339
2030-12-30 09:00:00,1047.986
2030-12-30 10:00:00,983.475
2030-12-30 11:00:00,945.903
2030-12-30 12:00:00,925.908
2030-12-30 13:00:00,911.896
2030-12-30 14:00:00,919.429
2030-12-30 15:00:00,973.121
2030-12-30 16:00:00,1061.998
2030-12-30 17:00:00,1158.563
2030-12-30 18:00:00,1185.223
2030-12-30 19:00:00,1182.402
2030-12-30 20:00:00,1168.731
2030-12-30 21:00:00,1130.508
2030-12-30 22:00:00,1071.918
2030-12-30 23:00:00,1021.76
2030-12-31 00:00:00,951.607
2030-12-31 01:00:00,914.438
2030-12-31 02:00:00,898.659
2030-12-31 03:00:00,888.46
2030-12-31 04:00:00,887.0649999999999
2030-12-31 05:00:00,906.378
2030-12-31 06:00:00,960.38
2030-12-31 07:00:00,1029.882
2030-12-31 08:00:00,1069.593
2030-12-31 09:00:00,1049.474
2030-12-31 10:00:00,1002.943
2030-12-31 11:00:00,971.261
2030-12-31 12:00:00,952.723
2030-12-31 13:00:00,925.598
2030-12-31 14:00:00,928.016
2030-12-31 15:00:00,973.896
2030-12-31 16:00:00,1059.797
2030-12-31 17:00:00,1162.066
2030-12-31 18:00:00,1188.385
2030-12-31 19:00:00,1176.45
2030-12-31 20:00:00,1155.06
2030-12-31 21:00:00,1124.525
2030-12-31 22:00:00,1084.535
2030-12-31 23:00:00,1070.523
