snapshot,0
2030-01-01 00:00:00,0.007989729070872925
2030-01-01 01:00:00,0.007838952572732915
2030-01-01 02:00:00,0.0075092103829470375
2030-01-01 03:00:00,0.007556210208501021
2030-01-01 04:00:00,0.007234783663062648
2030-01-01 05:00:00,0.007063960629991692
2030-01-01 06:00:00,0.006215833161198904
2030-01-01 07:00:00,1.4360090485521944
2030-01-01 08:00:00,948.4265161885714
2030-01-01 09:00:00,2405.05699030024
2030-01-01 10:00:00,3480.827482525236
2030-01-01 11:00:00,3943.973623651467
2030-01-01 12:00:00,3865.2545392022253
2030-01-01 13:00:00,3259.889146050572
2030-01-01 14:00:00,2105.424304740741
2030-01-01 15:00:00,503.5744027770038
2030-01-01 16:00:00,0.005578804911100093
2030-01-01 17:00:00,0.0057216573278692385
2030-01-01 18:00:00,0.006090767365846357
2030-01-01 19:00:00,0.006286901121493443
2030-01-01 20:00:00,0.0063971417504012605
2030-01-01 21:00:00,0.0065720068286536145
2030-01-01 22:00:00,0.0066275492618169205
2030-01-01 23:00:00,0.006898845975902609
2030-01-02 00:00:00,0.0068241407029459075
2030-01-02 01:00:00,0.00654982862122764
2030-01-02 02:00:00,0.0064296881779321476
2030-01-02 03:00:00,0.006357680611859538
2030-01-02 04:00:00,0.006134875574208576
2030-01-02 05:00:00,0.005664670038911191
2030-01-02 06:00:00,0.005259786144407599
2030-01-02 07:00:00,0.005658462549512246
2030-01-02 08:00:00,546.4983677915961
2030-01-02 09:00:00,1855.7520712596636
2030-01-02 10:00:00,2896.282168043166
2030-01-02 11:00:00,3467.4234945365356
2030-01-02 12:00:00,3421.3281644907556
2030-01-02 13:00:00,2869.5768748930977
2030-01-02 14:00:00,1757.9168248333553
2030-01-02 15:00:00,246.1860996676732
2030-01-02 16:00:00,0.005403733930074929
2030-01-02 17:00:00,0.005845830676414098
2030-01-02 18:00:00,0.006225693747527974
2030-01-02 19:00:00,0.006536141391691919
2030-01-02 20:00:00,0.006731266391034148
2030-01-02 21:00:00,0.007049485394851215
2030-01-02 22:00:00,0.007501209584746126
2030-01-02 23:00:00,0.00802090091345101
2030-01-03 00:00:00,0.00834579151295934
2030-01-03 01:00:00,0.008707659199530086
2030-01-03 02:00:00,0.008500739846418666
2030-01-03 03:00:00,0.007948547844306274
2030-01-03 04:00:00,0.007991309829176865
2030-01-03 05:00:00,0.00686690614562906
2030-01-03 06:00:00,0.006164675846784446
2030-01-03 07:00:00,3.1686472732827533
2030-01-03 08:00:00,874.4905276268547
2030-01-03 09:00:00,2376.5869489107017
2030-01-03 10:00:00,3358.909777319895
2030-01-03 11:00:00,3772.355399030715
2030-01-03 12:00:00,3674.6610846390595
2030-01-03 13:00:00,3011.567097004926
2030-01-03 14:00:00,1875.4040000133414
2030-01-03 15:00:00,240.84860272183835
2030-01-03 16:00:00,0.004751331149697441
2030-01-03 17:00:00,0.004919173538436837
2030-01-03 18:00:00,0.005207098847796741
2030-01-03 19:00:00,0.005427569468427694
2030-01-03 20:00:00,0.00558026411401879
2030-01-03 21:00:00,0.005648085574109011
2030-01-03 22:00:00,0.005682862763989886
2030-01-03 23:00:00,0.005697160624767316
2030-01-04 00:00:00,0.005875257191305522
2030-01-04 01:00:00,0.0058465086211009374
2030-01-04 02:00:00,0.005776976803565462
2030-01-04 03:00:00,0.005706051646367911
2030-01-04 04:00:00,0.00551015174056971
2030-01-04 05:00:00,0.00529419582627836
2030-01-04 06:00:00,0.005023508421897806
2030-01-04 07:00:00,0.005068328821466749
2030-01-04 08:00:00,148.0606403943437
2030-01-04 09:00:00,1631.4736932739963
2030-01-04 10:00:00,2691.0798224179994
2030-01-04 11:00:00,3144.1988359898055
2030-01-04 12:00:00,2985.53839682477
2030-01-04 13:00:00,2313.584843457348
2030-01-04 14:00:00,1087.3604038860753
2030-01-04 15:00:00,51.53492673803679
2030-01-04 16:00:00,0.005514763203231406
2030-01-04 17:00:00,0.005925416284551164
2030-01-04 18:00:00,0.006325925091866188
2030-01-04 19:00:00,0.006593557380884053
2030-01-04 20:00:00,0.006881034608237111
2030-01-04 21:00:00,0.007188728708316449
2030-01-04 22:00:00,0.007367969419848517
2030-01-04 23:00:00,0.007480858579860964
2030-01-05 00:00:00,0.0077069150428390725
2030-01-05 01:00:00,0.007851217736711684
2030-01-05 02:00:00,0.007982619632860604
2030-01-05 03:00:00,0.00838004251907175
2030-01-05 04:00:00,0.009020029697634796
2030-01-05 05:00:00,0.00867110870491649
2030-01-05 06:00:00,0.008254625986115885
2030-01-05 07:00:00,0.009302252160432862
2030-01-05 08:00:00,73.86507742090208
2030-01-05 09:00:00,784.5644548722047
2030-01-05 10:00:00,1723.4157425690066
2030-01-05 11:00:00,1971.6145426825892
2030-01-05 12:00:00,1847.073177782061
2030-01-05 13:00:00,1038.4121821436324
2030-01-05 14:00:00,126.52110501143092
2030-01-05 15:00:00,16.791726981822418
2030-01-05 16:00:00,0.015049760114812977
2030-01-05 17:00:00,0.01613487273535539
2030-01-05 18:00:00,0.0168013128935706
2030-01-05 19:00:00,0.016849048086313552
2030-01-05 20:00:00,0.01703867913749821
2030-01-05 21:00:00,0.017131868836905758
2030-01-05 22:00:00,0.017297345734854593
2030-01-05 23:00:00,0.017373941825376153
2030-01-06 00:00:00,0.017751010779702384
2030-01-06 01:00:00,0.017722632315233015
2030-01-06 02:00:00,0.017775330088296595
2030-01-06 03:00:00,0.017816140844710348
2030-01-06 04:00:00,0.017820328700648154
2030-01-06 05:00:00,0.01780340936515306
2030-01-06 06:00:00,0.017763633539802322
2030-01-06 07:00:00,0.019340527308276532
2030-01-06 08:00:00,9.328280507140283
2030-01-06 09:00:00,43.67012675841997
2030-01-06 10:00:00,31.505533539476012
2030-01-06 11:00:00,128.18286926033358
2030-01-06 12:00:00,33.55245355740227
2030-01-06 13:00:00,12.878334495188222
2030-01-06 14:00:00,443.8634627632584
2030-01-06 15:00:00,0.07128361385375166
2030-01-06 16:00:00,33.65007529209908
2030-01-06 17:00:00,37.37694192242333
2030-01-06 18:00:00,0.061586419275053275
2030-01-06 19:00:00,0.05879146374885723
2030-01-06 20:00:00,0.054873301484624507
2030-01-06 21:00:00,0.029519359419216948
2030-01-06 22:00:00,0.026283110258263173
2030-01-06 23:00:00,0.025360507367081037
2030-01-07 00:00:00,0.02448834986397111
2030-01-07 01:00:00,0.024196120768877935
2030-01-07 02:00:00,0.02418872874251895
2030-01-07 03:00:00,0.024473134441377796
2030-01-07 04:00:00,0.024808451087124893
2030-01-07 05:00:00,0.025582970396519494
2030-01-07 06:00:00,0.026426340250530252
2030-01-07 07:00:00,0.03203780046596338
2030-01-07 08:00:00,5.0607180305444235
2030-01-07 09:00:00,49.22484288161264
2030-01-07 10:00:00,354.09008779652135
2030-01-07 11:00:00,1047.120996858157
2030-01-07 12:00:00,1036.3916862456506
2030-01-07 13:00:00,420.8826394795681
2030-01-07 14:00:00,58.332060617560664
2030-01-07 15:00:00,10.102366341579735
2030-01-07 16:00:00,0.016870109929819736
2030-01-07 17:00:00,1.0708655159200133
2030-01-07 18:00:00,1.044385819187606
2030-01-07 19:00:00,0.9822355296337192
2030-01-07 20:00:00,0.7857526782182833
2030-01-07 21:00:00,0.015860374567548973
2030-01-07 22:00:00,0.015527498869689422
2030-01-07 23:00:00,0.015287468343319097
2030-01-08 00:00:00,0.01498828406228797
2030-01-08 01:00:00,0.014983428938158603
2030-01-08 02:00:00,0.014903396454329592
2030-01-08 03:00:00,0.014832612583968055
2030-01-08 04:00:00,0.014722665662082855
2030-01-08 05:00:00,0.014606330711924187
2030-01-08 06:00:00,0.01451004030579411
2030-01-08 07:00:00,0.014957794782935047
2030-01-08 08:00:00,16.779151160909677
2030-01-08 09:00:00,143.70288227568997
2030-01-08 10:00:00,780.3444583485854
2030-01-08 11:00:00,1473.6595918516298
2030-01-08 12:00:00,1616.6029657693057
2030-01-08 13:00:00,1148.5831205286427
2030-01-08 14:00:00,203.22691016599688
2030-01-08 15:00:00,16.99132832649937
2030-01-08 16:00:00,0.007472260077497734
2030-01-08 17:00:00,0.007692862816481216
2030-01-08 18:00:00,0.007864360274006712
2030-01-08 19:00:00,0.008032129877729811
2030-01-08 20:00:00,0.008120197113613245
2030-01-08 21:00:00,0.008143829230666184
2030-01-08 22:00:00,0.008213151306797539
2030-01-08 23:00:00,0.008355692536720907
2030-01-09 00:00:00,0.009275179679158398
2030-01-09 01:00:00,0.010329244975223738
2030-01-09 02:00:00,0.011476548624948707
2030-01-09 03:00:00,2.559125792737097
2030-01-09 04:00:00,5.44113541941895
2030-01-09 05:00:00,1.4067073650203288
2030-01-09 06:00:00,0.009930638186098167
2030-01-09 07:00:00,8.394112637367575
2030-01-09 08:00:00,676.2684579586207
2030-01-09 09:00:00,1958.3755255992014
2030-01-09 10:00:00,2921.281804958777
2030-01-09 11:00:00,3440.5230934663055
2030-01-09 12:00:00,3584.2796894815338
2030-01-09 13:00:00,3096.4727502256105
2030-01-09 14:00:00,1975.3209060047213
2030-01-09 15:00:00,433.00066423978296
2030-01-09 16:00:00,0.005645094235693275
2030-01-09 17:00:00,0.005564154521274503
2030-01-09 18:00:00,0.005710308505224922
2030-01-09 19:00:00,0.0057753165242037195
2030-01-09 20:00:00,0.006012314662212852
2030-01-09 21:00:00,0.006020124552754164
2030-01-09 22:00:00,0.0061583322529674776
2030-01-09 23:00:00,0.006486136061881783
2030-01-10 00:00:00,0.00784161945143611
2030-01-10 01:00:00,0.0505339062173858
2030-01-10 02:00:00,0.36829764280429733
2030-01-10 03:00:00,1.6574116127395642
2030-01-10 04:00:00,1.2688968699522243
2030-01-10 05:00:00,0.007828483765852746
2030-01-10 06:00:00,0.00797536554324103
2030-01-10 07:00:00,5.4059270038970135
2030-01-10 08:00:00,655.4715958802401
2030-01-10 09:00:00,1731.1136066243926
2030-01-10 10:00:00,2657.8954847647065
2030-01-10 11:00:00,3072.1458887692784
2030-01-10 12:00:00,2807.3080072560692
2030-01-10 13:00:00,2176.3420125126213
2030-01-10 14:00:00,1263.929107212935
2030-01-10 15:00:00,94.96608730619919
2030-01-10 16:00:00,0.0065490272733707755
2030-01-10 17:00:00,0.006798494810079054
2030-01-10 18:00:00,0.007307143810453418
2030-01-10 19:00:00,0.007780380454310502
2030-01-10 20:00:00,0.008230171356650894
2030-01-10 21:00:00,0.008533952525340874
2030-01-10 22:00:00,0.008663236269196841
2030-01-10 23:00:00,0.009063409706231712
2030-01-11 00:00:00,0.009197018019933993
2030-01-11 01:00:00,0.00970821383903216
2030-01-11 02:00:00,0.009722930228151374
2030-01-11 03:00:00,0.009766381105175113
2030-01-11 04:00:00,0.009636056612127025
2030-01-11 05:00:00,0.00945781551700091
2030-01-11 06:00:00,0.009152081935677526
2030-01-11 07:00:00,0.010035911443516364
2030-01-11 08:00:00,52.810506367635774
2030-01-11 09:00:00,265.3955159738343
2030-01-11 10:00:00,914.8593032086973
2030-01-11 11:00:00,1291.4125366794117
2030-01-11 12:00:00,1272.056337726744
2030-01-11 13:00:00,455.5664028758888
2030-01-11 14:00:00,111.36699080501735
2030-01-11 15:00:00,7.877184997214697
2030-01-11 16:00:00,0.013069675425291721
2030-01-11 17:00:00,0.013331263341514651
2030-01-11 18:00:00,0.013316465426191797
2030-01-11 19:00:00,0.013275052773500516
2030-01-11 20:00:00,0.013278462223965955
2030-01-11 21:00:00,0.013311387488195495
2030-01-11 22:00:00,0.013196589657861588
2030-01-11 23:00:00,0.013120252025329269
2030-01-12 00:00:00,0.01302545405875211
2030-01-12 01:00:00,0.013206007896130717
2030-01-12 02:00:00,0.013234126361317594
2030-01-12 03:00:00,0.013153395373084829
2030-01-12 04:00:00,0.013237287256951794
2030-01-12 05:00:00,0.013367576000752666
2030-01-12 06:00:00,0.013449325297824237
2030-01-12 07:00:00,0.014458764955668292
2030-01-12 08:00:00,23.844197969250615
2030-01-12 09:00:00,67.46352928431826
2030-01-12 10:00:00,229.79706487830543
2030-01-12 11:00:00,280.62044033420653
2030-01-12 12:00:00,215.34520859420408
2030-01-12 13:00:00,83.27132476084618
2030-01-12 14:00:00,19.789770310544174
2030-01-12 15:00:00,0.015378715555608106
2030-01-12 16:00:00,0.014612597035224946
2030-01-12 17:00:00,0.015466963902032765
2030-01-12 18:00:00,0.015419501477409977
2030-01-12 19:00:00,0.015094689210677994
2030-01-12 20:00:00,0.014858241754284168
2030-01-12 21:00:00,0.014760845439251217
2030-01-12 22:00:00,0.014593707797434683
2030-01-12 23:00:00,0.01440698125658089
2030-01-13 00:00:00,0.014183954507522935
2030-01-13 01:00:00,0.014001744409578944
2030-01-13 02:00:00,0.013912014795119457
2030-01-13 03:00:00,0.013862273778941194
2030-01-13 04:00:00,0.013793990775215611
2030-01-13 05:00:00,0.013834675119008951
2030-01-13 06:00:00,0.013758199606198342
2030-01-13 07:00:00,0.014148396081077924
2030-01-13 08:00:00,16.971887684696586
2030-01-13 09:00:00,101.86255802935378
2030-01-13 10:00:00,1375.627812130353
2030-01-13 11:00:00,1851.7351144769925
2030-01-13 12:00:00,1660.5842651038085
2030-01-13 13:00:00,892.159489672316
2030-01-13 14:00:00,59.42983543574712
2030-01-13 15:00:00,8.937714296692395
2030-01-13 16:00:00,0.010265840644690195
2030-01-13 17:00:00,0.011398595682926144
2030-01-13 18:00:00,0.01181247193246094
2030-01-13 19:00:00,0.01171621011341922
2030-01-13 20:00:00,0.011606625208100373
2030-01-13 21:00:00,0.011634114525265533
2030-01-13 22:00:00,0.011619685273291743
2030-01-13 23:00:00,0.011548999627571686
2030-01-14 00:00:00,0.011363176706002683
2030-01-14 01:00:00,0.011262842104429545
2030-01-14 02:00:00,0.01132252861799368
2030-01-14 03:00:00,0.011362087057617529
2030-01-14 04:00:00,0.01152074510914482
2030-01-14 05:00:00,0.01144364005093063
2030-01-14 06:00:00,0.011201535454214564
2030-01-14 07:00:00,0.012508051564477088
2030-01-14 08:00:00,40.991243034443954
2030-01-14 09:00:00,285.1350011019124
2030-01-14 10:00:00,1427.671409080142
2030-01-14 11:00:00,1817.72501655593
2030-01-14 12:00:00,1686.479081382732
2030-01-14 13:00:00,801.9600700928318
2030-01-14 14:00:00,111.79484069057861
2030-01-14 15:00:00,16.946278638747852
2030-01-14 16:00:00,0.009872041316668956
2030-01-14 17:00:00,0.8763346965491867
2030-01-14 18:00:00,0.8559765598110487
2030-01-14 19:00:00,0.7894459290216257
2030-01-14 20:00:00,0.010374353161497776
2030-01-14 21:00:00,0.010169795317910308
2030-01-14 22:00:00,0.010016908743393768
2030-01-14 23:00:00,0.009996492229226763
2030-01-15 00:00:00,0.009676943894527806
2030-01-15 01:00:00,0.009653516395826312
2030-01-15 02:00:00,0.009749196202121072
2030-01-15 03:00:00,0.009780648915931812
2030-01-15 04:00:00,0.009705007015792508
2030-01-15 05:00:00,0.009464867230678922
2030-01-15 06:00:00,0.009365410086866472
2030-01-15 07:00:00,0.009932578735907624
2030-01-15 08:00:00,35.523390479300375
2030-01-15 09:00:00,219.15695901092855
2030-01-15 10:00:00,834.3616345445876
2030-01-15 11:00:00,954.2751300370583
2030-01-15 12:00:00,880.3975242156913
2030-01-15 13:00:00,682.3939172433154
2030-01-15 14:00:00,244.2640845334228
2030-01-15 15:00:00,36.90914420929277
2030-01-15 16:00:00,0.008307197501310155
2030-01-15 17:00:00,0.008610315303747262
2030-01-15 18:00:00,0.009227457244580847
2030-01-15 19:00:00,0.00938538699959804
2030-01-15 20:00:00,0.009409740109377744
2030-01-15 21:00:00,0.009565607605205445
2030-01-15 22:00:00,0.009608362602887012
2030-01-15 23:00:00,0.009797406721151394
2030-01-16 00:00:00,0.009316359599900223
2030-01-16 01:00:00,0.008802851368607641
2030-01-16 02:00:00,0.008621925857569258
2030-01-16 03:00:00,0.008272801222493981
2030-01-16 04:00:00,0.00783857683056997
2030-01-16 05:00:00,0.0074029583854491885
2030-01-16 06:00:00,0.006837356353434236
2030-01-16 07:00:00,0.0076011076750956644
2030-01-16 08:00:00,306.2475294125434
2030-01-16 09:00:00,1761.464946104004
2030-01-16 10:00:00,2767.8215172705322
2030-01-16 11:00:00,3198.5371034414216
2030-01-16 12:00:00,2991.23017237328
2030-01-16 13:00:00,2446.4281029907993
2030-01-16 14:00:00,1441.605450751364
2030-01-16 15:00:00,152.20764073053923
2030-01-16 16:00:00,0.0067746218356452455
2030-01-16 17:00:00,0.006635241381967677
2030-01-16 18:00:00,0.006739329311334934
2030-01-16 19:00:00,0.006991647448835707
2030-01-16 20:00:00,0.007366211311007181
2030-01-16 21:00:00,0.007729276772716341
2030-01-16 22:00:00,0.007943514363564923
2030-01-16 23:00:00,0.007996728039872834
2030-01-17 00:00:00,0.008210945443062124
2030-01-17 01:00:00,0.008511092827111834
2030-01-17 02:00:00,0.008873294405153182
2030-01-17 03:00:00,0.009286555700639784
2030-01-17 04:00:00,0.0090590005195787
2030-01-17 05:00:00,0.008853500198209139
2030-01-17 06:00:00,0.008359524771283777
2030-01-17 07:00:00,0.009151120506624921
2030-01-17 08:00:00,35.90897293090658
2030-01-17 09:00:00,218.5425296575366
2030-01-17 10:00:00,929.5908701299026
2030-01-17 11:00:00,1183.5867668358073
2030-01-17 12:00:00,1077.0363362527519
2030-01-17 13:00:00,450.0922311807244
2030-01-17 14:00:00,114.6321714286393
2030-01-17 15:00:00,5.9681980300848085
2030-01-17 16:00:00,0.008113566621433758
2030-01-17 17:00:00,0.008615765218757478
2030-01-17 18:00:00,0.008815798214169748
2030-01-17 19:00:00,0.00883562251682027
2030-01-17 20:00:00,0.00892103544741392
2030-01-17 21:00:00,0.008852025708891455
2030-01-17 22:00:00,0.008906146701320627
2030-01-17 23:00:00,0.008854731283361008
2030-01-18 00:00:00,0.008880054358882963
2030-01-18 01:00:00,0.008789249571939875
2030-01-18 02:00:00,0.008722731588480297
2030-01-18 03:00:00,0.008534132862564391
2030-01-18 04:00:00,0.008265482498384245
2030-01-18 05:00:00,0.008124657218265698
2030-01-18 06:00:00,0.007890824794833055
2030-01-18 07:00:00,0.008406414193325043
2030-01-18 08:00:00,52.24826353145329
2030-01-18 09:00:00,391.3810680502224
2030-01-18 10:00:00,1510.8203188089599
2030-01-18 11:00:00,2010.0720381775936
2030-01-18 12:00:00,2078.852180348478
2030-01-18 13:00:00,1544.9835750721786
2030-01-18 14:00:00,327.9116326852542
2030-01-18 15:00:00,29.88241941671206
2030-01-18 16:00:00,0.008641167213226898
2030-01-18 17:00:00,0.9657175604186556
2030-01-18 18:00:00,0.9720705841517459
2030-01-18 19:00:00,0.7670619770842014
2030-01-18 20:00:00,0.010664607804626282
2030-01-18 21:00:00,0.01018426048945836
2030-01-18 22:00:00,0.010245047367877808
2030-01-18 23:00:00,0.010613303355633263
2030-01-19 00:00:00,0.010816043042775234
2030-01-19 01:00:00,0.011253385819116949
2030-01-19 02:00:00,0.01140741673997111
2030-01-19 03:00:00,0.011573009105554265
2030-01-19 04:00:00,0.011204990831654167
2030-01-19 05:00:00,0.010429425189288584
2030-01-19 06:00:00,0.009553688176476938
2030-01-19 07:00:00,0.010712900588329244
2030-01-19 08:00:00,76.22613973317837
2030-01-19 09:00:00,588.8202438066019
2030-01-19 10:00:00,1740.7188352946773
2030-01-19 11:00:00,2135.786481284837
2030-01-19 12:00:00,1988.8565725335807
2030-01-19 13:00:00,1100.3220033295765
2030-01-19 14:00:00,83.58378384026639
2030-01-19 15:00:00,8.711221190529097
2030-01-19 16:00:00,0.011617168744224523
2030-01-19 17:00:00,0.6986427547359064
2030-01-19 18:00:00,0.7217131802152008
2030-01-19 19:00:00,0.013521039977552555
2030-01-19 20:00:00,0.013255961130610073
2030-01-19 21:00:00,0.01290269265809858
2030-01-19 22:00:00,0.012837206922147907
2030-01-19 23:00:00,0.012772675235157627
2030-01-20 00:00:00,0.01252263967586799
2030-01-20 01:00:00,0.012281056331569867
2030-01-20 02:00:00,0.012174799441584857
2030-01-20 03:00:00,0.012030119297607032
2030-01-20 04:00:00,0.01203510162239243
2030-01-20 05:00:00,0.01211119566478582
2030-01-20 06:00:00,0.011985022887519658
2030-01-20 07:00:00,0.01271791903411948
2030-01-20 08:00:00,9.560898459487165
2030-01-20 09:00:00,134.4297739904139
2030-01-20 10:00:00,1122.4954331419804
2030-01-20 11:00:00,1777.8381245176245
2030-01-20 12:00:00,1778.678203300087
2030-01-20 13:00:00,1193.0993347169474
2030-01-20 14:00:00,232.53164972875894
2030-01-20 15:00:00,30.127513811801844
2030-01-20 16:00:00,0.008537717425886313
2030-01-20 17:00:00,0.8466556939230981
2030-01-20 18:00:00,0.909094077587709
2030-01-20 19:00:00,0.9034339383638645
2030-01-20 20:00:00,0.010107152766867418
2030-01-20 21:00:00,0.009901677108930966
2030-01-20 22:00:00,0.009972717463993256
2030-01-20 23:00:00,0.010314379103304315
2030-01-21 00:00:00,0.010978381225305194
2030-01-21 01:00:00,0.01147122860910107
2030-01-21 02:00:00,0.013272518300034414
2030-01-21 03:00:00,0.4288280165929938
2030-01-21 04:00:00,0.3298478257578321
2030-01-21 05:00:00,0.010712134047432268
2030-01-21 06:00:00,0.009116489803455922
2030-01-21 07:00:00,0.011018009691049012
2030-01-21 08:00:00,163.77169513372255
2030-01-21 09:00:00,1421.2251096366463
2030-01-21 10:00:00,2523.0972511460627
2030-01-21 11:00:00,3009.529519196733
2030-01-21 12:00:00,2882.3335724083913
2030-01-21 13:00:00,2211.449904885685
2030-01-21 14:00:00,892.458426657613
2030-01-21 15:00:00,52.903109465991406
2030-01-21 16:00:00,0.6635119978949785
2030-01-21 17:00:00,0.7609252886188989
2030-01-21 18:00:00,0.7819820657282182
2030-01-21 19:00:00,0.7221424586571048
2030-01-21 20:00:00,0.6654091804833315
2030-01-21 21:00:00,0.008560984623056307
2030-01-21 22:00:00,0.008447108178675614
2030-01-21 23:00:00,0.008328823472554203
2030-01-22 00:00:00,0.008238084708266749
2030-01-22 01:00:00,0.008110656125018262
2030-01-22 02:00:00,0.008006028957261728
2030-01-22 03:00:00,0.007962667675600716
2030-01-22 04:00:00,0.007924708514876255
2030-01-22 05:00:00,0.007817925661948128
2030-01-22 06:00:00,0.007681167790110943
2030-01-22 07:00:00,0.008188008935061884
2030-01-22 08:00:00,37.464772561193655
2030-01-22 09:00:00,316.07164299747984
2030-01-22 10:00:00,1452.425088317622
2030-01-22 11:00:00,1999.027360448857
2030-01-22 12:00:00,1909.1266813386062
2030-01-22 13:00:00,1571.3342267183157
2030-01-22 14:00:00,532.9430964877617
2030-01-22 15:00:00,58.62526258960313
2030-01-22 16:00:00,0.007781297481119981
2030-01-22 17:00:00,0.008049805120188562
2030-01-22 18:00:00,0.00851634470835016
2030-01-22 19:00:00,0.008758663265089131
2030-01-22 20:00:00,0.008915266224865569
2030-01-22 21:00:00,0.008922389919901814
2030-01-22 22:00:00,0.008889946634942112
2030-01-22 23:00:00,0.008801280574996004
2030-01-23 00:00:00,0.008767394189701534
2030-01-23 01:00:00,0.008717430982439135
2030-01-23 02:00:00,0.00868705110028285
2030-01-23 03:00:00,0.008680323606806858
2030-01-23 04:00:00,0.008602558289711192
2030-01-23 05:00:00,0.008682514560497588
2030-01-23 06:00:00,0.008744119322853391
2030-01-23 07:00:00,0.008900461901921657
2030-01-23 08:00:00,2.7508331923250346
2030-01-23 09:00:00,53.326381931987136
2030-01-23 10:00:00,169.9938998516327
2030-01-23 11:00:00,369.9105892632054
2030-01-23 12:00:00,455.44815987245914
2030-01-23 13:00:00,303.37784754081764
2030-01-23 14:00:00,124.34864860004406
2030-01-23 15:00:00,24.846217742001325
2030-01-23 16:00:00,0.010624947287144105
2030-01-23 17:00:00,0.010425973310424629
2030-01-23 18:00:00,0.010618941695626
2030-01-23 19:00:00,0.010786321990162516
2030-01-23 20:00:00,0.011028854904556207
2030-01-23 21:00:00,0.011413026840483592
2030-01-23 22:00:00,0.011337158866829771
2030-01-23 23:00:00,0.012186107166078135
2030-01-24 00:00:00,0.012739473804605012
2030-01-24 01:00:00,0.015590929307589964
2030-01-24 02:00:00,8.981413988434536
2030-01-24 03:00:00,11.695363861260622
2030-01-24 04:00:00,8.245296593243086
2030-01-24 05:00:00,0.014203793119748051
2030-01-24 06:00:00,0.01088005565705634
2030-01-24 07:00:00,0.011325769431255739
2030-01-24 08:00:00,87.50647787052043
2030-01-24 09:00:00,875.7261037762602
2030-01-24 10:00:00,1747.4290956461723
2030-01-24 11:00:00,2443.7927497178
2030-01-24 12:00:00,2446.2509248206707
2030-01-24 13:00:00,2150.2790878907613
2030-01-24 14:00:00,1496.7052257067533
2030-01-24 15:00:00,428.0167397522696
2030-01-24 16:00:00,0.01009432258118783
2030-01-24 17:00:00,0.010739393909256646
2030-01-24 18:00:00,0.01122490318995584
2030-01-24 19:00:00,0.011651409810013585
2030-01-24 20:00:00,0.011778482466606344
2030-01-24 21:00:00,0.011805266755845353
2030-01-24 22:00:00,0.011947602037143483
2030-01-24 23:00:00,1.5164956261036737
2030-01-25 00:00:00,3.8842728928089367
2030-01-25 01:00:00,2.7345159643304724
2030-01-25 02:00:00,1.702013265867816
2030-01-25 03:00:00,0.011674474137625675
2030-01-25 04:00:00,0.010757819838281274
2030-01-25 05:00:00,0.009798649096741038
2030-01-25 06:00:00,0.008119110974061447
2030-01-25 07:00:00,0.009163782372019338
2030-01-25 08:00:00,163.3543346388909
2030-01-25 09:00:00,1352.1036731130857
2030-01-25 10:00:00,2157.402125579811
2030-01-25 11:00:00,2395.3894941038297
2030-01-25 12:00:00,2336.524434445972
2030-01-25 13:00:00,1709.6723272820402
2030-01-25 14:00:00,318.0988684964756
2030-01-25 15:00:00,20.495205361561794
2030-01-25 16:00:00,0.007167982311053185
2030-01-25 17:00:00,0.6338849150357115
2030-01-25 18:00:00,0.008108691624640705
2030-01-25 19:00:00,0.008285802973193541
2030-01-25 20:00:00,0.008245042160856593
2030-01-25 21:00:00,0.008264302850572267
2030-01-25 22:00:00,0.008299098936231996
2030-01-25 23:00:00,0.008292980534240664
2030-01-26 00:00:00,0.008126993428056823
2030-01-26 01:00:00,0.008041781631420804
2030-01-26 02:00:00,0.008026101477674925
2030-01-26 03:00:00,0.00797824775640851
2030-01-26 04:00:00,0.007980563313913995
2030-01-26 05:00:00,0.007989876942307579
2030-01-26 06:00:00,0.00798909331480593
2030-01-26 07:00:00,0.008586447028515694
2030-01-26 08:00:00,13.174626941650713
2030-01-26 09:00:00,127.20988870277272
2030-01-26 10:00:00,577.4633085494711
2030-01-26 11:00:00,1460.936284244824
2030-01-26 12:00:00,1565.5735647708825
2030-01-26 13:00:00,1058.6670044627579
2030-01-26 14:00:00,253.9155647501296
2030-01-26 15:00:00,28.56161844399423
2030-01-26 16:00:00,0.00787679373618334
2030-01-26 17:00:00,0.00814036144608437
2030-01-26 18:00:00,0.008369849494756158
2030-01-26 19:00:00,0.00838559387916039
2030-01-26 20:00:00,0.00852394968914628
2030-01-26 21:00:00,0.008596236006842251
2030-01-26 22:00:00,0.008762397990690186
2030-01-26 23:00:00,0.008947600790266467
2030-01-27 00:00:00,0.00930401635586111
2030-01-27 01:00:00,0.00960378637236605
2030-01-27 02:00:00,0.009823866252337693
2030-01-27 03:00:00,0.010228347116449064
2030-01-27 04:00:00,0.009958520654895262
2030-01-27 05:00:00,0.009795147086518137
2030-01-27 06:00:00,0.008733746601457332
2030-01-27 07:00:00,0.009906540789933542
2030-01-27 08:00:00,72.6989121049733
2030-01-27 09:00:00,926.8521747445168
2030-01-27 10:00:00,1722.4149648316095
2030-01-27 11:00:00,2204.2581663114433
2030-01-27 12:00:00,2431.3815908461684
2030-01-27 13:00:00,2170.5256128609385
2030-01-27 14:00:00,1287.204951393469
2030-01-27 15:00:00,215.84049126695496
2030-01-27 16:00:00,0.009711111310958951
2030-01-27 17:00:00,0.010179417685660656
2030-01-27 18:00:00,0.010804192483192917
2030-01-27 19:00:00,0.010419265081720447
2030-01-27 20:00:00,0.010751443516621715
2030-01-27 21:00:00,0.010502705495681143
2030-01-27 22:00:00,0.011015473639978176
2030-01-27 23:00:00,0.011064653709265973
2030-01-28 00:00:00,9.644970283599475
2030-01-28 01:00:00,12.086837446124958
2030-01-28 02:00:00,10.659854953449619
2030-01-28 03:00:00,7.400412054907671
2030-01-28 04:00:00,2.3138301810410677
2030-01-28 05:00:00,0.009472839655815895
2030-01-28 06:00:00,0.008133641944599958
2030-01-28 07:00:00,0.009196367922049364
2030-01-28 08:00:00,317.5508715641048
2030-01-28 09:00:00,1274.5823336806418
2030-01-28 10:00:00,1977.6704422938894
2030-01-28 11:00:00,2231.6708893201676
2030-01-28 12:00:00,2180.276207136925
2030-01-28 13:00:00,1911.4032199265632
2030-01-28 14:00:00,1296.2809834967973
2030-01-28 15:00:00,276.5465823586276
2030-01-28 16:00:00,0.009135990318336364
2030-01-28 17:00:00,0.009003201651300259
2030-01-28 18:00:00,0.009415516091154104
2030-01-28 19:00:00,0.00931450902839532
2030-01-28 20:00:00,0.009281368999273369
2030-01-28 21:00:00,0.009420899127427947
2030-01-28 22:00:00,0.009399532443580527
2030-01-28 23:00:00,0.009797342823144586
2030-01-29 00:00:00,0.010104076439607125
2030-01-29 01:00:00,2.0744407835100285
2030-01-29 02:00:00,3.8513300388737215
2030-01-29 03:00:00,4.174917472589081
2030-01-29 04:00:00,0.12659271593162116
2030-01-29 05:00:00,0.008323602721944757
2030-01-29 06:00:00,0.006995908154472356
2030-01-29 07:00:00,0.007776129520822673
2030-01-29 08:00:00,647.2996457229685
2030-01-29 09:00:00,1972.9895084741447
2030-01-29 10:00:00,3064.1788356309453
2030-01-29 11:00:00,3797.2930121493446
2030-01-29 12:00:00,3846.9243323341207
2030-01-29 13:00:00,3315.4562064221636
2030-01-29 14:00:00,2305.160712197052
2030-01-29 15:00:00,891.9844516522231
2030-01-29 16:00:00,0.5790096364999858
2030-01-29 17:00:00,0.005822284738146412
2030-01-29 18:00:00,0.0061229410987993045
2030-01-29 19:00:00,0.0064134398691302365
2030-01-29 20:00:00,0.0067852679847747385
2030-01-29 21:00:00,0.0067992858723946985
2030-01-29 22:00:00,0.007046470650380434
2030-01-29 23:00:00,0.0072176413371450535
2030-01-30 00:00:00,0.007020879403784848
2030-01-30 01:00:00,0.006791456896972437
2030-01-30 02:00:00,0.006723192959519746
2030-01-30 03:00:00,0.0066172889492291855
2030-01-30 04:00:00,0.006502658283541768
2030-01-30 05:00:00,0.006135408158733532
2030-01-30 06:00:00,0.005508072095176491
2030-01-30 07:00:00,1.376899709964917
2030-01-30 08:00:00,962.5395096457509
2030-01-30 09:00:00,2419.345892226751
2030-01-30 10:00:00,3475.7501490847703
2030-01-30 11:00:00,3963.54243213377
2030-01-30 12:00:00,3858.4512588976154
2030-01-30 13:00:00,3336.59558436317
2030-01-30 14:00:00,2378.338125750097
2030-01-30 15:00:00,908.0966867735267
2030-01-30 16:00:00,0.006803426818858937
2030-01-30 17:00:00,0.0054811331826790325
2030-01-30 18:00:00,0.005849067274219331
2030-01-30 19:00:00,0.006253571668585848
2030-01-30 20:00:00,0.006800464695376814
2030-01-30 21:00:00,0.00796154062467846
2030-01-30 22:00:00,0.009224732636163345
2030-01-30 23:00:00,0.00956684676224584
2030-01-31 00:00:00,0.009558169764576241
2030-01-31 01:00:00,1.586683779793744
2030-01-31 02:00:00,4.560060370455713
2030-01-31 03:00:00,5.30983714628125
2030-01-31 04:00:00,6.178435056860097
2030-01-31 05:00:00,0.4490316927826115
2030-01-31 06:00:00,0.0078969739087274
2030-01-31 07:00:00,1.2847439402553298
2030-01-31 08:00:00,747.2361198041349
2030-01-31 09:00:00,2092.695547295512
2030-01-31 10:00:00,3154.093506252123
2030-01-31 11:00:00,3667.6110268272723
2030-01-31 12:00:00,3744.934826144973
2030-01-31 13:00:00,3199.3506972315463
2030-01-31 14:00:00,2098.381984820692
2030-01-31 15:00:00,362.03835848891896
2030-01-31 16:00:00,0.006801918690504812
2030-01-31 17:00:00,0.006793058911288676
2030-01-31 18:00:00,0.007268700582686168
2030-01-31 19:00:00,0.007325260332893938
2030-01-31 20:00:00,0.0073666614518959755
2030-01-31 21:00:00,0.007424379908839509
2030-01-31 22:00:00,0.007500996918262594
2030-01-31 23:00:00,0.00750659716056056
2030-02-01 00:00:00,0.007382200931915583
2030-02-01 01:00:00,0.007368786153532767
2030-02-01 02:00:00,0.00725825866054331
2030-02-01 03:00:00,0.007116158043273589
2030-02-01 04:00:00,0.006922448424837565
2030-02-01 05:00:00,0.006701945374944534
2030-02-01 06:00:00,0.006377197776244533
2030-02-01 07:00:00,0.006621591557718095
2030-02-01 08:00:00,111.16844570845923
2030-02-01 09:00:00,1308.5884306996443
2030-02-01 10:00:00,2327.9037944412366
2030-02-01 11:00:00,2869.6159416982423
2030-02-01 12:00:00,2978.382524087865
2030-02-01 13:00:00,2522.2636318572027
2030-02-01 14:00:00,1679.210723623295
2030-02-01 15:00:00,428.398085855617
2030-02-01 16:00:00,0.007690771116228444
2030-02-01 17:00:00,0.006968762720957972
2030-02-01 18:00:00,0.007423745406759486
2030-02-01 19:00:00,0.0075485969344024385
2030-02-01 20:00:00,0.008070028562535029
2030-02-01 21:00:00,0.008804894994835284
2030-02-01 22:00:00,0.009695978527167304
2030-02-01 23:00:00,0.9741612923857189
2030-02-02 00:00:00,9.394210486354098
2030-02-02 01:00:00,21.65429239577986
2030-02-02 02:00:00,17.4457427469788
2030-02-02 03:00:00,15.924136150421399
2030-02-02 04:00:00,20.67238259324684
2030-02-02 05:00:00,19.091733397870083
2030-02-02 06:00:00,0.1643991109471288
2030-02-02 07:00:00,18.08430823167928
2030-02-02 08:00:00,776.0494905527771
2030-02-02 09:00:00,1953.0419179966077
2030-02-02 10:00:00,2891.5754380915387
2030-02-02 11:00:00,3268.5708985967053
2030-02-02 12:00:00,3349.175573715195
2030-02-02 13:00:00,2956.4351520536393
2030-02-02 14:00:00,1960.1782551476429
2030-02-02 15:00:00,394.0356954611835
2030-02-02 16:00:00,0.007324895013759977
2030-02-02 17:00:00,0.006912826549918661
2030-02-02 18:00:00,0.007269674725223792
2030-02-02 19:00:00,0.00731626928504471
2030-02-02 20:00:00,0.00724654402878502
2030-02-02 21:00:00,0.007240694697304997
2030-02-02 22:00:00,0.007273315882038856
2030-02-02 23:00:00,0.007181357784364309
2030-02-03 00:00:00,0.0069995310473075795
2030-02-03 01:00:00,0.006903961347567657
2030-02-03 02:00:00,0.006874845839514195
2030-02-03 03:00:00,0.006663154427757621
2030-02-03 04:00:00,0.006554920863259048
2030-02-03 05:00:00,0.006512220114173257
2030-02-03 06:00:00,0.006446233852257286
2030-02-03 07:00:00,0.006863349266240382
2030-02-03 08:00:00,45.73684556680397
2030-02-03 09:00:00,991.8882272738807
2030-02-03 10:00:00,2351.1904168897354
2030-02-03 11:00:00,2851.61187042588
2030-02-03 12:00:00,2743.321465040454
2030-02-03 13:00:00,2105.8527311507414
2030-02-03 14:00:00,989.2781434175088
2030-02-03 15:00:00,74.19736732553139
2030-02-03 16:00:00,0.00666565747840713
2030-02-03 17:00:00,0.006657580135746755
2030-02-03 18:00:00,0.007085952252528286
2030-02-03 19:00:00,0.007375287285648525
2030-02-03 20:00:00,0.00764771520233681
2030-02-03 21:00:00,0.00799629394900422
2030-02-03 22:00:00,0.008291560616949268
2030-02-03 23:00:00,0.008720238047144049
2030-02-04 00:00:00,0.009015021399509347
2030-02-04 01:00:00,0.009016058135372484
2030-02-04 02:00:00,0.009039269549631648
2030-02-04 03:00:00,0.00927221913863601
2030-02-04 04:00:00,0.008620679409284179
2030-02-04 05:00:00,0.0080061269656614
2030-02-04 06:00:00,0.007276388701789611
2030-02-04 07:00:00,0.008325137531557997
2030-02-04 08:00:00,183.74981535239735
2030-02-04 09:00:00,1463.6810763802068
2030-02-04 10:00:00,2572.1478676383845
2030-02-04 11:00:00,3226.8662816842666
2030-02-04 12:00:00,3333.160510917252
2030-02-04 13:00:00,2749.6621556172836
2030-02-04 14:00:00,1734.9050781492517
2030-02-04 15:00:00,233.62959489473906
2030-02-04 16:00:00,0.007336476787302945
2030-02-04 17:00:00,0.006980161267117254
2030-02-04 18:00:00,0.007243041955695325
2030-02-04 19:00:00,0.007318828814321807
2030-02-04 20:00:00,0.007391063312599406
2030-02-04 21:00:00,0.007498672727868524
2030-02-04 22:00:00,0.007627920890789784
2030-02-04 23:00:00,0.007648102101247011
2030-02-05 00:00:00,0.007387816662112587
2030-02-05 01:00:00,0.007298651423245402
2030-02-05 02:00:00,0.007295329281919678
2030-02-05 03:00:00,0.00714027131174221
2030-02-05 04:00:00,0.006916968284865257
2030-02-05 05:00:00,0.006602535932577199
2030-02-05 06:00:00,0.006143817571196782
2030-02-05 07:00:00,0.19366137422084606
2030-02-05 08:00:00,404.274333615987
2030-02-05 09:00:00,1901.3798840667253
2030-02-05 10:00:00,2809.341938611141
2030-02-05 11:00:00,3033.041755651866
2030-02-05 12:00:00,2838.5676565882964
2030-02-05 13:00:00,2308.978235014048
2030-02-05 14:00:00,1334.9977277223131
2030-02-05 15:00:00,114.99606699806617
2030-02-05 16:00:00,0.005916577244116373
2030-02-05 17:00:00,0.0057893414291905945
2030-02-05 18:00:00,0.006214196227910041
2030-02-05 19:00:00,0.0064972717787859235
2030-02-05 20:00:00,0.006648471977688513
2030-02-05 21:00:00,0.0066819243010306124
2030-02-05 22:00:00,0.006701884201935025
2030-02-05 23:00:00,0.006657118345807643
2030-02-06 00:00:00,0.006584137553992154
2030-02-06 01:00:00,0.0064870384423034565
2030-02-06 02:00:00,0.0064577111801715735
2030-02-06 03:00:00,0.006526690579291309
2030-02-06 04:00:00,0.006445573671508302
2030-02-06 05:00:00,0.006412822494009974
2030-02-06 06:00:00,0.0062668820073207045
2030-02-06 07:00:00,11.086348432400056
2030-02-06 08:00:00,828.8681463409113
2030-02-06 09:00:00,2198.6855741129725
2030-02-06 10:00:00,3169.7054109103283
2030-02-06 11:00:00,3523.7172576436265
2030-02-06 12:00:00,3403.4012340226964
2030-02-06 13:00:00,3006.2665366255496
2030-02-06 14:00:00,2071.511348060621
2030-02-06 15:00:00,806.2547840949284
2030-02-06 16:00:00,4.543301946831975
2030-02-06 17:00:00,0.005873545603115227
2030-02-06 18:00:00,0.006539383281220107
2030-02-06 19:00:00,0.0070015506291176335
2030-02-06 20:00:00,0.00733686353710775
2030-02-06 21:00:00,0.007384099739004186
2030-02-06 22:00:00,0.007694978169100197
2030-02-06 23:00:00,0.007944107424258951
2030-02-07 00:00:00,0.008173200744262917
2030-02-07 01:00:00,0.00863425738637642
2030-02-07 02:00:00,0.00949159164696902
2030-02-07 03:00:00,0.009459472713850437
2030-02-07 04:00:00,0.008661222286859414
2030-02-07 05:00:00,0.007565787948707815
2030-02-07 06:00:00,0.006647119106251489
2030-02-07 07:00:00,0.007687942320903054
2030-02-07 08:00:00,379.38464633451787
2030-02-07 09:00:00,2011.5411197040714
2030-02-07 10:00:00,3196.177711834323
2030-02-07 11:00:00,3611.3986906346536
2030-02-07 12:00:00,3448.195548257935
2030-02-07 13:00:00,2950.5722135743927
2030-02-07 14:00:00,1888.031704914001
2030-02-07 15:00:00,236.78400922435867
2030-02-07 16:00:00,0.007148774503001309
2030-02-07 17:00:00,0.007486343479216286
2030-02-07 18:00:00,0.5499281337838713
2030-02-07 19:00:00,0.007946346245578134
2030-02-07 20:00:00,0.008221193053747227
2030-02-07 21:00:00,0.008177373253094856
2030-02-07 22:00:00,0.008146359287655006
2030-02-07 23:00:00,0.008209514501344412
2030-02-08 00:00:00,0.008162453099453746
2030-02-08 01:00:00,0.008253978672554157
2030-02-08 02:00:00,0.008373162152615594
2030-02-08 03:00:00,0.008557736257908406
2030-02-08 04:00:00,0.008510077021288394
2030-02-08 05:00:00,0.008089509805741309
2030-02-08 06:00:00,0.007332098460112419
2030-02-08 07:00:00,0.008154772806063984
2030-02-08 08:00:00,104.84866881945575
2030-02-08 09:00:00,1125.0622706906838
2030-02-08 10:00:00,2140.4583351888186
2030-02-08 11:00:00,2690.6169388585736
2030-02-08 12:00:00,2836.755669720222
2030-02-08 13:00:00,2289.7046601678176
2030-02-08 14:00:00,1025.4579529491295
2030-02-08 15:00:00,87.84456617191024
2030-02-08 16:00:00,0.007120060237843984
2030-02-08 17:00:00,0.006894728202834901
2030-02-08 18:00:00,0.007273312765443487
2030-02-08 19:00:00,0.007452224845202123
2030-02-08 20:00:00,0.007511573089584883
2030-02-08 21:00:00,0.007583665789392964
2030-02-08 22:00:00,0.007720341207668596
2030-02-08 23:00:00,0.007700620719009279
2030-02-09 00:00:00,0.0076106501913704265
2030-02-09 01:00:00,0.007564128275097982
2030-02-09 02:00:00,0.007493291382997253
2030-02-09 03:00:00,0.007508762753301039
2030-02-09 04:00:00,0.00739325555829437
2030-02-09 05:00:00,0.007342348049379464
2030-02-09 06:00:00,0.006986038187535863
2030-02-09 07:00:00,0.007723005015188984
2030-02-09 08:00:00,99.20649739971269
2030-02-09 09:00:00,839.6175927253869
2030-02-09 10:00:00,1890.1257710594605
2030-02-09 11:00:00,2306.744352960679
2030-02-09 12:00:00,2267.5769636300042
2030-02-09 13:00:00,1700.4762222345491
2030-02-09 14:00:00,542.8709829671986
2030-02-09 15:00:00,49.85601919213533
2030-02-09 16:00:00,0.007213061080152118
2030-02-09 17:00:00,0.0072247180580521314
2030-02-09 18:00:00,0.007710745749895364
2030-02-09 19:00:00,0.007914061075556478
2030-02-09 20:00:00,0.008058481624370468
2030-02-09 21:00:00,0.008160090518497032
2030-02-09 22:00:00,0.008212467839264362
2030-02-09 23:00:00,0.008214602139911324
2030-02-10 00:00:00,0.008109206652642711
2030-02-10 01:00:00,0.008096897776139955
2030-02-10 02:00:00,0.00818746584225211
2030-02-10 03:00:00,0.008220535601192605
2030-02-10 04:00:00,0.008232619687004648
2030-02-10 05:00:00,0.008379950725940834
2030-02-10 06:00:00,0.008423980367363589
2030-02-10 07:00:00,0.00932611592344212
2030-02-10 08:00:00,19.010973166351963
2030-02-10 09:00:00,146.16303563257097
2030-02-10 10:00:00,711.2633221985238
2030-02-10 11:00:00,1319.1602400038903
2030-02-10 12:00:00,1410.5508755400272
2030-02-10 13:00:00,780.4411296752025
2030-02-10 14:00:00,173.38505317258648
2030-02-10 15:00:00,52.65311448910255
2030-02-10 16:00:00,1.1527357234030524
2030-02-10 17:00:00,1.0440552501505673
2030-02-10 18:00:00,1.0247342391517973
2030-02-10 19:00:00,1.1291607556312382
2030-02-10 20:00:00,1.0275527044425041
2030-02-10 21:00:00,0.010403264748731364
2030-02-10 22:00:00,0.009902540508106057
2030-02-10 23:00:00,0.009710127977273601
2030-02-11 00:00:00,0.009517928470656623
2030-02-11 01:00:00,0.009441916086611137
2030-02-11 02:00:00,0.009423954447995618
2030-02-11 03:00:00,0.009580663375782247
2030-02-11 04:00:00,0.009263197602756533
2030-02-11 05:00:00,0.008821748164801465
2030-02-11 06:00:00,0.008189322816288761
2030-02-11 07:00:00,8.681057229950337
2030-02-11 08:00:00,431.6100354896465
2030-02-11 09:00:00,1844.8995107291219
2030-02-11 10:00:00,2892.15610049688
2030-02-11 11:00:00,3356.419829938448
2030-02-11 12:00:00,3245.065481809739
2030-02-11 13:00:00,2751.464597464255
2030-02-11 14:00:00,1941.7971356735397
2030-02-11 15:00:00,593.5334547195837
2030-02-11 16:00:00,8.256021735494551
2030-02-11 17:00:00,0.006107747356255232
2030-02-11 18:00:00,0.006478483273813795
2030-02-11 19:00:00,0.006623420746778087
2030-02-11 20:00:00,0.006792116931950542
2030-02-11 21:00:00,0.00685097837294339
2030-02-11 22:00:00,0.006893142629810057
2030-02-11 23:00:00,0.0068891376540323596
2030-02-12 00:00:00,0.006853453606682533
2030-02-12 01:00:00,0.006731241563077532
2030-02-12 02:00:00,0.006500728179171373
2030-02-12 03:00:00,0.00630714965814533
2030-02-12 04:00:00,0.006078068154425582
2030-02-12 05:00:00,0.005786387932116822
2030-02-12 06:00:00,0.005449252538150172
2030-02-12 07:00:00,0.5158015518833337
2030-02-12 08:00:00,370.1604834154517
2030-02-12 09:00:00,1980.9096535496387
2030-02-12 10:00:00,3124.046235144996
2030-02-12 11:00:00,3454.1403260370444
2030-02-12 12:00:00,3181.5073016612428
2030-02-12 13:00:00,2589.732798670326
2030-02-12 14:00:00,1527.860871198592
2030-02-12 15:00:00,155.4781815859924
2030-02-12 16:00:00,0.005356653406605217
2030-02-12 17:00:00,0.0054024495125372125
2030-02-12 18:00:00,0.005857754432142766
2030-02-12 19:00:00,0.006159757179163032
2030-02-12 20:00:00,0.006370723673328577
2030-02-12 21:00:00,0.0065123301359128055
2030-02-12 22:00:00,0.006554519729577429
2030-02-12 23:00:00,0.0065811439242527275
2030-02-13 00:00:00,0.006485489729838408
2030-02-13 01:00:00,0.006412646268628466
2030-02-13 02:00:00,0.006352783620931732
2030-02-13 03:00:00,0.006268223970083735
2030-02-13 04:00:00,0.006134004247432639
2030-02-13 05:00:00,0.006024121969241958
2030-02-13 06:00:00,0.005874151247673088
2030-02-13 07:00:00,0.0061395853442837225
2030-02-13 08:00:00,58.43213225528193
2030-02-13 09:00:00,698.277334968163
2030-02-13 10:00:00,1641.9506468289906
2030-02-13 11:00:00,1973.2334694799963
2030-02-13 12:00:00,1963.3680675642029
2030-02-13 13:00:00,1535.1667814958926
2030-02-13 14:00:00,576.6239533581407
2030-02-13 15:00:00,67.8199601857345
2030-02-13 16:00:00,0.006972660556329656
2030-02-13 17:00:00,0.006689269138619877
2030-02-13 18:00:00,0.007039137990559739
2030-02-13 19:00:00,0.007236860798613002
2030-02-13 20:00:00,0.0075193545450915
2030-02-13 21:00:00,0.007641062621641994
2030-02-13 22:00:00,0.007690579787237389
2030-02-13 23:00:00,0.007781474067467835
2030-02-14 00:00:00,0.00801815639487253
2030-02-14 01:00:00,0.008184295950523297
2030-02-14 02:00:00,0.008152055916337778
2030-02-14 03:00:00,0.008075278943150653
2030-02-14 04:00:00,0.007805394020433017
2030-02-14 05:00:00,0.007406738206391128
2030-02-14 06:00:00,0.007063207328983431
2030-02-14 07:00:00,0.00814718347011617
2030-02-14 08:00:00,118.84466297699137
2030-02-14 09:00:00,1201.6926694481133
2030-02-14 10:00:00,2232.205531711411
2030-02-14 11:00:00,2597.4127136724587
2030-02-14 12:00:00,2448.2649020928434
2030-02-14 13:00:00,1770.078401260522
2030-02-14 14:00:00,535.3111995005623
2030-02-14 15:00:00,49.90748224075216
2030-02-14 16:00:00,0.006938121988395373
2030-02-14 17:00:00,0.0063720164859697725
2030-02-14 18:00:00,0.6799913117414051
2030-02-14 19:00:00,0.007859449241218987
2030-02-14 20:00:00,0.008182301783292873
2030-02-14 21:00:00,0.008400207612199706
2030-02-14 22:00:00,0.00851589118747718
2030-02-14 23:00:00,0.008619894365241748
2030-02-15 00:00:00,0.008656295468937899
2030-02-15 01:00:00,0.008614113326652975
2030-02-15 02:00:00,0.008576885257864082
2030-02-15 03:00:00,0.00842845748094619
2030-02-15 04:00:00,0.008219273673738307
2030-02-15 05:00:00,0.007981015948702114
2030-02-15 06:00:00,0.007886310103483242
2030-02-15 07:00:00,0.009286802572024029
2030-02-15 08:00:00,111.69426361713863
2030-02-15 09:00:00,775.0096671450362
2030-02-15 10:00:00,1481.1051769541302
2030-02-15 11:00:00,1725.7213553470608
2030-02-15 12:00:00,1684.7813785800713
2030-02-15 13:00:00,1203.352732560833
2030-02-15 14:00:00,357.6965798125947
2030-02-15 15:00:00,51.77797398525525
2030-02-15 16:00:00,0.0078081239513939065
2030-02-15 17:00:00,0.007634731534017303
2030-02-15 18:00:00,0.008019027529329153
2030-02-15 19:00:00,0.007948865336746833
2030-02-15 20:00:00,0.007961813067063526
2030-02-15 21:00:00,0.007924706468584002
2030-02-15 22:00:00,0.00786156219303365
2030-02-15 23:00:00,0.007841769086857908
2030-02-16 00:00:00,0.007884976853839055
2030-02-16 01:00:00,0.007840166608405277
2030-02-16 02:00:00,0.007689097433498333
2030-02-16 03:00:00,0.007613639109781531
2030-02-16 04:00:00,0.007648070350811578
2030-02-16 05:00:00,0.007241488182444216
2030-02-16 06:00:00,0.006737238810277244
2030-02-16 07:00:00,5.1005637339183
2030-02-16 08:00:00,601.241708240303
2030-02-16 09:00:00,2058.189960583866
2030-02-16 10:00:00,3011.353718212798
2030-02-16 11:00:00,3377.597318410854
2030-02-16 12:00:00,3297.8967509944055
2030-02-16 13:00:00,2863.1793305295882
2030-02-16 14:00:00,1923.3310288633288
2030-02-16 15:00:00,435.1298207102304
2030-02-16 16:00:00,0.006580551284537322
2030-02-16 17:00:00,0.005944130224933024
2030-02-16 18:00:00,0.006364000529833758
2030-02-16 19:00:00,0.006617164047018868
2030-02-16 20:00:00,0.006684944775817807
2030-02-16 21:00:00,0.0068010463692845585
2030-02-16 22:00:00,0.006857594907223423
2030-02-16 23:00:00,0.007022482739766191
2030-02-17 00:00:00,0.007437018930428423
2030-02-17 01:00:00,0.00766603638255724
2030-02-17 02:00:00,0.007899783799710054
2030-02-17 03:00:00,0.008018224576908962
2030-02-17 04:00:00,0.008304370292870997
2030-02-17 05:00:00,0.008635808221817042
2030-02-17 06:00:00,0.00730484100567659
2030-02-17 07:00:00,30.82977073466502
2030-02-17 08:00:00,1224.512091743118
2030-02-17 09:00:00,2610.843806796291
2030-02-17 10:00:00,3587.1674455645652
2030-02-17 11:00:00,3990.815746035216
2030-02-17 12:00:00,3793.8458519838323
2030-02-17 13:00:00,3156.864457580996
2030-02-17 14:00:00,2315.951639379756
2030-02-17 15:00:00,1228.458180856241
2030-02-17 16:00:00,37.5484161551966
2030-02-17 17:00:00,0.009738290285018141
2030-02-17 18:00:00,1.1032762044717601
2030-02-17 19:00:00,0.01066980056824803
2030-02-17 20:00:00,0.010911893679348817
2030-02-17 21:00:00,0.009886563185679214
2030-02-17 22:00:00,0.010300776047509553
2030-02-17 23:00:00,0.009832881526359154
2030-02-18 00:00:00,0.01022299610632426
2030-02-18 01:00:00,0.01001470205367459
2030-02-18 02:00:00,0.010020369843983289
2030-02-18 03:00:00,0.009468560522472325
2030-02-18 04:00:00,0.009209405489083493
2030-02-18 05:00:00,0.00864569809217222
2030-02-18 06:00:00,0.007284332830375592
2030-02-18 07:00:00,18.915149828470604
2030-02-18 08:00:00,1210.2590326457455
2030-02-18 09:00:00,2623.997943273466
2030-02-18 10:00:00,3617.4062980539497
2030-02-18 11:00:00,4039.0884543022958
2030-02-18 12:00:00,4070.9481640759604
2030-02-18 13:00:00,3638.700497128573
2030-02-18 14:00:00,2686.7667163171795
2030-02-18 15:00:00,1223.367783283047
2030-02-18 16:00:00,10.56071827544571
2030-02-18 17:00:00,0.0065140572500049145
2030-02-18 18:00:00,0.00713261061405137
2030-02-18 19:00:00,0.007228581073348733
2030-02-18 20:00:00,0.007341118588469276
2030-02-18 21:00:00,0.007389468073574714
2030-02-18 22:00:00,0.007472344010742861
2030-02-18 23:00:00,0.007468925635996495
2030-02-19 00:00:00,0.0074016606032891764
2030-02-19 01:00:00,0.007361475092642599
2030-02-19 02:00:00,0.007150442139928064
2030-02-19 03:00:00,0.006992917464198661
2030-02-19 04:00:00,0.006751564886267692
2030-02-19 05:00:00,0.006508113308353847
2030-02-19 06:00:00,0.006181702301105608
2030-02-19 07:00:00,2.3968488445088267
2030-02-19 08:00:00,511.66429751083564
2030-02-19 09:00:00,1803.528527561913
2030-02-19 10:00:00,2650.0178832611573
2030-02-19 11:00:00,3090.229856316782
2030-02-19 12:00:00,2896.3137803512136
2030-02-19 13:00:00,2488.7703163663887
2030-02-19 14:00:00,1748.0244768966259
2030-02-19 15:00:00,367.58444967099376
2030-02-19 16:00:00,0.006001218878423383
2030-02-19 17:00:00,0.005605556638031551
2030-02-19 18:00:00,0.005893373331526431
2030-02-19 19:00:00,0.006028486605742024
2030-02-19 20:00:00,0.006078151834192034
2030-02-19 21:00:00,0.006073557119225359
2030-02-19 22:00:00,0.0060026427697571424
2030-02-19 23:00:00,0.0059360838155951634
2030-02-20 00:00:00,0.005737288793929186
2030-02-20 01:00:00,0.005702154645993441
2030-02-20 02:00:00,0.0056584419921230904
2030-02-20 03:00:00,0.005554767592521196
2030-02-20 04:00:00,0.005251013358885467
2030-02-20 05:00:00,0.005039059124593442
2030-02-20 06:00:00,0.0048567436715239495
2030-02-20 07:00:00,15.247204481279478
2030-02-20 08:00:00,1155.839622364506
2030-02-20 09:00:00,2585.144500880619
2030-02-20 10:00:00,3528.521296441543
2030-02-20 11:00:00,3874.5384189699585
2030-02-20 12:00:00,3694.5425043543196
2030-02-20 13:00:00,3130.2855796538483
2030-02-20 14:00:00,2177.7661352873192
2030-02-20 15:00:00,864.5934907371329
2030-02-20 16:00:00,11.676592894964196
2030-02-20 17:00:00,0.006206890022340006
2030-02-20 18:00:00,0.007159350356830305
2030-02-20 19:00:00,0.007866720689587485
2030-02-20 20:00:00,0.00825200691168998
2030-02-20 21:00:00,0.00863634726615806
2030-02-20 22:00:00,0.009044245897110375
2030-02-20 23:00:00,4.555849253271968
2030-02-21 00:00:00,21.65041046615376
2030-02-21 01:00:00,29.74601646812952
2030-02-21 02:00:00,26.68250642238226
2030-02-21 03:00:00,22.78486026070849
2030-02-21 04:00:00,15.284254261284172
2030-02-21 05:00:00,1.904463679189355
2030-02-21 06:00:00,0.007105822629895847
2030-02-21 07:00:00,44.98797619582552
2030-02-21 08:00:00,1319.7948144621137
2030-02-21 09:00:00,2622.5930892409824
2030-02-21 10:00:00,3544.118596149649
2030-02-21 11:00:00,4153.933968323571
2030-02-21 12:00:00,4150.193061507708
2030-02-21 13:00:00,3643.793820640974
2030-02-21 14:00:00,2642.927989552932
2030-02-21 15:00:00,1230.5304312127791
2030-02-21 16:00:00,13.134729576004768
2030-02-21 17:00:00,0.007083920184537013
2030-02-21 18:00:00,0.7831686868416594
2030-02-21 19:00:00,0.008086054325
2030-02-21 20:00:00,0.00783998846679222
2030-02-21 21:00:00,0.00760150627892058
2030-02-21 22:00:00,0.007522614003085232
2030-02-21 23:00:00,0.007454004583627185
2030-02-22 00:00:00,0.007218067379552266
2030-02-22 01:00:00,0.007126913666740689
2030-02-22 02:00:00,0.007124164596060634
2030-02-22 03:00:00,0.007015640840008264
2030-02-22 04:00:00,0.0068099935337755406
2030-02-22 05:00:00,0.006594458871205773
2030-02-22 06:00:00,0.006335788381874704
2030-02-22 07:00:00,0.007327936468734946
2030-02-22 08:00:00,293.2240005297113
2030-02-22 09:00:00,1726.4528894307105
2030-02-22 10:00:00,2575.3773245015514
2030-02-22 11:00:00,2937.4272818195527
2030-02-22 12:00:00,2871.1697003568624
2030-02-22 13:00:00,2308.3945243857247
2030-02-22 14:00:00,1358.191054793472
2030-02-22 15:00:00,128.3215992533622
2030-02-22 16:00:00,0.006594246613988405
2030-02-22 17:00:00,0.006674707700995246
2030-02-22 18:00:00,0.007455091922898501
2030-02-22 19:00:00,0.00756236532504456
2030-02-22 20:00:00,0.007611050140769005
2030-02-22 21:00:00,0.007552645212813399
2030-02-22 22:00:00,0.007473452463895125
2030-02-22 23:00:00,0.0073993473765809675
2030-02-23 00:00:00,0.007317508751793496
2030-02-23 01:00:00,0.007317770509997511
2030-02-23 02:00:00,0.007366084601277942
2030-02-23 03:00:00,0.007334710291830318
2030-02-23 04:00:00,0.007392792651770392
2030-02-23 05:00:00,0.007230147943617151
2030-02-23 06:00:00,0.0068607857700965415
2030-02-23 07:00:00,30.70955877807692
2030-02-23 08:00:00,945.2589802933181
2030-02-23 09:00:00,2206.3506740041157
2030-02-23 10:00:00,3326.309045845438
2030-02-23 11:00:00,3903.068604007563
2030-02-23 12:00:00,3970.7071488857823
2030-02-23 13:00:00,3882.8330585169606
2030-02-23 14:00:00,3106.958659986307
2030-02-23 15:00:00,1740.2598837466235
2030-02-23 16:00:00,101.6054687570942
2030-02-23 17:00:00,0.007196639155970259
2030-02-23 18:00:00,0.007784302974111146
2030-02-23 19:00:00,0.00806148342967575
2030-02-23 20:00:00,0.008636839053699288
2030-02-23 21:00:00,0.008789844485150015
2030-02-23 22:00:00,0.008886649037837334
2030-02-23 23:00:00,0.0093859580584329
2030-02-24 00:00:00,0.009452183614196506
2030-02-24 01:00:00,0.008793583911795876
2030-02-24 02:00:00,0.008086047619367214
2030-02-24 03:00:00,0.007786963408739776
2030-02-24 04:00:00,0.00742819159099577
2030-02-24 05:00:00,0.0067453880471640085
2030-02-24 06:00:00,0.0061443084786019665
2030-02-24 07:00:00,13.949974135122748
2030-02-24 08:00:00,995.4106874410959
2030-02-24 09:00:00,2413.2621280848484
2030-02-24 10:00:00,3379.0796653852126
2030-02-24 11:00:00,3770.8869985410793
2030-02-24 12:00:00,3748.3207233625444
2030-02-24 13:00:00,3272.1862914519174
2030-02-24 14:00:00,2310.253963263828
2030-02-24 15:00:00,808.3391564199554
2030-02-24 16:00:00,4.947399867705872
2030-02-24 17:00:00,0.0064210385816241815
2030-02-24 18:00:00,0.007252088340033101
2030-02-24 19:00:00,0.00750443309448123
2030-02-24 20:00:00,0.007536621483060565
2030-02-24 21:00:00,0.007507530047644834
2030-02-24 22:00:00,0.007501494965372677
2030-02-24 23:00:00,0.007503439954819638
2030-02-25 00:00:00,0.007516850958552701
2030-02-25 01:00:00,0.007382719100593351
2030-02-25 02:00:00,0.007374424154211693
2030-02-25 03:00:00,0.007233983235038587
2030-02-25 04:00:00,0.007127091831580511
2030-02-25 05:00:00,0.00682455933013622
2030-02-25 06:00:00,0.006449508742525585
2030-02-25 07:00:00,5.18366391853019
2030-02-25 08:00:00,488.87215653063646
2030-02-25 09:00:00,1820.6403366895968
2030-02-25 10:00:00,2705.4552624754297
2030-02-25 11:00:00,2798.6512686278047
2030-02-25 12:00:00,2551.0580181677988
2030-02-25 13:00:00,2116.894061038429
2030-02-25 14:00:00,1163.5423422179842
2030-02-25 15:00:00,122.25604079079038
2030-02-25 16:00:00,0.006439949742295671
2030-02-25 17:00:00,0.006219521048884478
2030-02-25 18:00:00,0.006662360869671436
2030-02-25 19:00:00,0.006899102158048265
2030-02-25 20:00:00,0.00706320675210596
2030-02-25 21:00:00,0.0070857375715140175
2030-02-25 22:00:00,0.0070338404386658514
2030-02-25 23:00:00,0.006896191022206349
2030-02-26 00:00:00,0.006704844094748909
2030-02-26 01:00:00,0.006586359668636285
2030-02-26 02:00:00,0.006468348484619694
2030-02-26 03:00:00,0.006338840073396078
2030-02-26 04:00:00,0.006153807355717654
2030-02-26 05:00:00,0.005986659773990238
2030-02-26 06:00:00,0.0056103679898548975
2030-02-26 07:00:00,19.105831548997486
2030-02-26 08:00:00,856.8310541833288
2030-02-26 09:00:00,1852.2015092961979
2030-02-26 10:00:00,2576.9784031815584
2030-02-26 11:00:00,3020.8962926557538
2030-02-26 12:00:00,2999.1713952633004
2030-02-26 13:00:00,2792.7943998157466
2030-02-26 14:00:00,2129.016705719045
2030-02-26 15:00:00,995.1591870182034
2030-02-26 16:00:00,20.862981776066523
2030-02-26 17:00:00,0.004962408378491387
2030-02-26 18:00:00,0.005128733942989989
2030-02-26 19:00:00,0.005307870244954726
2030-02-26 20:00:00,0.005517703062057365
2030-02-26 21:00:00,0.005719839510595112
2030-02-26 22:00:00,0.006034354355883185
2030-02-26 23:00:00,0.006335819755104742
2030-02-27 00:00:00,1.0907506805931553
2030-02-27 01:00:00,1.2285960459115866
2030-02-27 02:00:00,0.8304502466504488
2030-02-27 03:00:00,0.9672130090023361
2030-02-27 04:00:00,0.016622377856011464
2030-02-27 05:00:00,0.007141078972880946
2030-02-27 06:00:00,0.005845482132323681
2030-02-27 07:00:00,180.4335556906009
2030-02-27 08:00:00,1704.3280049528105
2030-02-27 09:00:00,3059.8881700622746
2030-02-27 10:00:00,3893.8324955413555
2030-02-27 11:00:00,4135.175545812598
2030-02-27 12:00:00,3907.8749106346822
2030-02-27 13:00:00,3571.5412308976424
2030-02-27 14:00:00,2775.590717274767
2030-02-27 15:00:00,1475.1164617931572
2030-02-27 16:00:00,23.871476567664857
2030-02-27 17:00:00,0.0041231472797324965
2030-02-27 18:00:00,0.00440673120109101
2030-02-27 19:00:00,0.004685824524961074
2030-02-27 20:00:00,0.0049237594436357425
2030-02-27 21:00:00,0.0050930521260760505
2030-02-27 22:00:00,0.005238639579234509
2030-02-27 23:00:00,0.0053527698057764545
2030-02-28 00:00:00,0.005394396096133142
2030-02-28 01:00:00,0.00546367046308528
2030-02-28 02:00:00,0.005465570821132404
2030-02-28 03:00:00,0.005396457223800955
2030-02-28 04:00:00,0.005316320056248557
2030-02-28 05:00:00,0.005252171144305655
2030-02-28 06:00:00,0.00510884887587963
2030-02-28 07:00:00,10.667827764138451
2030-02-28 08:00:00,792.4240339429234
2030-02-28 09:00:00,2099.2605711902834
2030-02-28 10:00:00,2842.399462721472
2030-02-28 11:00:00,3147.842264107246
2030-02-28 12:00:00,3140.025057674317
2030-02-28 13:00:00,2586.173963535847
2030-02-28 14:00:00,1618.7522418772326
2030-02-28 15:00:00,151.6620861284473
2030-02-28 16:00:00,0.005455257197105091
2030-02-28 17:00:00,0.005517394959552083
2030-02-28 18:00:00,0.005975498500192964
2030-02-28 19:00:00,0.006239069146343191
2030-02-28 20:00:00,0.006397095495464333
2030-02-28 21:00:00,0.006458537181982202
2030-02-28 22:00:00,0.0064430028749564066
2030-02-28 23:00:00,0.006382204651912727
2030-03-01 00:00:00,0.0062835975015122555
2030-03-01 01:00:00,0.006216121025156049
2030-03-01 02:00:00,0.0061563291148566505
2030-03-01 03:00:00,0.006074864387334443
2030-03-01 04:00:00,0.005945684086237111
2030-03-01 05:00:00,0.005830102005468846
2030-03-01 06:00:00,0.005628464773794351
2030-03-01 07:00:00,1.100748507014476
2030-03-01 08:00:00,227.9167261634108
2030-03-01 09:00:00,1498.6196906596947
2030-03-01 10:00:00,2706.541079071444
2030-03-01 11:00:00,3440.5746185486514
2030-03-01 12:00:00,3505.4864888982493
2030-03-01 13:00:00,3183.383893461001
2030-03-01 14:00:00,2123.069513454324
2030-03-01 15:00:00,643.5519186636812
2030-03-01 16:00:00,0.006103779826954005
2030-03-01 17:00:00,0.0055064222713984146
2030-03-01 18:00:00,0.005873767443299991
2030-03-01 19:00:00,0.006204637633198338
2030-03-01 20:00:00,0.006423303758100922
2030-03-01 21:00:00,0.006612053482135661
2030-03-01 22:00:00,0.006849697850841722
2030-03-01 23:00:00,0.007214496559751119
2030-03-02 00:00:00,1.0257842427940949
2030-03-02 01:00:00,1.3194227036266621
2030-03-02 02:00:00,3.304780798136807
2030-03-02 03:00:00,3.2723295641588424
2030-03-02 04:00:00,3.593782412999253
2030-03-02 05:00:00,0.007934914594916423
2030-03-02 06:00:00,0.006716722485019783
2030-03-02 07:00:00,122.03423768468042
2030-03-02 08:00:00,1446.8344374639616
2030-03-02 09:00:00,2657.11220051432
2030-03-02 10:00:00,3532.8591228614127
2030-03-02 11:00:00,3689.125390576105
2030-03-02 12:00:00,3326.665066436729
2030-03-02 13:00:00,2833.671357161748
2030-03-02 14:00:00,1982.8457581116227
2030-03-02 15:00:00,941.8254003403058
2030-03-02 16:00:00,27.74240316261572
2030-03-02 17:00:00,0.00606244480934527
2030-03-02 18:00:00,0.006315054403949073
2030-03-02 19:00:00,0.006602518870245747
2030-03-02 20:00:00,0.006753564341142953
2030-03-02 21:00:00,0.006886873350681569
2030-03-02 22:00:00,0.007038449898462768
2030-03-02 23:00:00,0.006964969526816781
2030-03-03 00:00:00,0.006690881357028519
2030-03-03 01:00:00,0.006572347991404456
2030-03-03 02:00:00,0.006513781395913756
2030-03-03 03:00:00,0.006404393180071042
2030-03-03 04:00:00,0.0062289704118494394
2030-03-03 05:00:00,0.005894821890826266
2030-03-03 06:00:00,0.005539818560528709
2030-03-03 07:00:00,38.059307359478815
2030-03-03 08:00:00,1089.461230689739
2030-03-03 09:00:00,2149.9505828117217
2030-03-03 10:00:00,2921.0167925941073
2030-03-03 11:00:00,3193.3163365706514
2030-03-03 12:00:00,3161.559868335562
2030-03-03 13:00:00,2739.1300695142554
2030-03-03 14:00:00,1957.9724747758955
2030-03-03 15:00:00,745.6226241939137
2030-03-03 16:00:00,5.3930106593701135
2030-03-03 17:00:00,0.005391775844504294
2030-03-03 18:00:00,0.00575784486127782
2030-03-03 19:00:00,0.0059616715771180885
2030-03-03 20:00:00,0.006158352987652098
2030-03-03 21:00:00,0.006289054363277922
2030-03-03 22:00:00,0.006344197820573643
2030-03-03 23:00:00,0.006331621976147194
2030-03-04 00:00:00,0.006278611996884826
2030-03-04 01:00:00,0.00625672399539866
2030-03-04 02:00:00,0.006186938691893487
2030-03-04 03:00:00,0.00608654389530773
2030-03-04 04:00:00,0.005959096423832732
2030-03-04 05:00:00,0.0057960112325754305
2030-03-04 06:00:00,0.00566638515372021
2030-03-04 07:00:00,22.518415710082973
2030-03-04 08:00:00,1002.581087117395
2030-03-04 09:00:00,2369.320873567072
2030-03-04 10:00:00,3296.9521882116405
2030-03-04 11:00:00,3743.5721224346776
2030-03-04 12:00:00,3633.36433380351
2030-03-04 13:00:00,3226.528319136772
2030-03-04 14:00:00,2254.768667951566
2030-03-04 15:00:00,777.3990412729656
2030-03-04 16:00:00,7.0383040224690205
2030-03-04 17:00:00,0.005667483022312691
2030-03-04 18:00:00,0.0060168348950691885
2030-03-04 19:00:00,0.006158997293257719
2030-03-04 20:00:00,0.006286560586635171
2030-03-04 21:00:00,0.006291500561609378
2030-03-04 22:00:00,0.006233773638177623
2030-03-04 23:00:00,0.006127906054752805
2030-03-05 00:00:00,0.005947664646411301
2030-03-05 01:00:00,0.005805047738235291
2030-03-05 02:00:00,0.005688659039899379
2030-03-05 03:00:00,0.005563751697983706
2030-03-05 04:00:00,0.005443193806342872
2030-03-05 05:00:00,0.005243185828728954
2030-03-05 06:00:00,0.005021101022600767
2030-03-05 07:00:00,29.018956767702843
2030-03-05 08:00:00,1063.2355313993776
2030-03-05 09:00:00,2077.876432109275
2030-03-05 10:00:00,2832.0025202181787
2030-03-05 11:00:00,3018.291348020498
2030-03-05 12:00:00,2615.5185838311672
2030-03-05 13:00:00,2114.138097613524
2030-03-05 14:00:00,1280.536110369148
2030-03-05 15:00:00,296.1548299253747
2030-03-05 16:00:00,0.387347350921096
2030-03-05 17:00:00,0.004684624912107203
2030-03-05 18:00:00,0.004872977272920621
2030-03-05 19:00:00,0.005028753523617709
2030-03-05 20:00:00,0.005131747198363686
2030-03-05 21:00:00,0.005188122942539684
2030-03-05 22:00:00,0.0052075724353353395
2030-03-05 23:00:00,0.0051710428761784725
2030-03-06 00:00:00,0.005096777903693871
2030-03-06 01:00:00,0.005064554630858229
2030-03-06 02:00:00,0.005082813251937827
2030-03-06 03:00:00,0.005215984365659278
2030-03-06 04:00:00,0.2355123170818515
2030-03-06 05:00:00,0.1253184411635268
2030-03-06 06:00:00,0.0056859235664562385
2030-03-06 07:00:00,299.12763971376467
2030-03-06 08:00:00,1274.6537527699018
2030-03-06 09:00:00,2171.456042249632
2030-03-06 10:00:00,2945.3295288565328
2030-03-06 11:00:00,3324.8922509057616
2030-03-06 12:00:00,3394.1370114876454
2030-03-06 13:00:00,3317.8876127126964
2030-03-06 14:00:00,2617.32938878534
2030-03-06 15:00:00,1509.8775660293852
2030-03-06 16:00:00,256.35821112980506
2030-03-06 17:00:00,0.006218036717213194
2030-03-06 18:00:00,0.005862329678006219
2030-03-06 19:00:00,0.0067864908976526216
2030-03-06 20:00:00,0.007341473682471548
2030-03-06 21:00:00,0.007939472166480381
2030-03-06 22:00:00,2.5309104781862373
2030-03-06 23:00:00,8.021817039547777
2030-03-07 00:00:00,23.460749232969224
2030-03-07 01:00:00,16.730137280490034
2030-03-07 02:00:00,15.27719222756929
2030-03-07 03:00:00,16.04443597675222
2030-03-07 04:00:00,9.884370060474488
2030-03-07 05:00:00,1.7098138666417333
2030-03-07 06:00:00,0.006967030378466365
2030-03-07 07:00:00,330.3019102814368
2030-03-07 08:00:00,1557.6028867318732
2030-03-07 09:00:00,2644.627099831548
2030-03-07 10:00:00,3470.6755017301098
2030-03-07 11:00:00,3769.0385971701016
2030-03-07 12:00:00,3630.4859869220504
2030-03-07 13:00:00,3070.0636550692857
2030-03-07 14:00:00,2050.8686713306092
2030-03-07 15:00:00,869.1757182121671
2030-03-07 16:00:00,5.461401105324391
2030-03-07 17:00:00,0.005820329373397312
2030-03-07 18:00:00,0.006299085414957968
2030-03-07 19:00:00,0.006643114794318845
2030-03-07 20:00:00,0.006973639520265735
2030-03-07 21:00:00,0.007101318449997099
2030-03-07 22:00:00,0.007164230739443539
2030-03-07 23:00:00,0.007175746507817025
2030-03-08 00:00:00,0.007081653708716024
2030-03-08 01:00:00,0.007065992461167943
2030-03-08 02:00:00,0.007071183425380717
2030-03-08 03:00:00,0.007044200279998315
2030-03-08 04:00:00,0.006974648647951252
2030-03-08 05:00:00,0.006917960993615289
2030-03-08 06:00:00,0.006939868565058599
2030-03-08 07:00:00,2.73393482130416
2030-03-08 08:00:00,152.35900516563316
2030-03-08 09:00:00,955.4003378246122
2030-03-08 10:00:00,1687.8737921072493
2030-03-08 11:00:00,2029.058557928022
2030-03-08 12:00:00,2027.9208055258043
2030-03-08 13:00:00,1672.1830550096597
2030-03-08 14:00:00,1024.654515594507
2030-03-08 15:00:00,150.2282648311816
2030-03-08 16:00:00,0.008792324491478987
2030-03-08 17:00:00,0.007610159530595038
2030-03-08 18:00:00,0.007959760319938745
2030-03-08 19:00:00,0.008026725184264612
2030-03-08 20:00:00,0.00812583139344513
2030-03-08 21:00:00,0.008032285493486647
2030-03-08 22:00:00,0.007886213545377184
2030-03-08 23:00:00,0.007734226712099374
2030-03-09 00:00:00,0.007619454052117964
2030-03-09 01:00:00,0.007475867174006511
2030-03-09 02:00:00,0.007298749074984787
2030-03-09 03:00:00,0.007041171881783478
2030-03-09 04:00:00,0.006837121057183723
2030-03-09 05:00:00,0.006521650021316548
2030-03-09 06:00:00,0.00630601225696108
2030-03-09 07:00:00,15.665517652084553
2030-03-09 08:00:00,542.2470271623905
2030-03-09 09:00:00,1646.055876437204
2030-03-09 10:00:00,2568.87919205472
2030-03-09 11:00:00,3041.8411889240406
2030-03-09 12:00:00,2921.118699595656
2030-03-09 13:00:00,2485.6221383020516
2030-03-09 14:00:00,1679.358088213666
2030-03-09 15:00:00,438.19146264907226
2030-03-09 16:00:00,3.205249913894649
2030-03-09 17:00:00,0.005907413217667101
2030-03-09 18:00:00,0.006280575224574578
2030-03-09 19:00:00,0.006514351387129531
2030-03-09 20:00:00,0.006647188075182955
2030-03-09 21:00:00,0.006672457251183301
2030-03-09 22:00:00,0.0066150111606144086
2030-03-09 23:00:00,0.006598594230825024
2030-03-10 00:00:00,0.006647876634799744
2030-03-10 01:00:00,0.006573963394787125
2030-03-10 02:00:00,0.006545021981643696
2030-03-10 03:00:00,0.00647141460437147
2030-03-10 04:00:00,0.0063351703515101485
2030-03-10 05:00:00,0.006137935896045757
2030-03-10 06:00:00,0.005862170716522397
2030-03-10 07:00:00,93.26787641131864
2030-03-10 08:00:00,1516.0007672693866
2030-03-10 09:00:00,2723.783901169086
2030-03-10 10:00:00,3578.5035334412687
2030-03-10 11:00:00,3701.0751252871482
2030-03-10 12:00:00,3621.380855266341
2030-03-10 13:00:00,3258.0665996582848
2030-03-10 14:00:00,2581.914395901989
2030-03-10 15:00:00,1420.3513141804447
2030-03-10 16:00:00,32.69453597274892
2030-03-10 17:00:00,0.005271069784035602
2030-03-10 18:00:00,0.005627886287184932
2030-03-10 19:00:00,0.005849270561206234
2030-03-10 20:00:00,0.006010674634029574
2030-03-10 21:00:00,0.00608517408341799
2030-03-10 22:00:00,0.00613489080952366
2030-03-10 23:00:00,0.006073418737891353
2030-03-11 00:00:00,0.006000101822211458
2030-03-11 01:00:00,0.0059279019218385215
2030-03-11 02:00:00,0.0058769576971626925
2030-03-11 03:00:00,0.0057544353632466815
2030-03-11 04:00:00,0.005601115138692709
2030-03-11 05:00:00,0.005419488974070938
2030-03-11 06:00:00,0.005325257650398534
2030-03-11 07:00:00,123.03225961542313
2030-03-11 08:00:00,1292.5466536706601
2030-03-11 09:00:00,2346.6663606691964
2030-03-11 10:00:00,3127.8053001919443
2030-03-11 11:00:00,3443.8666608327703
2030-03-11 12:00:00,3331.19863541611
2030-03-11 13:00:00,3088.385309327737
2030-03-11 14:00:00,2654.550516247432
2030-03-11 15:00:00,1703.3111250039349
2030-03-11 16:00:00,376.03742009817574
2030-03-11 17:00:00,0.005635570218863404
2030-03-11 18:00:00,0.005703470330849208
2030-03-11 19:00:00,0.0060418395273046325
2030-03-11 20:00:00,0.006283355263874776
2030-03-11 21:00:00,0.006518823354103894
2030-03-11 22:00:00,0.007122086180196427
2030-03-11 23:00:00,1.8070190331155565
2030-03-12 00:00:00,20.04939910831416
2030-03-12 01:00:00,29.421339796862448
2030-03-12 02:00:00,31.340019802165493
2030-03-12 03:00:00,33.1564837697838
2030-03-12 04:00:00,11.843862905076882
2030-03-12 05:00:00,2.9616449491386243
2030-03-12 06:00:00,12.881856765955067
2030-03-12 07:00:00,1056.855695411304
2030-03-12 08:00:00,2528.7642007220875
2030-03-12 09:00:00,3698.6257128700845
2030-03-12 10:00:00,4491.143394689746
2030-03-12 11:00:00,4790.256146339157
2030-03-12 12:00:00,4671.886086597617
2030-03-12 13:00:00,4224.4735605658
2030-03-12 14:00:00,3279.6299781196244
2030-03-12 15:00:00,1993.851923377449
2030-03-12 16:00:00,422.42414296292105
2030-03-12 17:00:00,0.0038391969369770064
2030-03-12 18:00:00,0.003892985572926377
2030-03-12 19:00:00,0.004087185462987943
2030-03-12 20:00:00,0.004300075181047665
2030-03-12 21:00:00,0.004458033601766516
2030-03-12 22:00:00,0.004547675290926296
2030-03-12 23:00:00,0.004608538021597396
2030-03-13 00:00:00,0.004642426739893249
2030-03-13 01:00:00,0.004709240539829537
2030-03-13 02:00:00,0.004717033157271388
2030-03-13 03:00:00,0.00474458785326917
2030-03-13 04:00:00,0.0049095241302808575
2030-03-13 05:00:00,0.0049902684850651954
2030-03-13 06:00:00,4.614359471670369
2030-03-13 07:00:00,628.6962014463305
2030-03-13 08:00:00,1715.3128034782644
2030-03-13 09:00:00,2665.4132373855286
2030-03-13 10:00:00,3293.66538443742
2030-03-13 11:00:00,3466.496057912164
2030-03-13 12:00:00,3413.9400482393335
2030-03-13 13:00:00,3166.347844093714
2030-03-13 14:00:00,2494.4539426632746
2030-03-13 15:00:00,1603.779225141677
2030-03-13 16:00:00,527.6628010247099
2030-03-13 17:00:00,0.2438687710043075
2030-03-13 18:00:00,0.005471610983353716
2030-03-13 19:00:00,0.005619814343305307
2030-03-13 20:00:00,0.005724147024043618
2030-03-13 21:00:00,2.608853987406158
2030-03-13 22:00:00,7.402527399219177
2030-03-13 23:00:00,12.260933793011132
2030-03-14 00:00:00,119.27601986354661
2030-03-14 01:00:00,123.66966898563496
2030-03-14 02:00:00,80.77723982892356
2030-03-14 03:00:00,89.81311637464395
2030-03-14 04:00:00,57.96494100350458
2030-03-14 05:00:00,69.92828407303212
2030-03-14 06:00:00,139.1338435193204
2030-03-14 07:00:00,1061.6920826727833
2030-03-14 08:00:00,2462.8676813883353
2030-03-14 09:00:00,3673.8539077819987
2030-03-14 10:00:00,4555.4186637465955
2030-03-14 11:00:00,5084.566824440891
2030-03-14 12:00:00,5093.4266044417645
2030-03-14 13:00:00,4527.016189747877
2030-03-14 14:00:00,3551.1536222335917
2030-03-14 15:00:00,2158.051565420469
2030-03-14 16:00:00,562.3377141498632
2030-03-14 17:00:00,0.0051121771491156685
2030-03-14 18:00:00,0.0051066376351395215
2030-03-14 19:00:00,0.0053760966057777955
2030-03-14 20:00:00,0.005639089044697226
2030-03-14 21:00:00,0.005807164973669415
2030-03-14 22:00:00,0.005817714037023431
2030-03-14 23:00:00,0.0058964122918428365
2030-03-15 00:00:00,0.006149314642477671
2030-03-15 01:00:00,0.006377360781034293
2030-03-15 02:00:00,0.00653460211587591
2030-03-15 03:00:00,0.006259124566734206
2030-03-15 04:00:00,0.005567053487311633
2030-03-15 05:00:00,0.005155240385466293
2030-03-15 06:00:00,0.004945493926001864
2030-03-15 07:00:00,302.1157459382643
2030-03-15 08:00:00,1422.9382650844605
2030-03-15 09:00:00,2338.7318986028563
2030-03-15 10:00:00,3230.284414494361
2030-03-15 11:00:00,3714.908926633796
2030-03-15 12:00:00,3776.2218241909923
2030-03-15 13:00:00,3506.956762495057
2030-03-15 14:00:00,2905.7104991404626
2030-03-15 15:00:00,1895.6709489136344
2030-03-15 16:00:00,550.4690175431722
2030-03-15 17:00:00,0.006171488754229683
2030-03-15 18:00:00,0.006252943259786139
2030-03-15 19:00:00,0.006391355771302979
2030-03-15 20:00:00,0.0064829232736516584
2030-03-15 21:00:00,0.0066581690660562675
2030-03-15 22:00:00,0.006549760112105266
2030-03-15 23:00:00,0.006528969777673935
2030-03-16 00:00:00,0.006275553354337398
2030-03-16 01:00:00,0.006048816077819444
2030-03-16 02:00:00,0.005853404690162594
2030-03-16 03:00:00,0.0055479362604423915
2030-03-16 04:00:00,0.005258944595262983
2030-03-16 05:00:00,0.00499330498756271
2030-03-16 06:00:00,0.004903099403027614
2030-03-16 07:00:00,489.35049544171665
2030-03-16 08:00:00,1645.3892694201836
2030-03-16 09:00:00,2671.9147394086945
2030-03-16 10:00:00,3675.0661827308536
2030-03-16 11:00:00,4075.918814662641
2030-03-16 12:00:00,3801.9276901837857
2030-03-16 13:00:00,3154.5826516480765
2030-03-16 14:00:00,2475.073243470481
2030-03-16 15:00:00,1579.2632427965289
2030-03-16 16:00:00,468.07152012366464
2030-03-16 17:00:00,0.006301273706736173
2030-03-16 18:00:00,0.006718179701281661
2030-03-16 19:00:00,0.0069114845939009335
2030-03-16 20:00:00,3.550711579691451
2030-03-16 21:00:00,10.08660773389619
2030-03-16 22:00:00,9.293852595142027
2030-03-16 23:00:00,19.54223451427456
2030-03-17 00:00:00,30.01262425094533
2030-03-17 01:00:00,15.043214160775012
2030-03-17 02:00:00,7.641160717819918
2030-03-17 03:00:00,0.6484782704082092
2030-03-17 04:00:00,0.005799731688086983
2030-03-17 05:00:00,0.005398988752243457
2030-03-17 06:00:00,3.183911295105045
2030-03-17 07:00:00,1050.3988687420313
2030-03-17 08:00:00,2535.658953243282
2030-03-17 09:00:00,3788.090983848052
2030-03-17 10:00:00,4546.19384594099
2030-03-17 11:00:00,4581.745752873106
2030-03-17 12:00:00,4083.8730114954806
2030-03-17 13:00:00,3575.6270547508243
2030-03-17 14:00:00,2709.024545569856
2030-03-17 15:00:00,1595.7189532728937
2030-03-17 16:00:00,231.73458916486422
2030-03-17 17:00:00,0.004775510041419679
2030-03-17 18:00:00,0.005044957304038386
2030-03-17 19:00:00,0.0053154182719620455
2030-03-17 20:00:00,0.0055830100717775034
2030-03-17 21:00:00,0.005849084223130466
2030-03-17 22:00:00,0.006121894275740513
2030-03-17 23:00:00,0.00627862940285228
2030-03-18 00:00:00,0.0065273674982853315
2030-03-18 01:00:00,0.006570303248089035
2030-03-18 02:00:00,0.006681692025751824
2030-03-18 03:00:00,0.0066790511587888814
2030-03-18 04:00:00,0.006249596794320018
2030-03-18 05:00:00,0.005993512460061509
2030-03-18 06:00:00,0.006136068685208394
2030-03-18 07:00:00,335.7781707672738
2030-03-18 08:00:00,1381.3716170224527
2030-03-18 09:00:00,2277.336380355239
2030-03-18 10:00:00,2855.9292522201067
2030-03-18 11:00:00,3081.446320683949
2030-03-18 12:00:00,2971.7817261689665
2030-03-18 13:00:00,2567.753176594924
2030-03-18 14:00:00,1770.8550542036705
2030-03-18 15:00:00,702.66704506084
2030-03-18 16:00:00,0.007756819985521742
2030-03-18 17:00:00,0.006690463084291677
2030-03-18 18:00:00,0.006984166231280314
2030-03-18 19:00:00,0.00711171630861618
2030-03-18 20:00:00,0.007230181464964603
2030-03-18 21:00:00,0.007282587458810134
2030-03-18 22:00:00,0.007280887631507994
2030-03-18 23:00:00,0.007211689512174111
2030-03-19 00:00:00,0.006922722970618178
2030-03-19 01:00:00,0.006785761259182069
2030-03-19 02:00:00,0.006465761449449951
2030-03-19 03:00:00,0.006157275149659948
2030-03-19 04:00:00,0.005751560530951689
2030-03-19 05:00:00,0.005232858042212003
2030-03-19 06:00:00,0.005243443059673367
2030-03-19 07:00:00,627.3636385529205
2030-03-19 08:00:00,2154.008734577334
2030-03-19 09:00:00,3354.8768739987536
2030-03-19 10:00:00,4202.245679842454
2030-03-19 11:00:00,4434.9953158680255
2030-03-19 12:00:00,4192.306942914101
2030-03-19 13:00:00,3716.1827008955825
2030-03-19 14:00:00,2715.0471852129326
2030-03-19 15:00:00,1479.206358433985
2030-03-19 16:00:00,46.6257354170454
2030-03-19 17:00:00,0.003949966307750281
2030-03-19 18:00:00,0.004153802317750549
2030-03-19 19:00:00,0.004293776489356297
2030-03-19 20:00:00,0.004424713176279446
2030-03-19 21:00:00,0.004508000936275198
2030-03-19 22:00:00,0.004519992175541677
2030-03-19 23:00:00,0.004484776999747242
2030-03-20 00:00:00,0.004404917278850225
2030-03-20 01:00:00,0.004324728205767271
2030-03-20 02:00:00,0.004212538007059242
2030-03-20 03:00:00,0.004069805917327121
2030-03-20 04:00:00,0.003911770060551079
2030-03-20 05:00:00,0.003829225223335761
2030-03-20 06:00:00,0.0038755591808412836
2030-03-20 07:00:00,631.7247376619343
2030-03-20 08:00:00,1956.9649776643266
2030-03-20 09:00:00,3031.9210122448717
2030-03-20 10:00:00,3859.410106268729
2030-03-20 11:00:00,3529.279916544002
2030-03-20 12:00:00,3716.3233179674685
2030-03-20 13:00:00,3662.3798401694376
2030-03-20 14:00:00,2892.2159392450894
2030-03-20 15:00:00,1726.6289882254111
2030-03-20 16:00:00,266.5377275965763
2030-03-20 17:00:00,0.003921848993459547
2030-03-20 18:00:00,0.0040107870707892165
2030-03-20 19:00:00,0.004259278597928368
2030-03-20 20:00:00,0.0044960792719544885
2030-03-20 21:00:00,0.004747701492044126
2030-03-20 22:00:00,0.0051228981527916325
2030-03-20 23:00:00,0.005618015803322579
2030-03-21 00:00:00,1.5772446492288352
2030-03-21 01:00:00,6.1017194216055985
2030-03-21 02:00:00,15.45934536134506
2030-03-21 03:00:00,44.20600558890799
2030-03-21 04:00:00,66.87110250293645
2030-03-21 05:00:00,84.87481426832264
2030-03-21 06:00:00,184.8660930826124
2030-03-21 07:00:00,657.6287502944783
2030-03-21 08:00:00,1322.9149639216482
2030-03-21 09:00:00,2036.958968125347
2030-03-21 10:00:00,2562.7771850555046
2030-03-21 11:00:00,2870.4529174297595
2030-03-21 12:00:00,2996.2954777927216
2030-03-21 13:00:00,2772.6011096641196
2030-03-21 14:00:00,2151.522904047529
2030-03-21 15:00:00,1397.766001461117
2030-03-21 16:00:00,437.45111309476397
2030-03-21 17:00:00,0.006049459645306111
2030-03-21 18:00:00,0.006303350863152772
2030-03-21 19:00:00,0.006253612347183221
2030-03-21 20:00:00,0.006647178667438811
2030-03-21 21:00:00,2.1153119018188606
2030-03-21 22:00:00,11.369642540346717
2030-03-21 23:00:00,38.19934104957054
2030-03-22 00:00:00,129.91351498240275
2030-03-22 01:00:00,158.0932135981052
2030-03-22 02:00:00,130.95321906601316
2030-03-22 03:00:00,104.98147828712852
2030-03-22 04:00:00,56.238382527070165
2030-03-22 05:00:00,16.923555315388334
2030-03-22 06:00:00,26.467477044218047
2030-03-22 07:00:00,739.9429067048453
2030-03-22 08:00:00,1741.264935359036
2030-03-22 09:00:00,2580.621178430795
2030-03-22 10:00:00,3275.343775451652
2030-03-22 11:00:00,3615.199270639889
2030-03-22 12:00:00,3509.061057947112
2030-03-22 13:00:00,2934.7943353256533
2030-03-22 14:00:00,2255.134426960183
2030-03-22 15:00:00,1199.7350257706419
2030-03-22 16:00:00,100.20851436505498
2030-03-22 17:00:00,0.00760813826614881
2030-03-22 18:00:00,0.007796585804268419
2030-03-22 19:00:00,0.008209621449817402
2030-03-22 20:00:00,0.008653106772516132
2030-03-22 21:00:00,0.008838723941666269
2030-03-22 22:00:00,0.008976927640915972
2030-03-22 23:00:00,0.008899012722242045
2030-03-23 00:00:00,0.008666588767627454
2030-03-23 01:00:00,0.008154871515104346
2030-03-23 02:00:00,0.007515101952415192
2030-03-23 03:00:00,0.007134860180043704
2030-03-23 04:00:00,0.006826073870357581
2030-03-23 05:00:00,0.006522419188509787
2030-03-23 06:00:00,0.0069908825742934794
2030-03-23 07:00:00,147.57547697212968
2030-03-23 08:00:00,1230.5899291588657
2030-03-23 09:00:00,2129.610520931157
2030-03-23 10:00:00,2694.6703614580993
2030-03-23 11:00:00,3037.4778719274877
2030-03-23 12:00:00,2995.2667937096253
2030-03-23 13:00:00,2582.020012128124
2030-03-23 14:00:00,1934.1092867769578
2030-03-23 15:00:00,798.3281041937096
2030-03-23 16:00:00,10.20268941936168
2030-03-23 17:00:00,0.006336113760647482
2030-03-23 18:00:00,0.0065481711479717635
2030-03-23 19:00:00,0.00674946114328809
2030-03-23 20:00:00,0.006805006809794856
2030-03-23 21:00:00,0.006885177533625556
2030-03-23 22:00:00,0.006878056275623421
2030-03-23 23:00:00,0.00679249462038778
2030-03-24 00:00:00,0.006572460955158295
2030-03-24 01:00:00,0.0064751440324612875
2030-03-24 02:00:00,0.006350948472665922
2030-03-24 03:00:00,0.006177566952088308
2030-03-24 04:00:00,0.005928847455597477
2030-03-24 05:00:00,0.00565514579337519
2030-03-24 06:00:00,0.00594641954610428
2030-03-24 07:00:00,491.61469120723376
2030-03-24 08:00:00,1913.0348858057628
2030-03-24 09:00:00,3108.437629647081
2030-03-24 10:00:00,3904.465415998429
2030-03-24 11:00:00,4059.408249438877
2030-03-24 12:00:00,4103.597281604352
2030-03-24 13:00:00,3507.2165936121014
2030-03-24 14:00:00,2626.623749144251
2030-03-24 15:00:00,1369.574253716451
2030-03-24 16:00:00,37.81415090432678
2030-03-24 17:00:00,0.004913404267484486
2030-03-24 18:00:00,0.005193755455416284
2030-03-24 19:00:00,0.0054346341090648
2030-03-24 20:00:00,0.005568219018419173
2030-03-24 21:00:00,0.005614671503901929
2030-03-24 22:00:00,0.005641885614823551
2030-03-24 23:00:00,0.005584238226595133
2030-03-25 00:00:00,0.0055312880408431644
2030-03-25 01:00:00,0.005497209351409945
2030-03-25 02:00:00,0.005421214039578742
2030-03-25 03:00:00,0.0052731910030961865
2030-03-25 04:00:00,0.005125274521345127
2030-03-25 05:00:00,0.004870204612819283
2030-03-25 06:00:00,0.004815004785616856
2030-03-25 07:00:00,532.5329545996382
2030-03-25 08:00:00,2053.5415265636093
2030-03-25 09:00:00,3119.13420354048
2030-03-25 10:00:00,3672.1005100375132
2030-03-25 11:00:00,3770.697419394193
2030-03-25 12:00:00,3599.6133465279117
2030-03-25 13:00:00,3247.4951257923153
2030-03-25 14:00:00,2555.456813174054
2030-03-25 15:00:00,1329.9382560856693
2030-03-25 16:00:00,20.598583394684052
2030-03-25 17:00:00,0.004519223197014528
2030-03-25 18:00:00,0.0047688596778410666
2030-03-25 19:00:00,0.004947285890436687
2030-03-25 20:00:00,0.005062028840602266
2030-03-25 21:00:00,0.005141673745260309
2030-03-25 22:00:00,0.005163117473804762
2030-03-25 23:00:00,0.005170696113507796
2030-03-26 00:00:00,0.00513957404569938
2030-03-26 01:00:00,0.005115518617128639
2030-03-26 02:00:00,0.0050844937319596455
2030-03-26 03:00:00,0.0050309765141150625
2030-03-26 04:00:00,0.00501998626382742
2030-03-26 05:00:00,0.004967581371458543
2030-03-26 06:00:00,32.28578076495774
2030-03-26 07:00:00,867.5193521267289
2030-03-26 08:00:00,1724.4778021164784
2030-03-26 09:00:00,2411.2854972264463
2030-03-26 10:00:00,3025.634731646651
2030-03-26 11:00:00,3289.320130483992
2030-03-26 12:00:00,3162.7866370570596
2030-03-26 13:00:00,2875.428539947838
2030-03-26 14:00:00,2257.835095168177
2030-03-26 15:00:00,1539.8542420524086
2030-03-26 16:00:00,572.5895742563724
2030-03-26 17:00:00,0.004639297732453111
2030-03-26 18:00:00,0.00467665171335243
2030-03-26 19:00:00,0.004733890379381222
2030-03-26 20:00:00,0.00469998158248555
2030-03-26 21:00:00,0.22669578957349687
2030-03-26 22:00:00,19.790058211449207
2030-03-26 23:00:00,56.78925333545315
2030-03-27 00:00:00,122.34005479417849
2030-03-27 01:00:00,183.26637666861984
2030-03-27 02:00:00,185.93203462640113
2030-03-27 03:00:00,141.861438115617
2030-03-27 04:00:00,127.27823898588315
2030-03-27 05:00:00,95.2849646268336
2030-03-27 06:00:00,345.06361351935857
2030-03-27 07:00:00,1426.0838326866995
2030-03-27 08:00:00,2764.365314216853
2030-03-27 09:00:00,1264.0704050186212
2030-03-27 10:00:00,1884.574430377179
2030-03-27 11:00:00,2134.213797217229
2030-03-27 12:00:00,1995.7185511370335
2030-03-27 13:00:00,1390.6446325265408
2030-03-27 14:00:00,2165.1519517912925
2030-03-27 15:00:00,1826.4604541497558
2030-03-27 16:00:00,560.8481084126055
2030-03-27 17:00:00,0.0031795310564843972
2030-03-27 18:00:00,0.0030987566894234387
2030-03-27 19:00:00,0.0031634238446008713
2030-03-27 20:00:00,0.003237196888823941
2030-03-27 21:00:00,0.0033745646698665407
2030-03-27 22:00:00,0.0036529657257744273
2030-03-27 23:00:00,0.003948529031637862
2030-03-28 00:00:00,0.004539627824189646
2030-03-28 01:00:00,0.00457837410772105
2030-03-28 02:00:00,0.00458483306825443
2030-03-28 03:00:00,0.7145473691147307
2030-03-28 04:00:00,0.004456141974310931
2030-03-28 05:00:00,0.004254219551787205
2030-03-28 06:00:00,152.01308850422086
2030-03-28 07:00:00,1081.72870910572
2030-03-28 08:00:00,2165.5172384391876
2030-03-28 09:00:00,3084.071408863991
2030-03-28 10:00:00,3725.9848034209804
2030-03-28 11:00:00,3805.9416532003074
2030-03-28 12:00:00,3804.118406498247
2030-03-28 13:00:00,3561.1480296049344
2030-03-28 14:00:00,2854.552527304519
2030-03-28 15:00:00,1677.8135868884121
2030-03-28 16:00:00,512.4585908794523
2030-03-28 17:00:00,0.005710940793520114
2030-03-28 18:00:00,0.005843277703440512
2030-03-28 19:00:00,0.006233171826719584
2030-03-28 20:00:00,0.006522658581252429
2030-03-28 21:00:00,0.006617714345807519
2030-03-28 22:00:00,0.06961263900433998
2030-03-28 23:00:00,2.5149673348154926
2030-03-29 00:00:00,3.910305512695626
2030-03-29 01:00:00,5.1939008907305775
2030-03-29 02:00:00,0.006201089744483548
2030-03-29 03:00:00,0.005986663480446849
2030-03-29 04:00:00,0.005715612233651487
2030-03-29 05:00:00,0.005353712588677289
2030-03-29 06:00:00,3.4213755718492136
2030-03-29 07:00:00,832.6263590891898
2030-03-29 08:00:00,1851.9298328486566
2030-03-29 09:00:00,2539.6850876393983
2030-03-29 10:00:00,3188.061491607572
2030-03-29 11:00:00,3338.1729485247242
2030-03-29 12:00:00,3071.4975222657795
2030-03-29 13:00:00,2512.7617491284695
2030-03-29 14:00:00,1770.8680558235037
2030-03-29 15:00:00,896.6334706392702
2030-03-29 16:00:00,2.557896242116547
2030-03-29 17:00:00,0.005715940302059912
2030-03-29 18:00:00,0.0060720419916837805
2030-03-29 19:00:00,0.006178774517198175
2030-03-29 20:00:00,0.00624328340928049
2030-03-29 21:00:00,0.006237806428074243
2030-03-29 22:00:00,0.0062007389993554065
2030-03-29 23:00:00,0.006113508447928221
2030-03-30 00:00:00,0.005953803038800022
2030-03-30 01:00:00,0.005844346520587261
2030-03-30 02:00:00,0.005719776854078302
2030-03-30 03:00:00,0.00556436922954477
2030-03-30 04:00:00,0.005368748625222767
2030-03-30 05:00:00,0.005104459151732016
2030-03-30 06:00:00,0.005191468293179065
2030-03-30 07:00:00,468.39434898472433
2030-03-30 08:00:00,1534.3647007691454
2030-03-30 09:00:00,2335.2484792449113
2030-03-30 10:00:00,2896.3454184117613
2030-03-30 11:00:00,3160.2272260058944
2030-03-30 12:00:00,3199.6827690125583
2030-03-30 13:00:00,2840.257128634971
2030-03-30 14:00:00,2057.877075877079
2030-03-30 15:00:00,1013.4937996451898
2030-03-30 16:00:00,5.032457070742495
2030-03-30 17:00:00,0.004678406818107973
2030-03-30 18:00:00,0.004886957219590232
2030-03-30 19:00:00,0.005048838879360073
2030-03-30 20:00:00,0.00512435757884264
2030-03-30 21:00:00,0.005154930482928232
2030-03-30 22:00:00,0.005124163622097099
2030-03-30 23:00:00,0.00506075816546562
2030-03-31 00:00:00,0.005062159886329522
2030-03-31 01:00:00,0.004975747885926542
2030-03-31 02:00:00,0.0048745228578319895
2030-03-31 03:00:00,0.004834287918881472
2030-03-31 04:00:00,0.004702418439505139
2030-03-31 05:00:00,0.00457976242970156
2030-03-31 06:00:00,1.6586119135042678
2030-03-31 07:00:00,616.4138905624898
2030-03-31 08:00:00,1872.896964528142
2030-03-31 09:00:00,2806.1143028477136
2030-03-31 10:00:00,3423.365990785383
2030-03-31 11:00:00,3566.9011689285485
2030-03-31 12:00:00,3369.8723731805403
2030-03-31 13:00:00,2770.906926795956
2030-03-31 14:00:00,1965.3316372064833
2030-03-31 15:00:00,1031.778117527193
2030-03-31 16:00:00,20.764068635517397
2030-03-31 17:00:00,0.0045635457182851445
2030-03-31 18:00:00,0.004769115888121435
2030-03-31 19:00:00,0.004938291641514436
2030-03-31 20:00:00,0.005107733832246127
2030-03-31 21:00:00,0.005245243045895841
2030-03-31 22:00:00,0.005346315905332334
2030-03-31 23:00:00,0.005419783860503518
2030-04-01 00:00:00,0.005426353472906972
2030-04-01 01:00:00,0.0054524800072106635
2030-04-01 02:00:00,0.005406789178558101
2030-04-01 03:00:00,0.005326361971890407
2030-04-01 04:00:00,0.005177128534205749
2030-04-01 05:00:00,0.004991575764299525
2030-04-01 06:00:00,0.005237868120186698
2030-04-01 07:00:00,185.48996279315554
2030-04-01 08:00:00,1331.8998217342362
2030-04-01 09:00:00,2206.497432090834
2030-04-01 10:00:00,2907.210068912273
2030-04-01 11:00:00,3263.478712331381
2030-04-01 12:00:00,3287.888139796861
2030-04-01 13:00:00,2762.0597982416443
2030-04-01 14:00:00,1808.7904431724019
2030-04-01 15:00:00,621.0960540700246
2030-04-01 16:00:00,10.01747525399335
2030-04-01 17:00:00,0.005074729351778979
2030-04-01 18:00:00,0.005394164901910671
2030-04-01 19:00:00,0.005598962518988277
2030-04-01 20:00:00,0.005707446993324445
2030-04-01 21:00:00,0.005748723469442619
2030-04-01 22:00:00,0.005717664007170486
2030-04-01 23:00:00,0.005597474198871851
2030-04-02 00:00:00,0.0054108886687687235
2030-04-02 01:00:00,0.005231467298959602
2030-04-02 02:00:00,0.005071171296011488
2030-04-02 03:00:00,0.004885935081974387
2030-04-02 04:00:00,0.004668158755231138
2030-04-02 05:00:00,0.004227130472052032
2030-04-02 06:00:00,0.004929548727430107
2030-04-02 07:00:00,305.0352784124341
2030-04-02 08:00:00,1736.1136752690595
2030-04-02 09:00:00,2709.0690991285906
2030-04-02 10:00:00,3320.790045469959
2030-04-02 11:00:00,3510.098090288336
2030-04-02 12:00:00,3307.907031007312
2030-04-02 13:00:00,2843.187651649696
2030-04-02 14:00:00,2085.1218582284196
2030-04-02 15:00:00,1068.1900742652126
2030-04-02 16:00:00,25.040455990932642
2030-04-02 17:00:00,0.004133845851800181
2030-04-02 18:00:00,0.004379088926083931
2030-04-02 19:00:00,0.004562032797526743
2030-04-02 20:00:00,0.004666802034975775
2030-04-02 21:00:00,0.0046867936949753965
2030-04-02 22:00:00,0.004689651677065467
2030-04-02 23:00:00,0.0046219031447619525
2030-04-03 00:00:00,0.004510564754358431
2030-04-03 01:00:00,0.004417064738044468
2030-04-03 02:00:00,0.004291527288790311
2030-04-03 03:00:00,0.00413913166591388
2030-04-03 04:00:00,0.0039696550269898104
2030-04-03 05:00:00,0.0038273011973826744
2030-04-03 06:00:00,0.0040043082602177925
2030-04-03 07:00:00,478.3285199898921
2030-04-03 08:00:00,2012.214095890575
2030-04-03 09:00:00,3280.5479685251867
2030-04-03 10:00:00,3929.9470978046566
2030-04-03 11:00:00,3630.659194090523
2030-04-03 12:00:00,4065.9619728590474
2030-04-03 13:00:00,3607.388252897386
2030-04-03 14:00:00,2764.1366297181753
2030-04-03 15:00:00,1546.7474464833433
2030-04-03 16:00:00,177.47147937314003
2030-04-03 17:00:00,0.004254526619026639
2030-04-03 18:00:00,0.004462067163935708
2030-04-03 19:00:00,0.004709948235819995
2030-04-03 20:00:00,0.004896464957770458
2030-04-03 21:00:00,0.004996532553060777
2030-04-03 22:00:00,0.005046953806839046
2030-04-03 23:00:00,0.005054664509869351
2030-04-04 00:00:00,0.004944386170361017
2030-04-04 01:00:00,0.0049265834821382165
2030-04-04 02:00:00,0.004871496657159819
2030-04-04 03:00:00,0.004799913047376904
2030-04-04 04:00:00,0.004704650247291347
2030-04-04 05:00:00,0.004296433484177993
2030-04-04 06:00:00,0.0047041106653864274
2030-04-04 07:00:00,469.2547949867765
2030-04-04 08:00:00,1792.0689160600696
2030-04-04 09:00:00,2800.5800004234047
2030-04-04 10:00:00,3491.7298856645198
2030-04-04 11:00:00,3751.4425649295745
2030-04-04 12:00:00,3650.21683448029
2030-04-04 13:00:00,3165.799519290758
2030-04-04 14:00:00,2165.2315582771384
2030-04-04 15:00:00,928.8514131713995
2030-04-04 16:00:00,3.299946182993574
2030-04-04 17:00:00,0.005510106858086172
2030-04-04 18:00:00,0.0058567911056993105
2030-04-04 19:00:00,0.006033908783157557
2030-04-04 20:00:00,0.00614322133156754
2030-04-04 21:00:00,0.006178629413565682
2030-04-04 22:00:00,0.006122556719386668
2030-04-04 23:00:00,0.005989056337448484
2030-04-05 00:00:00,0.005896577977981496
2030-04-05 01:00:00,0.005803585936666003
2030-04-05 02:00:00,0.005670244618275073
2030-04-05 03:00:00,0.005494408884493873
2030-04-05 04:00:00,0.005279598118989707
2030-04-05 05:00:00,0.0049319386447790855
2030-04-05 06:00:00,7.272792176392058
2030-04-05 07:00:00,936.8952672987004
2030-04-05 08:00:00,2103.105543095418
2030-04-05 09:00:00,3075.7853812692197
2030-04-05 10:00:00,3757.6828113594615
2030-04-05 11:00:00,4180.9818149442535
2030-04-05 12:00:00,4140.338542522855
2030-04-05 13:00:00,3519.6660752303683
2030-04-05 14:00:00,2820.232689191442
2030-04-05 15:00:00,1785.8360719381976
2030-04-05 16:00:00,507.98853108414755
2030-04-05 17:00:00,0.005519135249328505
2030-04-05 18:00:00,0.005404685359636016
2030-04-05 19:00:00,0.005781704898549292
2030-04-05 20:00:00,0.006121128290857869
2030-04-05 21:00:00,0.006302379062837699
2030-04-05 22:00:00,0.006410131673500644
2030-04-05 23:00:00,0.006414646685813872
2030-04-06 00:00:00,0.17702239006601878
2030-04-06 01:00:00,3.5547677102269244
2030-04-06 02:00:00,4.366271105703835
2030-04-06 03:00:00,2.8185341677586138
2030-04-06 04:00:00,7.995160461699316
2030-04-06 05:00:00,3.86345194586929
2030-04-06 06:00:00,366.7939154650776
2030-04-06 07:00:00,1351.5062412044533
2030-04-06 08:00:00,2395.298279653903
2030-04-06 09:00:00,3155.0297609209274
2030-04-06 10:00:00,3879.8513443942275
2030-04-06 11:00:00,4204.977151548039
2030-04-06 12:00:00,4259.761230665737
2030-04-06 13:00:00,3855.8986772168237
2030-04-06 14:00:00,3220.9545230670196
2030-04-06 15:00:00,2266.413411928119
2030-04-06 16:00:00,1000.815323584064
2030-04-06 17:00:00,122.01013746338869
2030-04-06 18:00:00,0.821845150756672
2030-04-06 19:00:00,4.630827892000837
2030-04-06 20:00:00,2.0806550140354085
2030-04-06 21:00:00,18.192437899442645
2030-04-06 22:00:00,27.129580679923507
2030-04-06 23:00:00,66.9161336136719
2030-04-07 00:00:00,119.18233301564759
2030-04-07 01:00:00,119.86962900806014
2030-04-07 02:00:00,187.03578263782723
2030-04-07 03:00:00,116.62021929058707
2030-04-07 04:00:00,97.4920880436501
2030-04-07 05:00:00,104.92240549377426
2030-04-07 06:00:00,506.2800139459969
2030-04-07 07:00:00,1486.979382457587
2030-04-07 08:00:00,2611.918852850291
2030-04-07 09:00:00,3442.7231898600476
2030-04-07 10:00:00,3996.035238253108
2030-04-07 11:00:00,4121.757541997962
2030-04-07 12:00:00,4061.799191775253
2030-04-07 13:00:00,3563.3506025792417
2030-04-07 14:00:00,2875.8583593481267
2030-04-07 15:00:00,1905.7939586147663
2030-04-07 16:00:00,858.7243744219982
2030-04-07 17:00:00,20.141782560277154
2030-04-07 18:00:00,0.005365521745173757
2030-04-07 19:00:00,0.005590699520171074
2030-04-07 20:00:00,0.005806755031356688
2030-04-07 21:00:00,0.005729246687736298
2030-04-07 22:00:00,0.006079616335096235
2030-04-07 23:00:00,0.006119145902919943
2030-04-08 00:00:00,17.9546796969394
2030-04-08 01:00:00,19.743676584086153
2030-04-08 02:00:00,35.10034507779239
2030-04-08 03:00:00,52.02107636981495
2030-04-08 04:00:00,10.810652103847431
2030-04-08 05:00:00,1.3886347367638012
2030-04-08 06:00:00,314.20948596870363
2030-04-08 07:00:00,1309.3081611918576
2030-04-08 08:00:00,2240.018145609265
2030-04-08 09:00:00,2966.1490770975793
2030-04-08 10:00:00,3560.8148799285823
2030-04-08 11:00:00,3684.52484581662
2030-04-08 12:00:00,3666.742831427565
2030-04-08 13:00:00,3232.6514162751832
2030-04-08 14:00:00,2458.9549478690487
2030-04-08 15:00:00,1465.3895622639036
2030-04-08 16:00:00,439.41528522450665
2030-04-08 17:00:00,0.004353142749560966
2030-04-08 18:00:00,0.004469878464362819
2030-04-08 19:00:00,0.004595843595174107
2030-04-08 20:00:00,0.0046893546333921735
2030-04-08 21:00:00,0.004648010794272994
2030-04-08 22:00:00,0.004614048762826764
2030-04-08 23:00:00,0.004546521867304143
2030-04-09 00:00:00,0.004924750165035541
2030-04-09 01:00:00,0.005246956227357017
2030-04-09 02:00:00,0.005307886936456219
2030-04-09 03:00:00,0.0055547684823924574
2030-04-09 04:00:00,0.006336658940693254
2030-04-09 05:00:00,0.007953024625640619
2030-04-09 06:00:00,517.6010197212827
2030-04-09 07:00:00,1830.6437552042485
2030-04-09 08:00:00,3302.7703980235246
2030-04-09 09:00:00,2653.6994125965275
2030-04-09 10:00:00,2547.2621935668585
2030-04-09 11:00:00,2765.453159758731
2030-04-09 12:00:00,2602.060201442833
2030-04-09 13:00:00,2128.662236625232
2030-04-09 14:00:00,3872.8066118025695
2030-04-09 15:00:00,3737.066819266679
2030-04-09 16:00:00,1987.2788481850378
2030-04-09 17:00:00,810.4720652835047
2030-04-09 18:00:00,454.6111292089174
2030-04-09 19:00:00,403.0126171606745
2030-04-09 20:00:00,461.0355629591237
2030-04-09 21:00:00,526.2914884642466
2030-04-09 22:00:00,590.2910979039201
2030-04-09 23:00:00,611.671406826131
2030-04-10 00:00:00,661.9837704139105
2030-04-10 01:00:00,654.9737521765435
2030-04-10 02:00:00,638.0652978969082
2030-04-10 03:00:00,524.5569269518617
2030-04-10 04:00:00,429.85359643956633
2030-04-10 05:00:00,391.08375206003353
2030-04-10 06:00:00,987.1520193346926
2030-04-10 07:00:00,2341.3315632835343
2030-04-10 08:00:00,3045.9418904547324
2030-04-10 09:00:00,1496.3218195039071
2030-04-10 10:00:00,2173.605233143838
2030-04-10 11:00:00,2391.019445958927
2030-04-10 12:00:00,2270.473489052757
2030-04-10 13:00:00,1659.3525502124355
2030-04-10 14:00:00,3163.487902089939
2030-04-10 15:00:00,1913.6713434739129
2030-04-10 16:00:00,615.0390541096184
2030-04-10 17:00:00,0.01440935985515297
2030-04-10 18:00:00,0.010965744960835706
2030-04-10 19:00:00,0.010880220326469736
2030-04-10 20:00:00,0.010743361842629341
2030-04-10 21:00:00,0.010733091030462341
2030-04-10 22:00:00,0.010858170110859381
2030-04-10 23:00:00,0.011111477535374588
2030-04-11 00:00:00,0.01170907194069604
2030-04-11 01:00:00,0.012184226274660048
2030-04-11 02:00:00,0.012122005686399026
2030-04-11 03:00:00,0.0130530526502718
2030-04-11 04:00:00,0.019083433127621823
2030-04-11 05:00:00,23.71585806336747
2030-04-11 06:00:00,573.1027981520102
2030-04-11 07:00:00,1617.9039411331494
2030-04-11 08:00:00,2862.72518161883
2030-04-11 09:00:00,3738.129891520871
2030-04-11 10:00:00,4267.826061432561
2030-04-11 11:00:00,4488.014641885344
2030-04-11 12:00:00,4498.1073391352475
2030-04-11 13:00:00,4059.438920925036
2030-04-11 14:00:00,3309.061193688902
2030-04-11 15:00:00,2191.9551082307066
2030-04-11 16:00:00,905.1202195477453
2030-04-11 17:00:00,89.10428987950287
2030-04-11 18:00:00,0.01438038706704722
2030-04-11 19:00:00,0.015717826226768258
2030-04-11 20:00:00,0.017086292770327194
2030-04-11 21:00:00,5.662244903067182
2030-04-11 22:00:00,15.592703771757812
2030-04-11 23:00:00,9.103953138625853
2030-04-12 00:00:00,68.29997417814884
2030-04-12 01:00:00,55.74299181049544
2030-04-12 02:00:00,16.537643262499373
2030-04-12 03:00:00,0.01824100856353343
2030-04-12 04:00:00,0.013770739939542542
2030-04-12 05:00:00,0.012558576382830733
2030-04-12 06:00:00,370.2745367348473
2030-04-12 07:00:00,1571.250415489964
2030-04-12 08:00:00,2966.322805623814
2030-04-12 09:00:00,4052.9908723652848
2030-04-12 10:00:00,4494.251738576989
2030-04-12 11:00:00,4625.24492846452
2030-04-12 12:00:00,4463.192825874389
2030-04-12 13:00:00,3908.1533495212902
2030-04-12 14:00:00,3004.687083609088
2030-04-12 15:00:00,1849.061501543606
2030-04-12 16:00:00,520.8608464980176
2030-04-12 17:00:00,0.011062724542468125
2030-04-12 18:00:00,0.011704821290685213
2030-04-12 19:00:00,0.01220743293635402
2030-04-12 20:00:00,0.012486467737100864
2030-04-12 21:00:00,0.012693183386821755
2030-04-12 22:00:00,0.012870151981451076
2030-04-12 23:00:00,0.012909028203400712
2030-04-13 00:00:00,0.012985441645167567
2030-04-13 01:00:00,0.012845819496063345
2030-04-13 02:00:00,0.012473621179158439
2030-04-13 03:00:00,0.012048577289361824
2030-04-13 04:00:00,0.011631371226884173
2030-04-13 05:00:00,0.01146160246731642
2030-04-13 06:00:00,285.16368639831586
2030-04-13 07:00:00,1430.3740535909994
2030-04-13 08:00:00,2720.3039304208787
2030-04-13 09:00:00,3798.6409528826844
2030-04-13 10:00:00,4624.995689456024
2030-04-13 11:00:00,4853.446867207676
2030-04-13 12:00:00,4700.097780792956
2030-04-13 13:00:00,4135.563985316162
2030-04-13 14:00:00,3199.6194971608743
2030-04-13 15:00:00,2068.1028178253287
2030-04-13 16:00:00,724.6207294211777
2030-04-13 17:00:00,0.011892419875411835
2030-04-13 18:00:00,0.012309481014350865
2030-04-13 19:00:00,0.012963240838322239
2030-04-13 20:00:00,0.013597142711573501
2030-04-13 21:00:00,0.014169154545678051
2030-04-13 22:00:00,0.014717997283346416
2030-04-13 23:00:00,0.015312929164560236
2030-04-14 00:00:00,0.017009814589919243
2030-04-14 01:00:00,0.02060331867609931
2030-04-14 02:00:00,0.020984130684700668
2030-04-14 03:00:00,0.016596776858408276
2030-04-14 04:00:00,0.01502919092627743
2030-04-14 05:00:00,0.01484144001976588
2030-04-14 06:00:00,391.1654960007801
2030-04-14 07:00:00,1219.087217542345
2030-04-14 08:00:00,1934.1968660173034
2030-04-14 09:00:00,2386.3896690599117
2030-04-14 10:00:00,2753.564582106946
2030-04-14 11:00:00,2772.238628662521
2030-04-14 12:00:00,2555.370685762204
2030-04-14 13:00:00,2286.702197978262
2030-04-14 14:00:00,1972.6119186774658
2030-04-14 15:00:00,1285.7908978981816
2030-04-14 16:00:00,441.4928769830295
2030-04-14 17:00:00,38.232932279835225
2030-04-14 18:00:00,0.016885966105603376
2030-04-14 19:00:00,61.99008917755432
2030-04-14 20:00:00,191.5192997724854
2030-04-14 21:00:00,351.9297841151294
2030-04-14 22:00:00,411.6767870763319
2030-04-14 23:00:00,456.90896845479716
2030-04-15 00:00:00,452.9845183141552
2030-04-15 01:00:00,428.8322382687313
2030-04-15 02:00:00,381.8091548256946
2030-04-15 03:00:00,357.7086268122266
2030-04-15 04:00:00,315.10995518214366
2030-04-15 05:00:00,256.79618396640853
2030-04-15 06:00:00,515.7778616162162
2030-04-15 07:00:00,1345.9876714708762
2030-04-15 08:00:00,2311.00862027303
2030-04-15 09:00:00,3135.082382045204
2030-04-15 10:00:00,3716.8267910085233
2030-04-15 11:00:00,3866.847235239712
2030-04-15 12:00:00,3806.2094001040755
2030-04-15 13:00:00,3345.758632607917
2030-04-15 14:00:00,2574.7966925915416
2030-04-15 15:00:00,1834.4065618037405
2030-04-15 16:00:00,901.7589425895148
2030-04-15 17:00:00,108.49773987985003
2030-04-15 18:00:00,0.016332180107893522
2030-04-15 19:00:00,0.016141257561686523
2030-04-15 20:00:00,0.01579498846350593
2030-04-15 21:00:00,0.016488259451066488
2030-04-15 22:00:00,58.490468704677916
2030-04-15 23:00:00,81.37257965820207
2030-04-16 00:00:00,48.52582323157122
2030-04-16 01:00:00,22.04314169845078
2030-04-16 02:00:00,0.015588334963123937
2030-04-16 03:00:00,0.014790731107491576
2030-04-16 04:00:00,0.014397710088813919
2030-04-16 05:00:00,0.016662153600428078
2030-04-16 06:00:00,543.886047662988
2030-04-16 07:00:00,1757.6367174330062
2030-04-16 08:00:00,2976.340069444889
2030-04-16 09:00:00,3991.421000963547
2030-04-16 10:00:00,2395.377100656801
2030-04-16 11:00:00,2873.850317099791
2030-04-16 12:00:00,2663.0490497405144
2030-04-16 13:00:00,2375.4722476136567
2030-04-16 14:00:00,3691.770132006871
2030-04-16 15:00:00,2443.699052962459
2030-04-16 16:00:00,1056.8015327354874
2030-04-16 17:00:00,20.30394424017563
2030-04-16 18:00:00,0.0037978127245293916
2030-04-16 19:00:00,0.003804580677972061
2030-04-16 20:00:00,0.0038736479610115733
2030-04-16 21:00:00,0.003968432261388684
2030-04-16 22:00:00,0.004048493654942538
2030-04-16 23:00:00,0.004135103274088143
2030-04-17 00:00:00,0.004267027937219943
2030-04-17 01:00:00,0.004286581796763585
2030-04-17 02:00:00,0.004249836119405912
2030-04-17 03:00:00,0.004229922654123161
2030-04-17 04:00:00,0.0042796118474246626
2030-04-17 05:00:00,0.004429490751649188
2030-04-17 06:00:00,245.10434040549757
2030-04-17 07:00:00,1175.509996853387
2030-04-17 08:00:00,2267.7716748849994
2030-04-17 09:00:00,3036.0274656764623
2030-04-17 10:00:00,3534.668048649041
2030-04-17 11:00:00,3476.879519310324
2030-04-17 12:00:00,3009.1670676354197
2030-04-17 13:00:00,2492.2772427385667
2030-04-17 14:00:00,1726.2303991204178
2030-04-17 15:00:00,936.3293388289446
2030-04-17 16:00:00,210.40514118812956
2030-04-17 17:00:00,0.004808653083465659
2030-04-17 18:00:00,0.004771669721072491
2030-04-17 19:00:00,0.005151696937539156
2030-04-17 20:00:00,0.005587525168779842
2030-04-17 21:00:00,0.00595124902286156
2030-04-17 22:00:00,0.00663817028355008
2030-04-17 23:00:00,6.522873842972262
2030-04-18 00:00:00,17.988852511033286
2030-04-18 01:00:00,15.765657054152049
2030-04-18 02:00:00,0.42338286529830654
2030-04-18 03:00:00,0.005800332475287417
2030-04-18 04:00:00,0.005906819482769664
2030-04-18 05:00:00,0.4053067770524643
2030-04-18 06:00:00,426.17006982577345
2030-04-18 07:00:00,1300.708267233454
2030-04-18 08:00:00,2185.906556716264
2030-04-18 09:00:00,2985.455119703635
2030-04-18 10:00:00,3455.451365941643
2030-04-18 11:00:00,3509.722103819407
2030-04-18 12:00:00,3458.939803009046
2030-04-18 13:00:00,3084.1558404392285
2030-04-18 14:00:00,2372.6419788499825
2030-04-18 15:00:00,1435.7586708434153
2030-04-18 16:00:00,256.88662534021336
2030-04-18 17:00:00,0.004751240853424269
2030-04-18 18:00:00,0.005020314215683769
2030-04-18 19:00:00,0.00521163375029063
2030-04-18 20:00:00,0.005335422238235954
2030-04-18 21:00:00,0.005408274603524587
2030-04-18 22:00:00,0.005381476748010981
2030-04-18 23:00:00,0.005280950533294002
2030-04-19 00:00:00,0.005230942056473798
2030-04-19 01:00:00,0.005144069230398345
2030-04-19 02:00:00,0.005023924123669789
2030-04-19 03:00:00,0.004992220132343914
2030-04-19 04:00:00,0.004923175114225339
2030-04-19 05:00:00,0.0049327434101042265
2030-04-19 06:00:00,578.0293863086806
2030-04-19 07:00:00,1926.9487708443378
2030-04-19 08:00:00,3273.6338092348037
2030-04-19 09:00:00,4283.686846357582
2030-04-19 10:00:00,5008.6917697215495
2030-04-19 11:00:00,5195.7459720445
2030-04-19 12:00:00,5070.794302301047
2030-04-19 13:00:00,4458.016620907627
2030-04-19 14:00:00,3560.5701643369757
2030-04-19 15:00:00,2474.3938223147466
2030-04-19 16:00:00,1183.3656665742715
2030-04-19 17:00:00,181.61754929376193
2030-04-19 18:00:00,0.006013246708143891
2030-04-19 19:00:00,0.006366657929742714
2030-04-19 20:00:00,0.007509371975122716
2030-04-19 21:00:00,0.5671831120178548
2030-04-19 22:00:00,0.00705996689383971
2030-04-19 23:00:00,3.4247626817970174
2030-04-20 00:00:00,0.3211935074437274
2030-04-20 01:00:00,2.3991161395056455
2030-04-20 02:00:00,0.8149405495537156
2030-04-20 03:00:00,0.00552547789929985
2030-04-20 04:00:00,0.0051390738031044225
2030-04-20 05:00:00,0.004832431506231966
2030-04-20 06:00:00,425.5877819778859
2030-04-20 07:00:00,1681.5146648686316
2030-04-20 08:00:00,2927.2794642633226
2030-04-20 09:00:00,3902.5304443208825
2030-04-20 10:00:00,4656.601336744529
2030-04-20 11:00:00,4909.624809781803
2030-04-20 12:00:00,4367.136900351125
2030-04-20 13:00:00,4182.004348884383
2030-04-20 14:00:00,3216.605217279761
2030-04-20 15:00:00,2063.9174373442343
2030-04-20 16:00:00,589.4867255744456
2030-04-20 17:00:00,0.004288687241744802
2030-04-20 18:00:00,0.00441104807068836
2030-04-20 19:00:00,0.004611356709243708
2030-04-20 20:00:00,0.004795481889394462
2030-04-20 21:00:00,0.004927428214979228
2030-04-20 22:00:00,0.004989346943246391
2030-04-20 23:00:00,0.0049942523254045395
2030-04-21 00:00:00,0.004985779723660995
2030-04-21 01:00:00,0.0049296337844468695
2030-04-21 02:00:00,0.004810316278230576
2030-04-21 03:00:00,0.0046588814854887925
2030-04-21 04:00:00,0.004497427195871564
2030-04-21 05:00:00,0.004333165820594455
2030-04-21 06:00:00,164.60919112957498
2030-04-21 07:00:00,1228.5649429622445
2030-04-21 08:00:00,2233.6391188020257
2030-04-21 09:00:00,3099.9052019163605
2030-04-21 10:00:00,3668.104908293876
2030-04-21 11:00:00,3801.8668510490093
2030-04-21 12:00:00,3756.9372823926983
2030-04-21 13:00:00,3263.7030809181615
2030-04-21 14:00:00,2465.2090164574984
2030-04-21 15:00:00,1490.286389906185
2030-04-21 16:00:00,335.55725565076625
2030-04-21 17:00:00,0.004489904196452023
2030-04-21 18:00:00,0.004618491332127887
2030-04-21 19:00:00,0.004785744156745472
2030-04-21 20:00:00,0.004980655004541274
2030-04-21 21:00:00,0.005174293375553163
2030-04-21 22:00:00,0.005365544076506171
2030-04-21 23:00:00,0.005664656934597938
2030-04-22 00:00:00,0.2759122160210845
2030-04-22 01:00:00,5.330871526263091
2030-04-22 02:00:00,4.800872378489602
2030-04-22 03:00:00,1.6253342611951995
2030-04-22 04:00:00,0.5257799153548118
2030-04-22 05:00:00,4.447104029937808
2030-04-22 06:00:00,504.73940022037476
2030-04-22 07:00:00,1645.2933593722576
2030-04-22 08:00:00,2775.5013131714086
2030-04-22 09:00:00,3822.346702032632
2030-04-22 10:00:00,4370.117504553421
2030-04-22 11:00:00,4715.772572335233
2030-04-22 12:00:00,4635.462131771196
2030-04-22 13:00:00,3908.855152459033
2030-04-22 14:00:00,2974.2890987801
2030-04-22 15:00:00,1872.3599470554357
2030-04-22 16:00:00,627.524586225668
2030-04-22 17:00:00,0.003956833540714513
2030-04-22 18:00:00,0.003988852917631203
2030-04-22 19:00:00,0.004116471149678284
2030-04-22 20:00:00,0.004196685737178888
2030-04-22 21:00:00,0.004285303689675595
2030-04-22 22:00:00,0.004316355910073181
2030-04-22 23:00:00,0.004342075918239579
2030-04-23 00:00:00,0.004381426552515616
2030-04-23 01:00:00,0.004399966298334373
2030-04-23 02:00:00,0.004343499632170352
2030-04-23 03:00:00,0.004385073310635538
2030-04-23 04:00:00,0.004525393665256219
2030-04-23 05:00:00,1.362128568067584
2030-04-23 06:00:00,602.945510426327
2030-04-23 07:00:00,1817.0129021683927
2030-04-23 08:00:00,2936.633062910642
2030-04-23 09:00:00,2540.553067588012
2030-04-23 10:00:00,2269.0774336900886
2030-04-23 11:00:00,2552.846603435461
2030-04-23 12:00:00,2261.733738612867
2030-04-23 13:00:00,3362.314747026565
2030-04-23 14:00:00,3290.3683282783204
2030-04-23 15:00:00,2111.1161084853748
2030-04-23 16:00:00,838.9193480313878
2030-04-23 17:00:00,0.004054263190867366
2030-04-23 18:00:00,0.003761776916871921
2030-04-23 19:00:00,0.003833459526727849
2030-04-23 20:00:00,0.003925102130111444
2030-04-23 21:00:00,0.003992893947634222
2030-04-23 22:00:00,0.004053118815449022
2030-04-23 23:00:00,0.004141076445800957
2030-04-24 00:00:00,0.004239595982440666
2030-04-24 01:00:00,0.004230344401780704
2030-04-24 02:00:00,0.004217470269863365
2030-04-24 03:00:00,0.004210930377762386
2030-04-24 04:00:00,0.00428716147113891
2030-04-24 05:00:00,0.004433464250214895
2030-04-24 06:00:00,318.8651092095929
2030-04-24 07:00:00,1305.2685685133
2030-04-24 08:00:00,2369.942489396528
2030-04-24 09:00:00,2992.9402883397047
2030-04-24 10:00:00,2622.695177364337
2030-04-24 11:00:00,2681.4921580625905
2030-04-24 12:00:00,3237.723144959004
2030-04-24 13:00:00,2715.814157932964
2030-04-24 14:00:00,1974.2994025642074
2030-04-24 15:00:00,1164.5337715845278
2030-04-24 16:00:00,417.48305503999575
2030-04-24 17:00:00,0.004569289850451428
2030-04-24 18:00:00,0.004415606341713137
2030-04-24 19:00:00,0.004635891361981309
2030-04-24 20:00:00,0.004841544588220208
2030-04-24 21:00:00,0.005138746752099224
2030-04-24 22:00:00,0.005284926440029327
2030-04-24 23:00:00,0.005439004648188625
2030-04-25 00:00:00,0.005682675457331051
2030-04-25 01:00:00,0.005659192619934307
2030-04-25 02:00:00,0.0055871958516515805
2030-04-25 03:00:00,0.005146966649327401
2030-04-25 04:00:00,0.004964374081994315
2030-04-25 05:00:00,0.005032778122788909
2030-04-25 06:00:00,449.8964073297353
2030-04-25 07:00:00,1428.9118198281287
2030-04-25 08:00:00,2528.7246517169965
2030-04-25 09:00:00,3299.692941330954
2030-04-25 10:00:00,3821.0783767302464
2030-04-25 11:00:00,4061.9396987160426
2030-04-25 12:00:00,3946.8659239133567
2030-04-25 13:00:00,3436.684707885842
2030-04-25 14:00:00,2753.0877196820857
2030-04-25 15:00:00,1824.8090221860718
2030-04-25 16:00:00,674.3590337078775
2030-04-25 17:00:00,0.004852784102940757
2030-04-25 18:00:00,0.004695693537027294
2030-04-25 19:00:00,0.0050038066551129695
2030-04-25 20:00:00,0.005274452920161007
2030-04-25 21:00:00,0.005522478082728751
2030-04-25 22:00:00,0.005724552779789076
2030-04-25 23:00:00,0.006129402390052214
2030-04-26 00:00:00,17.664323384846448
2030-04-26 01:00:00,57.13354483495419
2030-04-26 02:00:00,80.86281246707951
2030-04-26 03:00:00,75.67708962210827
2030-04-26 04:00:00,70.08595100252958
2030-04-26 05:00:00,70.67512669437292
2030-04-26 06:00:00,522.4185028433626
2030-04-26 07:00:00,1404.2121036977637
2030-04-26 08:00:00,2200.1051863455673
2030-04-26 09:00:00,2780.7431612353603
2030-04-26 10:00:00,3251.278303171087
2030-04-26 11:00:00,3264.525474251194
2030-04-26 12:00:00,3243.6911325359165
2030-04-26 13:00:00,2807.6967847074848
2030-04-26 14:00:00,2157.9248153551484
2030-04-26 15:00:00,1376.6945021830852
2030-04-26 16:00:00,453.1109989591456
2030-04-26 17:00:00,0.006274777615590876
2030-04-26 18:00:00,0.00605370325287507
2030-04-26 19:00:00,0.0061491089878222445
2030-04-26 20:00:00,0.006254807053415616
2030-04-26 21:00:00,0.006429666701280783
2030-04-26 22:00:00,0.006544645327119206
2030-04-26 23:00:00,0.0064437242672290215
2030-04-27 00:00:00,0.006260140727880232
2030-04-27 01:00:00,0.006246798911470997
2030-04-27 02:00:00,0.2804198444187435
2030-04-27 03:00:00,0.006219209555524109
2030-04-27 04:00:00,0.005903287881219606
2030-04-27 05:00:00,2.1815708800875147
2030-04-27 06:00:00,584.086023257155
2030-04-27 07:00:00,1630.1928275812859
2030-04-27 08:00:00,2737.5722963457933
2030-04-27 09:00:00,3686.192972044987
2030-04-27 10:00:00,4272.945474137393
2030-04-27 11:00:00,4375.3237311209095
2030-04-27 12:00:00,4214.488875802254
2030-04-27 13:00:00,3435.383673954336
2030-04-27 14:00:00,2585.4389588922495
2030-04-27 15:00:00,1609.039123296262
2030-04-27 16:00:00,529.711784493168
2030-04-27 17:00:00,0.004849906165744002
2030-04-27 18:00:00,0.004698611502826496
2030-04-27 19:00:00,0.00488498432636997
2030-04-27 20:00:00,0.005009133708467269
2030-04-27 21:00:00,0.005173048085603635
2030-04-27 22:00:00,0.005289423981056002
2030-04-27 23:00:00,0.005509895991448271
2030-04-28 00:00:00,0.00555086049890117
2030-04-28 01:00:00,0.005464620166934589
2030-04-28 02:00:00,0.005286551951814869
2030-04-28 03:00:00,0.005019887214839454
2030-04-28 04:00:00,0.004908101849308833
2030-04-28 05:00:00,0.02873236054620477
2030-04-28 06:00:00,641.4604195046418
2030-04-28 07:00:00,1896.9508693187227
2030-04-28 08:00:00,3042.0216294478346
2030-04-28 09:00:00,3801.99549062912
2030-04-28 10:00:00,4169.540433697345
2030-04-28 11:00:00,4221.524533049339
2030-04-28 12:00:00,3488.4187866384104
2030-04-28 13:00:00,3888.3210929896823
2030-04-28 14:00:00,3154.901167612635
2030-04-28 15:00:00,2014.8326245435896
2030-04-28 16:00:00,578.6896060809007
2030-04-28 17:00:00,0.004024505189790901
2030-04-28 18:00:00,0.003963532755316551
2030-04-28 19:00:00,0.004363644470982961
2030-04-28 20:00:00,0.00444584915260702
2030-04-28 21:00:00,0.004500934747153177
2030-04-28 22:00:00,0.004503510106152987
2030-04-28 23:00:00,0.004481518625595891
2030-04-29 00:00:00,0.0045169266508083864
2030-04-29 01:00:00,0.004478643621227568
2030-04-29 02:00:00,0.004397546137226953
2030-04-29 03:00:00,0.004280018225309752
2030-04-29 04:00:00,0.004153026855570955
2030-04-29 05:00:00,0.004124723010386069
2030-04-29 06:00:00,322.4446841648327
2030-04-29 07:00:00,1517.2252340995121
2030-04-29 08:00:00,2544.7189575128673
2030-04-29 09:00:00,3232.037955052737
2030-04-29 10:00:00,3724.5519285149176
2030-04-29 11:00:00,3771.9557752981464
2030-04-29 12:00:00,3503.206217433285
2030-04-29 13:00:00,3095.2909065842146
2030-04-29 14:00:00,2533.910931489595
2030-04-29 15:00:00,1681.2854724751605
2030-04-29 16:00:00,681.6114971076266
2030-04-29 17:00:00,58.39091098775755
2030-04-29 18:00:00,0.005239915668261338
2030-04-29 19:00:00,0.005241421240679149
2030-04-29 20:00:00,0.0052708711831730305
2030-04-29 21:00:00,0.00539862506249199
2030-04-29 22:00:00,0.006662245107209296
2030-04-29 23:00:00,42.58447329343521
2030-04-30 00:00:00,124.50116607556858
2030-04-30 01:00:00,226.27431458585883
2030-04-30 02:00:00,244.5927075123587
2030-04-30 03:00:00,189.6383875399941
2030-04-30 04:00:00,179.64649750786458
2030-04-30 05:00:00,265.53688002289715
2030-04-30 06:00:00,955.7217248904856
2030-04-30 07:00:00,2121.5478539532023
2030-04-30 08:00:00,3166.9689748030123
2030-04-30 09:00:00,3938.2201082352076
2030-04-30 10:00:00,3349.587209914278
2030-04-30 11:00:00,2630.464556596592
2030-04-30 12:00:00,2240.848633767257
2030-04-30 13:00:00,3743.5415276351027
2030-04-30 14:00:00,3490.8149342389634
2030-04-30 15:00:00,2563.8262846407465
2030-04-30 16:00:00,1323.4998022785508
2030-04-30 17:00:00,407.83031802615875
2030-04-30 18:00:00,150.01412037500666
2030-04-30 19:00:00,174.3822099184873
2030-04-30 20:00:00,177.13622487762984
2030-04-30 21:00:00,191.77146606407098
2030-04-30 22:00:00,171.99543236978477
2030-04-30 23:00:00,231.86016642720423
2030-05-01 00:00:00,178.45796068952228
2030-05-01 01:00:00,187.82741690715758
2030-05-01 02:00:00,158.75714522049302
2030-05-01 03:00:00,134.77775662611182
2030-05-01 04:00:00,110.43724565584603
2030-05-01 05:00:00,182.98246203429227
2030-05-01 06:00:00,819.5834835502177
2030-05-01 07:00:00,1978.6420076991383
2030-05-01 08:00:00,3036.5613810232135
2030-05-01 09:00:00,3121.2074456551377
2030-05-01 10:00:00,1545.7224900436763
2030-05-01 11:00:00,3034.662125380106
2030-05-01 12:00:00,3579.274621904071
2030-05-01 13:00:00,3109.9902639734246
2030-05-01 14:00:00,2505.0171908167385
2030-05-01 15:00:00,1697.3691015768918
2030-05-01 16:00:00,740.50912775925
2030-05-01 17:00:00,60.29800767178978
2030-05-01 18:00:00,11.330128927244973
2030-05-01 19:00:00,11.904889658800982
2030-05-01 20:00:00,13.400732155906331
2030-05-01 21:00:00,22.802194364725533
2030-05-01 22:00:00,81.06209570228242
2030-05-01 23:00:00,139.70181835398034
2030-05-02 00:00:00,231.14375776891487
2030-05-02 01:00:00,292.76127910524224
2030-05-02 02:00:00,343.07144447494005
2030-05-02 03:00:00,345.28338662012163
2030-05-02 04:00:00,383.9948694258872
2030-05-02 05:00:00,529.7889185319568
2030-05-02 06:00:00,1426.8349730958623
2030-05-02 07:00:00,2751.1153646464422
2030-05-02 08:00:00,3573.7108306631617
2030-05-02 09:00:00,4179.1248185073
2030-05-02 10:00:00,2352.878701499495
2030-05-02 11:00:00,2478.910550585863
2030-05-02 12:00:00,2444.7280333129856
2030-05-02 13:00:00,3933.600777838131
2030-05-02 14:00:00,3655.4121693116103
2030-05-02 15:00:00,3156.4147038238184
2030-05-02 16:00:00,1728.294271228731
2030-05-02 17:00:00,642.4955965416618
2030-05-02 18:00:00,243.61888422642042
2030-05-02 19:00:00,186.79272304196076
2030-05-02 20:00:00,194.42310769968964
2030-05-02 21:00:00,232.1383251343235
2030-05-02 22:00:00,306.6046976844132
2030-05-02 23:00:00,345.6538674745436
2030-05-03 00:00:00,403.26369880326877
2030-05-03 01:00:00,419.65196285486974
2030-05-03 02:00:00,450.6582875542132
2030-05-03 03:00:00,473.20937519614375
2030-05-03 04:00:00,492.78120578890207
2030-05-03 05:00:00,692.7837238351146
2030-05-03 06:00:00,1801.4041809694138
2030-05-03 07:00:00,3664.1769662731335
2030-05-03 08:00:00,1462.296100407789
2030-05-03 09:00:00,2467.9881163394216
2030-05-03 10:00:00,3225.7861927440495
2030-05-03 11:00:00,3385.7115722982926
2030-05-03 12:00:00,3229.522636141814
2030-05-03 13:00:00,2749.897540090844
2030-05-03 14:00:00,1882.0170808757684
2030-05-03 15:00:00,2813.7188767052967
2030-05-03 16:00:00,3414.2545788719126
2030-05-03 17:00:00,1934.4157088007532
2030-05-03 18:00:00,1012.7687186860029
2030-05-03 19:00:00,800.0984813073386
2030-05-03 20:00:00,661.7789896291914
2030-05-03 21:00:00,615.7597729973073
2030-05-03 22:00:00,628.5124510619949
2030-05-03 23:00:00,610.3274221141321
2030-05-04 00:00:00,596.4882647017117
2030-05-04 01:00:00,583.8427759762142
2030-05-04 02:00:00,553.3471358379603
2030-05-04 03:00:00,504.1394283594232
2030-05-04 04:00:00,513.4735538964136
2030-05-04 05:00:00,804.3574831200926
2030-05-04 06:00:00,2290.7853300767642
2030-05-04 07:00:00,2728.036905839229
2030-05-04 08:00:00,1725.9294733519073
2030-05-04 09:00:00,2978.992837498537
2030-05-04 10:00:00,3057.772324503975
2030-05-04 11:00:00,3255.8361676822506
2030-05-04 12:00:00,3545.043002005406
2030-05-04 13:00:00,3002.686042868383
2030-05-04 14:00:00,1877.1205565024372
2030-05-04 15:00:00,4545.594475344719
2030-05-04 16:00:00,2800.0294621556336
2030-05-04 17:00:00,1134.1398816253834
2030-05-04 18:00:00,550.4419802198101
2030-05-04 19:00:00,381.6062429733054
2030-05-04 20:00:00,283.77632578576254
2030-05-04 21:00:00,314.0102120150681
2030-05-04 22:00:00,357.9451014528309
2030-05-04 23:00:00,330.96283178910363
2030-05-05 00:00:00,441.505103491382
2030-05-05 01:00:00,473.3108174331092
2030-05-05 02:00:00,464.20312425841087
2030-05-05 03:00:00,480.2671347498788
2030-05-05 04:00:00,467.74247512021066
2030-05-05 05:00:00,686.0060190994674
2030-05-05 06:00:00,1827.9670589785762
2030-05-05 07:00:00,3366.6689129568344
2030-05-05 08:00:00,1960.7175530507438
2030-05-05 09:00:00,1541.9505532711441
2030-05-05 10:00:00,2084.3530756621712
2030-05-05 11:00:00,2322.0765959111905
2030-05-05 12:00:00,2255.059641038689
2030-05-05 13:00:00,1950.2203361233123
2030-05-05 14:00:00,3556.8113630365656
2030-05-05 15:00:00,3328.291893310872
2030-05-05 16:00:00,1629.1080306286967
2030-05-05 17:00:00,446.9441703211266
2030-05-05 18:00:00,131.0080603410849
2030-05-05 19:00:00,95.12267936558341
2030-05-05 20:00:00,92.64705845148372
2030-05-05 21:00:00,100.45540365182258
2030-05-05 22:00:00,128.14499155732665
2030-05-05 23:00:00,148.89951987925713
2030-05-06 00:00:00,166.8809761398657
2030-05-06 01:00:00,199.69391329655488
2030-05-06 02:00:00,183.7371739714279
2030-05-06 03:00:00,136.34817887137874
2030-05-06 04:00:00,91.00442022997856
2030-05-06 05:00:00,204.00383643906352
2030-05-06 06:00:00,894.1451821680218
2030-05-06 07:00:00,1972.216976156876
2030-05-06 08:00:00,3068.373542985049
2030-05-06 09:00:00,3870.853744634451
2030-05-06 10:00:00,4412.972054558948
2030-05-06 11:00:00,4623.007299333366
2030-05-06 12:00:00,4549.3297776714435
2030-05-06 13:00:00,4146.055264175761
2030-05-06 14:00:00,3307.0470938373455
2030-05-06 15:00:00,2272.8863463288803
2030-05-06 16:00:00,965.2089005982967
2030-05-06 17:00:00,29.22846420318653
2030-05-06 18:00:00,4.770493517736852
2030-05-06 19:00:00,5.0558531139450835
2030-05-06 20:00:00,5.816298722364853
2030-05-06 21:00:00,6.773089115425837
2030-05-06 22:00:00,8.844459667605467
2030-05-06 23:00:00,11.691385965464837
2030-05-07 00:00:00,20.579277774743126
2030-05-07 01:00:00,27.254391795840434
2030-05-07 02:00:00,36.99032464071067
2030-05-07 03:00:00,33.793830850074166
2030-05-07 04:00:00,38.868411056268606
2030-05-07 05:00:00,162.9599173555908
2030-05-07 06:00:00,706.0304621056428
2030-05-07 07:00:00,1522.5365899164792
2030-05-07 08:00:00,2168.941032762618
2030-05-07 09:00:00,2386.126814836565
2030-05-07 10:00:00,2579.094997419094
2030-05-07 11:00:00,2449.648192619648
2030-05-07 12:00:00,2189.6247390856074
2030-05-07 13:00:00,1676.320670302921
2030-05-07 14:00:00,1176.326804963997
2030-05-07 15:00:00,802.4387148494231
2030-05-07 16:00:00,436.5223992340527
2030-05-07 17:00:00,112.63803607865336
2030-05-07 18:00:00,9.662588922512157
2030-05-07 19:00:00,7.6583779903637295
2030-05-07 20:00:00,8.690070292584847
2030-05-07 21:00:00,11.983460547127871
2030-05-07 22:00:00,26.596724018745554
2030-05-07 23:00:00,66.6402360111076
2030-05-08 00:00:00,167.95003894638722
2030-05-08 01:00:00,297.71826464335027
2030-05-08 02:00:00,319.9062802993302
2030-05-08 03:00:00,367.04737059847974
2030-05-08 04:00:00,439.1999306581133
2030-05-08 05:00:00,663.9597906764118
2030-05-08 06:00:00,1460.912061128004
2030-05-08 07:00:00,2586.865107549626
2030-05-08 08:00:00,2820.043509769279
2030-05-08 09:00:00,1832.3715483922108
2030-05-08 10:00:00,2418.957412959701
2030-05-08 11:00:00,2512.890702934315
2030-05-08 12:00:00,2291.2337973195977
2030-05-08 13:00:00,1768.9423904783812
2030-05-08 14:00:00,3473.501353520575
2030-05-08 15:00:00,2387.736238505734
2030-05-08 16:00:00,1238.3386406311286
2030-05-08 17:00:00,318.45739549460865
2030-05-08 18:00:00,0.01188433300758647
2030-05-08 19:00:00,0.010239802614894341
2030-05-08 20:00:00,0.008174797335540008
2030-05-08 21:00:00,0.00792931629239027
2030-05-08 22:00:00,0.008145997698197313
2030-05-08 23:00:00,0.007127835910631708
2030-05-09 00:00:00,0.009302306225701263
2030-05-09 01:00:00,0.2577557792451885
2030-05-09 02:00:00,0.0065968389819983245
2030-05-09 03:00:00,0.005291141862352028
2030-05-09 04:00:00,0.004907089225714154
2030-05-09 05:00:00,0.005083597049784189
2030-05-09 06:00:00,393.9928865125633
2030-05-09 07:00:00,1263.4263279711336
2030-05-09 08:00:00,2308.9758151337246
2030-05-09 09:00:00,3149.3099451084595
2030-05-09 10:00:00,3495.907957693997
2030-05-09 11:00:00,3506.7959798167617
2030-05-09 12:00:00,3324.2824326451696
2030-05-09 13:00:00,2915.0616949982364
2030-05-09 14:00:00,2296.14560115133
2030-05-09 15:00:00,1450.178697142051
2030-05-09 16:00:00,392.96043204341686
2030-05-09 17:00:00,0.004422595988112821
2030-05-09 18:00:00,0.00420193730910545
2030-05-09 19:00:00,0.004727957539622774
2030-05-09 20:00:00,0.004821548562319701
2030-05-09 21:00:00,0.004871083528132069
2030-05-09 22:00:00,0.004875839159808809
2030-05-09 23:00:00,0.004858633913893729
2030-05-10 00:00:00,0.004853721123907414
2030-05-10 01:00:00,0.004730968114451356
2030-05-10 02:00:00,0.004608492254756352
2030-05-10 03:00:00,0.004487974762229095
2030-05-10 04:00:00,0.0044260863195723435
2030-05-10 05:00:00,0.004444910414736398
2030-05-10 06:00:00,603.3110873498906
2030-05-10 07:00:00,1625.5302581801539
2030-05-10 08:00:00,2546.288441997349
2030-05-10 09:00:00,3285.412783713448
2030-05-10 10:00:00,3654.91542847173
2030-05-10 11:00:00,3846.4467402781806
2030-05-10 12:00:00,3916.663076182908
2030-05-10 13:00:00,3529.3918529673647
2030-05-10 14:00:00,2853.543941319407
2030-05-10 15:00:00,1778.5179280618815
2030-05-10 16:00:00,527.3358116309453
2030-05-10 17:00:00,0.004125482584067967
2030-05-10 18:00:00,0.003997628010529885
2030-05-10 19:00:00,0.004388839858100874
2030-05-10 20:00:00,0.004463990285729139
2030-05-10 21:00:00,0.0045143252671114836
2030-05-10 22:00:00,0.0045224882568778366
2030-05-10 23:00:00,0.0045111113385941405
2030-05-11 00:00:00,0.004504879235980443
2030-05-11 01:00:00,0.004445191142118967
2030-05-11 02:00:00,0.004352838514866807
2030-05-11 03:00:00,0.004288137637032584
2030-05-11 04:00:00,0.00421495997776293
2030-05-11 05:00:00,0.004223635309405982
2030-05-11 06:00:00,431.71322212452895
2030-05-11 07:00:00,1598.3209378702422
2030-05-11 08:00:00,2588.5557385975253
2030-05-11 09:00:00,3451.9408949111566
2030-05-11 10:00:00,4110.76943248171
2030-05-11 11:00:00,4283.417140629189
2030-05-11 12:00:00,4018.130882519561
2030-05-11 13:00:00,3492.5342439376054
2030-05-11 14:00:00,2872.884128311064
2030-05-11 15:00:00,1880.97528020427
2030-05-11 16:00:00,634.3511879934641
2030-05-11 17:00:00,0.004122347772219097
2030-05-11 18:00:00,0.004138498261837479
2030-05-11 19:00:00,0.004310592873553249
2030-05-11 20:00:00,0.004418434452054261
2030-05-11 21:00:00,0.004495158807865648
2030-05-11 22:00:00,0.004514430686100969
2030-05-11 23:00:00,0.004519772044015296
2030-05-12 00:00:00,0.004528479741690236
2030-05-12 01:00:00,0.004458508859751944
2030-05-12 02:00:00,0.004357349415724966
2030-05-12 03:00:00,0.004255527662888579
2030-05-12 04:00:00,0.004195630400286147
2030-05-12 05:00:00,0.004247467048418386
2030-05-12 06:00:00,327.446083466616
2030-05-12 07:00:00,1575.6982868575105
2030-05-12 08:00:00,2719.749066925723
2030-05-12 09:00:00,3594.8353532936203
2030-05-12 10:00:00,4165.540000022915
2030-05-12 11:00:00,4310.315463673217
2030-05-12 12:00:00,4065.3869639883346
2030-05-12 13:00:00,3462.5392680391105
2030-05-12 14:00:00,2488.943254439404
2030-05-12 15:00:00,1290.1955274331845
2030-05-12 16:00:00,25.81087668803032
2030-05-12 17:00:00,0.004617044626712016
2030-05-12 18:00:00,0.0043186343758754315
2030-05-12 19:00:00,0.0051036677754681455
2030-05-12 20:00:00,0.00527298859782435
2030-05-12 21:00:00,0.005401910315062517
2030-05-12 22:00:00,0.005506823101272744
2030-05-12 23:00:00,0.005616195048556021
2030-05-13 00:00:00,0.005689262963662425
2030-05-13 01:00:00,0.005755822454686827
2030-05-13 02:00:00,0.005788260764987455
2030-05-13 03:00:00,0.005782211120771404
2030-05-13 04:00:00,0.005762545036922462
2030-05-13 05:00:00,0.005753516904560763
2030-05-13 06:00:00,0.9479359152723271
2030-05-13 07:00:00,150.23550407687455
2030-05-13 08:00:00,708.4555935177034
2030-05-13 09:00:00,1125.709192271648
2030-05-13 10:00:00,1404.0300314286908
2030-05-13 11:00:00,1352.3540607224202
2030-05-13 12:00:00,1260.1251478383379
2030-05-13 13:00:00,810.2552593634293
2030-05-13 14:00:00,439.1121447278843
2030-05-13 15:00:00,89.36521485206472
2030-05-13 16:00:00,0.0071817723714180035
2030-05-13 17:00:00,0.0065618356726026535
2030-05-13 18:00:00,0.005598755510163353
2030-05-13 19:00:00,0.006451700353531412
2030-05-13 20:00:00,0.006267554328954781
2030-05-13 21:00:00,0.0061022766178684285
2030-05-13 22:00:00,0.0059845669801806885
2030-05-13 23:00:00,0.005855407219939719
2030-05-14 00:00:00,0.005667119132925794
2030-05-14 01:00:00,0.005509355383744573
2030-05-14 02:00:00,0.00525771809855171
2030-05-14 03:00:00,0.005010442610081413
2030-05-14 04:00:00,0.004932393678164223
2030-05-14 05:00:00,0.005093993875502889
2030-05-14 06:00:00,259.76197553263256
2030-05-14 07:00:00,1088.774576983204
2030-05-14 08:00:00,1761.8343569287606
2030-05-14 09:00:00,2380.179073333218
2030-05-14 10:00:00,2996.9198475095263
2030-05-14 11:00:00,3348.1769217187857
2030-05-14 12:00:00,3546.9568720003576
2030-05-14 13:00:00,3221.963223001251
2030-05-14 14:00:00,2599.9258397494564
2030-05-14 15:00:00,1705.1569792533205
2030-05-14 16:00:00,697.3649425310856
2030-05-14 17:00:00,0.8998867431059813
2030-05-14 18:00:00,0.004139777836336041
2030-05-14 19:00:00,0.00418360338503255
2030-05-14 20:00:00,0.004320675701663614
2030-05-14 21:00:00,0.00452749246043623
2030-05-14 22:00:00,0.004651211266210647
2030-05-14 23:00:00,0.004817636373332225
2030-05-15 00:00:00,0.00491084760361056
2030-05-15 01:00:00,0.0049393692029092795
2030-05-15 02:00:00,0.004850187390943469
2030-05-15 03:00:00,0.004888815347919922
2030-05-15 04:00:00,0.0049117444511423075
2030-05-15 05:00:00,0.005392538505087301
2030-05-15 06:00:00,407.82129158677157
2030-05-15 07:00:00,1242.5505726123777
2030-05-15 08:00:00,2108.0143391234424
2030-05-15 09:00:00,882.0602969649367
2030-05-15 10:00:00,849.6556623810717
2030-05-15 11:00:00,1060.0887768529565
2030-05-15 12:00:00,929.3680887658452
2030-05-15 13:00:00,1087.6600590024007
2030-05-15 14:00:00,2283.0052536275866
2030-05-15 15:00:00,1402.4137544010894
2030-05-15 16:00:00,422.41535749179707
2030-05-15 17:00:00,0.003882913991384394
2030-05-15 18:00:00,0.003713778076466034
2030-05-15 19:00:00,0.0038294129573039175
2030-05-15 20:00:00,0.003891290364667309
2030-05-15 21:00:00,0.0039615443871306825
2030-05-15 22:00:00,0.004089516695490365
2030-05-15 23:00:00,0.004176676251721108
2030-05-16 00:00:00,0.004237313887588623
2030-05-16 01:00:00,0.0042461988638340924
2030-05-16 02:00:00,0.004209455317545201
2030-05-16 03:00:00,0.004156813255781292
2030-05-16 04:00:00,0.004116440198820312
2030-05-16 05:00:00,0.0041486220133210416
2030-05-16 06:00:00,505.09943242864784
2030-05-16 07:00:00,1645.485787246772
2030-05-16 08:00:00,2626.733667732215
2030-05-16 09:00:00,3210.789098268054
2030-05-16 10:00:00,3632.217104718239
2030-05-16 11:00:00,3789.609989618017
2030-05-16 12:00:00,3607.640432421301
2030-05-16 13:00:00,3106.844617555937
2030-05-16 14:00:00,2241.3758071390207
2030-05-16 15:00:00,1171.061735377582
2030-05-16 16:00:00,37.58705933181772
2030-05-16 17:00:00,0.004811977133497637
2030-05-16 18:00:00,0.00488104626817468
2030-05-16 19:00:00,0.005117504212384042
2030-05-16 20:00:00,0.0052765695192488245
2030-05-16 21:00:00,0.005381767372323829
2030-05-16 22:00:00,0.0054514209940988035
2030-05-16 23:00:00,0.0054506638003017655
2030-05-17 00:00:00,0.005385119648531028
2030-05-17 01:00:00,0.005347737648659007
2030-05-17 02:00:00,0.005297522248178938
2030-05-17 03:00:00,0.005216548470538222
2030-05-17 04:00:00,0.005110653631865613
2030-05-17 05:00:00,0.005100718953552822
2030-05-17 06:00:00,121.55120620913704
2030-05-17 07:00:00,957.9797090104074
2030-05-17 08:00:00,1708.529048817108
2030-05-17 09:00:00,2175.0481076640885
2030-05-17 10:00:00,2455.1347608678634
2030-05-17 11:00:00,2499.466484802784
2030-05-17 12:00:00,2491.5486660917754
2030-05-17 13:00:00,2071.589020567216
2030-05-17 14:00:00,1543.6618520624088
2030-05-17 15:00:00,802.8095921339223
2030-05-17 16:00:00,54.592996325766165
2030-05-17 17:00:00,0.005641812547106367
2030-05-17 18:00:00,0.005477527081469865
2030-05-17 19:00:00,0.00561363800552647
2030-05-17 20:00:00,0.005662096111174979
2030-05-17 21:00:00,0.005597864129625946
2030-05-17 22:00:00,0.005516300081117385
2030-05-17 23:00:00,0.005391890973530553
2030-05-18 00:00:00,0.005272194477966908
2030-05-18 01:00:00,0.005138392682692054
2030-05-18 02:00:00,0.004987544000587803
2030-05-18 03:00:00,0.004801219648313817
2030-05-18 04:00:00,0.004577974836603936
2030-05-18 05:00:00,0.004506203505610865
2030-05-18 06:00:00,81.31012266584513
2030-05-18 07:00:00,1318.0550150878375
2030-05-18 08:00:00,2278.741811200562
2030-05-18 09:00:00,3038.3413897573946
2030-05-18 10:00:00,3482.585181796887
2030-05-18 11:00:00,3547.9518948782556
2030-05-18 12:00:00,3385.0373518753136
2030-05-18 13:00:00,2894.8925649817943
2030-05-18 14:00:00,2266.594246310033
2030-05-18 15:00:00,1165.046153604624
2030-05-18 16:00:00,26.296778111169896
2030-05-18 17:00:00,0.00455457729676385
2030-05-18 18:00:00,0.004643015736018746
2030-05-18 19:00:00,0.004874969552761566
2030-05-18 20:00:00,0.004974516862027861
2030-05-18 21:00:00,0.0050433375681619
2030-05-18 22:00:00,0.005056189116340263
2030-05-18 23:00:00,0.005040792086074193
2030-05-19 00:00:00,0.005024437808184545
2030-05-19 01:00:00,0.004959382412530525
2030-05-19 02:00:00,0.004873632032947755
2030-05-19 03:00:00,0.0047478171216966715
2030-05-19 04:00:00,0.004611828861440146
2030-05-19 05:00:00,0.0045323960066895545
2030-05-19 06:00:00,29.269250825719034
2030-05-19 07:00:00,932.4034783770636
2030-05-19 08:00:00,1856.0092726011897
2030-05-19 09:00:00,2493.752717543771
2030-05-19 10:00:00,2814.9205718748854
2030-05-19 11:00:00,2858.593063857433
2030-05-19 12:00:00,2639.6251257532745
2030-05-19 13:00:00,2123.3206312462025
2030-05-19 14:00:00,1487.1575163427408
2030-05-19 15:00:00,707.1027520984355
2030-05-19 16:00:00,21.737336002728732
2030-05-19 17:00:00,0.004952277027340302
2030-05-19 18:00:00,0.004506122757080148
2030-05-19 19:00:00,0.0051093018517128375
2030-05-19 20:00:00,0.005193817491116921
2030-05-19 21:00:00,0.0052249726933350305
2030-05-19 22:00:00,0.005228404563344233
2030-05-19 23:00:00,0.0051718663382077455
2030-05-20 00:00:00,0.005096308755490039
2030-05-20 01:00:00,0.00503733448788158
2030-05-20 02:00:00,0.004913113924782098
2030-05-20 03:00:00,0.004717989344208287
2030-05-20 04:00:00,0.004638340311743341
2030-05-20 05:00:00,0.004999731523951046
2030-05-20 06:00:00,333.7134561815208
2030-05-20 07:00:00,1312.4394697217076
2030-05-20 08:00:00,2136.101278088526
2030-05-20 09:00:00,2720.32382779499
2030-05-20 10:00:00,3141.091645614005
2030-05-20 11:00:00,3360.971843033755
2030-05-20 12:00:00,3306.2601879731096
2030-05-20 13:00:00,2903.9561007864572
2030-05-20 14:00:00,2253.7730970134357
2030-05-20 15:00:00,1338.8446634626896
2030-05-20 16:00:00,383.9232491519074
2030-05-20 17:00:00,0.005144132903735468
2030-05-20 18:00:00,0.004890678055891855
2030-05-20 19:00:00,0.005166508906731305
2030-05-20 20:00:00,0.005340180337993449
2030-05-20 21:00:00,0.005597688498836971
2030-05-20 22:00:00,0.005796368115202472
2030-05-20 23:00:00,0.006063411197103626
2030-05-21 00:00:00,0.8976798242848836
2030-05-21 01:00:00,0.031108085810819096
2030-05-21 02:00:00,0.006461036878381989
2030-05-21 03:00:00,0.005770188635147527
2030-05-21 04:00:00,0.005486754765853322
2030-05-21 05:00:00,2.385580753534248
2030-05-21 06:00:00,343.9715673524348
2030-05-21 07:00:00,1028.1595660872183
2030-05-21 08:00:00,1705.0641545091999
2030-05-21 09:00:00,2199.5549269742196
2030-05-21 10:00:00,2524.3419856819796
2030-05-21 11:00:00,2570.644546886934
2030-05-21 12:00:00,2574.8739063649623
2030-05-21 13:00:00,2351.146531307039
2030-05-21 14:00:00,1910.5829465868167
2030-05-21 15:00:00,1158.1589778126327
2030-05-21 16:00:00,330.9817980115035
2030-05-21 17:00:00,0.004530913541851275
2030-05-21 18:00:00,0.004245293045834269
2030-05-21 19:00:00,0.004327922390388827
2030-05-21 20:00:00,0.0044325529455024205
2030-05-21 21:00:00,0.004543153501217262
2030-05-21 22:00:00,0.0045822789640979755
2030-05-21 23:00:00,0.004588056943556581
2030-05-22 00:00:00,0.004512755196568435
2030-05-22 01:00:00,0.004466160435336264
2030-05-22 02:00:00,0.004376128489474862
2030-05-22 03:00:00,0.004343248127582886
2030-05-22 04:00:00,0.004323505197648646
2030-05-22 05:00:00,0.004715516079895311
2030-05-22 06:00:00,422.17361012450186
2030-05-22 07:00:00,1384.9147831814505
2030-05-22 08:00:00,2373.0041002464573
2030-05-22 09:00:00,806.4404204490612
2030-05-22 10:00:00,1361.956915775651
2030-05-22 11:00:00,1485.0498666276742
2030-05-22 12:00:00,1283.4935037744556
2030-05-22 13:00:00,3150.909839505525
2030-05-22 14:00:00,2438.7250614960217
2030-05-22 15:00:00,1483.9999917602179
2030-05-22 16:00:00,419.0225317175032
2030-05-22 17:00:00,0.004031787728748104
2030-05-22 18:00:00,0.00404266596604541
2030-05-22 19:00:00,0.00417314114089648
2030-05-22 20:00:00,0.004276590373498341
2030-05-22 21:00:00,0.004349076608145311
2030-05-22 22:00:00,0.004441282276657286
2030-05-22 23:00:00,0.004550645604161499
2030-05-23 00:00:00,0.0046469039081315135
2030-05-23 01:00:00,0.0046597833209319015
2030-05-23 02:00:00,0.004620850080266536
2030-05-23 03:00:00,0.004531965972147644
2030-05-23 04:00:00,0.0044226468222847756
2030-05-23 05:00:00,0.0043534450877609895
2030-05-23 06:00:00,33.00534484200159
2030-05-23 07:00:00,1000.1649544294341
2030-05-23 08:00:00,1847.1711973107285
2030-05-23 09:00:00,2414.2055851334767
2030-05-23 10:00:00,2738.2195270892385
2030-05-23 11:00:00,2766.3061828272357
2030-05-23 12:00:00,2736.49765247904
2030-05-23 13:00:00,2462.522693773456
2030-05-23 14:00:00,1861.9329901731312
2030-05-23 15:00:00,962.0730457092164
2030-05-23 16:00:00,24.23988277767221
2030-05-23 17:00:00,0.0049216829178047004
2030-05-23 18:00:00,0.004906867113461765
2030-05-23 19:00:00,0.005114264041479865
2030-05-23 20:00:00,0.005207935267283139
2030-05-23 21:00:00,0.00524856006529506
2030-05-23 22:00:00,0.005245560677898746
2030-05-23 23:00:00,0.005193659583158724
2030-05-24 00:00:00,0.005122256477337344
2030-05-24 01:00:00,0.005016185697540081
2030-05-24 02:00:00,0.004869431629671838
2030-05-24 03:00:00,0.004700359149710896
2030-05-24 04:00:00,0.004520198896799115
2030-05-24 05:00:00,0.0044432263291184805
2030-05-24 06:00:00,62.66681531314255
2030-05-24 07:00:00,1282.8863772801556
2030-05-24 08:00:00,2399.9619216381484
2030-05-24 09:00:00,3154.200924523957
2030-05-24 10:00:00,3583.809554113809
2030-05-24 11:00:00,3707.8885481856432
2030-05-24 12:00:00,3584.916002982832
2030-05-24 13:00:00,2972.494156015804
2030-05-24 14:00:00,2095.693952662092
2030-05-24 15:00:00,874.6355766048698
2030-05-24 16:00:00,21.716181292237657
2030-05-24 17:00:00,0.00477101158031445
2030-05-24 18:00:00,0.004838244042249881
2030-05-24 19:00:00,0.005052112540450144
2030-05-24 20:00:00,0.005166330315148963
2030-05-24 21:00:00,0.005211539239321135
2030-05-24 22:00:00,0.005228784608397837
2030-05-24 23:00:00,0.005198237057865287
2030-05-25 00:00:00,0.005126845697035339
2030-05-25 01:00:00,0.005034796002766153
2030-05-25 02:00:00,0.004914927508404426
2030-05-25 03:00:00,0.0047549042933308664
2030-05-25 04:00:00,0.0045651799310774755
2030-05-25 05:00:00,0.004447514918903581
2030-05-25 06:00:00,20.054677684995934
2030-05-25 07:00:00,751.6587919834687
2030-05-25 08:00:00,1728.871911408741
2030-05-25 09:00:00,2469.316775657827
2030-05-25 10:00:00,3200.4883252003606
2030-05-25 11:00:00,3386.2648514674534
2030-05-25 12:00:00,3315.41331922404
2030-05-25 13:00:00,2863.7024871333456
2030-05-25 14:00:00,2000.1612333884887
2030-05-25 15:00:00,912.5853798208761
2030-05-25 16:00:00,35.20027313310808
2030-05-25 17:00:00,0.004890362257675739
2030-05-25 18:00:00,0.004867924284353008
2030-05-25 19:00:00,0.005034073309915388
2030-05-25 20:00:00,0.005133708625947358
2030-05-25 21:00:00,0.005166641679524591
2030-05-25 22:00:00,0.005190953618121568
2030-05-25 23:00:00,0.0051751546385948154
2030-05-26 00:00:00,0.005172611222048302
2030-05-26 01:00:00,0.00510734975449006
2030-05-26 02:00:00,0.005004916081132847
2030-05-26 03:00:00,0.0048858215199121795
2030-05-26 04:00:00,0.004771405678440918
2030-05-26 05:00:00,0.004823223901775725
2030-05-26 06:00:00,32.9748642133838
2030-05-26 07:00:00,749.0124175131726
2030-05-26 08:00:00,1582.3128367751524
2030-05-26 09:00:00,2123.057225246971
2030-05-26 10:00:00,2388.635392830504
2030-05-26 11:00:00,2630.3490541152737
2030-05-26 12:00:00,2575.6911300353186
2030-05-26 13:00:00,2219.502893266315
2030-05-26 14:00:00,1122.463015437302
2030-05-26 15:00:00,66.27454058699156
2030-05-26 16:00:00,2.2201029658383575
2030-05-26 17:00:00,0.005426942526507247
2030-05-26 18:00:00,0.005506011469166897
2030-05-26 19:00:00,0.005763039444663538
2030-05-26 20:00:00,0.005887433537890483
2030-05-26 21:00:00,0.005927233134722558
2030-05-26 22:00:00,0.00595920327744301
2030-05-26 23:00:00,0.00594706161633772
2030-05-27 00:00:00,0.0058821731647511095
2030-05-27 01:00:00,0.005817995293812694
2030-05-27 02:00:00,0.00571892583485346
2030-05-27 03:00:00,0.005582079026006742
2030-05-27 04:00:00,0.005413433750682325
2030-05-27 05:00:00,0.005226515636258389
2030-05-27 06:00:00,7.680417406712053
2030-05-27 07:00:00,166.87861021989738
2030-05-27 08:00:00,1144.041405865918
2030-05-27 09:00:00,1760.2910895211012
2030-05-27 10:00:00,2194.5361576626487
2030-05-27 11:00:00,2415.062772793166
2030-05-27 12:00:00,2471.5587379056615
2030-05-27 13:00:00,2127.86940232017
2030-05-27 14:00:00,1451.9884776182646
2030-05-27 15:00:00,455.7966404252854
2030-05-27 16:00:00,15.672741864951908
2030-05-27 17:00:00,0.005429553554678371
2030-05-27 18:00:00,0.005247318812190252
2030-05-27 19:00:00,0.005366819517594846
2030-05-27 20:00:00,0.00535738117714041
2030-05-27 21:00:00,0.00527583204718266
2030-05-27 22:00:00,0.005189775161434184
2030-05-27 23:00:00,0.005064820779169952
2030-05-28 00:00:00,0.004946189505219011
2030-05-28 01:00:00,0.004814514342839403
2030-05-28 02:00:00,0.004614943875723353
2030-05-28 03:00:00,0.004421606144320226
2030-05-28 04:00:00,0.004240084153473261
2030-05-28 05:00:00,0.004297006668400171
2030-05-28 06:00:00,103.64052611987763
2030-05-28 07:00:00,1255.0395891847413
2030-05-28 08:00:00,2360.2001731025125
2030-05-28 09:00:00,3213.743527818437
2030-05-28 10:00:00,3799.565960545177
2030-05-28 11:00:00,3817.894247243603
2030-05-28 12:00:00,3582.224902801937
2030-05-28 13:00:00,3085.2408359940464
2030-05-28 14:00:00,2437.8461255844522
2030-05-28 15:00:00,1619.2980717292476
2030-05-28 16:00:00,292.8076928547524
2030-05-28 17:00:00,0.0039629373248561165
2030-05-28 18:00:00,0.00375387167680811
2030-05-28 19:00:00,0.003844238795245333
2030-05-28 20:00:00,0.004000865047713541
2030-05-28 21:00:00,0.00410757672309192
2030-05-28 22:00:00,0.004181114536689104
2030-05-28 23:00:00,0.004233036553722591
2030-05-29 00:00:00,0.0043613694281423206
2030-05-29 01:00:00,0.004466502027333243
2030-05-29 02:00:00,0.004438696283015468
2030-05-29 03:00:00,0.004403916831929597
2030-05-29 04:00:00,0.004438571354999716
2030-05-29 05:00:00,0.004719761657492171
2030-05-29 06:00:00,182.87784667587167
2030-05-29 07:00:00,1094.7282369057273
2030-05-29 08:00:00,1997.2294147612226
2030-05-29 09:00:00,2807.629890053
2030-05-29 10:00:00,3077.3422601921075
2030-05-29 11:00:00,2607.1731081338144
2030-05-29 12:00:00,3464.4721479207496
2030-05-29 13:00:00,3148.737666904886
2030-05-29 14:00:00,2649.8548992586598
2030-05-29 15:00:00,1680.4859551495877
2030-05-29 16:00:00,481.33686434373567
2030-05-29 17:00:00,0.0038176783513236643
2030-05-29 18:00:00,0.0036518864975461102
2030-05-29 19:00:00,0.003740717970393786
2030-05-29 20:00:00,0.0038287567303726946
2030-05-29 21:00:00,0.0038841943046853383
2030-05-29 22:00:00,0.003934797411841273
2030-05-29 23:00:00,0.00401248057482226
2030-05-30 00:00:00,0.004076273372913197
2030-05-30 01:00:00,0.004089484769949289
2030-05-30 02:00:00,0.004051537952900755
2030-05-30 03:00:00,0.003993875621585109
2030-05-30 04:00:00,0.003961760693674477
2030-05-30 05:00:00,0.004078059912966029
2030-05-30 06:00:00,146.9827340096302
2030-05-30 07:00:00,1348.2781717017965
2030-05-30 08:00:00,2393.032456346718
2030-05-30 09:00:00,3190.627342408094
2030-05-30 10:00:00,3537.623748863239
2030-05-30 11:00:00,3718.2438294874623
2030-05-30 12:00:00,3787.988131683362
2030-05-30 13:00:00,3282.1050565842547
2030-05-30 14:00:00,2407.9625506625753
2030-05-30 15:00:00,1100.1009572366668
2030-05-30 16:00:00,24.420394112969937
2030-05-30 17:00:00,0.00454393727503379
2030-05-30 18:00:00,0.004635343410623816
2030-05-30 19:00:00,0.004862234995252306
2030-05-30 20:00:00,0.0050002599150178835
2030-05-30 21:00:00,0.005123184481493801
2030-05-30 22:00:00,0.00521864531788244
2030-05-30 23:00:00,0.005276918696188384
2030-05-31 00:00:00,0.005316035411680353
2030-05-31 01:00:00,0.0053238946300402466
2030-05-31 02:00:00,0.005294508317305742
2030-05-31 03:00:00,0.005223075308682856
2030-05-31 04:00:00,0.005124323766915351
2030-05-31 05:00:00,0.005236280939531619
2030-05-31 06:00:00,14.533110322765578
2030-05-31 07:00:00,350.11904081265476
2030-05-31 08:00:00,1183.9471695469665
2030-05-31 09:00:00,1577.064679479582
2030-05-31 10:00:00,1774.5380506317656
2030-05-31 11:00:00,1961.167248204781
2030-05-31 12:00:00,1760.831185157687
2030-05-31 13:00:00,1269.3616870244252
2030-05-31 14:00:00,657.602686883054
2030-05-31 15:00:00,57.243722726113
2030-05-31 16:00:00,1.6984127224981103
2030-05-31 17:00:00,0.00609994737528696
2030-05-31 18:00:00,0.005954975243600485
2030-05-31 19:00:00,0.00615117780873569
2030-05-31 20:00:00,0.006215108075287529
2030-05-31 21:00:00,0.006201431714656957
2030-05-31 22:00:00,0.006131788925259786
2030-05-31 23:00:00,0.0060414657377921305
2030-06-01 00:00:00,0.005898775724079481
2030-06-01 01:00:00,0.005765975537574848
2030-06-01 02:00:00,0.005594454128891295
2030-06-01 03:00:00,0.005379453420824997
2030-06-01 04:00:00,0.005162827735517357
2030-06-01 05:00:00,0.005089415683830025
2030-06-01 06:00:00,26.233781162854104
2030-06-01 07:00:00,815.0934442441024
2030-06-01 08:00:00,1927.6766811909686
2030-06-01 09:00:00,2790.4908501198565
2030-06-01 10:00:00,3219.7735363254706
2030-06-01 11:00:00,3331.9862944297715
2030-06-01 12:00:00,3243.6089076296657
2030-06-01 13:00:00,2560.8006419684657
2030-06-01 14:00:00,1580.163289087329
2030-06-01 15:00:00,427.16652044544986
2030-06-01 16:00:00,16.081218290564745
2030-06-01 17:00:00,0.005283697565745251
2030-06-01 18:00:00,0.00531288162399356
2030-06-01 19:00:00,0.005572181306506272
2030-06-01 20:00:00,0.005682745644954363
2030-06-01 21:00:00,0.0057076309237595315
2030-06-01 22:00:00,0.005696654729757904
2030-06-01 23:00:00,0.005631936788415375
2030-06-02 00:00:00,0.005544684613911649
2030-06-02 01:00:00,0.005463093259750137
2030-06-02 02:00:00,0.005334327543275532
2030-06-02 03:00:00,0.005165389142360666
2030-06-02 04:00:00,0.004975944130559738
2030-06-02 05:00:00,0.0048975665625687476
2030-06-02 06:00:00,12.7289789886188
2030-06-02 07:00:00,527.3645160779282
2030-06-02 08:00:00,1483.5515941292938
2030-06-02 09:00:00,2085.0942097101633
2030-06-02 10:00:00,2486.885776451855
2030-06-02 11:00:00,2599.7049746763673
2030-06-02 12:00:00,2436.0208677239207
2030-06-02 13:00:00,1932.9845131997508
2030-06-02 14:00:00,1356.7891361349668
2030-06-02 15:00:00,521.6891574030864
2030-06-02 16:00:00,20.111998791462877
2030-06-02 17:00:00,0.0056979234588511
2030-06-02 18:00:00,0.0054763833167028415
2030-06-02 19:00:00,0.005666237050990729
2030-06-02 20:00:00,0.005691350351524245
2030-06-02 21:00:00,0.005670760763370636
2030-06-02 22:00:00,0.005584901574037937
2030-06-02 23:00:00,0.005466422955411526
2030-06-03 00:00:00,0.005346749824976684
2030-06-03 01:00:00,0.005209117582541803
2030-06-03 02:00:00,0.0050066802091325215
2030-06-03 03:00:00,0.004778702859421689
2030-06-03 04:00:00,0.004541934381098454
2030-06-03 05:00:00,0.004514385430310571
2030-06-03 06:00:00,124.41429702072267
2030-06-03 07:00:00,1255.0416861825
2030-06-03 08:00:00,2258.942239369698
2030-06-03 09:00:00,2948.9727767881723
2030-06-03 10:00:00,3365.715718800509
2030-06-03 11:00:00,3664.39272679949
2030-06-03 12:00:00,3707.276617601894
2030-06-03 13:00:00,3392.272343834652
2030-06-03 14:00:00,2775.0144996058943
2030-06-03 15:00:00,1731.3109777375112
2030-06-03 16:00:00,459.4200047222025
2030-06-03 17:00:00,0.004078073770675757
2030-06-03 18:00:00,0.004046339264878837
2030-06-03 19:00:00,0.004180153529209871
2030-06-03 20:00:00,0.004226914905550154
2030-06-03 21:00:00,0.004232795888930843
2030-06-03 22:00:00,0.004240795012974311
2030-06-03 23:00:00,0.004204659652711788
2030-06-04 00:00:00,0.004141383323342372
2030-06-04 01:00:00,0.004091741013721339
2030-06-04 02:00:00,0.003980181021837765
2030-06-04 03:00:00,0.0038747218365203498
2030-06-04 04:00:00,0.0038579953294114407
2030-06-04 05:00:00,2.524893532418489
2030-06-04 06:00:00,559.034114721008
2030-06-04 07:00:00,1774.480932328805
2030-06-04 08:00:00,2888.1909907441277
2030-06-04 09:00:00,3780.6416142627995
2030-06-04 10:00:00,4028.857561737513
2030-06-04 11:00:00,3940.262940597625
2030-06-04 12:00:00,4295.150051532383
2030-06-04 13:00:00,3882.8213245068814
2030-06-04 14:00:00,2989.56591392449
2030-06-04 15:00:00,1829.6756423761913
2030-06-04 16:00:00,618.7577354378784
2030-06-04 17:00:00,0.0039228810835708295
2030-06-04 18:00:00,0.003654383988645096
2030-06-04 19:00:00,0.003778590407186943
2030-06-04 20:00:00,0.003869416906922929
2030-06-04 21:00:00,0.003941160211801756
2030-06-04 22:00:00,0.003993518013390025
2030-06-04 23:00:00,0.004016251760594934
2030-06-05 00:00:00,0.004077252203319141
2030-06-05 01:00:00,0.004144053710688268
2030-06-05 02:00:00,0.004126367814741692
2030-06-05 03:00:00,0.004061351943245816
2030-06-05 04:00:00,0.004023048349626998
2030-06-05 05:00:00,0.004185656903564111
2030-06-05 06:00:00,96.50391346045726
2030-06-05 07:00:00,1137.758271832636
2030-06-05 08:00:00,2162.4139923381395
2030-06-05 09:00:00,2845.1520848118403
2030-06-05 10:00:00,1068.9831618634573
2030-06-05 11:00:00,1291.9456457828
2030-06-05 12:00:00,1455.8673439850172
2030-06-05 13:00:00,3187.826218834574
2030-06-05 14:00:00,2388.5651099637703
2030-06-05 15:00:00,1386.4577486137505
2030-06-05 16:00:00,226.30175237891245
2030-06-05 17:00:00,0.004289866816299231
2030-06-05 18:00:00,0.004208185941328041
2030-06-05 19:00:00,0.0044419054381347155
2030-06-05 20:00:00,0.00461782294767333
2030-06-05 21:00:00,0.004775823295850519
2030-06-05 22:00:00,0.004898911141434845
2030-06-05 23:00:00,0.004995789317158921
2030-06-06 00:00:00,0.005139611671418497
2030-06-06 01:00:00,0.005185171142171927
2030-06-06 02:00:00,0.005142803788785951
2030-06-06 03:00:00,0.005077882832439007
2030-06-06 04:00:00,0.004999083338404927
2030-06-06 05:00:00,0.004957776936501625
2030-06-06 06:00:00,6.985805102701094
2030-06-06 07:00:00,331.2902174388331
2030-06-06 08:00:00,1114.467952580794
2030-06-06 09:00:00,1638.9652115462857
2030-06-06 10:00:00,1821.7769692253498
2030-06-06 11:00:00,2005.0603806099555
2030-06-06 12:00:00,2026.5791810009287
2030-06-06 13:00:00,1593.55273829049
2030-06-06 14:00:00,1047.1664578415794
2030-06-06 15:00:00,236.11176964075958
2030-06-06 16:00:00,9.382505223441228
2030-06-06 17:00:00,0.006191715259859187
2030-06-06 18:00:00,0.006084750557856173
2030-06-06 19:00:00,0.006298389938398239
2030-06-06 20:00:00,0.006369569932468593
2030-06-06 21:00:00,0.006398355325317311
2030-06-06 22:00:00,0.0063858719896891635
2030-06-06 23:00:00,0.006351386460305053
2030-06-07 00:00:00,0.0062723245551021016
2030-06-07 01:00:00,0.006189975019458952
2030-06-07 02:00:00,0.006085218565549697
2030-06-07 03:00:00,0.005955498691174932
2030-06-07 04:00:00,0.0057971134110823275
2030-06-07 05:00:00,0.005641196383720556
2030-06-07 06:00:00,6.168339145142771
2030-06-07 07:00:00,159.59028406626283
2030-06-07 08:00:00,903.0328655197294
2030-06-07 09:00:00,1401.3600742831566
2030-06-07 10:00:00,1796.4086978181701
2030-06-07 11:00:00,2072.6328851778453
2030-06-07 12:00:00,2090.642539818987
2030-06-07 13:00:00,1802.826312236431
2030-06-07 14:00:00,1223.7345965779048
2030-06-07 15:00:00,284.43280688942554
2030-06-07 16:00:00,6.657359776479493
2030-06-07 17:00:00,0.006244401009194371
2030-06-07 18:00:00,0.00609265391989503
2030-06-07 19:00:00,0.006289939769605013
2030-06-07 20:00:00,0.006310534334273985
2030-06-07 21:00:00,0.006248287392502255
2030-06-07 22:00:00,0.006186271106579575
2030-06-07 23:00:00,0.006079198534039905
2030-06-08 00:00:00,0.0059293879139181785
2030-06-08 01:00:00,0.005798663969990237
2030-06-08 02:00:00,0.005635253861426956
2030-06-08 03:00:00,0.005458466243362584
2030-06-08 04:00:00,0.005249703275955235
2030-06-08 05:00:00,0.005253748817580728
2030-06-08 06:00:00,26.53379389974714
2030-06-08 07:00:00,676.0674305496394
2030-06-08 08:00:00,1624.541745156076
2030-06-08 09:00:00,2393.5523817596154
2030-06-08 10:00:00,2787.402346527081
2030-06-08 11:00:00,2803.0448530071662
2030-06-08 12:00:00,2418.6133463519204
2030-06-08 13:00:00,1872.448259853208
2030-06-08 14:00:00,1274.9721752540913
2030-06-08 15:00:00,358.9587307777228
2030-06-08 16:00:00,11.619975992390636
2030-06-08 17:00:00,0.0054444308470612025
2030-06-08 18:00:00,0.005374239367221456
2030-06-08 19:00:00,0.005576462515762724
2030-06-08 20:00:00,0.005668348532743325
2030-06-08 21:00:00,0.005705556725910369
2030-06-08 22:00:00,0.0056906499158952085
2030-06-08 23:00:00,0.005651077991918213
2030-06-09 00:00:00,0.00558080545616945
2030-06-09 01:00:00,0.005490473967530097
2030-06-09 02:00:00,0.005389003304210046
2030-06-09 03:00:00,0.005271865861175782
2030-06-09 04:00:00,0.005123609701165412
2030-06-09 05:00:00,0.005027755116965791
2030-06-09 06:00:00,18.21452800253469
2030-06-09 07:00:00,463.05163113204947
2030-06-09 08:00:00,1318.1046454615862
2030-06-09 09:00:00,2049.4029295650635
2030-06-09 10:00:00,2497.6310372516505
2030-06-09 11:00:00,2663.2500993146455
2030-06-09 12:00:00,2674.4198004390955
2030-06-09 13:00:00,2392.371663041287
2030-06-09 14:00:00,1815.0484735628352
2030-06-09 15:00:00,767.3250649232567
2030-06-09 16:00:00,23.265864900617572
2030-06-09 17:00:00,0.005463509121634997
2030-06-09 18:00:00,0.005411635723710683
2030-06-09 19:00:00,0.0056526698159156535
2030-06-09 20:00:00,0.005789815249814891
2030-06-09 21:00:00,0.005833174181830594
2030-06-09 22:00:00,0.005837874902889303
2030-06-09 23:00:00,0.005763388089806181
2030-06-10 00:00:00,0.005700161207875519
2030-06-10 01:00:00,0.0055873851950968435
2030-06-10 02:00:00,0.0054642661696921975
2030-06-10 03:00:00,0.005319698906612872
2030-06-10 04:00:00,0.005140602466919677
2030-06-10 05:00:00,0.00512755758008732
2030-06-10 06:00:00,28.629123368130628
2030-06-10 07:00:00,713.7219741814545
2030-06-10 08:00:00,1565.5505860041992
2030-06-10 09:00:00,2265.4267443160115
2030-06-10 10:00:00,2602.571530786981
2030-06-10 11:00:00,2636.2480977247583
2030-06-10 12:00:00,2288.959315564991
2030-06-10 13:00:00,1727.2531258019678
2030-06-10 14:00:00,1287.311121688878
2030-06-10 15:00:00,623.7432783145887
2030-06-10 16:00:00,48.53537251082343
2030-06-10 17:00:00,0.005730926912947729
2030-06-10 18:00:00,0.005446320995522315
2030-06-10 19:00:00,0.0055415880025031375
2030-06-10 20:00:00,0.005530519920011757
2030-06-10 21:00:00,0.0054948084412515235
2030-06-10 22:00:00,0.005400049229636442
2030-06-10 23:00:00,0.0053046906341240145
2030-06-11 00:00:00,0.00518886703067447
2030-06-11 01:00:00,0.005077911467841189
2030-06-11 02:00:00,0.0048910489601480655
2030-06-11 03:00:00,0.004709431272193362
2030-06-11 04:00:00,0.004507422457710341
2030-06-11 05:00:00,0.00446897069342999
2030-06-11 06:00:00,53.9552689871078
2030-06-11 07:00:00,875.3936853336307
2030-06-11 08:00:00,1745.3612660943531
2030-06-11 09:00:00,2378.4276318240277
2030-06-11 10:00:00,2685.2405066539955
2030-06-11 11:00:00,2821.0506442769665
2030-06-11 12:00:00,2768.7068991522424
2030-06-11 13:00:00,2271.8565357504317
2030-06-11 14:00:00,1745.772506717077
2030-06-11 15:00:00,1018.4505871404415
2030-06-11 16:00:00,140.14304150095876
2030-06-11 17:00:00,0.004313825001054557
2030-06-11 18:00:00,0.004102100251352955
2030-06-11 19:00:00,0.004198127046048887
2030-06-11 20:00:00,0.004290641645541074
2030-06-11 21:00:00,0.004360897482601704
2030-06-11 22:00:00,0.004413706563961929
2030-06-11 23:00:00,0.004442209639360261
2030-06-12 00:00:00,0.004506709947726599
2030-06-12 01:00:00,0.0046123850556851875
2030-06-12 02:00:00,0.004648702049169465
2030-06-12 03:00:00,0.004608813407483599
2030-06-12 04:00:00,0.0046475375381306964
2030-06-12 05:00:00,0.19980718950185364
2030-06-12 06:00:00,197.6113456354446
2030-06-12 07:00:00,1092.6352576312956
2030-06-12 08:00:00,1927.5861159846054
2030-06-12 09:00:00,2488.1132549980584
2030-06-12 10:00:00,2695.9732581622957
2030-06-12 11:00:00,2803.0169575329746
2030-06-12 12:00:00,2663.5836626885393
2030-06-12 13:00:00,2169.2462759343725
2030-06-12 14:00:00,1760.1568198339335
2030-06-12 15:00:00,1209.5548352045987
2030-06-12 16:00:00,441.5200802303832
2030-06-12 17:00:00,2.105188147410669
2030-06-12 18:00:00,0.00410915992544584
2030-06-12 19:00:00,0.0041783961933432685
2030-06-12 20:00:00,0.004335131643526795
2030-06-12 21:00:00,0.004467395009475032
2030-06-12 22:00:00,0.004573802551445991
2030-06-12 23:00:00,0.00466913727517143
2030-06-13 00:00:00,0.0047803510417984444
2030-06-13 01:00:00,0.004819150103602605
2030-06-13 02:00:00,0.00478992736000824
2030-06-13 03:00:00,0.00466445032296771
2030-06-13 04:00:00,0.004517445623443032
2030-06-13 05:00:00,0.004768664410824939
2030-06-13 06:00:00,71.2288906997033
2030-06-13 07:00:00,912.1641225548522
2030-06-13 08:00:00,1824.2296232156793
2030-06-13 09:00:00,2591.9087637137113
2030-06-13 10:00:00,3101.799128970078
2030-06-13 11:00:00,3237.491648273262
2030-06-13 12:00:00,2989.0201699297513
2030-06-13 13:00:00,2480.7714844007364
2030-06-13 14:00:00,1655.0348804468463
2030-06-13 15:00:00,558.8886792667333
2030-06-13 16:00:00,16.53064560653574
2030-06-13 17:00:00,0.005834734035639789
2030-06-13 18:00:00,0.005898090511034413
2030-06-13 19:00:00,0.006269741362065227
2030-06-13 20:00:00,0.006452022323122407
2030-06-13 21:00:00,0.006590458892974869
2030-06-13 22:00:00,0.006696306374873414
2030-06-13 23:00:00,0.006741654317986873
2030-06-14 00:00:00,0.0067534995609787735
2030-06-14 01:00:00,0.006770366593373666
2030-06-14 02:00:00,0.006787336905770557
2030-06-14 03:00:00,0.006763001489770642
2030-06-14 04:00:00,0.0067230158779335615
2030-06-14 05:00:00,0.006681747891676495
2030-06-14 06:00:00,0.28070377441072747
2030-06-14 07:00:00,42.67894772493742
2030-06-14 08:00:00,203.37112151539355
2030-06-14 09:00:00,710.0508489404633
2030-06-14 10:00:00,1162.2643693871203
2030-06-14 11:00:00,1463.2129832041296
2030-06-14 12:00:00,1327.1927033368756
2030-06-14 13:00:00,891.3446023899272
2030-06-14 14:00:00,240.26656435415376
2030-06-14 15:00:00,40.12038284004439
2030-06-14 16:00:00,0.008446840545866979
2030-06-14 17:00:00,0.008290533907048493
2030-06-14 18:00:00,0.00798858000376458
2030-06-14 19:00:00,0.008185066783360078
2030-06-14 20:00:00,0.008195576305546813
2030-06-14 21:00:00,0.008153900765163083
2030-06-14 22:00:00,0.008041855969683556
2030-06-14 23:00:00,0.007878137991818428
2030-06-15 00:00:00,0.007741949952984903
2030-06-15 01:00:00,0.007580197381532826
2030-06-15 02:00:00,0.007426724939379665
2030-06-15 03:00:00,0.007276706644043869
2030-06-15 04:00:00,0.007097146438239626
2030-06-15 05:00:00,0.006919102013268964
2030-06-15 06:00:00,4.250944887783644
2030-06-15 07:00:00,70.98009926786303
2030-06-15 08:00:00,532.9689106477865
2030-06-15 09:00:00,986.1813849392852
2030-06-15 10:00:00,1380.2592871211884
2030-06-15 11:00:00,1439.4269087427106
2030-06-15 12:00:00,1273.8479496792254
2030-06-15 13:00:00,825.500930525468
2030-06-15 14:00:00,497.5512399367147
2030-06-15 15:00:00,164.4574702269901
2030-06-15 16:00:00,10.372285967749086
2030-06-15 17:00:00,0.007172807262955067
2030-06-15 18:00:00,0.0066559024861776615
2030-06-15 19:00:00,0.006629976658072376
2030-06-15 20:00:00,0.006478316708843863
2030-06-15 21:00:00,0.006313729220438659
2030-06-15 22:00:00,0.00618138904345207
2030-06-15 23:00:00,0.0060463065057913875
2030-06-16 00:00:00,0.005933089962743752
2030-06-16 01:00:00,0.005791821625335848
2030-06-16 02:00:00,0.005648428999006604
2030-06-16 03:00:00,0.005349255334018482
2030-06-16 04:00:00,0.005152575510442492
2030-06-16 05:00:00,1.3237581035435824
2030-06-16 06:00:00,207.424891082608
2030-06-16 07:00:00,1148.7900082603896
2030-06-16 08:00:00,2098.8234267581443
2030-06-16 09:00:00,2852.513929636631
2030-06-16 10:00:00,3324.636761265304
2030-06-16 11:00:00,3534.7367025351177
2030-06-16 12:00:00,3476.3923819297916
2030-06-16 13:00:00,2950.156312425777
2030-06-16 14:00:00,2237.66628854696
2030-06-16 15:00:00,1309.0105101689323
2030-06-16 16:00:00,233.77887159036575
2030-06-16 17:00:00,0.004367105817258096
2030-06-16 18:00:00,0.004307209376815631
2030-06-16 19:00:00,0.004410635703979267
2030-06-16 20:00:00,0.0045093608417422475
2030-06-16 21:00:00,0.004560662151823935
2030-06-16 22:00:00,0.0045739062102381775
2030-06-16 23:00:00,0.0045854729889800785
2030-06-17 00:00:00,0.004620144982910732
2030-06-17 01:00:00,0.004598794058928237
2030-06-17 02:00:00,0.004520924084130332
2030-06-17 03:00:00,0.004413886813000247
2030-06-17 04:00:00,0.004304482541148201
2030-06-17 05:00:00,0.004545494971296568
2030-06-17 06:00:00,218.48437941407624
2030-06-17 07:00:00,1224.5307356937117
2030-06-17 08:00:00,2185.64305820754
2030-06-17 09:00:00,2863.3128987141063
2030-06-17 10:00:00,3397.382196866191
2030-06-17 11:00:00,3691.0440730376176
2030-06-17 12:00:00,3679.7887377375
2030-06-17 13:00:00,3359.5362722775417
2030-06-17 14:00:00,2816.8109455089216
2030-06-17 15:00:00,1785.4292857035678
2030-06-17 16:00:00,458.80875178500105
2030-06-17 17:00:00,0.0041536244425012725
2030-06-17 18:00:00,0.004225146962048655
2030-06-17 19:00:00,0.004400905950239633
2030-06-17 20:00:00,0.004491951669324108
2030-06-17 21:00:00,0.0045217854184648005
2030-06-17 22:00:00,0.004525290310106982
2030-06-17 23:00:00,0.004481587790443614
2030-06-18 00:00:00,0.004450700023070662
2030-06-18 01:00:00,0.004405724976158638
2030-06-18 02:00:00,0.004330515303440097
2030-06-18 03:00:00,0.004211822392637733
2030-06-18 04:00:00,0.004133553525172782
2030-06-18 05:00:00,0.004345452576633613
2030-06-18 06:00:00,151.12136224469347
2030-06-18 07:00:00,1076.2316919543166
2030-06-18 08:00:00,1855.591347538075
2030-06-18 09:00:00,2553.891961641751
2030-06-18 10:00:00,2699.7985067474087
2030-06-18 11:00:00,2646.581205419461
2030-06-18 12:00:00,2458.7173650621203
2030-06-18 13:00:00,2078.8387908167892
2030-06-18 14:00:00,1430.385656823894
2030-06-18 15:00:00,617.4243351420636
2030-06-18 16:00:00,14.609828182044192
2030-06-18 17:00:00,0.004147882948484706
2030-06-18 18:00:00,0.004197919727080671
2030-06-18 19:00:00,0.004338933371180806
2030-06-18 20:00:00,0.0044168084483109105
2030-06-18 21:00:00,0.004449778868369472
2030-06-18 22:00:00,0.004445299796328248
2030-06-18 23:00:00,0.004408701216491621
2030-06-19 00:00:00,0.004366378030989584
2030-06-19 01:00:00,0.004340607871631702
2030-06-19 02:00:00,0.0042641837692039865
2030-06-19 03:00:00,0.004153415720689589
2030-06-19 04:00:00,0.0041249485478951665
2030-06-19 05:00:00,0.004353339335765646
2030-06-19 06:00:00,60.70818626841794
2030-06-19 07:00:00,968.8676640002111
2030-06-19 08:00:00,1996.2669365575691
2030-06-19 09:00:00,2778.8432227056896
2030-06-19 10:00:00,3202.827507281324
2030-06-19 11:00:00,3328.1334020353147
2030-06-19 12:00:00,3225.118661227103
2030-06-19 13:00:00,2744.2410171226297
2030-06-19 14:00:00,2033.2134503156574
2030-06-19 15:00:00,1073.2060181497955
2030-06-19 16:00:00,50.202609602414135
2030-06-19 17:00:00,0.004356980210039288
2030-06-19 18:00:00,0.004459998318905547
2030-06-19 19:00:00,0.004748547871956247
2030-06-19 20:00:00,0.004962827740217104
2030-06-19 21:00:00,0.005148186027299365
2030-06-19 22:00:00,0.005289198505903868
2030-06-19 23:00:00,0.005385753341449007
2030-06-20 00:00:00,0.00544832488778441
2030-06-20 01:00:00,0.0055020390338475665
2030-06-20 02:00:00,0.005519123883051905
2030-06-20 03:00:00,0.005520332569950705
2030-06-20 04:00:00,0.005492342372238927
2030-06-20 05:00:00,0.005478985522248982
2030-06-20 06:00:00,3.300095099555505
2030-06-20 07:00:00,52.07435598573914
2030-06-20 08:00:00,386.8206557258802
2030-06-20 09:00:00,956.1175496019748
2030-06-20 10:00:00,1454.8852634202847
2030-06-20 11:00:00,1727.9947637487521
2030-06-20 12:00:00,1889.107106906215
2030-06-20 13:00:00,1574.9067159079148
2030-06-20 14:00:00,790.9154771647811
2030-06-20 15:00:00,85.30271382003875
2030-06-20 16:00:00,7.249409415553191
2030-06-20 17:00:00,0.007648168544255471
2030-06-20 18:00:00,0.007439001865821953
2030-06-20 19:00:00,0.007665590253644433
2030-06-20 20:00:00,0.0076833206167469924
2030-06-20 21:00:00,0.0075987647358533635
2030-06-20 22:00:00,0.007505524537809289
2030-06-20 23:00:00,0.007356446931535077
2030-06-21 00:00:00,0.007122852996468206
2030-06-21 01:00:00,0.0069757324966029845
2030-06-21 02:00:00,0.006830968209853239
2030-06-21 03:00:00,0.006675107895783164
2030-06-21 04:00:00,0.006483346828720428
2030-06-21 05:00:00,0.006316580454963888
2030-06-21 06:00:00,7.060248038217766
2030-06-21 07:00:00,69.19491230937957
2030-06-21 08:00:00,621.9486388826409
2030-06-21 09:00:00,1306.8633621748127
2030-06-21 10:00:00,1857.402290631562
2030-06-21 11:00:00,2022.9892244446373
2030-06-21 12:00:00,1961.701066323521
2030-06-21 13:00:00,1416.0508191333631
2030-06-21 14:00:00,561.6462401034931
2030-06-21 15:00:00,97.5214159461393
2030-06-21 16:00:00,11.7740301284963
2030-06-21 17:00:00,0.008217073201315648
2030-06-21 18:00:00,0.007663707605376382
2030-06-21 19:00:00,0.007774875565276728
2030-06-21 20:00:00,0.007770018844764752
2030-06-21 21:00:00,0.007743971686972543
2030-06-21 22:00:00,0.007632400470427871
2030-06-21 23:00:00,0.007518562269037902
2030-06-22 00:00:00,0.007450522861888962
2030-06-22 01:00:00,0.007341891231594261
2030-06-22 02:00:00,0.007274829542194168
2030-06-22 03:00:00,0.007173902774703665
2030-06-22 04:00:00,0.006998626620664564
2030-06-22 05:00:00,0.007110204078980415
2030-06-22 06:00:00,13.581127681235381
2030-06-22 07:00:00,112.07378164321378
2030-06-22 08:00:00,542.5415176793224
2030-06-22 09:00:00,1046.8692719070966
2030-06-22 10:00:00,1508.0603448702968
2030-06-22 11:00:00,1721.7295873464252
2030-06-22 12:00:00,1426.2868590366738
2030-06-22 13:00:00,644.2264330512244
2030-06-22 14:00:00,163.10474329373486
2030-06-22 15:00:00,38.554361740830714
2030-06-22 16:00:00,0.010135129391250754
2030-06-22 17:00:00,0.009535699337193598
2030-06-22 18:00:00,0.009179689349113842
2030-06-22 19:00:00,0.009409250127619
2030-06-22 20:00:00,0.00941665006944237
2030-06-22 21:00:00,0.009458309508778706
2030-06-22 22:00:00,0.009380427210260913
2030-06-22 23:00:00,0.009352765648141421
2030-06-23 00:00:00,0.00921746282801436
2030-06-23 01:00:00,0.009208280511600617
2030-06-23 02:00:00,0.0092526620460954
2030-06-23 03:00:00,0.009297459786969272
2030-06-23 04:00:00,0.00932042786782869
2030-06-23 05:00:00,0.009446675736925248
2030-06-23 06:00:00,0.010663483944456056
2030-06-23 07:00:00,18.936317015991076
2030-06-23 08:00:00,42.71484504017741
2030-06-23 09:00:00,71.41947906963982
2030-06-23 10:00:00,105.42173041654918
2030-06-23 11:00:00,133.97664625246185
2030-06-23 12:00:00,126.7180456592448
2030-06-23 13:00:00,67.30877858132762
2030-06-23 14:00:00,46.804646771258945
2030-06-23 15:00:00,22.523495179111226
2030-06-23 16:00:00,0.01332805664363927
2030-06-23 17:00:00,0.011932074416712632
2030-06-23 18:00:00,0.010715133973989446
2030-06-23 19:00:00,0.010502450386177677
2030-06-23 20:00:00,0.01021642369682782
2030-06-23 21:00:00,0.009866415051786634
2030-06-23 22:00:00,0.009577166160845772
2030-06-23 23:00:00,0.009263820624282219
2030-06-24 00:00:00,0.00887932758294052
2030-06-24 01:00:00,0.008634762362851675
2030-06-24 02:00:00,0.008406475160671936
2030-06-24 03:00:00,0.008136050557024077
2030-06-24 04:00:00,0.007832569006953971
2030-06-24 05:00:00,0.007491531633798083
2030-06-24 06:00:00,4.663306881516733
2030-06-24 07:00:00,54.52885000992576
2030-06-24 08:00:00,326.0237747806659
2030-06-24 09:00:00,922.4270594239686
2030-06-24 10:00:00,1506.288410630675
2030-06-24 11:00:00,1908.0879231777376
2030-06-24 12:00:00,2025.1040419329051
2030-06-24 13:00:00,1470.1539735859317
2030-06-24 14:00:00,564.7697548568622
2030-06-24 15:00:00,73.58895503911238
2030-06-24 16:00:00,7.776432339263916
2030-06-24 17:00:00,0.007286127768089916
2030-06-24 18:00:00,0.006863676087014761
2030-06-24 19:00:00,0.006991512417642743
2030-06-24 20:00:00,0.00695352328262946
2030-06-24 21:00:00,0.006840437054913905
2030-06-24 22:00:00,0.00669761118902733
2030-06-24 23:00:00,0.00650108816216193
2030-06-25 00:00:00,0.006281555393745267
2030-06-25 01:00:00,0.0060863439947432246
2030-06-25 02:00:00,0.005898197497094271
2030-06-25 03:00:00,0.005715352552346661
2030-06-25 04:00:00,0.005480243512666551
2030-06-25 05:00:00,0.0054380943509915215
2030-06-25 06:00:00,9.530820798686714
2030-06-25 07:00:00,87.03691345556084
2030-06-25 08:00:00,797.684899701401
2030-06-25 09:00:00,1667.918274614456
2030-06-25 10:00:00,2225.905110710155
2030-06-25 11:00:00,2499.908476084891
2030-06-25 12:00:00,2398.3976292573507
2030-06-25 13:00:00,1854.522347438783
2030-06-25 14:00:00,895.0496205102273
2030-06-25 15:00:00,76.89146859801801
2030-06-25 16:00:00,10.523051898336508
2030-06-25 17:00:00,0.006108238883013296
2030-06-25 18:00:00,0.006024748393236561
2030-06-25 19:00:00,0.006255169310694212
2030-06-25 20:00:00,0.006311265171280214
2030-06-25 21:00:00,0.006304641342404906
2030-06-25 22:00:00,0.006219381346812955
2030-06-25 23:00:00,0.006073447800036415
2030-06-26 00:00:00,0.005900737335022164
2030-06-26 01:00:00,0.00575588906612195
2030-06-26 02:00:00,0.005611523203418569
2030-06-26 03:00:00,0.005441422874648799
2030-06-26 04:00:00,0.005239357777870617
2030-06-26 05:00:00,0.005019541249812519
2030-06-26 06:00:00,5.803102707819805
2030-06-26 07:00:00,63.18203443901569
2030-06-26 08:00:00,829.2039424975017
2030-06-26 09:00:00,1751.0179582609085
2030-06-26 10:00:00,2363.7851907046274
2030-06-26 11:00:00,2542.110435191711
2030-06-26 12:00:00,2372.7599496532102
2030-06-26 13:00:00,1798.0907599178565
2030-06-26 14:00:00,754.1154801815658
2030-06-26 15:00:00,53.55098544981734
2030-06-26 16:00:00,5.220176235662045
2030-06-26 17:00:00,0.0060962772218654
2030-06-26 18:00:00,0.006073061757562434
2030-06-26 19:00:00,0.006343096462822316
2030-06-26 20:00:00,0.006470649548828158
2030-06-26 21:00:00,0.006505669791971919
2030-06-26 22:00:00,0.006488406379003871
2030-06-26 23:00:00,0.006411531945022993
2030-06-27 00:00:00,0.006325832694307842
2030-06-27 01:00:00,0.006235731470478423
2030-06-27 02:00:00,0.006162341727256692
2030-06-27 03:00:00,0.006115486112097385
2030-06-27 04:00:00,0.006058869729013946
2030-06-27 05:00:00,0.0060580425852364665
2030-06-27 06:00:00,8.099920601879843
2030-06-27 07:00:00,75.28278549543154
2030-06-27 08:00:00,594.9576791079741
2030-06-27 09:00:00,1136.8575819275036
2030-06-27 10:00:00,1365.5140376959944
2030-06-27 11:00:00,1547.087473520126
2030-06-27 12:00:00,1371.8114511999827
2030-06-27 13:00:00,723.3341542735252
2030-06-27 14:00:00,252.66972861401402
2030-06-27 15:00:00,46.08174099657169
2030-06-27 16:00:00,0.009486482432994981
2030-06-27 17:00:00,0.008415377367273475
2030-06-27 18:00:00,0.00784330358012143
2030-06-27 19:00:00,0.007910339234666327
2030-06-27 20:00:00,0.00786201812356157
2030-06-27 21:00:00,0.007776155147043336
2030-06-27 22:00:00,0.007624949082284236
2030-06-27 23:00:00,0.007448751975346582
2030-06-28 00:00:00,0.007277448897149924
2030-06-28 01:00:00,0.00709630368727712
2030-06-28 02:00:00,0.0069942351640368315
2030-06-28 03:00:00,0.006803193785562862
2030-06-28 04:00:00,0.006662298967164568
2030-06-28 05:00:00,0.006726383437695321
2030-06-28 06:00:00,18.958812216469216
2030-06-28 07:00:00,159.35301341444128
2030-06-28 08:00:00,673.7081308635422
2030-06-28 09:00:00,1143.3733223697723
2030-06-28 10:00:00,1500.1683529658103
2030-06-28 11:00:00,1883.9638232979019
2030-06-28 12:00:00,1934.6006058051405
2030-06-28 13:00:00,1458.9258500842227
2030-06-28 14:00:00,598.2302061223588
2030-06-28 15:00:00,87.37562125923886
2030-06-28 16:00:00,0.008498680638881054
2030-06-28 17:00:00,0.007180966992899981
2030-06-28 18:00:00,0.00692462572792901
2030-06-28 19:00:00,0.0070873652294792715
2030-06-28 20:00:00,0.007088759305779541
2030-06-28 21:00:00,0.00705861115023932
2030-06-28 22:00:00,0.0069647717129695304
2030-06-28 23:00:00,0.00685803671100571
2030-06-29 00:00:00,0.006632029920718086
2030-06-29 01:00:00,0.0065122851128722944
2030-06-29 02:00:00,0.006419374730620667
2030-06-29 03:00:00,0.00640632524271934
2030-06-29 04:00:00,0.0063912569617053435
2030-06-29 05:00:00,0.006473927416333222
2030-06-29 06:00:00,9.67074933873622
2030-06-29 07:00:00,73.72418171751792
2030-06-29 08:00:00,318.37479750022715
2030-06-29 09:00:00,839.8134354135458
2030-06-29 10:00:00,1610.3017289005143
2030-06-29 11:00:00,1988.3398082648862
2030-06-29 12:00:00,2121.3964677317967
2030-06-29 13:00:00,1682.4819325999056
2030-06-29 14:00:00,673.3931746623516
2030-06-29 15:00:00,123.17357857858998
2030-06-29 16:00:00,11.305362444432932
2030-06-29 17:00:00,0.009516705539195895
2030-06-29 18:00:00,0.009089074975926687
2030-06-29 19:00:00,0.009297623655854723
2030-06-29 20:00:00,0.009430275609213654
2030-06-29 21:00:00,0.0093563605985204
2030-06-29 22:00:00,0.00925545872730105
2030-06-29 23:00:00,0.009142349803400066
2030-06-30 00:00:00,0.008952875715177566
2030-06-30 01:00:00,0.008944780416368718
2030-06-30 02:00:00,0.008978510701361096
2030-06-30 03:00:00,0.009116221473069733
2030-06-30 04:00:00,0.009275410491871867
2030-06-30 05:00:00,0.009664348651454916
2030-06-30 06:00:00,4.723716801518363
2030-06-30 07:00:00,36.08827739065767
2030-06-30 08:00:00,111.08083655404275
2030-06-30 09:00:00,181.67121765524226
2030-06-30 10:00:00,218.14812031114678
2030-06-30 11:00:00,396.46029860697587
2030-06-30 12:00:00,544.3020069088868
2030-06-30 13:00:00,161.35574118913172
2030-06-30 14:00:00,137.0763069690196
2030-06-30 15:00:00,34.89941333773845
2030-06-30 16:00:00,1.1462614183490816
2030-06-30 17:00:00,0.9440835433553709
2030-06-30 18:00:00,0.852217105129889
2030-06-30 19:00:00,0.013868713500087101
2030-06-30 20:00:00,0.01354398147997567
2030-06-30 21:00:00,0.013389375081931812
2030-06-30 22:00:00,0.013188039466075264
2030-06-30 23:00:00,0.01299046814036665
2030-07-01 00:00:00,0.01292583147588617
2030-07-01 01:00:00,0.012952738926009948
2030-07-01 02:00:00,0.013097575084050132
2030-07-01 03:00:00,0.01316240185795148
2030-07-01 04:00:00,0.013431366814295406
2030-07-01 05:00:00,0.014006684494418544
2030-07-01 06:00:00,9.329579284819953
2030-07-01 07:00:00,25.796630668581464
2030-07-01 08:00:00,51.77940159133227
2030-07-01 09:00:00,79.0313711962057
2030-07-01 10:00:00,63.0212630311979
2030-07-01 11:00:00,40.946087342893286
2030-07-01 12:00:00,49.2478983254506
2030-07-01 13:00:00,73.06750363648636
2030-07-01 14:00:00,788.884557304016
2030-07-01 15:00:00,301.27551716027966
2030-07-01 16:00:00,1.477349917386098
2030-07-01 17:00:00,1.0795272853414712
2030-07-01 18:00:00,0.9174018051758936
2030-07-01 19:00:00,0.014623301144977828
2030-07-01 20:00:00,0.014107507067127812
2030-07-01 21:00:00,0.01381537712738894
2030-07-01 22:00:00,0.013487646719096255
2030-07-01 23:00:00,0.013030960070182215
2030-07-02 00:00:00,0.01246261475266169
2030-07-02 01:00:00,0.011991671594027606
2030-07-02 02:00:00,0.011502265041336193
2030-07-02 03:00:00,0.011025878423889473
2030-07-02 04:00:00,0.01038182107817863
2030-07-02 05:00:00,0.009662246031842627
2030-07-02 06:00:00,13.62309942578846
2030-07-02 07:00:00,116.76922579463408
2030-07-02 08:00:00,699.3171937604014
2030-07-02 09:00:00,1605.532310773491
2030-07-02 10:00:00,2084.9182802196647
2030-07-02 11:00:00,2145.1004558983846
2030-07-02 12:00:00,1946.149376373925
2030-07-02 13:00:00,1518.978178050209
2030-07-02 14:00:00,998.528224943298
2030-07-02 15:00:00,210.9341222555644
2030-07-02 16:00:00,13.958356837371294
2030-07-02 17:00:00,0.0069192837466003024
2030-07-02 18:00:00,0.0063784591971232365
2030-07-02 19:00:00,0.006508053085387671
2030-07-02 20:00:00,0.006498858049372976
2030-07-02 21:00:00,0.0063936170224226105
2030-07-02 22:00:00,0.0062640595767780504
2030-07-02 23:00:00,0.006098638774246811
2030-07-03 00:00:00,0.005875640240123286
2030-07-03 01:00:00,0.005663245053574932
2030-07-03 02:00:00,0.005467681401902411
2030-07-03 03:00:00,0.005286714695955767
2030-07-03 04:00:00,0.005081030561430933
2030-07-03 05:00:00,0.004910003721289101
2030-07-03 06:00:00,10.605636091698127
2030-07-03 07:00:00,319.5606099397898
2030-07-03 08:00:00,1298.0669445679318
2030-07-03 09:00:00,1969.2500438949592
2030-07-03 10:00:00,2513.949842460182
2030-07-03 11:00:00,2729.486106449347
2030-07-03 12:00:00,2523.428783627598
2030-07-03 13:00:00,2059.0731599688556
2030-07-03 14:00:00,1405.455564188854
2030-07-03 15:00:00,322.7579111533925
2030-07-03 16:00:00,14.483829354404566
2030-07-03 17:00:00,0.006168999556368026
2030-07-03 18:00:00,0.0060612438378468865
2030-07-03 19:00:00,0.006385491543399774
2030-07-03 20:00:00,0.006558633315772671
2030-07-03 21:00:00,0.0067026296895571335
2030-07-03 22:00:00,0.006798002489281474
2030-07-03 23:00:00,0.006873798610511735
2030-07-04 00:00:00,0.006962113689749727
2030-07-04 01:00:00,0.007022869635711342
2030-07-04 02:00:00,0.007120627480248558
2030-07-04 03:00:00,0.007251751664984281
2030-07-04 04:00:00,0.007423382669993826
2030-07-04 05:00:00,0.007677072943506946
2030-07-04 06:00:00,1.9242968880826055
2030-07-04 07:00:00,28.14251372192465
2030-07-04 08:00:00,123.2932411921659
2030-07-04 09:00:00,290.46044855644476
2030-07-04 10:00:00,566.4624756316871
2030-07-04 11:00:00,698.3716234782235
2030-07-04 12:00:00,552.4482501184243
2030-07-04 13:00:00,274.5526190290997
2030-07-04 14:00:00,102.92589736482526
2030-07-04 15:00:00,20.769585180105626
2030-07-04 16:00:00,0.01112847312772847
2030-07-04 17:00:00,0.01027665930098738
2030-07-04 18:00:00,0.009552968753311136
2030-07-04 19:00:00,0.009605718678949115
2030-07-04 20:00:00,0.009442686803238662
2030-07-04 21:00:00,0.00920032177851208
2030-07-04 22:00:00,0.009000815602645602
2030-07-04 23:00:00,0.00877792540319349
2030-07-05 00:00:00,0.00852400401008471
2030-07-05 01:00:00,0.008427071620648926
2030-07-05 02:00:00,0.008316839210146625
2030-07-05 03:00:00,0.00831605292908033
2030-07-05 04:00:00,0.008331311280042754
2030-07-05 05:00:00,0.008440225070832884
2030-07-05 06:00:00,8.993591480182374
2030-07-05 07:00:00,63.10360301461933
2030-07-05 08:00:00,232.37219395675882
2030-07-05 09:00:00,602.9260420463226
2030-07-05 10:00:00,1053.351476211918
2030-07-05 11:00:00,1228.0978450044793
2030-07-05 12:00:00,867.9933419420759
2030-07-05 13:00:00,270.0573154607486
2030-07-05 14:00:00,58.02755611003456
2030-07-05 15:00:00,5.38130082070948
2030-07-05 16:00:00,0.01008393206036702
2030-07-05 17:00:00,0.00905321350705123
2030-07-05 18:00:00,0.008880112896743916
2030-07-05 19:00:00,0.008858850487712537
2030-07-05 20:00:00,0.00870972215492987
2030-07-05 21:00:00,0.008561183269595814
2030-07-05 22:00:00,0.008464146887232012
2030-07-05 23:00:00,0.008292957611043471
2030-07-06 00:00:00,0.008470808270453517
2030-07-06 01:00:00,0.008275630579238356
2030-07-06 02:00:00,0.008308685722616454
2030-07-06 03:00:00,0.008320653007629904
2030-07-06 04:00:00,0.00800935594588047
2030-07-06 05:00:00,0.007891906960063085
2030-07-06 06:00:00,10.71157698233184
2030-07-06 07:00:00,103.59247540475802
2030-07-06 08:00:00,486.87690529295435
2030-07-06 09:00:00,934.305966109496
2030-07-06 10:00:00,1283.3916412181993
2030-07-06 11:00:00,1423.586616707605
2030-07-06 12:00:00,1292.271190872465
2030-07-06 13:00:00,976.9773739230693
2030-07-06 14:00:00,550.6760760607987
2030-07-06 15:00:00,84.45621515449187
2030-07-06 16:00:00,0.008522868163380633
2030-07-06 17:00:00,0.007581639681669445
2030-07-06 18:00:00,0.006944320772051302
2030-07-06 19:00:00,0.006977558337270276
2030-07-06 20:00:00,0.0068792083224413665
2030-07-06 21:00:00,0.00678274127740335
2030-07-06 22:00:00,0.006677688807317026
2030-07-06 23:00:00,0.006523255398394974
2030-07-07 00:00:00,0.006388543016712718
2030-07-07 01:00:00,0.0062474910466225235
2030-07-07 02:00:00,0.006140975997876724
2030-07-07 03:00:00,0.006089327554336289
2030-07-07 04:00:00,0.0059475666084543004
2030-07-07 05:00:00,0.005900971656625736
2030-07-07 06:00:00,31.50397091157156
2030-07-07 07:00:00,412.95894915596347
2030-07-07 08:00:00,980.1313041964938
2030-07-07 09:00:00,1537.8330743964932
2030-07-07 10:00:00,2115.859132103
2030-07-07 11:00:00,2594.9097916200662
2030-07-07 12:00:00,2691.002895592222
2030-07-07 13:00:00,2258.9365558755617
2030-07-07 14:00:00,1582.1978640223433
2030-07-07 15:00:00,684.9424410618725
2030-07-07 16:00:00,33.74439724218302
2030-07-07 17:00:00,0.006735959673238328
2030-07-07 18:00:00,0.006053637794979111
2030-07-07 19:00:00,0.006192589250338155
2030-07-07 20:00:00,0.006294971272349863
2030-07-07 21:00:00,0.006309470474741214
2030-07-07 22:00:00,0.006308234793072987
2030-07-07 23:00:00,0.006291137954867854
2030-07-08 00:00:00,0.006178611332899139
2030-07-08 01:00:00,0.006189884927825925
2030-07-08 02:00:00,0.006094321757266359
2030-07-08 03:00:00,0.006030520568482221
2030-07-08 04:00:00,0.006001334050673535
2030-07-08 05:00:00,0.006164179069071311
2030-07-08 06:00:00,25.669255475694843
2030-07-08 07:00:00,360.6646646997027
2030-07-08 08:00:00,940.2206194594238
2030-07-08 09:00:00,1266.9485479099646
2030-07-08 10:00:00,1542.3795470679856
2030-07-08 11:00:00,1702.2180210311371
2030-07-08 12:00:00,1769.28686358765
2030-07-08 13:00:00,1423.578352382942
2030-07-08 14:00:00,924.3437337087258
2030-07-08 15:00:00,170.21776284353905
2030-07-08 16:00:00,6.846339681048515
2030-07-08 17:00:00,0.007058543979515027
2030-07-08 18:00:00,0.006616339420939421
2030-07-08 19:00:00,0.006712573594507094
2030-07-08 20:00:00,0.00668977377324791
2030-07-08 21:00:00,0.006608366721942197
2030-07-08 22:00:00,0.006519363356808562
2030-07-08 23:00:00,0.006378906104308826
2030-07-09 00:00:00,0.006178295837674433
2030-07-09 01:00:00,0.0060001840013314284
2030-07-09 02:00:00,0.00584908105983248
2030-07-09 03:00:00,0.005685248542656098
2030-07-09 04:00:00,0.0055006007498323425
2030-07-09 05:00:00,0.0053814364572731775
2030-07-09 06:00:00,9.815702425096708
2030-07-09 07:00:00,143.54018282355457
2030-07-09 08:00:00,826.4377983605119
2030-07-09 09:00:00,1393.835398754618
2030-07-09 10:00:00,1594.1341427926493
2030-07-09 11:00:00,1803.0141131344303
2030-07-09 12:00:00,1853.9658852830275
2030-07-09 13:00:00,1490.0950314396844
2030-07-09 14:00:00,935.6394899541526
2030-07-09 15:00:00,157.55312551990053
2030-07-09 16:00:00,11.721696059676624
2030-07-09 17:00:00,0.005763770868714568
2030-07-09 18:00:00,0.005573928079591569
2030-07-09 19:00:00,0.0057345995796600525
2030-07-09 20:00:00,0.0057314737206044415
2030-07-09 21:00:00,0.005664212740982239
2030-07-09 22:00:00,0.005562909517051287
2030-07-09 23:00:00,0.0054326978551479
2030-07-10 00:00:00,0.005244507888632099
2030-07-10 01:00:00,0.005082823005162697
2030-07-10 02:00:00,0.0049208316053609095
2030-07-10 03:00:00,0.004739334028907074
2030-07-10 04:00:00,0.004531536419323572
2030-07-10 05:00:00,0.004382288523594776
2030-07-10 06:00:00,11.62029704379297
2030-07-10 07:00:00,335.9344909910088
2030-07-10 08:00:00,1520.3725702684253
2030-07-10 09:00:00,2378.3404819180455
2030-07-10 10:00:00,2885.1430997334746
2030-07-10 11:00:00,3226.0361934748908
2030-07-10 12:00:00,3146.451113989947
2030-07-10 13:00:00,2649.6013043131757
2030-07-10 14:00:00,1808.0425179329127
2030-07-10 15:00:00,463.18922691054826
2030-07-10 16:00:00,18.44712089210749
2030-07-10 17:00:00,0.004959967801804544
2030-07-10 18:00:00,0.005036697804748479
2030-07-10 19:00:00,0.005316205993965499
2030-07-10 20:00:00,0.005499531305261706
2030-07-10 21:00:00,0.0056207016136464935
2030-07-10 22:00:00,0.005682427327753481
2030-07-10 23:00:00,0.005702776545649862
2030-07-11 00:00:00,0.005684222271337941
2030-07-11 01:00:00,0.005663765920817685
2030-07-11 02:00:00,0.0056310427356421645
2030-07-11 03:00:00,0.005595292744817719
2030-07-11 04:00:00,0.005542775992133295
2030-07-11 05:00:00,0.005496301869925767
2030-07-11 06:00:00,4.96910007625995
2030-07-11 07:00:00,61.819269224322596
2030-07-11 08:00:00,587.3508694710625
2030-07-11 09:00:00,1529.3347497683558
2030-07-11 10:00:00,1953.5305800344427
2030-07-11 11:00:00,2210.6933053376665
2030-07-11 12:00:00,2083.950267586176
2030-07-11 13:00:00,1401.4919559351697
2030-07-11 14:00:00,347.79583963010924
2030-07-11 15:00:00,44.54649987051318
2030-07-11 16:00:00,0.008220706698879365
2030-07-11 17:00:00,0.007823183051426015
2030-07-11 18:00:00,0.007554111470836929
2030-07-11 19:00:00,0.007755048013340069
2030-07-11 20:00:00,0.007778995546545112
2030-07-11 21:00:00,0.007724723850242235
2030-07-11 22:00:00,0.007652134954232495
2030-07-11 23:00:00,0.007483244748699239
2030-07-12 00:00:00,0.007319275198663784
2030-07-12 01:00:00,0.0071465413016300735
2030-07-12 02:00:00,0.007032659602696013
2030-07-12 03:00:00,0.006912113666689829
2030-07-12 04:00:00,0.006796585004448996
2030-07-12 05:00:00,0.006656717297647588
2030-07-12 06:00:00,4.3543540778252625
2030-07-12 07:00:00,55.93389821768867
2030-07-12 08:00:00,418.5876505578593
2030-07-12 09:00:00,1099.7050007063872
2030-07-12 10:00:00,1554.2269511238303
2030-07-12 11:00:00,1845.5379720358292
2030-07-12 12:00:00,1851.589546510124
2030-07-12 13:00:00,1034.4412429586282
2030-07-12 14:00:00,192.59789641708377
2030-07-12 15:00:00,38.12770113498196
2030-07-12 16:00:00,0.00909099480772166
2030-07-12 17:00:00,0.008688195842294478
2030-07-12 18:00:00,0.008275679758881077
2030-07-12 19:00:00,0.008400708638093685
2030-07-12 20:00:00,0.008417173973901754
2030-07-12 21:00:00,0.008358957610811873
2030-07-12 22:00:00,0.008303207395541625
2030-07-12 23:00:00,0.00819847120976749
2030-07-13 00:00:00,0.008077231813095382
2030-07-13 01:00:00,0.007974555804864893
2030-07-13 02:00:00,0.007917511629387355
2030-07-13 03:00:00,0.007884553525262964
2030-07-13 04:00:00,0.00788081021521771
2030-07-13 05:00:00,0.007965553831306134
2030-07-13 06:00:00,4.594327616354423
2030-07-13 07:00:00,48.70515882920583
2030-07-13 08:00:00,254.41549209877275
2030-07-13 09:00:00,887.1149121317859
2030-07-13 10:00:00,1699.4746031160635
2030-07-13 11:00:00,1822.2879327997778
2030-07-13 12:00:00,1311.9473210942995
2030-07-13 13:00:00,531.6994819476723
2030-07-13 14:00:00,98.30807429401166
2030-07-13 15:00:00,31.279321236913063
2030-07-13 16:00:00,0.011687404644317358
2030-07-13 17:00:00,0.011000635718563592
2030-07-13 18:00:00,0.010651999099107815
2030-07-13 19:00:00,0.010967688674286111
2030-07-13 20:00:00,0.011004350873611306
2030-07-13 21:00:00,0.010967921779683615
2030-07-13 22:00:00,0.010970835610315935
2030-07-13 23:00:00,0.01079547728985699
2030-07-14 00:00:00,0.010737333837532123
2030-07-14 01:00:00,0.010637911842300937
2030-07-14 02:00:00,0.010657641735198432
2030-07-14 03:00:00,0.010723957503696991
2030-07-14 04:00:00,0.01082218135605491
2030-07-14 05:00:00,0.010959310203168447
2030-07-14 06:00:00,0.012544582476130862
2030-07-14 07:00:00,21.084123539864052
2030-07-14 08:00:00,39.145615116098504
2030-07-14 09:00:00,56.76099502223888
2030-07-14 10:00:00,93.29310271718009
2030-07-14 11:00:00,274.19626732932005
2030-07-14 12:00:00,273.1510905179948
2030-07-14 13:00:00,87.55268661486737
2030-07-14 14:00:00,47.56849139626211
2030-07-14 15:00:00,28.32758551658037
2030-07-14 16:00:00,0.015156054067073921
2030-07-14 17:00:00,0.013765938321899533
2030-07-14 18:00:00,0.012998355682545404
2030-07-14 19:00:00,0.013001335047098366
2030-07-14 20:00:00,0.012843018495451376
2030-07-14 21:00:00,0.012594143008289857
2030-07-14 22:00:00,0.012351123436030235
2030-07-14 23:00:00,0.01205915767631473
2030-07-15 00:00:00,0.01175100439093723
2030-07-15 01:00:00,0.011459750864498321
2030-07-15 02:00:00,0.011310259451844008
2030-07-15 03:00:00,0.011135787849243312
2030-07-15 04:00:00,0.011015193236771942
2030-07-15 05:00:00,0.010744391397822472
2030-07-15 06:00:00,0.011853245351070983
2030-07-15 07:00:00,22.203857978239363
2030-07-15 08:00:00,66.17547840326628
2030-07-15 09:00:00,224.63138496787624
2030-07-15 10:00:00,587.8153964923589
2030-07-15 11:00:00,1015.8348518409717
2030-07-15 12:00:00,1217.2155481973873
2030-07-15 13:00:00,845.764786658004
2030-07-15 14:00:00,357.56123841737946
2030-07-15 15:00:00,82.24000301592432
2030-07-15 16:00:00,7.206838737068579
2030-07-15 17:00:00,0.010708444835746848
2030-07-15 18:00:00,0.009738598734399355
2030-07-15 19:00:00,0.009635597423781325
2030-07-15 20:00:00,0.009402061424382258
2030-07-15 21:00:00,0.009084433556945598
2030-07-15 22:00:00,0.008780691628265794
2030-07-15 23:00:00,0.008386226068814794
2030-07-16 00:00:00,0.00792976594497323
2030-07-16 01:00:00,0.007531432040194385
2030-07-16 02:00:00,0.007124397425051143
2030-07-16 03:00:00,0.006742781318299701
2030-07-16 04:00:00,0.006329197712590622
2030-07-16 05:00:00,0.005906239197935351
2030-07-16 06:00:00,5.74628096925532
2030-07-16 07:00:00,208.9592670374423
2030-07-16 08:00:00,1254.7140545465954
2030-07-16 09:00:00,1993.3081603273804
2030-07-16 10:00:00,2308.3427381815673
2030-07-16 11:00:00,2406.7136295271625
2030-07-16 12:00:00,2301.3755479233873
2030-07-16 13:00:00,1817.9496636488725
2030-07-16 14:00:00,1068.0683383957496
2030-07-16 15:00:00,201.11313877010676
2030-07-16 16:00:00,11.81372012913312
2030-07-16 17:00:00,0.004719323098757825
2030-07-16 18:00:00,0.004670885734469709
2030-07-16 19:00:00,0.004794624870484303
2030-07-16 20:00:00,0.004821793889383797
2030-07-16 21:00:00,0.004818505661748251
2030-07-16 22:00:00,0.004787288117372794
2030-07-16 23:00:00,0.004730151743052151
2030-07-17 00:00:00,0.0046895467910762784
2030-07-17 01:00:00,0.004610778041685219
2030-07-17 02:00:00,0.00451235701323194
2030-07-17 03:00:00,0.004380585067234608
2030-07-17 04:00:00,0.0042573073130086035
2030-07-17 05:00:00,0.004178723977441042
2030-07-17 06:00:00,9.31593969190434
2030-07-17 07:00:00,315.7628131359727
2030-07-17 08:00:00,1372.1399636020685
2030-07-17 09:00:00,2113.1612379187736
2030-07-17 10:00:00,2694.315303711762
2030-07-17 11:00:00,3034.1964133333668
2030-07-17 12:00:00,3048.46688259053
2030-07-17 13:00:00,2646.6745550387836
2030-07-17 14:00:00,1880.0125696980233
2030-07-17 15:00:00,533.1989045563764
2030-07-17 16:00:00,18.84051223426354
2030-07-17 17:00:00,0.004607347263421522
2030-07-17 18:00:00,0.004745859820283331
2030-07-17 19:00:00,0.005023024092578621
2030-07-17 20:00:00,0.005210976711817946
2030-07-17 21:00:00,0.005327500661604171
2030-07-17 22:00:00,0.005394234212482248
2030-07-17 23:00:00,0.005419793333698382
2030-07-18 00:00:00,0.005409893083246915
2030-07-18 01:00:00,0.005380839455930242
2030-07-18 02:00:00,0.005343073266752601
2030-07-18 03:00:00,0.005270179890929023
2030-07-18 04:00:00,0.005181819336605939
2030-07-18 05:00:00,0.005129642160147612
2030-07-18 06:00:00,6.648746926327139
2030-07-18 07:00:00,52.79745867590633
2030-07-18 08:00:00,474.9373841733993
2030-07-18 09:00:00,1339.964233784303
2030-07-18 10:00:00,2056.20446563234
2030-07-18 11:00:00,2270.578576764313
2030-07-18 12:00:00,1999.5094536025008
2030-07-18 13:00:00,1388.556591202749
2030-07-18 14:00:00,332.8412564990712
2030-07-18 15:00:00,32.313791140324525
2030-07-18 16:00:00,3.136792531496611
2030-07-18 17:00:00,0.006836424557091959
2030-07-18 18:00:00,0.006979599401733583
2030-07-18 19:00:00,0.007342805712516456
2030-07-18 20:00:00,0.007494127261748754
2030-07-18 21:00:00,0.0075259503954893826
2030-07-18 22:00:00,0.007510188778617112
2030-07-18 23:00:00,0.007437397663040434
2030-07-19 00:00:00,0.007320152707921306
2030-07-19 01:00:00,0.007198813031233535
2030-07-19 02:00:00,0.007107056736879593
2030-07-19 03:00:00,0.006993754163846918
2030-07-19 04:00:00,0.0069040636909562594
2030-07-19 05:00:00,0.006772317575780823
2030-07-19 06:00:00,0.007198711714055327
2030-07-19 07:00:00,21.96893274020063
2030-07-19 08:00:00,80.20841234907583
2030-07-19 09:00:00,408.5930750515487
2030-07-19 10:00:00,1085.154267101044
2030-07-19 11:00:00,1464.7774459106902
2030-07-19 12:00:00,1493.3610332113785
2030-07-19 13:00:00,842.206173137301
2030-07-19 14:00:00,179.82614881056512
2030-07-19 15:00:00,39.14817641659552
2030-07-19 16:00:00,2.7304745228744562
2030-07-19 17:00:00,0.008138882973658966
2030-07-19 18:00:00,0.007815732040988762
2030-07-19 19:00:00,0.007975931865218507
2030-07-19 20:00:00,0.007964959320757112
2030-07-19 21:00:00,0.00786582386753042
2030-07-19 22:00:00,0.007780370493645385
2030-07-19 23:00:00,0.007624017225529381
2030-07-20 00:00:00,0.007466552178034222
2030-07-20 01:00:00,0.007272568079771438
2030-07-20 02:00:00,0.007110418147358128
2030-07-20 03:00:00,0.006955911590124526
2030-07-20 04:00:00,0.0067421569218723346
2030-07-20 05:00:00,0.006601327286751115
2030-07-20 06:00:00,3.613792314206528
2030-07-20 07:00:00,43.301635362034716
2030-07-20 08:00:00,284.3070650070575
2030-07-20 09:00:00,1139.7665008875983
2030-07-20 10:00:00,1984.4192518757654
2030-07-20 11:00:00,2211.317831522655
2030-07-20 12:00:00,2170.475931572503
2030-07-20 13:00:00,1722.732409334942
2030-07-20 14:00:00,626.5131546571686
2030-07-20 15:00:00,39.157650579320105
2030-07-20 16:00:00,5.21550913924134
2030-07-20 17:00:00,0.008762696012656262
2030-07-20 18:00:00,0.008676307151438474
2030-07-20 19:00:00,0.00903484173547748
2030-07-20 20:00:00,0.00913146171599415
2030-07-20 21:00:00,0.009107898382267627
2030-07-20 22:00:00,0.009080003329349374
2030-07-20 23:00:00,0.008916145991724096
2030-07-21 00:00:00,0.00871240314614323
2030-07-21 01:00:00,0.008547702757656424
2030-07-21 02:00:00,0.008465398324157701
2030-07-21 03:00:00,0.008354231862244568
2030-07-21 04:00:00,0.008288899660269116
2030-07-21 05:00:00,0.008297983289628068
2030-07-21 06:00:00,0.009943034633640001
2030-07-21 07:00:00,29.879254766273178
2030-07-21 08:00:00,90.20845760863878
2030-07-21 09:00:00,661.8296440685905
2030-07-21 10:00:00,1224.721210769868
2030-07-21 11:00:00,1574.5836447249876
2030-07-21 12:00:00,1441.3994083336577
2030-07-21 13:00:00,1013.5361975944559
2030-07-21 14:00:00,85.31872907025286
2030-07-21 15:00:00,26.702230974807062
2030-07-21 16:00:00,0.01305136396197011
2030-07-21 17:00:00,0.012229189011646564
2030-07-21 18:00:00,0.011834516723791232
2030-07-21 19:00:00,0.01207182391414648
2030-07-21 20:00:00,0.012016349051132127
2030-07-21 21:00:00,0.011927294125051684
2030-07-21 22:00:00,0.011866049748175922
2030-07-21 23:00:00,0.011634611341036381
2030-07-22 00:00:00,0.011422361442578096
2030-07-22 01:00:00,0.011302775844385389
2030-07-22 02:00:00,0.011195386151366938
2030-07-22 03:00:00,0.011186160984187607
2030-07-22 04:00:00,0.01112037460470324
2030-07-22 05:00:00,0.011183612341756747
2030-07-22 06:00:00,0.012599533418246735
2030-07-22 07:00:00,23.451117346044143
2030-07-22 08:00:00,56.231901707438894
2030-07-22 09:00:00,113.0915415559218
2030-07-22 10:00:00,295.8865816607154
2030-07-22 11:00:00,475.462505320572
2030-07-22 12:00:00,605.6125916887139
2030-07-22 13:00:00,264.2294483069063
2030-07-22 14:00:00,65.67365695538727
2030-07-22 15:00:00,28.92744961030938
2030-07-22 16:00:00,0.01449852188279742
2030-07-22 17:00:00,0.013254690986244815
2030-07-22 18:00:00,0.012515167462003039
2030-07-22 19:00:00,0.012501578018720177
2030-07-22 20:00:00,0.012347233114927986
2030-07-22 21:00:00,0.01208338286565511
2030-07-22 22:00:00,0.011797766390745042
2030-07-22 23:00:00,0.011476934970919247
2030-07-23 00:00:00,0.011027314682488666
2030-07-23 01:00:00,0.010671757536637037
2030-07-23 02:00:00,0.010419445529975306
2030-07-23 03:00:00,0.01020121016451378
2030-07-23 04:00:00,0.009871147594916951
2030-07-23 05:00:00,0.00934761435687919
2030-07-23 06:00:00,0.952292095760987
2030-07-23 07:00:00,36.0536506457602
2030-07-23 08:00:00,241.91577382575414
2030-07-23 09:00:00,923.2482344842776
2030-07-23 10:00:00,1535.2340997097167
2030-07-23 11:00:00,1916.7346294760007
2030-07-23 12:00:00,1992.7695621231987
2030-07-23 13:00:00,1697.3030771820172
2030-07-23 14:00:00,704.1226875474596
2030-07-23 15:00:00,76.45048572978827
2030-07-23 16:00:00,13.036424159033407
2030-07-23 17:00:00,0.007423726386180636
2030-07-23 18:00:00,0.007053463865001601
2030-07-23 19:00:00,0.007251313167952371
2030-07-23 20:00:00,0.007277619357450233
2030-07-23 21:00:00,0.007222538375247398
2030-07-23 22:00:00,0.007124383209842502
2030-07-23 23:00:00,0.006951664603483745
2030-07-24 00:00:00,0.006718804949546506
2030-07-24 01:00:00,0.006489010853382916
2030-07-24 02:00:00,0.006272194239660733
2030-07-24 03:00:00,0.006057294247921192
2030-07-24 04:00:00,0.0058300134455438295
2030-07-24 05:00:00,0.005565101081782131
2030-07-24 06:00:00,0.005857779231587569
2030-07-24 07:00:00,33.68379707218028
2030-07-24 08:00:00,365.5781164587144
2030-07-24 09:00:00,1427.0392333201635
2030-07-24 10:00:00,2060.0573787244602
2030-07-24 11:00:00,2346.1449715864687
2030-07-24 12:00:00,2225.4460287972765
2030-07-24 13:00:00,1727.8610883246472
2030-07-24 14:00:00,736.962719479333
2030-07-24 15:00:00,71.12403588885678
2030-07-24 16:00:00,10.801315007767219
2030-07-24 17:00:00,0.006521346052708571
2030-07-24 18:00:00,0.006494589078930956
2030-07-24 19:00:00,0.006814214910464484
2030-07-24 20:00:00,0.006981289966272292
2030-07-24 21:00:00,0.007076975599414961
2030-07-24 22:00:00,0.007112797223450469
2030-07-24 23:00:00,0.007107923326478168
2030-07-25 00:00:00,0.00703214435664856
2030-07-25 01:00:00,0.006961962907484463
2030-07-25 02:00:00,0.006935297663529417
2030-07-25 03:00:00,0.00690098901079182
2030-07-25 04:00:00,0.006861787864117218
2030-07-25 05:00:00,0.0068234567690525876
2030-07-25 06:00:00,0.007657110418576902
2030-07-25 07:00:00,33.89670781893603
2030-07-25 08:00:00,153.38240659117994
2030-07-25 09:00:00,777.8184871826869
2030-07-25 10:00:00,1373.292888966954
2030-07-25 11:00:00,1589.4228953502798
2030-07-25 12:00:00,1402.2265347105517
2030-07-25 13:00:00,796.0060518995798
2030-07-25 14:00:00,90.12127352781229
2030-07-25 15:00:00,26.15975938562493
2030-07-25 16:00:00,0.011222249429287401
2030-07-25 17:00:00,0.010470332834383714
2030-07-25 18:00:00,0.010324124365359379
2030-07-25 19:00:00,0.01051915772965808
2030-07-25 20:00:00,0.010512014310160769
2030-07-25 21:00:00,0.010436515174804524
2030-07-25 22:00:00,0.01029432143318934
2030-07-25 23:00:00,0.01003868209022071
2030-07-26 00:00:00,0.00967046283667913
2030-07-26 01:00:00,0.009441969430636802
2030-07-26 02:00:00,0.00924486112366851
2030-07-26 03:00:00,0.009104654905844674
2030-07-26 04:00:00,0.00892155762642377
2030-07-26 05:00:00,0.008746668625883091
2030-07-26 06:00:00,0.009309653903012676
2030-07-26 07:00:00,19.58599545257503
2030-07-26 08:00:00,100.42444986166988
2030-07-26 09:00:00,507.0815880664697
2030-07-26 10:00:00,959.1550840780995
2030-07-26 11:00:00,1249.081866728187
2030-07-26 12:00:00,1226.0801451022746
2030-07-26 13:00:00,765.5559167099692
2030-07-26 14:00:00,310.56797345969693
2030-07-26 15:00:00,72.96127766280027
2030-07-26 16:00:00,0.3384031637134092
2030-07-26 17:00:00,0.009029902013399985
2030-07-26 18:00:00,0.008439760860506445
2030-07-26 19:00:00,0.008558915747470404
2030-07-26 20:00:00,0.00855779362426446
2030-07-26 21:00:00,0.008420889692160313
2030-07-26 22:00:00,0.008339274759604975
2030-07-26 23:00:00,0.008159280196781383
2030-07-27 00:00:00,0.007808719375728789
2030-07-27 01:00:00,0.007566581723151479
2030-07-27 02:00:00,0.00744883116411291
2030-07-27 03:00:00,0.007304241840233003
2030-07-27 04:00:00,0.007178054176960812
2030-07-27 05:00:00,0.006999913565995201
2030-07-27 06:00:00,5.690915774551323
2030-07-27 07:00:00,68.43939908513725
2030-07-27 08:00:00,342.40120113138516
2030-07-27 09:00:00,940.6013814117716
2030-07-27 10:00:00,1707.8202351821699
2030-07-27 11:00:00,2035.0090718067015
2030-07-27 12:00:00,1811.3629342813447
2030-07-27 13:00:00,1045.7578735106947
2030-07-27 14:00:00,290.06887079495476
2030-07-27 15:00:00,54.96428838159372
2030-07-27 16:00:00,0.008055511437568906
2030-07-27 17:00:00,0.007357700341255654
2030-07-27 18:00:00,0.006980189110864262
2030-07-27 19:00:00,0.007124990850050602
2030-07-27 20:00:00,0.007264305696227857
2030-07-27 21:00:00,0.007295484960085469
2030-07-27 22:00:00,0.007207781283686103
2030-07-27 23:00:00,0.00707846580230077
2030-07-28 00:00:00,0.007008189100463448
2030-07-28 01:00:00,0.006871715771171972
2030-07-28 02:00:00,0.006831874050301192
2030-07-28 03:00:00,0.006736732585462169
2030-07-28 04:00:00,0.0066340002461574895
2030-07-28 05:00:00,0.006587598144791814
2030-07-28 06:00:00,7.024391969323251
2030-07-28 07:00:00,74.68540117391478
2030-07-28 08:00:00,383.75886658962247
2030-07-28 09:00:00,1081.5366987667874
2030-07-28 10:00:00,1901.6546515051289
2030-07-28 11:00:00,2223.3715812155983
2030-07-28 12:00:00,2044.0682395293934
2030-07-28 13:00:00,1320.5772996528824
2030-07-28 14:00:00,300.2452413201415
2030-07-28 15:00:00,52.842285300014794
2030-07-28 16:00:00,0.009088123828391505
2030-07-28 17:00:00,0.008428295255141431
2030-07-28 18:00:00,0.008225155632617324
2030-07-28 19:00:00,0.00849872985866635
2030-07-28 20:00:00,0.008680366660945599
2030-07-28 21:00:00,0.008750235362948893
2030-07-28 22:00:00,0.008746774133952251
2030-07-28 23:00:00,0.00865935636013478
2030-07-29 00:00:00,0.008509518583797004
2030-07-29 01:00:00,0.008410874168464796
2030-07-29 02:00:00,0.008412252072574592
2030-07-29 03:00:00,0.008417124800232188
2030-07-29 04:00:00,0.008430936298610258
2030-07-29 05:00:00,0.008505993745382348
2030-07-29 06:00:00,0.009860906679798463
2030-07-29 07:00:00,29.93314238541742
2030-07-29 08:00:00,92.07613801724126
2030-07-29 09:00:00,270.5157549706537
2030-07-29 10:00:00,854.8383430211829
2030-07-29 11:00:00,1069.0010646781302
2030-07-29 12:00:00,1019.1607099347624
2030-07-29 13:00:00,303.6494959656872
2030-07-29 14:00:00,50.57512294857866
2030-07-29 15:00:00,19.382045504230675
2030-07-29 16:00:00,0.8528973968445845
2030-07-29 17:00:00,0.7216529198648913
2030-07-29 18:00:00,0.012554052261059458
2030-07-29 19:00:00,0.012646213268644884
2030-07-29 20:00:00,0.01265382076265912
2030-07-29 21:00:00,0.012576719930606689
2030-07-29 22:00:00,0.012386247555326
2030-07-29 23:00:00,0.012103414657219234
2030-07-30 00:00:00,0.011718096637460818
2030-07-30 01:00:00,0.011451633257247613
2030-07-30 02:00:00,0.011281206535754809
2030-07-30 03:00:00,0.011087848461666827
2030-07-30 04:00:00,0.010956233067997322
2030-07-30 05:00:00,0.010984593185471675
2030-07-30 06:00:00,0.012802813273072072
2030-07-30 07:00:00,24.19620528753488
2030-07-30 08:00:00,71.10297092505145
2030-07-30 09:00:00,325.62946604809673
2030-07-30 10:00:00,1196.792335841281
2030-07-30 11:00:00,1193.6802193686383
2030-07-30 12:00:00,1263.0228929627028
2030-07-30 13:00:00,426.62862071578724
2030-07-30 14:00:00,78.6179428861749
2030-07-30 15:00:00,29.53606037181077
2030-07-30 16:00:00,0.01451249262592167
2030-07-30 17:00:00,0.012689441018373836
2030-07-30 18:00:00,0.012078034065423382
2030-07-30 19:00:00,0.012250945014223157
2030-07-30 20:00:00,0.012223378576184232
2030-07-30 21:00:00,0.012062055299297785
2030-07-30 22:00:00,0.011898274773193562
2030-07-30 23:00:00,0.011602451262758752
2030-07-31 00:00:00,0.011244783753833549
2030-07-31 01:00:00,0.010951125473486638
2030-07-31 02:00:00,0.010729429577435522
2030-07-31 03:00:00,0.01050605724726863
2030-07-31 04:00:00,0.01031643462626389
2030-07-31 05:00:00,0.010118836923914607
2030-07-31 06:00:00,3.7165798118443867
2030-07-31 07:00:00,26.155531151392992
2030-07-31 08:00:00,132.95713011917204
2030-07-31 09:00:00,1065.0453099456497
2030-07-31 10:00:00,1904.489126050477
2030-07-31 11:00:00,1979.4142685889005
2030-07-31 12:00:00,1908.663328499923
2030-07-31 13:00:00,1022.9784461094658
2030-07-31 14:00:00,102.93452751107765
2030-07-31 15:00:00,6.676144799803674
2030-07-31 16:00:00,0.00023469428006578792
2030-07-31 17:00:00,0.00023855526229154847
2030-07-31 18:00:00,0.00022597408485070208
2030-07-31 19:00:00,0.0002364592743749544
2030-07-31 20:00:00,0.000241357148968073
2030-07-31 21:00:00,0.000245113568114227
2030-07-31 22:00:00,0.0002463738628650429
2030-07-31 23:00:00,0.00024198420217228276
2030-08-01 00:00:00,0.00023677372001861902
2030-08-01 01:00:00,0.0002331270590975216
2030-08-01 02:00:00,0.00023469718884276864
2030-08-01 03:00:00,0.00023826984887238264
2030-08-01 04:00:00,0.00024662608554386177
2030-08-01 05:00:00,0.00025959327248563965
2030-08-01 06:00:00,0.0003344160647435262
2030-08-01 07:00:00,0.0004707349090277208
2030-08-01 08:00:00,0.0006171321932297223
2030-08-01 09:00:00,0.0006607200209493768
2030-08-01 10:00:00,0.0020807594093061807
2030-08-01 11:00:00,0.005998872336212418
2030-08-01 12:00:00,0.003718014598075048
2030-08-01 13:00:00,0.0005421152683393805
2030-08-01 14:00:00,0.0006270048094226229
2030-08-01 15:00:00,0.0005498824923327529
2030-08-01 16:00:00,0.0013656154466119273
2030-08-01 17:00:00,0.0010561379885496093
2030-08-01 18:00:00,0.0009912748548164493
2030-08-01 19:00:00,0.000949945320594602
2030-08-01 20:00:00,0.0008684493489303487
2030-08-01 21:00:00,0.0008250177426307019
2030-08-01 22:00:00,0.0008003703415464829
2030-08-01 23:00:00,0.0007646697133328081
2030-08-02 00:00:00,0.0007224359469898659
2030-08-02 01:00:00,0.0006911715712902711
2030-08-02 02:00:00,0.0006719869184339475
2030-08-02 03:00:00,0.0006610619462051559
2030-08-02 04:00:00,0.0006595277870099751
2030-08-02 05:00:00,0.00068416566462922
2030-08-02 06:00:00,0.0010921477840275498
2030-08-02 07:00:00,6.782712780483417
2030-08-02 08:00:00,15.64963406579588
2030-08-02 09:00:00,21.0363719157278
2030-08-02 10:00:00,414.18097037901254
2030-08-02 11:00:00,614.8202501665077
2030-08-02 12:00:00,363.06240861220215
2030-08-02 13:00:00,15.901452327136315
2030-08-02 14:00:00,837.1053659340606
2030-08-02 15:00:00,599.6470032203791
2030-08-02 16:00:00,1.6806938479353497
2030-08-02 17:00:00,1.3537524707943214
2030-08-02 18:00:00,1.2760613176374214
2030-08-02 19:00:00,1.114359545377539
2030-08-02 20:00:00,1.0498301075515726
2030-08-02 21:00:00,0.05401175416077199
2030-08-02 22:00:00,0.05234170051384211
2030-08-02 23:00:00,0.050948671461001495
2030-08-03 00:00:00,0.048793827079335036
2030-08-03 01:00:00,0.046682833808517496
2030-08-03 02:00:00,0.04513103924621288
2030-08-03 03:00:00,0.04415162158291017
2030-08-03 04:00:00,0.04331526996159239
2030-08-03 05:00:00,0.043844499107486175
2030-08-03 06:00:00,0.05879410146327276
2030-08-03 07:00:00,12.379777476265593
2030-08-03 08:00:00,45.24320385190739
2030-08-03 09:00:00,66.17908257605963
2030-08-03 10:00:00,1181.5083558352947
2030-08-03 11:00:00,1181.2720457098517
2030-08-03 12:00:00,1158.7758372429125
2030-08-03 13:00:00,221.97137206939757
2030-08-03 14:00:00,38.636344190012444
2030-08-03 15:00:00,184.8758197877843
2030-08-03 16:00:00,1.7758709464677932e-05
2030-08-03 17:00:00,1.6273901014770956e-05
2030-08-03 18:00:00,1.7711312500030414e-05
2030-08-03 19:00:00,1.7209336142174595e-05
2030-08-03 20:00:00,1.6013726967271317e-05
2030-08-03 21:00:00,1.5530001008483125e-05
2030-08-03 22:00:00,1.555240860585465e-05
2030-08-03 23:00:00,1.5240994023829523e-05
2030-08-04 00:00:00,1.4585761271123566e-05
2030-08-04 01:00:00,1.4124120371241653e-05
2030-08-04 02:00:00,1.380292259306608e-05
2030-08-04 03:00:00,1.36556574571402e-05
2030-08-04 04:00:00,1.3725833425724323e-05
2030-08-04 05:00:00,1.393885962321118e-05
2030-08-04 06:00:00,2.2288911936581134e-05
2030-08-04 07:00:00,8.074078077975283
2030-08-04 08:00:00,38.42599059016867
2030-08-04 09:00:00,301.9544049313424
2030-08-04 10:00:00,1077.345772914466
2030-08-04 11:00:00,1529.5924727314566
2030-08-04 12:00:00,1255.3362017727848
2030-08-04 13:00:00,871.3019167368026
2030-08-04 14:00:00,65.66996241820195
2030-08-04 15:00:00,23.973099638612382
2030-08-04 16:00:00,0.011590477371487669
2030-08-04 17:00:00,0.010841122852942208
2030-08-04 18:00:00,0.010604695562086208
2030-08-04 19:00:00,0.010859957756340355
2030-08-04 20:00:00,0.010883205442517363
2030-08-04 21:00:00,0.010698142774730138
2030-08-04 22:00:00,0.010486023551729087
2030-08-04 23:00:00,0.010231499404197856
2030-08-05 00:00:00,0.009950119484897272
2030-08-05 01:00:00,0.009683197511043202
2030-08-05 02:00:00,0.00941936614169826
2030-08-05 03:00:00,0.009147167071151357
2030-08-05 04:00:00,0.008798649289271003
2030-08-05 05:00:00,0.008246337196232394
2030-08-05 06:00:00,0.00853749011233104
2030-08-05 07:00:00,30.599708163391306
2030-08-05 08:00:00,365.07312255817504
2030-08-05 09:00:00,1666.7177930585108
2030-08-05 10:00:00,2327.6312733723266
2030-08-05 11:00:00,2547.8247691473357
2030-08-05 12:00:00,2530.0159374596365
2030-08-05 13:00:00,2056.175784117007
2030-08-05 14:00:00,1073.1320843870124
2030-08-05 15:00:00,90.9610421734578
2030-08-05 16:00:00,12.008657117583393
2030-08-05 17:00:00,0.006189567329034891
2030-08-05 18:00:00,0.006140004186732448
2030-08-05 19:00:00,0.006360981017816644
2030-08-05 20:00:00,0.006424818948229113
2030-08-05 21:00:00,0.00642810821407654
2030-08-05 22:00:00,0.006407291894426653
2030-08-05 23:00:00,0.006301311256687104
2030-08-06 00:00:00,0.006122343248180942
2030-08-06 01:00:00,0.005961067445562849
2030-08-06 02:00:00,0.005784490321581348
2030-08-06 03:00:00,0.00557923857244446
2030-08-06 04:00:00,0.00536274088031587
2030-08-06 05:00:00,0.005061296116291521
2030-08-06 06:00:00,0.005091544859310531
2030-08-06 07:00:00,36.58841997951512
2030-08-06 08:00:00,636.9223672607786
2030-08-06 09:00:00,1671.1761923848326
2030-08-06 10:00:00,2296.7168391712
2030-08-06 11:00:00,2658.7322346765877
2030-08-06 12:00:00,2627.7845343886465
2030-08-06 13:00:00,2248.9507250924976
2030-08-06 14:00:00,1516.9978923018086
2030-08-06 15:00:00,339.09756277719174
2030-08-06 16:00:00,15.483561035499003
2030-08-06 17:00:00,0.0050191277613435
2030-08-06 18:00:00,0.00502347608282211
2030-08-06 19:00:00,0.005218161271984901
2030-08-06 20:00:00,0.005318429876254391
2030-08-06 21:00:00,0.0053451565769103634
2030-08-06 22:00:00,0.005335149035762284
2030-08-06 23:00:00,0.0052758006527059715
2030-08-07 00:00:00,0.0051558744813098405
2030-08-07 01:00:00,0.005050293477711175
2030-08-07 02:00:00,0.004928665078470825
2030-08-07 03:00:00,0.0047771763847659545
2030-08-07 04:00:00,0.004599883116628099
2030-08-07 05:00:00,0.004428803497205426
2030-08-07 06:00:00,4.741381605121716
2030-08-07 07:00:00,136.7453617821749
2030-08-07 08:00:00,1107.6530993954511
2030-08-07 09:00:00,1875.669542764974
2030-08-07 10:00:00,2301.6075152366943
2030-08-07 11:00:00,2442.5142922833197
2030-08-07 12:00:00,2428.0188322953063
2030-08-07 13:00:00,2076.5697558629367
2030-08-07 14:00:00,1398.4684313327334
2030-08-07 15:00:00,467.84053109605554
2030-08-07 16:00:00,14.330986329962984
2030-08-07 17:00:00,0.0051190654173367735
2030-08-07 18:00:00,0.005059243416370696
2030-08-07 19:00:00,0.005318633181969356
2030-08-07 20:00:00,0.005478994809122168
2030-08-07 21:00:00,0.005624905934767124
2030-08-07 22:00:00,0.005712327214625192
2030-08-07 23:00:00,0.005758679472566412
2030-08-08 00:00:00,0.005816808701562683
2030-08-08 01:00:00,0.005852887402926905
2030-08-08 02:00:00,0.00588914064168768
2030-08-08 03:00:00,0.005910343126883295
2030-08-08 04:00:00,0.005939074102728174
2030-08-08 05:00:00,0.006015173172400114
2030-08-08 06:00:00,24.09403814842735
2030-08-08 07:00:00,252.07541978456152
2030-08-08 08:00:00,912.7911210763705
2030-08-08 09:00:00,1426.8506899436848
2030-08-08 10:00:00,1750.7066547643067
2030-08-08 11:00:00,1888.0368343472928
2030-08-08 12:00:00,1884.7839503655255
2030-08-08 13:00:00,1481.113645952035
2030-08-08 14:00:00,586.09304824673
2030-08-08 15:00:00,102.9597544782284
2030-08-08 16:00:00,1.978772435984234
2030-08-08 17:00:00,0.6201847936353477
2030-08-08 18:00:00,0.006981639106450808
2030-08-08 19:00:00,0.00717152676654113
2030-08-08 20:00:00,0.0070851249157443
2030-08-08 21:00:00,0.007012120244700538
2030-08-08 22:00:00,0.0069351706947818285
2030-08-08 23:00:00,0.006770446837689743
2030-08-09 00:00:00,0.006570900917798803
2030-08-09 01:00:00,0.006384545309051427
2030-08-09 02:00:00,0.0062232071440794234
2030-08-09 03:00:00,0.006099092145603781
2030-08-09 04:00:00,0.0060128731929552665
2030-08-09 05:00:00,0.005889165147677941
2030-08-09 06:00:00,6.179464430563885
2030-08-09 07:00:00,112.22012279551346
2030-08-09 08:00:00,620.1112002454856
2030-08-09 09:00:00,1210.663935885167
2030-08-09 10:00:00,1639.4125585355234
2030-08-09 11:00:00,1977.7974868097076
2030-08-09 12:00:00,1993.0764115349614
2030-08-09 13:00:00,1575.6264145480634
2030-08-09 14:00:00,911.0516905038685
2030-08-09 15:00:00,357.0369399363427
2030-08-09 16:00:00,154.90413198765688
2030-08-09 17:00:00,0.8597025145229316
2030-08-09 18:00:00,0.6496522534575173
2030-08-09 19:00:00,0.007222090344780086
2030-08-09 20:00:00,0.007448305391434484
2030-08-09 21:00:00,0.007258036048044982
2030-08-09 22:00:00,0.007154127369777312
2030-08-09 23:00:00,0.006998336173131408
2030-08-10 00:00:00,0.006790718163270877
2030-08-10 01:00:00,0.006621863454196646
2030-08-10 02:00:00,0.006423497466029082
2030-08-10 03:00:00,0.006269512496818054
2030-08-10 04:00:00,0.006065859513991008
2030-08-10 05:00:00,0.005914976036289344
2030-08-10 06:00:00,11.037263557438212
2030-08-10 07:00:00,189.09544832868662
2030-08-10 08:00:00,1168.6736852363629
2030-08-10 09:00:00,1934.0428141491357
2030-08-10 10:00:00,2434.505310643609
2030-08-10 11:00:00,2602.220237977228
2030-08-10 12:00:00,2475.4372804334566
2030-08-10 13:00:00,1918.4683730724207
2030-08-10 14:00:00,900.4253688692941
2030-08-10 15:00:00,138.4922329088495
2030-08-10 16:00:00,159.6388488746354
2030-08-10 17:00:00,0.5519539616844915
2030-08-10 18:00:00,0.006742898045715651
2030-08-10 19:00:00,0.00715967845333436
2030-08-10 20:00:00,0.007188232171197323
2030-08-10 21:00:00,0.007217229337566472
2030-08-10 22:00:00,0.007156695885207303
2030-08-10 23:00:00,0.007031247510923721
2030-08-11 00:00:00,0.00683467748878131
2030-08-11 01:00:00,0.006647885955223316
2030-08-11 02:00:00,0.0064833466488931095
2030-08-11 03:00:00,0.006352477773485394
2030-08-11 04:00:00,0.006230570399536246
2030-08-11 05:00:00,0.006060324072024537
2030-08-11 06:00:00,0.04181708776222282
2030-08-11 07:00:00,41.02018325066528
2030-08-11 08:00:00,314.7112238050324
2030-08-11 09:00:00,1115.4810329385766
2030-08-11 10:00:00,1762.6762271460427
2030-08-11 11:00:00,1983.7525324510932
2030-08-11 12:00:00,1787.6683005587827
2030-08-11 13:00:00,1150.903304640917
2030-08-11 14:00:00,274.96476867477594
2030-08-11 15:00:00,47.09828548575875
2030-08-11 16:00:00,0.00860880834414513
2030-08-11 17:00:00,0.00793332225589775
2030-08-11 18:00:00,0.007688598528717774
2030-08-11 19:00:00,0.007914677936162542
2030-08-11 20:00:00,0.007977952033072751
2030-08-11 21:00:00,0.007958580639723394
2030-08-11 22:00:00,0.007877686707711077
2030-08-11 23:00:00,0.007748356858421051
2030-08-12 00:00:00,0.007488123098564415
2030-08-12 01:00:00,0.007351940258569107
2030-08-12 02:00:00,0.007242022558503957
2030-08-12 03:00:00,0.007149043300115819
2030-08-12 04:00:00,0.007028037339594593
2030-08-12 05:00:00,0.006816607983571005
2030-08-12 06:00:00,0.007292659800923572
2030-08-12 07:00:00,26.331416520664906
2030-08-12 08:00:00,144.28383273496195
2030-08-12 09:00:00,769.2058899280139
2030-08-12 10:00:00,1537.7797222355025
2030-08-12 11:00:00,1747.4395089588377
2030-08-12 12:00:00,1596.4879979659445
2030-08-12 13:00:00,911.9201339462246
2030-08-12 14:00:00,239.5189014777091
2030-08-12 15:00:00,47.09742953504991
2030-08-12 16:00:00,0.010741280263182239
2030-08-12 17:00:00,0.008249012876841624
2030-08-12 18:00:00,0.007869693668553389
2030-08-12 19:00:00,0.007998621321455724
2030-08-12 20:00:00,0.007899161747753592
2030-08-12 21:00:00,0.0077764396831634585
2030-08-12 22:00:00,0.007650368694572054
2030-08-12 23:00:00,0.007463177412019588
2030-08-13 00:00:00,0.007170603610780873
2030-08-13 01:00:00,0.00689752814382573
2030-08-13 02:00:00,0.006682598479200266
2030-08-13 03:00:00,0.006442533269153246
2030-08-13 04:00:00,0.006201362790220015
2030-08-13 05:00:00,0.005908350242223175
2030-08-13 06:00:00,1.0670132937996835
2030-08-13 07:00:00,57.34138096208978
2030-08-13 08:00:00,616.5001744108017
2030-08-13 09:00:00,1313.1633471478358
2030-08-13 10:00:00,1661.5184067455996
2030-08-13 11:00:00,1772.4556896292247
2030-08-13 12:00:00,1715.7364909067803
2030-08-13 13:00:00,1387.0511297325256
2030-08-13 14:00:00,510.8617045604924
2030-08-13 15:00:00,58.42612118282565
2030-08-13 16:00:00,2.2711935495914113
2030-08-13 17:00:00,0.005915697149705644
2030-08-13 18:00:00,0.005294855973140651
2030-08-13 19:00:00,0.006149738899263072
2030-08-13 20:00:00,0.006150302810088959
2030-08-13 21:00:00,0.0061085308883795965
2030-08-13 22:00:00,0.006043065601297143
2030-08-13 23:00:00,0.005968568775602728
2030-08-14 00:00:00,0.005847889984551142
2030-08-14 01:00:00,0.0057456521456722715
2030-08-14 02:00:00,0.005662839990962735
2030-08-14 03:00:00,0.00554994280023172
2030-08-14 04:00:00,0.0054147404964378955
2030-08-14 05:00:00,0.005297856876173079
2030-08-14 06:00:00,8.71208367868348
2030-08-14 07:00:00,170.90616611584915
2030-08-14 08:00:00,841.3701214865631
2030-08-14 09:00:00,1330.608455022408
2030-08-14 10:00:00,1758.371941451301
2030-08-14 11:00:00,1980.223414003785
2030-08-14 12:00:00,1795.4382140146454
2030-08-14 13:00:00,1378.584716211016
2030-08-14 14:00:00,669.0761490749369
2030-08-14 15:00:00,95.07447466049864
2030-08-14 16:00:00,4.809907331998447
2030-08-14 17:00:00,0.006602269355139578
2030-08-14 18:00:00,0.006371198927939147
2030-08-14 19:00:00,0.006600078550535253
2030-08-14 20:00:00,0.00663355221696376
2030-08-14 21:00:00,0.006648707563579253
2030-08-14 22:00:00,0.006591422649498711
2030-08-14 23:00:00,0.006499700832181543
2030-08-15 00:00:00,0.006330480262678222
2030-08-15 01:00:00,0.006189302615257622
2030-08-15 02:00:00,0.006086381695370929
2030-08-15 03:00:00,0.005967941252531096
2030-08-15 04:00:00,0.005828530280313177
2030-08-15 05:00:00,0.005706222479058283
2030-08-15 06:00:00,4.36246033541933
2030-08-15 07:00:00,108.60510251022637
2030-08-15 08:00:00,787.5849835326417
2030-08-15 09:00:00,1283.7996154921468
2030-08-15 10:00:00,1611.8809772985571
2030-08-15 11:00:00,1732.1662751520903
2030-08-15 12:00:00,1684.5329567967106
2030-08-15 13:00:00,1382.7381418047137
2030-08-15 14:00:00,784.4875460561942
2030-08-15 15:00:00,157.13262468465624
2030-08-15 16:00:00,1.0393830347436335
2030-08-15 17:00:00,0.0069097178442854915
2030-08-15 18:00:00,0.006493623242050137
2030-08-15 19:00:00,0.006664135248620914
2030-08-15 20:00:00,0.006675924453755842
2030-08-15 21:00:00,0.006683530141333225
2030-08-15 22:00:00,0.006669752553048787
2030-08-15 23:00:00,0.006618332727921612
2030-08-16 00:00:00,0.006691420079835621
2030-08-16 01:00:00,0.006895719946802355
2030-08-16 02:00:00,0.006971877204611627
2030-08-16 03:00:00,0.0073350040965232035
2030-08-16 04:00:00,0.007366003425875409
2030-08-16 05:00:00,0.9611186315872584
2030-08-16 06:00:00,41.755462071502286
2030-08-16 07:00:00,487.8699192175601
2030-08-16 08:00:00,1002.7468913694607
2030-08-16 09:00:00,1431.787440530547
2030-08-16 10:00:00,1717.068709928405
2030-08-16 11:00:00,1750.0382702320426
2030-08-16 12:00:00,1727.117488966057
2030-08-16 13:00:00,1507.3448342125812
2030-08-16 14:00:00,1005.5848405275812
2030-08-16 15:00:00,298.86747892294323
2030-08-16 16:00:00,16.36472574382818
2030-08-16 17:00:00,0.0078118985504529986
2030-08-16 18:00:00,0.007031321140873962
2030-08-16 19:00:00,0.006986156037196047
2030-08-16 20:00:00,0.007001508697330289
2030-08-16 21:00:00,0.007028466075296568
2030-08-16 22:00:00,0.00698560904377449
2030-08-16 23:00:00,0.006933076957039652
2030-08-17 00:00:00,0.006751632037385606
2030-08-17 01:00:00,0.006590406579876691
2030-08-17 02:00:00,0.0063795382691761915
2030-08-17 03:00:00,0.006132205234971773
2030-08-17 04:00:00,0.005871180264047842
2030-08-17 05:00:00,0.005662964077764716
2030-08-17 06:00:00,5.096792725757171
2030-08-17 07:00:00,126.86190802480124
2030-08-17 08:00:00,807.6161972313175
2030-08-17 09:00:00,1529.1028020150818
2030-08-17 10:00:00,2139.249274274416
2030-08-17 11:00:00,2415.7407172454764
2030-08-17 12:00:00,2299.89088177312
2030-08-17 13:00:00,1802.7835457107783
2030-08-17 14:00:00,837.3503124879999
2030-08-17 15:00:00,99.54894760027754
2030-08-17 16:00:00,4.726578242423986
2030-08-17 17:00:00,0.006053298245973816
2030-08-17 18:00:00,0.005840463596524098
2030-08-17 19:00:00,0.005991560978092249
2030-08-17 20:00:00,0.00601535151420916
2030-08-17 21:00:00,0.005968380294812873
2030-08-17 22:00:00,0.005894199236198933
2030-08-17 23:00:00,0.005793055422425445
2030-08-18 00:00:00,0.005688867899240498
2030-08-18 01:00:00,0.005577768686459274
2030-08-18 02:00:00,0.005488997028582895
2030-08-18 03:00:00,0.005377313404012088
2030-08-18 04:00:00,0.005273714436117826
2030-08-18 05:00:00,0.005126866604357478
2030-08-18 06:00:00,0.014645046098648792
2030-08-18 07:00:00,42.24304144418683
2030-08-18 08:00:00,463.17547204530797
2030-08-18 09:00:00,1276.5662352816603
2030-08-18 10:00:00,1814.0162456506528
2030-08-18 11:00:00,2065.633735808143
2030-08-18 12:00:00,2125.278873975107
2030-08-18 13:00:00,1696.807390385833
2030-08-18 14:00:00,898.5439193107813
2030-08-18 15:00:00,105.61671330697727
2030-08-18 16:00:00,9.013546714732808
2030-08-18 17:00:00,0.006504324718688309
2030-08-18 18:00:00,0.006283575079707537
2030-08-18 19:00:00,0.006497296435628344
2030-08-18 20:00:00,0.006576342186178536
2030-08-18 21:00:00,0.006564496306618647
2030-08-18 22:00:00,0.006534192941303932
2030-08-18 23:00:00,0.006477321788780866
2030-08-19 00:00:00,0.006339002471573119
2030-08-19 01:00:00,0.006224765036664754
2030-08-19 02:00:00,0.006128931739802879
2030-08-19 03:00:00,0.006047514908185262
2030-08-19 04:00:00,0.005916610750622272
2030-08-19 05:00:00,0.0057700049286819564
2030-08-19 06:00:00,0.006258900950914111
2030-08-19 07:00:00,44.259764665466754
2030-08-19 08:00:00,465.23885721582195
2030-08-19 09:00:00,1519.8068066889698
2030-08-19 10:00:00,2209.4356982717877
2030-08-19 11:00:00,2428.2239157058857
2030-08-19 12:00:00,2201.037065552982
2030-08-19 13:00:00,1442.5570778306658
2030-08-19 14:00:00,246.09630768528464
2030-08-19 15:00:00,33.53401711992513
2030-08-19 16:00:00,0.008110231009839925
2030-08-19 17:00:00,0.008014425372879904
2030-08-19 18:00:00,0.007993865233291056
2030-08-19 19:00:00,0.008196802392255266
2030-08-19 20:00:00,0.008239316014194567
2030-08-19 21:00:00,0.008217983979989634
2030-08-19 22:00:00,0.008148760518670119
2030-08-19 23:00:00,0.008038923331738213
2030-08-20 00:00:00,0.007865024430426443
2030-08-20 01:00:00,0.007762382986454501
2030-08-20 02:00:00,0.00766224542944044
2030-08-20 03:00:00,0.007561609755311114
2030-08-20 04:00:00,0.007441976628065345
2030-08-20 05:00:00,0.007277994548310303
2030-08-20 06:00:00,0.007997812289841113
2030-08-20 07:00:00,32.99864252546747
2030-08-20 08:00:00,144.8292580804147
2030-08-20 09:00:00,770.1241402784071
2030-08-20 10:00:00,1283.7848741898763
2030-08-20 11:00:00,1419.792661669374
2030-08-20 12:00:00,1045.8305409534225
2030-08-20 13:00:00,297.8140040218051
2030-08-20 14:00:00,59.98417447127208
2030-08-20 15:00:00,23.539442953884173
2030-08-20 16:00:00,0.009458892608617023
2030-08-20 17:00:00,0.009174282631699313
2030-08-20 18:00:00,0.009039842278324474
2030-08-20 19:00:00,0.009243515712774849
2030-08-20 20:00:00,0.009232828042208718
2030-08-20 21:00:00,0.009194808220005665
2030-08-20 22:00:00,0.009107008658370386
2030-08-20 23:00:00,0.008947258198590205
2030-08-21 00:00:00,0.008718923479799748
2030-08-21 01:00:00,0.008429007918323713
2030-08-21 02:00:00,0.00809317221612928
2030-08-21 03:00:00,0.007788317186704019
2030-08-21 04:00:00,0.007493114993546579
2030-08-21 05:00:00,0.00710126664319095
2030-08-21 06:00:00,0.007200305280260059
2030-08-21 07:00:00,26.45214659383411
2030-08-21 08:00:00,158.45561866509874
2030-08-21 09:00:00,1034.9027628351507
2030-08-21 10:00:00,1720.141541266022
2030-08-21 11:00:00,1969.0576558023315
2030-08-21 12:00:00,2020.2140987567723
2030-08-21 13:00:00,1610.091882179836
2030-08-21 14:00:00,503.9155798240019
2030-08-21 15:00:00,49.74114048849763
2030-08-21 16:00:00,1.73375252591575
2030-08-21 17:00:00,0.007196001886574701
2030-08-21 18:00:00,0.006949965897468657
2030-08-21 19:00:00,0.007549140288372379
2030-08-21 20:00:00,0.007631949791271151
2030-08-21 21:00:00,0.007658181593179528
2030-08-21 22:00:00,0.0076444459824822255
2030-08-21 23:00:00,0.00758586951776058
2030-08-22 00:00:00,0.007516510054783869
2030-08-22 01:00:00,0.007427695620159859
2030-08-22 02:00:00,0.007350153026028863
2030-08-22 03:00:00,0.007270740214908684
2030-08-22 04:00:00,0.0072050713166045156
2030-08-22 05:00:00,0.007086119587772885
2030-08-22 06:00:00,0.007698011399106303
2030-08-22 07:00:00,29.283641321806638
2030-08-22 08:00:00,124.3347547248859
2030-08-22 09:00:00,518.1015739782365
2030-08-22 10:00:00,1306.6031524329512
2030-08-22 11:00:00,1760.9168737532054
2030-08-22 12:00:00,1683.6662507787426
2030-08-22 13:00:00,1014.9470196657411
2030-08-22 14:00:00,156.24287713547935
2030-08-22 15:00:00,36.888408539983566
2030-08-22 16:00:00,0.009936888882842644
2030-08-22 17:00:00,0.009401916937803026
2030-08-22 18:00:00,0.009094729592701935
2030-08-22 19:00:00,0.009275179885808654
2030-08-22 20:00:00,0.009302043175825031
2030-08-22 21:00:00,0.009259881918861054
2030-08-22 22:00:00,0.009211738708930928
2030-08-22 23:00:00,0.009124761680532816
2030-08-23 00:00:00,0.008923177175911361
2030-08-23 01:00:00,0.008838931921547676
2030-08-23 02:00:00,0.008753185679804803
2030-08-23 03:00:00,0.008776986434594247
2030-08-23 04:00:00,0.008812230923854527
2030-08-23 05:00:00,0.008851335770215981
2030-08-23 06:00:00,0.009901785967799885
2030-08-23 07:00:00,23.26487319297966
2030-08-23 08:00:00,62.28778993092074
2030-08-23 09:00:00,192.54109052840357
2030-08-23 10:00:00,458.22301670188796
2030-08-23 11:00:00,806.042595600824
2030-08-23 12:00:00,932.9381585607107
2030-08-23 13:00:00,338.9731730506802
2030-08-23 14:00:00,82.84733774416223
2030-08-23 15:00:00,30.693917861838635
2030-08-23 16:00:00,0.012954450347878382
2030-08-23 17:00:00,0.011725209296136309
2030-08-23 18:00:00,0.011044906708543953
2030-08-23 19:00:00,0.010994612963960301
2030-08-23 20:00:00,0.0108946668842306
2030-08-23 21:00:00,0.010792131899793571
2030-08-23 22:00:00,0.010614298568910566
2030-08-23 23:00:00,0.010346750647151745
2030-08-24 00:00:00,0.009892754918609931
2030-08-24 01:00:00,0.009629048843282683
2030-08-24 02:00:00,0.009447436648044111
2030-08-24 03:00:00,0.009313588284715933
2030-08-24 04:00:00,0.009153907629517082
2030-08-24 05:00:00,0.008910905058720397
2030-08-24 06:00:00,0.009544577567800992
2030-08-24 07:00:00,15.112331307766759
2030-08-24 08:00:00,58.43908023668846
2030-08-24 09:00:00,273.84571444126334
2030-08-24 10:00:00,905.3421576324719
2030-08-24 11:00:00,1327.166868043729
2030-08-24 12:00:00,1191.9438713173909
2030-08-24 13:00:00,627.4671269124375
2030-08-24 14:00:00,223.41239819624204
2030-08-24 15:00:00,48.14646437367234
2030-08-24 16:00:00,0.010256658975610644
2030-08-24 17:00:00,0.009281407970929894
2030-08-24 18:00:00,0.008694507049641295
2030-08-24 19:00:00,0.008668202613910209
2030-08-24 20:00:00,0.008525513643144994
2030-08-24 21:00:00,0.008344680470489784
2030-08-24 22:00:00,0.008131264620648495
2030-08-24 23:00:00,0.007861818366318376
2030-08-25 00:00:00,0.0076088440207225366
2030-08-25 01:00:00,0.007316524744530425
2030-08-25 02:00:00,0.0070131757495318775
2030-08-25 03:00:00,0.0067307069204287865
2030-08-25 04:00:00,0.006449227546754343
2030-08-25 05:00:00,0.006155729313987486
2030-08-25 06:00:00,3.1581699013423026
2030-08-25 07:00:00,84.24554119240584
2030-08-25 08:00:00,753.4736231037484
2030-08-25 09:00:00,1648.7132525112686
2030-08-25 10:00:00,2315.5787552137035
2030-08-25 11:00:00,2600.38033302912
2030-08-25 12:00:00,2528.3897129221837
2030-08-25 13:00:00,1890.2050760120517
2030-08-25 14:00:00,801.7813336144843
2030-08-25 15:00:00,69.3448415710439
2030-08-25 16:00:00,2.5251225770452925
2030-08-25 17:00:00,0.0063700874188061226
2030-08-25 18:00:00,0.006258966253790004
2030-08-25 19:00:00,0.00647585255309666
2030-08-25 20:00:00,0.006554285894293325
2030-08-25 21:00:00,0.006597195977328069
2030-08-25 22:00:00,0.006587074491873384
2030-08-25 23:00:00,0.006542265673591316
2030-08-26 00:00:00,0.006412302302815529
2030-08-26 01:00:00,0.006325514696092916
2030-08-26 02:00:00,0.00622937546091035
2030-08-26 03:00:00,0.006151953095972031
2030-08-26 04:00:00,0.006046285770538421
2030-08-26 05:00:00,0.0058869224682942915
2030-08-26 06:00:00,0.006647334395263513
2030-08-26 07:00:00,44.73798003709692
2030-08-26 08:00:00,423.54428606875183
2030-08-26 09:00:00,1331.2601887691508
2030-08-26 10:00:00,1866.2302923045715
2030-08-26 11:00:00,2165.079518784487
2030-08-26 12:00:00,1963.2539513800111
2030-08-26 13:00:00,1155.613159021916
2030-08-26 14:00:00,172.86416419345244
2030-08-26 15:00:00,29.78786274282527
2030-08-26 16:00:00,0.008006771699966709
2030-08-26 17:00:00,0.007997650974401565
2030-08-26 18:00:00,0.007959670272008
2030-08-26 19:00:00,0.008158514726304715
2030-08-26 20:00:00,0.008211509224083785
2030-08-26 21:00:00,0.008104066856701628
2030-08-26 22:00:00,0.007967899794571093
2030-08-26 23:00:00,0.007792510150590041
2030-08-27 00:00:00,0.007583656007319481
2030-08-27 01:00:00,0.0073734508140663926
2030-08-27 02:00:00,0.007198278379214792
2030-08-27 03:00:00,0.007035277441573232
2030-08-27 04:00:00,0.006834979207881781
2030-08-27 05:00:00,0.006501808867935976
2030-08-27 06:00:00,0.006677516277669845
2030-08-27 07:00:00,33.81872135903878
2030-08-27 08:00:00,361.8207298018358
2030-08-27 09:00:00,1384.5495560987122
2030-08-27 10:00:00,1976.7864214089009
2030-08-27 11:00:00,2194.6565251384304
2030-08-27 12:00:00,1920.8944932519191
2030-08-27 13:00:00,1161.8983545423189
2030-08-27 14:00:00,143.11474449102573
2030-08-27 15:00:00,26.390875432834655
2030-08-27 16:00:00,0.007807143435015556
2030-08-27 17:00:00,0.007828836480120626
2030-08-27 18:00:00,0.007908312160957843
2030-08-27 19:00:00,0.008130450667006933
2030-08-27 20:00:00,0.008162331976376055
2030-08-27 21:00:00,0.008092442274051677
2030-08-27 22:00:00,0.00794753608216302
2030-08-27 23:00:00,0.007738956949604351
2030-08-28 00:00:00,0.007499759008388521
2030-08-28 01:00:00,0.00725007471376069
2030-08-28 02:00:00,0.007016582521874596
2030-08-28 03:00:00,0.006797603766260792
2030-08-28 04:00:00,0.006535227037777544
2030-08-28 05:00:00,0.006176129703624368
2030-08-28 06:00:00,0.006186430683471945
2030-08-28 07:00:00,19.37368594235287
2030-08-28 08:00:00,157.62329173429939
2030-08-28 09:00:00,999.3304561822566
2030-08-28 10:00:00,1589.2577680449674
2030-08-28 11:00:00,1749.1524829000182
2030-08-28 12:00:00,1740.547229149943
2030-08-28 13:00:00,1541.1649143592524
2030-08-28 14:00:00,986.0477637461557
2030-08-28 15:00:00,167.8661041074675
2030-08-28 16:00:00,7.517755872649033
2030-08-28 17:00:00,0.005478485261291159
2030-08-28 18:00:00,0.005645030399692089
2030-08-28 19:00:00,0.005797165342273146
2030-08-28 20:00:00,0.005888946680258467
2030-08-28 21:00:00,0.005909637053298239
2030-08-28 22:00:00,0.005892106550749415
2030-08-28 23:00:00,0.00585919854774541
2030-08-29 00:00:00,0.005830261896644554
2030-08-29 01:00:00,0.00578162167431165
2030-08-29 02:00:00,0.005701435708653828
2030-08-29 03:00:00,0.0056445816018170294
2030-08-29 04:00:00,0.005527657963019003
2030-08-29 05:00:00,0.005394869007889836
2030-08-29 06:00:00,3.0151784700261643
2030-08-29 07:00:00,110.43112806539041
2030-08-29 08:00:00,881.6561684425627
2030-08-29 09:00:00,1561.1088952920043
2030-08-29 10:00:00,2090.727769554568
2030-08-29 11:00:00,2259.493331231372
2030-08-29 12:00:00,2123.830921357917
2030-08-29 13:00:00,1525.1601143185537
2030-08-29 14:00:00,603.988410940947
2030-08-29 15:00:00,65.36499761049468
2030-08-29 16:00:00,0.4306884549106251
2030-08-29 17:00:00,0.006214837237303528
2030-08-29 18:00:00,0.00646028956035259
2030-08-29 19:00:00,0.006611428375926539
2030-08-29 20:00:00,0.0066871720810528605
2030-08-29 21:00:00,0.006736351261754269
2030-08-29 22:00:00,0.0067630907623234615
2030-08-29 23:00:00,0.006733296818620018
2030-08-30 00:00:00,0.006662288109223969
2030-08-30 01:00:00,0.006563776390506879
2030-08-30 02:00:00,0.006488325886246829
2030-08-30 03:00:00,0.006419841062212946
2030-08-30 04:00:00,0.00630921307287616
2030-08-30 05:00:00,0.006135295596296707
2030-08-30 06:00:00,0.006380654711878415
2030-08-30 07:00:00,33.21137676283159
2030-08-30 08:00:00,269.72770831002936
2030-08-30 09:00:00,1064.0435824854499
2030-08-30 10:00:00,1755.2618660680307
2030-08-30 11:00:00,1884.6231031167486
2030-08-30 12:00:00,1714.2260310378263
2030-08-30 13:00:00,967.4430035455927
2030-08-30 14:00:00,172.87449703835043
2030-08-30 15:00:00,28.57862616280526
2030-08-30 16:00:00,0.007207696279565466
2030-08-30 17:00:00,0.006875248004586814
2030-08-30 18:00:00,0.007030431704547864
2030-08-30 19:00:00,0.007062160741639598
2030-08-30 20:00:00,0.007027159396922486
2030-08-30 21:00:00,0.006936074821795091
2030-08-30 22:00:00,0.006829376479639259
2030-08-30 23:00:00,0.006682512081104172
2030-08-31 00:00:00,0.006487435972795299
2030-08-31 01:00:00,0.006314366563402177
2030-08-31 02:00:00,0.006183415587894764
2030-08-31 03:00:00,0.006056747694968209
2030-08-31 04:00:00,0.005904720000673899
2030-08-31 05:00:00,0.005749313628411235
2030-08-31 06:00:00,11.736712256414163
2030-08-31 07:00:00,175.13175552464284
2030-08-31 08:00:00,1067.1652015564466
2030-08-31 09:00:00,1845.5148175788918
2030-08-31 10:00:00,2431.0164574147584
2030-08-31 11:00:00,2557.9208293655424
2030-08-31 12:00:00,2334.7805964482086
2030-08-31 13:00:00,1707.3508423058192
2030-08-31 14:00:00,543.6140876185776
2030-08-31 15:00:00,47.677671274301396
2030-08-31 16:00:00,0.008409910260327814
2030-08-31 17:00:00,0.007762912309349782
2030-08-31 18:00:00,0.008107444784315087
2030-08-31 19:00:00,0.008323780995971312
2030-08-31 20:00:00,0.008432657857749095
2030-08-31 21:00:00,0.00850549032189443
2030-08-31 22:00:00,0.008550187729647213
2030-08-31 23:00:00,0.00840732512234784
2030-09-01 00:00:00,0.008454796610344996
2030-09-01 01:00:00,0.008466335027094218
2030-09-01 02:00:00,0.00856682269695495
2030-09-01 03:00:00,0.008670980979325916
2030-09-01 04:00:00,0.008763236310564748
2030-09-01 05:00:00,0.008895466793478588
2030-09-01 06:00:00,0.010387352076853514
2030-09-01 07:00:00,31.791525486311507
2030-09-01 08:00:00,108.33008648666821
2030-09-01 09:00:00,266.22066351391476
2030-09-01 10:00:00,718.7283842247526
2030-09-01 11:00:00,1169.4292335010798
2030-09-01 12:00:00,893.6070224405081
2030-09-01 13:00:00,291.8309280315791
2030-09-01 14:00:00,103.17671014690262
2030-09-01 15:00:00,28.86907450392928
2030-09-01 16:00:00,0.014124149804251869
2030-09-01 17:00:00,0.012643332681012226
2030-09-01 18:00:00,0.012668754562221853
2030-09-01 19:00:00,0.01264540619894092
2030-09-01 20:00:00,0.012565135387723702
2030-09-01 21:00:00,0.012492080057669063
2030-09-01 22:00:00,0.012407445467181945
2030-09-01 23:00:00,0.012228332203160028
2030-09-02 00:00:00,0.011959350795592422
2030-09-02 01:00:00,0.011907533220137493
2030-09-02 02:00:00,0.01187337384980838
2030-09-02 03:00:00,0.011960557131476776
2030-09-02 04:00:00,0.012085358303097258
2030-09-02 05:00:00,0.012213855573313507
2030-09-02 06:00:00,0.014005601112556958
2030-09-02 07:00:00,16.448983116621317
2030-09-02 08:00:00,38.82383068269958
2030-09-02 09:00:00,72.56647640082181
2030-09-02 10:00:00,187.06119077060262
2030-09-02 11:00:00,198.06613129933834
2030-09-02 12:00:00,199.5415789197621
2030-09-02 13:00:00,147.33995309666477
2030-09-02 14:00:00,54.50315477016398
2030-09-02 15:00:00,23.16907671729447
2030-09-02 16:00:00,0.015436372005074146
2030-09-02 17:00:00,0.014104981604499783
2030-09-02 18:00:00,0.01407436911769857
2030-09-02 19:00:00,0.01395799384850678
2030-09-02 20:00:00,0.013740485688871564
2030-09-02 21:00:00,0.01353124859735742
2030-09-02 22:00:00,0.013362755122143646
2030-09-02 23:00:00,0.013151904999954693
2030-09-03 00:00:00,0.012861919584640653
2030-09-03 01:00:00,0.012589902937276673
2030-09-03 02:00:00,0.012497394738281552
2030-09-03 03:00:00,0.01235834254627903
2030-09-03 04:00:00,0.01208854766067523
2030-09-03 05:00:00,0.011949532414495966
2030-09-03 06:00:00,0.01334434358151152
2030-09-03 07:00:00,41.68693607932413
2030-09-03 08:00:00,176.3368923318025
2030-09-03 09:00:00,435.68149230107826
2030-09-03 10:00:00,835.7463181950327
2030-09-03 11:00:00,917.0277404123264
2030-09-03 12:00:00,799.0794807369826
2030-09-03 13:00:00,490.3625598651178
2030-09-03 14:00:00,164.7751963583778
2030-09-03 15:00:00,55.53338524598947
2030-09-03 16:00:00,0.013459797763706184
2030-09-03 17:00:00,0.011946774915386937
2030-09-03 18:00:00,0.012002587793731426
2030-09-03 19:00:00,0.011970079846866011
2030-09-03 20:00:00,0.011830069929130046
2030-09-03 21:00:00,0.011706477899990984
2030-09-03 22:00:00,0.011479527056148462
2030-09-03 23:00:00,0.0112739703133992
2030-09-04 00:00:00,0.011035472268724873
2030-09-04 01:00:00,0.010825232223367277
2030-09-04 02:00:00,0.010662193241411301
2030-09-04 03:00:00,0.01057897247597463
2030-09-04 04:00:00,0.010476077808711886
2030-09-04 05:00:00,0.010292351634939936
2030-09-04 06:00:00,0.01134484332137847
2030-09-04 07:00:00,31.192404326215634
2030-09-04 08:00:00,107.58336208807447
2030-09-04 09:00:00,289.8775295015943
2030-09-04 10:00:00,515.3339300344356
2030-09-04 11:00:00,805.7486659925625
2030-09-04 12:00:00,617.648757728968
2030-09-04 13:00:00,300.7271285728641
2030-09-04 14:00:00,101.26718287757805
2030-09-04 15:00:00,32.63719760659716
2030-09-04 16:00:00,0.012314296024780316
2030-09-04 17:00:00,0.010849056414305419
2030-09-04 18:00:00,0.010820236803961023
2030-09-04 19:00:00,0.010655107626077987
2030-09-04 20:00:00,0.010518824296825463
2030-09-04 21:00:00,0.010319634778381293
2030-09-04 22:00:00,0.010070275557285223
2030-09-04 23:00:00,0.009789865612013591
2030-09-05 00:00:00,0.009512166715673384
2030-09-05 01:00:00,0.009231805235018646
2030-09-05 02:00:00,0.009043859107536512
2030-09-05 03:00:00,0.008761845325325143
2030-09-05 04:00:00,0.00851991756875843
2030-09-05 05:00:00,0.008220592383517442
2030-09-05 06:00:00,0.009018943883261884
2030-09-05 07:00:00,47.102333948831614
2030-09-05 08:00:00,363.95337060386686
2030-09-05 09:00:00,1295.6211133505722
2030-09-05 10:00:00,2209.0214658137093
2030-09-05 11:00:00,2466.6988891046994
2030-09-05 12:00:00,2374.156518569483
2030-09-05 13:00:00,1782.92267814358
2030-09-05 14:00:00,455.92796720360946
2030-09-05 15:00:00,50.48163895210039
2030-09-05 16:00:00,0.009786057745419078
2030-09-05 17:00:00,0.008983069131211344
2030-09-05 18:00:00,0.009258246447914172
2030-09-05 19:00:00,0.009406581617610653
2030-09-05 20:00:00,0.009439165022606413
2030-09-05 21:00:00,0.009429595126453895
2030-09-05 22:00:00,0.009369118474168636
2030-09-05 23:00:00,0.009252778983310693
2030-09-06 00:00:00,0.009152539139262842
2030-09-06 01:00:00,0.009112683529262568
2030-09-06 02:00:00,0.009141158514738804
2030-09-06 03:00:00,0.009237406364381338
2030-09-06 04:00:00,0.0093561335619765
2030-09-06 05:00:00,0.009472928596650294
2030-09-06 06:00:00,0.010932463453672842
2030-09-06 07:00:00,34.495798770471694
2030-09-06 08:00:00,106.10982601816956
2030-09-06 09:00:00,226.73134393561455
2030-09-06 10:00:00,297.25056613143533
2030-09-06 11:00:00,577.8141124271602
2030-09-06 12:00:00,402.57071890623956
2030-09-06 13:00:00,214.77238023860662
2030-09-06 14:00:00,59.296524449817234
2030-09-06 15:00:00,19.0426643940013
2030-09-06 16:00:00,0.013973788498340446
2030-09-06 17:00:00,0.012747389946373335
2030-09-06 18:00:00,0.01273700609998379
2030-09-06 19:00:00,0.01261084166873731
2030-09-06 20:00:00,0.012427852401471554
2030-09-06 21:00:00,0.012173354271488
2030-09-06 22:00:00,0.01191173794345454
2030-09-06 23:00:00,0.011621302990448092
2030-09-07 00:00:00,0.011308602756741715
2030-09-07 01:00:00,0.01111152285086196
2030-09-07 02:00:00,0.01091304334187424
2030-09-07 03:00:00,0.010852697395880628
2030-09-07 04:00:00,0.010744439773549164
2030-09-07 05:00:00,0.01057527024369102
2030-09-07 06:00:00,0.011925709126777009
2030-09-07 07:00:00,35.36678857953879
2030-09-07 08:00:00,139.1289043278115
2030-09-07 09:00:00,312.4089186813193
2030-09-07 10:00:00,601.2208865304749
2030-09-07 11:00:00,764.6510707225301
2030-09-07 12:00:00,704.7308888363057
2030-09-07 13:00:00,366.98525050618144
2030-09-07 14:00:00,125.8742825967491
2030-09-07 15:00:00,33.45411874605922
2030-09-07 16:00:00,0.013088489790058253
2030-09-07 17:00:00,0.01139127512678215
2030-09-07 18:00:00,0.011239922463325332
2030-09-07 19:00:00,0.010979156395568214
2030-09-07 20:00:00,0.01080326240820537
2030-09-07 21:00:00,0.01054435185299725
2030-09-07 22:00:00,0.010237755724320823
2030-09-07 23:00:00,0.009952919889769506
2030-09-08 00:00:00,0.009603251631734068
2030-09-08 01:00:00,0.009328195366620268
2030-09-08 02:00:00,0.009122211732648568
2030-09-08 03:00:00,0.008981688305114336
2030-09-08 04:00:00,0.008745396216461235
2030-09-08 05:00:00,0.008439472384852596
2030-09-08 06:00:00,3.0665407744709032
2030-09-08 07:00:00,68.38371968910768
2030-09-08 08:00:00,377.417673164432
2030-09-08 09:00:00,906.2535915914773
2030-09-08 10:00:00,1261.50550102174
2030-09-08 11:00:00,1281.3308788584106
2030-09-08 12:00:00,1198.0487059142893
2030-09-08 13:00:00,930.8674049661939
2030-09-08 14:00:00,435.5441021766092
2030-09-08 15:00:00,77.39492228940654
2030-09-08 16:00:00,0.00836319311671706
2030-09-08 17:00:00,0.007321924167782963
2030-09-08 18:00:00,0.0073430493264040955
2030-09-08 19:00:00,0.007362707386387227
2030-09-08 20:00:00,0.0072997078932129904
2030-09-08 21:00:00,0.007161015673970545
2030-09-08 22:00:00,0.007016728874200785
2030-09-08 23:00:00,0.006895718858471527
2030-09-09 00:00:00,0.006783835216655428
2030-09-09 01:00:00,0.006655514632079796
2030-09-09 02:00:00,0.006517368746288355
2030-09-09 03:00:00,0.006426672199027903
2030-09-09 04:00:00,0.006284220849492074
2030-09-09 05:00:00,0.006095395971679277
2030-09-09 06:00:00,0.006470558157405883
2030-09-09 07:00:00,32.12653360553746
2030-09-09 08:00:00,274.8865316027845
2030-09-09 09:00:00,887.1960616156468
2030-09-09 10:00:00,1514.1773487551939
2030-09-09 11:00:00,1917.9215856879432
2030-09-09 12:00:00,2138.6388250866194
2030-09-09 13:00:00,1766.084390078705
2030-09-09 14:00:00,741.8932448124415
2030-09-09 15:00:00,63.4107464009525
2030-09-09 16:00:00,0.006749913455595181
2030-09-09 17:00:00,0.0062538543697658565
2030-09-09 18:00:00,0.006428258992160988
2030-09-09 19:00:00,0.006454980229238101
2030-09-09 20:00:00,0.0064394356322707985
2030-09-09 21:00:00,0.0063513139122438125
2030-09-09 22:00:00,0.006247565987971382
2030-09-09 23:00:00,0.006088110380865904
2030-09-10 00:00:00,0.005864454537635495
2030-09-10 01:00:00,0.005675715349288797
2030-09-10 02:00:00,0.005483788310596142
2030-09-10 03:00:00,0.00528168398529694
2030-09-10 04:00:00,0.005057996526954475
2030-09-10 05:00:00,0.004777616490735326
2030-09-10 06:00:00,0.004795285275811271
2030-09-10 07:00:00,69.04987244494434
2030-09-10 08:00:00,1261.0806815635449
2030-09-10 09:00:00,2340.002659677528
2030-09-10 10:00:00,2973.1854190043805
2030-09-10 11:00:00,3095.6482432665243
2030-09-10 12:00:00,2793.6646139927147
2030-09-10 13:00:00,2262.2824102415043
2030-09-10 14:00:00,1259.8294338424494
2030-09-10 15:00:00,90.9193217717766
2030-09-10 16:00:00,0.16703113989507098
2030-09-10 17:00:00,0.004877910979185323
2030-09-10 18:00:00,0.005091381696803145
2030-09-10 19:00:00,0.0052137361479009554
2030-09-10 20:00:00,0.005285770649966595
2030-09-10 21:00:00,0.005326861878509559
2030-09-10 22:00:00,0.005338867790515232
2030-09-10 23:00:00,0.0053081526365372795
2030-09-11 00:00:00,0.005229325696976652
2030-09-11 01:00:00,0.005153998766266989
2030-09-11 02:00:00,0.005053512788599092
2030-09-11 03:00:00,0.004914522684239054
2030-09-11 04:00:00,0.004754498744668794
2030-09-11 05:00:00,0.004569616273111693
2030-09-11 06:00:00,0.004733107951627887
2030-09-11 07:00:00,70.67656125001568
2030-09-11 08:00:00,1016.1967507062724
2030-09-11 09:00:00,1698.983869190237
2030-09-11 10:00:00,2236.3101637160335
2030-09-11 11:00:00,2293.1329381382707
2030-09-11 12:00:00,2138.307667027117
2030-09-11 13:00:00,1714.0097860641047
2030-09-11 14:00:00,885.4802597892289
2030-09-11 15:00:00,70.73185026423745
2030-09-11 16:00:00,0.005248024368926444
2030-09-11 17:00:00,0.005093229533065824
2030-09-11 18:00:00,0.005332823817221187
2030-09-11 19:00:00,0.005529527949780533
2030-09-11 20:00:00,0.005652429027200572
2030-09-11 21:00:00,0.00573344316268447
2030-09-11 22:00:00,0.0057800585362545575
2030-09-11 23:00:00,0.005792998764155874
2030-09-12 00:00:00,0.0058152154137353805
2030-09-12 01:00:00,0.005808976338519154
2030-09-12 02:00:00,0.005772554086675327
2030-09-12 03:00:00,0.005790133122963627
2030-09-12 04:00:00,0.005705610524850654
2030-09-12 05:00:00,0.00564113340429474
2030-09-12 06:00:00,3.6497074332392194
2030-09-12 07:00:00,168.6380092156835
2030-09-12 08:00:00,1095.4044054833548
2030-09-12 09:00:00,1708.546836832699
2030-09-12 10:00:00,2050.557778096243
2030-09-12 11:00:00,1971.4143989197787
2030-09-12 12:00:00,1596.4259021673274
2030-09-12 13:00:00,953.1901710182951
2030-09-12 14:00:00,241.5912175391216
2030-09-12 15:00:00,34.46378903340879
2030-09-12 16:00:00,0.008453904348407516
2030-09-12 17:00:00,0.007801532134090341
2030-09-12 18:00:00,0.007978282577981619
2030-09-12 19:00:00,0.00810154064959354
2030-09-12 20:00:00,0.00810878415869662
2030-09-12 21:00:00,0.008098139522885066
2030-09-12 22:00:00,0.008071280145401498
2030-09-12 23:00:00,0.008020529560937762
2030-09-13 00:00:00,0.007863172442155366
2030-09-13 01:00:00,0.007770567953890835
2030-09-13 02:00:00,0.007775360226542802
2030-09-13 03:00:00,0.007747897268915293
2030-09-13 04:00:00,0.007810055080128188
2030-09-13 05:00:00,0.007794080323989554
2030-09-13 06:00:00,0.009997522753035651
2030-09-13 07:00:00,61.30644951044137
2030-09-13 08:00:00,343.02955362251953
2030-09-13 09:00:00,929.2147517231975
2030-09-13 10:00:00,1562.4030129526686
2030-09-13 11:00:00,1572.3739587015664
2030-09-13 12:00:00,1064.8448327816482
2030-09-13 13:00:00,316.6047642323068
2030-09-13 14:00:00,61.60574557581039
2030-09-13 15:00:00,17.24623663889043
2030-09-13 16:00:00,0.012336342096136555
2030-09-13 17:00:00,0.01201988471402269
2030-09-13 18:00:00,0.012420593242546879
2030-09-13 19:00:00,0.01242936232025598
2030-09-13 20:00:00,0.012363335629301125
2030-09-13 21:00:00,0.01222187086817481
2030-09-13 22:00:00,0.012034290104248991
2030-09-13 23:00:00,0.01177937281542949
2030-09-14 00:00:00,0.011471213557381529
2030-09-14 01:00:00,0.011234401543929715
2030-09-14 02:00:00,0.011180310224786973
2030-09-14 03:00:00,0.011159995700550629
2030-09-14 04:00:00,0.011210736242541104
2030-09-14 05:00:00,0.011223516186750675
2030-09-14 06:00:00,0.012188830937942976
2030-09-14 07:00:00,19.962903870862814
2030-09-14 08:00:00,51.76228434199133
2030-09-14 09:00:00,128.92335443033335
2030-09-14 10:00:00,272.6610955384935
2030-09-14 11:00:00,272.0145362860741
2030-09-14 12:00:00,186.8404571744572
2030-09-14 13:00:00,68.2247854961869
2030-09-14 14:00:00,37.862466019847254
2030-09-14 15:00:00,14.431576412997877
2030-09-14 16:00:00,0.014061684885233312
2030-09-14 17:00:00,0.012931909938478434
2030-09-14 18:00:00,0.012909874504957307
2030-09-14 19:00:00,0.012611293313253313
2030-09-14 20:00:00,0.01233901492451493
2030-09-14 21:00:00,0.011973592029901458
2030-09-14 22:00:00,0.011681949231849512
2030-09-14 23:00:00,0.011324153445212596
2030-09-15 00:00:00,0.011088798463195203
2030-09-15 01:00:00,0.010818675488110422
2030-09-15 02:00:00,0.010587441579488176
2030-09-15 03:00:00,0.010352837365425516
2030-09-15 04:00:00,0.010075802560035256
2030-09-15 05:00:00,0.009618674226226004
2030-09-15 06:00:00,0.009678499313531132
2030-09-15 07:00:00,25.055245413689256
2030-09-15 08:00:00,217.5764124324949
2030-09-15 09:00:00,930.6812382612693
2030-09-15 10:00:00,1786.9001430744402
2030-09-15 11:00:00,1989.6033181540904
2030-09-15 12:00:00,1900.2173602727185
2030-09-15 13:00:00,1280.5279486216994
2030-09-15 14:00:00,367.3098733252782
2030-09-15 15:00:00,40.181360708734644
2030-09-15 16:00:00,0.00831803081196555
2030-09-15 17:00:00,0.007742880940818959
2030-09-15 18:00:00,0.008008291113423448
2030-09-15 19:00:00,0.008035837756917859
2030-09-15 20:00:00,0.00801199631221527
2030-09-15 21:00:00,0.007942953947942569
2030-09-15 22:00:00,0.007878896459471386
2030-09-15 23:00:00,0.007795883350164333
2030-09-16 00:00:00,0.007673298093441156
2030-09-16 01:00:00,0.007567932087406042
2030-09-16 02:00:00,0.007475409221854771
2030-09-16 03:00:00,0.007417835318917059
2030-09-16 04:00:00,0.007342634768336247
2030-09-16 05:00:00,0.00717756475199085
2030-09-16 06:00:00,0.007833703176851756
2030-09-16 07:00:00,52.71559003842645
2030-09-16 08:00:00,418.0721518674969
2030-09-16 09:00:00,1021.9623891906701
2030-09-16 10:00:00,1456.6161670100546
2030-09-16 11:00:00,1309.5731687378127
2030-09-16 12:00:00,1061.692154056345
2030-09-16 13:00:00,510.49449757403073
2030-09-16 14:00:00,101.1184360794884
2030-09-16 15:00:00,18.57863426180172
2030-09-16 16:00:00,0.009071788018406066
2030-09-16 17:00:00,0.00834680236440562
2030-09-16 18:00:00,0.00846232290615825
2030-09-16 19:00:00,0.008380216176813133
2030-09-16 20:00:00,0.008246114293852637
2030-09-16 21:00:00,0.008047816651361714
2030-09-16 22:00:00,0.007844276236328556
2030-09-16 23:00:00,0.007613517384848163
2030-09-17 00:00:00,0.007271560370979303
2030-09-17 01:00:00,0.007021657165870939
2030-09-17 02:00:00,0.006772602639070454
2030-09-17 03:00:00,0.006550371895151867
2030-09-17 04:00:00,0.006263374475928147
2030-09-17 05:00:00,0.005950545934360106
2030-09-17 06:00:00,0.006882458324741631
2030-09-17 07:00:00,85.65422106833452
2030-09-17 08:00:00,915.2539611027338
2030-09-17 09:00:00,1632.0678579924959
2030-09-17 10:00:00,2080.117416032301
2030-09-17 11:00:00,2132.544877171914
2030-09-17 12:00:00,1864.6376550505647
2030-09-17 13:00:00,1394.9115997537606
2030-09-17 14:00:00,667.9879125186327
2030-09-17 15:00:00,66.26985262485854
2030-09-17 16:00:00,0.006591465424329658
2030-09-17 17:00:00,0.006057752815445367
2030-09-17 18:00:00,0.006267325517245526
2030-09-17 19:00:00,0.006324576908490404
2030-09-17 20:00:00,0.0063747120532501615
2030-09-17 21:00:00,0.006336928100852091
2030-09-17 22:00:00,0.006272067049655704
2030-09-17 23:00:00,0.006157906422158184
2030-09-18 00:00:00,0.006115390949279061
2030-09-18 01:00:00,0.006009455899154827
2030-09-18 02:00:00,0.005870342498999459
2030-09-18 03:00:00,0.005642829886738951
2030-09-18 04:00:00,0.005545095862209128
2030-09-18 05:00:00,0.005350444309081172
2030-09-18 06:00:00,15.05613419300433
2030-09-18 07:00:00,505.6215436468145
2030-09-18 08:00:00,1450.9999112556118
2030-09-18 09:00:00,2010.3104126155097
2030-09-18 10:00:00,2304.4984555629885
2030-09-18 11:00:00,2059.992561990458
2030-09-18 12:00:00,1680.4452032058257
2030-09-18 13:00:00,1335.0688992324456
2030-09-18 14:00:00,713.5356812819405
2030-09-18 15:00:00,70.2262375812115
2030-09-18 16:00:00,0.005317017677832026
2030-09-18 17:00:00,0.005183710288900826
2030-09-18 18:00:00,0.0054019514114584544
2030-09-18 19:00:00,0.00548129950375939
2030-09-18 20:00:00,0.005545931855379563
2030-09-18 21:00:00,0.005548866422563893
2030-09-18 22:00:00,0.005503476862739706
2030-09-18 23:00:00,0.005420819727575457
2030-09-19 00:00:00,0.005345067623233706
2030-09-19 01:00:00,0.00524720771632772
2030-09-19 02:00:00,0.00516311880899088
2030-09-19 03:00:00,0.005031436625213496
2030-09-19 04:00:00,0.004896563941628031
2030-09-19 05:00:00,0.004701820815242105
2030-09-19 06:00:00,11.247642412332329
2030-09-19 07:00:00,597.9982267207157
2030-09-19 08:00:00,1639.0929928352584
2030-09-19 09:00:00,2526.1446235318217
2030-09-19 10:00:00,3276.941560194469
2030-09-19 11:00:00,3519.0528203517333
2030-09-19 12:00:00,3384.570225272704
2030-09-19 13:00:00,2856.5761867857073
2030-09-19 14:00:00,1845.325564091927
2030-09-19 15:00:00,414.94192955052563
2030-09-19 16:00:00,0.7298994820476837
2030-09-19 17:00:00,0.005326959748775582
2030-09-19 18:00:00,0.005725630938307181
2030-09-19 19:00:00,0.005975087038416702
2030-09-19 20:00:00,0.006131464752311064
2030-09-19 21:00:00,0.006287457845033505
2030-09-19 22:00:00,0.006340743935701575
2030-09-19 23:00:00,0.006387990513861252
2030-09-20 00:00:00,0.00638565767798459
2030-09-20 01:00:00,0.006392634508834134
2030-09-20 02:00:00,0.006442890552225585
2030-09-20 03:00:00,0.0064627989373117044
2030-09-20 04:00:00,0.006457645331110252
2030-09-20 05:00:00,0.0057218090831048524
2030-09-20 06:00:00,0.0070481688143603765
2030-09-20 07:00:00,42.56206819455557
2030-09-20 08:00:00,343.1841514050059
2030-09-20 09:00:00,983.4287695097684
2030-09-20 10:00:00,1543.7709807459366
2030-09-20 11:00:00,1475.5420125080393
2030-09-20 12:00:00,1314.2846340132426
2030-09-20 13:00:00,865.6208295883226
2030-09-20 14:00:00,254.81332001336747
2030-09-20 15:00:00,27.16062581432102
2030-09-20 16:00:00,0.007367836764154367
2030-09-20 17:00:00,0.006840014322024165
2030-09-20 18:00:00,0.006996555871584188
2030-09-20 19:00:00,0.006997910559209395
2030-09-20 20:00:00,0.007035974733989578
2030-09-20 21:00:00,0.0069976024723845225
2030-09-20 22:00:00,0.006928660727955347
2030-09-20 23:00:00,0.006910206190632894
2030-09-21 00:00:00,0.006788898342354176
2030-09-21 01:00:00,0.006698928828382491
2030-09-21 02:00:00,0.006637177335392218
2030-09-21 03:00:00,0.0065473753230896065
2030-09-21 04:00:00,0.006423524785263833
2030-09-21 05:00:00,0.0058266802010146675
2030-09-21 06:00:00,2.934518125108486
2030-09-21 07:00:00,111.68486189817891
2030-09-21 08:00:00,646.7578033571596
2030-09-21 09:00:00,1070.4928604373097
2030-09-21 10:00:00,1634.116163418358
2030-09-21 11:00:00,1675.785112560451
2030-09-21 12:00:00,1579.57346340318
2030-09-21 13:00:00,1166.9628402519743
2030-09-21 14:00:00,499.98151712709625
2030-09-21 15:00:00,53.2047628727344
2030-09-21 16:00:00,0.006944933658538422
2030-09-21 17:00:00,0.006505371236514191
2030-09-21 18:00:00,0.006732675741963203
2030-09-21 19:00:00,0.006764198318521722
2030-09-21 20:00:00,0.006774168019743328
2030-09-21 21:00:00,0.006701095471188525
2030-09-21 22:00:00,0.006630671243650554
2030-09-21 23:00:00,0.006527077462546019
2030-09-22 00:00:00,0.006298627765420669
2030-09-22 01:00:00,0.006241466505581935
2030-09-22 02:00:00,0.006137310679320209
2030-09-22 03:00:00,0.0060040382625631845
2030-09-22 04:00:00,0.005892298098529253
2030-09-22 05:00:00,0.00519928247992851
2030-09-22 06:00:00,0.005982611087165933
2030-09-22 07:00:00,51.21991931755721
2030-09-22 08:00:00,606.938332314619
2030-09-22 09:00:00,1222.1495481081274
2030-09-22 10:00:00,1666.3367186216758
2030-09-22 11:00:00,1903.378155588553
2030-09-22 12:00:00,1898.7572059610434
2030-09-22 13:00:00,1350.5158702340552
2030-09-22 14:00:00,504.68841150540896
2030-09-22 15:00:00,32.66928348712129
2030-09-22 16:00:00,0.006564193581513651
2030-09-22 17:00:00,0.006256539132216403
2030-09-22 18:00:00,0.00646735844129574
2030-09-22 19:00:00,0.006535306897388848
2030-09-22 20:00:00,0.006547929743848512
2030-09-22 21:00:00,0.006488733917917985
2030-09-22 22:00:00,0.0064290217465852745
2030-09-22 23:00:00,0.006321754492787728
2030-09-23 00:00:00,0.0061357029412967045
2030-09-23 01:00:00,0.006011617397297326
2030-09-23 02:00:00,0.005868740642493481
2030-09-23 03:00:00,0.005682766421559264
2030-09-23 04:00:00,0.005481997316318323
2030-09-23 05:00:00,0.00487281894332681
2030-09-23 06:00:00,0.005319903119431217
2030-09-23 07:00:00,84.18235392665096
2030-09-23 08:00:00,918.8174640164258
2030-09-23 09:00:00,1608.7694769144068
2030-09-23 10:00:00,2236.2907627676736
2030-09-23 11:00:00,2450.9623533292233
2030-09-23 12:00:00,2266.324767063786
2030-09-23 13:00:00,1766.4048020979337
2030-09-23 14:00:00,1039.915196083984
2030-09-23 15:00:00,155.10005456169003
2030-09-23 16:00:00,0.005489894467751705
2030-09-23 17:00:00,0.005197972402393558
2030-09-23 18:00:00,0.005439032921168291
2030-09-23 19:00:00,0.0055653211468073205
2030-09-23 20:00:00,0.005657941847233901
2030-09-23 21:00:00,0.005735291763649321
2030-09-23 22:00:00,0.005780256621930278
2030-09-23 23:00:00,0.005840676809897398
2030-09-24 00:00:00,0.005883246036842371
2030-09-24 01:00:00,0.006014399984946583
2030-09-24 02:00:00,0.006976778594643417
2030-09-24 03:00:00,0.7344590965086184
2030-09-24 04:00:00,0.006817203240313038
2030-09-24 05:00:00,0.005647121145982045
2030-09-24 06:00:00,10.337344947164446
2030-09-24 07:00:00,484.1011810552919
2030-09-24 08:00:00,1520.82346066164
2030-09-24 09:00:00,2305.159341793282
2030-09-24 10:00:00,2717.689166187013
2030-09-24 11:00:00,2610.791073713112
2030-09-24 12:00:00,2284.000671540359
2030-09-24 13:00:00,1674.7436358366126
2030-09-24 14:00:00,869.5547141517305
2030-09-24 15:00:00,44.817487745938095
2030-09-24 16:00:00,0.004650250056783466
2030-09-24 17:00:00,0.004633560408411966
2030-09-24 18:00:00,0.004827223496901616
2030-09-24 19:00:00,0.004931901785668779
2030-09-24 20:00:00,0.004985443399001872
2030-09-24 21:00:00,0.004995262227453661
2030-09-24 22:00:00,0.004999771154914344
2030-09-24 23:00:00,0.004965179768674473
2030-09-25 00:00:00,0.005013911925082486
2030-09-25 01:00:00,0.0049932370621330055
2030-09-25 02:00:00,0.0049557086528541645
2030-09-25 03:00:00,0.0048962027111817494
2030-09-25 04:00:00,0.004868627785656802
2030-09-25 05:00:00,0.004861826003386265
2030-09-25 06:00:00,15.989101542139766
2030-09-25 07:00:00,693.1774334409725
2030-09-25 08:00:00,1550.7448002086114
2030-09-25 09:00:00,2113.8732049736427
2030-09-25 10:00:00,2534.0758781015693
2030-09-25 11:00:00,2727.9359463955193
2030-09-25 12:00:00,2609.5940895595045
2030-09-25 13:00:00,2154.2131370874617
2030-09-25 14:00:00,1339.9155667541988
2030-09-25 15:00:00,278.8492249571339
2030-09-25 16:00:00,0.21615116041122603
2030-09-25 17:00:00,0.0049216640068698685
2030-09-25 18:00:00,0.005217206519140868
2030-09-25 19:00:00,0.005415435747565798
2030-09-25 20:00:00,0.005559617374683298
2030-09-25 21:00:00,0.005686074294911102
2030-09-25 22:00:00,0.005763084484088436
2030-09-25 23:00:00,0.005817261513925041
2030-09-26 00:00:00,0.005917026368680844
2030-09-26 01:00:00,0.00595972499572736
2030-09-26 02:00:00,0.005984089870339609
2030-09-26 03:00:00,0.00600860160507415
2030-09-26 04:00:00,0.006018820671767695
2030-09-26 05:00:00,0.005467656382556752
2030-09-26 06:00:00,0.8319788610099951
2030-09-26 07:00:00,145.46854050238161
2030-09-26 08:00:00,907.619541784853
2030-09-26 09:00:00,1557.1745559907376
2030-09-26 10:00:00,1963.752265917476
2030-09-26 11:00:00,1869.2652941637627
2030-09-26 12:00:00,1621.7198538027071
2030-09-26 13:00:00,801.8401617245564
2030-09-26 14:00:00,139.93313461378486
2030-09-26 15:00:00,21.48556237911086
2030-09-26 16:00:00,0.008905404967952656
2030-09-26 17:00:00,0.008442679777384374
2030-09-26 18:00:00,0.008709200316336752
2030-09-26 19:00:00,0.008760584753488718
2030-09-26 20:00:00,0.008770217066468185
2030-09-26 21:00:00,0.008731789298360826
2030-09-26 22:00:00,0.008668939316608306
2030-09-26 23:00:00,0.008579448063957707
2030-09-27 00:00:00,0.008418998566502129
2030-09-27 01:00:00,0.008321292148439102
2030-09-27 02:00:00,0.008274398675662955
2030-09-27 03:00:00,0.008231251123773087
2030-09-27 04:00:00,0.008191442738095859
2030-09-27 05:00:00,0.008156467303711763
2030-09-27 06:00:00,0.008747616785060502
2030-09-27 07:00:00,36.77416271734042
2030-09-27 08:00:00,223.55578277958946
2030-09-27 09:00:00,603.9784928793754
2030-09-27 10:00:00,1037.8509157102785
2030-09-27 11:00:00,1028.0844524370932
2030-09-27 12:00:00,701.4794985538681
2030-09-27 13:00:00,288.5276574910544
2030-09-27 14:00:00,74.32820827018381
2030-09-27 15:00:00,12.633571050116288
2030-09-27 16:00:00,0.009742003313191593
2030-09-27 17:00:00,0.009030304619840269
2030-09-27 18:00:00,0.009131498500173432
2030-09-27 19:00:00,0.00896848430140087
2030-09-27 20:00:00,0.008838251564833833
2030-09-27 21:00:00,0.008639248327729596
2030-09-27 22:00:00,0.00843292025690344
2030-09-27 23:00:00,0.008187158954015929
2030-09-28 00:00:00,0.007949139112529667
2030-09-28 01:00:00,0.007688807484666654
2030-09-28 02:00:00,0.0074475051355871475
2030-09-28 03:00:00,0.007211715402972536
2030-09-28 04:00:00,0.00695380610114877
2030-09-28 05:00:00,0.006059271916827358
2030-09-28 06:00:00,0.0069573970266029895
2030-09-28 07:00:00,43.752133711205204
2030-09-28 08:00:00,493.14124561288145
2030-09-28 09:00:00,1505.3942517325636
2030-09-28 10:00:00,2191.078962153252
2030-09-28 11:00:00,2273.197480530707
2030-09-28 12:00:00,2279.620542526258
2030-09-28 13:00:00,1628.7680287871472
2030-09-28 14:00:00,390.0773790306248
2030-09-28 15:00:00,31.94453429759843
2030-09-28 16:00:00,0.006970273551222025
2030-09-28 17:00:00,0.006586231157598707
2030-09-28 18:00:00,0.006807256927153186
2030-09-28 19:00:00,0.0068663361685699555
2030-09-28 20:00:00,0.00687996000731618
2030-09-28 21:00:00,0.006856464766429399
2030-09-28 22:00:00,0.0067950678774337855
2030-09-28 23:00:00,0.0066963387517500784
2030-09-29 00:00:00,0.006534637825356097
2030-09-29 01:00:00,0.006398148226111242
2030-09-29 02:00:00,0.006279758394079545
2030-09-29 03:00:00,0.006147147011092315
2030-09-29 04:00:00,0.0059539806379812574
2030-09-29 05:00:00,0.005741081016831573
2030-09-29 06:00:00,0.0058815745327748924
2030-09-29 07:00:00,59.83530262604617
2030-09-29 08:00:00,934.1934755854222
2030-09-29 09:00:00,1839.24227062221
2030-09-29 10:00:00,2427.685964301618
2030-09-29 11:00:00,2359.856955244389
2030-09-29 12:00:00,2088.926542063467
2030-09-29 13:00:00,1477.3663377133646
2030-09-29 14:00:00,361.31951800192496
2030-09-29 15:00:00,26.456163261130897
2030-09-29 16:00:00,0.006478521238959996
2030-09-29 17:00:00,0.0063480686869716065
2030-09-29 18:00:00,0.006621322700246124
2030-09-29 19:00:00,0.006717724338602968
2030-09-29 20:00:00,0.006757718847839711
2030-09-29 21:00:00,0.006779135620779544
2030-09-29 22:00:00,0.0067348330927649875
2030-09-29 23:00:00,0.006630682633572034
2030-09-30 00:00:00,0.006488405053102315
2030-09-30 01:00:00,0.006337568318759193
2030-09-30 02:00:00,0.006205592325274966
2030-09-30 03:00:00,0.006071879661931862
2030-09-30 04:00:00,0.005915028526491759
2030-09-30 05:00:00,0.005703688864467165
2030-09-30 06:00:00,0.005828136874823919
2030-09-30 07:00:00,68.08630025585644
2030-09-30 08:00:00,979.0289451529821
2030-09-30 09:00:00,1829.3621570756407
2030-09-30 10:00:00,2209.2116360257787
2030-09-30 11:00:00,2059.2866903562353
2030-09-30 12:00:00,1808.87403885258
2030-09-30 13:00:00,1243.4147341978032
2030-09-30 14:00:00,242.8368679644468
2030-09-30 15:00:00,10.943439086465261
2030-09-30 16:00:00,0.006062187394160678
2030-09-30 17:00:00,0.005779481553528101
2030-09-30 18:00:00,0.005894682442238288
2030-09-30 19:00:00,0.005883815397741829
2030-09-30 20:00:00,0.005837772385295677
2030-09-30 21:00:00,0.005718209052908341
2030-09-30 22:00:00,0.005580873125772887
2030-09-30 23:00:00,0.005377713114626774
2030-10-01 00:00:00,0.005301219625300002
2030-10-01 01:00:00,0.0051267855868270635
2030-10-01 02:00:00,0.004926835479636654
2030-10-01 03:00:00,0.00472526646770771
2030-10-01 04:00:00,0.004568117786281352
2030-10-01 05:00:00,0.004542140163685994
2030-10-01 06:00:00,29.780537505101922
2030-10-01 07:00:00,1113.3907463440682
2030-10-01 08:00:00,2405.9868381551787
2030-10-01 09:00:00,3339.9951108995265
2030-10-01 10:00:00,3815.3904962466313
2030-10-01 11:00:00,3832.1829834545333
2030-10-01 12:00:00,3657.7477203578856
2030-10-01 13:00:00,3126.267230942955
2030-10-01 14:00:00,2052.0643319776345
2030-10-01 15:00:00,746.3561125587892
2030-10-01 16:00:00,4.155340249694314
2030-10-01 17:00:00,0.004251436016011613
2030-10-01 18:00:00,0.004415071657376287
2030-10-01 19:00:00,0.004561469459325361
2030-10-01 20:00:00,0.004633834542291757
2030-10-01 21:00:00,0.004698802268471077
2030-10-01 22:00:00,0.004719788725570794
2030-10-01 23:00:00,0.0047278878999697845
2030-10-02 00:00:00,0.004703990803472519
2030-10-02 01:00:00,0.004761921506862735
2030-10-02 02:00:00,0.004733903586333604
2030-10-02 03:00:00,0.004560512853150862
2030-10-02 04:00:00,0.0044471325134243875
2030-10-02 05:00:00,0.004377747324823076
2030-10-02 06:00:00,2.9942577780809585
2030-10-02 07:00:00,633.2427213174028
2030-10-02 08:00:00,1801.8208683486794
2030-10-02 09:00:00,2722.6505028282695
2030-10-02 10:00:00,3265.8904640642327
2030-10-02 11:00:00,3296.4982964623814
2030-10-02 12:00:00,3127.539008838915
2030-10-02 13:00:00,2618.913013842878
2030-10-02 14:00:00,1659.8895904869637
2030-10-02 15:00:00,250.04382851637146
2030-10-02 16:00:00,0.004264158137823397
2030-10-02 17:00:00,0.004407952911334832
2030-10-02 18:00:00,0.004710129021986611
2030-10-02 19:00:00,0.00491607279990511
2030-10-02 20:00:00,0.005082625495108588
2030-10-02 21:00:00,0.005187819291746783
2030-10-02 22:00:00,0.005285250647603613
2030-10-02 23:00:00,0.005329677352840706
2030-10-03 00:00:00,0.005340285334401449
2030-10-03 01:00:00,0.005327871830344183
2030-10-03 02:00:00,0.005277103781657693
2030-10-03 03:00:00,0.005194787352241525
2030-10-03 04:00:00,0.005078510646396166
2030-10-03 05:00:00,0.004936028498475978
2030-10-03 06:00:00,0.004982220592628574
2030-10-03 07:00:00,93.98326273539966
2030-10-03 08:00:00,1261.1457318024745
2030-10-03 09:00:00,2153.28522857212
2030-10-03 10:00:00,2713.0594613192047
2030-10-03 11:00:00,2622.5083968772356
2030-10-03 12:00:00,2368.8270135867756
2030-10-03 13:00:00,1739.627357947351
2030-10-03 14:00:00,662.8766822979376
2030-10-03 15:00:00,23.209783317067608
2030-10-03 16:00:00,0.006000940674334926
2030-10-03 17:00:00,0.0059162019952737205
2030-10-03 18:00:00,0.0061729243921333915
2030-10-03 19:00:00,0.006260916583855136
2030-10-03 20:00:00,0.006328033643269047
2030-10-03 21:00:00,0.006314818491427475
2030-10-03 22:00:00,0.006290394083381216
2030-10-03 23:00:00,0.0062036600170535024
2030-10-04 00:00:00,0.006153333935009995
2030-10-04 01:00:00,0.00609282958607365
2030-10-04 02:00:00,0.0060527895069148446
2030-10-04 03:00:00,0.005955565444877511
2030-10-04 04:00:00,0.0058721499707384255
2030-10-04 05:00:00,0.0058046635682133555
2030-10-04 06:00:00,8.961337167384013
2030-10-04 07:00:00,475.6877164034879
2030-10-04 08:00:00,1400.2443079818368
2030-10-04 09:00:00,1920.2984893135363
2030-10-04 10:00:00,2504.0740307449882
2030-10-04 11:00:00,2452.8051413826015
2030-10-04 12:00:00,2400.1261073197325
2030-10-04 13:00:00,2066.739272162881
2030-10-04 14:00:00,1232.3771253625353
2030-10-04 15:00:00,136.42368952578428
2030-10-04 16:00:00,0.006968008774161469
2030-10-04 17:00:00,0.006376865883180187
2030-10-04 18:00:00,0.006669391862161755
2030-10-04 19:00:00,0.006765617092967647
2030-10-04 20:00:00,0.006920818985078181
2030-10-04 21:00:00,0.00709963915309721
2030-10-04 22:00:00,0.007133400464469282
2030-10-04 23:00:00,0.007178061535648962
2030-10-05 00:00:00,0.007258330381599198
2030-10-05 01:00:00,0.007394351326179524
2030-10-05 02:00:00,0.008492408224657886
2030-10-05 03:00:00,0.007328413159601706
2030-10-05 04:00:00,0.006848945803536399
2030-10-05 05:00:00,0.0062753572981044895
2030-10-05 06:00:00,1.3332175972646296
2030-10-05 07:00:00,320.34360625024726
2030-10-05 08:00:00,1156.989521172368
2030-10-05 09:00:00,1721.1013915316023
2030-10-05 10:00:00,2231.414141372692
2030-10-05 11:00:00,2251.5028000921784
2030-10-05 12:00:00,2210.743881130695
2030-10-05 13:00:00,1692.8505859796535
2030-10-05 14:00:00,975.7302881861241
2030-10-05 15:00:00,68.57774310640698
2030-10-05 16:00:00,0.005894792191877985
2030-10-05 17:00:00,0.005667871372251989
2030-10-05 18:00:00,0.005836255629381471
2030-10-05 19:00:00,0.005917617409061819
2030-10-05 20:00:00,0.00595386263294437
2030-10-05 21:00:00,0.006031718263448975
2030-10-05 22:00:00,0.006118593703051808
2030-10-05 23:00:00,0.0062227294001036375
2030-10-06 00:00:00,0.0062391616943891556
2030-10-06 01:00:00,0.0063051601094581446
2030-10-06 02:00:00,0.006403393113793858
2030-10-06 03:00:00,0.006182586545774837
2030-10-06 04:00:00,0.005909604985968084
2030-10-06 05:00:00,0.005637996999618238
2030-10-06 06:00:00,0.006684337035614796
2030-10-06 07:00:00,366.01592453390356
2030-10-06 08:00:00,1108.6319321468043
2030-10-06 09:00:00,1469.556341685259
2030-10-06 10:00:00,1748.0034307835535
2030-10-06 11:00:00,1727.0561867877882
2030-10-06 12:00:00,1788.488833468019
2030-10-06 13:00:00,1446.9934751779679
2030-10-06 14:00:00,1053.9567361303614
2030-10-06 15:00:00,544.7102554987914
2030-10-06 16:00:00,1.49680053212439
2030-10-06 17:00:00,0.006483111997779154
2030-10-06 18:00:00,0.0069529079932585496
2030-10-06 19:00:00,0.007212315052708054
2030-10-06 20:00:00,2.2722209499738746
2030-10-06 21:00:00,10.008193373164366
2030-10-06 22:00:00,47.208092799801335
2030-10-06 23:00:00,93.23868099000553
2030-10-07 00:00:00,165.48465078043324
2030-10-07 01:00:00,206.90433931416948
2030-10-07 02:00:00,143.86252190885833
2030-10-07 03:00:00,99.30356863799126
2030-10-07 04:00:00,89.95002825226595
2030-10-07 05:00:00,93.78599018451862
2030-10-07 06:00:00,259.1285040174427
2030-10-07 07:00:00,962.4829068474512
2030-10-07 08:00:00,1646.1442370981952
2030-10-07 09:00:00,2231.595453809466
2030-10-07 10:00:00,2520.696323061209
2030-10-07 11:00:00,2309.852978912775
2030-10-07 12:00:00,2217.0852496397856
2030-10-07 13:00:00,1770.6085455735354
2030-10-07 14:00:00,1129.2899481594707
2030-10-07 15:00:00,260.5606809626656
2030-10-07 16:00:00,0.006165405997059932
2030-10-07 17:00:00,0.005860567799781183
2030-10-07 18:00:00,0.0060321319307167845
2030-10-07 19:00:00,0.00608128384785212
2030-10-07 20:00:00,0.006097108715742182
2030-10-07 21:00:00,0.0060682036347651635
2030-10-07 22:00:00,0.005980829572751862
2030-10-07 23:00:00,0.005872474878926638
2030-10-08 00:00:00,0.005718289491752399
2030-10-08 01:00:00,0.005587040779678292
2030-10-08 02:00:00,0.005435369795427351
2030-10-08 03:00:00,0.005213033432606351
2030-10-08 04:00:00,0.005007443063885197
2030-10-08 05:00:00,0.0047946183257239275
2030-10-08 06:00:00,0.005157392183922372
2030-10-08 07:00:00,502.266086273373
2030-10-08 08:00:00,1513.2313579375896
2030-10-08 09:00:00,2328.502679651012
2030-10-08 10:00:00,2991.5121910342596
2030-10-08 11:00:00,2963.511725136391
2030-10-08 12:00:00,2787.72959658115
2030-10-08 13:00:00,2133.086290800841
2030-10-08 14:00:00,1200.0327698037765
2030-10-08 15:00:00,213.90988669279642
2030-10-08 16:00:00,0.004540396184956498
2030-10-08 17:00:00,0.0044951709620195115
2030-10-08 18:00:00,0.004646995150040207
2030-10-08 19:00:00,0.004760440966105001
2030-10-08 20:00:00,0.004823092480074129
2030-10-08 21:00:00,0.004876133375706562
2030-10-08 22:00:00,0.0049029867975548
2030-10-08 23:00:00,0.004910087684432461
2030-10-09 00:00:00,0.004903035064278933
2030-10-09 01:00:00,0.004858567549374925
2030-10-09 02:00:00,0.004762345653122374
2030-10-09 03:00:00,0.004625042768840763
2030-10-09 04:00:00,0.004605193500374787
2030-10-09 05:00:00,0.004678801942678374
2030-10-09 06:00:00,8.713710824910452
2030-10-09 07:00:00,901.5345973454462
2030-10-09 08:00:00,1959.2196169661606
2030-10-09 09:00:00,2637.3754582253596
2030-10-09 10:00:00,3035.4847518784068
2030-10-09 11:00:00,3003.452698927982
2030-10-09 12:00:00,2837.385718265862
2030-10-09 13:00:00,2419.5915300534125
2030-10-09 14:00:00,1617.109462122575
2030-10-09 15:00:00,575.8021043919051
2030-10-09 16:00:00,0.005154354732275085
2030-10-09 17:00:00,0.0043843758182526334
2030-10-09 18:00:00,0.004490418430410368
2030-10-09 19:00:00,0.0045306882949043715
2030-10-09 20:00:00,0.004573247854526925
2030-10-09 21:00:00,0.004637049725223269
2030-10-09 22:00:00,0.004746005682144894
2030-10-09 23:00:00,0.00480236243072147
2030-10-10 00:00:00,0.0049475249759022375
2030-10-10 01:00:00,0.00503386931092371
2030-10-10 02:00:00,0.005195743455837895
2030-10-10 03:00:00,0.0052570851096913505
2030-10-10 04:00:00,0.005571628977482451
2030-10-10 05:00:00,0.0056252330619077666
2030-10-10 06:00:00,16.75725811093606
2030-10-10 07:00:00,776.634761084298
2030-10-10 08:00:00,1716.6770362672648
2030-10-10 09:00:00,2347.795079851532
2030-10-10 10:00:00,2774.655681835203
2030-10-10 11:00:00,2629.150494364297
2030-10-10 12:00:00,2537.5665802927406
2030-10-10 13:00:00,2191.290589978954
2030-10-10 14:00:00,1455.5871574636033
2030-10-10 15:00:00,505.6094754771735
2030-10-10 16:00:00,0.005237190948863282
2030-10-10 17:00:00,0.004939268315572927
2030-10-10 18:00:00,0.005241048295040388
2030-10-10 19:00:00,0.005468933775049258
2030-10-10 20:00:00,0.005608833074169791
2030-10-10 21:00:00,0.005730773317907794
2030-10-10 22:00:00,0.005834694688233683
2030-10-10 23:00:00,0.005887105200309762
2030-10-11 00:00:00,0.006220415144507352
2030-10-11 01:00:00,0.00629300874072904
2030-10-11 02:00:00,0.006317182027045205
2030-10-11 03:00:00,0.006143501587594389
2030-10-11 04:00:00,0.00598512297868429
2030-10-11 05:00:00,0.006013223563329595
2030-10-11 06:00:00,3.4913215502003787
2030-10-11 07:00:00,415.6365314990252
2030-10-11 08:00:00,1151.1321070900804
2030-10-11 09:00:00,1660.1868096089308
2030-10-11 10:00:00,2000.6989592040786
2030-10-11 11:00:00,1951.6624503722912
2030-10-11 12:00:00,1729.063785927754
2030-10-11 13:00:00,1221.9981268699707
2030-10-11 14:00:00,581.7482227314758
2030-10-11 15:00:00,14.319519225014911
2030-10-11 16:00:00,0.006057084229034275
2030-10-11 17:00:00,0.006111842830716592
2030-10-11 18:00:00,0.0062738415410679114
2030-10-11 19:00:00,0.006311853736082163
2030-10-11 20:00:00,0.006310537665238492
2030-10-11 21:00:00,0.006279415913717078
2030-10-11 22:00:00,0.00624382600921538
2030-10-11 23:00:00,0.006188805517795128
2030-10-12 00:00:00,0.006134533284182257
2030-10-12 01:00:00,0.006154934026536582
2030-10-12 02:00:00,0.006151920313501234
2030-10-12 03:00:00,0.006260485635555627
2030-10-12 04:00:00,0.006529154336411998
2030-10-12 05:00:00,2.427617855401574
2030-10-12 06:00:00,20.78940794983796
2030-10-12 07:00:00,357.3765479604256
2030-10-12 08:00:00,840.9060954471622
2030-10-12 09:00:00,1347.9721714544407
2030-10-12 10:00:00,1858.5788550422635
2030-10-12 11:00:00,1910.0584202761058
2030-10-12 12:00:00,1774.338855981873
2030-10-12 13:00:00,1387.719636574225
2030-10-12 14:00:00,764.2756236060332
2030-10-12 15:00:00,214.07290965841167
2030-10-12 16:00:00,2.193137014197891
2030-10-12 17:00:00,0.008383294636193524
2030-10-12 18:00:00,1.1891445347496978
2030-10-12 19:00:00,2.6206377036061204
2030-10-12 20:00:00,4.643764336115837
2030-10-12 21:00:00,0.9345164031311114
2030-10-12 22:00:00,0.0074301231160125904
2030-10-12 23:00:00,1.3346839189006268
2030-10-13 00:00:00,3.759362703869016
2030-10-13 01:00:00,11.588960820947229
2030-10-13 02:00:00,11.943757807730176
2030-10-13 03:00:00,7.308720605071274
2030-10-13 04:00:00,18.95336841182922
2030-10-13 05:00:00,31.975472529956388
2030-10-13 06:00:00,87.5608753712719
2030-10-13 07:00:00,572.9812385585622
2030-10-13 08:00:00,1066.9502791649434
2030-10-13 09:00:00,1294.4993694934942
2030-10-13 10:00:00,1515.6665850338993
2030-10-13 11:00:00,1434.7038795620515
2030-10-13 12:00:00,1347.178431173208
2030-10-13 13:00:00,1018.8773327000006
2030-10-13 14:00:00,540.0495706927203
2030-10-13 15:00:00,33.235664992051845
2030-10-13 16:00:00,0.006874301092856626
2030-10-13 17:00:00,0.006847719482113271
2030-10-13 18:00:00,0.006978469038330595
2030-10-13 19:00:00,0.0070052012226355705
2030-10-13 20:00:00,0.007044323243642361
2030-10-13 21:00:00,0.007037998619103892
2030-10-13 22:00:00,0.006986012271824566
2030-10-13 23:00:00,0.006977944230973047
2030-10-14 00:00:00,0.006974599012596025
2030-10-14 01:00:00,0.00704351895367388
2030-10-14 02:00:00,0.007032672002723868
2030-10-14 03:00:00,0.0069506119213756275
2030-10-14 04:00:00,0.006904616505778817
2030-10-14 05:00:00,0.0067336712367401155
2030-10-14 06:00:00,0.007084590217370841
2030-10-14 07:00:00,105.81728724065009
2030-10-14 08:00:00,736.0785362079821
2030-10-14 09:00:00,1182.8541911118677
2030-10-14 10:00:00,1507.0379543289212
2030-10-14 11:00:00,1298.655925366185
2030-10-14 12:00:00,1294.3527154529986
2030-10-14 13:00:00,826.5333356438872
2030-10-14 14:00:00,171.34524972044682
2030-10-14 15:00:00,8.075486577415973
2030-10-14 16:00:00,0.006953364402974527
2030-10-14 17:00:00,0.007113509215973721
2030-10-14 18:00:00,0.007216229496502285
2030-10-14 19:00:00,0.007239564335619453
2030-10-14 20:00:00,0.007232958262587687
2030-10-14 21:00:00,0.00715250809314429
2030-10-14 22:00:00,0.007061328823751512
2030-10-14 23:00:00,0.006964969294093974
2030-10-15 00:00:00,0.0068217827915132805
2030-10-15 01:00:00,0.006707928965220491
2030-10-15 02:00:00,0.006595064410999709
2030-10-15 03:00:00,0.006462865756208108
2030-10-15 04:00:00,0.006304436214065521
2030-10-15 05:00:00,0.0060879412042798755
2030-10-15 06:00:00,0.0060302017289707195
2030-10-15 07:00:00,31.83758210958902
2030-10-15 08:00:00,312.85098663113376
2030-10-15 09:00:00,1129.4470131121327
2030-10-15 10:00:00,1776.2903788736674
2030-10-15 11:00:00,1742.745166192208
2030-10-15 12:00:00,1484.3291439746572
2030-10-15 13:00:00,969.3565127348018
2030-10-15 14:00:00,253.48156501808666
2030-10-15 15:00:00,14.715627971107901
2030-10-15 16:00:00,0.006072685146732352
2030-10-15 17:00:00,0.006231260640568843
2030-10-15 18:00:00,0.0063886450748557805
2030-10-15 19:00:00,0.006462579489436874
2030-10-15 20:00:00,0.00649071353199672
2030-10-15 21:00:00,0.0064745249098160235
2030-10-15 22:00:00,0.006425585915142704
2030-10-15 23:00:00,0.006372592491430789
2030-10-16 00:00:00,0.0062757216655976306
2030-10-16 01:00:00,0.006204445369690263
2030-10-16 02:00:00,0.006118132495938478
2030-10-16 03:00:00,0.006015401602053907
2030-10-16 04:00:00,0.005903965197751895
2030-10-16 05:00:00,0.0057793713820206444
2030-10-16 06:00:00,0.005771290662428329
2030-10-16 07:00:00,59.29203060274104
2030-10-16 08:00:00,573.5176723681102
2030-10-16 09:00:00,971.2123145703434
2030-10-16 10:00:00,1376.9580866767317
2030-10-16 11:00:00,1274.7393293762414
2030-10-16 12:00:00,1140.0068591829684
2030-10-16 13:00:00,782.4663269850023
2030-10-16 14:00:00,177.00916860602533
2030-10-16 15:00:00,7.665119715029789
2030-10-16 16:00:00,0.006127058346651738
2030-10-16 17:00:00,0.006251123974762848
2030-10-16 18:00:00,0.006489829828186319
2030-10-16 19:00:00,0.006619862378214495
2030-10-16 20:00:00,0.006711418923440859
2030-10-16 21:00:00,0.00673893213460082
2030-10-16 22:00:00,0.006766296667635237
2030-10-16 23:00:00,0.006796686997112465
2030-10-17 00:00:00,0.007091209993677043
2030-10-17 01:00:00,0.007395288665134692
2030-10-17 02:00:00,0.3251879775270779
2030-10-17 03:00:00,0.9391478015519921
2030-10-17 04:00:00,0.16627355310887018
2030-10-17 05:00:00,0.007535597112102497
2030-10-17 06:00:00,0.738513515801194
2030-10-17 07:00:00,73.02195317659567
2030-10-17 08:00:00,467.7155357324374
2030-10-17 09:00:00,897.8618794772747
2030-10-17 10:00:00,1319.185915438445
2030-10-17 11:00:00,1351.7190092280714
2030-10-17 12:00:00,1458.3226580575324
2030-10-17 13:00:00,1163.2769541138464
2030-10-17 14:00:00,329.60035310793853
2030-10-17 15:00:00,8.427678217070756
2030-10-17 16:00:00,0.006423102555432947
2030-10-17 17:00:00,0.006484051026056837
2030-10-17 18:00:00,0.006541990750124899
2030-10-17 19:00:00,0.006589110684453579
2030-10-17 20:00:00,0.006567915592055851
2030-10-17 21:00:00,0.006557125197630048
2030-10-17 22:00:00,0.006525189403613271
2030-10-17 23:00:00,0.006490008901541763
2030-10-18 00:00:00,0.006334510154239302
2030-10-18 01:00:00,0.006261761728711905
2030-10-18 02:00:00,0.006243411821301718
2030-10-18 03:00:00,0.006185759897620284
2030-10-18 04:00:00,0.00629489084083983
2030-10-18 05:00:00,0.00631891367317735
2030-10-18 06:00:00,6.383628357589028
2030-10-18 07:00:00,511.1233583150509
2030-10-18 08:00:00,1475.8148851653189
2030-10-18 09:00:00,2126.331516492291
2030-10-18 10:00:00,2511.721354426279
2030-10-18 11:00:00,2377.5863800203006
2030-10-18 12:00:00,2153.033016571373
2030-10-18 13:00:00,1531.3462614885009
2030-10-18 14:00:00,649.5567368158222
2030-10-18 15:00:00,17.519101020189712
2030-10-18 16:00:00,0.0061396879504895235
2030-10-18 17:00:00,0.006231429508205074
2030-10-18 18:00:00,0.006398945444098475
2030-10-18 19:00:00,0.006577805441951587
2030-10-18 20:00:00,0.006688843590306474
2030-10-18 21:00:00,0.0068264606824562125
2030-10-18 22:00:00,0.006745834225102781
2030-10-18 23:00:00,0.006747620864101479
2030-10-19 00:00:00,0.0068631292446390746
2030-10-19 01:00:00,0.0068767730724201654
2030-10-19 02:00:00,0.00685765517783157
2030-10-19 03:00:00,0.006769960779291415
2030-10-19 04:00:00,0.006609402072415938
2030-10-19 05:00:00,0.006519243442872497
2030-10-19 06:00:00,0.006631838799279754
2030-10-19 07:00:00,104.52479148294972
2030-10-19 08:00:00,880.7089995149793
2030-10-19 09:00:00,1495.0761017251043
2030-10-19 10:00:00,1715.1560171369329
2030-10-19 11:00:00,1497.0762481553922
2030-10-19 12:00:00,1296.9820044780574
2030-10-19 13:00:00,796.8521160974356
2030-10-19 14:00:00,100.21782245250839
2030-10-19 15:00:00,0.00680450675034878
2030-10-19 16:00:00,0.006264655517184603
2030-10-19 17:00:00,0.00640894417867963
2030-10-19 18:00:00,0.0065459950126400285
2030-10-19 19:00:00,0.0065599584028112334
2030-10-19 20:00:00,0.006550200956395787
2030-10-19 21:00:00,0.006473989047864951
2030-10-19 22:00:00,0.0064347320108660904
2030-10-19 23:00:00,0.0063451464907358715
2030-10-20 00:00:00,0.006307587671322994
2030-10-20 01:00:00,0.006264585624874823
2030-10-20 02:00:00,0.006153091895613037
2030-10-20 03:00:00,0.006031025262713338
2030-10-20 04:00:00,0.005923177896130584
2030-10-20 05:00:00,0.005720240768484245
2030-10-20 06:00:00,3.6376962613291477
2030-10-20 07:00:00,622.6531953964931
2030-10-20 08:00:00,1683.9603248299848
2030-10-20 09:00:00,2466.592603823869
2030-10-20 10:00:00,3049.0639201292693
2030-10-20 11:00:00,3069.3410241150464
2030-10-20 12:00:00,2802.447052465986
2030-10-20 13:00:00,2104.129183614155
2030-10-20 14:00:00,1204.9478628858037
2030-10-20 15:00:00,118.09072752551326
2030-10-20 16:00:00,0.0052321779034366295
2030-10-20 17:00:00,0.005348919346626753
2030-10-20 18:00:00,0.005578490536000468
2030-10-20 19:00:00,0.005710598005914026
2030-10-20 20:00:00,0.005791406740276301
2030-10-20 21:00:00,0.0058600626341459554
2030-10-20 22:00:00,0.005863976048842416
2030-10-20 23:00:00,0.0058476807243424
2030-10-21 00:00:00,0.005821024130523442
2030-10-21 01:00:00,0.005833833493948122
2030-10-21 02:00:00,0.00576501694382755
2030-10-21 03:00:00,0.005590888539298803
2030-10-21 04:00:00,0.005386763234514657
2030-10-21 05:00:00,0.0050982221450879515
2030-10-21 06:00:00,0.005761491042336406
2030-10-21 07:00:00,633.3267521035026
2030-10-21 08:00:00,1814.266484309763
2030-10-21 09:00:00,2720.688749291756
2030-10-21 10:00:00,3310.029966291115
2030-10-21 11:00:00,3304.7747644192896
2030-10-21 12:00:00,3097.55422594935
2030-10-21 13:00:00,2364.098600793482
2030-10-21 14:00:00,1361.3117284306502
2030-10-21 15:00:00,220.92853546989986
2030-10-21 16:00:00,0.00500085324056585
2030-10-21 17:00:00,0.00514079451069562
2030-10-21 18:00:00,0.00533511937981258
2030-10-21 19:00:00,0.005478288579380562
2030-10-21 20:00:00,0.005572435610785501
2030-10-21 21:00:00,0.005585357654467814
2030-10-21 22:00:00,0.005613440435276708
2030-10-21 23:00:00,0.005634057849961896
2030-10-22 00:00:00,0.00569644381019602
2030-10-22 01:00:00,0.005662357291380328
2030-10-22 02:00:00,0.005645090563593965
2030-10-22 03:00:00,0.005592790772825627
2030-10-22 04:00:00,0.0055323163688968495
2030-10-22 05:00:00,0.005386996135014333
2030-10-22 06:00:00,4.339730896852021
2030-10-22 07:00:00,511.1528678028602
2030-10-22 08:00:00,1283.5406785588912
2030-10-22 09:00:00,1741.5995353412463
2030-10-22 10:00:00,1869.9699290029455
2030-10-22 11:00:00,1799.6353231060714
2030-10-22 12:00:00,1720.403635553693
2030-10-22 13:00:00,1537.10948161638
2030-10-22 14:00:00,1028.5418453086327
2030-10-22 15:00:00,365.40632862257223
2030-10-22 16:00:00,1.847345267860756
2030-10-22 17:00:00,0.006103294385414543
2030-10-22 18:00:00,0.006447707610239259
2030-10-22 19:00:00,0.006490979237923359
2030-10-22 20:00:00,0.006541780514888183
2030-10-22 21:00:00,0.006858557267528389
2030-10-22 22:00:00,1.1402746011421492
2030-10-22 23:00:00,0.006988363407466851
2030-10-23 00:00:00,1.2196784357745782
2030-10-23 01:00:00,1.3508069324326741
2030-10-23 02:00:00,0.0057450663170183994
2030-10-23 03:00:00,0.005332645510995725
2030-10-23 04:00:00,0.00499920416238602
2030-10-23 05:00:00,0.004900452885434828
2030-10-23 06:00:00,2.34863890405666
2030-10-23 07:00:00,775.1610899448758
2030-10-23 08:00:00,1831.183083126182
2030-10-23 09:00:00,2687.5876967375375
2030-10-23 10:00:00,3313.0254729401677
2030-10-23 11:00:00,3539.1989923866563
2030-10-23 12:00:00,3418.304708697458
2030-10-23 13:00:00,2784.4850542262184
2030-10-23 14:00:00,1876.096623590514
2030-10-23 15:00:00,697.4943700671473
2030-10-23 16:00:00,0.005083451070265577
2030-10-23 17:00:00,0.0046082483710948976
2030-10-23 18:00:00,0.00473779150922536
2030-10-23 19:00:00,0.004844173983108583
2030-10-23 20:00:00,0.004952491169267308
2030-10-23 21:00:00,0.005143993713295592
2030-10-23 22:00:00,0.005294753403146885
2030-10-23 23:00:00,0.005354370383230516
2030-10-24 00:00:00,0.005497067463654119
2030-10-24 01:00:00,0.005504065423339749
2030-10-24 02:00:00,0.0054726286364295326
2030-10-24 03:00:00,0.005411820155862201
2030-10-24 04:00:00,0.005395923788125714
2030-10-24 05:00:00,0.00534048519083047
2030-10-24 06:00:00,0.005367581058093389
2030-10-24 07:00:00,62.51116904766924
2030-10-24 08:00:00,701.7493929006292
2030-10-24 09:00:00,1327.1064690293936
2030-10-24 10:00:00,1738.0033201569106
2030-10-24 11:00:00,1832.5534795714966
2030-10-24 12:00:00,1647.906180749938
2030-10-24 13:00:00,1205.5780167491425
2030-10-24 14:00:00,661.1937195856622
2030-10-24 15:00:00,20.272032391366807
2030-10-24 16:00:00,0.006341882658845359
2030-10-24 17:00:00,0.00640282956005828
2030-10-24 18:00:00,0.006605291421410817
2030-10-24 19:00:00,0.006729311271660834
2030-10-24 20:00:00,0.00689438648829597
2030-10-24 21:00:00,0.006914001149977189
2030-10-24 22:00:00,0.007070999817743492
2030-10-24 23:00:00,0.007369280431180266
2030-10-25 00:00:00,5.873855987310847
2030-10-25 01:00:00,11.955139091555408
2030-10-25 02:00:00,14.167599267429685
2030-10-25 03:00:00,18.968330875519403
2030-10-25 04:00:00,18.021892665984907
2030-10-25 05:00:00,14.98339341184392
2030-10-25 06:00:00,40.068778297927935
2030-10-25 07:00:00,608.2891697500525
2030-10-25 08:00:00,1284.8204767322047
2030-10-25 09:00:00,1873.1338596846626
2030-10-25 10:00:00,2202.9125573913198
2030-10-25 11:00:00,1941.0836083242693
2030-10-25 12:00:00,1688.982197218159
2030-10-25 13:00:00,1222.396120924303
2030-10-25 14:00:00,636.6453098201164
2030-10-25 15:00:00,45.17838483323558
2030-10-25 16:00:00,0.006955724462683203
2030-10-25 17:00:00,0.006932046415314358
2030-10-25 18:00:00,0.007218436742371568
2030-10-25 19:00:00,0.0073105995660103906
2030-10-25 20:00:00,0.007835426077797775
2030-10-25 21:00:00,0.007751618176067776
2030-10-25 22:00:00,0.00781884572668928
2030-10-25 23:00:00,0.00864613875941843
2030-10-26 00:00:00,2.697764022194524
2030-10-26 01:00:00,3.5181678784630144
2030-10-26 02:00:00,0.9870863103573385
2030-10-26 03:00:00,0.44993395104482575
2030-10-26 04:00:00,0.007443544222970694
2030-10-26 05:00:00,0.006397269989122819
2030-10-26 06:00:00,0.45333788080289694
2030-10-26 07:00:00,729.0816417241052
2030-10-26 08:00:00,1990.2710374682842
2030-10-26 09:00:00,3208.0078967373515
2030-10-26 10:00:00,4040.936735381001
2030-10-26 11:00:00,4099.914433713233
2030-10-26 12:00:00,3780.7235447169346
2030-10-26 13:00:00,2913.504609411676
2030-10-26 14:00:00,1721.015664463318
2030-10-26 15:00:00,130.56505670691803
2030-10-26 16:00:00,0.004722360805689973
2030-10-26 17:00:00,0.004980481961014278
2030-10-26 18:00:00,0.005206290393786571
2030-10-26 19:00:00,0.005413951400294732
2030-10-26 20:00:00,0.00555818122597213
2030-10-26 21:00:00,0.00564235121457149
2030-10-26 22:00:00,0.005718482529073312
2030-10-26 23:00:00,0.00573754102643516
2030-10-27 00:00:00,0.00568264574457459
2030-10-27 01:00:00,0.005649539247711138
2030-10-27 02:00:00,0.005608680427222607
2030-10-27 03:00:00,0.005542373935478649
2030-10-27 04:00:00,0.005457803601213268
2030-10-27 05:00:00,0.005376577125797036
2030-10-27 06:00:00,0.005345015931900281
2030-10-27 07:00:00,56.996314790705554
2030-10-27 08:00:00,1084.8790930164366
2030-10-27 09:00:00,1826.8521244905933
2030-10-27 10:00:00,2439.955186122329
2030-10-27 11:00:00,2701.6773945176205
2030-10-27 12:00:00,2529.479689748635
2030-10-27 13:00:00,1896.5366874252609
2030-10-27 14:00:00,899.3353215140784
2030-10-27 15:00:00,21.891167440749935
2030-10-27 16:00:00,0.005878656965629337
2030-10-27 17:00:00,0.006205514355156155
2030-10-27 18:00:00,0.006456571132591312
2030-10-27 19:00:00,0.006568217653026049
2030-10-27 20:00:00,0.006670769199647401
2030-10-27 21:00:00,0.006686195441274754
2030-10-27 22:00:00,0.006627476610251923
2030-10-27 23:00:00,0.006573084869126271
2030-10-28 00:00:00,0.006489567608201673
2030-10-28 01:00:00,0.006411098459003327
2030-10-28 02:00:00,0.00628951670366312
2030-10-28 03:00:00,0.006147681373579912
2030-10-28 04:00:00,0.006004851041755618
2030-10-28 05:00:00,0.005799715685455927
2030-10-28 06:00:00,0.005725770357235999
2030-10-28 07:00:00,74.88032211796599
2030-10-28 08:00:00,1121.5269050532918
2030-10-28 09:00:00,2050.270517667773
2030-10-28 10:00:00,2705.25374244814
2030-10-28 11:00:00,2916.068065682457
2030-10-28 12:00:00,2749.45598400525
2030-10-28 13:00:00,2104.4738479122675
2030-10-28 14:00:00,1086.152360054064
2030-10-28 15:00:00,26.157786970015124
2030-10-28 16:00:00,0.005334071703648378
2030-10-28 17:00:00,0.0055421340307055394
2030-10-28 18:00:00,0.0057257199646564665
2030-10-28 19:00:00,0.0058098818860281305
2030-10-28 20:00:00,0.005884403830411994
2030-10-28 21:00:00,0.005873632812785353
2030-10-28 22:00:00,0.005798965854704071
2030-10-28 23:00:00,0.0057115167730726404
2030-10-29 00:00:00,0.005592197298841087
2030-10-29 01:00:00,0.0054636012356682395
2030-10-29 02:00:00,0.005309401052249777
2030-10-29 03:00:00,0.005151937512141252
2030-10-29 04:00:00,0.004971242502778873
2030-10-29 05:00:00,0.004811607010796511
2030-10-29 06:00:00,0.004668125000647704
2030-10-29 07:00:00,251.19599151351963
2030-10-29 08:00:00,1415.6512193586173
2030-10-29 09:00:00,2257.547863182977
2030-10-29 10:00:00,2832.989437661945
2030-10-29 11:00:00,2941.9680028248563
2030-10-29 12:00:00,2731.240357743017
2030-10-29 13:00:00,2174.297793243568
2030-10-29 14:00:00,1279.7376110303705
2030-10-29 15:00:00,156.84335130569016
2030-10-29 16:00:00,0.0043366903921472294
2030-10-29 17:00:00,0.004375819279543915
2030-10-29 18:00:00,0.004471643872957004
2030-10-29 19:00:00,0.004523945076465275
2030-10-29 20:00:00,0.004582202301236609
2030-10-29 21:00:00,0.004641989809585857
2030-10-29 22:00:00,0.004646735658261108
2030-10-29 23:00:00,0.004704112659259322
2030-10-30 00:00:00,0.004958581927200305
2030-10-30 01:00:00,0.004897776744462753
2030-10-30 02:00:00,0.004783084859270992
2030-10-30 03:00:00,0.004697934061191894
2030-10-30 04:00:00,0.00456585543473495
2030-10-30 05:00:00,0.0046571369181121845
2030-10-30 06:00:00,11.075256653037167
2030-10-30 07:00:00,1251.0152298849114
2030-10-30 08:00:00,2825.0585384743076
2030-10-30 09:00:00,4030.096424874291
2030-10-30 10:00:00,2430.0850373329217
2030-10-30 11:00:00,2667.062749976937
2030-10-30 12:00:00,2422.5936553278566
2030-10-30 13:00:00,4093.9680800101123
2030-10-30 14:00:00,2871.8470469948293
2030-10-30 15:00:00,1149.135846104301
2030-10-30 16:00:00,0.7107913129258911
2030-10-30 17:00:00,0.004030815215728576
2030-10-30 18:00:00,0.003987884356925037
2030-10-30 19:00:00,0.004047255199651491
2030-10-30 20:00:00,0.004256028171081551
2030-10-30 21:00:00,0.004530130098162315
2030-10-30 22:00:00,0.004772922881745366
2030-10-30 23:00:00,0.005178926922770935
2030-10-31 00:00:00,0.005435287934141634
2030-10-31 01:00:00,0.005649475589887362
2030-10-31 02:00:00,0.005415387242115231
2030-10-31 03:00:00,0.005314612976718182
2030-10-31 04:00:00,0.0050709612853618476
2030-10-31 05:00:00,0.004790984958823444
2030-10-31 06:00:00,0.0046257679308186715
2030-10-31 07:00:00,525.1735863170969
2030-10-31 08:00:00,1690.4036362224783
2030-10-31 09:00:00,2654.474555424272
2030-10-31 10:00:00,3180.012762012632
2030-10-31 11:00:00,3220.396417082415
2030-10-31 12:00:00,3043.826960082068
2030-10-31 13:00:00,2461.1070224095256
2030-10-31 14:00:00,1604.0850539366036
2030-10-31 15:00:00,269.4112340440484
2030-10-31 16:00:00,0.004819318650951629
2030-10-31 17:00:00,0.00506626125637194
2030-10-31 18:00:00,0.0053013870870945515
2030-10-31 19:00:00,0.005498679582960134
2030-10-31 20:00:00,0.005681842585062522
2030-10-31 21:00:00,0.005765014475305963
2030-10-31 22:00:00,0.005832631997777685
2030-10-31 23:00:00,0.0058742830436965925
2030-11-01 00:00:00,0.005787777519488873
2030-11-01 01:00:00,0.005770876857997829
2030-11-01 02:00:00,0.005669169712907565
2030-11-01 03:00:00,0.005580272152756219
2030-11-01 04:00:00,0.005404683802534866
2030-11-01 05:00:00,0.005223853959651904
2030-11-01 06:00:00,0.005128056137687544
2030-11-01 07:00:00,147.08441752986587
2030-11-01 08:00:00,1429.70373326835
2030-11-01 09:00:00,2379.4283339209433
2030-11-01 10:00:00,2885.8889249119843
2030-11-01 11:00:00,3034.030934775872
2030-11-01 12:00:00,2794.488536891677
2030-11-01 13:00:00,1936.0427209588468
2030-11-01 14:00:00,491.51980793639507
2030-11-01 15:00:00,5.810567842577282
2030-11-01 16:00:00,0.0054869194982738395
2030-11-01 17:00:00,0.005795437695292862
2030-11-01 18:00:00,0.0060153577006049185
2030-11-01 19:00:00,0.006181170011806427
2030-11-01 20:00:00,0.00629057647290986
2030-11-01 21:00:00,0.006338852380562996
2030-11-01 22:00:00,0.006301227463397943
2030-11-01 23:00:00,0.006241761488592115
2030-11-02 00:00:00,0.006166398014157089
2030-11-02 01:00:00,0.006074574073213507
2030-11-02 02:00:00,0.005988335410254139
2030-11-02 03:00:00,0.005882664833313518
2030-11-02 04:00:00,0.0057713914628822315
2030-11-02 05:00:00,0.005602838459864706
2030-11-02 06:00:00,0.005431504130767966
2030-11-02 07:00:00,32.5011307055571
2030-11-02 08:00:00,921.4389468430414
2030-11-02 09:00:00,2146.4210387043677
2030-11-02 10:00:00,2827.534385534781
2030-11-02 11:00:00,3023.339332121893
2030-11-02 12:00:00,2706.193041350561
2030-11-02 13:00:00,1809.8121390096828
2030-11-02 14:00:00,175.7579191341656
2030-11-02 15:00:00,4.057805948735718
2030-11-02 16:00:00,0.005656682028996267
2030-11-02 17:00:00,0.006090853693710817
2030-11-02 18:00:00,0.0063350862364950885
2030-11-02 19:00:00,0.006457555103395342
2030-11-02 20:00:00,0.006525811434957689
2030-11-02 21:00:00,0.006519722014482069
2030-11-02 22:00:00,0.006477693150829642
2030-11-02 23:00:00,0.00639506841776602
2030-11-03 00:00:00,0.006267328256302364
2030-11-03 01:00:00,0.006140262657449204
2030-11-03 02:00:00,0.006001029257856181
2030-11-03 03:00:00,0.00584150280479849
2030-11-03 04:00:00,0.00563850887039956
2030-11-03 05:00:00,0.005399895784106939
2030-11-03 06:00:00,0.00508587657321081
2030-11-03 07:00:00,22.62472700132268
2030-11-03 08:00:00,784.7265724159373
2030-11-03 09:00:00,1910.7042701677995
2030-11-03 10:00:00,2585.077390783307
2030-11-03 11:00:00,2726.810829099458
2030-11-03 12:00:00,2309.4769421879314
2030-11-03 13:00:00,1469.4600162662668
2030-11-03 14:00:00,272.98468645426755
2030-11-03 15:00:00,5.345179034451089
2030-11-03 16:00:00,0.005156671619599757
2030-11-03 17:00:00,0.0053969432030497155
2030-11-03 18:00:00,0.005567143481575956
2030-11-03 19:00:00,0.005654041181038126
2030-11-03 20:00:00,0.005735648691716669
2030-11-03 21:00:00,0.005763860258673325
2030-11-03 22:00:00,0.005764232313043724
2030-11-03 23:00:00,0.005719462487716841
2030-11-04 00:00:00,0.005622541923537132
2030-11-04 01:00:00,0.005542724284915264
2030-11-04 02:00:00,0.005449642823371463
2030-11-04 03:00:00,0.005334506763819772
2030-11-04 04:00:00,0.005185695055549542
2030-11-04 05:00:00,0.004983889324040251
2030-11-04 06:00:00,0.004807158242985731
2030-11-04 07:00:00,56.92543323260201
2030-11-04 08:00:00,1000.7525800562695
2030-11-04 09:00:00,2071.6741084500522
2030-11-04 10:00:00,2879.422185908188
2030-11-04 11:00:00,2938.5586869339745
2030-11-04 12:00:00,2642.7634137311616
2030-11-04 13:00:00,1824.8797596584786
2030-11-04 14:00:00,561.6544068330959
2030-11-04 15:00:00,9.091338427792166
2030-11-04 16:00:00,0.004888803085798751
2030-11-04 17:00:00,0.005121257137364225
2030-11-04 18:00:00,0.005192283432731256
2030-11-04 19:00:00,0.005303590315254429
2030-11-04 20:00:00,0.005416888351754568
2030-11-04 21:00:00,0.005534358269310674
2030-11-04 22:00:00,0.005621915982938378
2030-11-04 23:00:00,0.005674020681609272
2030-11-05 00:00:00,0.00569131240572782
2030-11-05 01:00:00,0.005803998070868991
2030-11-05 02:00:00,0.006103835512295984
2030-11-05 03:00:00,0.005520670432930843
2030-11-05 04:00:00,0.005039204719454949
2030-11-05 05:00:00,0.0047888721424842505
2030-11-05 06:00:00,0.004640770343681051
2030-11-05 07:00:00,107.65062541179378
2030-11-05 08:00:00,1397.3857559848584
2030-11-05 09:00:00,2541.3285732246227
2030-11-05 10:00:00,3356.1104552285074
2030-11-05 11:00:00,3559.640747738412
2030-11-05 12:00:00,3295.672902553187
2030-11-05 13:00:00,2467.2481016623105
2030-11-05 14:00:00,1129.4675285307203
2030-11-05 15:00:00,18.557844139289884
2030-11-05 16:00:00,0.003965181132324111
2030-11-05 17:00:00,0.004138652934482743
2030-11-05 18:00:00,0.004280288511525304
2030-11-05 19:00:00,0.0044220702888650215
2030-11-05 20:00:00,0.004556508444694971
2030-11-05 21:00:00,0.004660729642939716
2030-11-05 22:00:00,0.0047184841261918905
2030-11-05 23:00:00,0.004749005681701305
2030-11-06 00:00:00,0.0048037179556897685
2030-11-06 01:00:00,0.004806978087306105
2030-11-06 02:00:00,0.00475746392259001
2030-11-06 03:00:00,0.004667048585643877
2030-11-06 04:00:00,0.0045823313048522375
2030-11-06 05:00:00,0.004516604206558078
2030-11-06 06:00:00,0.004448613264646895
2030-11-06 07:00:00,66.5292324861561
2030-11-06 08:00:00,1391.4740584777412
2030-11-06 09:00:00,2506.0579816176614
2030-11-06 10:00:00,3019.319360886559
2030-11-06 11:00:00,2787.9768909875343
2030-11-06 12:00:00,2788.0836181024783
2030-11-06 13:00:00,2026.7042630189012
2030-11-06 14:00:00,864.239890113307
2030-11-06 15:00:00,20.31543964343363
2030-11-06 16:00:00,0.004637209151414131
2030-11-06 17:00:00,0.004909528199946332
2030-11-06 18:00:00,0.0051659934001657935
2030-11-06 19:00:00,0.005407944182321386
2030-11-06 20:00:00,0.005589336810969425
2030-11-06 21:00:00,0.00571339707888281
2030-11-06 22:00:00,0.005777381666780081
2030-11-06 23:00:00,0.005805959631034064
2030-11-07 00:00:00,0.005804143315861654
2030-11-07 01:00:00,0.005787384198684822
2030-11-07 02:00:00,0.005746977444400468
2030-11-07 03:00:00,0.005685541941190808
2030-11-07 04:00:00,0.005600809499120632
2030-11-07 05:00:00,0.005504612892292636
2030-11-07 06:00:00,0.005406227362431551
2030-11-07 07:00:00,17.01998297159722
2030-11-07 08:00:00,552.2594836445178
2030-11-07 09:00:00,1669.9139825708314
2030-11-07 10:00:00,2338.13065713577
2030-11-07 11:00:00,2368.725873124748
2030-11-07 12:00:00,1979.5414326771777
2030-11-07 13:00:00,1149.9338186203663
2030-11-07 14:00:00,181.36072139537703
2030-11-07 15:00:00,2.162263236436719
2030-11-07 16:00:00,0.00598586196012107
2030-11-07 17:00:00,0.006292810480372225
2030-11-07 18:00:00,0.006437239117065329
2030-11-07 19:00:00,0.006504770675727345
2030-11-07 20:00:00,0.006518395677203273
2030-11-07 21:00:00,0.006504917975894144
2030-11-07 22:00:00,0.006415516504819546
2030-11-07 23:00:00,0.006299778729591605
2030-11-08 00:00:00,0.006172763354591229
2030-11-08 01:00:00,0.006045037951599964
2030-11-08 02:00:00,0.0059336316312509525
2030-11-08 03:00:00,0.005801797480134366
2030-11-08 04:00:00,0.005644723970517659
2030-11-08 05:00:00,0.0054503060344113
2030-11-08 06:00:00,0.00529988808467747
2030-11-08 07:00:00,63.45770277411638
2030-11-08 08:00:00,1148.8933632755936
2030-11-08 09:00:00,2156.389724851037
2030-11-08 10:00:00,2866.103623676111
2030-11-08 11:00:00,2906.3954157826897
2030-11-08 12:00:00,2520.5740753918603
2030-11-08 13:00:00,1746.9277711609584
2030-11-08 14:00:00,822.5571859335583
2030-11-08 15:00:00,24.211329284721256
2030-11-08 16:00:00,0.0056105414092671845
2030-11-08 17:00:00,0.005873692990770269
2030-11-08 18:00:00,0.006102160750477384
2030-11-08 19:00:00,0.006351539323742953
2030-11-08 20:00:00,0.006652772702251808
2030-11-08 21:00:00,0.007085825524761
2030-11-08 22:00:00,0.007333236366622363
2030-11-08 23:00:00,0.0076009701815650315
2030-11-09 00:00:00,0.008520683337792486
2030-11-09 01:00:00,3.7039241344254217
2030-11-09 02:00:00,3.5126232045708283
2030-11-09 03:00:00,2.795405636623852
2030-11-09 04:00:00,2.088709129664573
2030-11-09 05:00:00,0.0072874086573412825
2030-11-09 06:00:00,0.0065605271591636614
2030-11-09 07:00:00,180.89182363841599
2030-11-09 08:00:00,1187.0891743238305
2030-11-09 09:00:00,1828.519067620377
2030-11-09 10:00:00,2282.1111083333653
2030-11-09 11:00:00,2435.0644122272843
2030-11-09 12:00:00,2335.0067637654106
2030-11-09 13:00:00,1668.9343379190273
2030-11-09 14:00:00,663.0252213912403
2030-11-09 15:00:00,6.6989392766473115
2030-11-09 16:00:00,0.0054853192841363115
2030-11-09 17:00:00,0.005732141971045091
2030-11-09 18:00:00,0.005844436109090935
2030-11-09 19:00:00,0.005981974360675423
2030-11-09 20:00:00,0.006039866108390794
2030-11-09 21:00:00,0.0059912318884545075
2030-11-09 22:00:00,0.0059231472447303455
2030-11-09 23:00:00,0.005941886140755427
2030-11-10 00:00:00,0.005938181196720671
2030-11-10 01:00:00,0.006060134627590431
2030-11-10 02:00:00,0.006264752749663081
2030-11-10 03:00:00,0.005790336717435771
2030-11-10 04:00:00,0.005620255890079179
2030-11-10 05:00:00,0.005446022649922666
2030-11-10 06:00:00,0.0052429823476876965
2030-11-10 07:00:00,186.76746327909328
2030-11-10 08:00:00,1608.0672809339633
2030-11-10 09:00:00,2710.539855293231
2030-11-10 10:00:00,3394.294786000557
2030-11-10 11:00:00,3567.6143170913438
2030-11-10 12:00:00,3198.208211839292
2030-11-10 13:00:00,2407.2031841223543
2030-11-10 14:00:00,1279.100694711346
2030-11-10 15:00:00,33.70520668355002
2030-11-10 16:00:00,0.004959747747902045
2030-11-10 17:00:00,0.005218576257835967
2030-11-10 18:00:00,0.005404279447826052
2030-11-10 19:00:00,0.005550376443590124
2030-11-10 20:00:00,0.005678949751833443
2030-11-10 21:00:00,0.005763229259928183
2030-11-10 22:00:00,0.005877250690627745
2030-11-10 23:00:00,0.005908484114606035
2030-11-11 00:00:00,0.006030283346844183
2030-11-11 01:00:00,0.006259646995232791
2030-11-11 02:00:00,0.006173452308930891
2030-11-11 03:00:00,0.006082714310458572
2030-11-11 04:00:00,0.005824902388971126
2030-11-11 05:00:00,0.005599779645594153
2030-11-11 06:00:00,0.005340819572738482
2030-11-11 07:00:00,150.12115813641856
2030-11-11 08:00:00,1444.9085749561245
2030-11-11 09:00:00,2389.583011167431
2030-11-11 10:00:00,3135.549881788244
2030-11-11 11:00:00,3346.1055898359737
2030-11-11 12:00:00,3168.4812219849705
2030-11-11 13:00:00,2541.3087855857125
2030-11-11 14:00:00,1367.791762752837
2030-11-11 15:00:00,26.87903241218715
2030-11-11 16:00:00,0.004819908920574627
2030-11-11 17:00:00,0.005022060372607753
2030-11-11 18:00:00,0.005202934373921318
2030-11-11 19:00:00,0.005311372915359991
2030-11-11 20:00:00,0.005373144742651364
2030-11-11 21:00:00,0.005383822012763601
2030-11-11 22:00:00,0.005398239413614458
2030-11-11 23:00:00,0.005431398588564182
2030-11-12 00:00:00,0.005497447100000255
2030-11-12 01:00:00,0.0054854400429041415
2030-11-12 02:00:00,0.005365253966909289
2030-11-12 03:00:00,0.005230840169467326
2030-11-12 04:00:00,0.005031131608780445
2030-11-12 05:00:00,0.004859305152064064
2030-11-12 06:00:00,0.004619410221359467
2030-11-12 07:00:00,265.64517556270073
2030-11-12 08:00:00,1692.5195417035393
2030-11-12 09:00:00,2939.829336508766
2030-11-12 10:00:00,3662.6707937754786
2030-11-12 11:00:00,3798.632118547005
2030-11-12 12:00:00,3557.2225655211346
2030-11-12 13:00:00,2865.3887044456023
2030-11-12 14:00:00,1710.439108468301
2030-11-12 15:00:00,208.80548570963273
2030-11-12 16:00:00,0.004339425726059633
2030-11-12 17:00:00,0.0043988479198217665
2030-11-12 18:00:00,0.004559223847251166
2030-11-12 19:00:00,0.004672850090692975
2030-11-12 20:00:00,0.00480234742757096
2030-11-12 21:00:00,0.004889404099322918
2030-11-12 22:00:00,0.004975265775639457
2030-11-12 23:00:00,0.0050119749695095635
2030-11-13 00:00:00,0.005012007619661574
2030-11-13 01:00:00,0.004988311310170144
2030-11-13 02:00:00,0.004902310347387045
2030-11-13 03:00:00,0.004838965025693635
2030-11-13 04:00:00,0.004693970987820498
2030-11-13 05:00:00,0.004662939151331423
2030-11-13 06:00:00,0.004668136782573605
2030-11-13 07:00:00,80.07034794052831
2030-11-13 08:00:00,1273.996683327915
2030-11-13 09:00:00,2115.5485040304743
2030-11-13 10:00:00,2561.2356478231436
2030-11-13 11:00:00,2377.020139929829
2030-11-13 12:00:00,1931.113640000986
2030-11-13 13:00:00,1337.5721775048353
2030-11-13 14:00:00,472.81454688988936
2030-11-13 15:00:00,1.1835806723611153
2030-11-13 16:00:00,0.004590092287748909
2030-11-13 17:00:00,0.004827868478832419
2030-11-13 18:00:00,0.004965946037857867
2030-11-13 19:00:00,0.005178859696213423
2030-11-13 20:00:00,0.0053842174733510564
2030-11-13 21:00:00,0.005503705123847968
2030-11-13 22:00:00,0.005613044356390969
2030-11-13 23:00:00,0.00574732367537289
2030-11-14 00:00:00,1.7423377674970635
2030-11-14 01:00:00,3.310880559824927
2030-11-14 02:00:00,2.449615621495121
2030-11-14 03:00:00,2.127618551285135
2030-11-14 04:00:00,2.1624768140895076
2030-11-14 05:00:00,0.0066468973206989645
2030-11-14 06:00:00,0.005879797756194382
2030-11-14 07:00:00,119.54970440553826
2030-11-14 08:00:00,1288.7721813960413
2030-11-14 09:00:00,2294.8986020606453
2030-11-14 10:00:00,3016.876727064047
2030-11-14 11:00:00,3157.4161238969355
2030-11-14 12:00:00,2931.1252896397436
2030-11-14 13:00:00,2225.639833266999
2030-11-14 14:00:00,1090.9817007649767
2030-11-14 15:00:00,18.658293356352303
2030-11-14 16:00:00,0.005321382858284053
2030-11-14 17:00:00,0.005584884875152487
2030-11-14 18:00:00,0.005840287696956679
2030-11-14 19:00:00,0.006110802657083679
2030-11-14 20:00:00,0.0063184107032564964
2030-11-14 21:00:00,0.006458303296049922
2030-11-14 22:00:00,0.006543140138818283
2030-11-14 23:00:00,0.0066457589162964015
2030-11-15 00:00:00,0.006674169929031109
2030-11-15 01:00:00,0.006799364576673862
2030-11-15 02:00:00,0.006695773334217623
2030-11-15 03:00:00,0.0064430642958050914
2030-11-15 04:00:00,0.006318841083465721
2030-11-15 05:00:00,0.006118388722245767
2030-11-15 06:00:00,0.00579623253342605
2030-11-15 07:00:00,39.50661370081639
2030-11-15 08:00:00,908.384269353608
2030-11-15 09:00:00,1854.7917685875354
2030-11-15 10:00:00,2499.784283524336
2030-11-15 11:00:00,2675.614255711999
2030-11-15 12:00:00,2375.595932775524
2030-11-15 13:00:00,1630.6482049090935
2030-11-15 14:00:00,324.5503187832053
2030-11-15 15:00:00,4.051198442469961
2030-11-15 16:00:00,0.00569207807318188
2030-11-15 17:00:00,0.006021783066160885
2030-11-15 18:00:00,0.006234490952343904
2030-11-15 19:00:00,0.006321542611966355
2030-11-15 20:00:00,0.006384850321302598
2030-11-15 21:00:00,0.006362120091274313
2030-11-15 22:00:00,0.00628509315539418
2030-11-15 23:00:00,0.006188787239772102
2030-11-16 00:00:00,0.006048225318718394
2030-11-16 01:00:00,0.005975340561764303
2030-11-16 02:00:00,0.005873234240848917
2030-11-16 03:00:00,0.0057498139889072715
2030-11-16 04:00:00,0.00560321241328743
2030-11-16 05:00:00,0.005432284745027761
2030-11-16 06:00:00,0.005212072646700585
2030-11-16 07:00:00,11.065311734548953
2030-11-16 08:00:00,521.8430827591759
2030-11-16 09:00:00,1979.7156997001862
2030-11-16 10:00:00,2658.2468008980777
2030-11-16 11:00:00,2857.787906358175
2030-11-16 12:00:00,2579.1603748694333
2030-11-16 13:00:00,1595.6089115477725
2030-11-16 14:00:00,203.47752669873648
2030-11-16 15:00:00,3.2506054610824155
2030-11-16 16:00:00,0.005411046728498519
2030-11-16 17:00:00,0.005734179732418751
2030-11-16 18:00:00,0.005973121983905265
2030-11-16 19:00:00,0.006098604322793192
2030-11-16 20:00:00,0.006177582016478633
2030-11-16 21:00:00,0.006192903736157369
2030-11-16 22:00:00,0.006175081763541158
2030-11-16 23:00:00,0.006103303435674025
2030-11-17 00:00:00,0.006011934255135694
2030-11-17 01:00:00,0.005908072253258423
2030-11-17 02:00:00,0.005798073817853376
2030-11-17 03:00:00,0.00571305642925064
2030-11-17 04:00:00,0.005570986696085633
2030-11-17 05:00:00,0.005428919768534475
2030-11-17 06:00:00,0.005224884079688741
2030-11-17 07:00:00,17.29163635775237
2030-11-17 08:00:00,726.9328336693334
2030-11-17 09:00:00,2244.278233391554
2030-11-17 10:00:00,2979.8341940431364
2030-11-17 11:00:00,3115.9480569924676
2030-11-17 12:00:00,2763.2129627524114
2030-11-17 13:00:00,1788.5125937000414
2030-11-17 14:00:00,260.2293824040334
2030-11-17 15:00:00,4.57599394102737
2030-11-17 16:00:00,0.005462253511620892
2030-11-17 17:00:00,0.005832842297499841
2030-11-17 18:00:00,0.006072865535715425
2030-11-17 19:00:00,0.006216257441492821
2030-11-17 20:00:00,0.006348264411132985
2030-11-17 21:00:00,0.006426194989161667
2030-11-17 22:00:00,0.006440696732811624
2030-11-17 23:00:00,0.006413069072089626
2030-11-18 00:00:00,0.006375306441007667
2030-11-18 01:00:00,0.006336328940343746
2030-11-18 02:00:00,0.006315381805064168
2030-11-18 03:00:00,0.006277924728684293
2030-11-18 04:00:00,0.006216507161297662
2030-11-18 05:00:00,0.006159598471632525
2030-11-18 06:00:00,0.006061226696757583
2030-11-18 07:00:00,7.656034032918906
2030-11-18 08:00:00,173.12034851468442
2030-11-18 09:00:00,1118.7199914584126
2030-11-18 10:00:00,1768.5549409962002
2030-11-18 11:00:00,1944.2556712339683
2030-11-18 12:00:00,1700.9637199632461
2030-11-18 13:00:00,1088.8115914287234
2030-11-18 14:00:00,172.71143921437522
2030-11-18 15:00:00,0.4017364440352585
2030-11-18 16:00:00,0.005990164298998625
2030-11-18 17:00:00,0.006226457287011437
2030-11-18 18:00:00,0.006326480596705354
2030-11-18 19:00:00,0.006376201857432617
2030-11-18 20:00:00,0.006384447745035341
2030-11-18 21:00:00,0.0063817303471212505
2030-11-18 22:00:00,0.00636054817843675
2030-11-18 23:00:00,0.00630781854488115
2030-11-19 00:00:00,0.006258438819164395
2030-11-19 01:00:00,0.006165465689722975
2030-11-19 02:00:00,0.006043803138213579
2030-11-19 03:00:00,0.005724014707498337
2030-11-19 04:00:00,0.005407399330704561
2030-11-19 05:00:00,0.005111474959121273
2030-11-19 06:00:00,0.004838150570913807
2030-11-19 07:00:00,65.6137875824109
2030-11-19 08:00:00,1333.0613489142345
2030-11-19 09:00:00,2412.6565522339965
2030-11-19 10:00:00,3175.0329011698273
2030-11-19 11:00:00,3364.492912369346
2030-11-19 12:00:00,3058.37504509117
2030-11-19 13:00:00,2474.537423001088
2030-11-19 14:00:00,1290.9385846556247
2030-11-19 15:00:00,44.29960185443223
2030-11-19 16:00:00,0.00447314909373378
2030-11-19 17:00:00,0.004642943642093459
2030-11-19 18:00:00,0.004871061711649744
2030-11-19 19:00:00,0.005038993424341294
2030-11-19 20:00:00,0.005178352460154304
2030-11-19 21:00:00,0.005401051134479191
2030-11-19 22:00:00,0.005621158456288333
2030-11-19 23:00:00,0.005735743495426399
2030-11-20 00:00:00,0.005997168048432867
2030-11-20 01:00:00,0.006931628906209903
2030-11-20 02:00:00,0.005956997454807994
2030-11-20 03:00:00,0.0059610939003663
2030-11-20 04:00:00,0.005996043740137815
2030-11-20 05:00:00,0.005689085350896142
2030-11-20 06:00:00,0.0055709944367036066
2030-11-20 07:00:00,79.42730383720198
2030-11-20 08:00:00,1084.051971585432
2030-11-20 09:00:00,1911.5433441421694
2030-11-20 10:00:00,2547.176707301671
2030-11-20 11:00:00,2676.2237010531335
2030-11-20 12:00:00,2395.9908036531833
2030-11-20 13:00:00,1801.2321084220941
2030-11-20 14:00:00,871.5082025070609
2030-11-20 15:00:00,13.409905362479916
2030-11-20 16:00:00,0.005046154044302581
2030-11-20 17:00:00,0.005337381595140005
2030-11-20 18:00:00,0.005667693876880136
2030-11-20 19:00:00,0.005896532409569154
2030-11-20 20:00:00,0.006073741709302176
2030-11-20 21:00:00,0.006171127696532619
2030-11-20 22:00:00,0.00635074700817257
2030-11-20 23:00:00,0.006530498556540452
2030-11-21 00:00:00,0.006807648658452806
2030-11-21 01:00:00,0.007107440733825161
2030-11-21 02:00:00,0.007936071709521635
2030-11-21 03:00:00,0.5644507247333742
2030-11-21 04:00:00,0.006830948867127956
2030-11-21 05:00:00,0.006630724703015304
2030-11-21 06:00:00,0.006195250362195093
2030-11-21 07:00:00,21.825892720297855
2030-11-21 08:00:00,657.9374881347412
2030-11-21 09:00:00,1588.9495300148465
2030-11-21 10:00:00,2295.1554248610355
2030-11-21 11:00:00,2553.0312319709874
2030-11-21 12:00:00,2510.2978705944324
2030-11-21 13:00:00,1829.9511688508303
2030-11-21 14:00:00,445.8047862115305
2030-11-21 15:00:00,2.398314652861858
2030-11-21 16:00:00,0.005771889446085817
2030-11-21 17:00:00,0.00608954461815328
2030-11-21 18:00:00,0.0063082055003417445
2030-11-21 19:00:00,0.006382019779011051
2030-11-21 20:00:00,0.006476569979520998
2030-11-21 21:00:00,0.006484529203366342
2030-11-21 22:00:00,0.006465166963511399
2030-11-21 23:00:00,0.006428425117366774
2030-11-22 00:00:00,0.00634636393205421
2030-11-22 01:00:00,0.006303088933112811
2030-11-22 02:00:00,0.0062800400439024795
2030-11-22 03:00:00,0.006253302225020853
2030-11-22 04:00:00,0.006217996031325423
2030-11-22 05:00:00,0.00614058939504666
2030-11-22 06:00:00,0.006084122925896134
2030-11-22 07:00:00,7.413445870411314
2030-11-22 08:00:00,470.8750232129794
2030-11-22 09:00:00,1256.828978861998
2030-11-22 10:00:00,1710.6598397075654
2030-11-22 11:00:00,1744.3604470186751
2030-11-22 12:00:00,1604.0844704886981
2030-11-22 13:00:00,1091.7992171780343
2030-11-22 14:00:00,255.12237743320023
2030-11-22 15:00:00,3.0647775346389685
2030-11-22 16:00:00,0.007190292234958268
2030-11-22 17:00:00,0.007281022785246645
2030-11-22 18:00:00,0.007473055284744277
2030-11-22 19:00:00,0.00785108202066865
2030-11-22 20:00:00,0.008858350340917117
2030-11-22 21:00:00,0.008768839176443229
2030-11-22 22:00:00,0.008591043514285884
2030-11-22 23:00:00,0.008339094885496594
2030-11-23 00:00:00,0.027977040025491492
2030-11-23 01:00:00,4.779693294984379
2030-11-23 02:00:00,4.044389620031316
2030-11-23 03:00:00,2.1509127281854106
2030-11-23 04:00:00,2.3554336110086327
2030-11-23 05:00:00,4.267141164810052
2030-11-23 06:00:00,1.366340533717822
2030-11-23 07:00:00,102.50782826727985
2030-11-23 08:00:00,648.3127191366013
2030-11-23 09:00:00,1105.7611412403137
2030-11-23 10:00:00,1548.768101104027
2030-11-23 11:00:00,1809.1087838271499
2030-11-23 12:00:00,1940.6000864614036
2030-11-23 13:00:00,1754.9350879957055
2030-11-23 14:00:00,986.8092676441265
2030-11-23 15:00:00,35.37411645628825
2030-11-23 16:00:00,0.0070196445903698435
2030-11-23 17:00:00,0.00724748983446532
2030-11-23 18:00:00,0.00785183893312386
2030-11-23 19:00:00,0.008144309071695218
2030-11-23 20:00:00,0.008150161048275397
2030-11-23 21:00:00,0.007871581616781826
2030-11-23 22:00:00,0.007608776210808611
2030-11-23 23:00:00,0.007448211773993617
2030-11-24 00:00:00,2.2254028978038143
2030-11-24 01:00:00,2.689898903799799
2030-11-24 02:00:00,6.651740064174958
2030-11-24 03:00:00,9.424505154729681
2030-11-24 04:00:00,12.234504336177825
2030-11-24 05:00:00,4.157873761411766
2030-11-24 06:00:00,0.007118849757833955
2030-11-24 07:00:00,276.08871393368827
2030-11-24 08:00:00,1445.1245870662174
2030-11-24 09:00:00,2529.234650270363
2030-11-24 10:00:00,3292.4128076093743
2030-11-24 11:00:00,3492.705498104935
2030-11-24 12:00:00,3195.50967117246
2030-11-24 13:00:00,2282.764335084196
2030-11-24 14:00:00,1101.4308974676414
2030-11-24 15:00:00,6.1414310046642555
2030-11-24 16:00:00,0.004897937161239251
2030-11-24 17:00:00,0.005238448763128683
2030-11-24 18:00:00,0.005461137267826346
2030-11-24 19:00:00,0.005676318522624343
2030-11-24 20:00:00,0.005878713434615792
2030-11-24 21:00:00,0.006008895258064723
2030-11-24 22:00:00,0.006200684221825956
2030-11-24 23:00:00,0.00627767966308139
2030-11-25 00:00:00,0.006470711304061673
2030-11-25 01:00:00,0.007271108358285452
2030-11-25 02:00:00,2.4604464123355427
2030-11-25 03:00:00,0.0068600189687440345
2030-11-25 04:00:00,0.00631793135960982
2030-11-25 05:00:00,0.0060638629181591
2030-11-25 06:00:00,0.005569265355806319
2030-11-25 07:00:00,52.31574608253851
2030-11-25 08:00:00,1355.5394863940044
2030-11-25 09:00:00,2425.064283715062
2030-11-25 10:00:00,3049.2129959348326
2030-11-25 11:00:00,3201.818682358142
2030-11-25 12:00:00,3037.913617985963
2030-11-25 13:00:00,2291.939704257969
2030-11-25 14:00:00,1040.7502850938497
2030-11-25 15:00:00,2.4267304224323065
2030-11-25 16:00:00,0.004962379999058152
2030-11-25 17:00:00,0.005319152520016024
2030-11-25 18:00:00,0.00557876356027005
2030-11-25 19:00:00,0.005769836437044172
2030-11-25 20:00:00,0.00585151851624159
2030-11-25 21:00:00,0.005937793943625638
2030-11-25 22:00:00,0.006061581247827123
2030-11-25 23:00:00,0.006238944430829866
2030-11-26 00:00:00,0.007294303696824288
2030-11-26 01:00:00,4.250260855725344
2030-11-26 02:00:00,10.362051148691647
2030-11-26 03:00:00,7.9652257884119955
2030-11-26 04:00:00,5.350652897441281
2030-11-26 05:00:00,3.475697519290909
2030-11-26 06:00:00,0.08954807775959034
2030-11-26 07:00:00,60.40883812382726
2030-11-26 08:00:00,856.0145266898397
2030-11-26 09:00:00,1469.0692812651946
2030-11-26 10:00:00,1967.2798416856413
2030-11-26 11:00:00,2186.645618874254
2030-11-26 12:00:00,2069.888590083392
2030-11-26 13:00:00,1573.258205034095
2030-11-26 14:00:00,538.5718260247751
2030-11-26 15:00:00,2.954228117629299
2030-11-26 16:00:00,0.005137159409451213
2030-11-26 17:00:00,0.005320763246240515
2030-11-26 18:00:00,0.005473436285813376
2030-11-26 19:00:00,0.005596078006909172
2030-11-26 20:00:00,0.005694739347746617
2030-11-26 21:00:00,0.005700650957567508
2030-11-26 22:00:00,0.005739116669129946
2030-11-26 23:00:00,0.00576400366754144
2030-11-27 00:00:00,0.005829964440111647
2030-11-27 01:00:00,0.005767206202330285
2030-11-27 02:00:00,0.005674346927245115
2030-11-27 03:00:00,0.005432064526332117
2030-11-27 04:00:00,0.005327105919888411
2030-11-27 05:00:00,0.005305096875051638
2030-11-27 06:00:00,0.005461990473830859
2030-11-27 07:00:00,28.116395038201382
2030-11-27 08:00:00,1016.5072656282983
2030-11-27 09:00:00,2013.6670234285054
2030-11-27 10:00:00,2660.917809976579
2030-11-27 11:00:00,2882.8640496167895
2030-11-27 12:00:00,2534.244225604756
2030-11-27 13:00:00,1869.195528000783
2030-11-27 14:00:00,829.3318811736856
2030-11-27 15:00:00,12.508046954886291
2030-11-27 16:00:00,0.004911336060663537
2030-11-27 17:00:00,0.005206486515618857
2030-11-27 18:00:00,0.005476039095659158
2030-11-27 19:00:00,0.005691129888001495
2030-11-27 20:00:00,0.005897814087149688
2030-11-27 21:00:00,0.006025704035957116
2030-11-27 22:00:00,0.006166944649101846
2030-11-27 23:00:00,0.006301889232345509
2030-11-28 00:00:00,0.006415560332785657
2030-11-28 01:00:00,0.006532831161987513
2030-11-28 02:00:00,0.006622099873202698
2030-11-28 03:00:00,0.0066926173910063025
2030-11-28 04:00:00,0.0066787942345131746
2030-11-28 05:00:00,0.006690692693604144
2030-11-28 06:00:00,0.006616357307249566
2030-11-28 07:00:00,3.2294219921211917
2030-11-28 08:00:00,197.85117015716276
2030-11-28 09:00:00,927.0791564016589
2030-11-28 10:00:00,1441.7082346686857
2030-11-28 11:00:00,1548.4992845148058
2030-11-28 12:00:00,1333.59509071279
2030-11-28 13:00:00,620.6428456081997
2030-11-28 14:00:00,65.09633798419527
2030-11-28 15:00:00,0.007154522398643351
2030-11-28 16:00:00,0.00663105646473885
2030-11-28 17:00:00,0.006758825181744938
2030-11-28 18:00:00,0.006801069316053663
2030-11-28 19:00:00,0.0067805876204242044
2030-11-28 20:00:00,0.0067323833667390165
2030-11-28 21:00:00,0.0066410341872882635
2030-11-28 22:00:00,0.0065179058236120736
2030-11-28 23:00:00,0.006418413133555973
2030-11-29 00:00:00,0.0064554711719413006
2030-11-29 01:00:00,0.006421453077098042
2030-11-29 02:00:00,0.006461493406152551
2030-11-29 03:00:00,0.006281663289387162
2030-11-29 04:00:00,0.006357910823831872
2030-11-29 05:00:00,0.006024397928722091
2030-11-29 06:00:00,0.005837077772441073
2030-11-29 07:00:00,37.64779753261614
2030-11-29 08:00:00,1200.9584709255457
2030-11-29 09:00:00,2340.7728998060593
2030-11-29 10:00:00,3163.5228945642425
2030-11-29 11:00:00,3242.863224467539
2030-11-29 12:00:00,2889.402769993209
2030-11-29 13:00:00,2111.8666746909184
2030-11-29 14:00:00,1111.8885406304755
2030-11-29 15:00:00,33.509777677967605
2030-11-29 16:00:00,0.006193515447178362
2030-11-29 17:00:00,0.006727421146652502
2030-11-29 18:00:00,0.007010327899599811
2030-11-29 19:00:00,0.007399919015058525
2030-11-29 20:00:00,0.007478396451251113
2030-11-29 21:00:00,0.008103859763392424
2030-11-29 22:00:00,0.008188806576267752
2030-11-29 23:00:00,0.008427170400461734
2030-11-30 00:00:00,0.6243585522437202
2030-11-30 01:00:00,0.8503515781901742
2030-11-30 02:00:00,0.008028481973282384
2030-11-30 03:00:00,0.007060839349012768
2030-11-30 04:00:00,0.006818432245474045
2030-11-30 05:00:00,0.006577264172789135
2030-11-30 06:00:00,0.005944053437936513
2030-11-30 07:00:00,10.844893024277997
2030-11-30 08:00:00,522.11682899798
2030-11-30 09:00:00,1501.1161591530554
2030-11-30 10:00:00,2090.656653253454
2030-11-30 11:00:00,2199.650495103071
2030-11-30 12:00:00,1817.3178859120806
2030-11-30 13:00:00,1155.0666845573198
2030-11-30 14:00:00,225.5536571209907
2030-11-30 15:00:00,0.006816366242640207
2030-11-30 16:00:00,0.00574318215212933
2030-11-30 17:00:00,0.006039116325619141
2030-11-30 18:00:00,0.006205807888166047
2030-11-30 19:00:00,0.006358970211360441
2030-11-30 20:00:00,0.006481523598737486
2030-11-30 21:00:00,0.0065581768189303564
2030-11-30 22:00:00,0.006631952187235616
2030-11-30 23:00:00,0.006688321262493014
2030-12-01 00:00:00,0.006652943852217591
2030-12-01 01:00:00,0.0066843978087201775
2030-12-01 02:00:00,0.006711927266365015
2030-12-01 03:00:00,0.006756155162731594
2030-12-01 04:00:00,0.006747974715592461
2030-12-01 05:00:00,0.006732129067862427
2030-12-01 06:00:00,0.006586601035253147
2030-12-01 07:00:00,0.007873126689052285
2030-12-01 08:00:00,131.30778175486506
2030-12-01 09:00:00,764.6342378947987
2030-12-01 10:00:00,1548.9474725282873
2030-12-01 11:00:00,1927.758434824601
2030-12-01 12:00:00,1747.8703683293375
2030-12-01 13:00:00,1020.0904029487581
2030-12-01 14:00:00,158.8775745210708
2030-12-01 15:00:00,0.23323785801724
2030-12-01 16:00:00,0.0071971725027979135
2030-12-01 17:00:00,0.0073970944308601886
2030-12-01 18:00:00,0.007529765795855008
2030-12-01 19:00:00,0.007619437792426286
2030-12-01 20:00:00,0.0076341675069915155
2030-12-01 21:00:00,0.007530421012949592
2030-12-01 22:00:00,0.007355648091351442
2030-12-01 23:00:00,0.007191497651698903
2030-12-02 00:00:00,0.007228328812487656
2030-12-02 01:00:00,0.007246136109732867
2030-12-02 02:00:00,0.007349678449369602
2030-12-02 03:00:00,0.007331723571844225
2030-12-02 04:00:00,0.007201531621643066
2030-12-02 05:00:00,0.0071219601146060825
2030-12-02 06:00:00,0.006820747559084248
2030-12-02 07:00:00,7.821488461692158
2030-12-02 08:00:00,357.13390674423044
2030-12-02 09:00:00,1452.4725336574259
2030-12-02 10:00:00,2145.847722995655
2030-12-02 11:00:00,2395.515394588584
2030-12-02 12:00:00,2185.4602100348548
2030-12-02 13:00:00,1312.336675208193
2030-12-02 14:00:00,207.05934362919015
2030-12-02 15:00:00,5.164370404758816
2030-12-02 16:00:00,0.006648778470167684
2030-12-02 17:00:00,0.00700300323409455
2030-12-02 18:00:00,0.007174952956586772
2030-12-02 19:00:00,0.007265118079062544
2030-12-02 20:00:00,0.007361537105477872
2030-12-02 21:00:00,0.00731227075392802
2030-12-02 22:00:00,0.007249297394574289
2030-12-02 23:00:00,0.007134255056830782
2030-12-03 00:00:00,0.0070318944724730706
2030-12-03 01:00:00,0.006907544615625682
2030-12-03 02:00:00,0.006802029525064879
2030-12-03 03:00:00,0.006638323754490447
2030-12-03 04:00:00,0.006446848961249687
2030-12-03 05:00:00,0.0061965084126233815
2030-12-03 06:00:00,0.005895930105919581
2030-12-03 07:00:00,0.0062630104439984745
2030-12-03 08:00:00,110.0957627397375
2030-12-03 09:00:00,961.1050600813481
2030-12-03 10:00:00,1707.908347124811
2030-12-03 11:00:00,1986.222030622564
2030-12-03 12:00:00,1885.9035441055983
2030-12-03 13:00:00,1411.2032768051597
2030-12-03 14:00:00,278.1644516005398
2030-12-03 15:00:00,2.858559806825268
2030-12-03 16:00:00,0.005399169251742539
2030-12-03 17:00:00,0.005674013115696755
2030-12-03 18:00:00,0.005868080503028263
2030-12-03 19:00:00,0.005988876445226466
2030-12-03 20:00:00,0.006038891520106613
2030-12-03 21:00:00,0.006030823922986799
2030-12-03 22:00:00,0.00601198796927661
2030-12-03 23:00:00,0.005958550677701516
2030-12-04 00:00:00,0.005939682276520369
2030-12-04 01:00:00,0.005885440014353543
2030-12-04 02:00:00,0.005845358544911898
2030-12-04 03:00:00,0.00577292951679634
2030-12-04 04:00:00,0.005583146838059343
2030-12-04 05:00:00,0.00531105363242426
2030-12-04 06:00:00,0.005001423501824176
2030-12-04 07:00:00,7.68421249117455
2030-12-04 08:00:00,798.4596209535299
2030-12-04 09:00:00,1935.085139160607
2030-12-04 10:00:00,2682.277677848904
2030-12-04 11:00:00,2701.89063896949
2030-12-04 12:00:00,2172.8931011551927
2030-12-04 13:00:00,1466.8867288340798
2030-12-04 14:00:00,703.5664746538648
2030-12-04 15:00:00,17.12085651697626
2030-12-04 16:00:00,0.005233080570936256
2030-12-04 17:00:00,0.005665387699923969
2030-12-04 18:00:00,0.00627282204728891
2030-12-04 19:00:00,0.0065429743138715885
2030-12-04 20:00:00,0.007240898377176488
2030-12-04 21:00:00,0.007763256958685256
2030-12-04 22:00:00,0.009144669418276965
2030-12-04 23:00:00,5.01151792098557
2030-12-05 00:00:00,16.9722369395199
2030-12-05 01:00:00,35.88335454718586
2030-12-05 02:00:00,33.161308845840644
2030-12-05 03:00:00,38.98048402727404
2030-12-05 04:00:00,33.21823315698426
2030-12-05 05:00:00,21.716585057342208
2030-12-05 06:00:00,7.272273644338393
2030-12-05 07:00:00,42.15135895968345
2030-12-05 08:00:00,662.0931969377427
2030-12-05 09:00:00,1473.8953938874083
2030-12-05 10:00:00,2211.392395834998
2030-12-05 11:00:00,2307.2168143482645
2030-12-05 12:00:00,1822.8543339622565
2030-12-05 13:00:00,645.4007062323733
2030-12-05 14:00:00,35.5882528842611
2030-12-05 15:00:00,3.933971012888278e-05
2030-12-05 16:00:00,4.865732343494795e-05
2030-12-05 17:00:00,4.97573331153835e-05
2030-12-05 18:00:00,5.04115946233315e-05
2030-12-05 19:00:00,5.126244102003039e-05
2030-12-05 20:00:00,5.114482805764029e-05
2030-12-05 21:00:00,5.059440113182247e-05
2030-12-05 22:00:00,5.044110016296368e-05
2030-12-05 23:00:00,4.978016215886301e-05
2030-12-06 00:00:00,4.9113482095177495e-05
2030-12-06 01:00:00,4.868341869911714e-05
2030-12-06 02:00:00,4.934022605506865e-05
2030-12-06 03:00:00,4.873975213411438e-05
2030-12-06 04:00:00,4.912128471379905e-05
2030-12-06 05:00:00,5.083031178012385e-05
2030-12-06 06:00:00,5.222770173877577e-05
2030-12-06 07:00:00,6.284140072663604e-05
2030-12-06 08:00:00,7.679015176961944e-05
2030-12-06 09:00:00,8.522624995333563e-05
2030-12-06 10:00:00,9.124493739893274e-05
2030-12-06 11:00:00,9.252746100183121e-05
2030-12-06 12:00:00,8.814995365534e-05
2030-12-06 13:00:00,8.100048847428391e-05
2030-12-06 14:00:00,7.371752257419583e-05
2030-12-06 15:00:00,6.412471896280072e-05
2030-12-06 16:00:00,5.627811894871235e-05
2030-12-06 17:00:00,5.722506113016482e-05
2030-12-06 18:00:00,5.697698634141273e-05
2030-12-06 19:00:00,5.700706874564525e-05
2030-12-06 20:00:00,5.60871570239918e-05
2030-12-06 21:00:00,5.456979128283606e-05
2030-12-06 22:00:00,5.326400815508475e-05
2030-12-06 23:00:00,5.1506892474996024e-05
2030-12-07 00:00:00,5.071784257546444e-05
2030-12-07 01:00:00,4.9982466665122435e-05
2030-12-07 02:00:00,4.9453146312693226e-05
2030-12-07 03:00:00,4.9082857052704145e-05
2030-12-07 04:00:00,4.885663959015754e-05
2030-12-07 05:00:00,4.940822560969025e-05
2030-12-07 06:00:00,5.092287570281397e-05
2030-12-07 07:00:00,6.353237743236828e-05
2030-12-07 08:00:00,11.561968885970535
2030-12-07 09:00:00,149.76350373377255
2030-12-07 10:00:00,449.6976950097174
2030-12-07 11:00:00,656.8069732448855
2030-12-07 12:00:00,671.6192969620729
2030-12-07 13:00:00,326.9079972306031
2030-12-07 14:00:00,109.8367076804916
2030-12-07 15:00:00,0.01247673354381438
2030-12-07 16:00:00,0.010177032316071647
2030-12-07 17:00:00,0.010568466207287215
2030-12-07 18:00:00,0.010630167791564733
2030-12-07 19:00:00,0.010661558898622345
2030-12-07 20:00:00,0.01068871974585793
2030-12-07 21:00:00,0.01074726195922774
2030-12-07 22:00:00,0.010940537442475657
2030-12-07 23:00:00,0.011172410536996854
2030-12-08 00:00:00,0.011215068189524151
2030-12-08 01:00:00,0.011127821814904511
2030-12-08 02:00:00,0.011006008621679692
2030-12-08 03:00:00,0.010835084545729137
2030-12-08 04:00:00,0.010736625419028523
2030-12-08 05:00:00,0.010431295017661317
2030-12-08 06:00:00,0.009299424048809998
2030-12-08 07:00:00,0.5770660236349053
2030-12-08 08:00:00,263.1786461941454
2030-12-08 09:00:00,1315.4464211205213
2030-12-08 10:00:00,2038.610501106816
2030-12-08 11:00:00,2195.5786054484283
2030-12-08 12:00:00,1919.543351911312
2030-12-08 13:00:00,1187.8946482033246
2030-12-08 14:00:00,198.8083282968898
2030-12-08 15:00:00,5.82864000025097
2030-12-08 16:00:00,0.007017276396854129
2030-12-08 17:00:00,0.007250759711963917
2030-12-08 18:00:00,0.00744696971422082
2030-12-08 19:00:00,0.0075982237254262515
2030-12-08 20:00:00,0.007722473018401578
2030-12-08 21:00:00,0.00784290254085504
2030-12-08 22:00:00,0.007822882171742786
2030-12-08 23:00:00,0.007796635433137078
2030-12-09 00:00:00,0.007778645676995445
2030-12-09 01:00:00,0.007754275655628265
2030-12-09 02:00:00,0.007744749475366125
2030-12-09 03:00:00,0.007665580231704759
2030-12-09 04:00:00,0.007670747085035085
2030-12-09 05:00:00,0.007463483792908261
2030-12-09 06:00:00,0.007259223233555396
2030-12-09 07:00:00,0.008343785235920796
2030-12-09 08:00:00,119.75527056935833
2030-12-09 09:00:00,927.5339696995358
2030-12-09 10:00:00,1766.5727497748537
2030-12-09 11:00:00,2049.4982920571724
2030-12-09 12:00:00,1819.7161626657114
2030-12-09 13:00:00,1089.1831664657757
2030-12-09 14:00:00,142.23578523629223
2030-12-09 15:00:00,0.009045700640081658
2030-12-09 16:00:00,0.0070593513128683555
2030-12-09 17:00:00,0.007472290913613829
2030-12-09 18:00:00,0.007645620141107239
2030-12-09 19:00:00,0.0077766527239917695
2030-12-09 20:00:00,0.007801408820856158
2030-12-09 21:00:00,0.00778337218181179
2030-12-09 22:00:00,0.007761989397400247
2030-12-09 23:00:00,0.007661975712917491
2030-12-10 00:00:00,0.007536714695693742
2030-12-10 01:00:00,0.007516804582435277
2030-12-10 02:00:00,0.007422592037161186
2030-12-10 03:00:00,0.007377646027247055
2030-12-10 04:00:00,0.007291966047514054
2030-12-10 05:00:00,0.007152099363599268
2030-12-10 06:00:00,0.006933857158026852
2030-12-10 07:00:00,0.007373788961920211
2030-12-10 08:00:00,44.37599353340082
2030-12-10 09:00:00,309.9608374664331
2030-12-10 10:00:00,1291.714485246568
2030-12-10 11:00:00,1653.9367878739943
2030-12-10 12:00:00,1415.8115433119935
2030-12-10 13:00:00,671.828833195469
2030-12-10 14:00:00,55.40778432290946
2030-12-10 15:00:00,0.006939217853906254
2030-12-10 16:00:00,0.006631704556062245
2030-12-10 17:00:00,0.007083541610801624
2030-12-10 18:00:00,0.007321058814562038
2030-12-10 19:00:00,0.0074667371060047685
2030-12-10 20:00:00,0.0075372099433702565
2030-12-10 21:00:00,0.0075276114311916085
2030-12-10 22:00:00,0.007474288405504499
2030-12-10 23:00:00,0.007310993997857525
2030-12-11 00:00:00,0.0071402775422758375
2030-12-11 01:00:00,0.0069927624692082075
2030-12-11 02:00:00,0.006895004689483619
2030-12-11 03:00:00,0.006777430835450439
2030-12-11 04:00:00,0.006565743574778889
2030-12-11 05:00:00,0.006350870349859629
2030-12-11 06:00:00,0.00602627492534408
2030-12-11 07:00:00,0.006029265761546928
2030-12-11 08:00:00,50.522838834959245
2030-12-11 09:00:00,801.9553297688344
2030-12-11 10:00:00,1625.931606442127
2030-12-11 11:00:00,1887.2803379433828
2030-12-11 12:00:00,1852.0746478073888
2030-12-11 13:00:00,1359.2700736978327
2030-12-11 14:00:00,282.80070665594656
2030-12-11 15:00:00,1.874202115525485
2030-12-11 16:00:00,0.005733722493106072
2030-12-11 17:00:00,0.006123423012923651
2030-12-11 18:00:00,0.006395932208392295
2030-12-11 19:00:00,0.006550577174905186
2030-12-11 20:00:00,0.006654006849373922
2030-12-11 21:00:00,0.0067550291110586875
2030-12-11 22:00:00,0.006766512874335644
2030-12-11 23:00:00,0.006748085961576347
2030-12-12 00:00:00,0.0066822251798963235
2030-12-12 01:00:00,0.0066836887699561545
2030-12-12 02:00:00,0.006694094828792097
2030-12-12 03:00:00,0.006549245628292795
2030-12-12 04:00:00,0.006459596528718388
2030-12-12 05:00:00,0.006194055316198971
2030-12-12 06:00:00,0.005859414883324355
2030-12-12 07:00:00,0.006688525918166478
2030-12-12 08:00:00,363.63555737920024
2030-12-12 09:00:00,1723.763092021718
2030-12-12 10:00:00,2585.556431393924
2030-12-12 11:00:00,2889.023345792372
2030-12-12 12:00:00,2783.8988975872494
2030-12-12 13:00:00,2102.0223045335183
2030-12-12 14:00:00,885.0837410190418
2030-12-12 15:00:00,15.543209379428518
2030-12-12 16:00:00,0.0063695472645892235
2030-12-12 17:00:00,0.0069825750280160005
2030-12-12 18:00:00,0.007301488431286808
2030-12-12 19:00:00,0.007576041068173287
2030-12-12 20:00:00,0.00790702903446204
2030-12-12 21:00:00,0.00826812877039073
2030-12-12 22:00:00,0.008699890902969411
2030-12-12 23:00:00,0.009061209193766372
2030-12-13 00:00:00,0.011140130547899722
2030-12-13 01:00:00,1.575639312392941
2030-12-13 02:00:00,2.106151076867598
2030-12-13 03:00:00,0.2471095522672356
2030-12-13 04:00:00,0.012617506149672355
2030-12-13 05:00:00,0.009334298547181904
2030-12-13 06:00:00,0.00828817453684871
2030-12-13 07:00:00,0.009724168529395442
2030-12-13 08:00:00,78.15116441332985
2030-12-13 09:00:00,499.56059176821555
2030-12-13 10:00:00,1271.4549097888896
2030-12-13 11:00:00,1420.8629903811702
2030-12-13 12:00:00,1343.9103706882415
2030-12-13 13:00:00,407.2853558747923
2030-12-13 14:00:00,63.74090728262784
2030-12-13 15:00:00,0.007694597049848944
2030-12-13 16:00:00,0.007003824540349002
2030-12-13 17:00:00,0.007261939699041012
2030-12-13 18:00:00,0.007336274927206005
2030-12-13 19:00:00,0.007364726775278757
2030-12-13 20:00:00,0.007348683209089433
2030-12-13 21:00:00,0.007259536942435698
2030-12-13 22:00:00,0.007075327705330359
2030-12-13 23:00:00,0.006899503455438454
2030-12-14 00:00:00,0.006810840266431822
2030-12-14 01:00:00,0.006734666134168269
2030-12-14 02:00:00,0.006646541401463996
2030-12-14 03:00:00,0.006567222362381969
2030-12-14 04:00:00,0.00652011196902131
2030-12-14 05:00:00,0.006342307184922457
2030-12-14 06:00:00,0.00616688924999623
2030-12-14 07:00:00,0.006983008614473783
2030-12-14 08:00:00,240.64253348725794
2030-12-14 09:00:00,1531.724500421644
2030-12-14 10:00:00,2572.3014201213014
2030-12-14 11:00:00,2829.7465160044367
2030-12-14 12:00:00,2525.4262477183643
2030-12-14 13:00:00,1673.1058496114513
2030-12-14 14:00:00,424.5163395743037
2030-12-14 15:00:00,8.03317311057164
2030-12-14 16:00:00,0.006314681803683073
2030-12-14 17:00:00,0.00678956790945958
2030-12-14 18:00:00,0.0071075680262589515
2030-12-14 19:00:00,0.007329024739147887
2030-12-14 20:00:00,0.007522109798835724
2030-12-14 21:00:00,0.007596124699134446
2030-12-14 22:00:00,0.0076080748015704795
2030-12-14 23:00:00,0.007690487912615691
2030-12-15 00:00:00,0.007694099054783377
2030-12-15 01:00:00,0.007643260325654438
2030-12-15 02:00:00,0.0077800979503513485
2030-12-15 03:00:00,0.007672215598089224
2030-12-15 04:00:00,0.007583909970102155
2030-12-15 05:00:00,0.007463781979627205
2030-12-15 06:00:00,0.007299307463148887
2030-12-15 07:00:00,0.007807047855834895
2030-12-15 08:00:00,95.14152856414844
2030-12-15 09:00:00,870.6099314136377
2030-12-15 10:00:00,1949.9328657586577
2030-12-15 11:00:00,2062.786679953287
2030-12-15 12:00:00,1725.3516376246514
2030-12-15 13:00:00,694.0710889174854
2030-12-15 14:00:00,67.78496196306831
2030-12-15 15:00:00,0.009859635332269353
2030-12-15 16:00:00,0.007179580812752082
2030-12-15 17:00:00,0.0077554496008169615
2030-12-15 18:00:00,0.008004608263112768
2030-12-15 19:00:00,0.008143942064042632
2030-12-15 20:00:00,0.008212322806811369
2030-12-15 21:00:00,0.008187585176163043
2030-12-15 22:00:00,0.008060703993103402
2030-12-15 23:00:00,0.00794983853220525
2030-12-16 00:00:00,0.0077245141094085205
2030-12-16 01:00:00,0.007604213760958404
2030-12-16 02:00:00,0.007531942713310829
2030-12-16 03:00:00,0.007436838974817665
2030-12-16 04:00:00,0.007369803969299607
2030-12-16 05:00:00,0.007327124296799614
2030-12-16 06:00:00,0.007338619817749956
2030-12-16 07:00:00,0.007634146351690662
2030-12-16 08:00:00,48.49689170920513
2030-12-16 09:00:00,976.2772170079129
2030-12-16 10:00:00,2036.2541877194865
2030-12-16 11:00:00,2278.8944957039057
2030-12-16 12:00:00,2062.1426441695608
2030-12-16 13:00:00,1292.2003458127188
2030-12-16 14:00:00,169.66835495017358
2030-12-16 15:00:00,0.007505297651095257
2030-12-16 16:00:00,0.006718513079814561
2030-12-16 17:00:00,0.0071174374615494635
2030-12-16 18:00:00,0.007368794674542106
2030-12-16 19:00:00,0.00760767711396148
2030-12-16 20:00:00,0.007765851685240056
2030-12-16 21:00:00,0.007888636524248916
2030-12-16 22:00:00,0.007975761245218121
2030-12-16 23:00:00,0.007978578882402533
2030-12-17 00:00:00,0.008040002445225264
2030-12-17 01:00:00,0.008152756086814135
2030-12-17 02:00:00,0.008135448769789635
2030-12-17 03:00:00,0.008018413426363186
2030-12-17 04:00:00,0.007893386110377792
2030-12-17 05:00:00,0.007700211120909441
2030-12-17 06:00:00,0.007356478370078321
2030-12-17 07:00:00,0.007968971731984315
2030-12-17 08:00:00,54.948105411789186
2030-12-17 09:00:00,501.81945000275664
2030-12-17 10:00:00,1274.5393955271534
2030-12-17 11:00:00,1780.3178301959088
2030-12-17 12:00:00,1909.9758587043377
2030-12-17 13:00:00,1378.2541976853902
2030-12-17 14:00:00,453.44895769067847
2030-12-17 15:00:00,5.176906185708677
2030-12-17 16:00:00,0.006204755598620391
2030-12-17 17:00:00,0.006360034209046598
2030-12-17 18:00:00,0.006515192056575046
2030-12-17 19:00:00,0.006760776149822134
2030-12-17 20:00:00,0.007109103119071864
2030-12-17 21:00:00,0.007512550072782927
2030-12-17 22:00:00,0.00838118795829199
2030-12-17 23:00:00,0.009632783437923596
2030-12-18 00:00:00,5.318012756322042
2030-12-18 01:00:00,14.312603018819784
2030-12-18 02:00:00,11.261997062233117
2030-12-18 03:00:00,11.453364132175437
2030-12-18 04:00:00,6.0021294923371915
2030-12-18 05:00:00,3.4262197511621255
2030-12-18 06:00:00,2.7765929569945835
2030-12-18 07:00:00,36.69293033603696
2030-12-18 08:00:00,1169.5706995415828
2030-12-18 09:00:00,2490.9146588319068
2030-12-18 10:00:00,3393.083161193763
2030-12-18 11:00:00,3735.7450627653316
2030-12-18 12:00:00,3485.6500860762126
2030-12-18 13:00:00,3062.949084561231
2030-12-18 14:00:00,2022.1111862965051
2030-12-18 15:00:00,495.1355726905657
2030-12-18 16:00:00,0.007251792494931102
2030-12-18 17:00:00,0.008013997869057392
2030-12-18 18:00:00,0.00877311959675113
2030-12-18 19:00:00,0.009412667187443647
2030-12-18 20:00:00,0.009741254936444753
2030-12-18 21:00:00,0.009451207768666772
2030-12-18 22:00:00,0.009185479939843956
2030-12-18 23:00:00,0.00885692425097102
2030-12-19 00:00:00,0.009740199023686828
2030-12-19 01:00:00,0.00832448421864779
2030-12-19 02:00:00,0.007460577936679978
2030-12-19 03:00:00,0.0070152989597926565
2030-12-19 04:00:00,0.006338552192098529
2030-12-19 05:00:00,0.006018093595747102
2030-12-19 06:00:00,0.0058235258006388985
2030-12-19 07:00:00,0.0061619605419684365
2030-12-19 08:00:00,146.0573394025068
2030-12-19 09:00:00,1385.3661937340323
2030-12-19 10:00:00,2207.5255680449236
2030-12-19 11:00:00,2563.461379618572
2030-12-19 12:00:00,2401.604239813503
2030-12-19 13:00:00,1570.8244711712905
2030-12-19 14:00:00,269.8509511926412
2030-12-19 15:00:00,3.493764420267317
2030-12-19 16:00:00,0.0063844042723975175
2030-12-19 17:00:00,0.006979116471073989
2030-12-19 18:00:00,0.007319801768106161
2030-12-19 19:00:00,0.007542366137738857
2030-12-19 20:00:00,0.007663092078800936
2030-12-19 21:00:00,0.007704653669465095
2030-12-19 22:00:00,0.007671062663499414
2030-12-19 23:00:00,0.0076459526339362135
2030-12-20 00:00:00,0.007652905260560751
2030-12-20 01:00:00,0.007611551704608378
2030-12-20 02:00:00,0.007549122630118716
2030-12-20 03:00:00,0.0074605257680497
2030-12-20 04:00:00,0.0075090424868134165
2030-12-20 05:00:00,0.007251608296373888
2030-12-20 06:00:00,0.007052183016995163
2030-12-20 07:00:00,0.0076135884090930365
2030-12-20 08:00:00,110.69241602506482
2030-12-20 09:00:00,1195.2097870300574
2030-12-20 10:00:00,2351.2227108205093
2030-12-20 11:00:00,2755.0136133651076
2030-12-20 12:00:00,2472.765880380599
2030-12-20 13:00:00,1500.6784413710432
2030-12-20 14:00:00,170.22056444711853
2030-12-20 15:00:00,5.76459587250162
2030-12-20 16:00:00,0.007216278555975711
2030-12-20 17:00:00,0.007888153628640367
2030-12-20 18:00:00,0.008418190467074342
2030-12-20 19:00:00,0.008754291264399654
2030-12-20 20:00:00,0.008924109752774674
2030-12-20 21:00:00,0.009035415345521488
2030-12-20 22:00:00,0.009063266277340777
2030-12-20 23:00:00,0.009113857297614235
2030-12-21 00:00:00,0.009071356621945045
2030-12-21 01:00:00,0.009076035285199069
2030-12-21 02:00:00,0.009080094294560118
2030-12-21 03:00:00,0.009053490721091052
2030-12-21 04:00:00,0.009037538231602532
2030-12-21 05:00:00,0.008919629870874642
2030-12-21 06:00:00,0.008993042596346128
2030-12-21 07:00:00,0.010079911826275552
2030-12-21 08:00:00,36.91623100291752
2030-12-21 09:00:00,175.1491379635439
2030-12-21 10:00:00,1066.9657404274108
2030-12-21 11:00:00,1618.7811067699952
2030-12-21 12:00:00,1493.9114142237975
2030-12-21 13:00:00,430.1227578810127
2030-12-21 14:00:00,83.64431149096919
2030-12-21 15:00:00,0.011453736921502502
2030-12-21 16:00:00,0.010003160025857513
2030-12-21 17:00:00,0.010680646780420647
2030-12-21 18:00:00,0.011028901333983404
2030-12-21 19:00:00,0.01113665602445861
2030-12-21 20:00:00,0.01119002119823962
2030-12-21 21:00:00,0.011328410714598416
2030-12-21 22:00:00,0.011409146243705478
2030-12-21 23:00:00,0.01149891504683265
2030-12-22 00:00:00,0.011580462354626099
2030-12-22 01:00:00,0.011526698831312177
2030-12-22 02:00:00,0.011479685451820808
2030-12-22 03:00:00,0.01145055236360054
2030-12-22 04:00:00,0.011800889680609977
2030-12-22 05:00:00,0.012032551260260026
2030-12-22 06:00:00,0.012319042600835974
2030-12-22 07:00:00,0.014175579607941557
2030-12-22 08:00:00,43.0581230529962
2030-12-22 09:00:00,109.4455868753796
2030-12-22 10:00:00,172.89631080373806
2030-12-22 11:00:00,222.73249827324088
2030-12-22 12:00:00,196.37738710685915
2030-12-22 13:00:00,111.58107679461261
2030-12-22 14:00:00,39.672282734165
2030-12-22 15:00:00,0.013976814124881987
2030-12-22 16:00:00,0.011989362172689175
2030-12-22 17:00:00,0.012180379236005855
2030-12-22 18:00:00,0.012274234284058026
2030-12-22 19:00:00,0.012238561738717605
2030-12-22 20:00:00,0.012214113607630084
2030-12-22 21:00:00,0.012118639179401675
2030-12-22 22:00:00,0.012003585190937312
2030-12-22 23:00:00,0.011872267185002953
2030-12-23 00:00:00,0.011849754048546508
2030-12-23 01:00:00,0.01166169195322738
2030-12-23 02:00:00,0.011656593126177138
2030-12-23 03:00:00,0.011516952665325965
2030-12-23 04:00:00,0.011319762623063001
2030-12-23 05:00:00,0.011030612853202386
2030-12-23 06:00:00,0.010733367349319668
2030-12-23 07:00:00,0.011551605164409342
2030-12-23 08:00:00,55.29783784167506
2030-12-23 09:00:00,285.158566120269
2030-12-23 10:00:00,1398.4546250077838
2030-12-23 11:00:00,1753.8914814502305
2030-12-23 12:00:00,1604.7374753476697
2030-12-23 13:00:00,634.639511864903
2030-12-23 14:00:00,73.080155075009
2030-12-23 15:00:00,0.009420965071445696
2030-12-23 16:00:00,0.008423888666772423
2030-12-23 17:00:00,0.009039203703241992
2030-12-23 18:00:00,0.009249607331626452
2030-12-23 19:00:00,0.00937816357629963
2030-12-23 20:00:00,0.009414082097108943
2030-12-23 21:00:00,0.009331248571114167
2030-12-23 22:00:00,0.00917099648523624
2030-12-23 23:00:00,0.008961263257700969
2030-12-24 00:00:00,0.00872130008939645
2030-12-24 01:00:00,0.008563971574998499
2030-12-24 02:00:00,0.008461580605592503
2030-12-24 03:00:00,0.008304335338569254
2030-12-24 04:00:00,0.008087739999563824
2030-12-24 05:00:00,0.007830993273635858
2030-12-24 06:00:00,0.00735178815294525
2030-12-24 07:00:00,0.00762923897243855
2030-12-24 08:00:00,211.33334945587347
2030-12-24 09:00:00,1622.191441988393
2030-12-24 10:00:00,2568.318277576843
2030-12-24 11:00:00,3060.624182092445
2030-12-24 12:00:00,3066.990636568607
2030-12-24 13:00:00,2565.4088103687773
2030-12-24 14:00:00,1420.4536811646215
2030-12-24 15:00:00,70.05132841234268
2030-12-24 16:00:00,0.0058708138537128095
2030-12-24 17:00:00,0.006193536047368478
2030-12-24 18:00:00,0.006458071395430837
2030-12-24 19:00:00,0.0065604376842751675
2030-12-24 20:00:00,0.006631453593831214
2030-12-24 21:00:00,0.006748907804024558
2030-12-24 22:00:00,0.006911895906985641
2030-12-24 23:00:00,0.007150033506350181
2030-12-25 00:00:00,0.007394592744887572
2030-12-25 01:00:00,0.007624665513704206
2030-12-25 02:00:00,0.007336568839057249
2030-12-25 03:00:00,0.006781743111202887
2030-12-25 04:00:00,0.006261658729837451
2030-12-25 05:00:00,0.006023928072057594
2030-12-25 06:00:00,0.0054932788703918435
2030-12-25 07:00:00,0.005516182383315551
2030-12-25 08:00:00,455.7609507920184
2030-12-25 09:00:00,1786.932920357503
2030-12-25 10:00:00,2806.7399215871487
2030-12-25 11:00:00,3060.333630962629
2030-12-25 12:00:00,2808.9133019539195
2030-12-25 13:00:00,2141.873464864012
2030-12-25 14:00:00,1153.6561140329052
2030-12-25 15:00:00,46.97689291048322
2030-12-25 16:00:00,0.0056257270013690165
2030-12-25 17:00:00,0.005922324360955825
2030-12-25 18:00:00,0.006379337217170489
2030-12-25 19:00:00,0.006899622016895831
2030-12-25 20:00:00,0.00764285666891928
2030-12-25 21:00:00,0.00847724349393809
2030-12-25 22:00:00,0.009865532000690753
2030-12-25 23:00:00,2.027199643539157
2030-12-26 00:00:00,5.779129210832407
2030-12-26 01:00:00,10.619822631800416
2030-12-26 02:00:00,11.16943601875268
2030-12-26 03:00:00,10.400704009539563
2030-12-26 04:00:00,6.824773271606502
2030-12-26 05:00:00,0.009133878330437389
2030-12-26 06:00:00,0.006764908392082368
2030-12-26 07:00:00,0.007319170925194994
2030-12-26 08:00:00,337.131094275269
2030-12-26 09:00:00,1590.5046232331295
2030-12-26 10:00:00,2552.4112732220674
2030-12-26 11:00:00,2916.6550660706584
2030-12-26 12:00:00,2719.8953208070507
2030-12-26 13:00:00,2045.5400128844212
2030-12-26 14:00:00,975.5506855762151
2030-12-26 15:00:00,25.981952743022568
2030-12-26 16:00:00,0.006324628505179591
2030-12-26 17:00:00,0.006679389796657506
2030-12-26 18:00:00,0.006911485340599991
2030-12-26 19:00:00,0.007012726194699148
2030-12-26 20:00:00,0.00709931462767043
2030-12-26 21:00:00,0.007155447451271373
2030-12-26 22:00:00,0.007089811933956951
2030-12-26 23:00:00,0.007002472398386441
2030-12-27 00:00:00,0.0068800804978970875
2030-12-27 01:00:00,0.006851888779403506
2030-12-27 02:00:00,0.00682991084721422
2030-12-27 03:00:00,0.006814873322233562
2030-12-27 04:00:00,0.006716205376833989
2030-12-27 05:00:00,0.006610774907153713
2030-12-27 06:00:00,0.00651615331670239
2030-12-27 07:00:00,0.007405634680377644
2030-12-27 08:00:00,662.6626422957626
2030-12-27 09:00:00,2108.4662469795976
2030-12-27 10:00:00,3177.9609121159197
2030-12-27 11:00:00,3673.3655516777876
2030-12-27 12:00:00,3672.5114022174744
2030-12-27 13:00:00,3124.2472616883288
2030-12-27 14:00:00,1953.7463717749106
2030-12-27 15:00:00,440.8823817376191
2030-12-27 16:00:00,0.008552581579425397
2030-12-27 17:00:00,0.008148626534228688
2030-12-27 18:00:00,0.00817700234868075
2030-12-27 19:00:00,0.00803952043606274
2030-12-27 20:00:00,0.00854107985048685
2030-12-27 21:00:00,0.008554037016124798
2030-12-27 22:00:00,0.008574236320338706
2030-12-27 23:00:00,0.009118415877776346
2030-12-28 00:00:00,1.636145576326932
2030-12-28 01:00:00,4.632439290998949
2030-12-28 02:00:00,3.6951687300282607
2030-12-28 03:00:00,7.115583669800643
2030-12-28 04:00:00,5.650230392003605
2030-12-28 05:00:00,0.4465763080866371
2030-12-28 06:00:00,0.007380818731005912
2030-12-28 07:00:00,0.008214877748695264
2030-12-28 08:00:00,733.0220529837906
2030-12-28 09:00:00,2061.508804007027
2030-12-28 10:00:00,3227.0916093969504
2030-12-28 11:00:00,3737.6937682391117
2030-12-28 12:00:00,3646.0812687551156
2030-12-28 13:00:00,2982.3451598489733
2030-12-28 14:00:00,1796.2957520205582
2030-12-28 15:00:00,165.4821536749879
2030-12-28 16:00:00,0.0053318950419215345
2030-12-28 17:00:00,0.005609518882017498
2030-12-28 18:00:00,0.005814550881745092
2030-12-28 19:00:00,0.006050842628324386
2030-12-28 20:00:00,0.006235509371091892
2030-12-28 21:00:00,0.006264383840353853
2030-12-28 22:00:00,0.006307292742283255
2030-12-28 23:00:00,0.0063693306648299735
2030-12-29 00:00:00,0.00635050027378635
2030-12-29 01:00:00,0.0063639369546502345
2030-12-29 02:00:00,0.006299126875523156
2030-12-29 03:00:00,0.006337784399134951
2030-12-29 04:00:00,0.006308958683605037
2030-12-29 05:00:00,0.005925160535271059
2030-12-29 06:00:00,0.005410090764210543
2030-12-29 07:00:00,0.005612574268033053
2030-12-29 08:00:00,553.054248420656
2030-12-29 09:00:00,2046.617809377371
2030-12-29 10:00:00,3014.9576876261817
2030-12-29 11:00:00,3336.280146574279
2030-12-29 12:00:00,3304.2165391929752
2030-12-29 13:00:00,2771.2091864278755
2030-12-29 14:00:00,1714.5313424745498
2030-12-29 15:00:00,135.77685863657769
2030-12-29 16:00:00,0.004898687351201433
2030-12-29 17:00:00,0.0051500067786400035
2030-12-29 18:00:00,0.005493404086775327
2030-12-29 19:00:00,0.005838622988865636
2030-12-29 20:00:00,0.006018298851022808
2030-12-29 21:00:00,0.00619709666321992
2030-12-29 22:00:00,0.006271564354298881
2030-12-29 23:00:00,0.00630072397946099
2030-12-30 00:00:00,0.006303568469978187
2030-12-30 01:00:00,0.006325681963386158
2030-12-30 02:00:00,0.006254525546706272
2030-12-30 03:00:00,0.006176703247092704
2030-12-30 04:00:00,0.006026807652961347
2030-12-30 05:00:00,0.00565795395254292
2030-12-30 06:00:00,0.005530491224856274
2030-12-30 07:00:00,1.7491586209125352
2030-12-30 08:00:00,740.7587466370311
2030-12-30 09:00:00,1965.2344800635046
2030-12-30 10:00:00,2787.852729387933
2030-12-30 11:00:00,3111.451978419818
2030-12-30 12:00:00,2875.327209852877
2030-12-30 13:00:00,2284.455936760308
2030-12-30 14:00:00,1353.873213336834
2030-12-30 15:00:00,104.12269600920311
2030-12-30 16:00:00,0.005277664713218446
2030-12-30 17:00:00,0.00545394923738813
2030-12-30 18:00:00,0.005696446692129249
2030-12-30 19:00:00,0.005962122809741636
2030-12-30 20:00:00,0.006168979137823202
2030-12-30 21:00:00,0.006371782793338685
2030-12-30 22:00:00,0.0064144346606664635
2030-12-30 23:00:00,0.006488861397064505
2030-12-31 00:00:00,0.006584780279000061
2030-12-31 01:00:00,0.006582509162527657
2030-12-31 02:00:00,0.0066773296955451415
2030-12-31 03:00:00,0.006559180520314277
2030-12-31 04:00:00,0.0064728288013241285
2030-12-31 05:00:00,0.006370967363758742
2030-12-31 06:00:00,0.005755390172939934
2030-12-31 07:00:00,0.00627949829542894
2030-12-31 08:00:00,436.89853877887924
2030-12-31 09:00:00,1481.4129819087188
2030-12-31 10:00:00,2173.1088418855215
2030-12-31 11:00:00,2399.8638738065456
2030-12-31 12:00:00,2404.319660293464
2030-12-31 13:00:00,2213.7806756825
2030-12-31 14:00:00,1453.0388892719698
2030-12-31 15:00:00,352.47853574520104
2030-12-31 16:00:00,0.007417980591904478
2030-12-31 17:00:00,0.0077828195648494795
2030-12-31 18:00:00,0.00800993889883884
2030-12-31 19:00:00,0.008466620664992722
2030-12-31 20:00:00,0.008507065754518425
2030-12-31 21:00:00,0.008855533861746461
2030-12-31 22:00:00,0.009191144565246119
2030-12-31 23:00:00,0.3355887079264178
