snapshot,0
2030-01-01 00:00:00,0.013746337532608371
2030-01-01 01:00:00,0.013652934070650208
2030-01-01 02:00:00,0.013551924269137434
2030-01-01 03:00:00,0.013821662053665723
2030-01-01 04:00:00,0.013728248427331982
2030-01-01 05:00:00,0.01378886451117867
2030-01-01 06:00:00,0.013306030759810837
2030-01-01 07:00:00,0.013811248060211207
2030-01-01 08:00:00,14.55016826779234
2030-01-01 09:00:00,355.60824175263815
2030-01-01 10:00:00,1275.924454953055
2030-01-01 11:00:00,1659.1736673512667
2030-01-01 12:00:00,1589.1486803992054
2030-01-01 13:00:00,1072.332754319142
2030-01-01 14:00:00,108.2615061590403
2030-01-01 15:00:00,3.7728442741820403
2030-01-01 16:00:00,0.013062210021944198
2030-01-01 17:00:00,0.013145192836422605
2030-01-01 18:00:00,0.013415161088481488
2030-01-01 19:00:00,0.01340580727629749
2030-01-01 20:00:00,0.013216330470140803
2030-01-01 21:00:00,0.013269789988047247
2030-01-01 22:00:00,0.013258707491284896
2030-01-01 23:00:00,0.013650396988496696
2030-01-02 00:00:00,0.013464980421791298
2030-01-02 01:00:00,0.013077672489151211
2030-01-02 02:00:00,0.013008708795892769
2030-01-02 03:00:00,0.013087009346345173
2030-01-02 04:00:00,0.013001116143198507
2030-01-02 05:00:00,0.012622607524070769
2030-01-02 06:00:00,0.012285537113324642
2030-01-02 07:00:00,0.012945346892346317
2030-01-02 08:00:00,4.882636335030658
2030-01-02 09:00:00,78.35221158070298
2030-01-02 10:00:00,757.2908229372011
2030-01-02 11:00:00,1244.7275836226165
2030-01-02 12:00:00,1203.137872346073
2030-01-02 13:00:00,747.189684482515
2030-01-02 14:00:00,91.27759197616462
2030-01-02 15:00:00,3.3259165051772914
2030-01-02 16:00:00,0.01296433612228226
2030-01-02 17:00:00,0.01358979435377733
2030-01-02 18:00:00,0.013825054817716304
2030-01-02 19:00:00,0.013931989883542911
2030-01-02 20:00:00,0.013921814293060194
2030-01-02 21:00:00,0.013993804897103031
2030-01-02 22:00:00,0.014131960179135292
2030-01-02 23:00:00,0.014354523261018234
2030-01-03 00:00:00,0.014403055343322174
2030-01-03 01:00:00,0.014440269852619207
2030-01-03 02:00:00,0.014305075283847073
2030-01-03 03:00:00,0.014085142654738233
2030-01-03 04:00:00,0.014082111778084534
2030-01-03 05:00:00,0.013600927346079358
2030-01-03 06:00:00,0.013318261801817631
2030-01-03 07:00:00,0.014028470122991002
2030-01-03 08:00:00,12.220625431061315
2030-01-03 09:00:00,349.9499282564497
2030-01-03 10:00:00,1188.6787742058598
2030-01-03 11:00:00,1540.988404093841
2030-01-03 12:00:00,1462.201886804628
2030-01-03 13:00:00,919.4972931167543
2030-01-03 14:00:00,61.13658137402185
2030-01-03 15:00:00,3.1872434701334016
2030-01-03 16:00:00,0.0012045654786580367
2030-01-03 17:00:00,0.0011974444124647362
2030-01-03 18:00:00,0.0012205292508199199
2030-01-03 19:00:00,0.0012285371626919773
2030-01-03 20:00:00,0.001216321175514994
2030-01-03 21:00:00,0.0011989419184693356
2030-01-03 22:00:00,0.0012017571923000352
2030-01-03 23:00:00,0.0012071471229534857
2030-01-04 00:00:00,0.0012860368080627686
2030-01-04 01:00:00,0.0012805554676605917
2030-01-04 02:00:00,0.001268496862850058
2030-01-04 03:00:00,0.0012655109528422448
2030-01-04 04:00:00,0.0012323244537466769
2030-01-04 05:00:00,0.0011994703596772752
2030-01-04 06:00:00,0.001159307497505514
2030-01-04 07:00:00,0.0011708485793749208
2030-01-04 08:00:00,2.9554843432840565
2030-01-04 09:00:00,14.923673938413815
2030-01-04 10:00:00,693.1772491203085
2030-01-04 11:00:00,1073.2542291958644
2030-01-04 12:00:00,961.1022800838798
2030-01-04 13:00:00,441.8331312864768
2030-01-04 14:00:00,3.1794723273662324
2030-01-04 15:00:00,2.2786007993330086
2030-01-04 16:00:00,0.0011745421263017165
2030-01-04 17:00:00,0.0011869254753002494
2030-01-04 18:00:00,0.0012036534675450622
2030-01-04 19:00:00,0.0011900857772334395
2030-01-04 20:00:00,0.0011944684828973104
2030-01-04 21:00:00,0.0012242472200938827
2030-01-04 22:00:00,0.0012428987767229061
2030-01-04 23:00:00,0.001251589212980752
2030-01-05 00:00:00,0.0012951218744054723
2030-01-05 01:00:00,0.0013035500129317808
2030-01-05 02:00:00,0.0013044287575845626
2030-01-05 03:00:00,0.0013447611602870513
2030-01-05 04:00:00,0.0013846899702197703
2030-01-05 05:00:00,0.001341548906316011
2030-01-05 06:00:00,0.0012873008100610771
2030-01-05 07:00:00,0.0013289605977983244
2030-01-05 08:00:00,2.4641720968527894
2030-01-05 09:00:00,2.7447608100182506
2030-01-05 10:00:00,261.55861533910377
2030-01-05 11:00:00,522.4221767788374
2030-01-05 12:00:00,527.9097599090559
2030-01-05 13:00:00,24.640460797708066
2030-01-05 14:00:00,3.80515873047842
2030-01-05 15:00:00,0.9704827093153481
2030-01-05 16:00:00,0.0013315291524328887
2030-01-05 17:00:00,0.0013225630493560775
2030-01-05 18:00:00,0.001341719637594647
2030-01-05 19:00:00,0.0013047001852184205
2030-01-05 20:00:00,0.001311521201486349
2030-01-05 21:00:00,0.0012929549741137667
2030-01-05 22:00:00,0.001262026692901652
2030-01-05 23:00:00,0.001273284217840448
2030-01-06 00:00:00,0.0013773654232684435
2030-01-06 01:00:00,0.0013651782338888105
2030-01-06 02:00:00,0.0013618694316028402
2030-01-06 03:00:00,0.001356729288766438
2030-01-06 04:00:00,0.0013383153793667345
2030-01-06 05:00:00,0.0013035549748137342
2030-01-06 06:00:00,0.0012633128762196953
2030-01-06 07:00:00,0.0013073178656496666
2030-01-06 08:00:00,0.003772060678993852
2030-01-06 09:00:00,0.003778356039847736
2030-01-06 10:00:00,5.006031156092804
2030-01-06 11:00:00,4.883179344120662
2030-01-06 12:00:00,0.00514297296475582
2030-01-06 13:00:00,0.0033055165172466796
2030-01-06 14:00:00,0.003514548738615437
2030-01-06 15:00:00,4.6632881447790595e-05
2030-01-06 16:00:00,4.231189633785365e-05
2030-01-06 17:00:00,3.869488271877987e-05
2030-01-06 18:00:00,3.0571337941084556e-05
2030-01-06 19:00:00,3.072137154166633e-05
2030-01-06 20:00:00,3.199098742446549e-05
2030-01-06 21:00:00,3.2953852273835904e-05
2030-01-06 22:00:00,3.3924029742915734e-05
2030-01-06 23:00:00,3.4089520825474625e-05
2030-01-07 00:00:00,3.473635557146397e-05
2030-01-07 01:00:00,3.527521615592915e-05
2030-01-07 02:00:00,3.5747756023614475e-05
2030-01-07 03:00:00,3.670281392318429e-05
2030-01-07 04:00:00,3.7439060286963476e-05
2030-01-07 05:00:00,3.7857334791440075e-05
2030-01-07 06:00:00,3.7249609558936985e-05
2030-01-07 07:00:00,4.4138852532169775e-05
2030-01-07 08:00:00,0.002787578080494798
2030-01-07 09:00:00,0.003278709486762888
2030-01-07 10:00:00,13.521832055147938
2030-01-07 11:00:00,417.4504653423984
2030-01-07 12:00:00,422.9452026384832
2030-01-07 13:00:00,8.812001375406227
2030-01-07 14:00:00,0.0034421434441571715
2030-01-07 15:00:00,0.0019592562038630796
2030-01-07 16:00:00,0.0012474359286150784
2030-01-07 17:00:00,0.001331936656926567
2030-01-07 18:00:00,0.0013214417926655205
2030-01-07 19:00:00,0.0013091889263329123
2030-01-07 20:00:00,0.0012978731930453097
2030-01-07 21:00:00,0.0011982759580308222
2030-01-07 22:00:00,0.001155666494259756
2030-01-07 23:00:00,0.0011416995465543854
2030-01-08 00:00:00,0.001142635734566724
2030-01-08 01:00:00,0.0011737713704997594
2030-01-08 02:00:00,0.0011803043479256762
2030-01-08 03:00:00,0.0011853707544072017
2030-01-08 04:00:00,0.0011823912969026104
2030-01-08 05:00:00,0.0011750426134712797
2030-01-08 06:00:00,0.0011567160800674706
2030-01-08 07:00:00,0.0011717258545509634
2030-01-08 08:00:00,0.0018802085959332563
2030-01-08 09:00:00,0.0027102284531939826
2030-01-08 10:00:00,5.321603210390092
2030-01-08 11:00:00,11.281331429444576
2030-01-08 12:00:00,12.399178236656475
2030-01-08 13:00:00,6.337166711797754
2030-01-08 14:00:00,0.0029777569925071236
2030-01-08 15:00:00,0.0016018227201358612
2030-01-08 16:00:00,0.0012090729366126588
2030-01-08 17:00:00,0.001222798612889587
2030-01-08 18:00:00,0.0012281344951245161
2030-01-08 19:00:00,0.0012419483419037023
2030-01-08 20:00:00,0.0012476353711904768
2030-01-08 21:00:00,0.0012482499095996765
2030-01-08 22:00:00,0.0012719708695183715
2030-01-08 23:00:00,0.0013137208252996886
2030-01-09 00:00:00,0.0015025036190091314
2030-01-09 01:00:00,0.0014970864799071838
2030-01-09 02:00:00,0.0014535592825846923
2030-01-09 03:00:00,0.0014515019264792995
2030-01-09 04:00:00,0.001479301866897124
2030-01-09 05:00:00,0.0014425594286077332
2030-01-09 06:00:00,0.0014119399469938534
2030-01-09 07:00:00,0.0015124425160440973
2030-01-09 08:00:00,5.612027142041857
2030-01-09 09:00:00,23.234223647722267
2030-01-09 10:00:00,671.2629228382901
2030-01-09 11:00:00,1109.920310762474
2030-01-09 12:00:00,1243.6625637021261
2030-01-09 13:00:00,833.0648015365276
2030-01-09 14:00:00,13.027770335512011
2030-01-09 15:00:00,3.0417440583427604
2030-01-09 16:00:00,0.013328887959462918
2030-01-09 17:00:00,0.013429128213217635
2030-01-09 18:00:00,0.0133997667637356
2030-01-09 19:00:00,0.013082668211416421
2030-01-09 20:00:00,0.013241650875369161
2030-01-09 21:00:00,0.012928218556820276
2030-01-09 22:00:00,0.012948355577091555
2030-01-09 23:00:00,0.01319728950659268
2030-01-10 00:00:00,0.013923750886955839
2030-01-10 01:00:00,0.014056916495551235
2030-01-10 02:00:00,0.01403884044493107
2030-01-10 03:00:00,0.014172572127324562
2030-01-10 04:00:00,0.014148046485900283
2030-01-10 05:00:00,0.013694561093411235
2030-01-10 06:00:00,0.013872093251933818
2030-01-10 07:00:00,0.014436341266822627
2030-01-10 08:00:00,5.209395640059654
2030-01-10 09:00:00,0.861700102942986
2030-01-10 10:00:00,476.19616115956075
2030-01-10 11:00:00,823.0315194446433
2030-01-10 12:00:00,613.2532414954158
2030-01-10 13:00:00,104.84358977014388
2030-01-10 14:00:00,3.3881059691457933
2030-01-10 15:00:00,2.668341757951884
2030-01-10 16:00:00,0.001280692691524223
2030-01-10 17:00:00,0.0012667260163693153
2030-01-10 18:00:00,0.0012997924064716284
2030-01-10 19:00:00,0.0013256432624901419
2030-01-10 20:00:00,0.0013552061070140132
2030-01-10 21:00:00,0.001358844352426042
2030-01-10 22:00:00,0.0013392254382609684
2030-01-10 23:00:00,0.0013913853764344077
2030-01-11 00:00:00,0.0013818791328885412
2030-01-11 01:00:00,0.0014336395792964372
2030-01-11 02:00:00,0.0014057010533917627
2030-01-11 03:00:00,0.001392398627022364
2030-01-11 04:00:00,0.0013624138697610083
2030-01-11 05:00:00,0.001325706308379818
2030-01-11 06:00:00,0.0012706965443385447
2030-01-11 07:00:00,0.0012724988618505364
2030-01-11 08:00:00,0.002290370729074516
2030-01-11 09:00:00,0.004200287839642764
2030-01-11 10:00:00,5.227027441874658
2030-01-11 11:00:00,10.778905815438376
2030-01-11 12:00:00,12.542600926127632
2030-01-11 13:00:00,4.109173253607246
2030-01-11 14:00:00,0.003419847046900959
2030-01-11 15:00:00,0.00211752846211442
2030-01-11 16:00:00,0.001287827023302166
2030-01-11 17:00:00,0.001271957122936668
2030-01-11 18:00:00,0.0012679361522357226
2030-01-11 19:00:00,0.0012812932118686166
2030-01-11 20:00:00,0.0012807983749611675
2030-01-11 21:00:00,0.001286685317717947
2030-01-11 22:00:00,0.0012845017034629424
2030-01-11 23:00:00,0.0012928357570419623
2030-01-12 00:00:00,0.0013084473236550918
2030-01-12 01:00:00,0.0013510531273298956
2030-01-12 02:00:00,0.0013530610098856986
2030-01-12 03:00:00,0.0013299658807052815
2030-01-12 04:00:00,0.0013327293565370125
2030-01-12 05:00:00,0.0013268188586154956
2030-01-12 06:00:00,0.0012942085952128122
2030-01-12 07:00:00,0.0013216735809911144
2030-01-12 08:00:00,0.003622696753134743
2030-01-12 09:00:00,0.004527486725324156
2030-01-12 10:00:00,5.177375445359638
2030-01-12 11:00:00,8.081184108413318
2030-01-12 12:00:00,5.798370332996368
2030-01-12 13:00:00,0.004219913455603349
2030-01-12 14:00:00,0.0037054043235007173
2030-01-12 15:00:00,0.0012602037530054797
2030-01-12 16:00:00,0.0011626139245077343
2030-01-12 17:00:00,0.001165365838238184
2030-01-12 18:00:00,0.0011557885545227815
2030-01-12 19:00:00,0.0011563596049301425
2030-01-12 20:00:00,0.0011563195181032136
2030-01-12 21:00:00,0.0011645799728515073
2030-01-12 22:00:00,0.001167362396515515
2030-01-12 23:00:00,0.0011715479007855293
2030-01-13 00:00:00,0.0011786542562624669
2030-01-13 01:00:00,0.001177250720450774
2030-01-13 02:00:00,0.0011784967127093091
2030-01-13 03:00:00,0.001184212660002641
2030-01-13 04:00:00,0.0011862142692981687
2030-01-13 05:00:00,0.0011905948774878572
2030-01-13 06:00:00,0.0011762366612999187
2030-01-13 07:00:00,0.0011935704845659767
2030-01-13 08:00:00,0.0028162206729225826
2030-01-13 09:00:00,4.036055971103763
2030-01-13 10:00:00,476.38304123603183
2030-01-13 11:00:00,855.2868390014809
2030-01-13 12:00:00,724.1499630673994
2030-01-13 13:00:00,142.17759785750758
2030-01-13 14:00:00,0.0025036590160565394
2030-01-13 15:00:00,0.0013433466922775899
2030-01-13 16:00:00,0.001134558898090747
2030-01-13 17:00:00,0.0011393811695408324
2030-01-13 18:00:00,0.0011479434905989983
2030-01-13 19:00:00,0.0011494491789511342
2030-01-13 20:00:00,0.0011467431908000385
2030-01-13 21:00:00,0.0011506495716920972
2030-01-13 22:00:00,0.001154628675601754
2030-01-13 23:00:00,0.0011694620447644539
2030-01-14 00:00:00,0.0011886419888944672
2030-01-14 01:00:00,0.0011983964006901822
2030-01-14 02:00:00,0.0012118406835523788
2030-01-14 03:00:00,0.0012266828209958605
2030-01-14 04:00:00,0.001250633167501632
2030-01-14 05:00:00,0.0012349098821132368
2030-01-14 06:00:00,0.0012231374219033077
2030-01-14 07:00:00,0.0013601567388325728
2030-01-14 08:00:00,0.002446824353236009
2030-01-14 09:00:00,0.0034711579063888883
2030-01-14 10:00:00,115.14099309767181
2030-01-14 11:00:00,410.1087540292222
2030-01-14 12:00:00,347.89998226338696
2030-01-14 13:00:00,6.7993572193402105
2030-01-14 14:00:00,0.0034528093370521902
2030-01-14 15:00:00,0.002143392850108888
2030-01-14 16:00:00,0.001266270192534304
2030-01-14 17:00:00,0.001332480187179321
2030-01-14 18:00:00,0.001319816736929886
2030-01-14 19:00:00,0.0012996210114777486
2030-01-14 20:00:00,0.0011979493868030909
2030-01-14 21:00:00,0.001201405358586878
2030-01-14 22:00:00,0.0011965601263475769
2030-01-14 23:00:00,0.0012173435821897557
2030-01-15 00:00:00,0.0012181397279814436
2030-01-15 01:00:00,0.001244761744853144
2030-01-15 02:00:00,0.0012858897949218672
2030-01-15 03:00:00,0.0013211420288287343
2030-01-15 04:00:00,0.0013343528229263501
2030-01-15 05:00:00,0.0013077710529349796
2030-01-15 06:00:00,0.0013148867715343346
2030-01-15 07:00:00,0.0013388494340579632
2030-01-15 08:00:00,0.002721269925998983
2030-01-15 09:00:00,0.004732840934441576
2030-01-15 10:00:00,0.004781639913053121
2030-01-15 11:00:00,0.004847576154395137
2030-01-15 12:00:00,0.003773902264118425
2030-01-15 13:00:00,0.0037024617386326774
2030-01-15 14:00:00,0.004474707294410666
2030-01-15 15:00:00,0.002201394466805677
2030-01-15 16:00:00,0.0013366624748812296
2030-01-15 17:00:00,0.0013726310010127795
2030-01-15 18:00:00,0.001499015289273447
2030-01-15 19:00:00,0.0015133467720431272
2030-01-15 20:00:00,0.0014820089825975846
2030-01-15 21:00:00,0.0015191974764934035
2030-01-15 22:00:00,0.001526479848573835
2030-01-15 23:00:00,0.0015714652421511739
2030-01-16 00:00:00,0.001445805027433756
2030-01-16 01:00:00,0.0013750902703093407
2030-01-16 02:00:00,0.0013667030869619645
2030-01-16 03:00:00,0.0013469788125180266
2030-01-16 04:00:00,0.001325744285124015
2030-01-16 05:00:00,0.0013104864100927402
2030-01-16 06:00:00,0.001293533599054949
2030-01-16 07:00:00,0.0013270667655158257
2030-01-16 08:00:00,2.9704901124348306
2030-01-16 09:00:00,9.778446543001294
2030-01-16 10:00:00,649.447205406183
2030-01-16 11:00:00,1006.9840271248667
2030-01-16 12:00:00,838.3104124030625
2030-01-16 13:00:00,398.91089358141386
2030-01-16 14:00:00,2.4089437838663983
2030-01-16 15:00:00,2.6624850611467643
2030-01-16 16:00:00,0.001339968642984535
2030-01-16 17:00:00,0.0013792778346290058
2030-01-16 18:00:00,0.001348441470420413
2030-01-16 19:00:00,0.0013301145007553353
2030-01-16 20:00:00,0.0013506076215861174
2030-01-16 21:00:00,0.0013776564958045676
2030-01-16 22:00:00,0.0013720060538549494
2030-01-16 23:00:00,0.0013445733448208764
2030-01-17 00:00:00,0.0013564374218833762
2030-01-17 01:00:00,0.0013707183910248938
2030-01-17 02:00:00,0.0013968687697034155
2030-01-17 03:00:00,0.0014290940713198174
2030-01-17 04:00:00,0.0014007501519975036
2030-01-17 05:00:00,0.001383955265208458
2030-01-17 06:00:00,0.001326083468039105
2030-01-17 07:00:00,0.0013584424829495127
2030-01-17 08:00:00,0.0018786550815097199
2030-01-17 09:00:00,0.0036733283251413878
2030-01-17 10:00:00,0.0053102193252676805
2030-01-17 11:00:00,8.333742053136342
2030-01-17 12:00:00,8.00298175121534
2030-01-17 13:00:00,0.0041195330269975725
2030-01-17 14:00:00,0.002800166523168626
2030-01-17 15:00:00,0.0015863333608132982
2030-01-17 16:00:00,0.0012172796414679178
2030-01-17 17:00:00,0.0012394696503381577
2030-01-17 18:00:00,0.0012476560711267345
2030-01-17 19:00:00,0.0012486248945341655
2030-01-17 20:00:00,0.001261829553470264
2030-01-17 21:00:00,0.0012487252739278416
2030-01-17 22:00:00,0.0012763648902178802
2030-01-17 23:00:00,0.0012984058515630214
2030-01-18 00:00:00,0.0013701561591604242
2030-01-18 01:00:00,0.0013748752904424921
2030-01-18 02:00:00,0.0013720389445511761
2030-01-18 03:00:00,0.0013364843482283595
2030-01-18 04:00:00,0.0012867937783193214
2030-01-18 05:00:00,0.0012584012106484676
2030-01-18 06:00:00,0.0012295597552492764
2030-01-18 07:00:00,0.0012874415824641254
2030-01-18 08:00:00,0.0018755886044470082
2030-01-18 09:00:00,0.0030529967610354275
2030-01-18 10:00:00,2.8352478036890894
2030-01-18 11:00:00,244.0261071600817
2030-01-18 12:00:00,324.1558219567625
2030-01-18 13:00:00,6.5059402560445285
2030-01-18 14:00:00,0.0030931070531386123
2030-01-18 15:00:00,0.0017458557599239997
2030-01-18 16:00:00,0.001338341804477617
2030-01-18 17:00:00,0.001446033131766058
2030-01-18 18:00:00,0.0014338313708792188
2030-01-18 19:00:00,0.0014881836929089413
2030-01-18 20:00:00,0.001473338935818786
2030-01-18 21:00:00,0.0014409680110543392
2030-01-18 22:00:00,0.0014199534952119767
2030-01-18 23:00:00,0.0014381391844702366
2030-01-19 00:00:00,0.001471149008337325
2030-01-19 01:00:00,0.0015028609216603773
2030-01-19 02:00:00,0.0014828675641358692
2030-01-19 03:00:00,0.0014715057337462447
2030-01-19 04:00:00,0.001447366952170894
2030-01-19 05:00:00,0.0014002019454725516
2030-01-19 06:00:00,0.0013551952632818048
2030-01-19 07:00:00,0.0015750212382015772
2030-01-19 08:00:00,1.4832272055799864
2030-01-19 09:00:00,4.269493880982715
2030-01-19 10:00:00,403.5393971587815
2030-01-19 11:00:00,775.2076338586082
2030-01-19 12:00:00,751.7296823722512
2030-01-19 13:00:00,151.70835808433478
2030-01-19 14:00:00,1.8822583975709335
2030-01-19 15:00:00,0.0013883202550851923
2030-01-19 16:00:00,0.0011101414978207118
2030-01-19 17:00:00,0.0011726034045531583
2030-01-19 18:00:00,0.0011745132650074431
2030-01-19 19:00:00,0.0011007413570561604
2030-01-19 20:00:00,0.0011012896852433736
2030-01-19 21:00:00,0.0011035611021049743
2030-01-19 22:00:00,0.0010850280414374774
2030-01-19 23:00:00,0.0010920083775480456
2030-01-20 00:00:00,0.0011124824685069584
2030-01-20 01:00:00,0.0011155114720602854
2030-01-20 02:00:00,0.001117191596849777
2030-01-20 03:00:00,0.0011163963955294137
2030-01-20 04:00:00,0.0011189877183895032
2030-01-20 05:00:00,0.0011184648300467984
2030-01-20 06:00:00,0.001119029641057632
2030-01-20 07:00:00,0.001148139729326805
2030-01-20 08:00:00,0.0016500781173971056
2030-01-20 09:00:00,0.002766688332501443
2030-01-20 10:00:00,8.929355453856813
2030-01-20 11:00:00,303.0593319877651
2030-01-20 12:00:00,286.7328322084612
2030-01-20 13:00:00,8.285891370333585
2030-01-20 14:00:00,0.0032428557040565316
2030-01-20 15:00:00,0.0020256887536725743
2030-01-20 16:00:00,0.001236972739418478
2030-01-20 17:00:00,0.0013272922042167777
2030-01-20 18:00:00,0.0013947456322775985
2030-01-20 19:00:00,0.0014784627207494096
2030-01-20 20:00:00,0.0014262008331399553
2030-01-20 21:00:00,0.0014267393696608221
2030-01-20 22:00:00,0.0014326209931134271
2030-01-20 23:00:00,0.0014712236310675314
2030-01-21 00:00:00,0.0015651940478603739
2030-01-21 01:00:00,0.0015075537769322943
2030-01-21 02:00:00,0.0014829570010434045
2030-01-21 03:00:00,0.0014630673902455175
2030-01-21 04:00:00,0.0014568797527273261
2030-01-21 05:00:00,0.0014079229181615785
2030-01-21 06:00:00,0.0013996271816694799
2030-01-21 07:00:00,0.001538053104768347
2030-01-21 08:00:00,2.8909399979835237
2030-01-21 09:00:00,9.170077859033608
2030-01-21 10:00:00,692.5701336059254
2030-01-21 11:00:00,1129.5801856171481
2030-01-21 12:00:00,1092.3473073383668
2030-01-21 13:00:00,656.8605340414216
2030-01-21 14:00:00,8.47942129330081
2030-01-21 15:00:00,2.390149705248441
2030-01-21 16:00:00,0.0014191215998903231
2030-01-21 17:00:00,0.00136636715845026
2030-01-21 18:00:00,0.001347004218974665
2030-01-21 19:00:00,0.0013191306510242974
2030-01-21 20:00:00,0.0012938071889834388
2030-01-21 21:00:00,0.001177153017049228
2030-01-21 22:00:00,0.001143614407577005
2030-01-21 23:00:00,0.0011333063039131162
2030-01-22 00:00:00,0.0011537332746648869
2030-01-22 01:00:00,0.0011765957199093863
2030-01-22 02:00:00,0.0011779494898534765
2030-01-22 03:00:00,0.0011909974828684586
2030-01-22 04:00:00,0.001206907831388418
2030-01-22 05:00:00,0.0012057949645614605
2030-01-22 06:00:00,0.0012011681156002191
2030-01-22 07:00:00,0.0012417544317543812
2030-01-22 08:00:00,2.225886756663183
2030-01-22 09:00:00,3.4996936260668314
2030-01-22 10:00:00,9.025211450306903
2030-01-22 11:00:00,334.57481053194874
2030-01-22 12:00:00,295.4454624642228
2030-01-22 13:00:00,87.289281375118
2030-01-22 14:00:00,4.352384556888977
2030-01-22 15:00:00,2.179088951164034
2030-01-22 16:00:00,0.0012963066810380338
2030-01-22 17:00:00,0.0012614747384095452
2030-01-22 18:00:00,0.0012784131569098048
2030-01-22 19:00:00,0.001267771010498514
2030-01-22 20:00:00,0.0012559617654119633
2030-01-22 21:00:00,0.0012069945915320407
2030-01-22 22:00:00,0.0012034377047635304
2030-01-22 23:00:00,0.0012158163900660786
2030-01-23 00:00:00,0.0012350759613019415
2030-01-23 01:00:00,0.0012413205205374241
2030-01-23 02:00:00,0.001242776512374127
2030-01-23 03:00:00,0.001249651897548176
2030-01-23 04:00:00,0.0012464622602461682
2030-01-23 05:00:00,0.0012615886539704706
2030-01-23 06:00:00,0.0012650256431133958
2030-01-23 07:00:00,0.0012681024294661151
2030-01-23 08:00:00,0.00147977143582958
2030-01-23 09:00:00,0.002455047094326783
2030-01-23 10:00:00,0.00357466723953424
2030-01-23 11:00:00,0.004310838381895707
2030-01-23 12:00:00,0.003968039511979731
2030-01-23 13:00:00,0.0039687779808556065
2030-01-23 14:00:00,0.0035374012805950263
2030-01-23 15:00:00,0.0020189018190526465
2030-01-23 16:00:00,0.0014451263070303078
2030-01-23 17:00:00,0.001451472000699315
2030-01-23 18:00:00,0.0014692128441521372
2030-01-23 19:00:00,0.0014779618681230447
2030-01-23 20:00:00,0.0014986587562728965
2030-01-23 21:00:00,0.001512614355415016
2030-01-23 22:00:00,0.0014552365649893046
2030-01-23 23:00:00,0.0015061399280566928
2030-01-24 00:00:00,0.0015219712930126517
2030-01-24 01:00:00,0.0016683248891871541
2030-01-24 02:00:00,0.001964226130160867
2030-01-24 03:00:00,0.002117772858585061
2030-01-24 04:00:00,0.0020370017554171733
2030-01-24 05:00:00,0.0018338742436850156
2030-01-24 06:00:00,0.0015851530499385934
2030-01-24 07:00:00,0.0015944017805094744
2030-01-24 08:00:00,1.7579909463009145
2030-01-24 09:00:00,2.634111697175842
2030-01-24 10:00:00,3.566369229169271
2030-01-24 11:00:00,170.81814188214253
2030-01-24 12:00:00,184.1032119278732
2030-01-24 13:00:00,8.120622746310488
2030-01-24 14:00:00,11.769355321879509
2030-01-24 15:00:00,4.406422361347813
2030-01-24 16:00:00,0.015842176439135804
2030-01-24 17:00:00,0.01635389954971132
2030-01-24 18:00:00,0.017164211662201743
2030-01-24 19:00:00,0.01738218714857742
2030-01-24 20:00:00,0.017261589102776708
2030-01-24 21:00:00,0.01691213762350393
2030-01-24 22:00:00,0.017095138439907107
2030-01-24 23:00:00,0.017390146279121447
2030-01-25 00:00:00,0.017172574743650013
2030-01-25 01:00:00,0.016405372117748656
2030-01-25 02:00:00,0.01591320306404026
2030-01-25 03:00:00,0.015186145485512491
2030-01-25 04:00:00,0.014755441699114094
2030-01-25 05:00:00,0.014062423325886649
2030-01-25 06:00:00,0.013409230057466663
2030-01-25 07:00:00,0.014274023767365994
2030-01-25 08:00:00,3.025634128313229
2030-01-25 09:00:00,2.5889348744593237
2030-01-25 10:00:00,167.7687915577396
2030-01-25 11:00:00,407.47490552629324
2030-01-25 12:00:00,434.07418375669243
2030-01-25 13:00:00,62.781509050624756
2030-01-25 14:00:00,4.094031180569732
2030-01-25 15:00:00,1.2578032106911243
2030-01-25 16:00:00,0.001215268659396087
2030-01-25 17:00:00,0.0012740178380665824
2030-01-25 18:00:00,0.0011836022776200836
2030-01-25 19:00:00,0.0011788650507023727
2030-01-25 20:00:00,0.001161310642802992
2030-01-25 21:00:00,0.0011481441950621635
2030-01-25 22:00:00,0.0011510466002488937
2030-01-25 23:00:00,0.0011488169101521114
2030-01-26 00:00:00,0.001165927011434021
2030-01-26 01:00:00,0.0011662042297868737
2030-01-26 02:00:00,0.0011677783587763833
2030-01-26 03:00:00,0.0011651802777919457
2030-01-26 04:00:00,0.0011656285595507334
2030-01-26 05:00:00,0.0011564645970040433
2030-01-26 06:00:00,0.001143769010219086
2030-01-26 07:00:00,0.0011657210596881659
2030-01-26 08:00:00,0.0017450638673197345
2030-01-26 09:00:00,0.0026243488996344987
2030-01-26 10:00:00,1.9804975809388683
2030-01-26 11:00:00,15.188354272665803
2030-01-26 12:00:00,6.910677616626337
2030-01-26 13:00:00,4.237643105602232
2030-01-26 14:00:00,0.004023807568829268
2030-01-26 15:00:00,0.0020123413518993724
2030-01-26 16:00:00,0.0011994506177229448
2030-01-26 17:00:00,0.0011814341098764594
2030-01-26 18:00:00,0.0011793383059916385
2030-01-26 19:00:00,0.0011708702123895
2030-01-26 20:00:00,0.0011824119245027133
2030-01-26 21:00:00,0.0011942568016651888
2030-01-26 22:00:00,0.0012333668758685657
2030-01-26 23:00:00,0.0012913134649583254
2030-01-27 00:00:00,0.0013927892130750385
2030-01-27 01:00:00,0.0014342143350617395
2030-01-27 02:00:00,0.0014390575814511824
2030-01-27 03:00:00,0.0014524109241409455
2030-01-27 04:00:00,0.001425303033043657
2030-01-27 05:00:00,0.001426406538693565
2030-01-27 06:00:00,0.0013656470162838525
2030-01-27 07:00:00,0.001441573270486404
2030-01-27 08:00:00,3.3294675564104974
2030-01-27 09:00:00,8.27373459222542
2030-01-27 10:00:00,41.71286172346791
2030-01-27 11:00:00,43.495994536471215
2030-01-27 12:00:00,227.08062962955648
2030-01-27 13:00:00,22.471155403594192
2030-01-27 14:00:00,6.972837222430248
2030-01-27 15:00:00,7.511324245655796
2030-01-27 16:00:00,0.014540151417642377
2030-01-27 17:00:00,0.015123468046037673
2030-01-27 18:00:00,0.015463955647758338
2030-01-27 19:00:00,0.015069098819544933
2030-01-27 20:00:00,0.015148353645959194
2030-01-27 21:00:00,0.014777898172927007
2030-01-27 22:00:00,0.015244146475859928
2030-01-27 23:00:00,0.015450736810111103
2030-01-28 00:00:00,0.016412517542092622
2030-01-28 01:00:00,0.016354565038705984
2030-01-28 02:00:00,0.01612503569828987
2030-01-28 03:00:00,0.015725646851001595
2030-01-28 04:00:00,0.015127036079060253
2030-01-28 05:00:00,0.014326000786274155
2030-01-28 06:00:00,0.013453255220713334
2030-01-28 07:00:00,0.013919519716952392
2030-01-28 08:00:00,9.612482972538618
2030-01-28 09:00:00,10.340464604750373
2030-01-28 10:00:00,36.31121127073708
2030-01-28 11:00:00,43.704619715004974
2030-01-28 12:00:00,29.22775311596905
2030-01-28 13:00:00,48.25526634957379
2030-01-28 14:00:00,11.091276813675293
2030-01-28 15:00:00,9.923534923274387
2030-01-28 16:00:00,0.014197962757188215
2030-01-28 17:00:00,0.014398631705822371
2030-01-28 18:00:00,0.014547768433752764
2030-01-28 19:00:00,0.014359400507749594
2030-01-28 20:00:00,0.013964342736135154
2030-01-28 21:00:00,0.01387384390406226
2030-01-28 22:00:00,0.013809380211597824
2030-01-28 23:00:00,0.01421208846893932
2030-01-29 00:00:00,0.014536384019422146
2030-01-29 01:00:00,0.014978202174446387
2030-01-29 02:00:00,0.015058077833985592
2030-01-29 03:00:00,0.014948976761661296
2030-01-29 04:00:00,0.014320985762701995
2030-01-29 05:00:00,0.013888608226428076
2030-01-29 06:00:00,0.013044088710142164
2030-01-29 07:00:00,0.013193522990036916
2030-01-29 08:00:00,20.37313204061793
2030-01-29 09:00:00,54.69053568829566
2030-01-29 10:00:00,900.6096244453257
2030-01-29 11:00:00,1519.8444844585101
2030-01-29 12:00:00,1569.8231609991005
2030-01-29 13:00:00,1124.786100971957
2030-01-29 14:00:00,271.95118200859883
2030-01-29 15:00:00,17.19029551308483
2030-01-29 16:00:00,0.013211662498428573
2030-01-29 17:00:00,0.01269195559130897
2030-01-29 18:00:00,0.012844289177419208
2030-01-29 19:00:00,0.012964798097178088
2030-01-29 20:00:00,0.013265719723093577
2030-01-29 21:00:00,0.013035745889716295
2030-01-29 22:00:00,0.01323667447704638
2030-01-29 23:00:00,0.013290776649591312
2030-01-30 00:00:00,0.012972646394669737
2030-01-30 01:00:00,0.012688019279339043
2030-01-30 02:00:00,0.012676589147007526
2030-01-30 03:00:00,0.012667179809975575
2030-01-30 04:00:00,0.012667567525599478
2030-01-30 05:00:00,0.012524182363054547
2030-01-30 06:00:00,0.012108984973921957
2030-01-30 07:00:00,0.01271260100612816
2030-01-30 08:00:00,22.50027301203366
2030-01-30 09:00:00,485.8355777962787
2030-01-30 10:00:00,1387.0489683160795
2030-01-30 11:00:00,1796.7087563361167
2030-01-30 12:00:00,1691.4584147415158
2030-01-30 13:00:00,1252.1950054871572
2030-01-30 14:00:00,430.7243047423462
2030-01-30 15:00:00,20.409854875802523
2030-01-30 16:00:00,0.01326293976548235
2030-01-30 17:00:00,0.012673104054865391
2030-01-30 18:00:00,0.012927755436019034
2030-01-30 19:00:00,0.013145082574997836
2030-01-30 20:00:00,0.013526764403182675
2030-01-30 21:00:00,0.014075414716533032
2030-01-30 22:00:00,0.014585877444397956
2030-01-30 23:00:00,0.014651869796011796
2030-01-31 00:00:00,0.01452992089105657
2030-01-31 01:00:00,0.01479080665877622
2030-01-31 02:00:00,0.015131774827644984
2030-01-31 03:00:00,0.015192590503722875
2030-01-31 04:00:00,0.015326160053189616
2030-01-31 05:00:00,0.014821201240874996
2030-01-31 06:00:00,0.013771595782026747
2030-01-31 07:00:00,0.01453675512842634
2030-01-31 08:00:00,20.943333981250245
2030-01-31 09:00:00,167.69841812294604
2030-01-31 10:00:00,1057.3409819185845
2030-01-31 11:00:00,1498.1117355014155
2030-01-31 12:00:00,1572.2487519395095
2030-01-31 13:00:00,1120.5704668799317
2030-01-31 14:00:00,224.69434681567668
2030-01-31 15:00:00,20.86077590142494
2030-01-31 16:00:00,0.001341993881060211
2030-01-31 17:00:00,0.001303069388051835
2030-01-31 18:00:00,0.00129414395275022
2030-01-31 19:00:00,0.0012860458845952447
2030-01-31 20:00:00,0.0012608403707540618
2030-01-31 21:00:00,0.0012375540835766
2030-01-31 22:00:00,0.0012165190128276058
2030-01-31 23:00:00,0.0012495185315449728
2030-02-01 00:00:00,0.0012536539315566152
2030-02-01 01:00:00,0.0012723941044374667
2030-02-01 02:00:00,0.001261711807870272
2030-02-01 03:00:00,0.0012477391698369421
2030-02-01 04:00:00,0.0012243288553841472
2030-02-01 05:00:00,0.0011878318558542719
2030-02-01 06:00:00,0.0011549052547830932
2030-02-01 07:00:00,0.0012229576733816822
2030-02-01 08:00:00,12.126208183414859
2030-02-01 09:00:00,33.44214106442427
2030-02-01 10:00:00,381.666657766577
2030-02-01 11:00:00,824.8838999608092
2030-02-01 12:00:00,915.4592733856491
2030-02-01 13:00:00,524.9216036308283
2030-02-01 14:00:00,47.085014002286066
2030-02-01 15:00:00,23.262500359996114
2030-02-01 16:00:00,0.013688064265527837
2030-02-01 17:00:00,0.01383678870686402
2030-02-01 18:00:00,0.014099208375511183
2030-02-01 19:00:00,0.013922422881231349
2030-02-01 20:00:00,0.014211370267435913
2030-02-01 21:00:00,0.014336508655844316
2030-02-01 22:00:00,0.01454235998750964
2030-02-01 23:00:00,0.015550272678562647
2030-02-02 00:00:00,0.01612424632328548
2030-02-02 01:00:00,0.01691156783714799
2030-02-02 02:00:00,0.01660910174974855
2030-02-02 03:00:00,0.016425409126989494
2030-02-02 04:00:00,0.01678398355308974
2030-02-02 05:00:00,0.017070600823023585
2030-02-02 06:00:00,0.01557051758043981
2030-02-02 07:00:00,0.01606671269589972
2030-02-02 08:00:00,15.039729194853056
2030-02-02 09:00:00,101.24616853231784
2030-02-02 10:00:00,863.342487605561
2030-02-02 11:00:00,1199.3257343448668
2030-02-02 12:00:00,1278.1969448538352
2030-02-02 13:00:00,954.0292327504553
2030-02-02 14:00:00,166.03120816883987
2030-02-02 15:00:00,23.442867840802
2030-02-02 16:00:00,0.0013927683247561553
2030-02-02 17:00:00,0.0013740729031597486
2030-02-02 18:00:00,0.001365199218498525
2030-02-02 19:00:00,0.0013173240956600607
2030-02-02 20:00:00,0.0012309943055583247
2030-02-02 21:00:00,0.0011941847841046532
2030-02-02 22:00:00,0.001166663029862726
2030-02-02 23:00:00,0.001177912574506907
2030-02-03 00:00:00,0.0011646885555220352
2030-02-03 01:00:00,0.001160815681640138
2030-02-03 02:00:00,0.0011677666738982016
2030-02-03 03:00:00,0.0011308412588935772
2030-02-03 04:00:00,0.0011213149654297602
2030-02-03 05:00:00,0.0011206751578486563
2030-02-03 06:00:00,0.0011289059299748009
2030-02-03 07:00:00,0.0012216331296245014
2030-02-03 08:00:00,6.311174367818
2030-02-03 09:00:00,20.80869642107831
2030-02-03 10:00:00,536.6869031227731
2030-02-03 11:00:00,935.6574894204963
2030-02-03 12:00:00,854.6040105295835
2030-02-03 13:00:00,367.4235924095526
2030-02-03 14:00:00,20.421500152128647
2030-02-03 15:00:00,6.7409019704770134
2030-02-03 16:00:00,0.0011832775295237022
2030-02-03 17:00:00,0.0011805092598695418
2030-02-03 18:00:00,0.0011956606923296171
2030-02-03 19:00:00,0.0012039197464577098
2030-02-03 20:00:00,0.0012202402342342549
2030-02-03 21:00:00,0.0012617796169585942
2030-02-03 22:00:00,0.0013048754744328503
2030-02-03 23:00:00,0.0013666756557535694
2030-02-04 00:00:00,0.0013716145382192632
2030-02-04 01:00:00,0.0013448439306849031
2030-02-04 02:00:00,0.0013334211752145182
2030-02-04 03:00:00,0.001338800276235098
2030-02-04 04:00:00,0.001304324543485253
2030-02-04 05:00:00,0.0012672370639275992
2030-02-04 06:00:00,0.0012059626493435842
2030-02-04 07:00:00,0.0013150059277083543
2030-02-04 08:00:00,16.55020710821022
2030-02-04 09:00:00,42.25463407400367
2030-02-04 10:00:00,661.2067093714464
2030-02-04 11:00:00,1205.1351000787924
2030-02-04 12:00:00,1301.2290015582228
2030-02-04 13:00:00,833.9289287513151
2030-02-04 14:00:00,73.0042745083169
2030-02-04 15:00:00,16.996709382429614
2030-02-04 16:00:00,0.0013526032809734715
2030-02-04 17:00:00,0.0012678499828576426
2030-02-04 18:00:00,0.0012535390686735292
2030-02-04 19:00:00,0.0012407876607818235
2030-02-04 20:00:00,0.0012264988680931123
2030-02-04 21:00:00,0.001217148636127368
2030-02-04 22:00:00,0.0012819258207426739
2030-02-04 23:00:00,0.001303259219521629
2030-02-05 00:00:00,0.0012645296208149005
2030-02-05 01:00:00,0.0012670491921487495
2030-02-05 02:00:00,0.0012883148852047463
2030-02-05 03:00:00,0.0012848203371786627
2030-02-05 04:00:00,0.0012747131982241869
2030-02-05 05:00:00,0.001254789618490413
2030-02-05 06:00:00,0.0012099310221522777
2030-02-05 07:00:00,0.0012926195271229827
2030-02-05 08:00:00,23.534692251904126
2030-02-05 09:00:00,204.68104152952802
2030-02-05 10:00:00,933.686148193983
2030-02-05 11:00:00,1122.693596341771
2030-02-05 12:00:00,974.0442679940834
2030-02-05 13:00:00,556.7703345077332
2030-02-05 14:00:00,42.10575479861308
2030-02-05 15:00:00,14.046104472842261
2030-02-05 16:00:00,0.0011975292867675833
2030-02-05 17:00:00,0.0011574614175846212
2030-02-05 18:00:00,0.0011945482681957947
2030-02-05 19:00:00,0.00121004660066
2030-02-05 20:00:00,0.001203370312475379
2030-02-05 21:00:00,0.0011537543527538152
2030-02-05 22:00:00,0.001161172128940976
2030-02-05 23:00:00,0.0011884021622779889
2030-02-06 00:00:00,0.0012107130635160804
2030-02-06 01:00:00,0.0012159668313697324
2030-02-06 02:00:00,0.0012409672873047858
2030-02-06 03:00:00,0.0012864059442781997
2030-02-06 04:00:00,0.0012887856034442847
2030-02-06 05:00:00,0.0012934494831188087
2030-02-06 06:00:00,0.0012927235346613356
2030-02-06 07:00:00,0.0013305091093058353
2030-02-06 08:00:00,24.922031447849356
2030-02-06 09:00:00,391.56508977825786
2030-02-06 10:00:00,1197.88994906247
2030-02-06 11:00:00,1490.5213914490398
2030-02-06 12:00:00,1389.477447537301
2030-02-06 13:00:00,1054.1126032820546
2030-02-06 14:00:00,274.12686937731246
2030-02-06 15:00:00,21.713550391241803
2030-02-06 16:00:00,0.001289792437723805
2030-02-06 17:00:00,0.0012343035460637237
2030-02-06 18:00:00,0.0012940581367011164
2030-02-06 19:00:00,0.001314237537035845
2030-02-06 20:00:00,0.0013238272696806021
2030-02-06 21:00:00,0.0012919983383512224
2030-02-06 22:00:00,0.0012998787986249147
2030-02-06 23:00:00,0.0012977699074086782
2030-02-07 00:00:00,0.0012862993669394474
2030-02-07 01:00:00,0.0012958820125187668
2030-02-07 02:00:00,0.0013186000983189698
2030-02-07 03:00:00,0.001314388062898039
2030-02-07 04:00:00,0.0012908684066263306
2030-02-07 05:00:00,0.0012529394353700063
2030-02-07 06:00:00,0.0012207759724759857
2030-02-07 07:00:00,0.0013072211801118483
2030-02-07 08:00:00,22.20036170895852
2030-02-07 09:00:00,164.75832293042578
2030-02-07 10:00:00,1151.4250754530299
2030-02-07 11:00:00,1509.980110236694
2030-02-07 12:00:00,1387.248019944652
2030-02-07 13:00:00,984.4139838415205
2030-02-07 14:00:00,146.11051773703443
2030-02-07 15:00:00,17.682220812960825
2030-02-07 16:00:00,0.0013389543242481872
2030-02-07 17:00:00,0.0013248431293064787
2030-02-07 18:00:00,0.0013995381269124975
2030-02-07 19:00:00,0.0013046185329896572
2030-02-07 20:00:00,0.0013577095002462343
2030-02-07 21:00:00,0.0013348291901449888
2030-02-07 22:00:00,0.0012734639092779971
2030-02-07 23:00:00,0.0012918518127998724
2030-02-08 00:00:00,0.0012849525414491902
2030-02-08 01:00:00,0.0012937208999142238
2030-02-08 02:00:00,0.0013072948362156636
2030-02-08 03:00:00,0.0013257968429766004
2030-02-08 04:00:00,0.0013236142137071506
2030-02-08 05:00:00,0.0013007248143201016
2030-02-08 06:00:00,0.0012451288043367355
2030-02-08 07:00:00,0.0013330810202813387
2030-02-08 08:00:00,10.75017512114927
2030-02-08 09:00:00,20.08425319748481
2030-02-08 10:00:00,325.9894976915484
2030-02-08 11:00:00,789.3705010867875
2030-02-08 12:00:00,945.8848657417393
2030-02-08 13:00:00,552.0788068061662
2030-02-08 14:00:00,30.240695481862414
2030-02-08 15:00:00,8.975451332472932
2030-02-08 16:00:00,0.0012861188125256554
2030-02-08 17:00:00,0.0012088061543370494
2030-02-08 18:00:00,0.001210000363957618
2030-02-08 19:00:00,0.0012177350438255074
2030-02-08 20:00:00,0.0012007785187874245
2030-02-08 21:00:00,0.00120112248652089
2030-02-08 22:00:00,0.0012400273902350698
2030-02-08 23:00:00,0.0012518908463706694
2030-02-09 00:00:00,0.0012536406212276976
2030-02-09 01:00:00,0.0012534063254408558
2030-02-09 02:00:00,0.0012475596370601473
2030-02-09 03:00:00,0.0012678664765545446
2030-02-09 04:00:00,0.001258493714370805
2030-02-09 05:00:00,0.0012555726393194452
2030-02-09 06:00:00,0.001197880596687143
2030-02-09 07:00:00,0.0013228498969576573
2030-02-09 08:00:00,12.040486454559945
2030-02-09 09:00:00,28.345054297207405
2030-02-09 10:00:00,362.97173693336754
2030-02-09 11:00:00,705.4909299159173
2030-02-09 12:00:00,733.2538724084203
2030-02-09 13:00:00,385.68434129408917
2030-02-09 14:00:00,31.93641849401508
2030-02-09 15:00:00,10.542428646393068
2030-02-09 16:00:00,0.0011458492958228556
2030-02-09 17:00:00,0.0011102820264512756
2030-02-09 18:00:00,0.0011080943152104714
2030-02-09 19:00:00,0.0011016369897942986
2030-02-09 20:00:00,0.001090780988990114
2030-02-09 21:00:00,0.0010831874273352533
2030-02-09 22:00:00,0.0010868694341802318
2030-02-09 23:00:00,0.0011016177196534543
2030-02-10 00:00:00,0.001108790955922351
2030-02-10 01:00:00,0.0011236666702429208
2030-02-10 02:00:00,0.001148782341878819
2030-02-10 03:00:00,0.0011603128477533497
2030-02-10 04:00:00,0.0011541428584228683
2030-02-10 05:00:00,0.0011509088679250543
2030-02-10 06:00:00,0.0011324452927878065
2030-02-10 07:00:00,0.0011868042887688889
2030-02-10 08:00:00,0.0015805663770309289
2030-02-10 09:00:00,0.0020736394667275376
2030-02-10 10:00:00,7.511774649170402
2030-02-10 11:00:00,42.52077048767095
2030-02-10 12:00:00,43.33685400258326
2030-02-10 13:00:00,12.040136803588837
2030-02-10 14:00:00,0.0023310644077265746
2030-02-10 15:00:00,0.00151661825872814
2030-02-10 16:00:00,0.001429686543739737
2030-02-10 17:00:00,0.0013691763320937012
2030-02-10 18:00:00,0.001425222783261528
2030-02-10 19:00:00,0.001464512544105317
2030-02-10 20:00:00,0.001476665444722772
2030-02-10 21:00:00,0.0013621061850233426
2030-02-10 22:00:00,0.001314540422563716
2030-02-10 23:00:00,0.001284163804449062
2030-02-11 00:00:00,0.0012738161917185717
2030-02-11 01:00:00,0.0012829876274547982
2030-02-11 02:00:00,0.0013046769952242984
2030-02-11 03:00:00,0.0013389216924928398
2030-02-11 04:00:00,0.0013234009750101895
2030-02-11 05:00:00,0.001310947468314216
2030-02-11 06:00:00,0.0013058066579527071
2030-02-11 07:00:00,0.0013462133631820744
2030-02-11 08:00:00,29.884080495782058
2030-02-11 09:00:00,134.0348979771135
2030-02-11 10:00:00,977.4852789654037
2030-02-11 11:00:00,1374.2050302412788
2030-02-11 12:00:00,1291.662249487285
2030-02-11 13:00:00,891.86724126763
2030-02-11 14:00:00,251.7492010344722
2030-02-11 15:00:00,27.453277808476575
2030-02-11 16:00:00,0.0013334331464514733
2030-02-11 17:00:00,0.0012829349695121645
2030-02-11 18:00:00,0.0013173430931043462
2030-02-11 19:00:00,0.0012856371115338794
2030-02-11 20:00:00,0.001248111198254666
2030-02-11 21:00:00,0.001210689648433836
2030-02-11 22:00:00,0.0011988165616973238
2030-02-11 23:00:00,0.001214400536773165
2030-02-12 00:00:00,0.0012655174832319903
2030-02-12 01:00:00,0.0012589994805064476
2030-02-12 02:00:00,0.001212515079405578
2030-02-12 03:00:00,0.0011953894918869286
2030-02-12 04:00:00,0.0011762947519824035
2030-02-12 05:00:00,0.0011407519703461942
2030-02-12 06:00:00,0.001106544623928271
2030-02-12 07:00:00,0.0012532779213412625
2030-02-12 08:00:00,32.90248266440463
2030-02-12 09:00:00,427.50078985686037
2030-02-12 10:00:00,1361.6019725042443
2030-02-12 11:00:00,1645.6486883226385
2030-02-12 12:00:00,1448.1257258819637
2030-02-12 13:00:00,1014.5792893455309
2030-02-12 14:00:00,281.0168539854679
2030-02-12 15:00:00,26.532973115959756
2030-02-12 16:00:00,0.00115131167820877
2030-02-12 17:00:00,0.0010583798855688955
2030-02-12 18:00:00,0.0010425496983330147
2030-02-12 19:00:00,0.0010453254286616955
2030-02-12 20:00:00,0.0010453530955867665
2030-02-12 21:00:00,0.0010534915778200485
2030-02-12 22:00:00,0.0010524215262008585
2030-02-12 23:00:00,0.0010600196141608217
2030-02-13 00:00:00,0.001075035175603791
2030-02-13 01:00:00,0.0010767131331633633
2030-02-13 02:00:00,0.001079154383187283
2030-02-13 03:00:00,0.001076225257180606
2030-02-13 04:00:00,0.0010638032719343102
2030-02-13 05:00:00,0.0010634532208016407
2030-02-13 06:00:00,0.0010622594300234692
2030-02-13 07:00:00,0.0011173253896867275
2030-02-13 08:00:00,8.989980063052762
2030-02-13 09:00:00,17.840782716454722
2030-02-13 10:00:00,90.25409749487916
2030-02-13 11:00:00,295.67121178729104
2030-02-13 12:00:00,289.8445318359401
2030-02-13 13:00:00,54.71659655490541
2030-02-13 14:00:00,14.631986240354925
2030-02-13 15:00:00,7.327424705624116
2030-02-13 16:00:00,0.001225428934594722
2030-02-13 17:00:00,0.0011664592851753257
2030-02-13 18:00:00,0.001173817441319619
2030-02-13 19:00:00,0.0011708162259771047
2030-02-13 20:00:00,0.0012055139480463763
2030-02-13 21:00:00,0.0012168939556546346
2030-02-13 22:00:00,0.001229075799888424
2030-02-13 23:00:00,0.0012554585237897562
2030-02-14 00:00:00,0.001331096024676365
2030-02-14 01:00:00,0.00136724992264715
2030-02-14 02:00:00,0.0013582099477428772
2030-02-14 03:00:00,0.0013438397284583977
2030-02-14 04:00:00,0.0013122401758760222
2030-02-14 05:00:00,0.0012562612144319005
2030-02-14 06:00:00,0.0012185649186774062
2030-02-14 07:00:00,0.0013462180994635497
2030-02-14 08:00:00,12.143541360923896
2030-02-14 09:00:00,38.728925749955046
2030-02-14 10:00:00,488.47353258119387
2030-02-14 11:00:00,797.9702785999654
2030-02-14 12:00:00,720.3261637980606
2030-02-14 13:00:00,247.16836631097036
2030-02-14 14:00:00,20.61223098686252
2030-02-14 15:00:00,8.179381512082335
2030-02-14 16:00:00,0.0011543074547994176
2030-02-14 17:00:00,0.0011747089326084518
2030-02-14 18:00:00,0.0012130379283920953
2030-02-14 19:00:00,0.001166698291357149
2030-02-14 20:00:00,0.0011971531807020343
2030-02-14 21:00:00,0.0012488000700003328
2030-02-14 22:00:00,0.0012551965835468134
2030-02-14 23:00:00,0.0013132076244426775
2030-02-15 00:00:00,0.0013495410420116156
2030-02-15 01:00:00,0.0013430484988978557
2030-02-15 02:00:00,0.0013303500107156938
2030-02-15 03:00:00,0.0013027476056186047
2030-02-15 04:00:00,0.0012681545164882142
2030-02-15 05:00:00,0.0012190202979800715
2030-02-15 06:00:00,0.0012090495212687797
2030-02-15 07:00:00,0.0013550734596258704
2030-02-15 08:00:00,1.770038760034925
2030-02-15 09:00:00,2.0583657398305926
2030-02-15 10:00:00,53.120595555988714
2030-02-15 11:00:00,55.93708660861615
2030-02-15 12:00:00,57.296360498796616
2030-02-15 13:00:00,41.888379764066435
2030-02-15 14:00:00,1.9815777430817774
2030-02-15 15:00:00,1.5118011770644517
2030-02-15 16:00:00,0.0012063713248373874
2030-02-15 17:00:00,0.001179475102015527
2030-02-15 18:00:00,0.0011930902505400505
2030-02-15 19:00:00,0.0011695207769751486
2030-02-15 20:00:00,0.0011618642509423989
2030-02-15 21:00:00,0.0011548175375904193
2030-02-15 22:00:00,0.0011593942100709043
2030-02-15 23:00:00,0.0011937930159189995
2030-02-16 00:00:00,0.0012666155238035648
2030-02-16 01:00:00,0.0012860252666964148
2030-02-16 02:00:00,0.0012739137544599335
2030-02-16 03:00:00,0.0012873684153944913
2030-02-16 04:00:00,0.0013185195640541825
2030-02-16 05:00:00,0.0012773175316559183
2030-02-16 06:00:00,0.0012338838622178898
2030-02-16 07:00:00,0.0013619137700245263
2030-02-16 08:00:00,35.243856306197586
2030-02-16 09:00:00,313.06773702378143
2030-02-16 10:00:00,1092.0532141877165
2030-02-16 11:00:00,1403.4470825273058
2030-02-16 12:00:00,1347.7239054671147
2030-02-16 13:00:00,978.7505472824973
2030-02-16 14:00:00,215.00948368463023
2030-02-16 15:00:00,24.556488125810308
2030-02-16 16:00:00,0.0012628534634554448
2030-02-16 17:00:00,0.0011815439563713681
2030-02-16 18:00:00,0.0012136203961067692
2030-02-16 19:00:00,0.0012240435276978032
2030-02-16 20:00:00,0.0011868679951849569
2030-02-16 21:00:00,0.001175290107232981
2030-02-16 22:00:00,0.0011684492760470708
2030-02-16 23:00:00,0.0012049588885377823
2030-02-17 00:00:00,0.0012880242742408657
2030-02-17 01:00:00,0.001288071748989502
2030-02-17 02:00:00,0.001283088743994469
2030-02-17 03:00:00,0.0012714334257391846
2030-02-17 04:00:00,0.0012761175775999971
2030-02-17 05:00:00,0.001301045655057521
2030-02-17 06:00:00,0.0012680696504438814
2030-02-17 07:00:00,0.0015011157703269707
2030-02-17 08:00:00,55.62599430188349
2030-02-17 09:00:00,789.8357204314744
2030-02-17 10:00:00,1637.138385191021
2030-02-17 11:00:00,1984.0966713935732
2030-02-17 12:00:00,1820.3715761415738
2030-02-17 13:00:00,1258.9453820059432
2030-02-17 14:00:00,524.6332588204207
2030-02-17 15:00:00,57.04301911261913
2030-02-17 16:00:00,0.016300025295359594
2030-02-17 17:00:00,0.015980160697724347
2030-02-17 18:00:00,0.5814375118566312
2030-02-17 19:00:00,0.016345911210475652
2030-02-17 20:00:00,0.016215148617618122
2030-02-17 21:00:00,0.015097308343031718
2030-02-17 22:00:00,0.015125115580974725
2030-02-17 23:00:00,0.014578470741344133
2030-02-18 00:00:00,0.01487796261028486
2030-02-18 01:00:00,0.014660797397216232
2030-02-18 02:00:00,0.014571194245426957
2030-02-18 03:00:00,0.014338481540048822
2030-02-18 04:00:00,0.014243292401913202
2030-02-18 05:00:00,0.013938208788620532
2030-02-18 06:00:00,0.013303917345859118
2030-02-18 07:00:00,0.014922109711917785
2030-02-18 08:00:00,65.18391973718077
2030-02-18 09:00:00,895.6118440123696
2030-02-18 10:00:00,1759.8469906764606
2030-02-18 11:00:00,2124.529126705424
2030-02-18 12:00:00,2150.8015370366834
2030-02-18 13:00:00,1771.3867311882516
2030-02-18 14:00:00,942.4491753408371
2030-02-18 15:00:00,49.011309092091665
2030-02-18 16:00:00,0.0012936477818214726
2030-02-18 17:00:00,0.001256824569844745
2030-02-18 18:00:00,0.001282136318790675
2030-02-18 19:00:00,0.0012633525047036477
2030-02-18 20:00:00,0.0012089500822400222
2030-02-18 21:00:00,0.0012092225872272614
2030-02-18 22:00:00,0.0012153790645387508
2030-02-18 23:00:00,0.0011921248791272566
2030-02-19 00:00:00,0.0012288086318337753
2030-02-19 01:00:00,0.0012440985534613522
2030-02-19 02:00:00,0.0012094402610287878
2030-02-19 03:00:00,0.0011996948253957553
2030-02-19 04:00:00,0.0011800552113549858
2030-02-19 05:00:00,0.0011615699776344123
2030-02-19 06:00:00,0.0011308071282472216
2030-02-19 07:00:00,0.0012159712965426417
2030-02-19 08:00:00,28.99860027356015
2030-02-19 09:00:00,275.01995828629566
2030-02-19 10:00:00,951.2465683602726
2030-02-19 11:00:00,1322.335991092801
2030-02-19 12:00:00,1162.62661688698
2030-02-19 13:00:00,825.504718635164
2030-02-19 14:00:00,254.06985398205393
2030-02-19 15:00:00,22.246022689129894
2030-02-19 16:00:00,0.0012037403052769225
2030-02-19 17:00:00,0.0010783314955937484
2030-02-19 18:00:00,0.0011008600640907609
2030-02-19 19:00:00,0.0010969777490776671
2030-02-19 20:00:00,0.0010866589837998353
2030-02-19 21:00:00,0.0010898237189189489
2030-02-19 22:00:00,0.001093282389311778
2030-02-19 23:00:00,0.0011098490821033766
2030-02-20 00:00:00,0.0010846888799219574
2030-02-20 01:00:00,0.001130096434910896
2030-02-20 02:00:00,0.0011620299371638426
2030-02-20 03:00:00,0.001176156806338749
2030-02-20 04:00:00,0.00112150814471585
2030-02-20 05:00:00,0.0011067097352938124
2030-02-20 06:00:00,0.0010869456679434583
2030-02-20 07:00:00,0.0012009737358696158
2030-02-20 08:00:00,78.7729633055298
2030-02-20 09:00:00,1136.7516485908247
2030-02-20 10:00:00,1975.5586815794452
2030-02-20 11:00:00,2271.771587964059
2030-02-20 12:00:00,2113.5515144568744
2030-02-20 13:00:00,1636.1933815096106
2030-02-20 14:00:00,805.4053974820607
2030-02-20 15:00:00,59.57438146111272
2030-02-20 16:00:00,0.013560236490221481
2030-02-20 17:00:00,0.012815814355263293
2030-02-20 18:00:00,0.01363562817374835
2030-02-20 19:00:00,0.0139551044007067
2030-02-20 20:00:00,0.014091659221951314
2030-02-20 21:00:00,0.014294947037503097
2030-02-20 22:00:00,0.014693885449629336
2030-02-20 23:00:00,0.015262689235827211
2030-02-21 00:00:00,0.01626229689599142
2030-02-21 01:00:00,0.01641696376094852
2030-02-21 02:00:00,0.016110837597540055
2030-02-21 03:00:00,0.01576505248420434
2030-02-21 04:00:00,0.015229425774042843
2030-02-21 05:00:00,0.014226126892116516
2030-02-21 06:00:00,0.01293275217120743
2030-02-21 07:00:00,0.014755833988915234
2030-02-21 08:00:00,157.0195555403242
2030-02-21 09:00:00,1144.670521463083
2030-02-21 10:00:00,1941.7164943612563
2030-02-21 11:00:00,2451.5844135269476
2030-02-21 12:00:00,2433.098741287893
2030-02-21 13:00:00,1966.5050204110878
2030-02-21 14:00:00,1062.9383055964317
2030-02-21 15:00:00,58.19485756617447
2030-02-21 16:00:00,0.0013303265910604555
2030-02-21 17:00:00,0.0013216029698278739
2030-02-21 18:00:00,0.0014304911482178316
2030-02-21 19:00:00,0.0013717468640302446
2030-02-21 20:00:00,0.0013328539838704128
2030-02-21 21:00:00,0.001267372200351355
2030-02-21 22:00:00,0.0012250877834694735
2030-02-21 23:00:00,0.0012108285261966086
2030-02-22 00:00:00,0.001173409092483488
2030-02-22 01:00:00,0.0011738994423620681
2030-02-22 02:00:00,0.0011994244054257868
2030-02-22 03:00:00,0.0011991489997977337
2030-02-22 04:00:00,0.0011662684573267525
2030-02-22 05:00:00,0.0011143025271902714
2030-02-22 06:00:00,0.0010880687511122828
2030-02-22 07:00:00,0.0012603297420520773
2030-02-22 08:00:00,25.24209756935059
2030-02-22 09:00:00,381.948520585597
2030-02-22 10:00:00,1057.5561385020903
2030-02-22 11:00:00,1364.3730214512605
2030-02-22 12:00:00,1327.3610384049955
2030-02-22 13:00:00,889.2337356186106
2030-02-22 14:00:00,211.52836355278458
2030-02-22 15:00:00,16.487154596601815
2030-02-22 16:00:00,0.0011559707512345438
2030-02-22 17:00:00,0.001108629797426851
2030-02-22 18:00:00,0.0011429464178261063
2030-02-22 19:00:00,0.0011654668807712099
2030-02-22 20:00:00,0.0011869221053649515
2030-02-22 21:00:00,0.0011687808484117112
2030-02-22 22:00:00,0.001145145736780407
2030-02-22 23:00:00,0.0011458668295131003
2030-02-23 00:00:00,0.0011664110614689226
2030-02-23 01:00:00,0.001205644563663252
2030-02-23 02:00:00,0.0012469659831268246
2030-02-23 03:00:00,0.0012622376050035946
2030-02-23 04:00:00,0.0012828283271967564
2030-02-23 05:00:00,0.001269448336796109
2030-02-23 06:00:00,0.0012500686498726954
2030-02-23 07:00:00,0.0013996297959705647
2030-02-23 08:00:00,49.34079179285791
2030-02-23 09:00:00,782.6078668301924
2030-02-23 10:00:00,1744.569686309569
2030-02-23 11:00:00,2231.6861223169476
2030-02-23 12:00:00,2281.128004211587
2030-02-23 13:00:00,2182.1155632223213
2030-02-23 14:00:00,1504.2662867910312
2030-02-23 15:00:00,319.83010587058163
2030-02-23 16:00:00,13.81615412970172
2030-02-23 17:00:00,0.01361338420570812
2030-02-23 18:00:00,0.01403205122600059
2030-02-23 19:00:00,0.014010620338995314
2030-02-23 20:00:00,0.014117958200790844
2030-02-23 21:00:00,0.013953911806820037
2030-02-23 22:00:00,0.01366728986091417
2030-02-23 23:00:00,0.013684082974992372
2030-02-24 00:00:00,0.013570158108826277
2030-02-24 01:00:00,0.013236954578481635
2030-02-24 02:00:00,0.01283718427895355
2030-02-24 03:00:00,0.012725474524630805
2030-02-24 04:00:00,0.0126121720733185
2030-02-24 05:00:00,0.012132591185454844
2030-02-24 06:00:00,0.012031013803311666
2030-02-24 07:00:00,0.013764183782784031
2030-02-24 08:00:00,60.70643543111962
2030-02-24 09:00:00,985.1147544737305
2030-02-24 10:00:00,1824.0296727888187
2030-02-24 11:00:00,2160.983425602771
2030-02-24 12:00:00,2147.048874899088
2030-02-24 13:00:00,1742.2045319328952
2030-02-24 14:00:00,936.1123708067687
2030-02-24 15:00:00,43.93565242776811
2030-02-24 16:00:00,0.001286616963599166
2030-02-24 17:00:00,0.0012272284653862312
2030-02-24 18:00:00,0.0012903236664315895
2030-02-24 19:00:00,0.0012892456362187722
2030-02-24 20:00:00,0.0012535750848916192
2030-02-24 21:00:00,0.0012075556138024485
2030-02-24 22:00:00,0.0011878012678464148
2030-02-24 23:00:00,0.001195514326274494
2030-02-25 00:00:00,0.0012418256625931045
2030-02-25 01:00:00,0.0012182435236977448
2030-02-25 02:00:00,0.0012322504637291391
2030-02-25 03:00:00,0.001216962252617186
2030-02-25 04:00:00,0.001213650385178063
2030-02-25 05:00:00,0.001146784697769569
2030-02-25 06:00:00,0.0010839238150067005
2030-02-25 07:00:00,0.0012859402761610278
2030-02-25 08:00:00,38.7110179160009
2030-02-25 09:00:00,589.2219837956571
2030-02-25 10:00:00,1311.8872573388849
2030-02-25 11:00:00,1398.9252222764883
2030-02-25 12:00:00,1215.2934326342597
2030-02-25 13:00:00,895.7885993015298
2030-02-25 14:00:00,230.28754494399828
2030-02-25 15:00:00,19.50306991198078
2030-02-25 16:00:00,0.0010706868348182783
2030-02-25 17:00:00,0.0009999682576796074
2030-02-25 18:00:00,0.001023336415596803
2030-02-25 19:00:00,0.00099426125238325
2030-02-25 20:00:00,0.0010056289225418976
2030-02-25 21:00:00,0.0010096721763493037
2030-02-25 22:00:00,0.0010227636521823204
2030-02-25 23:00:00,0.0010554179781922636
2030-02-26 00:00:00,0.001068265969789772
2030-02-26 01:00:00,0.0010899406938216464
2030-02-26 02:00:00,0.0011123015673778522
2030-02-26 03:00:00,0.001146780392644234
2030-02-26 04:00:00,0.0011694540198818888
2030-02-26 05:00:00,0.001191851353793358
2030-02-26 06:00:00,0.001151333982925071
2030-02-26 07:00:00,0.10510550256495518
2030-02-26 08:00:00,70.32918919573962
2030-02-26 09:00:00,698.0007540188774
2030-02-26 10:00:00,1351.5512153379805
2030-02-26 11:00:00,1729.6694400923811
2030-02-26 12:00:00,1704.7179610743658
2030-02-26 13:00:00,1510.9900671126215
2030-02-26 14:00:00,923.5338500461776
2030-02-26 15:00:00,102.18041659870957
2030-02-26 16:00:00,0.013075373558743351
2030-02-26 17:00:00,0.011190363984080461
2030-02-26 18:00:00,0.011177470921981611
2030-02-26 19:00:00,0.011268257092819596
2030-02-26 20:00:00,0.01167193107695097
2030-02-26 21:00:00,0.012052856926210453
2030-02-26 22:00:00,0.012487538832365619
2030-02-26 23:00:00,0.012627067387132648
2030-02-27 00:00:00,0.013373092452957161
2030-02-27 01:00:00,0.013249539661997376
2030-02-27 02:00:00,0.013114655509072317
2030-02-27 03:00:00,0.013072922487306324
2030-02-27 04:00:00,0.01276572963843512
2030-02-27 05:00:00,0.01256699582754961
2030-02-27 06:00:00,0.01169261100134304
2030-02-27 07:00:00,31.33725258912057
2030-02-27 08:00:00,635.7462720994066
2030-02-27 09:00:00,1804.2529130746468
2030-02-27 10:00:00,2497.880200251482
2030-02-27 11:00:00,2689.1952104555476
2030-02-27 12:00:00,2480.6609763853585
2030-02-27 13:00:00,2159.914191695143
2030-02-27 14:00:00,1430.9612447832335
2030-02-27 15:00:00,280.955074969204
2030-02-27 16:00:00,4.243919323297684
2030-02-27 17:00:00,0.0010867300674310865
2030-02-27 18:00:00,0.0011079273238831758
2030-02-27 19:00:00,0.001121397440880644
2030-02-27 20:00:00,0.0011296724677383196
2030-02-27 21:00:00,0.0011337736328660218
2030-02-27 22:00:00,0.00116037292872125
2030-02-27 23:00:00,0.001179024260751134
2030-02-28 00:00:00,0.0011764464415027912
2030-02-28 01:00:00,0.0012075555617596864
2030-02-28 02:00:00,0.0011977065280401288
2030-02-28 03:00:00,0.001163691473901558
2030-02-28 04:00:00,0.0011391902834465041
2030-02-28 05:00:00,0.0011238395775980583
2030-02-28 06:00:00,0.0010713943687989378
2030-02-28 07:00:00,0.0013991458408547707
2030-02-28 08:00:00,66.99913927493925
2030-02-28 09:00:00,937.498713617016
2030-02-28 10:00:00,1569.2746827187289
2030-02-28 11:00:00,1843.7924144573453
2030-02-28 12:00:00,1862.999893819816
2030-02-28 13:00:00,1427.1799006748133
2030-02-28 14:00:00,714.4548988735673
2030-02-28 15:00:00,28.662280832053984
2030-02-28 16:00:00,0.0009503320790605868
2030-02-28 17:00:00,0.000923140199595263
2030-02-28 18:00:00,0.0009506060448264342
2030-02-28 19:00:00,0.0009637265033626418
2030-02-28 20:00:00,0.000967939439145133
2030-02-28 21:00:00,0.0009676238977142688
2030-02-28 22:00:00,0.0009651685228366347
2030-02-28 23:00:00,0.0009700158445979906
2030-03-01 00:00:00,0.0009788008014940534
2030-03-01 01:00:00,0.0009957769181935326
2030-03-01 02:00:00,0.0010085423664285005
2030-03-01 03:00:00,0.0010244977325242998
2030-03-01 04:00:00,0.0010292232941603663
2030-03-01 05:00:00,0.0010396961571468716
2030-03-01 06:00:00,0.0010172253290590472
2030-03-01 07:00:00,0.001153552718838782
2030-03-01 08:00:00,30.723297269184766
2030-03-01 09:00:00,386.5310564214863
2030-03-01 10:00:00,1386.8143303867816
2030-03-01 11:00:00,2009.1242685218044
2030-03-01 12:00:00,2035.5221506829646
2030-03-01 13:00:00,1752.236153308032
2030-03-01 14:00:00,834.609860002181
2030-03-01 15:00:00,51.378617672530474
2030-03-01 16:00:00,0.011940089512500137
2030-03-01 17:00:00,0.010047173543125988
2030-03-01 18:00:00,0.010736665983960204
2030-03-01 19:00:00,0.011675109234370224
2030-03-01 20:00:00,0.012065891540572093
2030-03-01 21:00:00,0.012298940364384751
2030-03-01 22:00:00,0.01266460642963401
2030-03-01 23:00:00,0.01303695279122918
2030-03-02 00:00:00,0.013485260424098158
2030-03-02 01:00:00,0.013361945044326147
2030-03-02 02:00:00,0.013604616084496656
2030-03-02 03:00:00,0.013610668640808125
2030-03-02 04:00:00,0.01368557065308097
2030-03-02 05:00:00,0.013087568755132298
2030-03-02 06:00:00,0.012213969078457076
2030-03-02 07:00:00,15.911426339741324
2030-03-02 08:00:00,325.98512593587105
2030-03-02 09:00:00,1371.593115583745
2030-03-02 10:00:00,2138.875913025744
2030-03-02 11:00:00,2273.3655910911766
2030-03-02 12:00:00,1956.677307404948
2030-03-02 13:00:00,1500.9899305427
2030-03-02 14:00:00,728.874589129738
2030-03-02 15:00:00,66.4044054370975
2030-03-02 16:00:00,0.014347738166934956
2030-03-02 17:00:00,0.012536881316289133
2030-03-02 18:00:00,0.012754616070793244
2030-03-02 19:00:00,0.012909828119292704
2030-03-02 20:00:00,0.012822916806953636
2030-03-02 21:00:00,0.012780985040195827
2030-03-02 22:00:00,0.012885615264836349
2030-03-02 23:00:00,0.012609703279902618
2030-03-03 00:00:00,0.012014974821411891
2030-03-03 01:00:00,0.011812700830974285
2030-03-03 02:00:00,0.01188190789890171
2030-03-03 03:00:00,0.011918515034787719
2030-03-03 04:00:00,0.011884646413429222
2030-03-03 05:00:00,0.011503247895124757
2030-03-03 06:00:00,0.01091910960352191
2030-03-03 07:00:00,5.083158803042644
2030-03-03 08:00:00,109.28710000420602
2030-03-03 09:00:00,905.0624989785968
2030-03-03 10:00:00,1573.7502879430801
2030-03-03 11:00:00,1809.916089925084
2030-03-03 12:00:00,1771.0014336292063
2030-03-03 13:00:00,1396.3651088780275
2030-03-03 14:00:00,710.1584355696599
2030-03-03 15:00:00,40.810425567992866
2030-03-03 16:00:00,0.0012069246968345387
2030-03-03 17:00:00,0.0010238319526950795
2030-03-03 18:00:00,0.0010443318528725518
2030-03-03 19:00:00,0.0010381032562776181
2030-03-03 20:00:00,0.0010512982602506461
2030-03-03 21:00:00,0.0010745451942728492
2030-03-03 22:00:00,0.0010902075572421324
2030-03-03 23:00:00,0.0010773460925551006
2030-03-04 00:00:00,0.0010674782902472654
2030-03-04 01:00:00,0.0010785870281683364
2030-03-04 02:00:00,0.001071627950797668
2030-03-04 03:00:00,0.0010681700080467458
2030-03-04 04:00:00,0.0010618477790566986
2030-03-04 05:00:00,0.001032004458074753
2030-03-04 06:00:00,0.0010149758229930203
2030-03-04 07:00:00,2.118640287016712
2030-03-04 08:00:00,95.09521311872922
2030-03-04 09:00:00,1133.3252092723235
2030-03-04 10:00:00,1919.3413968954394
2030-03-04 11:00:00,2295.337020719987
2030-03-04 12:00:00,2205.551137413115
2030-03-04 13:00:00,1855.6095236901392
2030-03-04 14:00:00,1047.2634359109445
2030-03-04 15:00:00,52.41122429609844
2030-03-04 16:00:00,0.0012207736989445167
2030-03-04 17:00:00,0.0009988971415312734
2030-03-04 18:00:00,0.0010137549676076478
2030-03-04 19:00:00,0.0010090295893545613
2030-03-04 20:00:00,0.0010200067701578914
2030-03-04 21:00:00,0.0010184497275467672
2030-03-04 22:00:00,0.0010132167849625233
2030-03-04 23:00:00,0.0010091473685210298
2030-03-05 00:00:00,0.0010101961479475105
2030-03-05 01:00:00,0.0010081814556845868
2030-03-05 02:00:00,0.0010189676420569865
2030-03-05 03:00:00,0.0010323309151184
2030-03-05 04:00:00,0.001058517287491123
2030-03-05 05:00:00,0.001045834141921461
2030-03-05 06:00:00,0.0010237468887730203
2030-03-05 07:00:00,6.522668781938087
2030-03-05 08:00:00,116.71636749891566
2030-03-05 09:00:00,903.2304143745839
2030-03-05 10:00:00,1539.4618342669005
2030-03-05 11:00:00,1678.0494960662359
2030-03-05 12:00:00,1353.5154206447369
2030-03-05 13:00:00,905.7899572437078
2030-03-05 14:00:00,212.49534957620736
2030-03-05 15:00:00,34.41250609722842
2030-03-05 16:00:00,0.011281222522461032
2030-03-05 17:00:00,0.00965572529271882
2030-03-05 18:00:00,0.00972094711353145
2030-03-05 19:00:00,0.009898505055760728
2030-03-05 20:00:00,0.009958886207982555
2030-03-05 21:00:00,0.010253426892953763
2030-03-05 22:00:00,0.010478067253122478
2030-03-05 23:00:00,0.01049674557819718
2030-03-06 00:00:00,0.010381821772001363
2030-03-06 01:00:00,0.010635466154547862
2030-03-06 02:00:00,0.011184950258441882
2030-03-06 03:00:00,0.011988746396782915
2030-03-06 04:00:00,0.012343632758750658
2030-03-06 05:00:00,0.012237142133326735
2030-03-06 06:00:00,0.0115962176830385
2030-03-06 07:00:00,29.962195178708683
2030-03-06 08:00:00,372.9193037614652
2030-03-06 09:00:00,1189.3420057751275
2030-03-06 10:00:00,1873.6957605530308
2030-03-06 11:00:00,2192.815177835694
2030-03-06 12:00:00,2244.7192593808536
2030-03-06 13:00:00,2161.5279511271565
2030-03-06 14:00:00,1557.1952643253733
2030-03-06 15:00:00,605.225781291574
2030-03-06 16:00:00,21.43820533637544
2030-03-06 17:00:00,0.01178502285563137
2030-03-06 18:00:00,0.01202723769947504
2030-03-06 19:00:00,0.012764909630355824
2030-03-06 20:00:00,0.01321090134590289
2030-03-06 21:00:00,0.013874004030677465
2030-03-06 22:00:00,0.014135387202609487
2030-03-06 23:00:00,0.014378507279238981
2030-03-07 00:00:00,0.014913063841697891
2030-03-07 01:00:00,0.014351707418111722
2030-03-07 02:00:00,0.01409647517080426
2030-03-07 03:00:00,0.014019135003070012
2030-03-07 04:00:00,0.013463755044021829
2030-03-07 05:00:00,0.01272989332624104
2030-03-07 06:00:00,0.012078637555850166
2030-03-07 07:00:00,27.22807913260086
2030-03-07 08:00:00,523.7739684899946
2030-03-07 09:00:00,1434.2716581180327
2030-03-07 10:00:00,2139.3959180584416
2030-03-07 11:00:00,2376.1012105393525
2030-03-07 12:00:00,2227.7969113965523
2030-03-07 13:00:00,1686.8662359125624
2030-03-07 14:00:00,736.330079052763
2030-03-07 15:00:00,43.36086320833302
2030-03-07 16:00:00,0.0011942740611428334
2030-03-07 17:00:00,0.0010376205078622914
2030-03-07 18:00:00,0.0010773057394010094
2030-03-07 19:00:00,0.0010959327157119008
2030-03-07 20:00:00,0.0011470764894811764
2030-03-07 21:00:00,0.0011419595055224625
2030-03-07 22:00:00,0.0011463822163514164
2030-03-07 23:00:00,0.0011357294622161235
2030-03-08 00:00:00,0.0011035087838091376
2030-03-08 01:00:00,0.0010962785073183683
2030-03-08 02:00:00,0.0010923897000142209
2030-03-08 03:00:00,0.0010858986285802617
2030-03-08 04:00:00,0.0010685439576914974
2030-03-08 05:00:00,0.0010498312904036265
2030-03-08 06:00:00,0.001025578661655498
2030-03-08 07:00:00,0.0012130242273010146
2030-03-08 08:00:00,9.344024299234112
2030-03-08 09:00:00,13.63875712959649
2030-03-08 10:00:00,286.965628980989
2030-03-08 11:00:00,565.2215875670047
2030-03-08 12:00:00,577.5290279212379
2030-03-08 13:00:00,301.6836793490135
2030-03-08 14:00:00,14.751214912272742
2030-03-08 15:00:00,9.61202051511793
2030-03-08 16:00:00,0.001259356868258385
2030-03-08 17:00:00,0.0011089546892778558
2030-03-08 18:00:00,0.001128204556802778
2030-03-08 19:00:00,0.001124309526423277
2030-03-08 20:00:00,0.0011462351698576238
2030-03-08 21:00:00,0.00113392220705874
2030-03-08 22:00:00,0.0011321352424957874
2030-03-08 23:00:00,0.0011467812969832788
2030-03-09 00:00:00,0.0011880050012873658
2030-03-09 01:00:00,0.001188722253481101
2030-03-09 02:00:00,0.0011678083579917697
2030-03-09 03:00:00,0.001131757881538563
2030-03-09 04:00:00,0.0011212760880197096
2030-03-09 05:00:00,0.0010714443993014237
2030-03-09 06:00:00,0.0010390890081662366
2030-03-09 07:00:00,0.0012739945478101589
2030-03-09 08:00:00,37.06745300353887
2030-03-09 09:00:00,442.5965424450969
2030-03-09 10:00:00,1195.673595914682
2030-03-09 11:00:00,1585.767806737567
2030-03-09 12:00:00,1487.2737597078412
2030-03-09 13:00:00,1116.1993192688337
2030-03-09 14:00:00,454.56146057272315
2030-03-09 15:00:00,26.804365054475372
2030-03-09 16:00:00,0.0012761453817853872
2030-03-09 17:00:00,0.0011125802787940874
2030-03-09 18:00:00,0.0011507290622725117
2030-03-09 19:00:00,0.0011682803931374157
2030-03-09 20:00:00,0.0011623921059958093
2030-03-09 21:00:00,0.0011449428690741218
2030-03-09 22:00:00,0.0011266131190029985
2030-03-09 23:00:00,0.0011572157812468364
2030-03-10 00:00:00,0.001236219618120892
2030-03-10 01:00:00,0.0012399537076901372
2030-03-10 02:00:00,0.001257972991000768
2030-03-10 03:00:00,0.0012675731073087735
2030-03-10 04:00:00,0.001266523157890063
2030-03-10 05:00:00,0.0012577393728705588
2030-03-10 06:00:00,0.001205529678385833
2030-03-10 07:00:00,11.554687775347306
2030-03-10 08:00:00,318.7210324762017
2030-03-10 09:00:00,1358.1837073759434
2030-03-10 10:00:00,2098.1804214544145
2030-03-10 11:00:00,2195.1742401293523
2030-03-10 12:00:00,2117.359834632191
2030-03-10 13:00:00,1784.5998215330728
2030-03-10 14:00:00,1166.8343155101345
2030-03-10 15:00:00,154.81673382070102
2030-03-10 16:00:00,2.5257918086299305
2030-03-10 17:00:00,0.0014343349609247946
2030-03-10 18:00:00,0.0014851461301921593
2030-03-10 19:00:00,0.0014929179293296417
2030-03-10 20:00:00,0.001505006048008829
2030-03-10 21:00:00,0.0015211442600675442
2030-03-10 22:00:00,0.001558776975089009
2030-03-10 23:00:00,0.0015436190288983804
2030-03-11 00:00:00,0.0015519888800305894
2030-03-11 01:00:00,0.0015507515809966297
2030-03-11 02:00:00,0.0015685784050186893
2030-03-11 03:00:00,0.0015542142428815451
2030-03-11 04:00:00,0.001532573610766347
2030-03-11 05:00:00,0.0015032829108757345
2030-03-11 06:00:00,0.0015015764455453067
2030-03-11 07:00:00,5.85376454587422
2030-03-11 08:00:00,174.95572052361948
2030-03-11 09:00:00,1161.594116900339
2030-03-11 10:00:00,1918.5233889127098
2030-03-11 11:00:00,2215.762575948078
2030-03-11 12:00:00,2127.7599118329476
2030-03-11 13:00:00,1907.550673922189
2030-03-11 14:00:00,1506.9067084918136
2030-03-11 15:00:00,665.1554140405867
2030-03-11 16:00:00,24.756048403263627
2030-03-11 17:00:00,0.011148152213181248
2030-03-11 18:00:00,0.011487500561837168
2030-03-11 19:00:00,0.01174111553771183
2030-03-11 20:00:00,0.011801998906056899
2030-03-11 21:00:00,0.011839128710340437
2030-03-11 22:00:00,0.012309227263458384
2030-03-11 23:00:00,0.012433724741122809
2030-03-12 00:00:00,0.013361055638002163
2030-03-12 01:00:00,0.013286848598770131
2030-03-12 02:00:00,0.013059352643808536
2030-03-12 03:00:00,0.012800174838010494
2030-03-12 04:00:00,0.012054507956971723
2030-03-12 05:00:00,0.011247649177668698
2030-03-12 06:00:00,0.010887782424335978
2030-03-12 07:00:00,304.4903410366529
2030-03-12 08:00:00,1548.1206848289564
2030-03-12 09:00:00,2535.4768807636333
2030-03-12 10:00:00,3210.2080365709203
2030-03-12 11:00:00,3445.3428575449443
2030-03-12 12:00:00,3300.681850069017
2030-03-12 13:00:00,2938.5224618210996
2030-03-12 14:00:00,2096.0814419811345
2030-03-12 15:00:00,968.011780039481
2030-03-12 16:00:00,31.310455809075737
2030-03-12 17:00:00,0.009066090668581904
2030-03-12 18:00:00,0.009196370901432046
2030-03-12 19:00:00,0.009206640322531058
2030-03-12 20:00:00,0.009406381962608233
2030-03-12 21:00:00,0.00949392835018386
2030-03-12 22:00:00,0.009365521913037692
2030-03-12 23:00:00,0.009433401439288436
2030-03-13 00:00:00,0.009322389284216541
2030-03-13 01:00:00,0.009647708564725285
2030-03-13 02:00:00,0.009821696865141368
2030-03-13 03:00:00,0.010160924517166275
2030-03-13 04:00:00,0.010386360601324276
2030-03-13 05:00:00,0.010320130225910919
2030-03-13 06:00:00,0.010405799865383899
2030-03-13 07:00:00,73.26730777662497
2030-03-13 08:00:00,894.5782392571862
2030-03-13 09:00:00,1714.2696292243854
2030-03-13 10:00:00,2247.696709784815
2030-03-13 11:00:00,2404.4629509612128
2030-03-13 12:00:00,2361.136817768579
2030-03-13 13:00:00,2143.4151689720825
2030-03-13 14:00:00,1590.7362118943454
2030-03-13 15:00:00,839.6334251818173
2030-03-13 16:00:00,48.762737834139365
2030-03-13 17:00:00,0.010235856714699575
2030-03-13 18:00:00,0.010553463121328339
2030-03-13 19:00:00,0.010647558632126969
2030-03-13 20:00:00,0.010529342357635214
2030-03-13 21:00:00,0.010660184716605481
2030-03-13 22:00:00,0.010449287028316911
2030-03-13 23:00:00,0.010068421842492634
2030-03-14 00:00:00,0.009336208856888292
2030-03-14 01:00:00,0.009482863027907462
2030-03-14 02:00:00,0.008921353093959415
2030-03-14 03:00:00,0.008781435039366861
2030-03-14 04:00:00,0.008937803611929678
2030-03-14 05:00:00,0.008940932593749527
2030-03-14 06:00:00,0.009633809093541409
2030-03-14 07:00:00,373.0782565091147
2030-03-14 08:00:00,1541.6206306567697
2030-03-14 09:00:00,2550.625808726779
2030-03-14 10:00:00,3274.461178322217
2030-03-14 11:00:00,3713.902300141615
2030-03-14 12:00:00,3711.915685463738
2030-03-14 13:00:00,3203.1677080258783
2030-03-14 14:00:00,2361.2722082884056
2030-03-14 15:00:00,1129.5682059480844
2030-03-14 16:00:00,40.317904885446254
2030-03-14 17:00:00,0.011076404263728357
2030-03-14 18:00:00,0.011280193719745757
2030-03-14 19:00:00,0.011407566969784622
2030-03-14 20:00:00,0.011398255370310728
2030-03-14 21:00:00,0.011213024948014145
2030-03-14 22:00:00,0.010749988788263543
2030-03-14 23:00:00,0.010622345306012993
2030-03-15 00:00:00,0.010883986305837555
2030-03-15 01:00:00,0.011094779906882185
2030-03-15 02:00:00,0.011196789950027252
2030-03-15 03:00:00,0.011119865454518506
2030-03-15 04:00:00,0.01026602185485628
2030-03-15 05:00:00,0.009742267728149057
2030-03-15 06:00:00,0.00930545734502966
2030-03-15 07:00:00,15.4611449408431
2030-03-15 08:00:00,433.40139678782555
2030-03-15 09:00:00,1239.9525434782154
2030-03-15 10:00:00,2012.7057201033215
2030-03-15 11:00:00,2402.5969429052275
2030-03-15 12:00:00,2440.2706289926737
2030-03-15 13:00:00,2205.8202634890886
2030-03-15 14:00:00,1652.600515982901
2030-03-15 15:00:00,735.6697178411863
2030-03-15 16:00:00,36.703481173430724
2030-03-15 17:00:00,0.011941318487486578
2030-03-15 18:00:00,0.012309685165472557
2030-03-15 19:00:00,0.012208639213188753
2030-03-15 20:00:00,0.012054521203258443
2030-03-15 21:00:00,0.01211373742753996
2030-03-15 22:00:00,0.011756937805439604
2030-03-15 23:00:00,0.011657887826748939
2030-03-16 00:00:00,0.011020892299309755
2030-03-16 01:00:00,0.010588187792205241
2030-03-16 02:00:00,0.01034374832710079
2030-03-16 03:00:00,0.009810372268375068
2030-03-16 04:00:00,0.009404874468210547
2030-03-16 05:00:00,0.009174217412971787
2030-03-16 06:00:00,0.009279910013151496
2030-03-16 07:00:00,36.46534497785382
2030-03-16 08:00:00,713.1192573917036
2030-03-16 09:00:00,1650.2327688220778
2030-03-16 10:00:00,2525.057479257288
2030-03-16 11:00:00,2859.812288653377
2030-03-16 12:00:00,2635.9319110409233
2030-03-16 13:00:00,2100.1026310526227
2030-03-16 14:00:00,1501.6014700039414
2030-03-16 15:00:00,719.9623609557303
2030-03-16 16:00:00,32.131102220462445
2030-03-16 17:00:00,0.01153301072488724
2030-03-16 18:00:00,0.012335422565716028
2030-03-16 19:00:00,0.012399682459408399
2030-03-16 20:00:00,0.012913822290574892
2030-03-16 21:00:00,0.012958758342880341
2030-03-16 22:00:00,0.012565073160196723
2030-03-16 23:00:00,0.012303774444949128
2030-03-17 00:00:00,0.011758327940443581
2030-03-17 01:00:00,0.011523462055970176
2030-03-17 02:00:00,0.011206273443053135
2030-03-17 03:00:00,0.010389057951607278
2030-03-17 04:00:00,0.010009864046849486
2030-03-17 05:00:00,0.009689814508342304
2030-03-17 06:00:00,0.009913096925387607
2030-03-17 07:00:00,309.68906547054263
2030-03-17 08:00:00,1548.6934238239332
2030-03-17 09:00:00,2604.4677134665394
2030-03-17 10:00:00,3222.7474176703063
2030-03-17 11:00:00,3237.95809467781
2030-03-17 12:00:00,2801.476734922502
2030-03-17 13:00:00,2351.365959187821
2030-03-17 14:00:00,1559.3122164682131
2030-03-17 15:00:00,531.4847514105484
2030-03-17 16:00:00,13.830100393380397
2030-03-17 17:00:00,0.010298678921462887
2030-03-17 18:00:00,0.010697789172060587
2030-03-17 19:00:00,0.010936654676454287
2030-03-17 20:00:00,0.011006641377652726
2030-03-17 21:00:00,0.011224004548371221
2030-03-17 22:00:00,0.01154109657322175
2030-03-17 23:00:00,0.01150032613659304
2030-03-18 00:00:00,0.01168820922029079
2030-03-18 01:00:00,0.01155467964755791
2030-03-18 02:00:00,0.011670142462468829
2030-03-18 03:00:00,0.011699853813135375
2030-03-18 04:00:00,0.010946434343799582
2030-03-18 05:00:00,0.010530968143777327
2030-03-18 06:00:00,0.010677030251094963
2030-03-18 07:00:00,27.339064189516254
2030-03-18 08:00:00,247.09834362482604
2030-03-18 09:00:00,969.7630276247666
2030-03-18 10:00:00,1465.7846064211985
2030-03-18 11:00:00,1643.7705399934694
2030-03-18 12:00:00,1522.1956231680945
2030-03-18 13:00:00,1121.6716998894196
2030-03-18 14:00:00,383.72692712202775
2030-03-18 15:00:00,33.635604563182326
2030-03-18 16:00:00,0.01272058499592953
2030-03-18 17:00:00,0.011333259690746934
2030-03-18 18:00:00,0.01161158926058068
2030-03-18 19:00:00,0.011699188954596755
2030-03-18 20:00:00,0.012035719387432236
2030-03-18 21:00:00,0.012509312956920874
2030-03-18 22:00:00,0.012749991097493616
2030-03-18 23:00:00,0.012766831334855228
2030-03-19 00:00:00,0.012320418728320768
2030-03-19 01:00:00,0.012264867662686151
2030-03-19 02:00:00,0.011983659879370126
2030-03-19 03:00:00,0.011819199225582368
2030-03-19 04:00:00,0.011406766674314199
2030-03-19 05:00:00,0.010666614409921202
2030-03-19 06:00:00,0.010832332604850635
2030-03-19 07:00:00,42.123220291377415
2030-03-19 08:00:00,911.6905923671949
2030-03-19 09:00:00,1953.7459225145237
2030-03-19 10:00:00,2688.0118275928126
2030-03-19 11:00:00,2885.7263303545715
2030-03-19 12:00:00,2662.1507791876807
2030-03-19 13:00:00,2217.4722488911925
2030-03-19 14:00:00,1323.8162934672027
2030-03-19 15:00:00,224.13088989657092
2030-03-19 16:00:00,7.442503194879593
2030-03-19 17:00:00,0.008329941059703793
2030-03-19 18:00:00,0.008242746167088293
2030-03-19 19:00:00,0.008081130125044987
2030-03-19 20:00:00,0.00813602552729976
2030-03-19 21:00:00,0.008084633210068875
2030-03-19 22:00:00,0.008069608368275225
2030-03-19 23:00:00,0.007889931088429154
2030-03-20 00:00:00,0.0077151510305199615
2030-03-20 01:00:00,0.007736896266640285
2030-03-20 02:00:00,0.007758285390752103
2030-03-20 03:00:00,0.007889054300791582
2030-03-20 04:00:00,0.008081347617849337
2030-03-20 05:00:00,0.008130627414409375
2030-03-20 06:00:00,0.008929440920828036
2030-03-20 07:00:00,47.45190305006705
2030-03-20 08:00:00,974.8612322360975
2030-03-20 09:00:00,1977.0288460585248
2030-03-20 10:00:00,2706.889212517119
2030-03-20 11:00:00,2507.688966160397
2030-03-20 12:00:00,2434.154367927369
2030-03-20 13:00:00,2536.499550508046
2030-03-20 14:00:00,1858.9277438755382
2030-03-20 15:00:00,865.50285258004
2030-03-20 16:00:00,22.64634873089421
2030-03-20 17:00:00,0.009597906322470404
2030-03-20 18:00:00,0.009908141815320999
2030-03-20 19:00:00,0.010105605133484045
2030-03-20 20:00:00,0.01030040665703742
2030-03-20 21:00:00,0.010521721980567653
2030-03-20 22:00:00,0.010875829630389161
2030-03-20 23:00:00,0.011291219221147914
2030-03-21 00:00:00,0.011487897875955734
2030-03-21 01:00:00,0.01176192334832718
2030-03-21 02:00:00,0.012107446574238588
2030-03-21 03:00:00,0.012244772426616302
2030-03-21 04:00:00,0.0116925024391543
2030-03-21 05:00:00,0.010937590913707619
2030-03-21 06:00:00,3.8622330240137
2030-03-21 07:00:00,98.43457287866751
2030-03-21 08:00:00,596.9568116937062
2030-03-21 09:00:00,1192.0613500819568
2030-03-21 10:00:00,1637.023548383769
2030-03-21 11:00:00,1900.9639462987245
2030-03-21 12:00:00,2006.712373796256
2030-03-21 13:00:00,1815.9373692732743
2030-03-21 14:00:00,1291.3448339895535
2030-03-21 15:00:00,644.5285044246966
2030-03-21 16:00:00,30.3685734782528
2030-03-21 17:00:00,0.011182196022490147
2030-03-21 18:00:00,0.01185454604453812
2030-03-21 19:00:00,0.011682608191949452
2030-03-21 20:00:00,0.012075332217689048
2030-03-21 21:00:00,0.012410585287538706
2030-03-21 22:00:00,0.012210042191266892
2030-03-21 23:00:00,0.011630607110226975
2030-03-22 00:00:00,0.24658960589576132
2030-03-22 01:00:00,2.094079442184005
2030-03-22 02:00:00,0.7968284082866413
2030-03-22 03:00:00,0.010182739286136867
2030-03-22 04:00:00,0.01020033018164208
2030-03-22 05:00:00,0.010815030119215061
2030-03-22 06:00:00,0.011117866734907545
2030-03-22 07:00:00,103.81767928691401
2030-03-22 08:00:00,820.5761951567649
2030-03-22 09:00:00,1500.1609364032392
2030-03-22 10:00:00,2073.171407565793
2030-03-22 11:00:00,2331.153860765864
2030-03-22 12:00:00,2200.9924824510717
2030-03-22 13:00:00,1627.3350433023518
2030-03-22 14:00:00,912.1478877152231
2030-03-22 15:00:00,87.15768503575976
2030-03-22 16:00:00,0.015246454196094394
2030-03-22 17:00:00,0.013888336580285758
2030-03-22 18:00:00,0.014004510702683203
2030-03-22 19:00:00,0.013951748977001856
2030-03-22 20:00:00,0.013937281293530139
2030-03-22 21:00:00,0.01380679106012463
2030-03-22 22:00:00,0.013731693930557346
2030-03-22 23:00:00,0.013575498090759756
2030-03-23 00:00:00,0.01332418823558321
2030-03-23 01:00:00,0.012868118527961683
2030-03-23 02:00:00,0.012115515652247059
2030-03-23 03:00:00,0.011689591644698284
2030-03-23 04:00:00,0.011349590555410165
2030-03-23 05:00:00,0.01106591269772404
2030-03-23 06:00:00,0.011271803489890882
2030-03-23 07:00:00,11.902153644928278
2030-03-23 08:00:00,77.14772805033415
2030-03-23 09:00:00,684.5941522765196
2030-03-23 10:00:00,1175.6354199911298
2030-03-23 11:00:00,1470.8291299057119
2030-03-23 12:00:00,1437.3627593369858
2030-03-23 13:00:00,1069.8065116680905
2030-03-23 14:00:00,491.24011673397445
2030-03-23 15:00:00,31.959389906417847
2030-03-23 16:00:00,0.0014196227552314875
2030-03-23 17:00:00,0.0012193639205982925
2030-03-23 18:00:00,0.0012187606764730717
2030-03-23 19:00:00,0.0012170249980816806
2030-03-23 20:00:00,0.0011996227905668518
2030-03-23 21:00:00,0.0012278090204752865
2030-03-23 22:00:00,0.0012444507029930778
2030-03-23 23:00:00,0.0012677069814720126
2030-03-24 00:00:00,0.0012412234315008746
2030-03-24 01:00:00,0.0012596283374423187
2030-03-24 02:00:00,0.0012704774032968708
2030-03-24 03:00:00,0.0012693746446131495
2030-03-24 04:00:00,0.0012416084712316945
2030-03-24 05:00:00,0.0012145591230600548
2030-03-24 06:00:00,0.001237925257671845
2030-03-24 07:00:00,34.41235396895002
2030-03-24 08:00:00,664.7353659982389
2030-03-24 09:00:00,1719.1248838080676
2030-03-24 10:00:00,2407.174492515124
2030-03-24 11:00:00,2525.793252662593
2030-03-24 12:00:00,2547.015634012321
2030-03-24 13:00:00,2030.5878566591289
2030-03-24 14:00:00,1236.7166212145162
2030-03-24 15:00:00,145.52185910441878
2030-03-24 16:00:00,4.7154112351915245
2030-03-24 17:00:00,0.0010114539392431946
2030-03-24 18:00:00,0.001013933720784957
2030-03-24 19:00:00,0.0010259360445960262
2030-03-24 20:00:00,0.00101792286076964
2030-03-24 21:00:00,0.0010090692809309558
2030-03-24 22:00:00,0.0010160408978710479
2030-03-24 23:00:00,0.0010127295771923941
2030-03-25 00:00:00,0.0010391174098190918
2030-03-25 01:00:00,0.0010723118089419638
2030-03-25 02:00:00,0.0010842807047789227
2030-03-25 03:00:00,0.0010677105012000595
2030-03-25 04:00:00,0.0010695137136096599
2030-03-25 05:00:00,0.0010199667568821904
2030-03-25 06:00:00,0.0010335227249342117
2030-03-25 07:00:00,31.369578732261587
2030-03-25 08:00:00,774.0419615044922
2030-03-25 09:00:00,1750.146656683692
2030-03-25 10:00:00,2219.729835633954
2030-03-25 11:00:00,2301.4405849096192
2030-03-25 12:00:00,2132.2879463881272
2030-03-25 13:00:00,1822.6688916551468
2030-03-25 14:00:00,1176.029787805147
2030-03-25 15:00:00,147.19734610878595
2030-03-25 16:00:00,0.012167529596708618
2030-03-25 17:00:00,0.008784083949496608
2030-03-25 18:00:00,0.009083296405209395
2030-03-25 19:00:00,0.009251969890158456
2030-03-25 20:00:00,0.00944254490941801
2030-03-25 21:00:00,0.009809796148831523
2030-03-25 22:00:00,0.010075714309871354
2030-03-25 23:00:00,0.010474951322745053
2030-03-26 00:00:00,0.010596241274400217
2030-03-26 01:00:00,0.010836950801849399
2030-03-26 02:00:00,0.011110209259039178
2030-03-26 03:00:00,0.011098273614769756
2030-03-26 04:00:00,0.010938567992097198
2030-03-26 05:00:00,0.010587131095502248
2030-03-26 06:00:00,0.010793248869052769
2030-03-26 07:00:00,159.62751649248688
2030-03-26 08:00:00,927.3952183366742
2030-03-26 09:00:00,1537.2405706307204
2030-03-26 10:00:00,2061.373084279108
2030-03-26 11:00:00,2298.2104214323754
2030-03-26 12:00:00,2192.747444635025
2030-03-26 13:00:00,1958.3878728716707
2030-03-26 14:00:00,1444.9108393246356
2030-03-26 15:00:00,840.5417171976314
2030-03-26 16:00:00,59.53811743895785
2030-03-26 17:00:00,0.010266861445667883
2030-03-26 18:00:00,0.010598369475400295
2030-03-26 19:00:00,0.010653118114431946
2030-03-26 20:00:00,0.010509518304245628
2030-03-26 21:00:00,0.010914757312149732
2030-03-26 22:00:00,0.010956924314159126
2030-03-26 23:00:00,0.010768227458264692
2030-03-27 00:00:00,0.010429794522606475
2030-03-27 01:00:00,0.009687991527820863
2030-03-27 02:00:00,0.00921345912050981
2030-03-27 03:00:00,0.009240594684511744
2030-03-27 04:00:00,0.009020653919451463
2030-03-27 05:00:00,0.008929712728767192
2030-03-27 06:00:00,20.8773141211944
2030-03-27 07:00:00,925.1695692650977
2030-03-27 08:00:00,2053.62230318657
2030-03-27 09:00:00,1077.587733749598
2030-03-27 10:00:00,1599.4211796821066
2030-03-27 11:00:00,1812.5828752893842
2030-03-27 12:00:00,1694.7601387402572
2030-03-27 13:00:00,1191.0215932935266
2030-03-27 14:00:00,2060.109215472385
2030-03-27 15:00:00,1264.702072528806
2030-03-27 16:00:00,174.67281552459022
2030-03-27 17:00:00,0.009550307619960258
2030-03-27 18:00:00,0.009169235734109526
2030-03-27 19:00:00,0.009458015453797661
2030-03-27 20:00:00,0.009544369407742666
2030-03-27 21:00:00,0.009728713523152103
2030-03-27 22:00:00,0.009791445918157563
2030-03-27 23:00:00,0.009852924175492554
2030-03-28 00:00:00,0.010174621040623607
2030-03-28 01:00:00,0.010030988995132656
2030-03-28 02:00:00,0.010051411257396548
2030-03-28 03:00:00,0.010311303972528246
2030-03-28 04:00:00,0.010015500118927304
2030-03-28 05:00:00,0.009567903319870858
2030-03-28 06:00:00,0.010188754093457946
2030-03-28 07:00:00,426.4724144944759
2030-03-28 08:00:00,1318.6518946089493
2030-03-28 09:00:00,2079.0785984776403
2030-03-28 10:00:00,2597.107690419381
2030-03-28 11:00:00,2651.7737614974403
2030-03-28 12:00:00,2632.2632239045947
2030-03-28 13:00:00,2415.481844393494
2030-03-28 14:00:00,1793.4469715352677
2030-03-28 15:00:00,763.9559452460711
2030-03-28 16:00:00,22.186941729346056
2030-03-28 17:00:00,0.011933061706693286
2030-03-28 18:00:00,0.011953817231544237
2030-03-28 19:00:00,0.012252293127538873
2030-03-28 20:00:00,0.012540709878587464
2030-03-28 21:00:00,0.01262109370420068
2030-03-28 22:00:00,0.012612797342950592
2030-03-28 23:00:00,0.012559406204346332
2030-03-29 00:00:00,0.01210097120925236
2030-03-29 01:00:00,0.011906739600552023
2030-03-29 02:00:00,0.01114104514469344
2030-03-29 03:00:00,0.010991529336944297
2030-03-29 04:00:00,0.010484473253540499
2030-03-29 05:00:00,0.009806543421922496
2030-03-29 06:00:00,0.010400385010159434
2030-03-29 07:00:00,75.93217941853977
2030-03-29 08:00:00,678.2435953732569
2030-03-29 09:00:00,1256.8886430069144
2030-03-29 10:00:00,1805.0642334019337
2030-03-29 11:00:00,1899.1837568261583
2030-03-29 12:00:00,1624.5944041720538
2030-03-29 13:00:00,1073.6453497921716
2030-03-29 14:00:00,337.96514227941555
2030-03-29 15:00:00,29.39702548109881
2030-03-29 16:00:00,0.011190282588313985
2030-03-29 17:00:00,0.009106791481994241
2030-03-29 18:00:00,0.009668349916791611
2030-03-29 19:00:00,0.009579377608486131
2030-03-29 20:00:00,0.009531571033087003
2030-03-29 21:00:00,0.009599843291509287
2030-03-29 22:00:00,0.009780886945320347
2030-03-29 23:00:00,0.010063220782513297
2030-03-30 00:00:00,0.010026323844671057
2030-03-30 01:00:00,0.010185342261407677
2030-03-30 02:00:00,0.01015578934371302
2030-03-30 03:00:00,0.010035121597489314
2030-03-30 04:00:00,0.00977247060473649
2030-03-30 05:00:00,0.00919141989999569
2030-03-30 06:00:00,0.009676912057868508
2030-03-30 07:00:00,20.46769694042005
2030-03-30 08:00:00,251.6722313984572
2030-03-30 09:00:00,966.2142434123477
2030-03-30 10:00:00,1467.786274548033
2030-03-30 11:00:00,1694.8003099031264
2030-03-30 12:00:00,1695.5403233842296
2030-03-30 13:00:00,1388.174890871859
2030-03-30 14:00:00,689.889399618482
2030-03-30 15:00:00,61.818294236341686
2030-03-30 16:00:00,0.01123784876291514
2030-03-30 17:00:00,0.008774928169522215
2030-03-30 18:00:00,0.009029815467665975
2030-03-30 19:00:00,0.009261351843659768
2030-03-30 20:00:00,0.009383009303243529
2030-03-30 21:00:00,0.009433227246042043
2030-03-30 22:00:00,0.009342315849030733
2030-03-30 23:00:00,0.009257097027357651
2030-03-31 00:00:00,0.010007660750231783
2030-03-31 01:00:00,0.009890216510568631
2030-03-31 02:00:00,0.009774039844162707
2030-03-31 03:00:00,0.010369238653374954
2030-03-31 04:00:00,0.010315066942937844
2030-03-31 05:00:00,0.010200633873247539
2030-03-31 06:00:00,0.010451130508637461
2030-03-31 07:00:00,59.715899734151655
2030-03-31 08:00:00,810.7117175009766
2030-03-31 09:00:00,1651.294883304913
2030-03-31 10:00:00,2163.8219335301073
2030-03-31 11:00:00,2283.6106046196664
2030-03-31 12:00:00,2096.4620707586155
2030-03-31 13:00:00,1586.3580865044498
2030-03-31 14:00:00,854.6068983488128
2030-03-31 15:00:00,124.21135084159243
2030-03-31 16:00:00,2.608734690880143
2030-03-31 17:00:00,0.009404539927218602
2030-03-31 18:00:00,0.009553075733977902
2030-03-31 19:00:00,0.009679538946660888
2030-03-31 20:00:00,0.009935136820498269
2030-03-31 21:00:00,0.010268155813469458
2030-03-31 22:00:00,0.010589281554154058
2030-03-31 23:00:00,0.010906321887212108
2030-04-01 00:00:00,0.010727349301018943
2030-04-01 01:00:00,0.010970148561591392
2030-04-01 02:00:00,0.010872452805500223
2030-04-01 03:00:00,0.010689265331870318
2030-04-01 04:00:00,0.01024782428321414
2030-04-01 05:00:00,0.00979558727632414
2030-04-01 06:00:00,0.010390874031391321
2030-04-01 07:00:00,33.02827356213944
2030-04-01 08:00:00,371.87540934786
2030-04-01 09:00:00,1118.1596167814553
2030-04-01 10:00:00,1725.5569393522833
2030-04-01 11:00:00,2022.4423483101466
2030-04-01 12:00:00,2010.3256034275157
2030-04-01 13:00:00,1561.177700448427
2030-04-01 14:00:00,751.9889539807414
2030-04-01 15:00:00,53.000995972088056
2030-04-01 16:00:00,0.0011797915638047899
2030-04-01 17:00:00,0.0008966953134815481
2030-04-01 18:00:00,0.0009148996956589575
2030-04-01 19:00:00,0.0009189367486646606
2030-04-01 20:00:00,0.000916692828244883
2030-04-01 21:00:00,0.0009170780893822026
2030-04-01 22:00:00,0.0009176616110099153
2030-04-01 23:00:00,0.0009151516901200581
2030-04-02 00:00:00,0.0009078693885386435
2030-04-02 01:00:00,0.0009022468257230771
2030-04-02 02:00:00,0.0009065447202950696
2030-04-02 03:00:00,0.0009066198550644623
2030-04-02 04:00:00,0.0008943908391427799
2030-04-02 05:00:00,0.000954582265347355
2030-04-02 06:00:00,0.0009972511790782542
2030-04-02 07:00:00,49.869065160317
2030-04-02 08:00:00,844.1419224259581
2030-04-02 09:00:00,1682.0690872798073
2030-04-02 10:00:00,2175.3325033217275
2030-04-02 11:00:00,2327.442015022432
2030-04-02 12:00:00,2135.7456742300815
2030-04-02 13:00:00,1721.7739739101587
2030-04-02 14:00:00,1070.2838283493172
2030-04-02 15:00:00,192.6141961480227
2030-04-02 16:00:00,9.278709880364445
2030-04-02 17:00:00,0.0009964046324101793
2030-04-02 18:00:00,0.0009925411909423839
2030-04-02 19:00:00,0.0009960812102230965
2030-04-02 20:00:00,0.0009849527792151192
2030-04-02 21:00:00,0.0009684060038802038
2030-04-02 22:00:00,0.0009658467316021385
2030-04-02 23:00:00,0.0009500109259504018
2030-04-03 00:00:00,0.0009237320420507375
2030-04-03 01:00:00,0.0009226287908668687
2030-04-03 02:00:00,0.0009209023826799997
2030-04-03 03:00:00,0.0009160971328205186
2030-04-03 04:00:00,0.0009111679579325006
2030-04-03 05:00:00,0.0009631492425048398
2030-04-03 06:00:00,0.0010113994748170057
2030-04-03 07:00:00,53.584796573794875
2030-04-03 08:00:00,1032.3545268634946
2030-04-03 09:00:00,2121.7621834003985
2030-04-03 10:00:00,2680.923896358889
2030-04-03 11:00:00,2766.3171288788526
2030-04-03 12:00:00,2758.798722479957
2030-04-03 13:00:00,2335.2048720291627
2030-04-03 14:00:00,1559.7505123596238
2030-04-03 15:00:00,478.7683969928423
2030-04-03 16:00:00,27.55535371835071
2030-04-03 17:00:00,0.011667630991626736
2030-04-03 18:00:00,0.011013490309244867
2030-04-03 19:00:00,0.011110247836171613
2030-04-03 20:00:00,0.011019874687748826
2030-04-03 21:00:00,0.010734818946656045
2030-04-03 22:00:00,0.010720912685533768
2030-04-03 23:00:00,0.010421365470175662
2030-04-04 00:00:00,0.009208529965515777
2030-04-04 01:00:00,0.008991583222751029
2030-04-04 02:00:00,0.008795491631294552
2030-04-04 03:00:00,0.008684130597485337
2030-04-04 04:00:00,0.008510511450377423
2030-04-04 05:00:00,0.009019318431762369
2030-04-04 06:00:00,0.008927991803681434
2030-04-04 07:00:00,41.18821509570467
2030-04-04 08:00:00,638.5465017022074
2030-04-04 09:00:00,1492.94603132994
2030-04-04 10:00:00,2078.320137095716
2030-04-04 11:00:00,2280.634386584362
2030-04-04 12:00:00,2169.2751095666595
2030-04-04 13:00:00,1708.5429558845444
2030-04-04 14:00:00,798.9985714166073
2030-04-04 15:00:00,42.073820353893886
2030-04-04 16:00:00,0.0011685495695428435
2030-04-04 17:00:00,0.00099258664007912
2030-04-04 18:00:00,0.0010242546846976398
2030-04-04 19:00:00,0.0010303241139526984
2030-04-04 20:00:00,0.001036693649604194
2030-04-04 21:00:00,0.0010503626380377257
2030-04-04 22:00:00,0.0010714499620583314
2030-04-04 23:00:00,0.0010777269765596292
2030-04-05 00:00:00,0.00113782098357964
2030-04-05 01:00:00,0.0011619973997548862
2030-04-05 02:00:00,0.0011478675661915766
2030-04-05 03:00:00,0.001123767958076961
2030-04-05 04:00:00,0.0010891313127440936
2030-04-05 05:00:00,0.0010806832968397687
2030-04-05 06:00:00,0.001141968576984961
2030-04-05 07:00:00,55.765650583072976
2030-04-05 08:00:00,880.5553087921373
2030-04-05 09:00:00,1823.7461400241964
2030-04-05 10:00:00,2435.2969256798797
2030-04-05 11:00:00,2778.308801216928
2030-04-05 12:00:00,2738.7368241204163
2030-04-05 13:00:00,2226.7135409114703
2030-04-05 14:00:00,1605.4554576584476
2030-04-05 15:00:00,692.7522463377875
2030-04-05 16:00:00,28.32360401439826
2030-04-05 17:00:00,0.011337076260724117
2030-04-05 18:00:00,0.011343918660996693
2030-04-05 19:00:00,0.011741147807652086
2030-04-05 20:00:00,0.01196623905335173
2030-04-05 21:00:00,0.011905818920700747
2030-04-05 22:00:00,0.011823105431736251
2030-04-05 23:00:00,0.011587546467972339
2030-04-06 00:00:00,0.011682055547480103
2030-04-06 01:00:00,0.011739003824591452
2030-04-06 02:00:00,0.011639340517681555
2030-04-06 03:00:00,0.011395711078742038
2030-04-06 04:00:00,0.011424356225660593
2030-04-06 05:00:00,0.010941545848780704
2030-04-06 06:00:00,10.9150948366966
2030-04-06 07:00:00,545.8728446108818
2030-04-06 08:00:00,1430.145144468828
2030-04-06 09:00:00,2072.985492653458
2030-04-06 10:00:00,2686.8978437741457
2030-04-06 11:00:00,2950.9715290265062
2030-04-06 12:00:00,3001.4264745988557
2030-04-06 13:00:00,2665.637158295099
2030-04-06 14:00:00,2130.4563224512353
2030-04-06 15:00:00,1321.105293111741
2030-04-06 16:00:00,256.91360138437267
2030-04-06 17:00:00,0.011385647319254778
2030-04-06 18:00:00,0.0121343833088411
2030-04-06 19:00:00,0.012262575513709108
2030-04-06 20:00:00,0.012017839311732236
2030-04-06 21:00:00,0.011822705843184044
2030-04-06 22:00:00,0.011414704580941518
2030-04-06 23:00:00,0.010986923721585298
2030-04-07 00:00:00,0.010456471505367613
2030-04-07 01:00:00,0.010058861053750747
2030-04-07 02:00:00,0.009795006111697419
2030-04-07 03:00:00,0.00979384817959087
2030-04-07 04:00:00,0.009676503287988816
2030-04-07 05:00:00,0.009554001373865738
2030-04-07 06:00:00,26.383008459836176
2030-04-07 07:00:00,704.3130341465134
2030-04-07 08:00:00,1641.935229651232
2030-04-07 09:00:00,2335.1376378594623
2030-04-07 10:00:00,2786.2286616969654
2030-04-07 11:00:00,2887.9079277524474
2030-04-07 12:00:00,2831.5737219503603
2030-04-07 13:00:00,2411.240306454902
2030-04-07 14:00:00,1815.8726538249123
2030-04-07 15:00:00,976.849506291015
2030-04-07 16:00:00,116.39168176919988
2030-04-07 17:00:00,0.012239912532194412
2030-04-07 18:00:00,0.011918764221782535
2030-04-07 19:00:00,0.011829266561624528
2030-04-07 20:00:00,0.011705660579258793
2030-04-07 21:00:00,0.011068254837406585
2030-04-07 22:00:00,0.011320604586162476
2030-04-07 23:00:00,0.011053843599664742
2030-04-08 00:00:00,0.011590343400546448
2030-04-08 01:00:00,0.011287375087306484
2030-04-08 02:00:00,0.01134714307781157
2030-04-08 03:00:00,0.011421578049442042
2030-04-08 04:00:00,0.010932687370288002
2030-04-08 05:00:00,0.01052594929933489
2030-04-08 06:00:00,5.3725432395641475
2030-04-08 07:00:00,511.37045728182005
2030-04-08 08:00:00,1303.2332370690347
2030-04-08 09:00:00,1924.4113107802489
2030-04-08 10:00:00,2414.782706296201
2030-04-08 11:00:00,2520.09353290846
2030-04-08 12:00:00,2501.1047634566394
2030-04-08 13:00:00,2138.5948653980486
2030-04-08 14:00:00,1464.6702609957779
2030-04-08 15:00:00,603.9181815513781
2030-04-08 16:00:00,16.481004438674574
2030-04-08 17:00:00,0.010274031316284177
2030-04-08 18:00:00,0.010225456767437382
2030-04-08 19:00:00,0.010235408488119442
2030-04-08 20:00:00,0.010372842847734803
2030-04-08 21:00:00,0.01000080979033526
2030-04-08 22:00:00,0.009920658678734304
2030-04-08 23:00:00,0.00971979904949711
2030-04-09 00:00:00,0.010223975904887118
2030-04-09 01:00:00,0.010247403196567681
2030-04-09 02:00:00,0.010154240734013224
2030-04-09 03:00:00,0.01029215528551293
2030-04-09 04:00:00,0.010444897627338693
2030-04-09 05:00:00,0.010309685165493085
2030-04-09 06:00:00,197.61214808489078
2030-04-09 07:00:00,1309.0851164185958
2030-04-09 08:00:00,2538.9715416320278
2030-04-09 09:00:00,2622.1135188499716
2030-04-09 10:00:00,2134.747910779994
2030-04-09 11:00:00,2317.2083912785374
2030-04-09 12:00:00,2178.6167498346067
2030-04-09 13:00:00,1826.7361013188927
2030-04-09 14:00:00,2456.5585620771285
2030-04-09 15:00:00,2018.65412928191
2030-04-09 16:00:00,739.3793870784576
2030-04-09 17:00:00,1.6576105844191713
2030-04-09 18:00:00,0.8825447967334141
2030-04-09 19:00:00,0.8227501218980783
2030-04-09 20:00:00,0.8859000034735272
2030-04-09 21:00:00,1.0015202317363874
2030-04-09 22:00:00,1.2040668976843067
2030-04-09 23:00:00,1.3192766484898173
2030-04-10 00:00:00,1.5220766725468602
2030-04-10 01:00:00,1.528887070052782
2030-04-10 02:00:00,1.4802168377721157
2030-04-10 03:00:00,1.137858650557124
2030-04-10 04:00:00,0.9125246223634038
2030-04-10 05:00:00,0.8713301693565709
2030-04-10 06:00:00,182.54143815962016
2030-04-10 07:00:00,1267.0880207854389
2030-04-10 08:00:00,1824.6949265887902
2030-04-10 09:00:00,1307.1949673221657
2030-04-10 10:00:00,1877.1156934024157
2030-04-10 11:00:00,2055.5198597381664
2030-04-10 12:00:00,1952.0855235005938
2030-04-10 13:00:00,1439.2852357089164
2030-04-10 14:00:00,1912.7712485679558
2030-04-10 15:00:00,1391.4529434574831
2030-04-10 16:00:00,292.3519703985175
2030-04-10 17:00:00,0.009404162310375948
2030-04-10 18:00:00,0.008784130138725985
2030-04-10 19:00:00,0.009002624541952872
2030-04-10 20:00:00,0.008962533400957285
2030-04-10 21:00:00,0.008863661004586703
2030-04-10 22:00:00,0.008840642320889746
2030-04-10 23:00:00,0.008736203199578463
2030-04-11 00:00:00,0.00887229898236646
2030-04-11 01:00:00,0.009156312428320395
2030-04-11 02:00:00,0.009281223559999777
2030-04-11 03:00:00,0.009554133669444336
2030-04-11 04:00:00,0.009800492693381192
2030-04-11 05:00:00,0.009816162207798029
2030-04-11 06:00:00,62.38121705782776
2030-04-11 07:00:00,896.4805089856213
2030-04-11 08:00:00,1924.408895234667
2030-04-11 09:00:00,2645.6989593101075
2030-04-11 10:00:00,3074.2950694952565
2030-04-11 11:00:00,3249.977656046752
2030-04-11 12:00:00,3264.022258606248
2030-04-11 13:00:00,2876.612401794874
2030-04-11 14:00:00,2238.643024776286
2030-04-11 15:00:00,1270.6208206998613
2030-04-11 16:00:00,171.2520200080069
2030-04-11 17:00:00,0.011558579177588377
2030-04-11 18:00:00,0.011770389817932447
2030-04-11 19:00:00,0.01198254328772123
2030-04-11 20:00:00,0.011950678399210574
2030-04-11 21:00:00,0.011871482183223737
2030-04-11 22:00:00,0.011636127176271887
2030-04-11 23:00:00,0.011156149916390867
2030-04-12 00:00:00,0.011182807682100983
2030-04-12 01:00:00,0.01079463385706102
2030-04-12 02:00:00,0.010410148826308188
2030-04-12 03:00:00,0.010257625194091924
2030-04-12 04:00:00,0.00964838422421068
2030-04-12 05:00:00,0.0089541698974955
2030-04-12 06:00:00,9.861022775096398
2030-04-12 07:00:00,686.1741563444227
2030-04-12 08:00:00,1839.5750775790304
2030-04-12 09:00:00,2749.342023406155
2030-04-12 10:00:00,3118.8998215513157
2030-04-12 11:00:00,3207.928826347339
2030-04-12 12:00:00,3039.7760234686716
2030-04-12 13:00:00,2516.0193034548524
2030-04-12 14:00:00,1707.8015603028941
2030-04-12 15:00:00,609.9093555370318
2030-04-12 16:00:00,17.693194853109166
2030-04-12 17:00:00,0.00980402055065272
2030-04-12 18:00:00,0.00965181615799229
2030-04-12 19:00:00,0.009604720270998556
2030-04-12 20:00:00,0.009429611905683309
2030-04-12 21:00:00,0.009228617723329679
2030-04-12 22:00:00,0.009345569036713918
2030-04-12 23:00:00,0.009572043282350621
2030-04-13 00:00:00,0.009961883739979626
2030-04-13 01:00:00,0.009915927871151014
2030-04-13 02:00:00,0.009670189160543217
2030-04-13 03:00:00,0.009533473869010522
2030-04-13 04:00:00,0.009268133674049384
2030-04-13 05:00:00,0.009035839916630439
2030-04-13 06:00:00,3.6099098502569715
2030-04-13 07:00:00,385.36766311910924
2030-04-13 08:00:00,1512.0591813097953
2030-04-13 09:00:00,2439.4581817157077
2030-04-13 10:00:00,3150.8490195915506
2030-04-13 11:00:00,3345.8660114142795
2030-04-13 12:00:00,3208.4544498336827
2030-04-13 13:00:00,2705.89500260535
2030-04-13 14:00:00,1907.7153952739638
2030-04-13 15:00:00,895.4387723862785
2030-04-13 16:00:00,44.79308699907944
2030-04-13 17:00:00,0.010488072387976844
2030-04-13 18:00:00,0.010415055462100031
2030-04-13 19:00:00,0.010726650726359512
2030-04-13 20:00:00,0.010846222679873771
2030-04-13 21:00:00,0.01094890356482024
2030-04-13 22:00:00,0.011041639001487434
2030-04-13 23:00:00,0.011099543307052233
2030-04-14 00:00:00,0.011125683558312864
2030-04-14 01:00:00,0.010923278331790338
2030-04-14 02:00:00,0.01082169849832359
2030-04-14 03:00:00,0.01063517964697946
2030-04-14 04:00:00,0.010316249288694597
2030-04-14 05:00:00,0.010001181595853139
2030-04-14 06:00:00,9.621395410869031
2030-04-14 07:00:00,461.8229745905555
2030-04-14 08:00:00,1071.7650428178833
2030-04-14 09:00:00,1453.9229780810604
2030-04-14 10:00:00,1769.3857683691244
2030-04-14 11:00:00,1788.7774470800387
2030-04-14 12:00:00,1612.7321344116801
2030-04-14 13:00:00,1375.7343340772347
2030-04-14 14:00:00,1108.0374900011368
2030-04-14 15:00:00,521.8169252434807
2030-04-14 16:00:00,5.930123690332398
2030-04-14 17:00:00,0.012833753024390604
2030-04-14 18:00:00,0.013152839678170714
2030-04-14 19:00:00,0.013087535550473933
2030-04-14 20:00:00,0.01272151247496054
2030-04-14 21:00:00,0.012156541871205738
2030-04-14 22:00:00,3.2198045866496674
2030-04-14 23:00:00,9.163142062735137
2030-04-15 00:00:00,10.98595257777245
2030-04-15 01:00:00,9.44970339053925
2030-04-15 02:00:00,4.955128131915296
2030-04-15 03:00:00,2.8165275849853764
2030-04-15 04:00:00,0.35261249205211104
2030-04-15 05:00:00,0.00960573331721348
2030-04-15 06:00:00,25.457578989053296
2030-04-15 07:00:00,631.1353339620312
2030-04-15 08:00:00,1428.1276607138043
2030-04-15 09:00:00,2111.1878412429855
2030-04-15 10:00:00,2596.2110765045513
2030-04-15 11:00:00,2720.7991564968943
2030-04-15 12:00:00,2676.2495657068976
2030-04-15 13:00:00,2282.3616423552367
2030-04-15 14:00:00,1629.5135861300366
2030-04-15 15:00:00,998.7830599642901
2030-04-15 16:00:00,204.70608838115604
2030-04-15 17:00:00,0.013830007974957976
2030-04-15 18:00:00,0.0138990893257773
2030-04-15 19:00:00,0.013573134073563977
2030-04-15 20:00:00,0.013076033181192284
2030-04-15 21:00:00,0.012870891972971182
2030-04-15 22:00:00,0.013224282969447585
2030-04-15 23:00:00,0.012734540576368487
2030-04-16 00:00:00,0.011769871502530173
2030-04-16 01:00:00,0.011044237671351636
2030-04-16 02:00:00,0.010260805772934357
2030-04-16 03:00:00,0.010042473672857514
2030-04-16 04:00:00,0.009903302291595858
2030-04-16 05:00:00,0.009868309464178474
2030-04-16 06:00:00,75.7190490333467
2030-04-16 07:00:00,1093.5213429000653
2030-04-16 08:00:00,2118.8624971025642
2030-04-16 09:00:00,2982.8182734647608
2030-04-16 10:00:00,2011.1233616791167
2030-04-16 11:00:00,2408.633975245097
2030-04-16 12:00:00,2230.6101656583355
2030-04-16 13:00:00,1754.1210540296497
2030-04-16 14:00:00,2714.3363854296
2030-04-16 15:00:00,1652.5480341865464
2030-04-16 16:00:00,460.1845704587852
2030-04-16 17:00:00,0.010745211038457955
2030-04-16 18:00:00,0.010485407570008896
2030-04-16 19:00:00,0.010310443083501084
2030-04-16 20:00:00,0.009788275543436148
2030-04-16 21:00:00,0.00952362213032229
2030-04-16 22:00:00,0.009350281802293584
2030-04-16 23:00:00,0.009036267592499968
2030-04-17 00:00:00,0.009043878015755428
2030-04-17 01:00:00,0.008926129651060462
2030-04-17 02:00:00,0.008812031033836782
2030-04-17 03:00:00,0.008835933338017478
2030-04-17 04:00:00,0.009091969769322519
2030-04-17 05:00:00,0.00932743560214834
2030-04-17 06:00:00,3.9162093160989624
2030-04-17 07:00:00,401.6523851788941
2030-04-17 08:00:00,1294.958472652285
2030-04-17 09:00:00,1959.8419929425756
2030-04-17 10:00:00,2363.146962344214
2030-04-17 11:00:00,2309.192675480051
2030-04-17 12:00:00,1916.0296431727431
2030-04-17 13:00:00,1459.0599401134116
2030-04-17 14:00:00,813.8490638137789
2030-04-17 15:00:00,173.08140446725096
2030-04-17 16:00:00,0.011679555372674462
2030-04-17 17:00:00,0.010007529670428214
2030-04-17 18:00:00,0.010300563571297308
2030-04-17 19:00:00,0.010804525382098484
2030-04-17 20:00:00,0.011197936902704674
2030-04-17 21:00:00,0.01137062851495328
2030-04-17 22:00:00,0.01153951987226717
2030-04-17 23:00:00,0.011605731311179302
2030-04-18 00:00:00,0.011237815718859671
2030-04-18 01:00:00,0.010899628863143728
2030-04-18 02:00:00,0.010367791022574908
2030-04-18 03:00:00,0.010079610896644916
2030-04-18 04:00:00,0.01011151246212357
2030-04-18 05:00:00,0.00983155249013451
2030-04-18 06:00:00,17.742254764656607
2030-04-18 07:00:00,394.09595369146376
2030-04-18 08:00:00,1128.3720707633013
2030-04-18 09:00:00,1803.330123122322
2030-04-18 10:00:00,2187.276121209492
2030-04-18 11:00:00,2218.946281652712
2030-04-18 12:00:00,2129.7834607193
2030-04-18 13:00:00,1789.0792341253577
2030-04-18 14:00:00,1106.0087813811258
2030-04-18 15:00:00,244.26313969666975
2030-04-18 16:00:00,0.5304614421327652
2030-04-18 17:00:00,0.0101184131398913
2030-04-18 18:00:00,0.010178660870823126
2030-04-18 19:00:00,0.010165336330181504
2030-04-18 20:00:00,0.01031511098761677
2030-04-18 21:00:00,0.01051061655548978
2030-04-18 22:00:00,0.010496169555934434
2030-04-18 23:00:00,0.010066078488529447
2030-04-19 00:00:00,0.010345460220102711
2030-04-19 01:00:00,0.01044489908541989
2030-04-19 02:00:00,0.010434242960410352
2030-04-19 03:00:00,0.010613143142066852
2030-04-19 04:00:00,0.010442283550982562
2030-04-19 05:00:00,0.010243963806926241
2030-04-19 06:00:00,34.55005720104609
2030-04-19 07:00:00,900.3716133131015
2030-04-19 08:00:00,2084.4754457280683
2030-04-19 09:00:00,2935.060990311597
2030-04-19 10:00:00,3551.34925310715
2030-04-19 11:00:00,3713.363254931436
2030-04-19 12:00:00,3609.1925114010446
2030-04-19 13:00:00,3079.140203403971
2030-04-19 14:00:00,2329.2519791057334
2030-04-19 15:00:00,1399.9748977110185
2030-04-19 16:00:00,298.50768890685646
2030-04-19 17:00:00,0.012215623283366001
2030-04-19 18:00:00,0.012114501111531216
2030-04-19 19:00:00,0.012377511284554065
2030-04-19 20:00:00,0.012395477495813531
2030-04-19 21:00:00,0.01215232513341386
2030-04-19 22:00:00,0.011673197674781569
2030-04-19 23:00:00,0.01159657655938982
2030-04-20 00:00:00,0.010673079058044026
2030-04-20 01:00:00,0.010624835677866616
2030-04-20 02:00:00,0.01035295337571142
2030-04-20 03:00:00,0.009842082216873958
2030-04-20 04:00:00,0.009449457883563515
2030-04-20 05:00:00,0.009020762582164249
2030-04-20 06:00:00,21.038108537086163
2030-04-20 07:00:00,724.7102388206628
2030-04-20 08:00:00,1778.0222889841887
2030-04-20 09:00:00,2576.363055734781
2030-04-20 10:00:00,3206.4194179912815
2030-04-20 11:00:00,3400.111070114926
2030-04-20 12:00:00,3251.325382262466
2030-04-20 13:00:00,2673.977689586541
2030-04-20 14:00:00,1780.8606381358852
2030-04-20 15:00:00,643.1404870317915
2030-04-20 16:00:00,22.213464880856286
2030-04-20 17:00:00,0.008705759128454699
2030-04-20 18:00:00,0.00851840251034229
2030-04-20 19:00:00,0.00856456596169623
2030-04-20 20:00:00,0.00864786106936448
2030-04-20 21:00:00,0.0087916589601234
2030-04-20 22:00:00,0.008986667162844039
2030-04-20 23:00:00,0.009089449015030972
2030-04-21 00:00:00,0.009242915801002147
2030-04-21 01:00:00,0.009124842273255
2030-04-21 02:00:00,0.008790249774324391
2030-04-21 03:00:00,0.008498114603297887
2030-04-21 04:00:00,0.008377000911988033
2030-04-21 05:00:00,0.008291842279995206
2030-04-21 06:00:00,1.92642446644621
2030-04-21 07:00:00,162.2472836002262
2030-04-21 08:00:00,1044.838265759717
2030-04-21 09:00:00,1813.9858080149436
2030-04-21 10:00:00,2304.4907206005846
2030-04-21 11:00:00,2420.6336788046706
2030-04-21 12:00:00,2369.279966815518
2030-04-21 13:00:00,1932.2798545584085
2030-04-21 14:00:00,1237.44841428874
2030-04-21 15:00:00,380.60536910966994
2030-04-21 16:00:00,10.286774177532255
2030-04-21 17:00:00,0.009378582238605033
2030-04-21 18:00:00,0.009109623358291356
2030-04-21 19:00:00,0.009220392189991947
2030-04-21 20:00:00,0.009661518912311292
2030-04-21 21:00:00,0.01017529375505199
2030-04-21 22:00:00,0.010577308793632707
2030-04-21 23:00:00,0.010978579435362804
2030-04-22 00:00:00,0.011060824669634367
2030-04-22 01:00:00,0.011326377804826445
2030-04-22 02:00:00,0.011263641459281864
2030-04-22 03:00:00,0.010964676486941112
2030-04-22 04:00:00,0.010690887886732003
2030-04-22 05:00:00,0.010511793941449023
2030-04-22 06:00:00,30.991729032411996
2030-04-22 07:00:00,695.648318357905
2030-04-22 08:00:00,1658.9024919675592
2030-04-22 09:00:00,2537.569578992255
2030-04-22 10:00:00,3007.9006175507698
2030-04-22 11:00:00,3285.9367296762207
2030-04-22 12:00:00,3186.627435816823
2030-04-22 13:00:00,2560.027058968129
2030-04-22 14:00:00,1754.827584699915
2030-04-22 15:00:00,760.3503044267427
2030-04-22 16:00:00,39.45704455182824
2030-04-22 17:00:00,0.009411021246567411
2030-04-22 18:00:00,0.008603856705518546
2030-04-22 19:00:00,0.008499858030522289
2030-04-22 20:00:00,0.008432697810099164
2030-04-22 21:00:00,0.008664246583028012
2030-04-22 22:00:00,0.008683681240848408
2030-04-22 23:00:00,0.008927953359615739
2030-04-23 00:00:00,0.00910303641106717
2030-04-23 01:00:00,0.009308800119288094
2030-04-23 02:00:00,0.009426024229839895
2030-04-23 03:00:00,0.009736379035204176
2030-04-23 04:00:00,0.009820225411114563
2030-04-23 05:00:00,0.009965017561286439
2030-04-23 06:00:00,109.8487682500992
2030-04-23 07:00:00,1140.6024106022116
2030-04-23 08:00:00,2090.4986007484376
2030-04-23 09:00:00,2346.5324713490745
2030-04-23 10:00:00,1923.4732340804264
2030-04-23 11:00:00,2154.7227087724305
2030-04-23 12:00:00,1907.5588054869584
2030-04-23 13:00:00,3011.8057904878283
2030-04-23 14:00:00,2352.918422583761
2030-04-23 15:00:00,1339.8344159316994
2030-04-23 16:00:00,226.76086319402276
2030-04-23 17:00:00,0.009672449593243839
2030-04-23 18:00:00,0.008313927516144912
2030-04-23 19:00:00,0.00831258970778814
2030-04-23 20:00:00,0.008377624898887883
2030-04-23 21:00:00,0.008365336485584421
2030-04-23 22:00:00,0.008327922146396646
2030-04-23 23:00:00,0.008159665938885528
2030-04-24 00:00:00,0.008136673643114312
2030-04-24 01:00:00,0.008004683705436246
2030-04-24 02:00:00,0.008133636863486646
2030-04-24 03:00:00,0.008240098753754529
2030-04-24 04:00:00,0.008639917854384812
2030-04-24 05:00:00,0.008659943497627868
2030-04-24 06:00:00,13.155593215645446
2030-04-24 07:00:00,482.37090109645237
2030-04-24 08:00:00,1380.3041202029922
2030-04-24 09:00:00,1918.0154206856892
2030-04-24 10:00:00,2058.8771212855327
2030-04-24 11:00:00,2129.4992084657138
2030-04-24 12:00:00,2118.270807557889
2030-04-24 13:00:00,1660.3729110696236
2030-04-24 14:00:00,1034.9820736012186
2030-04-24 15:00:00,347.66709842467907
2030-04-24 16:00:00,19.393907586576155
2030-04-24 17:00:00,0.009388973981945289
2030-04-24 18:00:00,0.00927864770728069
2030-04-24 19:00:00,0.009521482977701197
2030-04-24 20:00:00,0.009524142642424882
2030-04-24 21:00:00,0.009889916051629656
2030-04-24 22:00:00,0.009711294601246988
2030-04-24 23:00:00,0.009784925292597585
2030-04-25 00:00:00,0.009796400591531043
2030-04-25 01:00:00,0.009584437881426934
2030-04-25 02:00:00,0.009548764987845808
2030-04-25 03:00:00,0.009172234365143509
2030-04-25 04:00:00,0.00885664700030252
2030-04-25 05:00:00,0.008726281960621468
2030-04-25 06:00:00,25.441140083070326
2030-04-25 07:00:00,604.6861194928989
2030-04-25 08:00:00,1528.6019818249968
2030-04-25 09:00:00,2173.583850315075
2030-04-25 10:00:00,2610.1899003830677
2030-04-25 11:00:00,2808.908127124958
2030-04-25 12:00:00,2702.394670359716
2030-04-25 13:00:00,2276.8886587555153
2030-04-25 14:00:00,1673.589339406373
2030-04-25 15:00:00,854.1757668327404
2030-04-25 16:00:00,51.388275048393716
2030-04-25 17:00:00,0.009637703042978564
2030-04-25 18:00:00,0.009287955091369083
2030-04-25 19:00:00,0.009600190280699587
2030-04-25 20:00:00,0.00993180190618476
2030-04-25 21:00:00,0.01015343429466304
2030-04-25 22:00:00,0.01029551282462167
2030-04-25 23:00:00,0.010488490506360868
2030-04-26 00:00:00,0.010792001946912502
2030-04-26 01:00:00,0.010868199173033414
2030-04-26 02:00:00,0.010891414397089714
2030-04-26 03:00:00,0.010685491259186311
2030-04-26 04:00:00,0.010421900686225194
2030-04-26 05:00:00,0.009731955653031522
2030-04-26 06:00:00,33.62565704782514
2030-04-26 07:00:00,590.8834912636291
2030-04-26 08:00:00,1248.824368672523
2030-04-26 09:00:00,1729.2298607214198
2030-04-26 10:00:00,2128.0010175799457
2030-04-26 11:00:00,2140.6722662595685
2030-04-26 12:00:00,2103.3371389848735
2030-04-26 13:00:00,1730.9500979735994
2030-04-26 14:00:00,1158.6790029782255
2030-04-26 15:00:00,472.6882087029433
2030-04-26 16:00:00,15.609817162266374
2030-04-26 17:00:00,0.01135224957327802
2030-04-26 18:00:00,0.011670149489915045
2030-04-26 19:00:00,0.011530043688922874
2030-04-26 20:00:00,0.01136257182456269
2030-04-26 21:00:00,0.011334148806827668
2030-04-26 22:00:00,0.01127699690467307
2030-04-26 23:00:00,0.010923122086138735
2030-04-27 00:00:00,0.010400089054837998
2030-04-27 01:00:00,0.010121953613427957
2030-04-27 02:00:00,0.010232020622098582
2030-04-27 03:00:00,0.010001221821547227
2030-04-27 04:00:00,0.009741883815952274
2030-04-27 05:00:00,0.009555543821376158
2030-04-27 06:00:00,41.66056143687031
2030-04-27 07:00:00,727.9168850529833
2030-04-27 08:00:00,1657.9230916088875
2030-04-27 09:00:00,2441.7854251694707
2030-04-27 10:00:00,2928.1155565020645
2030-04-27 11:00:00,3006.716101985068
2030-04-27 12:00:00,2859.3886671992336
2030-04-27 13:00:00,2196.992996022149
2030-04-27 14:00:00,1441.1802397282647
2030-04-27 15:00:00,565.4984075196418
2030-04-27 16:00:00,24.912855034129507
2030-04-27 17:00:00,0.010140556054533597
2030-04-27 18:00:00,0.009641763225636531
2030-04-27 19:00:00,0.009712237990386523
2030-04-27 20:00:00,0.009679832754707409
2030-04-27 21:00:00,0.009936275287966301
2030-04-27 22:00:00,0.009986017248299825
2030-04-27 23:00:00,0.010326223684083377
2030-04-28 00:00:00,0.01001757724023982
2030-04-28 01:00:00,0.009707928114617822
2030-04-28 02:00:00,0.00954364514164366
2030-04-28 03:00:00,0.009311168948260411
2030-04-28 04:00:00,0.009203152501108668
2030-04-28 05:00:00,0.009367471811143417
2030-04-28 06:00:00,49.823225532643946
2030-04-28 07:00:00,832.9415679432872
2030-04-28 08:00:00,1789.7811220942203
2030-04-28 09:00:00,2445.600283043653
2030-04-28 10:00:00,2758.4418598463726
2030-04-28 11:00:00,2782.556207055804
2030-04-28 12:00:00,2612.4475443583524
2030-04-28 13:00:00,2383.7966471244267
2030-04-28 14:00:00,1647.2401654762957
2030-04-28 15:00:00,552.6473348736107
2030-04-28 16:00:00,15.601095677452896
2030-04-28 17:00:00,0.006858761484499973
2030-04-28 18:00:00,0.007142773815797676
2030-04-28 19:00:00,0.006623330567221045
2030-04-28 20:00:00,0.006642338368463466
2030-04-28 21:00:00,0.006675411667450678
2030-04-28 22:00:00,0.006702656555181698
2030-04-28 23:00:00,0.00669128048951904
2030-04-29 00:00:00,0.006733645597940988
2030-04-29 01:00:00,0.006752663950979794
2030-04-29 02:00:00,0.006742127152895433
2030-04-29 03:00:00,0.006724951074682162
2030-04-29 04:00:00,0.006677775466029553
2030-04-29 05:00:00,0.006684552459076834
2030-04-29 06:00:00,8.04856690793993
2030-04-29 07:00:00,704.0765057748812
2030-04-29 08:00:00,1689.5661327999417
2030-04-29 09:00:00,2307.686765149595
2030-04-29 10:00:00,2734.086785842195
2030-04-29 11:00:00,2775.342679721542
2030-04-29 12:00:00,2544.010434786902
2030-04-29 13:00:00,2186.774082912421
2030-04-29 14:00:00,1711.834602456779
2030-04-29 15:00:00,985.2546089004541
2030-04-29 16:00:00,140.2427697549718
2030-04-29 17:00:00,0.009812479611027228
2030-04-29 18:00:00,0.009619147598867901
2030-04-29 19:00:00,0.009458239558163092
2030-04-29 20:00:00,0.009301220795035868
2030-04-29 21:00:00,0.009420202158147884
2030-04-29 22:00:00,0.009368852055839507
2030-04-29 23:00:00,0.00944003989315688
2030-04-30 00:00:00,0.009492404296476725
2030-04-30 01:00:00,0.009035980800881109
2030-04-30 02:00:00,0.008582692069484824
2030-04-30 03:00:00,0.008543686490186265
2030-04-30 04:00:00,0.008339588231904815
2030-04-30 05:00:00,0.3474938744095311
2030-04-30 06:00:00,560.5787058078354
2030-04-30 07:00:00,1545.5505671385617
2030-04-30 08:00:00,2419.354682454121
2030-04-30 09:00:00,2537.1866134122015
2030-04-30 10:00:00,1778.285808383894
2030-04-30 11:00:00,1906.0061164750412
2030-04-30 12:00:00,1870.191229953705
2030-04-30 13:00:00,2033.5513024878355
2030-04-30 14:00:00,2630.4443316400757
2030-04-30 15:00:00,1751.889355303472
2030-04-30 16:00:00,703.9373474851271
2030-04-30 17:00:00,0.3051784423892494
2030-04-30 18:00:00,0.27472619717056745
2030-04-30 19:00:00,0.2836474906513112
2030-04-30 20:00:00,0.28363965755877674
2030-04-30 21:00:00,0.2854199858801706
2030-04-30 22:00:00,0.27703430318388683
2030-04-30 23:00:00,0.28555355608792654
2030-05-01 00:00:00,0.2600802654671988
2030-05-01 01:00:00,0.2546616435162353
2030-05-01 02:00:00,0.2503979579325697
2030-05-01 03:00:00,0.24954434626853
2030-05-01 04:00:00,0.2479159713701609
2030-05-01 05:00:00,0.24437832451226488
2030-05-01 06:00:00,320.34600355741117
2030-05-01 07:00:00,1293.0647771281347
2030-05-01 08:00:00,2188.1321793012553
2030-05-01 09:00:00,1661.6950993659775
2030-05-01 10:00:00,1355.7869412196908
2030-05-01 11:00:00,1555.9032811273905
2030-05-01 12:00:00,2272.73581336657
2030-05-01 13:00:00,2213.4807783895453
2030-05-01 14:00:00,1691.043711106606
2030-05-01 15:00:00,1000.7973081997516
2030-05-01 16:00:00,214.06148963611008
2030-05-01 17:00:00,0.2469739958733583
2030-05-01 18:00:00,0.22441433781005554
2030-05-01 19:00:00,0.22505199460797065
2030-05-01 20:00:00,0.22756295993934092
2030-05-01 21:00:00,0.24002857140575343
2030-05-01 22:00:00,0.2554359577772677
2030-05-01 23:00:00,0.259404922825601
2030-05-02 00:00:00,0.267430112876148
2030-05-02 01:00:00,0.27603332732970903
2030-05-02 02:00:00,0.2944185106409498
2030-05-02 03:00:00,0.2999174030079254
2030-05-02 04:00:00,0.3159086924753973
2030-05-02 05:00:00,2.376740983837513
2030-05-02 06:00:00,688.6630177237729
2030-05-02 07:00:00,1769.686913946576
2030-05-02 08:00:00,2770.3439467830754
2030-05-02 09:00:00,2824.855965390633
2030-05-02 10:00:00,2105.6224672927597
2030-05-02 11:00:00,2252.7312414293565
2030-05-02 12:00:00,2057.491418196132
2030-05-02 13:00:00,2658.060613506117
2030-05-02 14:00:00,2765.8004844600678
2030-05-02 15:00:00,1844.8826745604988
2030-05-02 16:00:00,703.7044514345395
2030-05-02 17:00:00,0.5263532132678922
2030-05-02 18:00:00,0.3542882208643207
2030-05-02 19:00:00,0.33863566815030705
2030-05-02 20:00:00,0.34529072879698663
2030-05-02 21:00:00,0.35652203866393384
2030-05-02 22:00:00,0.3791289503382121
2030-05-02 23:00:00,0.39203784259273455
2030-05-03 00:00:00,0.4056766788250136
2030-05-03 01:00:00,0.4144264860162316
2030-05-03 02:00:00,0.4481927750058128
2030-05-03 03:00:00,0.4821764788066983
2030-05-03 04:00:00,0.5068641542865013
2030-05-03 05:00:00,0.7124522619590665
2030-05-03 06:00:00,596.6774867081471
2030-05-03 07:00:00,1774.74767824392
2030-05-03 08:00:00,1209.745408638735
2030-05-03 09:00:00,1967.948334047193
2030-05-03 10:00:00,2580.4988125792333
2030-05-03 11:00:00,2758.8588624351237
2030-05-03 12:00:00,2568.025146009457
2030-05-03 13:00:00,2208.8570448290316
2030-05-03 14:00:00,1507.5470397480756
2030-05-03 15:00:00,2136.375724400467
2030-05-03 16:00:00,865.4219490869375
2030-05-03 17:00:00,16.09462745074915
2030-05-03 18:00:00,2.693252477205275
2030-05-03 19:00:00,2.180673869479338
2030-05-03 20:00:00,1.7273871731684014
2030-05-03 21:00:00,1.6189811604715834
2030-05-03 22:00:00,1.7129684256549331
2030-05-03 23:00:00,1.679067882596823
2030-05-04 00:00:00,1.6479139036361
2030-05-04 01:00:00,1.613250753325576
2030-05-04 02:00:00,1.5169079709257296
2030-05-04 03:00:00,1.3701330259852538
2030-05-04 04:00:00,1.3969752263748707
2030-05-04 05:00:00,2.2432801296002043
2030-05-04 06:00:00,505.50110704342273
2030-05-04 07:00:00,1727.6049523898043
2030-05-04 08:00:00,1310.5615678648273
2030-05-04 09:00:00,2282.97942601681
2030-05-04 10:00:00,2776.440870403369
2030-05-04 11:00:00,2773.813615896497
2030-05-04 12:00:00,2841.496382314366
2030-05-04 13:00:00,2364.846649483351
2030-05-04 14:00:00,1483.966297737524
2030-05-04 15:00:00,1976.7666122253618
2030-05-04 16:00:00,745.5783178032208
2030-05-04 17:00:00,1.9888851459009256
2030-05-04 18:00:00,0.8308638821684834
2030-05-04 19:00:00,0.7244535502442463
2030-05-04 20:00:00,0.6464891909814013
2030-05-04 21:00:00,0.6311843540189319
2030-05-04 22:00:00,0.6318733134737773
2030-05-04 23:00:00,0.6026976310474085
2030-05-05 00:00:00,0.6495129110634982
2030-05-05 01:00:00,0.673710945138307
2030-05-05 02:00:00,0.6775052101165973
2030-05-05 03:00:00,0.7199944278365271
2030-05-05 04:00:00,0.707700329360023
2030-05-05 05:00:00,1.002742389833889
2030-05-05 06:00:00,544.295341566062
2030-05-05 07:00:00,1655.2896908422617
2030-05-05 08:00:00,1886.3786635283643
2030-05-05 09:00:00,1340.862457574286
2030-05-05 10:00:00,1785.3323218967935
2030-05-05 11:00:00,1978.486818232639
2030-05-05 12:00:00,1915.4727993463189
2030-05-05 13:00:00,1928.7055196936187
2030-05-05 14:00:00,2214.0568680475453
2030-05-05 15:00:00,1794.8004542666033
2030-05-05 16:00:00,704.4134030095975
2030-05-05 17:00:00,0.031868180934373755
2030-05-05 18:00:00,0.026457328417250785
2030-05-05 19:00:00,0.025985159118263525
2030-05-05 20:00:00,0.025369602564589356
2030-05-05 21:00:00,0.02504322957283489
2030-05-05 22:00:00,0.025020052652382472
2030-05-05 23:00:00,0.0247429055352894
2030-05-06 00:00:00,0.023852477655020538
2030-05-06 01:00:00,0.023848452504677098
2030-05-06 02:00:00,0.02386853837146082
2030-05-06 03:00:00,0.02344252939216615
2030-05-06 04:00:00,0.022764569686190256
2030-05-06 05:00:00,0.022679341422378114
2030-05-06 06:00:00,390.8474976030349
2030-05-06 07:00:00,1297.6844248379998
2030-05-06 08:00:00,2210.0960756665404
2030-05-06 09:00:00,2872.7682704308563
2030-05-06 10:00:00,2487.143841845561
2030-05-06 11:00:00,2024.518222542673
2030-05-06 12:00:00,1887.7890397167876
2030-05-06 13:00:00,3087.357300042843
2030-05-06 14:00:00,2387.0049533876063
2030-05-06 15:00:00,1523.5431950737195
2030-05-06 16:00:00,436.83523231628055
2030-05-06 17:00:00,0.02200598487449413
2030-05-06 18:00:00,0.0188585067863445
2030-05-06 19:00:00,0.018829501262399177
2030-05-06 20:00:00,0.019925007226516734
2030-05-06 21:00:00,0.020583417832548693
2030-05-06 22:00:00,0.021355230570758287
2030-05-06 23:00:00,0.021436772199428283
2030-05-07 00:00:00,0.021246090848146323
2030-05-07 01:00:00,0.02089617935854854
2030-05-07 02:00:00,0.02120969199650766
2030-05-07 03:00:00,0.02150076029595247
2030-05-07 04:00:00,0.021597760745474637
2030-05-07 05:00:00,0.02196378241258451
2030-05-07 06:00:00,253.33235966866116
2030-05-07 07:00:00,931.2181150919279
2030-05-07 08:00:00,1471.0139533272425
2030-05-07 09:00:00,1644.714539960048
2030-05-07 10:00:00,1799.012157378175
2030-05-07 11:00:00,1688.7902710792548
2030-05-07 12:00:00,1465.6031870450847
2030-05-07 13:00:00,1034.5710552966282
2030-05-07 14:00:00,611.7202555353472
2030-05-07 15:00:00,296.46715345868637
2030-05-07 16:00:00,4.271012342823963
2030-05-07 17:00:00,0.022447381894220235
2030-05-07 18:00:00,0.021651990694277198
2030-05-07 19:00:00,0.02078999957487966
2030-05-07 20:00:00,0.02093956877865806
2030-05-07 21:00:00,0.021152849425434876
2030-05-07 22:00:00,0.02172415446020916
2030-05-07 23:00:00,0.022206726331792673
2030-05-08 00:00:00,0.023062146296562808
2030-05-08 01:00:00,0.02434851464314475
2030-05-08 02:00:00,0.023848356696696774
2030-05-08 03:00:00,0.02284758221465288
2030-05-08 04:00:00,3.8383645495738623
2030-05-08 05:00:00,174.76143886793886
2030-05-08 06:00:00,843.3855284898465
2030-05-08 07:00:00,1788.125314777833
2030-05-08 08:00:00,1095.5057692439952
2030-05-08 09:00:00,1537.580538165416
2030-05-08 10:00:00,2026.9042039423368
2030-05-08 11:00:00,2104.8221739844
2030-05-08 12:00:00,1913.4129212708688
2030-05-08 13:00:00,1468.912775889623
2030-05-08 14:00:00,1991.6160940632071
2030-05-08 15:00:00,1737.5410461659696
2030-05-08 16:00:00,768.9614583192731
2030-05-08 17:00:00,4.522095590269678
2030-05-08 18:00:00,0.010416243408059312
2030-05-08 19:00:00,0.01020307314831124
2030-05-08 20:00:00,0.009662709726290407
2030-05-08 21:00:00,0.009458425441256853
2030-05-08 22:00:00,0.00929405310115072
2030-05-08 23:00:00,0.008915683508407705
2030-05-09 00:00:00,0.008825304946440037
2030-05-09 01:00:00,0.008673244904192735
2030-05-09 02:00:00,0.00843723086465161
2030-05-09 03:00:00,0.008318148170885171
2030-05-09 04:00:00,0.008132663646544986
2030-05-09 05:00:00,0.008047082907088832
2030-05-09 06:00:00,26.07816557407838
2030-05-09 07:00:00,697.7319525277053
2030-05-09 08:00:00,1562.2953156964368
2030-05-09 09:00:00,2253.243344152378
2030-05-09 10:00:00,2534.463627584363
2030-05-09 11:00:00,2525.7683667515817
2030-05-09 12:00:00,2359.158988666959
2030-05-09 13:00:00,1997.58322763627
2030-05-09 14:00:00,1432.8728347394501
2030-05-09 15:00:00,641.8947199604416
2030-05-09 16:00:00,12.108728395512895
2030-05-09 17:00:00,0.00776773731962949
2030-05-09 18:00:00,0.007802639913680377
2030-05-09 19:00:00,0.007363545246120463
2030-05-09 20:00:00,0.007639035222315097
2030-05-09 21:00:00,0.007930470505016165
2030-05-09 22:00:00,0.008114469387303012
2030-05-09 23:00:00,0.00837968412171853
2030-05-10 00:00:00,0.008783650519465688
2030-05-10 01:00:00,0.008177528319390419
2030-05-10 02:00:00,0.008114130370718987
2030-05-10 03:00:00,0.008200756297137525
2030-05-10 04:00:00,0.00849343701571332
2030-05-10 05:00:00,0.008906974772343349
2030-05-10 06:00:00,44.4533719208586
2030-05-10 07:00:00,596.8596942845024
2030-05-10 08:00:00,1401.7700695280435
2030-05-10 09:00:00,2025.158395233518
2030-05-10 10:00:00,2338.862416853873
2030-05-10 11:00:00,2491.0840791986625
2030-05-10 12:00:00,2529.2961285985
2030-05-10 13:00:00,2161.5868962166296
2030-05-10 14:00:00,1548.3754750969151
2030-05-10 15:00:00,548.5776669152184
2030-05-10 16:00:00,28.560887645550427
2030-05-10 17:00:00,0.008477721598866055
2030-05-10 18:00:00,0.00770414616325245
2030-05-10 19:00:00,0.007228005218621198
2030-05-10 20:00:00,0.007187951948907048
2030-05-10 21:00:00,0.00726862761144741
2030-05-10 22:00:00,0.007311692854780633
2030-05-10 23:00:00,0.007479507752745275
2030-05-11 00:00:00,0.007952842539608857
2030-05-11 01:00:00,0.008014788415756657
2030-05-11 02:00:00,0.008030500712622405
2030-05-11 03:00:00,0.00820705645842328
2030-05-11 04:00:00,0.008026519104664624
2030-05-11 05:00:00,0.008137254151541658
2030-05-11 06:00:00,32.68611086223984
2030-05-11 07:00:00,617.5888878683305
2030-05-11 08:00:00,1507.43855039758
2030-05-11 09:00:00,2242.994820307282
2030-05-11 10:00:00,2809.126364143048
2030-05-11 11:00:00,2942.9061081433756
2030-05-11 12:00:00,2704.1266331600855
2030-05-11 13:00:00,2229.5003754350546
2030-05-11 14:00:00,1682.069477346708
2030-05-11 15:00:00,773.6632194293073
2030-05-11 16:00:00,55.926612037751305
2030-05-11 17:00:00,0.010002661252278975
2030-05-11 18:00:00,0.00807382983012104
2030-05-11 19:00:00,0.00805622766695723
2030-05-11 20:00:00,0.007977761726041466
2030-05-11 21:00:00,0.00827294620084867
2030-05-11 22:00:00,0.008197842878692758
2030-05-11 23:00:00,0.008336241346844617
2030-05-12 00:00:00,0.008672902475313922
2030-05-12 01:00:00,0.008389596043799866
2030-05-12 02:00:00,0.008179574623254216
2030-05-12 03:00:00,0.007931932628675805
2030-05-12 04:00:00,0.007963351604052427
2030-05-12 05:00:00,0.008401018770264416
2030-05-12 06:00:00,35.405322760846765
2030-05-12 07:00:00,613.6460464284047
2030-05-12 08:00:00,1586.4446093117765
2030-05-12 09:00:00,2332.587405501208
2030-05-12 10:00:00,2808.6563732241243
2030-05-12 11:00:00,2910.728692253791
2030-05-12 12:00:00,2658.992715912635
2030-05-12 13:00:00,2080.4832749595907
2030-05-12 14:00:00,1187.521229777657
2030-05-12 15:00:00,122.09171443943549
2030-05-12 16:00:00,3.870737096490228
2030-05-12 17:00:00,0.00638104806162322
2030-05-12 18:00:00,0.00699739004614911
2030-05-12 19:00:00,0.00656107425529689
2030-05-12 20:00:00,0.006686197590424986
2030-05-12 21:00:00,0.0067484564962127696
2030-05-12 22:00:00,0.0067550861019719435
2030-05-12 23:00:00,0.006860361090948246
2030-05-13 00:00:00,0.006948351161411643
2030-05-13 01:00:00,0.007035513392200127
2030-05-13 02:00:00,0.0070369657721115735
2030-05-13 03:00:00,0.0069582865491028215
2030-05-13 04:00:00,0.006913109123700484
2030-05-13 05:00:00,0.006868187401111151
2030-05-13 06:00:00,0.007789846594268684
2030-05-13 07:00:00,2.3125916955514647
2030-05-13 08:00:00,2.599391576149619
2030-05-13 09:00:00,3.023218779556442
2030-05-13 10:00:00,3.5434407560552508
2030-05-13 11:00:00,3.5142899702705
2030-05-13 12:00:00,3.2778485097060472
2030-05-13 13:00:00,2.815112545273067
2030-05-13 14:00:00,2.5848147644107193
2030-05-13 15:00:00,2.370094084662124
2030-05-13 16:00:00,0.008759302033798705
2030-05-13 17:00:00,0.0074232298298822705
2030-05-13 18:00:00,0.008084605725014307
2030-05-13 19:00:00,0.007459956317756652
2030-05-13 20:00:00,0.007408674404407406
2030-05-13 21:00:00,0.007462123603140419
2030-05-13 22:00:00,0.007771622399574413
2030-05-13 23:00:00,0.00823626501936287
2030-05-14 00:00:00,0.008305254191439604
2030-05-14 01:00:00,0.008611635361370669
2030-05-14 02:00:00,0.008460104446462106
2030-05-14 03:00:00,0.008385470831314815
2030-05-14 04:00:00,0.008417420291596917
2030-05-14 05:00:00,0.00860818643516282
2030-05-14 06:00:00,11.248756286583443
2030-05-14 07:00:00,156.30288514498355
2030-05-14 08:00:00,812.1115364334947
2030-05-14 09:00:00,1390.8828161559463
2030-05-14 10:00:00,1920.7149514913126
2030-05-14 11:00:00,2229.811541496127
2030-05-14 12:00:00,2390.112846343248
2030-05-14 13:00:00,2114.1408864702853
2030-05-14 14:00:00,1593.444512767573
2030-05-14 15:00:00,831.6999396671617
2030-05-14 16:00:00,97.97016443067837
2030-05-14 17:00:00,0.01016392119681914
2030-05-14 18:00:00,0.009338455363475306
2030-05-14 19:00:00,0.009370800081058102
2030-05-14 20:00:00,0.009480422345743587
2030-05-14 21:00:00,0.009696810248068035
2030-05-14 22:00:00,0.009768905127188423
2030-05-14 23:00:00,0.00997455443160493
2030-05-15 00:00:00,0.009602225526283086
2030-05-15 01:00:00,0.00936302795508985
2030-05-15 02:00:00,0.009116777640370628
2030-05-15 03:00:00,0.009266736062029848
2030-05-15 04:00:00,0.009206051417985198
2030-05-15 05:00:00,0.009170377565524968
2030-05-15 06:00:00,105.62451686111083
2030-05-15 07:00:00,828.667690002301
2030-05-15 08:00:00,1560.7568877627127
2030-05-15 09:00:00,879.7298037928346
2030-05-15 10:00:00,764.8496306613606
2030-05-15 11:00:00,937.2198124766519
2030-05-15 12:00:00,825.4962567264006
2030-05-15 13:00:00,1074.4024730192052
2030-05-15 14:00:00,1693.8862975544537
2030-05-15 15:00:00,940.652441500716
2030-05-15 16:00:00,86.14186707749592
2030-05-15 17:00:00,0.008679778470229587
2030-05-15 18:00:00,0.008020472000557588
2030-05-15 19:00:00,0.00774769880246335
2030-05-15 20:00:00,0.007838481579345186
2030-05-15 21:00:00,0.008151416681542524
2030-05-15 22:00:00,0.008312621873594906
2030-05-15 23:00:00,0.008308164684273436
2030-05-16 00:00:00,0.008144376243782657
2030-05-16 01:00:00,0.00807494800361204
2030-05-16 02:00:00,0.008054121272622321
2030-05-16 03:00:00,0.00812344082673408
2030-05-16 04:00:00,0.008109519831061549
2030-05-16 05:00:00,0.008358715678321263
2030-05-16 06:00:00,45.09300979942076
2030-05-16 07:00:00,700.2688294550293
2030-05-16 08:00:00,1530.9424798006298
2030-05-16 09:00:00,2034.4282979425113
2030-05-16 10:00:00,2355.8424099510803
2030-05-16 11:00:00,2458.21018633766
2030-05-16 12:00:00,2260.832641572725
2030-05-16 13:00:00,1811.04730411729
2030-05-16 14:00:00,977.5088079885886
2030-05-16 15:00:00,106.6007119619727
2030-05-16 16:00:00,0.012784460533607246
2030-05-16 17:00:00,0.007799475495836336
2030-05-16 18:00:00,0.0074920229997474715
2030-05-16 19:00:00,0.007655968834175119
2030-05-16 20:00:00,0.007739395704423304
2030-05-16 21:00:00,0.007821470168518882
2030-05-16 22:00:00,0.007974029545603683
2030-05-16 23:00:00,0.00809424236260181
2030-05-17 00:00:00,0.008038200659190028
2030-05-17 01:00:00,0.008201143139381868
2030-05-17 02:00:00,0.008353638806081936
2030-05-17 03:00:00,0.008361605731842373
2030-05-17 04:00:00,0.008343342505077723
2030-05-17 05:00:00,0.008847726637956306
2030-05-17 06:00:00,13.578591881071992
2030-05-17 07:00:00,101.81577391774687
2030-05-17 08:00:00,611.2593859072895
2030-05-17 09:00:00,1028.3774590174437
2030-05-17 10:00:00,1271.1500656739338
2030-05-17 11:00:00,1299.4428570860716
2030-05-17 12:00:00,1263.4487908497797
2030-05-17 13:00:00,868.9605555108474
2030-05-17 14:00:00,367.3629453218954
2030-05-17 15:00:00,52.73877523377659
2030-05-17 16:00:00,8.802344530833745
2030-05-17 17:00:00,0.00913659249566512
2030-05-17 18:00:00,0.008116051438381879
2030-05-17 19:00:00,0.008146197588217668
2030-05-17 20:00:00,0.00810028339756428
2030-05-17 21:00:00,0.00796663687685897
2030-05-17 22:00:00,0.007869813810263119
2030-05-17 23:00:00,0.00770284220260325
2030-05-18 00:00:00,0.007686036459497765
2030-05-18 01:00:00,0.007640375043324444
2030-05-18 02:00:00,0.0076422444033183
2030-05-18 03:00:00,0.007601194314789422
2030-05-18 04:00:00,0.007534332404282348
2030-05-18 05:00:00,0.007681294648247682
2030-05-18 06:00:00,21.01865946757944
2030-05-18 07:00:00,420.03486651991835
2030-05-18 08:00:00,1286.9202389449306
2030-05-18 09:00:00,1920.8657070946606
2030-05-18 10:00:00,2292.288120543804
2030-05-18 11:00:00,2338.0131147555276
2030-05-18 12:00:00,2169.467331325872
2030-05-18 13:00:00,1736.1402976097686
2030-05-18 14:00:00,1131.4394471792543
2030-05-18 15:00:00,177.151859215752
2030-05-18 16:00:00,9.782973486545353
2030-05-18 17:00:00,0.007491829234437943
2030-05-18 18:00:00,0.007293287733485518
2030-05-18 19:00:00,0.007412692189345378
2030-05-18 20:00:00,0.007390473461561269
2030-05-18 21:00:00,0.007432016407735084
2030-05-18 22:00:00,0.007433460739815348
2030-05-18 23:00:00,0.007461955380395713
2030-05-19 00:00:00,0.007622520880693526
2030-05-19 01:00:00,0.007611586622356695
2030-05-19 02:00:00,0.007666820594348567
2030-05-19 03:00:00,0.007683071400459446
2030-05-19 04:00:00,0.0077584198974368895
2030-05-19 05:00:00,0.007969164607833852
2030-05-19 06:00:00,8.321116420152268
2030-05-19 07:00:00,121.31538162681707
2030-05-19 08:00:00,849.9645833378509
2030-05-19 09:00:00,1421.4383438041245
2030-05-19 10:00:00,1707.3402195153435
2030-05-19 11:00:00,1741.121632854858
2030-05-19 12:00:00,1534.6638202373592
2030-05-19 13:00:00,1056.7781538835225
2030-05-19 14:00:00,474.6269746516142
2030-05-19 15:00:00,73.46418229534696
2030-05-19 16:00:00,0.9135090933904704
2030-05-19 17:00:00,0.008591950904563777
2030-05-19 18:00:00,0.008813051086933626
2030-05-19 19:00:00,0.008625219842839933
2030-05-19 20:00:00,0.008992514504722049
2030-05-19 21:00:00,0.009181815691147108
2030-05-19 22:00:00,0.009426063272475063
2030-05-19 23:00:00,0.009281608830626098
2030-05-20 00:00:00,0.009089299235035127
2030-05-20 01:00:00,0.009292408690131735
2030-05-20 02:00:00,0.00926509036566068
2030-05-20 03:00:00,0.00886622137289026
2030-05-20 04:00:00,0.008956614050122404
2030-05-20 05:00:00,0.009346851750971824
2030-05-20 06:00:00,30.31574591153163
2030-05-20 07:00:00,479.25343478004476
2030-05-20 08:00:00,1204.9895270616385
2030-05-20 09:00:00,1721.9622706739992
2030-05-20 10:00:00,2079.607360551988
2030-05-20 11:00:00,2243.7942910727124
2030-05-20 12:00:00,2183.9589926748504
2030-05-20 13:00:00,1847.8772303792493
2030-05-20 14:00:00,1265.8239363057962
2030-05-20 15:00:00,457.0653416941254
2030-05-20 16:00:00,27.53580239048147
2030-05-20 17:00:00,0.009620241364014473
2030-05-20 18:00:00,0.009021169691766077
2030-05-20 19:00:00,0.009483868683319113
2030-05-20 20:00:00,0.009570847744476947
2030-05-20 21:00:00,0.010035235078120645
2030-05-20 22:00:00,0.010256341658021745
2030-05-20 23:00:00,0.010502531387880447
2030-05-21 00:00:00,0.010777036660415457
2030-05-21 01:00:00,0.01037527904823597
2030-05-21 02:00:00,0.010223626138542339
2030-05-21 03:00:00,0.009977980884496968
2030-05-21 04:00:00,0.009563055754424336
2030-05-21 05:00:00,0.009669696759822714
2030-05-21 06:00:00,26.47775577656203
2030-05-21 07:00:00,321.4742772722262
2030-05-21 08:00:00,885.4765620326478
2030-05-21 09:00:00,1303.1489331981595
2030-05-21 10:00:00,1571.382356887798
2030-05-21 11:00:00,1608.699605073857
2030-05-21 12:00:00,1601.6759767516626
2030-05-21 13:00:00,1400.8135797546402
2030-05-21 14:00:00,1004.9221795922449
2030-05-21 15:00:00,355.5914731279104
2030-05-21 16:00:00,21.511416467695344
2030-05-21 17:00:00,0.009818936742166728
2030-05-21 18:00:00,0.009245077380564053
2030-05-21 19:00:00,0.009413489110609713
2030-05-21 20:00:00,0.009664654456065997
2030-05-21 21:00:00,0.010018610249805857
2030-05-21 22:00:00,0.010062188147691005
2030-05-21 23:00:00,0.009885000308993187
2030-05-22 00:00:00,0.008987458543860594
2030-05-22 01:00:00,0.008924254609892733
2030-05-22 02:00:00,0.00883250425150134
2030-05-22 03:00:00,0.008921304651607342
2030-05-22 04:00:00,0.008888999583103257
2030-05-22 05:00:00,0.00915604471756369
2030-05-22 06:00:00,61.71181760891008
2030-05-22 07:00:00,849.5222898447952
2030-05-22 08:00:00,1692.3224195107184
2030-05-22 09:00:00,733.8021617292799
2030-05-22 10:00:00,1195.0121624979247
2030-05-22 11:00:00,1290.1533465901382
2030-05-22 12:00:00,1253.9199217139105
2030-05-22 13:00:00,2320.1909321877106
2030-05-22 14:00:00,1661.5809943783102
2030-05-22 15:00:00,720.988076929029
2030-05-22 16:00:00,26.22248100068873
2030-05-22 17:00:00,0.008401773214618853
2030-05-22 18:00:00,0.007769888612624756
2030-05-22 19:00:00,0.007838183590682762
2030-05-22 20:00:00,0.007902449378245571
2030-05-22 21:00:00,0.0079547862954736
2030-05-22 22:00:00,0.007942426114286916
2030-05-22 23:00:00,0.00798479615071254
2030-05-23 00:00:00,0.007993450850195103
2030-05-23 01:00:00,0.007956140159674286
2030-05-23 02:00:00,0.00796093632157816
2030-05-23 03:00:00,0.007926007915085426
2030-05-23 04:00:00,0.007880551250997134
2030-05-23 05:00:00,0.007768487829391194
2030-05-23 06:00:00,7.017974762117927
2030-05-23 07:00:00,100.65944754220118
2030-05-23 08:00:00,716.447309640395
2030-05-23 09:00:00,1224.9449200365073
2030-05-23 10:00:00,1506.2882717395182
2030-05-23 11:00:00,1519.987986565985
2030-05-23 12:00:00,1471.6781007908817
2030-05-23 13:00:00,1196.6796524511924
2030-05-23 14:00:00,634.5205671280445
2030-05-23 15:00:00,58.92180377433076
2030-05-23 16:00:00,5.5320948135306365
2030-05-23 17:00:00,0.007914576633380088
2030-05-23 18:00:00,0.007694820633419592
2030-05-23 19:00:00,0.007887109654537683
2030-05-23 20:00:00,0.007917178817413906
2030-05-23 21:00:00,0.007954443336497483
2030-05-23 22:00:00,0.007969617003199486
2030-05-23 23:00:00,0.007988065073422663
2030-05-24 00:00:00,0.008081561978239995
2030-05-24 01:00:00,0.008115415023651252
2030-05-24 02:00:00,0.008063579577582292
2030-05-24 03:00:00,0.00795433311445512
2030-05-24 04:00:00,0.00795552646156334
2030-05-24 05:00:00,0.008000936896917981
2030-05-24 06:00:00,21.296904680259352
2030-05-24 07:00:00,452.13062803675814
2030-05-24 08:00:00,1445.0000693567576
2030-05-24 09:00:00,2084.2870982426007
2030-05-24 10:00:00,2451.6064231005707
2030-05-24 11:00:00,2552.573650351911
2030-05-24 12:00:00,2426.7910795150824
2030-05-24 13:00:00,1912.5688861495378
2030-05-24 14:00:00,1136.3408878154753
2030-05-24 15:00:00,196.71044485538462
2030-05-24 16:00:00,8.570425973556963
2030-05-24 17:00:00,0.000792103049837557
2030-05-24 18:00:00,0.0007991478890071866
2030-05-24 19:00:00,0.0008219577563679888
2030-05-24 20:00:00,0.000824840100677757
2030-05-24 21:00:00,0.0008245395713734677
2030-05-24 22:00:00,0.0008252736693887306
2030-05-24 23:00:00,0.0008252210022915024
2030-05-25 00:00:00,0.0008243756328613417
2030-05-25 01:00:00,0.0008235675323964563
2030-05-25 02:00:00,0.000821159972145276
2030-05-25 03:00:00,0.0008142936758350454
2030-05-25 04:00:00,0.0008054156508682546
2030-05-25 05:00:00,0.0007703422328135361
2030-05-25 06:00:00,10.3479739017658
2030-05-25 07:00:00,204.77690610917452
2030-05-25 08:00:00,974.625415622332
2030-05-25 09:00:00,1608.994050563468
2030-05-25 10:00:00,2191.060105417672
2030-05-25 11:00:00,2333.046245572406
2030-05-25 12:00:00,2239.7294930459293
2030-05-25 13:00:00,1851.7650764178836
2030-05-25 14:00:00,1069.257772091626
2030-05-25 15:00:00,189.62901775841098
2030-05-25 16:00:00,18.981866945603564
2030-05-25 17:00:00,0.008723263328897685
2030-05-25 18:00:00,0.008331217181084222
2030-05-25 19:00:00,0.008465930256693151
2030-05-25 20:00:00,0.008538379570548291
2030-05-25 21:00:00,0.008591080510477371
2030-05-25 22:00:00,0.008679700424004897
2030-05-25 23:00:00,0.00870351729563888
2030-05-26 00:00:00,0.009019891769153129
2030-05-26 01:00:00,0.00893488971371785
2030-05-26 02:00:00,0.008779448044659896
2030-05-26 03:00:00,0.008710805847670871
2030-05-26 04:00:00,0.008752872962883273
2030-05-26 05:00:00,0.008752439416756455
2030-05-26 06:00:00,18.514823640139962
2030-05-26 07:00:00,177.10888292463264
2030-05-26 08:00:00,810.0259450825456
2030-05-26 09:00:00,1251.8876463607635
2030-05-26 10:00:00,1475.0562405507014
2030-05-26 11:00:00,1668.804630221585
2030-05-26 12:00:00,1604.4725375841067
2030-05-26 13:00:00,1294.3892553038004
2030-05-26 14:00:00,447.4745601339485
2030-05-26 15:00:00,28.030835095030575
2030-05-26 16:00:00,0.0009122381866277416
2030-05-26 17:00:00,0.0008357335557617842
2030-05-26 18:00:00,0.000852498023952198
2030-05-26 19:00:00,0.0008654195047370585
2030-05-26 20:00:00,0.0008654471622947889
2030-05-26 21:00:00,0.0008612924162645743
2030-05-26 22:00:00,0.0008607552166650535
2030-05-26 23:00:00,0.0008597660798129483
2030-05-27 00:00:00,0.0008560276413164974
2030-05-27 01:00:00,0.0008547157951925028
2030-05-27 02:00:00,0.0008537133009921061
2030-05-27 03:00:00,0.0008488750501070544
2030-05-27 04:00:00,0.0008422726399976122
2030-05-27 05:00:00,0.0008144289631762775
2030-05-27 06:00:00,0.000997706567407309
2030-05-27 07:00:00,39.68897688207078
2030-05-27 08:00:00,367.4097418923342
2030-05-27 09:00:00,852.8759860205254
2030-05-27 10:00:00,1202.1156922359098
2030-05-27 11:00:00,1369.9061715129367
2030-05-27 12:00:00,1395.9816964773388
2030-05-27 13:00:00,1077.2075705204302
2030-05-27 14:00:00,494.2840504286613
2030-05-27 15:00:00,44.954492564696025
2030-05-27 16:00:00,3.1943199959067385
2030-05-27 17:00:00,0.008042715091445976
2030-05-27 18:00:00,0.007815661213294061
2030-05-27 19:00:00,0.007947718123868444
2030-05-27 20:00:00,0.007924021614291876
2030-05-27 21:00:00,0.007895052518831783
2030-05-27 22:00:00,0.008027128984949037
2030-05-27 23:00:00,0.008164799685564486
2030-05-28 00:00:00,0.008439589508981868
2030-05-28 01:00:00,0.00864239862077179
2030-05-28 02:00:00,0.008585936456225582
2030-05-28 03:00:00,0.008689417051297195
2030-05-28 04:00:00,0.008704343448447248
2030-05-28 05:00:00,0.009528094391367417
2030-05-28 06:00:00,19.068003034690154
2030-05-28 07:00:00,419.2944055914807
2030-05-28 08:00:00,1414.043422228236
2030-05-28 09:00:00,2181.335447938781
2030-05-28 10:00:00,2689.1585411788333
2030-05-28 11:00:00,2707.480456526745
2030-05-28 12:00:00,2498.0879486263493
2030-05-28 13:00:00,2064.527345000916
2030-05-28 14:00:00,1507.0364554225428
2030-05-28 15:00:00,779.8584860288737
2030-05-28 16:00:00,44.576889863736085
2030-05-28 17:00:00,0.010372416643891894
2030-05-28 18:00:00,0.009220794784798064
2030-05-28 19:00:00,0.009690070240178724
2030-05-28 20:00:00,0.010135513692735245
2030-05-28 21:00:00,0.009914773244262477
2030-05-28 22:00:00,0.009875014125391556
2030-05-28 23:00:00,0.009786802926295883
2030-05-29 00:00:00,0.009963325331085853
2030-05-29 01:00:00,0.010049122805302863
2030-05-29 02:00:00,0.009831352188209986
2030-05-29 03:00:00,0.009790361428368184
2030-05-29 04:00:00,0.009678072374755283
2030-05-29 05:00:00,0.009637923919509022
2030-05-29 06:00:00,30.42904279904624
2030-05-29 07:00:00,474.1331131648609
2030-05-29 08:00:00,1220.3521794092185
2030-05-29 09:00:00,1915.2937259293665
2030-05-29 10:00:00,2350.921230983132
2030-05-29 11:00:00,2292.741811746757
2030-05-29 12:00:00,2426.390994025203
2030-05-29 13:00:00,2122.3003151411185
2030-05-29 14:00:00,1636.4778962683931
2030-05-29 15:00:00,763.9888820932249
2030-05-29 16:00:00,61.71873876711457
2030-05-29 17:00:00,0.011719377313561501
2030-05-29 18:00:00,0.00862645402509065
2030-05-29 19:00:00,0.00843781591602011
2030-05-29 20:00:00,0.008386790727930154
2030-05-29 21:00:00,0.008412179589487189
2030-05-29 22:00:00,0.008248310154780673
2030-05-29 23:00:00,0.008368990261111308
2030-05-30 00:00:00,0.008455026138975037
2030-05-30 01:00:00,0.00842185868499844
2030-05-30 02:00:00,0.008409987783380287
2030-05-30 03:00:00,0.008402721789145874
2030-05-30 04:00:00,0.00837127342653498
2030-05-30 05:00:00,0.008763598163746908
2030-05-30 06:00:00,33.282735016768406
2030-05-30 07:00:00,537.5836435970256
2030-05-30 08:00:00,1444.23126211175
2030-05-30 09:00:00,2105.869034718588
2030-05-30 10:00:00,2398.90533167626
2030-05-30 11:00:00,2531.1238794511046
2030-05-30 12:00:00,2548.3803878684407
2030-05-30 13:00:00,2081.356109865885
2030-05-30 14:00:00,1294.1944437266932
2030-05-30 15:00:00,186.24687467949985
2030-05-30 16:00:00,8.006814248768384
2030-05-30 17:00:00,0.0008312092439745076
2030-05-30 18:00:00,0.0008108345904834397
2030-05-30 19:00:00,0.0008348684765494189
2030-05-30 20:00:00,0.0008445697957620823
2030-05-30 21:00:00,0.0008526401761781431
2030-05-30 22:00:00,0.000857201113187253
2030-05-30 23:00:00,0.0008639443303501255
2030-05-31 00:00:00,0.0008727603224279465
2030-05-31 01:00:00,0.0008778008099645297
2030-05-31 02:00:00,0.0008799939386986407
2030-05-31 03:00:00,0.00087448710546258
2030-05-31 04:00:00,0.0008692088776464988
2030-05-31 05:00:00,0.0008683388186333434
2030-05-31 06:00:00,3.9565767678277286
2030-05-31 07:00:00,47.76960223384397
2030-05-31 08:00:00,374.1664619090098
2030-05-31 09:00:00,685.7286767551557
2030-05-31 10:00:00,849.6083856892054
2030-05-31 11:00:00,991.2408260574077
2030-05-31 12:00:00,841.7718867602422
2030-05-31 13:00:00,460.7152611134588
2030-05-31 14:00:00,99.46838089826592
2030-05-31 15:00:00,20.203895283036907
2030-05-31 16:00:00,0.000942121760029885
2030-05-31 17:00:00,0.0008664004749208121
2030-05-31 18:00:00,0.0008684432100040661
2030-05-31 19:00:00,0.0008863866079378082
2030-05-31 20:00:00,0.0008875243083727567
2030-05-31 21:00:00,0.0008875912597573843
2030-05-31 22:00:00,0.000885603584996311
2030-05-31 23:00:00,0.000886076261922179
2030-06-01 00:00:00,0.0008823464824333324
2030-06-01 01:00:00,0.0008831907632610143
2030-06-01 02:00:00,0.0008815603091427283
2030-06-01 03:00:00,0.0008760901887597229
2030-06-01 04:00:00,0.0008760819257649592
2030-06-01 05:00:00,0.0008512851942315933
2030-06-01 06:00:00,13.042733683511475
2030-06-01 07:00:00,260.44101909240334
2030-06-01 08:00:00,1144.6853304245715
2030-06-01 09:00:00,1844.5721603023944
2030-06-01 10:00:00,2190.2003053492576
2030-06-01 11:00:00,2271.3805930945723
2030-06-01 12:00:00,2178.596892976711
2030-06-01 13:00:00,1603.422934777142
2030-06-01 14:00:00,790.8968234822214
2030-06-01 15:00:00,69.35154296994418
2030-06-01 16:00:00,4.426237453048729
2030-06-01 17:00:00,0.0008463005979185724
2030-06-01 18:00:00,0.0008535364082235113
2030-06-01 19:00:00,0.0008746859741939149
2030-06-01 20:00:00,0.0008750173644777582
2030-06-01 21:00:00,0.00087200423858095
2030-06-01 22:00:00,0.000869674631462676
2030-06-01 23:00:00,0.0008653373440374118
2030-06-02 00:00:00,0.000861250795290805
2030-06-02 01:00:00,0.0008605735653769694
2030-06-02 02:00:00,0.0008567677905696777
2030-06-02 03:00:00,0.0008476297953561259
2030-06-02 04:00:00,0.0008374475103910758
2030-06-02 05:00:00,0.0008002063266138832
2030-06-02 06:00:00,3.595352340944025
2030-06-02 07:00:00,69.5266803027917
2030-06-02 08:00:00,625.3323375852576
2030-06-02 09:00:00,1123.2108367166434
2030-06-02 10:00:00,1443.0822780906171
2030-06-02 11:00:00,1522.6527203114215
2030-06-02 12:00:00,1356.2106304191689
2030-06-02 13:00:00,894.860214584416
2030-06-02 14:00:00,376.0690236496155
2030-06-02 15:00:00,54.60722645975163
2030-06-02 16:00:00,3.2724040357358537
2030-06-02 17:00:00,0.009189598991434945
2030-06-02 18:00:00,0.00850363835388034
2030-06-02 19:00:00,0.008776049130467293
2030-06-02 20:00:00,0.008759115204012286
2030-06-02 21:00:00,0.008857503750197957
2030-06-02 22:00:00,0.00885700605680723
2030-06-02 23:00:00,0.008874795371896307
2030-06-03 00:00:00,0.009129282969141974
2030-06-03 01:00:00,0.009170332029760834
2030-06-03 02:00:00,0.008810443983326595
2030-06-03 03:00:00,0.008528204315834375
2030-06-03 04:00:00,0.008283721372809973
2030-06-03 05:00:00,0.00856247013955837
2030-06-03 06:00:00,24.571091664738784
2030-06-03 07:00:00,416.5062042115372
2030-06-03 08:00:00,1312.7143929026622
2030-06-03 09:00:00,1928.4327894473486
2030-06-03 10:00:00,2288.766183382994
2030-06-03 11:00:00,2515.803360660419
2030-06-03 12:00:00,2527.6563462117983
2030-06-03 13:00:00,2251.603839398741
2030-06-03 14:00:00,1684.6643517976931
2030-06-03 15:00:00,726.3027561965439
2030-06-03 16:00:00,50.78368798934992
2030-06-03 17:00:00,0.009665748540072214
2030-06-03 18:00:00,0.007779443364933997
2030-06-03 19:00:00,0.008177221327620329
2030-06-03 20:00:00,0.008053421877608912
2030-06-03 21:00:00,0.00831291869668238
2030-06-03 22:00:00,0.00896540556138467
2030-06-03 23:00:00,0.009246641864517471
2030-06-04 00:00:00,0.008957174313651624
2030-06-04 01:00:00,0.00919272743774251
2030-06-04 02:00:00,0.00917853403010075
2030-06-04 03:00:00,0.009491016334842686
2030-06-04 04:00:00,0.009675229301576192
2030-06-04 05:00:00,0.01067421004531184
2030-06-04 06:00:00,81.61128234199099
2030-06-04 07:00:00,919.5665673639652
2030-06-04 08:00:00,1877.003465249979
2030-06-04 09:00:00,2641.8065865170406
2030-06-04 10:00:00,2997.418906663968
2030-06-04 11:00:00,3103.5523874474056
2030-06-04 12:00:00,3043.8591399969378
2030-06-04 13:00:00,2651.2019419378753
2030-06-04 14:00:00,1836.2629707507515
2030-06-04 15:00:00,803.1452141514684
2030-06-04 16:00:00,66.8442137021507
2030-06-04 17:00:00,0.011360366944650674
2030-06-04 18:00:00,0.008672242168919878
2030-06-04 19:00:00,0.008657237691409685
2030-06-04 20:00:00,0.008726420301965335
2030-06-04 21:00:00,0.008853161321691576
2030-06-04 22:00:00,0.008840591939926428
2030-06-04 23:00:00,0.008795277670892034
2030-06-05 00:00:00,0.008607458101807332
2030-06-05 01:00:00,0.008661201585115736
2030-06-05 02:00:00,0.008680818321106535
2030-06-05 03:00:00,0.008656714489368765
2030-06-05 04:00:00,0.008708863254136423
2030-06-05 05:00:00,0.008591959557638276
2030-06-05 06:00:00,13.785624181541962
2030-06-05 07:00:00,445.09975079476834
2030-06-05 08:00:00,1363.2723107064742
2030-06-05 09:00:00,1981.24617462865
2030-06-05 10:00:00,955.1419989673559
2030-06-05 11:00:00,1137.985019300032
2030-06-05 12:00:00,1433.6351886555917
2030-06-05 13:00:00,2168.6471425152854
2030-06-05 14:00:00,1345.7357637602188
2030-06-05 15:00:00,296.73160432736586
2030-06-05 16:00:00,12.567772859348347
2030-06-05 17:00:00,0.00683633328317153
2030-06-05 18:00:00,0.006463414809635711
2030-06-05 19:00:00,0.0066396230268334746
2030-06-05 20:00:00,0.006646603167364895
2030-06-05 21:00:00,0.0066700202770443445
2030-06-05 22:00:00,0.0066890945565976105
2030-06-05 23:00:00,0.006717781956712243
2030-06-06 00:00:00,0.006858293642669987
2030-06-06 01:00:00,0.006889003965090167
2030-06-06 02:00:00,0.006840929058259777
2030-06-06 03:00:00,0.006825916020492026
2030-06-06 04:00:00,0.006793684548132059
2030-06-06 05:00:00,0.006661194047847119
2030-06-06 06:00:00,0.007848532676664554
2030-06-06 07:00:00,29.936132494786687
2030-06-06 08:00:00,133.8426261334681
2030-06-06 09:00:00,514.2962776792466
2030-06-06 10:00:00,674.7941490531032
2030-06-06 11:00:00,825.6227395375279
2030-06-06 12:00:00,851.1207815042201
2030-06-06 13:00:00,479.16453027842687
2030-06-06 14:00:00,115.15988624839089
2030-06-06 15:00:00,26.56999431144295
2030-06-06 16:00:00,0.0010895212152932355
2030-06-06 17:00:00,0.0009298122891452196
2030-06-06 18:00:00,0.0009261507396823803
2030-06-06 19:00:00,0.0009433729613267291
2030-06-06 20:00:00,0.0009416151640702904
2030-06-06 21:00:00,0.0009416336044676319
2030-06-06 22:00:00,0.0009391725124261837
2030-06-06 23:00:00,0.0009390551233518761
2030-06-07 00:00:00,0.0009365096359644884
2030-06-07 01:00:00,0.0009348919216585596
2030-06-07 02:00:00,0.0009320526624167695
2030-06-07 03:00:00,0.0009280439700933704
2030-06-07 04:00:00,0.0009241937367731207
2030-06-07 05:00:00,0.0009024211960119836
2030-06-07 06:00:00,0.0009947232367488448
2030-06-07 07:00:00,32.48553104030261
2030-06-07 08:00:00,156.6861339347751
2030-06-07 09:00:00,502.23098394251525
2030-06-07 10:00:00,818.1271436110122
2030-06-07 11:00:00,1030.2478954069215
2030-06-07 12:00:00,1032.967277801574
2030-06-07 13:00:00,782.3932841812092
2030-06-07 14:00:00,297.00513630686333
2030-06-07 15:00:00,35.34741191281239
2030-06-07 16:00:00,0.011101693821687582
2030-06-07 17:00:00,0.009060629342906409
2030-06-07 18:00:00,0.008994616333445902
2030-06-07 19:00:00,0.009293107926842225
2030-06-07 20:00:00,0.009281192023606107
2030-06-07 21:00:00,0.009250249115352459
2030-06-07 22:00:00,0.009308413224627075
2030-06-07 23:00:00,0.009358613470760944
2030-06-08 00:00:00,0.009348279210955074
2030-06-08 01:00:00,0.009402390692592189
2030-06-08 02:00:00,0.009330974324051399
2030-06-08 03:00:00,0.009260971635804728
2030-06-08 04:00:00,0.009180042057014936
2030-06-08 05:00:00,0.00911961702085225
2030-06-08 06:00:00,11.04900236386565
2030-06-08 07:00:00,92.34750441329345
2030-06-08 08:00:00,714.8059325038765
2030-06-08 09:00:00,1359.7064703336694
2030-06-08 10:00:00,1691.0085079816668
2030-06-08 11:00:00,1694.9333634311163
2030-06-08 12:00:00,1354.5516833076006
2030-06-08 13:00:00,877.2320428200846
2030-06-08 14:00:00,341.08008857153885
2030-06-08 15:00:00,41.00061929418117
2030-06-08 16:00:00,0.01306552765499164
2030-06-08 17:00:00,0.009277913582821028
2030-06-08 18:00:00,0.00895372587487403
2030-06-08 19:00:00,0.009135250641307215
2030-06-08 20:00:00,0.009139596614246225
2030-06-08 21:00:00,0.009183565714996482
2030-06-08 22:00:00,0.009219052302524695
2030-06-08 23:00:00,0.009346464807114301
2030-06-09 00:00:00,0.009469939449532236
2030-06-09 01:00:00,0.009426850982309515
2030-06-09 02:00:00,0.009416155008678477
2030-06-09 03:00:00,0.009424782138970907
2030-06-09 04:00:00,0.009323496479738349
2030-06-09 05:00:00,0.00926467061903426
2030-06-09 06:00:00,7.432156553992455
2030-06-09 07:00:00,65.44598471369875
2030-06-09 08:00:00,494.9514366748473
2030-06-09 09:00:00,1116.3016024447475
2030-06-09 10:00:00,1490.0990474536425
2030-06-09 11:00:00,1619.5999776156227
2030-06-09 12:00:00,1599.2640323850617
2030-06-09 13:00:00,1344.0725638351664
2030-06-09 14:00:00,835.5957956840476
2030-06-09 15:00:00,88.19925765824024
2030-06-09 16:00:00,6.652640008549201
2030-06-09 17:00:00,0.000917171579075804
2030-06-09 18:00:00,0.0009040440679263601
2030-06-09 19:00:00,0.0009209883696087358
2030-06-09 20:00:00,0.0009231244083143388
2030-06-09 21:00:00,0.000921760669432388
2030-06-09 22:00:00,0.0009213729383628858
2030-06-09 23:00:00,0.0009163111048277322
2030-06-10 00:00:00,0.0009240038925656959
2030-06-10 01:00:00,0.0009220835081556923
2030-06-10 02:00:00,0.0009229400178654116
2030-06-10 03:00:00,0.0009263615506924193
2030-06-10 04:00:00,0.0009246556818133988
2030-06-10 05:00:00,0.0009198883245606793
2030-06-10 06:00:00,9.019894400026448
2030-06-10 07:00:00,85.10018011914644
2030-06-10 08:00:00,640.0848791379594
2030-06-10 09:00:00,1245.5772552563615
2030-06-10 10:00:00,1529.4004000345012
2030-06-10 11:00:00,1548.962310179444
2030-06-10 12:00:00,1232.8607640124446
2030-06-10 13:00:00,721.2637694264366
2030-06-10 14:00:00,305.67897800113803
2030-06-10 15:00:00,65.380888166426
2030-06-10 16:00:00,13.429795980234607
2030-06-10 17:00:00,0.010821558589524298
2030-06-10 18:00:00,0.009500279381140717
2030-06-10 19:00:00,0.009525566969534173
2030-06-10 20:00:00,0.009391614220292003
2030-06-10 21:00:00,0.009517336161857078
2030-06-10 22:00:00,0.009369832813049914
2030-06-10 23:00:00,0.0095167948853323
2030-06-11 00:00:00,0.009739019773400772
2030-06-11 01:00:00,0.009982835926779374
2030-06-11 02:00:00,0.009669500319751305
2030-06-11 03:00:00,0.009675971108370238
2030-06-11 04:00:00,0.009561919092192535
2030-06-11 05:00:00,0.010016918640757384
2030-06-11 06:00:00,15.352833599040187
2030-06-11 07:00:00,176.30865479375436
2030-06-11 08:00:00,889.8230681380853
2030-06-11 09:00:00,1454.9061245157634
2030-06-11 10:00:00,1698.2226364994099
2030-06-11 11:00:00,1807.3120049169318
2030-06-11 12:00:00,1748.5036651591693
2030-06-11 13:00:00,1332.4230977263687
2030-06-11 14:00:00,860.4327576808469
2030-06-11 15:00:00,252.5877279905374
2030-06-11 16:00:00,23.716890527728733
2030-06-11 17:00:00,0.010867765628762946
2030-06-11 18:00:00,0.009348297754109284
2030-06-11 19:00:00,0.009514420233863001
2030-06-11 20:00:00,0.009676022451823434
2030-06-11 21:00:00,0.009741895812468862
2030-06-11 22:00:00,0.009932570900739245
2030-06-11 23:00:00,0.01000785458046177
2030-06-12 00:00:00,0.01030312792044246
2030-06-12 01:00:00,0.010755519651860496
2030-06-12 02:00:00,0.010916406470411727
2030-06-12 03:00:00,0.010688020983879781
2030-06-12 04:00:00,0.010562282554835751
2030-06-12 05:00:00,0.010607623814228827
2030-06-12 06:00:00,32.14716375781545
2030-06-12 07:00:00,414.4361801360208
2030-06-12 08:00:00,1112.649863727958
2030-06-12 09:00:00,1578.962975608205
2030-06-12 10:00:00,1756.6021329553766
2030-06-12 11:00:00,1842.4346917295727
2030-06-12 12:00:00,1711.4454347893973
2030-06-12 13:00:00,1293.6760046201587
2030-06-12 14:00:00,915.7374724539262
2030-06-12 15:00:00,426.2126086621158
2030-06-12 16:00:00,64.50752272107253
2030-06-12 17:00:00,0.011882521447292349
2030-06-12 18:00:00,0.00968081336806915
2030-06-12 19:00:00,0.009354101343224697
2030-06-12 20:00:00,0.009505143967439122
2030-06-12 21:00:00,0.009670472910076364
2030-06-12 22:00:00,0.009859130614142895
2030-06-12 23:00:00,0.010196993153033372
2030-06-13 00:00:00,0.010469963468900098
2030-06-13 01:00:00,0.010474036244230121
2030-06-13 02:00:00,0.010483863754878066
2030-06-13 03:00:00,0.010040452274116072
2030-06-13 04:00:00,0.009483432561085066
2030-06-13 05:00:00,0.009869695693336138
2030-06-13 06:00:00,22.479427589954064
2030-06-13 07:00:00,219.35121197373297
2030-06-13 08:00:00,917.5965697632937
2030-06-13 09:00:00,1558.791140304005
2030-06-13 10:00:00,1945.5065339379457
2030-06-13 11:00:00,2032.4169644695855
2030-06-13 12:00:00,1790.861981996003
2030-06-13 13:00:00,1330.7866333538907
2030-06-13 14:00:00,582.628640484682
2030-06-13 15:00:00,49.77537773303264
2030-06-13 16:00:00,2.7584439810085715
2030-06-13 17:00:00,0.000984512102961521
2030-06-13 18:00:00,0.0009713745294347342
2030-06-13 19:00:00,0.0009924568736574598
2030-06-13 20:00:00,0.000993085664836408
2030-06-13 21:00:00,0.0009947853064177024
2030-06-13 22:00:00,0.0009977608354790422
2030-06-13 23:00:00,0.0009983848328754704
2030-06-14 00:00:00,0.0009985683544876576
2030-06-14 01:00:00,0.001001767518801679
2030-06-14 02:00:00,0.001006251942075089
2030-06-14 03:00:00,0.0010067894592281396
2030-06-14 04:00:00,0.0010085049552883787
2030-06-14 05:00:00,0.0009964623598642227
2030-06-14 06:00:00,0.0010635251683422697
2030-06-14 07:00:00,9.379104626989822
2030-06-14 08:00:00,15.93486347184823
2030-06-14 09:00:00,22.876797416071938
2030-06-14 10:00:00,111.87157357534527
2030-06-14 11:00:00,287.31662920409156
2030-06-14 12:00:00,228.97351215012165
2030-06-14 13:00:00,50.418830469494644
2030-06-14 14:00:00,16.162220686714832
2030-06-14 15:00:00,7.98143180933512
2030-06-14 16:00:00,0.001097608473548591
2030-06-14 17:00:00,0.0010313242124015065
2030-06-14 18:00:00,0.001024158126827697
2030-06-14 19:00:00,0.0010370506331801915
2030-06-14 20:00:00,0.0010352652582706558
2030-06-14 21:00:00,0.0010364731200574438
2030-06-14 22:00:00,0.0010325889333005077
2030-06-14 23:00:00,0.001026496114113858
2030-06-15 00:00:00,0.0010285569396139198
2030-06-15 01:00:00,0.0010269613581156284
2030-06-15 02:00:00,0.0010258885511951095
2030-06-15 03:00:00,0.001028253292879481
2030-06-15 04:00:00,0.0010308734018168897
2030-06-15 05:00:00,0.001021754497138415
2030-06-15 06:00:00,0.0011102196046305912
2030-06-15 07:00:00,13.304430585050495
2030-06-15 08:00:00,31.673718822215637
2030-06-15 09:00:00,52.9851719945047
2030-06-15 10:00:00,116.12049325090756
2030-06-15 11:00:00,138.04851534796694
2030-06-15 12:00:00,80.39456918060132
2030-06-15 13:00:00,45.44993156883113
2030-06-15 14:00:00,32.44511576428713
2030-06-15 15:00:00,20.397559761792515
2030-06-15 16:00:00,0.013727781643950667
2030-06-15 17:00:00,0.011455881103520858
2030-06-15 18:00:00,0.010729677797534549
2030-06-15 19:00:00,0.010678815246125238
2030-06-15 20:00:00,0.010535567542314741
2030-06-15 21:00:00,0.010560393291013603
2030-06-15 22:00:00,0.010831987205849275
2030-06-15 23:00:00,0.011310032391047076
2030-06-16 00:00:00,0.011918946353566289
2030-06-16 01:00:00,0.012152098546638426
2030-06-16 02:00:00,0.012439582651411357
2030-06-16 03:00:00,0.012163150134817374
2030-06-16 04:00:00,0.012014390908229594
2030-06-16 05:00:00,0.012170432464862387
2030-06-16 06:00:00,26.15102894613113
2030-06-16 07:00:00,207.32958207997717
2030-06-16 08:00:00,928.1908757971944
2030-06-16 09:00:00,1603.9450308556827
2030-06-16 10:00:00,1977.4833896716018
2030-06-16 11:00:00,2144.0140906046245
2030-06-16 12:00:00,2060.993934404605
2030-06-16 13:00:00,1616.3224864904005
2030-06-16 14:00:00,957.1157139039317
2030-06-16 15:00:00,229.08469851840476
2030-06-16 16:00:00,27.514994504789012
2030-06-16 17:00:00,0.011696490234679825
2030-06-16 18:00:00,0.009618529981633749
2030-06-16 19:00:00,0.009415814780050297
2030-06-16 20:00:00,0.009752848189853615
2030-06-16 21:00:00,0.010024199366959228
2030-06-16 22:00:00,0.010071932912872016
2030-06-16 23:00:00,0.010403007332079776
2030-06-17 00:00:00,0.010989450316969624
2030-06-17 01:00:00,0.010979801696538952
2030-06-17 02:00:00,0.010886277714016995
2030-06-17 03:00:00,0.010441515731540764
2030-06-17 04:00:00,0.009884017434353038
2030-06-17 05:00:00,0.010400732243200228
2030-06-17 06:00:00,29.17748082010434
2030-06-17 07:00:00,214.27682604836627
2030-06-17 08:00:00,911.351567652445
2030-06-17 09:00:00,1512.7615228468114
2030-06-17 10:00:00,1925.3636150039908
2030-06-17 11:00:00,2153.873037663212
2030-06-17 12:00:00,2103.2420360989613
2030-06-17 13:00:00,1793.5562146182974
2030-06-17 14:00:00,1287.0437400315473
2030-06-17 15:00:00,337.8322434790136
2030-06-17 16:00:00,38.31145150777907
2030-06-17 17:00:00,0.011726642278011016
2030-06-17 18:00:00,0.009166745176463013
2030-06-17 19:00:00,0.009204737185185628
2030-06-17 20:00:00,0.0094283535858765
2030-06-17 21:00:00,0.009536284924195159
2030-06-17 22:00:00,0.009595364567102081
2030-06-17 23:00:00,0.009373121440884832
2030-06-18 00:00:00,0.009658147729469171
2030-06-18 01:00:00,0.009731081846622728
2030-06-18 02:00:00,0.009893765648525316
2030-06-18 03:00:00,0.0098641784109705
2030-06-18 04:00:00,0.00987208336249393
2030-06-18 05:00:00,0.010614614078069297
2030-06-18 06:00:00,23.925091352875665
2030-06-18 07:00:00,91.92027024703363
2030-06-18 08:00:00,473.18502376645876
2030-06-18 09:00:00,1027.3501659413537
2030-06-18 10:00:00,1147.676913004135
2030-06-18 11:00:00,1092.966910955839
2030-06-18 12:00:00,930.6718904173939
2030-06-18 13:00:00,578.2424946212124
2030-06-18 14:00:00,137.92308248980618
2030-06-18 15:00:00,44.99344793561253
2030-06-18 16:00:00,5.170230717160983
2030-06-18 17:00:00,0.010805730130976628
2030-06-18 18:00:00,0.009919782503572632
2030-06-18 19:00:00,0.010088613554888028
2030-06-18 20:00:00,0.010072448600378031
2030-06-18 21:00:00,0.010308608584717459
2030-06-18 22:00:00,0.01038147860049609
2030-06-18 23:00:00,0.010235736856477086
2030-06-19 00:00:00,0.009974236296716605
2030-06-19 01:00:00,0.010127940191819838
2030-06-19 02:00:00,0.010239458893272917
2030-06-19 03:00:00,0.010270968840827725
2030-06-19 04:00:00,0.010405865604571091
2030-06-19 05:00:00,0.01103693443311541
2030-06-19 06:00:00,17.282528251378878
2030-06-19 07:00:00,70.35330354560824
2030-06-19 08:00:00,550.9313911567749
2030-06-19 09:00:00,1208.620992153408
2030-06-19 10:00:00,1549.416095668543
2030-06-19 11:00:00,1635.6618365484069
2030-06-19 12:00:00,1524.2936471489759
2030-06-19 13:00:00,1097.2674416033453
2030-06-19 14:00:00,479.0660511556718
2030-06-19 15:00:00,56.72239771427153
2030-06-19 16:00:00,13.634621667773512
2030-06-19 17:00:00,0.001100092597031853
2030-06-19 18:00:00,0.0010380234956647672
2030-06-19 19:00:00,0.001049853869024406
2030-06-19 20:00:00,0.001049532596912021
2030-06-19 21:00:00,0.0010498303084239358
2030-06-19 22:00:00,0.0010508025592318945
2030-06-19 23:00:00,0.0010483580702493659
2030-06-20 00:00:00,0.0010436335628525972
2030-06-20 01:00:00,0.0010458405698725642
2030-06-20 02:00:00,0.0010453863482931844
2030-06-20 03:00:00,0.0010497284958833773
2030-06-20 04:00:00,0.0010491864260804358
2030-06-20 05:00:00,0.001037578911931016
2030-06-20 06:00:00,0.001129622605622427
2030-06-20 07:00:00,9.545231628397149
2030-06-20 08:00:00,14.654012763377265
2030-06-20 09:00:00,18.452908995687622
2030-06-20 10:00:00,26.05530093180997
2030-06-20 11:00:00,45.61580049811333
2030-06-20 12:00:00,165.78240792590037
2030-06-20 13:00:00,35.05180723490094
2030-06-20 14:00:00,17.321177509627407
2030-06-20 15:00:00,11.542551122525555
2030-06-20 16:00:00,0.0012268551739900168
2030-06-20 17:00:00,0.0011193524274425493
2030-06-20 18:00:00,0.0011070529888957993
2030-06-20 19:00:00,0.0011187237737925373
2030-06-20 20:00:00,0.0011148667232152086
2030-06-20 21:00:00,0.0011083831909418406
2030-06-20 22:00:00,0.0011015611358631268
2030-06-20 23:00:00,0.0010979150065971637
2030-06-21 00:00:00,0.0010883030018533828
2030-06-21 01:00:00,0.0010914210974743402
2030-06-21 02:00:00,0.00109177517790937
2030-06-21 03:00:00,0.0010903261735618192
2030-06-21 04:00:00,0.0010877710328203538
2030-06-21 05:00:00,0.0010782015376910822
2030-06-21 06:00:00,0.001172879135803738
2030-06-21 07:00:00,6.823334321551243
2030-06-21 08:00:00,8.997364071041261
2030-06-21 09:00:00,11.775237233217467
2030-06-21 10:00:00,28.179344535836375
2030-06-21 11:00:00,106.78357322251172
2030-06-21 12:00:00,69.46772247451956
2030-06-21 13:00:00,13.490648456297356
2030-06-21 14:00:00,9.238450732232337
2030-06-21 15:00:00,6.642686577256362
2030-06-21 16:00:00,0.001335142325932794
2030-06-21 17:00:00,0.001162932089375374
2030-06-21 18:00:00,0.001133605259716962
2030-06-21 19:00:00,0.0011361157185266824
2030-06-21 20:00:00,0.0011321688658438094
2030-06-21 21:00:00,0.0011348024004795292
2030-06-21 22:00:00,0.001124469034217437
2030-06-21 23:00:00,0.0011205477746946317
2030-06-22 00:00:00,0.0011309256463856124
2030-06-22 01:00:00,0.0011298578569475832
2030-06-22 02:00:00,0.0011277781483032534
2030-06-22 03:00:00,0.001123275626833037
2030-06-22 04:00:00,0.0011115392090418643
2030-06-22 05:00:00,0.001115219272148453
2030-06-22 06:00:00,0.5658700707746298
2030-06-22 07:00:00,3.961422934190831
2030-06-22 08:00:00,4.814404739396003
2030-06-22 09:00:00,6.8634782182289715
2030-06-22 10:00:00,9.201987927402122
2030-06-22 11:00:00,12.661755535258795
2030-06-22 12:00:00,9.34452977919278
2030-06-22 13:00:00,5.33499714626791
2030-06-22 14:00:00,4.306612400125625
2030-06-22 15:00:00,1.4163894079736021
2030-06-22 16:00:00,0.0002515668838564848
2030-06-22 17:00:00,0.00023636902529435247
2030-06-22 18:00:00,0.0002332306637767628
2030-06-22 19:00:00,0.00023424007537492584
2030-06-22 20:00:00,0.00023209683506044939
2030-06-22 21:00:00,0.00023175628927321439
2030-06-22 22:00:00,0.00022982407493429878
2030-06-22 23:00:00,0.00022942482083916044
2030-06-23 00:00:00,0.00022806268293749802
2030-06-23 01:00:00,0.00022812450253038364
2030-06-23 02:00:00,0.00022900111693242378
2030-06-23 03:00:00,0.000229313209358803
2030-06-23 04:00:00,0.00022993547707905358
2030-06-23 05:00:00,0.0002275730759402211
2030-06-23 06:00:00,0.0002368702625015035
2030-06-23 07:00:00,0.00027138226732296284
2030-06-23 08:00:00,0.0003551625016110848
2030-06-23 09:00:00,0.0006031670193021515
2030-06-23 10:00:00,0.000666701162240595
2030-06-23 11:00:00,0.0006326828616148514
2030-06-23 12:00:00,0.000637715222323389
2030-06-23 13:00:00,0.000668471221024752
2030-06-23 14:00:00,0.0004802633919592414
2030-06-23 15:00:00,0.0003114622845404721
2030-06-23 16:00:00,0.0002567531208621019
2030-06-23 17:00:00,0.00024298051780771474
2030-06-23 18:00:00,0.00023889469727404253
2030-06-23 19:00:00,0.00023949140432444685
2030-06-23 20:00:00,0.00023864863515408321
2030-06-23 21:00:00,0.00023751437139739955
2030-06-23 22:00:00,0.00023711508791704155
2030-06-23 23:00:00,0.00023657682997289063
2030-06-24 00:00:00,0.00023428954901045612
2030-06-24 01:00:00,0.00023384254695097822
2030-06-24 02:00:00,0.0002338690140115828
2030-06-24 03:00:00,0.00023422336100898796
2030-06-24 04:00:00,0.00023502292667240365
2030-06-24 05:00:00,0.00023277472608685884
2030-06-24 06:00:00,0.0002483599024136806
2030-06-24 07:00:00,0.0004856510135690613
2030-06-24 08:00:00,0.0005975722586563971
2030-06-24 09:00:00,0.0009098268040153374
2030-06-24 10:00:00,0.001577043219939569
2030-06-24 11:00:00,66.81794564773107
2030-06-24 12:00:00,199.83868033031712
2030-06-24 13:00:00,0.0016730454971227468
2030-06-24 14:00:00,0.0007855888743075671
2030-06-24 15:00:00,0.0006728958424178897
2030-06-24 16:00:00,0.0002639243664842715
2030-06-24 17:00:00,0.0002370569560862715
2030-06-24 18:00:00,0.00023132950282722092
2030-06-24 19:00:00,0.00023245572341028172
2030-06-24 20:00:00,0.00023117011472416452
2030-06-24 21:00:00,0.0002296621827443683
2030-06-24 22:00:00,0.0002282777022960276
2030-06-24 23:00:00,0.00022687235778443183
2030-06-25 00:00:00,0.00022557683279208297
2030-06-25 01:00:00,0.00022495269020287613
2030-06-25 02:00:00,0.00022457171397023942
2030-06-25 03:00:00,0.00022514227681325193
2030-06-25 04:00:00,0.00022507106354214743
2030-06-25 05:00:00,0.00022207491437710835
2030-06-25 06:00:00,0.00039398138782278046
2030-06-25 07:00:00,10.947358941747478
2030-06-25 08:00:00,36.95955182140697
2030-06-25 09:00:00,211.2275061793932
2030-06-25 10:00:00,633.8488446011481
2030-06-25 11:00:00,868.4581994944335
2030-06-25 12:00:00,833.0062704523391
2030-06-25 13:00:00,484.4171220118074
2030-06-25 14:00:00,47.14262028418123
2030-06-25 15:00:00,17.56358259931683
2030-06-25 16:00:00,0.0002605410061297158
2030-06-25 17:00:00,0.00022917945556509258
2030-06-25 18:00:00,0.00022425462830479948
2030-06-25 19:00:00,0.00022574179382327828
2030-06-25 20:00:00,0.00022504681271563002
2030-06-25 21:00:00,0.00022520081547267043
2030-06-25 22:00:00,0.0002240728335516871
2030-06-25 23:00:00,0.00022273747836364327
2030-06-26 00:00:00,0.00022157262989321334
2030-06-26 01:00:00,0.00022122841697248986
2030-06-26 02:00:00,0.0002213996268673439
2030-06-26 03:00:00,0.00022164278550344926
2030-06-26 04:00:00,0.00022150321125137494
2030-06-26 05:00:00,0.00021850783171615472
2030-06-26 06:00:00,0.00023279568523190512
2030-06-26 07:00:00,8.71329311517979
2030-06-26 08:00:00,24.941128135081854
2030-06-26 09:00:00,250.39271156611716
2030-06-26 10:00:00,710.5887809551676
2030-06-26 11:00:00,850.0949898100029
2030-06-26 12:00:00,726.3266881425369
2030-06-26 13:00:00,340.8565023419893
2030-06-26 14:00:00,24.63276696724336
2030-06-26 15:00:00,5.486249462771827
2030-06-26 16:00:00,0.0002467768558787095
2030-06-26 17:00:00,0.00022984527861104467
2030-06-26 18:00:00,0.0002271848372017524
2030-06-26 19:00:00,0.00022973042817362217
2030-06-26 20:00:00,0.0002296666485517975
2030-06-26 21:00:00,0.00022937357210689964
2030-06-26 22:00:00,0.00022917469237198758
2030-06-26 23:00:00,0.00022839025397562815
2030-06-27 00:00:00,0.00022884111352366115
2030-06-27 01:00:00,0.00022883183846822265
2030-06-27 02:00:00,0.0002292439240397806
2030-06-27 03:00:00,0.0002310242026558844
2030-06-27 04:00:00,0.00023307379235989532
2030-06-27 05:00:00,0.0002333261018543821
2030-06-27 06:00:00,0.0002565982642097282
2030-06-27 07:00:00,0.0005979232560421806
2030-06-27 08:00:00,0.0008941434364477157
2030-06-27 09:00:00,0.0014518509423096628
2030-06-27 10:00:00,0.001813634573814507
2030-06-27 11:00:00,0.0021533830393621143
2030-06-27 12:00:00,0.0018804352948723689
2030-06-27 13:00:00,0.0013803713294515765
2030-06-27 14:00:00,0.0009467134994788133
2030-06-27 15:00:00,0.0009300070197814066
2030-06-27 16:00:00,0.0003281295765308341
2030-06-27 17:00:00,0.00026243770558409123
2030-06-27 18:00:00,0.0002520203010390083
2030-06-27 19:00:00,0.0002518210544603929
2030-06-27 20:00:00,0.00024918097828895055
2030-06-27 21:00:00,0.00025122059367732634
2030-06-27 22:00:00,0.00025314243755308197
2030-06-27 23:00:00,0.00025639123555467626
2030-06-28 00:00:00,0.0002627017826088012
2030-06-28 01:00:00,0.00026429321371232884
2030-06-28 02:00:00,0.0002677980915126271
2030-06-28 03:00:00,0.0002630346130696382
2030-06-28 04:00:00,0.00026264894229533246
2030-06-28 05:00:00,0.00026589563022754955
2030-06-28 06:00:00,0.0005000646244871595
2030-06-28 07:00:00,0.0006182399851060137
2030-06-28 08:00:00,0.000997141158283108
2030-06-28 09:00:00,0.0014088979284759644
2030-06-28 10:00:00,0.0017998262295388198
2030-06-28 11:00:00,0.0015728972683332278
2030-06-28 12:00:00,13.672769046339315
2030-06-28 13:00:00,0.0018812709198024807
2030-06-28 14:00:00,0.0010460490811774314
2030-06-28 15:00:00,0.0007958842833295563
2030-06-28 16:00:00,0.00031517914439867017
2030-06-28 17:00:00,0.00024690854762785675
2030-06-28 18:00:00,0.00023806864702383444
2030-06-28 19:00:00,0.00023826769546808244
2030-06-28 20:00:00,0.00023531318449439655
2030-06-28 21:00:00,0.0002353095649228146
2030-06-28 22:00:00,0.00023520230483712706
2030-06-28 23:00:00,0.00023630926835848548
2030-06-29 00:00:00,0.00023446541218113083
2030-06-29 01:00:00,0.0002353278462395054
2030-06-29 02:00:00,0.00023616648245404444
2030-06-29 03:00:00,0.00023992750069774108
2030-06-29 04:00:00,0.00024371390328441054
2030-06-29 05:00:00,0.0002464282432526453
2030-06-29 06:00:00,0.00028127897935857377
2030-06-29 07:00:00,0.0006076189823685554
2030-06-29 08:00:00,0.0007691689043036508
2030-06-29 09:00:00,0.001167902468124598
2030-06-29 10:00:00,0.001972819674630538
2030-06-29 11:00:00,0.0082411886004295
2030-06-29 12:00:00,129.11079778697652
2030-06-29 13:00:00,0.0024000860668082933
2030-06-29 14:00:00,0.0013070603022331273
2030-06-29 15:00:00,0.0007847036616688619
2030-06-29 16:00:00,0.00038237088636809273
2030-06-29 17:00:00,0.0002597022502130929
2030-06-29 18:00:00,0.00024491959294118196
2030-06-29 19:00:00,0.00024451056346649945
2030-06-29 20:00:00,0.00024178164606871447
2030-06-29 21:00:00,0.00023974763028240765
2030-06-29 22:00:00,0.0002389290799197747
2030-06-29 23:00:00,0.00023870750192172592
2030-06-30 00:00:00,0.00023783001842138
2030-06-30 01:00:00,0.00023889489025389124
2030-06-30 02:00:00,0.00023971922960602178
2030-06-30 03:00:00,0.00024175474948001606
2030-06-30 04:00:00,0.000243905187666656
2030-06-30 05:00:00,0.00024526185485133065
2030-06-30 06:00:00,0.00026882495784650553
2030-06-30 07:00:00,0.00039964826474666985
2030-06-30 08:00:00,0.0006880640400133177
2030-06-30 09:00:00,0.0007560259232955198
2030-06-30 10:00:00,0.0010415020775911372
2030-06-30 11:00:00,0.0011872819487337982
2030-06-30 12:00:00,0.0018694430077063782
2030-06-30 13:00:00,0.0010754097438008942
2030-06-30 14:00:00,0.0007507967392963139
2030-06-30 15:00:00,0.000776587647642294
2030-06-30 16:00:00,0.00030662349146228895
2030-06-30 17:00:00,0.0002611616731402538
2030-06-30 18:00:00,0.00025347778773661346
2030-06-30 19:00:00,0.0002510684230230025
2030-06-30 20:00:00,0.0002515306192554497
2030-06-30 21:00:00,0.0002488399977637736
2030-06-30 22:00:00,0.00024837069108223607
2030-06-30 23:00:00,0.0002486991283096691
2030-07-01 00:00:00,0.0002508746951996817
2030-07-01 01:00:00,0.0002536302514658451
2030-07-01 02:00:00,0.00025673736453521185
2030-07-01 03:00:00,0.000257070846547418
2030-07-01 04:00:00,0.0002605511838761353
2030-07-01 05:00:00,0.0002624021869536973
2030-07-01 06:00:00,0.00031192343745902867
2030-07-01 07:00:00,0.0004952520815515076
2030-07-01 08:00:00,0.0007348683857184888
2030-07-01 09:00:00,0.0006768495583869062
2030-07-01 10:00:00,0.000801493904984083
2030-07-01 11:00:00,0.0010821706927535112
2030-07-01 12:00:00,0.0009816204931288098
2030-07-01 13:00:00,0.0007884092804631251
2030-07-01 14:00:00,0.0006982989585263377
2030-07-01 15:00:00,0.0008439152340624213
2030-07-01 16:00:00,0.0004439390970382245
2030-07-01 17:00:00,0.00029204769088595357
2030-07-01 18:00:00,0.00026802185896135285
2030-07-01 19:00:00,0.00026684502939622833
2030-07-01 20:00:00,0.00025972311757105495
2030-07-01 21:00:00,0.00025737906107977987
2030-07-01 22:00:00,0.0002576730528722651
2030-07-01 23:00:00,0.0002563805004094367
2030-07-02 00:00:00,0.0002541509911939817
2030-07-02 01:00:00,0.0002536587128285124
2030-07-02 02:00:00,0.00025222174313680346
2030-07-02 03:00:00,0.00025190982976530164
2030-07-02 04:00:00,0.00025208274863382197
2030-07-02 05:00:00,0.000253047139937165
2030-07-02 06:00:00,0.00030808586528005647
2030-07-02 07:00:00,0.000605088862499881
2030-07-02 08:00:00,0.001030040921855851
2030-07-02 09:00:00,0.0018208477000765692
2030-07-02 10:00:00,61.093255693392315
2030-07-02 11:00:00,105.25346099154272
2030-07-02 12:00:00,0.0014426917691565467
2030-07-02 13:00:00,0.0015077502043449442
2030-07-02 14:00:00,0.0012052585451257107
2030-07-02 15:00:00,0.0007265409744062008
2030-07-02 16:00:00,0.0003569120242217332
2030-07-02 17:00:00,0.00025925296035912834
2030-07-02 18:00:00,0.00024253746354936694
2030-07-02 19:00:00,0.0002427396519685326
2030-07-02 20:00:00,0.0002411296851540363
2030-07-02 21:00:00,0.00023999975929570397
2030-07-02 22:00:00,0.00023899798293511263
2030-07-02 23:00:00,0.000238378035003975
2030-07-03 00:00:00,0.00023666223756507837
2030-07-03 01:00:00,0.00023462875710702905
2030-07-03 02:00:00,0.0002328332281064796
2030-07-03 03:00:00,0.0002321232290598811
2030-07-03 04:00:00,0.0002310382666634418
2030-07-03 05:00:00,0.00022968455275622086
2030-07-03 06:00:00,0.0004339683260462282
2030-07-03 07:00:00,12.424012146274524
2030-07-03 08:00:00,36.80517807932737
2030-07-03 09:00:00,169.64448485224744
2030-07-03 10:00:00,583.7162137446097
2030-07-03 11:00:00,750.0827941642201
2030-07-03 12:00:00,578.4732890538609
2030-07-03 13:00:00,219.61645475174623
2030-07-03 14:00:00,36.9383453805343
2030-07-03 15:00:00,11.731402623537486
2030-07-03 16:00:00,0.000469410168075837
2030-07-03 17:00:00,0.0002456662888246726
2030-07-03 18:00:00,0.00023580013578492376
2030-07-03 19:00:00,0.00023835032284446762
2030-07-03 20:00:00,0.00023862323646842577
2030-07-03 21:00:00,0.00024013850891563523
2030-07-03 22:00:00,0.00024067809846454606
2030-07-03 23:00:00,0.00024206676922590783
2030-07-04 00:00:00,0.00024639982273371407
2030-07-04 01:00:00,0.00024799887216359566
2030-07-04 02:00:00,0.0002503389280566386
2030-07-04 03:00:00,0.0002533882662587415
2030-07-04 04:00:00,0.0002581067082018735
2030-07-04 05:00:00,0.00025954676341899126
2030-07-04 06:00:00,0.0002888287535780193
2030-07-04 07:00:00,0.00038039558258191913
2030-07-04 08:00:00,0.0005579866872684689
2030-07-04 09:00:00,0.0007270968145831093
2030-07-04 10:00:00,0.000957457383106723
2030-07-04 11:00:00,0.0009843005254024867
2030-07-04 12:00:00,0.0009967286964786817
2030-07-04 13:00:00,0.0008296149228245759
2030-07-04 14:00:00,0.0006732647779396713
2030-07-04 15:00:00,0.0004276179635482112
2030-07-04 16:00:00,0.0002932638399365401
2030-07-04 17:00:00,0.00026333421329451687
2030-07-04 18:00:00,0.0002588906271696357
2030-07-04 19:00:00,0.00025946641064915923
2030-07-04 20:00:00,0.0002579119217098731
2030-07-04 21:00:00,0.00025459880067560387
2030-07-04 22:00:00,0.00025255825824192963
2030-07-04 23:00:00,0.0002514797185457542
2030-07-05 00:00:00,0.000250610467359573
2030-07-05 01:00:00,0.00025438442629066826
2030-07-05 02:00:00,0.0002559422053624754
2030-07-05 03:00:00,0.0002603609251737726
2030-07-05 04:00:00,0.00026448417921243314
2030-07-05 05:00:00,0.0002688522014149495
2030-07-05 06:00:00,0.0003230920371998415
2030-07-05 07:00:00,0.000524262540817334
2030-07-05 08:00:00,0.0007237186704664902
2030-07-05 09:00:00,0.0009694846916427273
2030-07-05 10:00:00,0.0008357261016023586
2030-07-05 11:00:00,0.0007754635449186821
2030-07-05 12:00:00,0.0008915433957863341
2030-07-05 13:00:00,0.0008085420940653115
2030-07-05 14:00:00,0.0006148047966464525
2030-07-05 15:00:00,0.0003838781623038858
2030-07-05 16:00:00,0.0002899864346769031
2030-07-05 17:00:00,0.00026450603419128583
2030-07-05 18:00:00,0.00026114378671283494
2030-07-05 19:00:00,0.00026189869274176135
2030-07-05 20:00:00,0.00026116124389715143
2030-07-05 21:00:00,0.0002620851588334925
2030-07-05 22:00:00,0.0002647156705728453
2030-07-05 23:00:00,0.0002671796244720465
2030-07-06 00:00:00,0.00029568192215812563
2030-07-06 01:00:00,0.0002919603752054325
2030-07-06 02:00:00,0.0003028076521878169
2030-07-06 03:00:00,0.00030911544505869226
2030-07-06 04:00:00,0.00029715883938178587
2030-07-06 05:00:00,0.0002900833604913776
2030-07-06 06:00:00,0.000326105949736396
2030-07-06 07:00:00,0.00043963790512064607
2030-07-06 08:00:00,0.0006931264280088668
2030-07-06 09:00:00,0.0008400696720676778
2030-07-06 10:00:00,0.0012502493346201354
2030-07-06 11:00:00,0.0017092393875055448
2030-07-06 12:00:00,0.0012610946141837819
2030-07-06 13:00:00,0.0008676595104745503
2030-07-06 14:00:00,0.0007215330270003318
2030-07-06 15:00:00,0.00046251627690862955
2030-07-06 16:00:00,0.00029871553527744093
2030-07-06 17:00:00,0.00025232042261235223
2030-07-06 18:00:00,0.0002411213477307756
2030-07-06 19:00:00,0.00024234414564486034
2030-07-06 20:00:00,0.0002410888364049333
2030-07-06 21:00:00,0.0002428773335535247
2030-07-06 22:00:00,0.0002445554509037397
2030-07-06 23:00:00,0.00024491105364185105
2030-07-07 00:00:00,0.0002484752642710625
2030-07-07 01:00:00,0.00024985510694107676
2030-07-07 02:00:00,0.000251892473456275
2030-07-07 03:00:00,0.0002575130567889452
2030-07-07 04:00:00,0.00025555125065514846
2030-07-07 05:00:00,0.0002537485121476424
2030-07-07 06:00:00,0.0004778699343270229
2030-07-07 07:00:00,0.0006454742951791737
2030-07-07 08:00:00,0.0009467271066492337
2030-07-07 09:00:00,0.0003380259997486881
2030-07-07 10:00:00,0.0015763346123965683
2030-07-07 11:00:00,329.8158853716649
2030-07-07 12:00:00,409.1227847661941
2030-07-07 13:00:00,43.42741384660426
2030-07-07 14:00:00,0.00034949567893185514
2030-07-07 15:00:00,0.0007657982751876111
2030-07-07 16:00:00,0.0004995027646532285
2030-07-07 17:00:00,0.0004212452279541516
2030-07-07 18:00:00,0.0003841286760094207
2030-07-07 19:00:00,0.00038707002457840544
2030-07-07 20:00:00,0.0003941925094419911
2030-07-07 21:00:00,0.0003972087338457555
2030-07-07 22:00:00,0.0003982345574561922
2030-07-07 23:00:00,0.00040086378245990796
2030-07-08 00:00:00,0.0003950113468925778
2030-07-08 01:00:00,0.0004001897992600787
2030-07-08 02:00:00,0.0003936551830344615
2030-07-08 03:00:00,0.0003902366863361093
2030-07-08 04:00:00,0.0003898996470383961
2030-07-08 05:00:00,0.0003943847995055061
2030-07-08 06:00:00,0.0004562356033560053
2030-07-08 07:00:00,0.0005729634056189178
2030-07-08 08:00:00,0.0007788399613645938
2030-07-08 09:00:00,0.0005448636708506989
2030-07-08 10:00:00,8.037237400647805e-05
2030-07-08 11:00:00,0.0002434640432297327
2030-07-08 12:00:00,0.0005238692210830912
2030-07-08 13:00:00,0.0007433536626439386
2030-07-08 14:00:00,0.000759902030111004
2030-07-08 15:00:00,0.0005747997387905073
2030-07-08 16:00:00,0.0002778610127013572
2030-07-08 17:00:00,0.00023299905059159546
2030-07-08 18:00:00,0.00022473662039080162
2030-07-08 19:00:00,0.00022607302304760723
2030-07-08 20:00:00,0.00022607930450664658
2030-07-08 21:00:00,0.00022645226316073225
2030-07-08 22:00:00,0.00022621362875869134
2030-07-08 23:00:00,0.00022564951383519368
2030-07-09 00:00:00,0.0002238929574772895
2030-07-09 01:00:00,0.0002226057889113521
2030-07-09 02:00:00,0.00022228978005516995
2030-07-09 03:00:00,0.00022130684864508343
2030-07-09 04:00:00,0.00022041908163627163
2030-07-09 05:00:00,0.00021985186819590153
2030-07-09 06:00:00,0.0003960135310666938
2030-07-09 07:00:00,0.00048468252832786025
2030-07-09 08:00:00,0.0006468165440499635
2030-07-09 09:00:00,0.0008020421572085517
2030-07-09 10:00:00,0.0005357483734704481
2030-07-09 11:00:00,0.0014095807089033424
2030-07-09 12:00:00,0.0010068727182271364
2030-07-09 13:00:00,0.0008208569474835996
2030-07-09 14:00:00,0.0007980452280223271
2030-07-09 15:00:00,0.0005628317829107218
2030-07-09 16:00:00,0.0002620590299802741
2030-07-09 17:00:00,0.0002241147393196408
2030-07-09 18:00:00,0.00021854099523458786
2030-07-09 19:00:00,0.000221980526836266
2030-07-09 20:00:00,0.0002221035466410349
2030-07-09 21:00:00,0.0002216961963296671
2030-07-09 22:00:00,0.0002207798079279105
2030-07-09 23:00:00,0.0002207898424982212
2030-07-10 00:00:00,0.00021906214179586437
2030-07-10 01:00:00,0.0002187829345176727
2030-07-10 02:00:00,0.0002188554989116648
2030-07-10 03:00:00,0.00021870278473092567
2030-07-10 04:00:00,0.00021786392378878527
2030-07-10 05:00:00,0.00021779582527486587
2030-07-10 06:00:00,0.00042312513476906185
2030-07-10 07:00:00,22.706850875996782
2030-07-10 08:00:00,152.99152873120107
2030-07-10 09:00:00,791.4262165964018
2030-07-10 10:00:00,1186.0903330864342
2030-07-10 11:00:00,1454.510418797286
2030-07-10 12:00:00,1400.2431981687685
2030-07-10 13:00:00,1002.7070355537043
2030-07-10 14:00:00,358.70488056073174
2030-07-10 15:00:00,35.14798889204172
2030-07-10 16:00:00,0.0004687396129166565
2030-07-10 17:00:00,0.00022938658377567642
2030-07-10 18:00:00,0.00022373499915154612
2030-07-10 19:00:00,0.0002261186815357319
2030-07-10 20:00:00,0.0002264012037755561
2030-07-10 21:00:00,0.00022672859364501386
2030-07-10 22:00:00,0.000226400117019702
2030-07-10 23:00:00,0.000226334291012549
2030-07-11 00:00:00,0.00022582639566444458
2030-07-11 01:00:00,0.00022591474836796343
2030-07-11 02:00:00,0.0002256862509902949
2030-07-11 03:00:00,0.00022612031238278323
2030-07-11 04:00:00,0.00022665713844382456
2030-07-11 05:00:00,0.00022480420752418536
2030-07-11 06:00:00,0.0002395345455952325
2030-07-11 07:00:00,0.0004949606004627752
2030-07-11 08:00:00,0.0006385347358785372
2030-07-11 09:00:00,0.0012947841732603173
2030-07-11 10:00:00,184.3585583825339
2030-07-11 11:00:00,400.2311072344186
2030-07-11 12:00:00,360.6206296967163
2030-07-11 13:00:00,0.0015749251461037153
2030-07-11 14:00:00,0.0007202919696216096
2030-07-11 15:00:00,0.0006845265789323935
2030-07-11 16:00:00,0.00026906908652505533
2030-07-11 17:00:00,0.00024390282761223688
2030-07-11 18:00:00,0.00023797320142629073
2030-07-11 19:00:00,0.00023835420121509935
2030-07-11 20:00:00,0.00023712084977573904
2030-07-11 21:00:00,0.00023724741967621088
2030-07-11 22:00:00,0.00023709650666203278
2030-07-11 23:00:00,0.00023614887290764297
2030-07-12 00:00:00,0.00023670045931474632
2030-07-12 01:00:00,0.00023663721513649644
2030-07-12 02:00:00,0.0002374512447475457
2030-07-12 03:00:00,0.00023802936365713284
2030-07-12 04:00:00,0.00023946648169898083
2030-07-12 05:00:00,0.00023797991546432049
2030-07-12 06:00:00,0.0002546709905782969
2030-07-12 07:00:00,0.0005868255696007748
2030-07-12 08:00:00,0.0008451299744649484
2030-07-12 09:00:00,0.001453119178594422
2030-07-12 10:00:00,0.0017928874086672083
2030-07-12 11:00:00,39.10594559206413
2030-07-12 12:00:00,104.64768242179343
2030-07-12 13:00:00,0.0015910599224645608
2030-07-12 14:00:00,0.00091140954417695
2030-07-12 15:00:00,0.0005966101916034378
2030-07-12 16:00:00,0.0002671205328034511
2030-07-12 17:00:00,0.0002501020098081489
2030-07-12 18:00:00,0.0002470731783266633
2030-07-12 19:00:00,0.00024811432507615617
2030-07-12 20:00:00,0.00024755756368655753
2030-07-12 21:00:00,0.00024677615227761265
2030-07-12 22:00:00,0.0002463720613056166
2030-07-12 23:00:00,0.00024608988744534183
2030-07-13 00:00:00,0.00024654679915092333
2030-07-13 01:00:00,0.00024691656099026403
2030-07-13 02:00:00,0.00024795348404181556
2030-07-13 03:00:00,0.0002491483621520799
2030-07-13 04:00:00,0.00025138997765603726
2030-07-13 05:00:00,0.0002512060735048745
2030-07-13 06:00:00,0.00026688330642499734
2030-07-13 07:00:00,0.0005755042241458485
2030-07-13 08:00:00,0.0009540378868732411
2030-07-13 09:00:00,0.0014880806497370397
2030-07-13 10:00:00,54.50661019705155
2030-07-13 11:00:00,150.16177453184545
2030-07-13 12:00:00,0.0023083842134003427
2030-07-13 13:00:00,0.001213318252298973
2030-07-13 14:00:00,0.0011229332758964181
2030-07-13 15:00:00,0.0005320501079344605
2030-07-13 16:00:00,0.00026475429220515457
2030-07-13 17:00:00,0.0002510576215990437
2030-07-13 18:00:00,0.0002480372831187027
2030-07-13 19:00:00,0.0002498316383169821
2030-07-13 20:00:00,0.0002487680605027152
2030-07-13 21:00:00,0.00024816306565813667
2030-07-13 22:00:00,0.000248201285755096
2030-07-13 23:00:00,0.0002466730894762014
2030-07-14 00:00:00,0.00024684645118392963
2030-07-14 01:00:00,0.00024616923092973884
2030-07-14 02:00:00,0.00024652430214158484
2030-07-14 03:00:00,0.0002470747214742467
2030-07-14 04:00:00,0.00024791976924136845
2030-07-14 05:00:00,0.0002449795382778885
2030-07-14 06:00:00,0.00025311893031583683
2030-07-14 07:00:00,0.0002918073297079246
2030-07-14 08:00:00,0.0004219428701516344
2030-07-14 09:00:00,0.0007693166697645462
2030-07-14 10:00:00,0.0009945070871590087
2030-07-14 11:00:00,0.0008595765910762163
2030-07-14 12:00:00,0.0007542774611996989
2030-07-14 13:00:00,0.001030541052609592
2030-07-14 14:00:00,0.0007734367960113009
2030-07-14 15:00:00,0.0003467429540248881
2030-07-14 16:00:00,0.00026544295145706646
2030-07-14 17:00:00,0.00025272528039612876
2030-07-14 18:00:00,0.00024965072175741406
2030-07-14 19:00:00,0.00025096170520170835
2030-07-14 20:00:00,0.0002501670240893917
2030-07-14 21:00:00,0.00024928483407462063
2030-07-14 22:00:00,0.0002488702948093009
2030-07-14 23:00:00,0.0002483253092740543
2030-07-15 00:00:00,0.0002476580679381307
2030-07-15 01:00:00,0.0002469656218250351
2030-07-15 02:00:00,0.0002474348636691952
2030-07-15 03:00:00,0.00024823613842790595
2030-07-15 04:00:00,0.00024980669076508797
2030-07-15 05:00:00,0.000246939592738229
2030-07-15 06:00:00,0.00025602971113099357
2030-07-15 07:00:00,0.00046311877722945624
2030-07-15 08:00:00,0.0006870921297874632
2030-07-15 09:00:00,0.0012073700379390613
2030-07-15 10:00:00,0.0010135786316003768
2030-07-15 11:00:00,0.0013633320480791946
2030-07-15 12:00:00,0.001615237019134851
2030-07-15 13:00:00,0.001357799237386551
2030-07-15 14:00:00,0.0010923001713737759
2030-07-15 15:00:00,0.0009427243853213161
2030-07-15 16:00:00,0.0002954650257442628
2030-07-15 17:00:00,0.00026121526047148203
2030-07-15 18:00:00,0.0002554337546423485
2030-07-15 19:00:00,0.0002562103149389715
2030-07-15 20:00:00,0.00025505864202297895
2030-07-15 21:00:00,0.0002534072730298886
2030-07-15 22:00:00,0.00025189495272162713
2030-07-15 23:00:00,0.00025000956735875106
2030-07-16 00:00:00,0.00024763963328440963
2030-07-16 01:00:00,0.0002456638809709443
2030-07-16 02:00:00,0.0002435285635173737
2030-07-16 03:00:00,0.00024254971655573703
2030-07-16 04:00:00,0.00024161864114178002
2030-07-16 05:00:00,0.00023698644014555627
2030-07-16 06:00:00,0.00025153803678959854
2030-07-16 07:00:00,6.6547709030227225
2030-07-16 08:00:00,17.17850300386699
2030-07-16 09:00:00,115.31880479570634
2030-07-16 10:00:00,356.53074422717543
2030-07-16 11:00:00,452.6555853200341
2030-07-16 12:00:00,372.1502204631963
2030-07-16 13:00:00,35.87582760158161
2030-07-16 14:00:00,15.832135209663113
2030-07-16 15:00:00,5.664016075058301
2030-07-16 16:00:00,0.00044763657333542586
2030-07-16 17:00:00,0.0002275078412410232
2030-07-16 18:00:00,0.00022421532156131462
2030-07-16 19:00:00,0.00022681834288444528
2030-07-16 20:00:00,0.00022597561458540986
2030-07-16 21:00:00,0.00022527924754535856
2030-07-16 22:00:00,0.0002248339507927318
2030-07-16 23:00:00,0.00022466367947444896
2030-07-17 00:00:00,0.00022644951059671827
2030-07-17 01:00:00,0.00022607932510277233
2030-07-17 02:00:00,0.00022595972999753786
2030-07-17 03:00:00,0.0002253017503369333
2030-07-17 04:00:00,0.00022544031452054604
2030-07-17 05:00:00,0.0002227425286701774
2030-07-17 06:00:00,0.0004291403807186515
2030-07-17 07:00:00,19.50565403689664
2030-07-17 08:00:00,110.03786098851269
2030-07-17 09:00:00,571.5745481438797
2030-07-17 10:00:00,1058.8092977321464
2030-07-17 11:00:00,1356.4852869749377
2030-07-17 12:00:00,1384.684798972171
2030-07-17 13:00:00,1071.50898735376
2030-07-17 14:00:00,471.2011545299375
2030-07-17 15:00:00,41.08636220285913
2030-07-17 16:00:00,0.0004557318932606975
2030-07-17 17:00:00,0.00023716015875381997
2030-07-17 18:00:00,0.00023279712510174155
2030-07-17 19:00:00,0.00023628101813444135
2030-07-17 20:00:00,0.00023743194988626627
2030-07-17 21:00:00,0.00023831133030427024
2030-07-17 22:00:00,0.00023892384137592904
2030-07-17 23:00:00,0.0002396872896233363
2030-07-18 00:00:00,0.000240608053684263
2030-07-18 01:00:00,0.00024135044291278215
2030-07-18 02:00:00,0.00024279258208740088
2030-07-18 03:00:00,0.00024408041712866753
2030-07-18 04:00:00,0.0002459583416270241
2030-07-18 05:00:00,0.00024682205529846237
2030-07-18 06:00:00,0.0002638834397377765
2030-07-18 07:00:00,4.306471850475276
2030-07-18 08:00:00,12.907725669787533
2030-07-18 09:00:00,23.73139511576248
2030-07-18 10:00:00,457.57322252735435
2030-07-18 11:00:00,662.9594978995634
2030-07-18 12:00:00,516.4053383960085
2030-07-18 13:00:00,173.09795681393064
2030-07-18 14:00:00,14.243714825373104
2030-07-18 15:00:00,3.4308790062043486
2030-07-18 16:00:00,0.000270334557963596
2030-07-18 17:00:00,0.0002526370134970189
2030-07-18 18:00:00,0.00024911946625043205
2030-07-18 19:00:00,0.0002517335421600977
2030-07-18 20:00:00,0.0002514211978812008
2030-07-18 21:00:00,0.00025066980630165085
2030-07-18 22:00:00,0.00025023681245080556
2030-07-18 23:00:00,0.00024967637725512097
2030-07-19 00:00:00,0.00024994382688026454
2030-07-19 01:00:00,0.0002497285180614613
2030-07-19 02:00:00,0.00025013238759893767
2030-07-19 03:00:00,0.0002508485104311238
2030-07-19 04:00:00,0.0002533480802339452
2030-07-19 05:00:00,0.0002526410601236835
2030-07-19 06:00:00,0.0002642646473006292
2030-07-19 07:00:00,0.0004941671150676467
2030-07-19 08:00:00,0.001083691843852332
2030-07-19 09:00:00,0.0015040882766025466
2030-07-19 10:00:00,0.0018111122745032595
2030-07-19 11:00:00,21.477308618140103
2030-07-19 12:00:00,83.04435927765522
2030-07-19 13:00:00,0.0017278693391435613
2030-07-19 14:00:00,0.0017589340612755122
2030-07-19 15:00:00,0.0007590002788379437
2030-07-19 16:00:00,0.00029957426822813766
2030-07-19 17:00:00,0.0002687192594155727
2030-07-19 18:00:00,0.00026290819360207666
2030-07-19 19:00:00,0.0002642788269860223
2030-07-19 20:00:00,0.0002632251944680008
2030-07-19 21:00:00,0.00026151088886453895
2030-07-19 22:00:00,0.0002610699179171231
2030-07-19 23:00:00,0.00026065068427044425
2030-07-20 00:00:00,0.00026175883765267277
2030-07-20 01:00:00,0.0002616051748499646
2030-07-20 02:00:00,0.000261906059165327
2030-07-20 03:00:00,0.00026289889742040195
2030-07-20 04:00:00,0.0002634926799866408
2030-07-20 05:00:00,0.00026291057981924946
2030-07-20 06:00:00,0.00028287525338419387
2030-07-20 07:00:00,0.0005882284106874916
2030-07-20 08:00:00,20.841065661956318
2030-07-20 09:00:00,33.05330053407411
2030-07-20 10:00:00,413.64263472562334
2030-07-20 11:00:00,656.7332702617763
2030-07-20 12:00:00,730.9120211449126
2030-07-20 13:00:00,475.6036350030587
2030-07-20 14:00:00,25.374306173640328
2030-07-20 15:00:00,12.108549881044729
2030-07-20 16:00:00,0.00030497384599712234
2030-07-20 17:00:00,0.00026880539688377584
2030-07-20 18:00:00,0.0002627711358923833
2030-07-20 19:00:00,0.00026342144664186
2030-07-20 20:00:00,0.0002619973490797384
2030-07-20 21:00:00,0.0002609650173532868
2030-07-20 22:00:00,0.0002601177164907698
2030-07-20 23:00:00,0.0002587096732682007
2030-07-21 00:00:00,0.00025818885111162195
2030-07-21 01:00:00,0.00025814118612248454
2030-07-21 02:00:00,0.0002592319623218826
2030-07-21 03:00:00,0.0002597662221117594
2030-07-21 04:00:00,0.00026134728138796863
2030-07-21 05:00:00,0.0002601091917846229
2030-07-21 06:00:00,0.0002768778127908887
2030-07-21 07:00:00,0.0005758836935554603
2030-07-21 08:00:00,0.0015792820138814383
2030-07-21 09:00:00,0.0016487980156627542
2030-07-21 10:00:00,77.23107829050134
2030-07-21 11:00:00,275.12559231507663
2030-07-21 12:00:00,267.7571889047666
2030-07-21 13:00:00,0.0015189731697071648
2030-07-21 14:00:00,0.002366028076822381
2030-07-21 15:00:00,0.0007663131621066914
2030-07-21 16:00:00,0.0003050579413944295
2030-07-21 17:00:00,0.00027652618300194723
2030-07-21 18:00:00,0.00027023620907566366
2030-07-21 19:00:00,0.000270824334595136
2030-07-21 20:00:00,0.00026864409665490994
2030-07-21 21:00:00,0.000267758600426374
2030-07-21 22:00:00,0.00026728066798253794
2030-07-21 23:00:00,0.0002657104818827723
2030-07-22 00:00:00,0.0002650989271511018
2030-07-22 01:00:00,0.0002652920591287041
2030-07-22 02:00:00,0.00026530489484185806
2030-07-22 03:00:00,0.000265904211283153
2030-07-22 04:00:00,0.0002659111891955361
2030-07-22 05:00:00,0.00026376209347713734
2030-07-22 06:00:00,0.00027857676487978575
2030-07-22 07:00:00,0.0005440770841217413
2030-07-22 08:00:00,0.0012514285906660523
2030-07-22 09:00:00,0.002715005774478361
2030-07-22 10:00:00,0.00176128249062988
2030-07-22 11:00:00,0.000543021552156624
2030-07-22 12:00:00,0.001865642988888088
2030-07-22 13:00:00,0.001714792954865843
2030-07-22 14:00:00,0.0026961628042472285
2030-07-22 15:00:00,0.0008295497238682765
2030-07-22 16:00:00,0.000327301263912689
2030-07-22 17:00:00,0.0002838592550320633
2030-07-22 18:00:00,0.0002766349980163008
2030-07-22 19:00:00,0.0002755265748968652
2030-07-22 20:00:00,0.0002732478796581537
2030-07-22 21:00:00,0.00027196359606317013
2030-07-22 22:00:00,0.0002708088870300129
2030-07-22 23:00:00,0.00027022682924259455
2030-07-23 00:00:00,0.00026844862277071555
2030-07-23 01:00:00,0.00026783699345761443
2030-07-23 02:00:00,0.0002684406690388755
2030-07-23 03:00:00,0.00027043623597748575
2030-07-23 04:00:00,0.0002722234552664131
2030-07-23 05:00:00,0.0002699542299646807
2030-07-23 06:00:00,0.00029142677172872065
2030-07-23 07:00:00,0.0006247976835341994
2030-07-23 08:00:00,0.0014994521061850602
2030-07-23 09:00:00,0.0017397304228475323
2030-07-23 10:00:00,0.002563094995383334
2030-07-23 11:00:00,172.7718119438042
2030-07-23 12:00:00,271.99231600861225
2030-07-23 13:00:00,145.23550663517764
2030-07-23 14:00:00,0.001849725802797502
2030-07-23 15:00:00,0.0014201865415588402
2030-07-23 16:00:00,0.00037101122096274276
2030-07-23 17:00:00,0.0002938983147522719
2030-07-23 18:00:00,0.00027969898060124256
2030-07-23 19:00:00,0.00028007482153690903
2030-07-23 20:00:00,0.0002782035138931357
2030-07-23 21:00:00,0.00027638538965714637
2030-07-23 22:00:00,0.00027500564321388313
2030-07-23 23:00:00,0.00027388783238765
2030-07-24 00:00:00,0.00027257088258425245
2030-07-24 01:00:00,0.00027113078044480976
2030-07-24 02:00:00,0.0002700295660870872
2030-07-24 03:00:00,0.0002704085187231111
2030-07-24 04:00:00,0.0002718949314772917
2030-07-24 05:00:00,0.00027001325943791423
2030-07-24 06:00:00,0.0002906059254387996
2030-07-24 07:00:00,0.0005786024118762145
2030-07-24 08:00:00,30.220776055341883
2030-07-24 09:00:00,65.58317757876097
2030-07-24 10:00:00,424.81797196746476
2030-07-24 11:00:00,699.7392882934001
2030-07-24 12:00:00,627.0052502915082
2030-07-24 13:00:00,307.3643115863631
2030-07-24 14:00:00,40.7485611084853
2030-07-24 15:00:00,19.971862767161454
2030-07-24 16:00:00,0.0005360298470468836
2030-07-24 17:00:00,0.000288220887284607
2030-07-24 18:00:00,0.0002775636898663966
2030-07-24 19:00:00,0.00027829119189539693
2030-07-24 20:00:00,0.00027653625152129064
2030-07-24 21:00:00,0.00027592923941110385
2030-07-24 22:00:00,0.00027563372365695083
2030-07-24 23:00:00,0.0002753127004496476
2030-07-25 00:00:00,0.00027477788155588876
2030-07-25 01:00:00,0.0002748359052930549
2030-07-25 02:00:00,0.00027629589090123996
2030-07-25 03:00:00,0.0002779026446549289
2030-07-25 04:00:00,0.0002796847227853464
2030-07-25 05:00:00,0.00027724326633406135
2030-07-25 06:00:00,0.00030182334137551347
2030-07-25 07:00:00,0.0007397439600352177
2030-07-25 08:00:00,0.0021090736280752064
2030-07-25 09:00:00,0.0023315411420961056
2030-07-25 10:00:00,86.69761777104245
2030-07-25 11:00:00,253.2966363348499
2030-07-25 12:00:00,200.43891203945148
2030-07-25 13:00:00,0.002484138488492304
2030-07-25 14:00:00,0.002864410642950125
2030-07-25 15:00:00,0.0012662765770992549
2030-07-25 16:00:00,0.000373057417496809
2030-07-25 17:00:00,0.00029929043252338784
2030-07-25 18:00:00,0.0002871660040308254
2030-07-25 19:00:00,0.0002877412350139519
2030-07-25 20:00:00,0.0002822336057983708
2030-07-25 21:00:00,0.00027974372062620925
2030-07-25 22:00:00,0.000278191898337738
2030-07-25 23:00:00,0.0002767292078625431
2030-07-26 00:00:00,0.00027395682079482854
2030-07-26 01:00:00,0.0002738219400797729
2030-07-26 02:00:00,0.00027389459995080486
2030-07-26 03:00:00,0.00027536529292954007
2030-07-26 04:00:00,0.00027712955765884075
2030-07-26 05:00:00,0.00027635766761492214
2030-07-26 06:00:00,0.00029674865583659906
2030-07-26 07:00:00,0.0006629694675754304
2030-07-26 08:00:00,0.0020179017313679305
2030-07-26 09:00:00,0.0021273485002061532
2030-07-26 10:00:00,0.0026996773333571858
2030-07-26 11:00:00,0.0035005901079119177
2030-07-26 12:00:00,0.0035288183353734256
2030-07-26 13:00:00,0.002826998160450258
2030-07-26 14:00:00,0.0023326797483580633
2030-07-26 15:00:00,0.0020861534940449793
2030-07-26 16:00:00,0.00046391423834926627
2030-07-26 17:00:00,0.0003248989731675473
2030-07-26 18:00:00,0.0003107258422319236
2030-07-26 19:00:00,0.00031600677896082957
2030-07-26 20:00:00,0.0003154102298228527
2030-07-26 21:00:00,0.0003126107334227256
2030-07-26 22:00:00,0.00031627958342458776
2030-07-26 23:00:00,0.0003193065643702333
2030-07-27 00:00:00,0.0003124858485690107
2030-07-27 01:00:00,0.00031228371521765583
2030-07-27 02:00:00,0.00032119056424926326
2030-07-27 03:00:00,0.0003282296671396346
2030-07-27 04:00:00,0.0003375220036849766
2030-07-27 05:00:00,0.00033088295900847263
2030-07-27 06:00:00,0.0004281180432623383
2030-07-27 07:00:00,0.0014938253967604024
2030-07-27 08:00:00,0.0016441627583872519
2030-07-27 09:00:00,0.0028907961550726446
2030-07-27 10:00:00,0.0021871824406407463
2030-07-27 11:00:00,40.782362276883916
2030-07-27 12:00:00,0.00042488270723182536
2030-07-27 13:00:00,0.003145830392497396
2030-07-27 14:00:00,0.0017932681549054274
2030-07-27 15:00:00,0.0022997608073206904
2030-07-27 16:00:00,0.0005019834331318552
2030-07-27 17:00:00,0.0003328785134967655
2030-07-27 18:00:00,0.00030816300122827277
2030-07-27 19:00:00,0.00030814818142944927
2030-07-27 20:00:00,0.00030538992992377566
2030-07-27 21:00:00,0.00030461301193774617
2030-07-27 22:00:00,0.00030209316977257227
2030-07-27 23:00:00,0.0003024048781920195
2030-07-28 00:00:00,0.00031229674288154734
2030-07-28 01:00:00,0.0003139377175809234
2030-07-28 02:00:00,0.0003214577962813445
2030-07-28 03:00:00,0.0003231530693421765
2030-07-28 04:00:00,0.00032459532644038135
2030-07-28 05:00:00,0.00032171803411283834
2030-07-28 06:00:00,0.00042934842540384753
2030-07-28 07:00:00,0.0014819749998288068
2030-07-28 08:00:00,0.0018425736109137117
2030-07-28 09:00:00,0.0040829471432748685
2030-07-28 10:00:00,0.0004491633142063352
2030-07-28 11:00:00,242.14190614310763
2030-07-28 12:00:00,167.6528641423733
2030-07-28 13:00:00,0.0034835170472236844
2030-07-28 14:00:00,0.002044249323626743
2030-07-28 15:00:00,0.002540402756157006
2030-07-28 16:00:00,0.00045976629290928354
2030-07-28 17:00:00,0.0003117427559729306
2030-07-28 18:00:00,0.00029648006891443417
2030-07-28 19:00:00,0.00029519473175471545
2030-07-28 20:00:00,0.0002902392059409997
2030-07-28 21:00:00,0.0002881682749244006
2030-07-28 22:00:00,0.00028648771885073456
2030-07-28 23:00:00,0.00028467653327476244
2030-07-29 00:00:00,0.0002826513505362506
2030-07-29 01:00:00,0.00028153210914531526
2030-07-29 02:00:00,0.00028232619809453736
2030-07-29 03:00:00,0.0002830614162992592
2030-07-29 04:00:00,0.00028407411006569895
2030-07-29 05:00:00,0.00028029511208911264
2030-07-29 06:00:00,0.00030894040905649035
2030-07-29 07:00:00,0.0007613988073030506
2030-07-29 08:00:00,0.0022935011792249577
2030-07-29 09:00:00,0.001873036185627486
2030-07-29 10:00:00,0.0022578458734052037
2030-07-29 11:00:00,78.88442141704239
2030-07-29 12:00:00,94.17002265508961
2030-07-29 13:00:00,0.0017629860014591742
2030-07-29 14:00:00,0.003067978058407457
2030-07-29 15:00:00,0.0010895386601415499
2030-07-29 16:00:00,0.0003529381245368227
2030-07-29 17:00:00,0.0003013354676702631
2030-07-29 18:00:00,0.0002886400801293545
2030-07-29 19:00:00,0.0002887573191752252
2030-07-29 20:00:00,0.0002840954971347128
2030-07-29 21:00:00,0.00028004864890335344
2030-07-29 22:00:00,0.00027795511025084294
2030-07-29 23:00:00,0.0002767235492131557
2030-07-30 00:00:00,0.0002755135618328673
2030-07-30 01:00:00,0.0002748177489426533
2030-07-30 02:00:00,0.000275437994027844
2030-07-30 03:00:00,0.00027571569074241254
2030-07-30 04:00:00,0.0002774312004247616
2030-07-30 05:00:00,0.0002739198686702238
2030-07-30 06:00:00,0.00029387332788547826
2030-07-30 07:00:00,0.0006249627977475126
2030-07-30 08:00:00,0.0017236616389191492
2030-07-30 09:00:00,0.0021105649216970057
2030-07-30 10:00:00,0.0013552761412326934
2030-07-30 11:00:00,182.96397968169683
2030-07-30 12:00:00,79.32960715657414
2030-07-30 13:00:00,0.001453367202474545
2030-07-30 14:00:00,0.0027937066852958487
2030-07-30 15:00:00,0.0008929246354899956
2030-07-30 16:00:00,0.00033051679240890194
2030-07-30 17:00:00,0.00028877390230178026
2030-07-30 18:00:00,0.0002812541528490566
2030-07-30 19:00:00,0.00028242983064855136
2030-07-30 20:00:00,0.00027963575079194844
2030-07-30 21:00:00,0.000277570968917925
2030-07-30 22:00:00,0.0002763995110362041
2030-07-30 23:00:00,0.00027455735256655953
2030-07-31 00:00:00,0.00027292142410108343
2030-07-31 01:00:00,0.00027198733599835567
2030-07-31 02:00:00,0.00027198950558773616
2030-07-31 03:00:00,0.00027233334247920947
2030-07-31 04:00:00,0.0002745280240049933
2030-07-31 05:00:00,0.00027213599324160036
2030-07-31 06:00:00,0.00029697573597323336
2030-07-31 07:00:00,12.880992402883699
2030-07-31 08:00:00,72.74105716012548
2030-07-31 09:00:00,304.7340945996814
2030-07-31 10:00:00,682.1860639730842
2030-07-31 11:00:00,876.1490048139451
2030-07-31 12:00:00,799.7531868495802
2030-07-31 13:00:00,425.65242808245927
2030-07-31 14:00:00,80.8787844931174
2030-07-31 15:00:00,3.4844591216294645
2030-07-31 16:00:00,0.0003084135792296507
2030-07-31 17:00:00,0.0002839458670974071
2030-07-31 18:00:00,0.0002792166627320753
2030-07-31 19:00:00,0.00028075853164324157
2030-07-31 20:00:00,0.00027687968513102787
2030-07-31 21:00:00,0.0002743548430880695
2030-07-31 22:00:00,0.0002735164118520017
2030-07-31 23:00:00,0.0002710690664817067
2030-08-01 00:00:00,0.00026906431644479155
2030-08-01 01:00:00,0.00026755181382182643
2030-08-01 02:00:00,0.0002674304363952181
2030-08-01 03:00:00,0.00026755689102799847
2030-08-01 04:00:00,0.00026806473178615304
2030-08-01 05:00:00,0.0002647620480262686
2030-08-01 06:00:00,0.00027459067887348673
2030-08-01 07:00:00,0.00035299451691270635
2030-08-01 08:00:00,0.0006672398520170768
2030-08-01 09:00:00,0.0019506494392121038
2030-08-01 10:00:00,0.00635630886706216
2030-08-01 11:00:00,0.004255561674799151
2030-08-01 12:00:00,0.004839179692512992
2030-08-01 13:00:00,0.004026396321904389
2030-08-01 14:00:00,0.001331067039629822
2030-08-01 15:00:00,0.00048502528546174586
2030-08-01 16:00:00,0.0017128942507569863
2030-08-01 17:00:00,0.001442814439488976
2030-08-01 18:00:00,0.0014031163716273743
2030-08-01 19:00:00,0.0014901325632221
2030-08-01 20:00:00,0.001453346248555401
2030-08-01 21:00:00,0.0014305621732716093
2030-08-01 22:00:00,0.0013440267991339922
2030-08-01 23:00:00,0.0013835507203443101
2030-08-02 00:00:00,0.001371463346780244
2030-08-02 01:00:00,0.0013624298131388718
2030-08-02 02:00:00,0.001361285262555004
2030-08-02 03:00:00,0.0013651628823961625
2030-08-02 04:00:00,0.001370372991431364
2030-08-02 05:00:00,0.0012989643875706597
2030-08-02 06:00:00,0.00030057134796002306
2030-08-02 07:00:00,0.000591419122915168
2030-08-02 08:00:00,0.002262364734164551
2030-08-02 09:00:00,0.001292864208673844
2030-08-02 10:00:00,124.04447889221738
2030-08-02 11:00:00,217.945840684354
2030-08-02 12:00:00,86.90419077315921
2030-08-02 13:00:00,0.0007624050281575272
2030-08-02 14:00:00,0.004200729008208546
2030-08-02 15:00:00,0.001142211350158897
2030-08-02 16:00:00,0.0007559443914776853
2030-08-02 17:00:00,0.0005105115191385351
2030-08-02 18:00:00,0.0004693888321317499
2030-08-02 19:00:00,0.0005283220674363919
2030-08-02 20:00:00,0.0005529380175493586
2030-08-02 21:00:00,0.0005363340270072501
2030-08-02 22:00:00,0.0004916922138748121
2030-08-02 23:00:00,0.00048682966819809227
2030-08-03 00:00:00,0.0005123962598448497
2030-08-03 01:00:00,0.0005113645310994293
2030-08-03 02:00:00,0.0005124188152397464
2030-08-03 03:00:00,0.0005187306885753355
2030-08-03 04:00:00,0.0005268924052600671
2030-08-03 05:00:00,0.0005221753267147932
2030-08-03 06:00:00,0.00028643732373043613
2030-08-03 07:00:00,0.0006584058422913117
2030-08-03 08:00:00,0.002407480320792895
2030-08-03 09:00:00,0.0014764161485417574
2030-08-03 10:00:00,197.61131635779086
2030-08-03 11:00:00,398.5486200921645
2030-08-03 12:00:00,314.90744767035244
2030-08-03 13:00:00,0.0013002196910727251
2030-08-03 14:00:00,0.003544053259137168
2030-08-03 15:00:00,0.0011464055943977028
2030-08-03 16:00:00,0.005645647351613304
2030-08-03 17:00:00,3.614475826027866e-05
2030-08-03 18:00:00,3.277103493063682e-05
2030-08-03 19:00:00,3.3951192169349566e-05
2030-08-03 20:00:00,3.35187990610543e-05
2030-08-03 21:00:00,3.285992376998059e-05
2030-08-03 22:00:00,3.069893765007234e-05
2030-08-03 23:00:00,3.0351125378028185e-05
2030-08-04 00:00:00,3.0943674347969695e-05
2030-08-04 01:00:00,3.07214221727744e-05
2030-08-04 02:00:00,3.0456733347746486e-05
2030-08-04 03:00:00,3.0365267263957322e-05
2030-08-04 04:00:00,3.0601703186194115e-05
2030-08-04 05:00:00,2.9815960295423453e-05
2030-08-04 06:00:00,0.00043528673088314167
2030-08-04 07:00:00,0.0005012131672149193
2030-08-04 08:00:00,0.0010353496207908227
2030-08-04 09:00:00,0.0012768985505806892
2030-08-04 10:00:00,168.23268564028348
2030-08-04 11:00:00,363.82336920776794
2030-08-04 12:00:00,328.3257338994165
2030-08-04 13:00:00,0.0006212695506069445
2030-08-04 14:00:00,0.0016596777099782873
2030-08-04 15:00:00,0.0005582660266817143
2030-08-04 16:00:00,0.0002810932765638397
2030-08-04 17:00:00,0.0002628663353873815
2030-08-04 18:00:00,0.00025757451763203695
2030-08-04 19:00:00,0.00025842539740866675
2030-08-04 20:00:00,0.0002562823968017065
2030-08-04 21:00:00,0.0002548076362886726
2030-08-04 22:00:00,0.0002536208368152641
2030-08-04 23:00:00,0.00025254377786723627
2030-08-05 00:00:00,0.0002521313377956849
2030-08-05 01:00:00,0.0002510778305388332
2030-08-05 02:00:00,0.00025009233909365657
2030-08-05 03:00:00,0.0002495500545943929
2030-08-05 04:00:00,0.0002489946875737554
2030-08-05 05:00:00,0.00024485182025070083
2030-08-05 06:00:00,0.0002607305025104955
2030-08-05 07:00:00,0.0005709943754021727
2030-08-05 08:00:00,36.31435414299368
2030-08-05 09:00:00,271.11533748132774
2030-08-05 10:00:00,777.1571964259108
2030-08-05 11:00:00,991.4071968256812
2030-08-05 12:00:00,1024.1910143741075
2030-08-05 13:00:00,674.3512224649793
2030-08-05 14:00:00,86.80110855531679
2030-08-05 15:00:00,24.150688826482547
2030-08-05 16:00:00,0.0005022787387203873
2030-08-05 17:00:00,0.0002751440893289666
2030-08-05 18:00:00,0.0002669552686284181
2030-08-05 19:00:00,0.00026994840454012844
2030-08-05 20:00:00,0.000268459542763985
2030-08-05 21:00:00,0.0002678371316647725
2030-08-05 22:00:00,0.00026750782649677363
2030-08-05 23:00:00,0.0002663532771394857
2030-08-06 00:00:00,0.00026482075861893907
2030-08-06 01:00:00,0.0002641074556522628
2030-08-06 02:00:00,0.00026320184374950637
2030-08-06 03:00:00,0.00026205032374551694
2030-08-06 04:00:00,0.0002623145977368085
2030-08-06 05:00:00,0.00025732015845668534
2030-08-06 06:00:00,0.0002702559085893614
2030-08-06 07:00:00,0.0005384239848784953
2030-08-06 08:00:00,30.020823140341953
2030-08-06 09:00:00,195.33524110354634
2030-08-06 10:00:00,678.7608442151987
2030-08-06 11:00:00,973.6538309658246
2030-08-06 12:00:00,966.907415458821
2030-08-06 13:00:00,648.0123720991656
2030-08-06 14:00:00,120.97702814673578
2030-08-06 15:00:00,21.27641872410716
2030-08-06 16:00:00,0.000523636624570029
2030-08-06 17:00:00,0.00028194167048151603
2030-08-06 18:00:00,0.00026998076368389354
2030-08-06 19:00:00,0.00027287308066421725
2030-08-06 20:00:00,0.0002732553619787674
2030-08-06 21:00:00,0.00027257144475533737
2030-08-06 22:00:00,0.000272306756962962
2030-08-06 23:00:00,0.00027094666325363023
2030-08-07 00:00:00,0.00026807577089752084
2030-08-07 01:00:00,0.00026730052092045645
2030-08-07 02:00:00,0.000267444455322808
2030-08-07 03:00:00,0.0002670611665246105
2030-08-07 04:00:00,0.00026640958810551834
2030-08-07 05:00:00,0.0002633213654927865
2030-08-07 06:00:00,0.0002895795184166168
2030-08-07 07:00:00,3.914786389474652
2030-08-07 08:00:00,18.063848820165457
2030-08-07 09:00:00,94.04426662133054
2030-08-07 10:00:00,410.15845772799344
2030-08-07 11:00:00,512.3184253521567
2030-08-07 12:00:00,492.3514729076543
2030-08-07 13:00:00,202.72202267975004
2030-08-07 14:00:00,23.878664068110094
2030-08-07 15:00:00,8.640533477440071
2030-08-07 16:00:00,0.0006429765034847802
2030-08-07 17:00:00,0.0004376042170839351
2030-08-07 18:00:00,0.00042309887857929363
2030-08-07 19:00:00,0.0004291254480265616
2030-08-07 20:00:00,0.0004321584776805953
2030-08-07 21:00:00,0.0004396006495345921
2030-08-07 22:00:00,0.00044559168974719974
2030-08-07 23:00:00,0.0004527471775480814
2030-08-08 00:00:00,0.00046987422037849004
2030-08-08 01:00:00,0.000478181596811603
2030-08-08 02:00:00,0.0004840535834697396
2030-08-08 03:00:00,0.0004857616991720487
2030-08-08 04:00:00,0.0004906801531862751
2030-08-08 05:00:00,0.0004862811381015057
2030-08-08 06:00:00,0.0006477314263134738
2030-08-08 07:00:00,0.0009731139311369129
2030-08-08 08:00:00,0.0018482199607727334
2030-08-08 09:00:00,0.002264216087144037
2030-08-08 10:00:00,0.006905697649566202
2030-08-08 11:00:00,0.005783300097790302
2030-08-08 12:00:00,0.004550494924609753
2030-08-08 13:00:00,0.0035573726173996883
2030-08-08 14:00:00,0.0016233186170937894
2030-08-08 15:00:00,0.0010162312540947412
2030-08-08 16:00:00,0.0006405294002008223
2030-08-08 17:00:00,0.0003288559517836093
2030-08-08 18:00:00,0.00028989251021320896
2030-08-08 19:00:00,0.00029071836081850623
2030-08-08 20:00:00,0.0002797920649783837
2030-08-08 21:00:00,0.0002738274321997956
2030-08-08 22:00:00,0.0002714120352241784
2030-08-08 23:00:00,0.0002701326405656851
2030-08-09 00:00:00,0.0002701600742835201
2030-08-09 01:00:00,0.00026903885016715194
2030-08-09 02:00:00,0.0002674335975868068
2030-08-09 03:00:00,0.00026799185183902264
2030-08-09 04:00:00,0.00027199609462345294
2030-08-09 05:00:00,0.00027087776640773186
2030-08-09 06:00:00,0.0003453608494078329
2030-08-09 07:00:00,0.0007996708377044435
2030-08-09 08:00:00,0.0014606171460795712
2030-08-09 09:00:00,0.0025674422954660926
2030-08-09 10:00:00,0.0040926051619276
2030-08-09 11:00:00,0.0044678713841700655
2030-08-09 12:00:00,0.0064992421752223485
2030-08-09 13:00:00,0.0035492695857399803
2030-08-09 14:00:00,0.0022867905900374034
2030-08-09 15:00:00,0.0014601826797455153
2030-08-09 16:00:00,0.0006760415541421627
2030-08-09 17:00:00,0.0004276383504884616
2030-08-09 18:00:00,0.00033818763315234305
2030-08-09 19:00:00,0.00033379009381472805
2030-08-09 20:00:00,0.0003257071375571023
2030-08-09 21:00:00,0.00030784913765381127
2030-08-09 22:00:00,0.0003048280299674888
2030-08-09 23:00:00,0.00030727667411741455
2030-08-10 00:00:00,0.00031708872777669057
2030-08-10 01:00:00,0.00032227991017909986
2030-08-10 02:00:00,0.000312800466627222
2030-08-10 03:00:00,0.0003103484927739807
2030-08-10 04:00:00,0.00030411302558736177
2030-08-10 05:00:00,0.0002992462677138864
2030-08-10 06:00:00,0.0003973156024677312
2030-08-10 07:00:00,4.631886332092543
2030-08-10 08:00:00,19.863369809881775
2030-08-10 09:00:00,124.08466489063166
2030-08-10 10:00:00,522.1239271519798
2030-08-10 11:00:00,670.5491025691924
2030-08-10 12:00:00,603.406550319944
2030-08-10 13:00:00,229.20968693029116
2030-08-10 14:00:00,19.969036395475708
2030-08-10 15:00:00,4.963585601626196
2030-08-10 16:00:00,0.0005938745887029906
2030-08-10 17:00:00,0.00029876555435808064
2030-08-10 18:00:00,0.00027203874923495094
2030-08-10 19:00:00,0.00027345256494694603
2030-08-10 20:00:00,0.0002674023636856917
2030-08-10 21:00:00,0.0002658393609951445
2030-08-10 22:00:00,0.00026434474975965954
2030-08-10 23:00:00,0.00026405985859895287
2030-08-11 00:00:00,0.00026323364907754576
2030-08-11 01:00:00,0.00026131100901297544
2030-08-11 02:00:00,0.00025971005616005314
2030-08-11 03:00:00,0.0002595533113178958
2030-08-11 04:00:00,0.0002608976100941531
2030-08-11 05:00:00,0.00025780603882370637
2030-08-11 06:00:00,0.00028397444696451595
2030-08-11 07:00:00,0.000639663116044761
2030-08-11 08:00:00,0.000909046986995957
2030-08-11 09:00:00,0.002244088657322913
2030-08-11 10:00:00,100.09630730528376
2030-08-11 11:00:00,277.6463517174178
2030-08-11 12:00:00,190.2022730983162
2030-08-11 13:00:00,0.0034814429791090334
2030-08-11 14:00:00,0.0010350942894943138
2030-08-11 15:00:00,0.0008760217789870639
2030-08-11 16:00:00,0.0003092433292738038
2030-08-11 17:00:00,0.000269212464950202
2030-08-11 18:00:00,0.0002651280210932544
2030-08-11 19:00:00,0.00026549462196319505
2030-08-11 20:00:00,0.0002659344774312301
2030-08-11 21:00:00,0.0002656558567689885
2030-08-11 22:00:00,0.0002652602182235068
2030-08-11 23:00:00,0.000264646073129988
2030-08-12 00:00:00,0.0002619860023826242
2030-08-12 01:00:00,0.0002624299537478925
2030-08-12 02:00:00,0.00026302219739499387
2030-08-12 03:00:00,0.0002637556305741569
2030-08-12 04:00:00,0.0002645803371689597
2030-08-12 05:00:00,0.00026341094177857575
2030-08-12 06:00:00,0.00028034770555401215
2030-08-12 07:00:00,0.0005502933085552819
2030-08-12 08:00:00,0.0009271161242902963
2030-08-12 09:00:00,0.0014424499146703613
2030-08-12 10:00:00,0.0035236428332932556
2030-08-12 11:00:00,44.705784177260945
2030-08-12 12:00:00,0.003649215960550186
2030-08-12 13:00:00,0.0019559032575550924
2030-08-12 14:00:00,0.0010283999542791775
2030-08-12 15:00:00,0.0007872055688021607
2030-08-12 16:00:00,0.0003159409871135185
2030-08-12 17:00:00,0.00027407664071843723
2030-08-12 18:00:00,0.00026933630744431524
2030-08-12 19:00:00,0.0002704523771719855
2030-08-12 20:00:00,0.0002686390594764518
2030-08-12 21:00:00,0.00026779597850828257
2030-08-12 22:00:00,0.00026742463760386846
2030-08-12 23:00:00,0.0002673149338764583
2030-08-13 00:00:00,0.0002654280302684056
2030-08-13 01:00:00,0.0002633942465700372
2030-08-13 02:00:00,0.00026256929732230945
2030-08-13 03:00:00,0.0002616385646604372
2030-08-13 04:00:00,0.0002622958450395562
2030-08-13 05:00:00,0.00026150241361875133
2030-08-13 06:00:00,0.00028242626657031395
2030-08-13 07:00:00,0.0006225567212357646
2030-08-13 08:00:00,0.0009602968075192587
2030-08-13 09:00:00,0.002110125052382395
2030-08-13 10:00:00,0.004984253139928535
2030-08-13 11:00:00,0.00389660434621024
2030-08-13 12:00:00,0.0043980985727498124
2030-08-13 13:00:00,0.0023422605557220717
2030-08-13 14:00:00,0.0009222034394934553
2030-08-13 15:00:00,0.0006734657413277245
2030-08-13 16:00:00,0.00045624192463575644
2030-08-13 17:00:00,0.00041739589143939017
2030-08-13 18:00:00,0.0004281591556434889
2030-08-13 19:00:00,0.00041669936407194173
2030-08-13 20:00:00,0.00041571058729743254
2030-08-13 21:00:00,0.0004148305808751189
2030-08-13 22:00:00,0.0004137982205685448
2030-08-13 23:00:00,0.00041416739293932654
2030-08-14 00:00:00,0.0004132639624330717
2030-08-14 01:00:00,0.00041434045343982596
2030-08-14 02:00:00,0.00041709054126931735
2030-08-14 03:00:00,0.00041848340505661193
2030-08-14 04:00:00,0.000419173078781299
2030-08-14 05:00:00,0.0004211823506613419
2030-08-14 06:00:00,0.0004677715839312777
2030-08-14 07:00:00,0.0006536562901834714
2030-08-14 08:00:00,0.0012393304210402498
2030-08-14 09:00:00,0.0018165089731860737
2030-08-14 10:00:00,0.0037962103223507645
2030-08-14 11:00:00,36.51669446822151
2030-08-14 12:00:00,0.0036902311233888616
2030-08-14 13:00:00,0.0021352746724842666
2030-08-14 14:00:00,0.0011487053655648912
2030-08-14 15:00:00,0.0007676393495131347
2030-08-14 16:00:00,0.0003293588785192344
2030-08-14 17:00:00,0.00026831302873263027
2030-08-14 18:00:00,0.00026175842991985835
2030-08-14 19:00:00,0.0002629790871670253
2030-08-14 20:00:00,0.0002614556774594284
2030-08-14 21:00:00,0.0002623600483607264
2030-08-14 22:00:00,0.00026251209973750917
2030-08-14 23:00:00,0.0002621502131748884
2030-08-15 00:00:00,0.00026083465919269115
2030-08-15 01:00:00,0.00026025016153490813
2030-08-15 02:00:00,0.0002616394678440307
2030-08-15 03:00:00,0.0002622061104429421
2030-08-15 04:00:00,0.0002623688461062995
2030-08-15 05:00:00,0.0002646411129845593
2030-08-15 06:00:00,0.0002978119345594955
2030-08-15 07:00:00,0.0006579082546951607
2030-08-15 08:00:00,0.0011346182219187035
2030-08-15 09:00:00,0.0017265877272385544
2030-08-15 10:00:00,0.0014517610652767003
2030-08-15 11:00:00,0.0017941800954812668
2030-08-15 12:00:00,0.0015763445379131233
2030-08-15 13:00:00,0.0018400504906750568
2030-08-15 14:00:00,0.0012794215114053861
2030-08-15 15:00:00,0.0007851707094008505
2030-08-15 16:00:00,0.0005211302799480028
2030-08-15 17:00:00,0.0004280502026270229
2030-08-15 18:00:00,0.00042254125869185393
2030-08-15 19:00:00,0.0004298492856234284
2030-08-15 20:00:00,0.00043255655053960735
2030-08-15 21:00:00,0.00044106336493677676
2030-08-15 22:00:00,0.00045107842094792235
2030-08-15 23:00:00,0.00046152751448882924
2030-08-16 00:00:00,0.0004896224293173238
2030-08-16 01:00:00,0.0005142543119181098
2030-08-16 02:00:00,0.0005105875352177291
2030-08-16 03:00:00,0.0005155061925137888
2030-08-16 04:00:00,0.0005092181732116857
2030-08-16 05:00:00,0.0005080817373034251
2030-08-16 06:00:00,0.0006766905313139496
2030-08-16 07:00:00,0.0012989210583487694
2030-08-16 08:00:00,0.0014885549768835528
2030-08-16 09:00:00,0.0009407403477686289
2030-08-16 10:00:00,0.0077602952370294945
2030-08-16 11:00:00,0.012678950205795706
2030-08-16 12:00:00,0.008426632937486722
2030-08-16 13:00:00,0.0011755291912742022
2030-08-16 14:00:00,0.002170296469571438
2030-08-16 15:00:00,0.0012691471449120153
2030-08-16 16:00:00,0.0006937428818920765
2030-08-16 17:00:00,0.0005895158797561578
2030-08-16 18:00:00,0.0005176993778671728
2030-08-16 19:00:00,0.0004848297927049589
2030-08-16 20:00:00,0.0004843872017140066
2030-08-16 21:00:00,0.0004872290608978715
2030-08-16 22:00:00,0.0004885123294332099
2030-08-16 23:00:00,0.0004975781585478509
2030-08-17 00:00:00,0.00048622662224980423
2030-08-17 01:00:00,0.00047652802904328654
2030-08-17 02:00:00,0.00046019261289778363
2030-08-17 03:00:00,0.0004440859878350066
2030-08-17 04:00:00,0.0004330561379287019
2030-08-17 05:00:00,0.00042642697940971065
2030-08-17 06:00:00,0.00047999543653790276
2030-08-17 07:00:00,0.0006724560635799079
2030-08-17 08:00:00,0.0011336157196610963
2030-08-17 09:00:00,0.002284201214073365
2030-08-17 10:00:00,130.135240624668
2030-08-17 11:00:00,364.294119036549
2030-08-17 12:00:00,289.59483829745676
2030-08-17 13:00:00,0.004470272428553796
2030-08-17 14:00:00,0.0012176413409616738
2030-08-17 15:00:00,0.0008535085037009857
2030-08-17 16:00:00,0.00031342552039185855
2030-08-17 17:00:00,0.000260152490979092
2030-08-17 18:00:00,0.000254230310909959
2030-08-17 19:00:00,0.0002557398450660302
2030-08-17 20:00:00,0.00025614889980641106
2030-08-17 21:00:00,0.00025567056097234003
2030-08-17 22:00:00,0.00025511338061129856
2030-08-17 23:00:00,0.0002553413451710792
2030-08-18 00:00:00,0.000256526309602519
2030-08-18 01:00:00,0.0002562555217819697
2030-08-18 02:00:00,0.000257206768853493
2030-08-18 03:00:00,0.0002573988080681321
2030-08-18 04:00:00,0.0002593032824659527
2030-08-18 05:00:00,0.000258102119774032
2030-08-18 06:00:00,0.00027724706077373934
2030-08-18 07:00:00,0.0005979005111252727
2030-08-18 08:00:00,0.9111398971796326
2030-08-18 09:00:00,1.697423811155867
2030-08-18 10:00:00,44.21887886308363
2030-08-18 11:00:00,253.5404256411631
2030-08-18 12:00:00,333.88035383834716
2030-08-18 13:00:00,66.89643155378764
2030-08-18 14:00:00,1.348579518591647
2030-08-18 15:00:00,0.948517244349792
2030-08-18 16:00:00,0.00032831794909288166
2030-08-18 17:00:00,0.0002699123222213689
2030-08-18 18:00:00,0.00026426940568560146
2030-08-18 19:00:00,0.0002649905974744012
2030-08-18 20:00:00,0.00026467179629548036
2030-08-18 21:00:00,0.00026369416070201064
2030-08-18 22:00:00,0.0002628962466696066
2030-08-18 23:00:00,0.0002626737214536697
2030-08-19 00:00:00,0.0002611943437488085
2030-08-19 01:00:00,0.00026036880830398556
2030-08-19 02:00:00,0.00026036158687299895
2030-08-19 03:00:00,0.00026192091791788744
2030-08-19 04:00:00,0.0002618638330149127
2030-08-19 05:00:00,0.000260959097721264
2030-08-19 06:00:00,0.0002771024300013317
2030-08-19 07:00:00,0.006430972430090376
2030-08-19 08:00:00,8.184393889892883
2030-08-19 09:00:00,82.49309931912993
2030-08-19 10:00:00,585.9819312902422
2030-08-19 11:00:00,787.5772794758441
2030-08-19 12:00:00,698.6881071026542
2030-08-19 13:00:00,243.75228948476436
2030-08-19 14:00:00,8.607182181818748
2030-08-19 15:00:00,0.30908209775787726
2030-08-19 16:00:00,0.00029201350777977725
2030-08-19 17:00:00,0.0002679239609704102
2030-08-19 18:00:00,0.0002660354349920944
2030-08-19 19:00:00,0.00026640668896260627
2030-08-19 20:00:00,0.00026557392051591665
2030-08-19 21:00:00,0.00026526786345562874
2030-08-19 22:00:00,0.0002647539038701512
2030-08-19 23:00:00,0.0002646239420382327
2030-08-20 00:00:00,0.0002642185471409796
2030-08-20 01:00:00,0.0002649682832281168
2030-08-20 02:00:00,0.0002654861116865266
2030-08-20 03:00:00,0.00026651976032088313
2030-08-20 04:00:00,0.00026830853724445035
2030-08-20 05:00:00,0.0002682019591354625
2030-08-20 06:00:00,0.0002854693839540737
2030-08-20 07:00:00,0.0005408138809858349
2030-08-20 08:00:00,0.0010343772389778375
2030-08-20 09:00:00,0.0012191146143911168
2030-08-20 10:00:00,114.1354465152397
2030-08-20 11:00:00,203.6646643347999
2030-08-20 12:00:00,0.002231024771578034
2030-08-20 13:00:00,0.0012246186341249416
2030-08-20 14:00:00,0.0009028777079735939
2030-08-20 15:00:00,0.0005323821209294278
2030-08-20 16:00:00,0.00029963371750189096
2030-08-20 17:00:00,0.0002794673309089474
2030-08-20 18:00:00,0.00027639145862088087
2030-08-20 19:00:00,0.0002776440825316509
2030-08-20 20:00:00,0.00027474900069901774
2030-08-20 21:00:00,0.00027413269564198093
2030-08-20 22:00:00,0.00027332427667044234
2030-08-20 23:00:00,0.0002719635640355723
2030-08-21 00:00:00,0.00027124520153194487
2030-08-21 01:00:00,0.0002713725383260862
2030-08-21 02:00:00,0.00027357682693640784
2030-08-21 03:00:00,0.000272781054108282
2030-08-21 04:00:00,0.0002744760575116093
2030-08-21 05:00:00,0.00027383767091518265
2030-08-21 06:00:00,0.0002898735881120386
2030-08-21 07:00:00,0.0005209213124312896
2030-08-21 08:00:00,10.40958354888505
2030-08-21 09:00:00,15.994416103266994
2030-08-21 10:00:00,239.60164410443892
2030-08-21 11:00:00,425.4734110916378
2030-08-21 12:00:00,481.2917098617779
2030-08-21 13:00:00,269.7795070717508
2030-08-21 14:00:00,12.742045218767514
2030-08-21 15:00:00,5.746707277186214
2030-08-21 16:00:00,0.00031720817020176406
2030-08-21 17:00:00,0.00028068166055520013
2030-08-21 18:00:00,0.00027712697886707083
2030-08-21 19:00:00,0.0002784105964791129
2030-08-21 20:00:00,0.00027730865782812545
2030-08-21 21:00:00,0.0002759553913822783
2030-08-21 22:00:00,0.0002755955492026994
2030-08-21 23:00:00,0.0002753122804526936
2030-08-22 00:00:00,0.000277727727574825
2030-08-22 01:00:00,0.00027800869830187455
2030-08-22 02:00:00,0.00027923557165508657
2030-08-22 03:00:00,0.0002807627132956538
2030-08-22 04:00:00,0.00028322146282040364
2030-08-22 05:00:00,0.00028250426452012834
2030-08-22 06:00:00,0.0002999239866852382
2030-08-22 07:00:00,0.000558853237284046
2030-08-22 08:00:00,0.0011044333110023128
2030-08-22 09:00:00,0.0014109142255103713
2030-08-22 10:00:00,0.0022849873073517387
2030-08-22 11:00:00,168.95141231204752
2030-08-22 12:00:00,188.44596633669326
2030-08-22 13:00:00,0.0019360071434887816
2030-08-22 14:00:00,0.0016373427216131457
2030-08-22 15:00:00,0.0007539297214930498
2030-08-22 16:00:00,0.0003278531942032866
2030-08-22 17:00:00,0.0002910366572364865
2030-08-22 18:00:00,0.00028436283615052314
2030-08-22 19:00:00,0.0002833516653431312
2030-08-22 20:00:00,0.00028104692319752057
2030-08-22 21:00:00,0.0002792313667049803
2030-08-22 22:00:00,0.0002782485278520858
2030-08-22 23:00:00,0.000278500458993724
2030-08-23 00:00:00,0.0002767066117966451
2030-08-23 01:00:00,0.0002778086957398832
2030-08-23 02:00:00,0.00027768278373659105
2030-08-23 03:00:00,0.000279965608682054
2030-08-23 04:00:00,0.00028263826584757376
2030-08-23 05:00:00,0.0002833664862328756
2030-08-23 06:00:00,0.00029943447651590465
2030-08-23 07:00:00,0.0005865394060833235
2030-08-23 08:00:00,0.001169530813234776
2030-08-23 09:00:00,0.0017235998978386532
2030-08-23 10:00:00,0.001819238218300369
2030-08-23 11:00:00,0.002900377241331061
2030-08-23 12:00:00,0.0029960878234818527
2030-08-23 13:00:00,0.0017912092753572973
2030-08-23 14:00:00,0.0021276112125387793
2030-08-23 15:00:00,0.0010478174666439227
2030-08-23 16:00:00,0.0003709421822992226
2030-08-23 17:00:00,0.000302057516534992
2030-08-23 18:00:00,0.00029839581964135405
2030-08-23 19:00:00,0.0002948829811116241
2030-08-23 20:00:00,0.00028707656360618016
2030-08-23 21:00:00,0.00028451722111847783
2030-08-23 22:00:00,0.00028273189929843687
2030-08-23 23:00:00,0.00028161132534392484
2030-08-24 00:00:00,0.00027752596461351535
2030-08-24 01:00:00,0.00027636506028169824
2030-08-24 02:00:00,0.0002761200843632067
2030-08-24 03:00:00,0.00027718682609960106
2030-08-24 04:00:00,0.0002784658673664188
2030-08-24 05:00:00,0.0002773402295829473
2030-08-24 06:00:00,0.00029256598300032475
2030-08-24 07:00:00,0.0005416824538817156
2030-08-24 08:00:00,0.0010261008271077573
2030-08-24 09:00:00,0.001638406324163737
2030-08-24 10:00:00,0.0022383622877486116
2030-08-24 11:00:00,0.003051908507777431
2030-08-24 12:00:00,0.0028736212169580277
2030-08-24 13:00:00,0.001976706768732816
2030-08-24 14:00:00,0.0016915157191941977
2030-08-24 15:00:00,0.0010210350592650044
2030-08-24 16:00:00,0.0003578853406690387
2030-08-24 17:00:00,0.00029698529171059333
2030-08-24 18:00:00,0.00029454489267829775
2030-08-24 19:00:00,0.0002918239960876619
2030-08-24 20:00:00,0.00028894634307928785
2030-08-24 21:00:00,0.000287507690641689
2030-08-24 22:00:00,0.0002856866678305142
2030-08-24 23:00:00,0.00028444764037879514
2030-08-25 00:00:00,0.0002858790005777585
2030-08-25 01:00:00,0.0002843844283426271
2030-08-25 02:00:00,0.0002811213839445648
2030-08-25 03:00:00,0.0002793928707706928
2030-08-25 04:00:00,0.00027886524339821667
2030-08-25 05:00:00,0.00027872395976389453
2030-08-25 06:00:00,0.0003080823942960381
2030-08-25 07:00:00,1.4441838776043994
2030-08-25 08:00:00,15.231107841260481
2030-08-25 09:00:00,33.14337388234178
2030-08-25 10:00:00,494.0625821433861
2030-08-25 11:00:00,736.1344676505071
2030-08-25 12:00:00,723.6767666518765
2030-08-25 13:00:00,293.76751501164296
2030-08-25 14:00:00,16.419783788618968
2030-08-25 15:00:00,7.01380835202557
2030-08-25 16:00:00,0.0003069195162432869
2030-08-25 17:00:00,0.00026670444220779023
2030-08-25 18:00:00,0.00026656031909339396
2030-08-25 19:00:00,0.00026647368363988427
2030-08-25 20:00:00,0.00026542947229416013
2030-08-25 21:00:00,0.0002652657634888276
2030-08-25 22:00:00,0.00026397134807814134
2030-08-25 23:00:00,0.00026384297406582217
2030-08-26 00:00:00,0.0002629613383820919
2030-08-26 01:00:00,0.0002639577387610828
2030-08-26 02:00:00,0.0002643471876478345
2030-08-26 03:00:00,0.0002657149052137228
2030-08-26 04:00:00,0.0002668988909635127
2030-08-26 05:00:00,0.00026625653979564523
2030-08-26 06:00:00,0.00028716639596984523
2030-08-26 07:00:00,0.0006496480443491681
2030-08-26 08:00:00,0.8502717716799739
2030-08-26 09:00:00,2.212138449353884
2030-08-26 10:00:00,300.70379646524117
2030-08-26 11:00:00,566.6228566896532
2030-08-26 12:00:00,502.2500273732506
2030-08-26 13:00:00,22.10984895711787
2030-08-26 14:00:00,0.940281056915519
2030-08-26 15:00:00,0.0006778791544680445
2030-08-26 16:00:00,0.00029755015425883113
2030-08-26 17:00:00,0.00026777266960910194
2030-08-26 18:00:00,0.0002687118185692567
2030-08-26 19:00:00,0.0002672058512304421
2030-08-26 20:00:00,0.0002659662080273483
2030-08-26 21:00:00,0.0002640579051034615
2030-08-26 22:00:00,0.00026258531245337987
2030-08-26 23:00:00,0.00026175517678907575
2030-08-27 00:00:00,0.0002619870429203357
2030-08-27 01:00:00,0.00026192174284707473
2030-08-27 02:00:00,0.0002620481596126668
2030-08-27 03:00:00,0.0002627682188705101
2030-08-27 04:00:00,0.0002638980241434958
2030-08-27 05:00:00,0.0002621646344950469
2030-08-27 06:00:00,0.0002786527688591421
2030-08-27 07:00:00,1.4717039525974698
2030-08-27 08:00:00,10.69901272527726
2030-08-27 09:00:00,156.4426574588675
2030-08-27 10:00:00,567.4234524951254
2030-08-27 11:00:00,771.7489132755485
2030-08-27 12:00:00,638.6326377587204
2030-08-27 13:00:00,151.7088206194544
2030-08-27 14:00:00,11.236278071415414
2030-08-27 15:00:00,0.0005778128254393079
2030-08-27 16:00:00,0.00029006613249146063
2030-08-27 17:00:00,0.0002640875057418868
2030-08-27 18:00:00,0.0002652147317675532
2030-08-27 19:00:00,0.00026486945500494614
2030-08-27 20:00:00,0.00026372947592934756
2030-08-27 21:00:00,0.0002629437236826691
2030-08-27 22:00:00,0.00026234021693442275
2030-08-27 23:00:00,0.00026160982706881545
2030-08-28 00:00:00,0.0002621241537464267
2030-08-28 01:00:00,0.00026193720387129957
2030-08-28 02:00:00,0.0002627206697157012
2030-08-28 03:00:00,0.00026398593019242564
2030-08-28 04:00:00,0.0002658464850003683
2030-08-28 05:00:00,0.00026698968253624294
2030-08-28 06:00:00,0.00028487598731913435
2030-08-28 07:00:00,0.0005313469813084691
2030-08-28 08:00:00,0.0009586765852183086
2030-08-28 09:00:00,0.0015119489559760194
2030-08-28 10:00:00,0.002961056706041922
2030-08-28 11:00:00,0.0033812079899981796
2030-08-28 12:00:00,0.0033792320848824975
2030-08-28 13:00:00,0.0026991858303455005
2030-08-28 14:00:00,0.0015919741165393102
2030-08-28 15:00:00,0.0009478075121991642
2030-08-28 16:00:00,0.0005091309725890313
2030-08-28 17:00:00,0.00043736173774785916
2030-08-28 18:00:00,0.0004355853093024392
2030-08-28 19:00:00,0.00043403902743464787
2030-08-28 20:00:00,0.00043420029492378893
2030-08-28 21:00:00,0.0004323012390527205
2030-08-28 22:00:00,0.00042980127744354774
2030-08-28 23:00:00,0.00042844687143921633
2030-08-29 00:00:00,0.0004307263784805648
2030-08-29 01:00:00,0.00043071607506738
2030-08-29 02:00:00,0.00043034030605578047
2030-08-29 03:00:00,0.00043228358493932776
2030-08-29 04:00:00,0.00043115386591207526
2030-08-29 05:00:00,0.00042799101092408376
2030-08-29 06:00:00,0.00045724541566383707
2030-08-29 07:00:00,0.0007165916510254368
2030-08-29 08:00:00,0.001248113262550896
2030-08-29 09:00:00,0.0027003812360947674
2030-08-29 10:00:00,186.8893082307113
2030-08-29 11:00:00,331.2756944070343
2030-08-29 12:00:00,259.15980852721844
2030-08-29 13:00:00,0.002862603755457555
2030-08-29 14:00:00,0.0011231766990177396
2030-08-29 15:00:00,0.0007711869238289916
2030-08-29 16:00:00,0.00030407971995120115
2030-08-29 17:00:00,0.0002694879121938466
2030-08-29 18:00:00,0.0002710179007303553
2030-08-29 19:00:00,0.00027088352673879584
2030-08-29 20:00:00,0.0002699783992384726
2030-08-29 21:00:00,0.00027042285186640265
2030-08-29 22:00:00,0.0002702894166432271
2030-08-29 23:00:00,0.0002703792173736003
2030-08-30 00:00:00,0.0002716277210960009
2030-08-30 01:00:00,0.0002709461762391744
2030-08-30 02:00:00,0.00027147695442100337
2030-08-30 03:00:00,0.0002737008620094843
2030-08-30 04:00:00,0.00027442933875413653
2030-08-30 05:00:00,0.00027322511980547217
2030-08-30 06:00:00,0.00028930155845441086
2030-08-30 07:00:00,0.000554348342076667
2030-08-30 08:00:00,0.0010630111650153883
2030-08-30 09:00:00,0.0016216794284094056
2030-08-30 10:00:00,79.61450631188767
2030-08-30 11:00:00,187.18610602386605
2030-08-30 12:00:00,106.2934235146644
2030-08-30 13:00:00,0.0017040477018776627
2030-08-30 14:00:00,0.0012106701022963867
2030-08-30 15:00:00,0.000608579050575968
2030-08-30 16:00:00,0.0003014834590356763
2030-08-30 17:00:00,0.0002768820810165349
2030-08-30 18:00:00,0.0002768242985951349
2030-08-30 19:00:00,0.0002755145278411306
2030-08-30 20:00:00,0.00027407429157320375
2030-08-30 21:00:00,0.0002727383974111425
2030-08-30 22:00:00,0.00027196995028757275
2030-08-30 23:00:00,0.0002718725219944613
2030-08-31 00:00:00,0.0002722880011947089
2030-08-31 01:00:00,0.0002724474765907771
2030-08-31 02:00:00,0.0002740391740926862
2030-08-31 03:00:00,0.0002767588605864158
2030-08-31 04:00:00,0.0002784759980857414
2030-08-31 05:00:00,0.0002803634136980076
2030-08-31 06:00:00,0.0004979050040082465
2030-08-31 07:00:00,4.4294553979507185
2030-08-31 08:00:00,7.626747199893098
2030-08-31 09:00:00,27.814122428570716
2030-08-31 10:00:00,421.7206755964324
2030-08-31 11:00:00,509.86481990316986
2030-08-31 12:00:00,355.2774208852894
2030-08-31 13:00:00,17.220529381931723
2030-08-31 14:00:00,7.499285844238995
2030-08-31 15:00:00,0.0010658846370929036
2030-08-31 16:00:00,0.0003483208825939383
2030-08-31 17:00:00,0.00029107326424383133
2030-08-31 18:00:00,0.0002913896210140367
2030-08-31 19:00:00,0.00028718865469262565
2030-08-31 20:00:00,0.00028514595425288027
2030-08-31 21:00:00,0.00028501767471601346
2030-08-31 22:00:00,0.000283566979794727
2030-08-31 23:00:00,0.0002780436581944282
2030-09-01 00:00:00,0.00028300217562853377
2030-09-01 01:00:00,0.00028484491574743575
2030-09-01 02:00:00,0.0002879039367496471
2030-09-01 03:00:00,0.00028960237085645315
2030-09-01 04:00:00,0.0002904018570841328
2030-09-01 05:00:00,0.0002903802137018012
2030-09-01 06:00:00,0.0003181884428839342
2030-09-01 07:00:00,0.0004802932043782995
2030-09-01 08:00:00,0.0009115572168442191
2030-09-01 09:00:00,0.000997779702285341
2030-09-01 10:00:00,0.0023316983254313105
2030-09-01 11:00:00,0.0030769267270005676
2030-09-01 12:00:00,0.00302364084864396
2030-09-01 13:00:00,0.001293625743060613
2030-09-01 14:00:00,0.001252182727544866
2030-09-01 15:00:00,0.0006340355455802872
2030-09-01 16:00:00,0.00036004260065713577
2030-09-01 17:00:00,0.0003058416097203526
2030-09-01 18:00:00,0.00030338192384548137
2030-09-01 19:00:00,0.000297675374306751
2030-09-01 20:00:00,0.0002948634068606472
2030-09-01 21:00:00,0.0002941521428681611
2030-09-01 22:00:00,0.00029327504413219157
2030-09-01 23:00:00,0.00029128953402703453
2030-09-02 00:00:00,0.0002881417888171902
2030-09-02 01:00:00,0.00028903945752284697
2030-09-02 02:00:00,0.0002890147512384794
2030-09-02 03:00:00,0.0002907765008073763
2030-09-02 04:00:00,0.00029272366656575896
2030-09-02 05:00:00,0.00029136510079176743
2030-09-02 06:00:00,0.0003100292628750808
2030-09-02 07:00:00,0.000372963253105927
2030-09-02 08:00:00,0.0005595955128223516
2030-09-02 09:00:00,0.0009730425644659752
2030-09-02 10:00:00,0.0010327768773967848
2030-09-02 11:00:00,0.0006435147965080118
2030-09-02 12:00:00,0.0006200287124829423
2030-09-02 13:00:00,0.0011133573673502732
2030-09-02 14:00:00,0.0007952624877450959
2030-09-02 15:00:00,0.0004349292886472257
2030-09-02 16:00:00,0.0003224016314990748
2030-09-02 17:00:00,0.00029384314698700537
2030-09-02 18:00:00,0.0002985132509352327
2030-09-02 19:00:00,0.00029654358879522023
2030-09-02 20:00:00,0.0002941728325838838
2030-09-02 21:00:00,0.00029283314007610506
2030-09-02 22:00:00,0.0002921059864795369
2030-09-02 23:00:00,0.00029160908017941944
2030-09-03 00:00:00,0.00028941435789541333
2030-09-03 01:00:00,0.00028791470502595863
2030-09-03 02:00:00,0.00028997015096697294
2030-09-03 03:00:00,0.00029097960847173645
2030-09-03 04:00:00,0.00029092771888252123
2030-09-03 05:00:00,0.00028968271344270366
2030-09-03 06:00:00,0.0003039897533508836
2030-09-03 07:00:00,0.0006176242019442458
2030-09-03 08:00:00,0.0011511662223209972
2030-09-03 09:00:00,0.001207013554339009
2030-09-03 10:00:00,0.0014462516331346688
2030-09-03 11:00:00,0.0015362179816295466
2030-09-03 12:00:00,0.001427556650133983
2030-09-03 13:00:00,0.00126096387397012
2030-09-03 14:00:00,0.0013433973332350356
2030-09-03 15:00:00,0.0007404317575771259
2030-09-03 16:00:00,0.0003145125285390139
2030-09-03 17:00:00,0.00028823084972503046
2030-09-03 18:00:00,0.0002913282111907873
2030-09-03 19:00:00,0.00028889221038605223
2030-09-03 20:00:00,0.0002865230525202504
2030-09-03 21:00:00,0.0002858294019927441
2030-09-03 22:00:00,0.000283469811022697
2030-09-03 23:00:00,0.00028205105671271554
2030-09-04 00:00:00,0.0002809185468426018
2030-09-04 01:00:00,0.0002802493543028945
2030-09-04 02:00:00,0.00028058603098284225
2030-09-04 03:00:00,0.0002835047917474066
2030-09-04 04:00:00,0.0002868476584225708
2030-09-04 05:00:00,0.0002859009739599532
2030-09-04 06:00:00,0.00030183285568763775
2030-09-04 07:00:00,0.00039501745184714277
2030-09-04 08:00:00,0.0006675693497403904
2030-09-04 09:00:00,0.0008641155000662303
2030-09-04 10:00:00,0.000939918258769914
2030-09-04 11:00:00,0.0017871585432332254
2030-09-04 12:00:00,0.0011035656686393135
2030-09-04 13:00:00,0.000923522546141896
2030-09-04 14:00:00,0.0008649532451859026
2030-09-04 15:00:00,0.0005014326878925825
2030-09-04 16:00:00,0.00033844188468794723
2030-09-04 17:00:00,0.00030093534822750375
2030-09-04 18:00:00,0.00030334192277807254
2030-09-04 19:00:00,0.00029775121193115114
2030-09-04 20:00:00,0.0002963903229822355
2030-09-04 21:00:00,0.00029499754306479536
2030-09-04 22:00:00,0.00029329446740318114
2030-09-04 23:00:00,0.00029076672172105475
2030-09-05 00:00:00,0.0002898783101222106
2030-09-05 01:00:00,0.0002882825205377832
2030-09-05 02:00:00,0.00028878070837639415
2030-09-05 03:00:00,0.00028723365633266483
2030-09-05 04:00:00,0.0002875212629104834
2030-09-05 05:00:00,0.0002858375808947936
2030-09-05 06:00:00,0.0003092288024046397
2030-09-05 07:00:00,0.0006576025371436026
2030-09-05 08:00:00,0.001137296735849117
2030-09-05 09:00:00,0.002033007475169675
2030-09-05 10:00:00,180.09895696403393
2030-09-05 11:00:00,385.3880419156167
2030-09-05 12:00:00,371.7900830524763
2030-09-05 13:00:00,57.03401535048389
2030-09-05 14:00:00,0.0014950986657590304
2030-09-05 15:00:00,0.0008865108387704182
2030-09-05 16:00:00,0.00032103506969800107
2030-09-05 17:00:00,0.00028043451211539125
2030-09-05 18:00:00,0.00028260632061752263
2030-09-05 19:00:00,0.00028047311327592927
2030-09-05 20:00:00,0.00027935124512224927
2030-09-05 21:00:00,0.0002788809695480496
2030-09-05 22:00:00,0.00027843244726189674
2030-09-05 23:00:00,0.00027741669391636144
2030-09-06 00:00:00,0.0002772404832136243
2030-09-06 01:00:00,0.00027779162578281104
2030-09-06 02:00:00,0.00027874190408719106
2030-09-06 03:00:00,0.000281064487602372
2030-09-06 04:00:00,0.0002834937116358672
2030-09-06 05:00:00,0.00028224342733105254
2030-09-06 06:00:00,0.000301083395781096
2030-09-06 07:00:00,0.0004619936839124878
2030-09-06 08:00:00,0.0009883945179005498
2030-09-06 09:00:00,0.0009709835117491367
2030-09-06 10:00:00,0.001625980792922947
2030-09-06 11:00:00,0.002327701942551548
2030-09-06 12:00:00,0.00198757209179132
2030-09-06 13:00:00,0.0010164859456313592
2030-09-06 14:00:00,0.0010974111408931422
2030-09-06 15:00:00,0.00045172073158862396
2030-09-06 16:00:00,0.00032848781409964
2030-09-06 17:00:00,0.0002932106126790527
2030-09-06 18:00:00,0.00029471784916154203
2030-09-06 19:00:00,0.00028857012754922225
2030-09-06 20:00:00,0.00028398796304850393
2030-09-06 21:00:00,0.0002812102258987388
2030-09-06 22:00:00,0.00027967645860022493
2030-09-06 23:00:00,0.0002786710910074888
2030-09-07 00:00:00,0.0002779956012737217
2030-09-07 01:00:00,0.0002779914873276461
2030-09-07 02:00:00,0.00027706986598349207
2030-09-07 03:00:00,0.00027893069730618717
2030-09-07 04:00:00,0.0002805803437614829
2030-09-07 05:00:00,0.00028000293663517383
2030-09-07 06:00:00,0.0003000920461558423
2030-09-07 07:00:00,0.00048668540668029897
2030-09-07 08:00:00,0.0010142642382512872
2030-09-07 09:00:00,0.0009925216206532507
2030-09-07 10:00:00,0.0014124189230313494
2030-09-07 11:00:00,0.0020559446824667325
2030-09-07 12:00:00,0.002285705493385261
2030-09-07 13:00:00,0.001211087321372046
2030-09-07 14:00:00,0.0010510048653352194
2030-09-07 15:00:00,0.000584405480747836
2030-09-07 16:00:00,0.0003468326538498512
2030-09-07 17:00:00,0.00029877571138013144
2030-09-07 18:00:00,0.0003012028721120074
2030-09-07 19:00:00,0.00029587793420130534
2030-09-07 20:00:00,0.00029736640331764846
2030-09-07 21:00:00,0.0002993085549815316
2030-09-07 22:00:00,0.0002986879909651384
2030-09-07 23:00:00,0.00030054537878226374
2030-09-08 00:00:00,0.0003022285761775555
2030-09-08 01:00:00,0.0003058091934300841
2030-09-08 02:00:00,0.00031271104508404085
2030-09-08 03:00:00,0.0003212072900542742
2030-09-08 04:00:00,0.0003274315757371604
2030-09-08 05:00:00,0.00033744163499341653
2030-09-08 06:00:00,0.00040255391985111487
2030-09-08 07:00:00,0.0006645166327284065
2030-09-08 08:00:00,0.0010280259197565323
2030-09-08 09:00:00,0.001250070722755386
2030-09-08 10:00:00,0.0011298437078304828
2030-09-08 11:00:00,0.0012839693630275568
2030-09-08 12:00:00,0.0010999916923136715
2030-09-08 13:00:00,0.0011877288586317682
2030-09-08 14:00:00,0.0011320258396536917
2030-09-08 15:00:00,0.0007854136996622226
2030-09-08 16:00:00,0.00035380209953478803
2030-09-08 17:00:00,0.0002871311599685807
2030-09-08 18:00:00,0.0002876977778232236
2030-09-08 19:00:00,0.00028757382896162456
2030-09-08 20:00:00,0.000283541420325347
2030-09-08 21:00:00,0.00027661709018218545
2030-09-08 22:00:00,0.00027103398543484435
2030-09-08 23:00:00,0.0002696317400891691
2030-09-09 00:00:00,0.00027202801727352306
2030-09-09 01:00:00,0.0002714858211034419
2030-09-09 02:00:00,0.00026882461094982217
2030-09-09 03:00:00,0.0002699550010321847
2030-09-09 04:00:00,0.0002680694082656774
2030-09-09 05:00:00,0.0002644856933835683
2030-09-09 06:00:00,0.0002737990778674675
2030-09-09 07:00:00,0.0005701737132514947
2030-09-09 08:00:00,0.0008000691859346924
2030-09-09 09:00:00,0.0013001920418881392
2030-09-09 10:00:00,0.00226828328933884
2030-09-09 11:00:00,97.031117240071
2030-09-09 12:00:00,310.44811427639735
2030-09-09 13:00:00,103.0261256722546
2030-09-09 14:00:00,0.001298827891377731
2030-09-09 15:00:00,0.0008051496059276577
2030-09-09 16:00:00,0.000268116857115972
2030-09-09 17:00:00,0.00024129697203432025
2030-09-09 18:00:00,0.0002432232503080946
2030-09-09 19:00:00,0.00024166200710171791
2030-09-09 20:00:00,0.00024091980557473369
2030-09-09 21:00:00,0.00023986706506194986
2030-09-09 22:00:00,0.00023879184326185064
2030-09-09 23:00:00,0.00023747682701470759
2030-09-10 00:00:00,0.00023552469906458986
2030-09-10 01:00:00,0.0002344827713748412
2030-09-10 02:00:00,0.00023280357242160305
2030-09-10 03:00:00,0.0002319666214161425
2030-09-10 04:00:00,0.00023128547721104782
2030-09-10 05:00:00,0.00022794164237628024
2030-09-10 06:00:00,0.00023966443993595534
2030-09-10 07:00:00,8.785512611101153
2030-09-10 08:00:00,80.13946489900162
2030-09-10 09:00:00,789.1116713105247
2030-09-10 10:00:00,1272.5984265840805
2030-09-10 11:00:00,1365.68567965708
2030-09-10 12:00:00,1140.9632767151772
2030-09-10 13:00:00,731.5603344434146
2030-09-10 14:00:00,84.58283496687163
2030-09-10 15:00:00,13.005945926529447
2030-09-10 16:00:00,0.00025169406772301476
2030-09-10 17:00:00,0.0002308147357726476
2030-09-10 18:00:00,0.00023378809892426753
2030-09-10 19:00:00,0.00023297703101331305
2030-09-10 20:00:00,0.00023209293430277755
2030-09-10 21:00:00,0.00023217472788877088
2030-09-10 22:00:00,0.00023268805917336526
2030-09-10 23:00:00,0.00023283049613843752
2030-09-11 00:00:00,0.00023147570810238185
2030-09-11 01:00:00,0.00023164705031186494
2030-09-11 02:00:00,0.00023192724713024372
2030-09-11 03:00:00,0.00023146246227745288
2030-09-11 04:00:00,0.0002313980223701213
2030-09-11 05:00:00,0.0002312501687020157
2030-09-11 06:00:00,0.00024189119546036715
2030-09-11 07:00:00,0.0004916154468888087
2030-09-11 08:00:00,0.0008303768339528132
2030-09-11 09:00:00,0.002342569896320891
2030-09-11 10:00:00,341.42550570121847
2030-09-11 11:00:00,356.6897955790874
2030-09-11 12:00:00,230.26722099194507
2030-09-11 13:00:00,0.002715533002674739
2030-09-11 14:00:00,0.0009248872214725505
2030-09-11 15:00:00,0.0005751622228023694
2030-09-11 16:00:00,0.00038176534710493166
2030-09-11 17:00:00,0.0003562710016554415
2030-09-11 18:00:00,0.00036277152260407244
2030-09-11 19:00:00,0.00036558995938376713
2030-09-11 20:00:00,0.00036732580455140027
2030-09-11 21:00:00,0.00036968546150695334
2030-09-11 22:00:00,0.00037151547280325536
2030-09-11 23:00:00,0.0003729196650240842
2030-09-12 00:00:00,0.0003771651058136991
2030-09-12 01:00:00,0.00037841046503095334
2030-09-12 02:00:00,0.0003771798608070035
2030-09-12 03:00:00,0.0003816392733937932
2030-09-12 04:00:00,0.00037715818497251706
2030-09-12 05:00:00,0.0003746562061717254
2030-09-12 06:00:00,0.0004013974649081102
2030-09-12 07:00:00,0.0005981152778383273
2030-09-12 08:00:00,0.0012601495098921464
2030-09-12 09:00:00,0.002491636490884048
2030-09-12 10:00:00,60.357798999670756
2030-09-12 11:00:00,0.026008122209702257
2030-09-12 12:00:00,0.0022177312450830677
2030-09-12 13:00:00,0.0013412914742519416
2030-09-12 14:00:00,0.0007812816483400196
2030-09-12 15:00:00,0.0006375214202377841
2030-09-12 16:00:00,0.0002663867939493847
2030-09-12 17:00:00,0.00024562090025032556
2030-09-12 18:00:00,0.0002474925359875636
2030-09-12 19:00:00,0.0002479701760609009
2030-09-12 20:00:00,0.0002473924010550844
2030-09-12 21:00:00,0.00024731507339218145
2030-09-12 22:00:00,0.0002465378336266905
2030-09-12 23:00:00,0.00024701642172934873
2030-09-13 00:00:00,0.00024551173995948053
2030-09-13 01:00:00,0.0002453112678786864
2030-09-13 02:00:00,0.0002469928502060337
2030-09-13 03:00:00,0.0002475807750596804
2030-09-13 04:00:00,0.0002505466048276909
2030-09-13 05:00:00,0.0002513173644242717
2030-09-13 06:00:00,0.0002656853140765536
2030-09-13 07:00:00,0.0006027000033206646
2030-09-13 08:00:00,0.0009910298312891766
2030-09-13 09:00:00,0.0017212349652498738
2030-09-13 10:00:00,29.34322640598311
2030-09-13 11:00:00,94.31446965571119
2030-09-13 12:00:00,0.0025345216331268223
2030-09-13 13:00:00,0.0011506837017956051
2030-09-13 14:00:00,0.001033952324608596
2030-09-13 15:00:00,0.00047850586904044757
2030-09-13 16:00:00,0.0002512070723896671
2030-09-13 17:00:00,0.0002407461512672013
2030-09-13 18:00:00,0.0002435613537527063
2030-09-13 19:00:00,0.00024100252192863473
2030-09-13 20:00:00,0.00023996189032869262
2030-09-13 21:00:00,0.00023954267159308532
2030-09-13 22:00:00,0.0002385106716433254
2030-09-13 23:00:00,0.00023750950912011096
2030-09-14 00:00:00,0.0002359838070338259
2030-09-14 01:00:00,0.0002347464870391992
2030-09-14 02:00:00,0.00023512164294867626
2030-09-14 03:00:00,0.00023559781100409265
2030-09-14 04:00:00,0.00023691812855875107
2030-09-14 05:00:00,0.0002368514915117209
2030-09-14 06:00:00,0.00024152203150356336
2030-09-14 07:00:00,0.0002882229716087998
2030-09-14 08:00:00,0.0006232865037185979
2030-09-14 09:00:00,0.0007256153707018753
2030-09-14 10:00:00,0.000987708291067813
2030-09-14 11:00:00,0.0010130392175241292
2030-09-14 12:00:00,0.0009376776186066536
2030-09-14 13:00:00,0.0009450781332460221
2030-09-14 14:00:00,0.0005259568577790353
2030-09-14 15:00:00,0.00029385884459683917
2030-09-14 16:00:00,0.00025162577772255623
2030-09-14 17:00:00,0.00024266327593180787
2030-09-14 18:00:00,0.00024290732174061502
2030-09-14 19:00:00,0.00024090690443019189
2030-09-14 20:00:00,0.0002398102982145139
2030-09-14 21:00:00,0.00023833995924462355
2030-09-14 22:00:00,0.00023743436550891238
2030-09-14 23:00:00,0.00023596429794131495
2030-09-15 00:00:00,0.00023642745160414475
2030-09-15 01:00:00,0.00023602174352974965
2030-09-15 02:00:00,0.0002358416267425873
2030-09-15 03:00:00,0.0002357737386640056
2030-09-15 04:00:00,0.00023639996428229636
2030-09-15 05:00:00,0.00023575282617283272
2030-09-15 06:00:00,0.00024160230537254176
2030-09-15 07:00:00,0.00047319891184022115
2030-09-15 08:00:00,0.0007417331845114667
2030-09-15 09:00:00,0.0010820600801835561
2030-09-15 10:00:00,0.0032499195213118765
2030-09-15 11:00:00,135.7237356787616
2030-09-15 12:00:00,93.76860208890533
2030-09-15 13:00:00,0.0015849289869695018
2030-09-15 14:00:00,0.0008128264875368251
2030-09-15 15:00:00,0.000569020788286753
2030-09-15 16:00:00,0.00025134019693339067
2030-09-15 17:00:00,0.00024111288002100656
2030-09-15 18:00:00,0.00024372858290265667
2030-09-15 19:00:00,0.0002430125779705298
2030-09-15 20:00:00,0.00024194711984731578
2030-09-15 21:00:00,0.00024120689437804357
2030-09-15 22:00:00,0.00024073746410251023
2030-09-15 23:00:00,0.00024119094137732422
2030-09-16 00:00:00,0.0002424078813512332
2030-09-16 01:00:00,0.00024305243500733398
2030-09-16 02:00:00,0.00024347465467565462
2030-09-16 03:00:00,0.0002443661737646345
2030-09-16 04:00:00,0.00024500133759989293
2030-09-16 05:00:00,0.0002433027414138694
2030-09-16 06:00:00,0.0002523125395421152
2030-09-16 07:00:00,0.0005398188052395782
2030-09-16 08:00:00,0.0008104965190503108
2030-09-16 09:00:00,0.001312580754633629
2030-09-16 10:00:00,0.0018750835417618943
2030-09-16 11:00:00,0.0017240806107269033
2030-09-16 12:00:00,0.001442878341634706
2030-09-16 13:00:00,0.000983008954326452
2030-09-16 14:00:00,0.0007790727353324397
2030-09-16 15:00:00,0.0004559818272510536
2030-09-16 16:00:00,0.00024164591819416048
2030-09-16 17:00:00,0.0002317796048622165
2030-09-16 18:00:00,0.00023255314812090636
2030-09-16 19:00:00,0.00023099107273328584
2030-09-16 20:00:00,0.00022924592026383778
2030-09-16 21:00:00,0.00022749425500014054
2030-09-16 22:00:00,0.00022624772635897221
2030-09-16 23:00:00,0.0002258590342728812
2030-09-17 00:00:00,0.0002240535797361312
2030-09-17 01:00:00,0.00022417445797636972
2030-09-17 02:00:00,0.00022359884421690467
2030-09-17 03:00:00,0.0002240756081606405
2030-09-17 04:00:00,0.0002228918115027923
2030-09-17 05:00:00,0.00022202383764745776
2030-09-17 06:00:00,0.00023083071511895427
2030-09-17 07:00:00,10.97601367575028
2030-09-17 08:00:00,30.710448348668987
2030-09-17 09:00:00,62.858949032748384
2030-09-17 10:00:00,287.42622618388424
2030-09-17 11:00:00,321.4272778954056
2030-09-17 12:00:00,133.13416978890749
2030-09-17 13:00:00,47.981305733532864
2030-09-17 14:00:00,29.591354138701206
2030-09-17 15:00:00,14.638592295688804
2030-09-17 16:00:00,0.012642244748839484
2030-09-17 17:00:00,0.011576294132071957
2030-09-17 18:00:00,0.011808466052688439
2030-09-17 19:00:00,0.011901688607637247
2030-09-17 20:00:00,0.012144934307581602
2030-09-17 21:00:00,0.012272292098691276
2030-09-17 22:00:00,0.012388512725611985
2030-09-17 23:00:00,0.01243977301813514
2030-09-18 00:00:00,0.012945985806438869
2030-09-18 01:00:00,0.01301200153564832
2030-09-18 02:00:00,0.012925821594155482
2030-09-18 03:00:00,0.01256073472592574
2030-09-18 04:00:00,0.012747685494954551
2030-09-18 05:00:00,0.012612989741524167
2030-09-18 06:00:00,0.9161134918221446
2030-09-18 07:00:00,38.507235952998705
2030-09-18 08:00:00,83.71543141701605
2030-09-18 09:00:00,339.5529349017015
2030-09-18 10:00:00,569.3131712865945
2030-09-18 11:00:00,378.8384526022152
2030-09-18 12:00:00,129.89651174726427
2030-09-18 13:00:00,71.54687816008008
2030-09-18 14:00:00,40.61420843353964
2030-09-18 15:00:00,14.733584856081412
2030-09-18 16:00:00,0.011237692152372625
2030-09-18 17:00:00,0.010204061662137106
2030-09-18 18:00:00,0.010442120214439611
2030-09-18 19:00:00,0.010320598069070108
2030-09-18 20:00:00,0.010396995408713087
2030-09-18 21:00:00,0.01048987098233612
2030-09-18 22:00:00,0.010632805376832507
2030-09-18 23:00:00,0.010766314048215816
2030-09-19 00:00:00,0.011248097359027043
2030-09-19 01:00:00,0.011449507468512388
2030-09-19 02:00:00,0.011770262724371138
2030-09-19 03:00:00,0.011742659845381576
2030-09-19 04:00:00,0.011601414907494341
2030-09-19 05:00:00,0.011955692344667222
2030-09-19 06:00:00,0.013596364587107482
2030-09-19 07:00:00,48.68344081323218
2030-09-19 08:00:00,209.70392818002912
2030-09-19 09:00:00,908.9104494117869
2030-09-19 10:00:00,1544.7020513988687
2030-09-19 11:00:00,1742.3071756551026
2030-09-19 12:00:00,1620.664749539438
2030-09-19 13:00:00,1153.9557484586655
2030-09-19 14:00:00,298.12311307007974
2030-09-19 15:00:00,31.60890711306602
2030-09-19 16:00:00,0.001249653964099351
2030-09-19 17:00:00,0.0010581494772504603
2030-09-19 18:00:00,0.0010846548655081784
2030-09-19 19:00:00,0.0010937062369654864
2030-09-19 20:00:00,0.0010975423256312004
2030-09-19 21:00:00,0.0011174610122796137
2030-09-19 22:00:00,0.001117555450779403
2030-09-19 23:00:00,0.0011328835697287437
2030-09-20 00:00:00,0.001146347235948221
2030-09-20 01:00:00,0.0011588629795578128
2030-09-20 02:00:00,0.0011794191455860254
2030-09-20 03:00:00,0.0011844810583521788
2030-09-20 04:00:00,0.0011698960035273493
2030-09-20 05:00:00,0.0011767360453514826
2030-09-20 06:00:00,0.00119433464952413
2030-09-20 07:00:00,1.5673606146501
2030-09-20 08:00:00,1.8765995225499534
2030-09-20 09:00:00,2.2196046593937466
2030-09-20 10:00:00,54.74551670684092
2030-09-20 11:00:00,39.49241793832026
2030-09-20 12:00:00,7.304549035966578
2030-09-20 13:00:00,2.139709569230417
2030-09-20 14:00:00,1.8134127942958946
2030-09-20 15:00:00,1.4480455543508306
2030-09-20 16:00:00,0.0102663762320222
2030-09-20 17:00:00,0.009696335066668147
2030-09-20 18:00:00,0.009789292785615999
2030-09-20 19:00:00,0.00977343383618555
2030-09-20 20:00:00,0.00993197901173251
2030-09-20 21:00:00,0.009978836302429411
2030-09-20 22:00:00,0.009958926785479986
2030-09-20 23:00:00,0.010192421299524445
2030-09-21 00:00:00,0.010226264958076698
2030-09-21 01:00:00,0.010315943445765433
2030-09-21 02:00:00,0.010384445677021424
2030-09-21 03:00:00,0.010403253234594777
2030-09-21 04:00:00,0.010263597738578116
2030-09-21 05:00:00,0.010516968137806552
2030-09-21 06:00:00,0.010776542845830878
2030-09-21 07:00:00,10.953750538339488
2030-09-21 08:00:00,18.07906394959093
2030-09-21 09:00:00,22.86051372776449
2030-09-21 10:00:00,133.73372816574323
2030-09-21 11:00:00,152.8704766423494
2030-09-21 12:00:00,119.81066243073268
2030-09-21 13:00:00,27.283943943295828
2030-09-21 14:00:00,15.723264519045467
2030-09-21 15:00:00,7.666664221232162
2030-09-21 16:00:00,0.001234888612904901
2030-09-21 17:00:00,0.0011492988319765122
2030-09-21 18:00:00,0.001168088148636449
2030-09-21 19:00:00,0.0011653762159593696
2030-09-21 20:00:00,0.0011676517987257392
2030-09-21 21:00:00,0.0011567410712791833
2030-09-21 22:00:00,0.001153961456264817
2030-09-21 23:00:00,0.0011465339447523115
2030-09-22 00:00:00,0.0011104393450560059
2030-09-22 01:00:00,0.001129596937295412
2030-09-22 02:00:00,0.001129710584124843
2030-09-22 03:00:00,0.0011222545074496483
2030-09-22 04:00:00,0.0011210614294079305
2030-09-22 05:00:00,0.0011668251249773033
2030-09-22 06:00:00,0.001143891331061438
2030-09-22 07:00:00,11.107383992090151
2030-09-22 08:00:00,24.777337688757076
2030-09-22 09:00:00,54.76649956559439
2030-09-22 10:00:00,233.1547457283598
2030-09-22 11:00:00,396.5595017820747
2030-09-22 12:00:00,400.10391025965447
2030-09-22 13:00:00,84.23234499725407
2030-09-22 14:00:00,21.827265973482902
2030-09-22 15:00:00,8.296505589849936
2030-09-22 16:00:00,0.010750070917380204
2030-09-22 17:00:00,0.010094137522077063
2030-09-22 18:00:00,0.010396786355604858
2030-09-22 19:00:00,0.010550520116689095
2030-09-22 20:00:00,0.010716237244149048
2030-09-22 21:00:00,0.0108194365993651
2030-09-22 22:00:00,0.01101598522066927
2030-09-22 23:00:00,0.011138911725114341
2030-09-23 00:00:00,0.010964917801104257
2030-09-23 01:00:00,0.01121541575367278
2030-09-23 02:00:00,0.01129950158442231
2030-09-23 03:00:00,0.011195127608447633
2030-09-23 04:00:00,0.010902138140124713
2030-09-23 05:00:00,0.010905217677897759
2030-09-23 06:00:00,0.010623101811793887
2030-09-23 07:00:00,17.506889510292353
2030-09-23 08:00:00,81.3918843231025
2030-09-23 09:00:00,382.4418787314625
2030-09-23 10:00:00,878.5373311414083
2030-09-23 11:00:00,1043.5674910764933
2030-09-23 12:00:00,885.7219360776058
2030-09-23 13:00:00,464.627323886941
2030-09-23 14:00:00,94.16236035331
2030-09-23 15:00:00,25.93888372638104
2030-09-23 16:00:00,0.011544867773815075
2030-09-23 17:00:00,0.010400285907524353
2030-09-23 18:00:00,0.010966012309779625
2030-09-23 19:00:00,0.011174815934950632
2030-09-23 20:00:00,0.011423130150249037
2030-09-23 21:00:00,0.011808107266162162
2030-09-23 22:00:00,0.012069840479676422
2030-09-23 23:00:00,0.012424718013419822
2030-09-24 00:00:00,0.01263081932949314
2030-09-24 01:00:00,0.012913351969318358
2030-09-24 02:00:00,0.01315264283692412
2030-09-24 03:00:00,0.013233819631012285
2030-09-24 04:00:00,0.013001691029639002
2030-09-24 05:00:00,0.012571544219156931
2030-09-24 06:00:00,0.012746249486096477
2030-09-24 07:00:00,54.69879332161448
2030-09-24 08:00:00,357.95673349085575
2030-09-24 09:00:00,981.8993884549468
2030-09-24 10:00:00,1315.7961183164703
2030-09-24 11:00:00,1217.161490859458
2030-09-24 12:00:00,930.7690917790537
2030-09-24 13:00:00,413.1663286757518
2030-09-24 14:00:00,72.18550322469511
2030-09-24 15:00:00,15.50222455006933
2030-09-24 16:00:00,0.010168724177138579
2030-09-24 17:00:00,0.009535112254345036
2030-09-24 18:00:00,0.009703243718942286
2030-09-24 19:00:00,0.009788754553553256
2030-09-24 20:00:00,0.009824683145663548
2030-09-24 21:00:00,0.00992255560876884
2030-09-24 22:00:00,0.010159400312039532
2030-09-24 23:00:00,0.010316473245722078
2030-09-25 00:00:00,0.011367969219879674
2030-09-25 01:00:00,0.011687001033337419
2030-09-25 02:00:00,0.01200204901726535
2030-09-25 03:00:00,0.012196358734638762
2030-09-25 04:00:00,0.01226256332272397
2030-09-25 05:00:00,0.012187331805802575
2030-09-25 06:00:00,2.251503276724718
2030-09-25 07:00:00,74.93450986986193
2030-09-25 08:00:00,440.8148834304603
2030-09-25 09:00:00,910.9612692036222
2030-09-25 10:00:00,1259.8519342946192
2030-09-25 11:00:00,1400.8359295350583
2030-09-25 12:00:00,1273.6296234877948
2030-09-25 13:00:00,876.2485030053108
2030-09-25 14:00:00,212.59514373258173
2030-09-25 15:00:00,35.141816187326704
2030-09-25 16:00:00,0.012034351057211965
2030-09-25 17:00:00,0.010432284295121583
2030-09-25 18:00:00,0.01056342226635367
2030-09-25 19:00:00,0.010413502821629417
2030-09-25 20:00:00,0.01026617422876672
2030-09-25 21:00:00,0.010245994296032486
2030-09-25 22:00:00,0.01016712880991943
2030-09-25 23:00:00,0.010164243580785125
2030-09-26 00:00:00,0.01060976522474256
2030-09-26 01:00:00,0.010764678009007374
2030-09-26 02:00:00,0.010800594587625875
2030-09-26 03:00:00,0.010825891553604621
2030-09-26 04:00:00,0.01075304093227827
2030-09-26 05:00:00,0.011295556174148569
2030-09-26 06:00:00,0.011539886761630088
2030-09-26 07:00:00,24.925957900118476
2030-09-26 08:00:00,59.810016934591296
2030-09-26 09:00:00,299.658389952589
2030-09-26 10:00:00,615.3899778665276
2030-09-26 11:00:00,551.8413812958544
2030-09-26 12:00:00,406.5590245280252
2030-09-26 13:00:00,72.46823439484052
2030-09-26 14:00:00,23.89325550025732
2030-09-26 15:00:00,1.943226132176805
2030-09-26 16:00:00,0.001068234489063097
2030-09-26 17:00:00,0.0010501747630161642
2030-09-26 18:00:00,0.0010605936842804453
2030-09-26 19:00:00,0.0010594356180563546
2030-09-26 20:00:00,0.0010577679515523888
2030-09-26 21:00:00,0.0010549196164201906
2030-09-26 22:00:00,0.0010502028559064742
2030-09-26 23:00:00,0.0010489450126541892
2030-09-27 00:00:00,0.0010452538499625197
2030-09-27 01:00:00,0.0010465789132663775
2030-09-27 02:00:00,0.0010494391820131187
2030-09-27 03:00:00,0.0010503685682178633
2030-09-27 04:00:00,0.0010521637754043987
2030-09-27 05:00:00,0.0010587663140654252
2030-09-27 06:00:00,0.0010640694592862685
2030-09-27 07:00:00,2.9082510867682565
2030-09-27 08:00:00,3.8624233611104066
2030-09-27 09:00:00,5.24963444005043
2030-09-27 10:00:00,113.3534662865723
2030-09-27 11:00:00,121.63072179512807
2030-09-27 12:00:00,31.890804357895743
2030-09-27 13:00:00,4.023220693718109
2030-09-27 14:00:00,3.819611202174026
2030-09-27 15:00:00,0.0012154905947532914
2030-09-27 16:00:00,0.0010776322588358159
2030-09-27 17:00:00,0.0010584133767593223
2030-09-27 18:00:00,0.0010707673980723132
2030-09-27 19:00:00,0.0010637916239751707
2030-09-27 20:00:00,0.0010617763082206885
2030-09-27 21:00:00,0.0010568214057241885
2030-09-27 22:00:00,0.0010502048361587185
2030-09-27 23:00:00,0.0010449335388191215
2030-09-28 00:00:00,0.0010496386286249697
2030-09-28 01:00:00,0.0010475247447906347
2030-09-28 02:00:00,0.0010442317972513663
2030-09-28 03:00:00,0.0010421843969490156
2030-09-28 04:00:00,0.001035511698001895
2030-09-28 05:00:00,0.0010767741201444326
2030-09-28 06:00:00,0.001044358865802017
2030-09-28 07:00:00,15.01948581637948
2030-09-28 08:00:00,45.150938497934064
2030-09-28 09:00:00,407.1848129245188
2030-09-28 10:00:00,908.8745161350776
2030-09-28 11:00:00,970.1024602951239
2030-09-28 12:00:00,1003.9065388614595
2030-09-28 13:00:00,564.000669305608
2030-09-28 14:00:00,37.29402733548361
2030-09-28 15:00:00,9.127952101332655
2030-09-28 16:00:00,0.001030267707761457
2030-09-28 17:00:00,0.001007168480676071
2030-09-28 18:00:00,0.0010219864492018536
2030-09-28 19:00:00,0.0010199452156362746
2030-09-28 20:00:00,0.0010185018047122844
2030-09-28 21:00:00,0.001017523902403746
2030-09-28 22:00:00,0.0010138202713513098
2030-09-28 23:00:00,0.0010132185734316416
2030-09-29 00:00:00,0.0010086333553638541
2030-09-29 01:00:00,0.0010089687923843663
2030-09-29 02:00:00,0.0010111252105834407
2030-09-29 03:00:00,0.0010108872923358945
2030-09-29 04:00:00,0.0009986988194257355
2030-09-29 05:00:00,0.0009867907075436675
2030-09-29 06:00:00,0.0009713149075316822
2030-09-29 07:00:00,22.09255446084213
2030-09-29 08:00:00,168.06618899732297
2030-09-29 09:00:00,759.0788682237975
2030-09-29 10:00:00,1219.5325176297888
2030-09-29 11:00:00,1169.3015541577565
2030-09-29 12:00:00,980.0941126953829
2030-09-29 13:00:00,567.5014012443652
2030-09-29 14:00:00,48.418979975124024
2030-09-29 15:00:00,8.62327866030535
2030-09-29 16:00:00,0.0009784593836036019
2030-09-29 17:00:00,0.0009771662612644717
2030-09-29 18:00:00,0.0009960468076209896
2030-09-29 19:00:00,0.000994967134603316
2030-09-29 20:00:00,0.0009918686489843028
2030-09-29 21:00:00,0.0009932873877850827
2030-09-29 22:00:00,0.000991925183026843
2030-09-29 23:00:00,0.0009888565365919289
2030-09-30 00:00:00,0.0009891399486815454
2030-09-30 01:00:00,0.0009838716668074067
2030-09-30 02:00:00,0.0009835080456480128
2030-09-30 03:00:00,0.000984330044235155
2030-09-30 04:00:00,0.0009818543945547655
2030-09-30 05:00:00,0.0009699841024864606
2030-09-30 06:00:00,0.000958494550862225
2030-09-30 07:00:00,17.78734835551603
2030-09-30 08:00:00,75.64729348748993
2030-09-30 09:00:00,598.5403819785972
2030-09-30 10:00:00,865.8497490130245
2030-09-30 11:00:00,738.3696494329512
2030-09-30 12:00:00,553.8725547269103
2030-09-30 13:00:00,174.7597334070936
2030-09-30 14:00:00,21.69428469814284
2030-09-30 15:00:00,0.009898201960961505
2030-09-30 16:00:00,0.007799910692057608
2030-09-30 17:00:00,0.007678517726688162
2030-09-30 18:00:00,0.007795415353881214
2030-09-30 19:00:00,0.007793262307269759
2030-09-30 20:00:00,0.007818855577390682
2030-09-30 21:00:00,0.007800217084337515
2030-09-30 22:00:00,0.007747621364001854
2030-09-30 23:00:00,0.007624490653324023
2030-10-01 00:00:00,0.008253658276981978
2030-10-01 01:00:00,0.008410986380740795
2030-10-01 02:00:00,0.008425198492019195
2030-10-01 03:00:00,0.008421995834081535
2030-10-01 04:00:00,0.00857118088783136
2030-10-01 05:00:00,0.008961043923497844
2030-10-01 06:00:00,5.80640777415701
2030-10-01 07:00:00,161.09713667211912
2030-10-01 08:00:00,1266.6997580520595
2030-10-01 09:00:00,2088.8868063764485
2030-10-01 10:00:00,2512.0049333549255
2030-10-01 11:00:00,2530.5384409829026
2030-10-01 12:00:00,2367.1927962492186
2030-10-01 13:00:00,1911.8530749394422
2030-10-01 14:00:00,973.7865506229132
2030-10-01 15:00:00,99.05959891112597
2030-10-01 16:00:00,0.011871813229106845
2030-10-01 17:00:00,0.010674775613509454
2030-10-01 18:00:00,0.011054451633451371
2030-10-01 19:00:00,0.011286206936675511
2030-10-01 20:00:00,0.011108943567819943
2030-10-01 21:00:00,0.011107692484969916
2030-10-01 22:00:00,0.010950112123083855
2030-10-01 23:00:00,0.010810902535131107
2030-10-02 00:00:00,0.010432220421162663
2030-10-02 01:00:00,0.010754631502658948
2030-10-02 02:00:00,0.010816494441720685
2030-10-02 03:00:00,0.010449694963066445
2030-10-02 04:00:00,0.010182975681110928
2030-10-02 05:00:00,0.009798721554549283
2030-10-02 06:00:00,0.01048065196653213
2030-10-02 07:00:00,98.69708675912813
2030-10-02 08:00:00,828.9617317100002
2030-10-02 09:00:00,1586.1105718688298
2030-10-02 10:00:00,2031.5717192292382
2030-10-02 11:00:00,2033.7222291834712
2030-10-02 12:00:00,1862.982864290674
2030-10-02 13:00:00,1422.2843842862037
2030-10-02 14:00:00,575.6197405974989
2030-10-02 15:00:00,30.59483717127305
2030-10-02 16:00:00,0.0008990175012258778
2030-10-02 17:00:00,0.0008814491562765382
2030-10-02 18:00:00,0.0009063133740972448
2030-10-02 19:00:00,0.0009080784567824503
2030-10-02 20:00:00,0.0009093541660961722
2030-10-02 21:00:00,0.0009085867458700681
2030-10-02 22:00:00,0.0009127667200168061
2030-10-02 23:00:00,0.0009132781751821758
2030-10-03 00:00:00,0.00091169633284969
2030-10-03 01:00:00,0.0009095200541866982
2030-10-03 02:00:00,0.000907284311908208
2030-10-03 03:00:00,0.00090448284527494
2030-10-03 04:00:00,0.0008958463915253938
2030-10-03 05:00:00,0.0008862995840850151
2030-10-03 06:00:00,0.0008678498397920492
2030-10-03 07:00:00,22.575359255010568
2030-10-03 08:00:00,235.89614202637244
2030-10-03 09:00:00,903.5568310294324
2030-10-03 10:00:00,1343.448267148187
2030-10-03 11:00:00,1258.103015058092
2030-10-03 12:00:00,1049.1170578658162
2030-10-03 13:00:00,536.1234030178335
2030-10-03 14:00:00,37.57319292453237
2030-10-03 15:00:00,5.184844112234407
2030-10-03 16:00:00,0.0016254318181480186
2030-10-03 17:00:00,0.0016186328613863404
2030-10-03 18:00:00,0.0016481756674369516
2030-10-03 19:00:00,0.0016527951264387899
2030-10-03 20:00:00,0.0016750412873878
2030-10-03 21:00:00,0.0016949916228798593
2030-10-03 22:00:00,0.0017265694180911308
2030-10-03 23:00:00,0.0017396020829178874
2030-10-04 00:00:00,0.0018099509334921994
2030-10-04 01:00:00,0.0018526519724839916
2030-10-04 02:00:00,0.0018934118065443315
2030-10-04 03:00:00,0.0018859492152432237
2030-10-04 04:00:00,0.0018873668532876282
2030-10-04 05:00:00,0.001887620924742458
2030-10-04 06:00:00,0.0019835838183251374
2030-10-04 07:00:00,32.64122476236173
2030-10-04 08:00:00,204.45569956405217
2030-10-04 09:00:00,618.2518058520978
2030-10-04 10:00:00,1103.6705074177032
2030-10-04 11:00:00,1048.3592771201522
2030-10-04 12:00:00,979.174293734881
2030-10-04 13:00:00,660.7573983943045
2030-10-04 14:00:00,86.31997082336704
2030-10-04 15:00:00,15.534317625225741
2030-10-04 16:00:00,0.011202883444999114
2030-10-04 17:00:00,0.010523081470681147
2030-10-04 18:00:00,0.011162600134324996
2030-10-04 19:00:00,0.01123560771195012
2030-10-04 20:00:00,0.01172422409476142
2030-10-04 21:00:00,0.012233414315126482
2030-10-04 22:00:00,0.012188086516418443
2030-10-04 23:00:00,0.012200609767846156
2030-10-05 00:00:00,0.012234972427966128
2030-10-05 01:00:00,0.0122786637276244
2030-10-05 02:00:00,0.012403384183347126
2030-10-05 03:00:00,0.012133906441940876
2030-10-05 04:00:00,0.011727600072300937
2030-10-05 05:00:00,0.010805323301122898
2030-10-05 06:00:00,0.010971332165859854
2030-10-05 07:00:00,26.721192588016905
2030-10-05 08:00:00,92.05164294345607
2030-10-05 09:00:00,403.63226331174576
2030-10-05 10:00:00,818.4375590620598
2030-10-05 11:00:00,832.613762014451
2030-10-05 12:00:00,786.2557132197464
2030-10-05 13:00:00,332.2730000095171
2030-10-05 14:00:00,56.90641285894109
2030-10-05 15:00:00,8.208035002803381
2030-10-05 16:00:00,0.009077817116498571
2030-10-05 17:00:00,0.008933770439951742
2030-10-05 18:00:00,0.009142352401741834
2030-10-05 19:00:00,0.009245817042330823
2030-10-05 20:00:00,0.00929882241045851
2030-10-05 21:00:00,0.009769484254420948
2030-10-05 22:00:00,0.010386119572382772
2030-10-05 23:00:00,0.01116325310757897
2030-10-06 00:00:00,0.011274762883723055
2030-10-06 01:00:00,0.011355340840761216
2030-10-06 02:00:00,0.0113895702227475
2030-10-06 03:00:00,0.0111252783505208
2030-10-06 04:00:00,0.010513289772310459
2030-10-06 05:00:00,0.009866487021749472
2030-10-06 06:00:00,0.009960397904498899
2030-10-06 07:00:00,23.465880943774128
2030-10-06 08:00:00,172.22771758246748
2030-10-06 09:00:00,491.71311885311945
2030-10-06 10:00:00,755.9342133196781
2030-10-06 11:00:00,752.8984992438154
2030-10-06 12:00:00,805.5173048310327
2030-10-06 13:00:00,516.9474258602597
2030-10-06 14:00:00,210.98064561587253
2030-10-06 15:00:00,36.275077780803365
2030-10-06 16:00:00,0.010208205227075514
2030-10-06 17:00:00,0.010122954340128939
2030-10-06 18:00:00,0.010912374642878997
2030-10-06 19:00:00,0.01133685161842379
2030-10-06 20:00:00,0.011597215753160799
2030-10-06 21:00:00,0.011637512024134732
2030-10-06 22:00:00,0.010537679315212663
2030-10-06 23:00:00,0.009553521837124646
2030-10-07 00:00:00,3.7075256669211973
2030-10-07 01:00:00,6.344645846354123
2030-10-07 02:00:00,3.631497431234522
2030-10-07 03:00:00,1.5200510455765581
2030-10-07 04:00:00,0.9516432711876172
2030-10-07 05:00:00,0.8555681854112911
2030-10-07 06:00:00,9.764155254198215
2030-10-07 07:00:00,182.97181441908765
2030-10-07 08:00:00,679.5613190767135
2030-10-07 09:00:00,1140.646410066119
2030-10-07 10:00:00,1357.756828158781
2030-10-07 11:00:00,1139.577143426033
2030-10-07 12:00:00,998.0479031488069
2030-10-07 13:00:00,506.9761418365019
2030-10-07 14:00:00,72.47506565772082
2030-10-07 15:00:00,13.188844668781249
2030-10-07 16:00:00,0.010191540249397767
2030-10-07 17:00:00,0.009612201950071153
2030-10-07 18:00:00,0.00982949605629923
2030-10-07 19:00:00,0.009724846895510333
2030-10-07 20:00:00,0.009742607484349084
2030-10-07 21:00:00,0.00998043776187571
2030-10-07 22:00:00,0.009887317259002442
2030-10-07 23:00:00,0.010009601657994673
2030-10-08 00:00:00,0.009983491393552552
2030-10-08 01:00:00,0.00998054577170569
2030-10-08 02:00:00,0.00992223583459172
2030-10-08 03:00:00,0.009513305071324814
2030-10-08 04:00:00,0.009392944033116968
2030-10-08 05:00:00,0.009328671411048144
2030-10-08 06:00:00,0.010054557252890907
2030-10-08 07:00:00,35.827049755748334
2030-10-08 08:00:00,341.3231284880113
2030-10-08 09:00:00,1039.9143978585341
2030-10-08 10:00:00,1589.5216295214982
2030-10-08 11:00:00,1564.7683469912633
2030-10-08 12:00:00,1417.776320529275
2030-10-08 13:00:00,845.0238347664263
2030-10-08 14:00:00,134.34092882557218
2030-10-08 15:00:00,22.353987132942922
2030-10-08 16:00:00,0.009261653914657319
2030-10-08 17:00:00,0.008980168465004615
2030-10-08 18:00:00,0.009103678156301124
2030-10-08 19:00:00,0.009232964495872744
2030-10-08 20:00:00,0.009249187991081657
2030-10-08 21:00:00,0.009514847250582114
2030-10-08 22:00:00,0.009773475835693227
2030-10-08 23:00:00,0.00999149306107794
2030-10-09 00:00:00,0.010009369358127605
2030-10-09 01:00:00,0.009967880138125771
2030-10-09 02:00:00,0.009917784343336665
2030-10-09 03:00:00,0.009812267248725257
2030-10-09 04:00:00,0.010105082062092261
2030-10-09 05:00:00,0.010138084188256085
2030-10-09 06:00:00,0.0110128808315623
2030-10-09 07:00:00,120.80991334875371
2030-10-09 08:00:00,912.4840511922495
2030-10-09 09:00:00,1495.408296105213
2030-10-09 10:00:00,1844.2194961630148
2030-10-09 11:00:00,1814.6623249970594
2030-10-09 12:00:00,1651.0016146559738
2030-10-09 13:00:00,1264.788636549891
2030-10-09 14:00:00,582.9389468630511
2030-10-09 15:00:00,58.84393407221522
2030-10-09 16:00:00,0.01068484158449513
2030-10-09 17:00:00,0.010022590656975347
2030-10-09 18:00:00,0.010334757791286868
2030-10-09 19:00:00,0.009874355564417497
2030-10-09 20:00:00,0.009418861879725593
2030-10-09 21:00:00,0.00926646125127395
2030-10-09 22:00:00,0.009439451473595862
2030-10-09 23:00:00,0.009418834803052922
2030-10-10 00:00:00,0.009860583447634191
2030-10-10 01:00:00,0.010015384935797572
2030-10-10 02:00:00,0.010415328399419017
2030-10-10 03:00:00,0.01050258429508837
2030-10-10 04:00:00,0.010657745026955115
2030-10-10 05:00:00,0.010550056995007358
2030-10-10 06:00:00,0.010994274160993439
2030-10-10 07:00:00,92.15122177517644
2030-10-10 08:00:00,705.0835720457612
2030-10-10 09:00:00,1243.7785562907136
2030-10-10 10:00:00,1597.7882043185148
2030-10-10 11:00:00,1469.0081753528873
2030-10-10 12:00:00,1360.4267550236257
2030-10-10 13:00:00,1025.6081345755524
2030-10-10 14:00:00,370.05951054172
2030-10-10 15:00:00,42.12166902699028
2030-10-10 16:00:00,0.010531268222583696
2030-10-10 17:00:00,0.010140942252397315
2030-10-10 18:00:00,0.010524165138080153
2030-10-10 19:00:00,0.010682580251144026
2030-10-10 20:00:00,0.01053537826135687
2030-10-10 21:00:00,0.01049749898429941
2030-10-10 22:00:00,0.010479015172690979
2030-10-10 23:00:00,0.010317276525230274
2030-10-11 00:00:00,0.011040593758803745
2030-10-11 01:00:00,0.010948342011226646
2030-10-11 02:00:00,0.010928990704627784
2030-10-11 03:00:00,0.010623782811168058
2030-10-11 04:00:00,0.010324117938531486
2030-10-11 05:00:00,0.010488700107400911
2030-10-11 06:00:00,0.010642834840149235
2030-10-11 07:00:00,31.500727540643826
2030-10-11 08:00:00,99.29494192225215
2030-10-11 09:00:00,366.7958040490174
2030-10-11 10:00:00,623.6849224367277
2030-10-11 11:00:00,564.1199411714471
2030-10-11 12:00:00,364.16867494296673
2030-10-11 13:00:00,79.53581356620391
2030-10-11 14:00:00,34.60508626925045
2030-10-11 15:00:00,0.01220091777851676
2030-10-11 16:00:00,0.00962092180060997
2030-10-11 17:00:00,0.009540762868974338
2030-10-11 18:00:00,0.009813914556055748
2030-10-11 19:00:00,0.009931965333881972
2030-10-11 20:00:00,0.00997168691566133
2030-10-11 21:00:00,0.010008990498505697
2030-10-11 22:00:00,0.01004282544510728
2030-10-11 23:00:00,0.010054955173990448
2030-10-12 00:00:00,0.010065593312556086
2030-10-12 01:00:00,0.010310320845050354
2030-10-12 02:00:00,0.010426939926984518
2030-10-12 03:00:00,0.010896971519899597
2030-10-12 04:00:00,0.011220661594093316
2030-10-12 05:00:00,0.011769493002176128
2030-10-12 06:00:00,0.012134722769314281
2030-10-12 07:00:00,21.413960402943577
2030-10-12 08:00:00,60.83276092834426
2030-10-12 09:00:00,252.26853154948773
2030-10-12 10:00:00,670.6641441344383
2030-10-12 11:00:00,725.1130461608456
2030-10-12 12:00:00,611.3764981443908
2030-10-12 13:00:00,293.0283501637792
2030-10-12 14:00:00,53.43522091045507
2030-10-12 15:00:00,6.582026796616512
2030-10-12 16:00:00,0.012217597670965143
2030-10-12 17:00:00,0.012866506137488331
2030-10-12 18:00:00,0.013306676995299072
2030-10-12 19:00:00,0.013395332385749503
2030-10-12 20:00:00,0.013468489330750469
2030-10-12 21:00:00,0.012467197539791905
2030-10-12 22:00:00,0.011712044418922315
2030-10-12 23:00:00,0.011857237136655183
2030-10-13 00:00:00,0.01176927869949702
2030-10-13 01:00:00,0.01224043894042167
2030-10-13 02:00:00,0.012083707085194514
2030-10-13 03:00:00,0.0116038601143725
2030-10-13 04:00:00,0.012125152388341998
2030-10-13 05:00:00,0.012122244721129546
2030-10-13 06:00:00,1.9811722915960521
2030-10-13 07:00:00,31.69943534456565
2030-10-13 08:00:00,87.27545905571573
2030-10-13 09:00:00,124.9837512030848
2030-10-13 10:00:00,225.03337751571672
2030-10-13 11:00:00,150.8607122767766
2030-10-13 12:00:00,90.48953589405833
2030-10-13 13:00:00,43.68755062565418
2030-10-13 14:00:00,25.754385216965158
2030-10-13 15:00:00,0.01278885278031175
2030-10-13 16:00:00,0.01101869157819434
2030-10-13 17:00:00,0.010954869817034266
2030-10-13 18:00:00,0.011057587270313108
2030-10-13 19:00:00,0.010889253432719046
2030-10-13 20:00:00,0.010892342503208086
2030-10-13 21:00:00,0.010817936276464957
2030-10-13 22:00:00,0.010653095128848229
2030-10-13 23:00:00,0.010715690580647653
2030-10-14 00:00:00,0.010806488421035973
2030-10-14 01:00:00,0.011113825754324744
2030-10-14 02:00:00,0.011127629026576664
2030-10-14 03:00:00,0.010976760688027025
2030-10-14 04:00:00,0.0109104918015706
2030-10-14 05:00:00,0.010557012440834748
2030-10-14 06:00:00,0.010980797797800076
2030-10-14 07:00:00,9.155545329265856
2030-10-14 08:00:00,14.400161394781334
2030-10-14 09:00:00,14.783758828027606
2030-10-14 10:00:00,41.81565278750231
2030-10-14 11:00:00,19.02105090595253
2030-10-14 12:00:00,20.2557699756659
2030-10-14 13:00:00,13.529343367854247
2030-10-14 14:00:00,9.785850784276056
2030-10-14 15:00:00,0.0011019450791103632
2030-10-14 16:00:00,0.000960833302609798
2030-10-14 17:00:00,0.000978779374663565
2030-10-14 18:00:00,0.000977796283292324
2030-10-14 19:00:00,0.0009755641940791362
2030-10-14 20:00:00,0.0009761870347757283
2030-10-14 21:00:00,0.0009739919624212218
2030-10-14 22:00:00,0.0009739428391352101
2030-10-14 23:00:00,0.000978461751889412
2030-10-15 00:00:00,0.0009858951778009698
2030-10-15 01:00:00,0.0009956267711708452
2030-10-15 02:00:00,0.0010036177237835056
2030-10-15 03:00:00,0.0010069631289178155
2030-10-15 04:00:00,0.0010066117458134175
2030-10-15 05:00:00,0.0009945449038524484
2030-10-15 06:00:00,0.0010036209150278937
2030-10-15 07:00:00,5.19946339091968
2030-10-15 08:00:00,8.393434737207382
2030-10-15 09:00:00,15.894553973102548
2030-10-15 10:00:00,360.16734045538095
2030-10-15 11:00:00,332.8286527263775
2030-10-15 12:00:00,137.27989335078706
2030-10-15 13:00:00,11.726961466189529
2030-10-15 14:00:00,8.475562634624554
2030-10-15 15:00:00,1.6426015079151188
2030-10-15 16:00:00,0.009168742940493456
2030-10-15 17:00:00,0.009216722317028558
2030-10-15 18:00:00,0.009247821187476349
2030-10-15 19:00:00,0.009230447150991576
2030-10-15 20:00:00,0.009208216731555365
2030-10-15 21:00:00,0.009169298522537131
2030-10-15 22:00:00,0.00908725653595017
2030-10-15 23:00:00,0.0090780562232128
2030-10-16 00:00:00,0.009059693730385196
2030-10-16 01:00:00,0.009131776080821214
2030-10-16 02:00:00,0.00920856665061364
2030-10-16 03:00:00,0.009296350117371222
2030-10-16 04:00:00,0.009416837882728376
2030-10-16 05:00:00,0.009542899134827854
2030-10-16 06:00:00,0.009695697013145013
2030-10-16 07:00:00,10.231208483452368
2030-10-16 08:00:00,18.805119336929167
2030-10-16 09:00:00,21.527820008728686
2030-10-16 10:00:00,53.45193255013499
2030-10-16 11:00:00,37.42169103950064
2030-10-16 12:00:00,26.542263161914544
2030-10-16 13:00:00,21.856385848580402
2030-10-16 14:00:00,15.060071178036695
2030-10-16 15:00:00,0.012007234359814028
2030-10-16 16:00:00,0.010163020415827331
2030-10-16 17:00:00,0.010155901325325643
2030-10-16 18:00:00,0.010453959565121192
2030-10-16 19:00:00,0.010560929177499536
2030-10-16 20:00:00,0.010677835030084196
2030-10-16 21:00:00,0.010629114870097992
2030-10-16 22:00:00,0.010720006777280864
2030-10-16 23:00:00,0.010810571141598368
2030-10-17 00:00:00,0.011731875334688804
2030-10-17 01:00:00,0.011946024692231603
2030-10-17 02:00:00,0.012148571268149316
2030-10-17 03:00:00,0.012283253770975337
2030-10-17 04:00:00,0.012160475775186457
2030-10-17 05:00:00,0.01200243947294271
2030-10-17 06:00:00,0.011454537621310781
2030-10-17 07:00:00,9.940964776976452
2030-10-17 08:00:00,19.83257065229433
2030-10-17 09:00:00,22.316023684231048
2030-10-17 10:00:00,32.71645239128622
2030-10-17 11:00:00,35.56966334813265
2030-10-17 12:00:00,48.766787621167964
2030-10-17 13:00:00,23.12331428242199
2030-10-17 14:00:00,17.052716398852215
2030-10-17 15:00:00,0.012382588203483525
2030-10-17 16:00:00,0.010018574090393197
2030-10-17 17:00:00,0.010214809838516026
2030-10-17 18:00:00,0.010255564118004863
2030-10-17 19:00:00,0.010450093765841311
2030-10-17 20:00:00,0.01047110362312922
2030-10-17 21:00:00,0.010745791280379438
2030-10-17 22:00:00,0.010926668193977723
2030-10-17 23:00:00,0.01112090726816276
2030-10-18 00:00:00,0.010799604851125877
2030-10-18 01:00:00,0.01078361449949665
2030-10-18 02:00:00,0.011013269812996575
2030-10-18 03:00:00,0.01111227798839695
2030-10-18 04:00:00,0.011540419720429573
2030-10-18 05:00:00,0.011532187215225417
2030-10-18 06:00:00,0.011668915809217
2030-10-18 07:00:00,36.62398672023766
2030-10-18 08:00:00,215.39497863452544
2030-10-18 09:00:00,742.3981224777742
2030-10-18 10:00:00,1068.5552718293993
2030-10-18 11:00:00,956.0218472219982
2030-10-18 12:00:00,751.7974974340999
2030-10-18 13:00:00,227.57733803122855
2030-10-18 14:00:00,42.35887963146911
2030-10-18 15:00:00,0.01285304935399047
2030-10-18 16:00:00,0.011056191311984062
2030-10-18 17:00:00,0.011136947224234871
2030-10-18 18:00:00,0.01119850560956433
2030-10-18 19:00:00,0.01150162972895399
2030-10-18 20:00:00,0.01157471905089497
2030-10-18 21:00:00,0.011855552254320422
2030-10-18 22:00:00,0.011293838673604256
2030-10-18 23:00:00,0.011223096613336855
2030-10-19 00:00:00,0.011610112139382118
2030-10-19 01:00:00,0.011590324142378981
2030-10-19 02:00:00,0.011558177290623466
2030-10-19 03:00:00,0.011442457774652193
2030-10-19 04:00:00,0.011120027663262226
2030-10-19 05:00:00,0.011029527055756338
2030-10-19 06:00:00,0.011049490060937032
2030-10-19 07:00:00,13.986381325113253
2030-10-19 08:00:00,29.48997884639645
2030-10-19 09:00:00,85.40939319948777
2030-10-19 10:00:00,240.00142649364898
2030-10-19 11:00:00,91.8534141879169
2030-10-19 12:00:00,38.04874606048721
2030-10-19 13:00:00,28.437469785020404
2030-10-19 14:00:00,12.918802250286895
2030-10-19 15:00:00,0.01094870178088997
2030-10-19 16:00:00,0.009634520105654638
2030-10-19 17:00:00,0.00996310457825173
2030-10-19 18:00:00,0.010242484412504025
2030-10-19 19:00:00,0.01023979933020604
2030-10-19 20:00:00,0.010267096372116966
2030-10-19 21:00:00,0.010167749467039043
2030-10-19 22:00:00,0.010390191466313864
2030-10-19 23:00:00,0.010494843628924205
2030-10-20 00:00:00,0.010970201390554398
2030-10-20 01:00:00,0.011232234184368464
2030-10-20 02:00:00,0.011243765127828646
2030-10-20 03:00:00,0.011260356216634997
2030-10-20 04:00:00,0.011293419548838973
2030-10-20 05:00:00,0.011090681043889397
2030-10-20 06:00:00,0.011173071135229896
2030-10-20 07:00:00,45.873729258988135
2030-10-20 08:00:00,471.13132165655156
2030-10-20 09:00:00,1150.7731560277382
2030-10-20 10:00:00,1645.969010841499
2030-10-20 11:00:00,1655.847511375388
2030-10-20 12:00:00,1411.089409506569
2030-10-20 13:00:00,792.0137611404542
2030-10-20 14:00:00,109.25305504782814
2030-10-20 15:00:00,15.49524624354429
2030-10-20 16:00:00,0.009889755000879352
2030-10-20 17:00:00,0.009785313188230805
2030-10-20 18:00:00,0.010144983861962399
2030-10-20 19:00:00,0.010201884271825177
2030-10-20 20:00:00,0.010183078750973958
2030-10-20 21:00:00,0.010454992040304385
2030-10-20 22:00:00,0.010498245878815472
2030-10-20 23:00:00,0.010630603203899908
2030-10-21 00:00:00,0.01078135505868661
2030-10-21 01:00:00,0.011052300572279017
2030-10-21 02:00:00,0.011063574719595431
2030-10-21 03:00:00,0.010848329844158257
2030-10-21 04:00:00,0.01056465671350256
2030-10-21 05:00:00,0.010107600045962319
2030-10-21 06:00:00,0.010272160187222285
2030-10-21 07:00:00,53.40607204430027
2030-10-21 08:00:00,621.2421334126503
2030-10-21 09:00:00,1406.6999045725065
2030-10-21 10:00:00,1905.1667627681484
2030-10-21 11:00:00,1889.6626452203304
2030-10-21 12:00:00,1682.6919329693992
2030-10-21 13:00:00,1021.6365839952995
2030-10-21 14:00:00,180.31260149071576
2030-10-21 15:00:00,19.99711086901723
2030-10-21 16:00:00,0.009671410350775065
2030-10-21 17:00:00,0.009657039439854471
2030-10-21 18:00:00,0.00967835493750111
2030-10-21 19:00:00,0.009728300225335778
2030-10-21 20:00:00,0.009716158849445345
2030-10-21 21:00:00,0.009572163413203976
2030-10-21 22:00:00,0.009680121318959251
2030-10-21 23:00:00,0.009977668900269448
2030-10-22 00:00:00,0.01053341170264519
2030-10-22 01:00:00,0.01042900900098101
2030-10-22 02:00:00,0.010582511684495024
2030-10-22 03:00:00,0.010633023633205374
2030-10-22 04:00:00,0.010579528401764597
2030-10-22 05:00:00,0.010279416637931055
2030-10-22 06:00:00,0.010468113308133378
2030-10-22 07:00:00,41.0973979599581
2030-10-22 08:00:00,309.05724503206847
2030-10-22 09:00:00,715.4384027666623
2030-10-22 10:00:00,846.328673212026
2030-10-22 11:00:00,794.6880925383429
2030-10-22 12:00:00,719.1743409690673
2030-10-22 13:00:00,549.1844437911378
2030-10-22 14:00:00,169.95673232273052
2030-10-22 15:00:00,25.2162314364612
2030-10-22 16:00:00,0.010856054381536258
2030-10-22 17:00:00,0.010882523313983433
2030-10-22 18:00:00,0.011388095391577409
2030-10-22 19:00:00,0.011388717886492015
2030-10-22 20:00:00,0.011413630427441436
2030-10-22 21:00:00,0.01154272614617276
2030-10-22 22:00:00,0.011771266408245874
2030-10-22 23:00:00,0.011177232406217555
2030-10-23 00:00:00,0.011199333665497142
2030-10-23 01:00:00,0.010998315959787463
2030-10-23 02:00:00,0.01025512547304352
2030-10-23 03:00:00,0.009884253215573641
2030-10-23 04:00:00,0.009267909862318222
2030-10-23 05:00:00,0.009088644902411912
2030-10-23 06:00:00,0.009766621253797684
2030-10-23 07:00:00,100.56221800955481
2030-10-23 08:00:00,830.3756296766958
2030-10-23 09:00:00,1528.1384377553122
2030-10-23 10:00:00,2055.2728020166887
2030-10-23 11:00:00,2232.018786508193
2030-10-23 12:00:00,2098.5334209288244
2030-10-23 13:00:00,1530.6612884068907
2030-10-23 14:00:00,709.9368984992809
2030-10-23 15:00:00,58.31365181168703
2030-10-23 16:00:00,0.010665732502458223
2030-10-23 17:00:00,0.010459045827319807
2030-10-23 18:00:00,0.010598973123227204
2030-10-23 19:00:00,0.010370672549562974
2030-10-23 20:00:00,0.009890622866773202
2030-10-23 21:00:00,0.010041931860290627
2030-10-23 22:00:00,0.01014390613235247
2030-10-23 23:00:00,0.009808527863763624
2030-10-24 00:00:00,0.010020020902765284
2030-10-24 01:00:00,0.00973206787512651
2030-10-24 02:00:00,0.009545173721671192
2030-10-24 03:00:00,0.009308431919396808
2030-10-24 04:00:00,0.009291202108862124
2030-10-24 05:00:00,0.009164718537446125
2030-10-24 06:00:00,0.008908643629803986
2030-10-24 07:00:00,5.702643809145069
2030-10-24 08:00:00,49.74918046988843
2030-10-24 09:00:00,144.91875527890653
2030-10-24 10:00:00,426.38845239725725
2030-10-24 11:00:00,499.8721405995811
2030-10-24 12:00:00,341.82807701931085
2030-10-24 13:00:00,93.47218880565185
2030-10-24 14:00:00,44.345030956461486
2030-10-24 15:00:00,0.012232287799850533
2030-10-24 16:00:00,0.009988100002249879
2030-10-24 17:00:00,0.010007044637431309
2030-10-24 18:00:00,0.010343958445370397
2030-10-24 19:00:00,0.010573643113215157
2030-10-24 20:00:00,0.011004760507316297
2030-10-24 21:00:00,0.01093934132559689
2030-10-24 22:00:00,0.011323897957494725
2030-10-24 23:00:00,0.0117472556350309
2030-10-25 00:00:00,0.012982716129509545
2030-10-25 01:00:00,0.013490195541863014
2030-10-25 02:00:00,0.01356149667363397
2030-10-25 03:00:00,0.013820006942811183
2030-10-25 04:00:00,0.01356207919243962
2030-10-25 05:00:00,0.01319246281595553
2030-10-25 06:00:00,0.013052342041355828
2030-10-25 07:00:00,35.65463908595276
2030-10-25 08:00:00,201.12261722666022
2030-10-25 09:00:00,642.2978703397113
2030-10-25 10:00:00,913.8552243637622
2030-10-25 11:00:00,683.590117718561
2030-10-25 12:00:00,458.4726628581948
2030-10-25 13:00:00,131.50417570639573
2030-10-25 14:00:00,40.438404644155135
2030-10-25 15:00:00,0.013248845047531994
2030-10-25 16:00:00,0.011116317559953735
2030-10-25 17:00:00,0.011354570982078559
2030-10-25 18:00:00,0.01174574395261371
2030-10-25 19:00:00,0.011781443609130523
2030-10-25 20:00:00,0.012370753006707884
2030-10-25 21:00:00,0.012236145351463007
2030-10-25 22:00:00,0.012399651358041958
2030-10-25 23:00:00,0.012730723724183716
2030-10-26 00:00:00,0.012920819373749294
2030-10-26 01:00:00,0.012727018114913627
2030-10-26 02:00:00,0.012003171804187345
2030-10-26 03:00:00,0.011802386531952576
2030-10-26 04:00:00,0.011518137197067683
2030-10-26 05:00:00,0.011201729229507094
2030-10-26 06:00:00,0.010586684065469788
2030-10-26 07:00:00,56.43865439502739
2030-10-26 08:00:00,731.7942960093818
2030-10-26 09:00:00,1760.741233596281
2030-10-26 10:00:00,2434.046199561612
2030-10-26 11:00:00,2465.881804710623
2030-10-26 12:00:00,2167.2299105669863
2030-10-26 13:00:00,1409.2210633006146
2030-10-26 14:00:00,341.99250789309633
2030-10-26 15:00:00,12.086579735828964
2030-10-26 16:00:00,0.0008804346982222308
2030-10-26 17:00:00,0.0008893636468731216
2030-10-26 18:00:00,0.000894707490265386
2030-10-26 19:00:00,0.0009030679358531016
2030-10-26 20:00:00,0.0008987829677440703
2030-10-26 21:00:00,0.0008915354095557963
2030-10-26 22:00:00,0.0008951565647052007
2030-10-26 23:00:00,0.0009074445884044118
2030-10-27 00:00:00,0.0009049693359196966
2030-10-27 01:00:00,0.0009094655338253826
2030-10-27 02:00:00,0.0009105980189691128
2030-10-27 03:00:00,0.0009054234643528933
2030-10-27 04:00:00,0.0009046087909749919
2030-10-27 05:00:00,0.0009057227400513777
2030-10-27 06:00:00,0.0008979143697001841
2030-10-27 07:00:00,12.39081363076246
2030-10-27 08:00:00,56.78457537000172
2030-10-27 09:00:00,519.974610189066
2030-10-27 10:00:00,1012.1608686952145
2030-10-27 11:00:00,1223.065399242448
2030-10-27 12:00:00,1079.0188378790863
2030-10-27 13:00:00,565.9889787164601
2030-10-27 14:00:00,39.955073778298406
2030-10-27 15:00:00,5.034332498355021
2030-10-27 16:00:00,0.008956733831573525
2030-10-27 17:00:00,0.009407446204260494
2030-10-27 18:00:00,0.00987165964206586
2030-10-27 19:00:00,0.00988482330083652
2030-10-27 20:00:00,0.010072719962571237
2030-10-27 21:00:00,0.010230881778747132
2030-10-27 22:00:00,0.010181208562724677
2030-10-27 23:00:00,0.010427311488079773
2030-10-28 00:00:00,0.010726536852666871
2030-10-28 01:00:00,0.010942112416159139
2030-10-28 02:00:00,0.010754220357068798
2030-10-28 03:00:00,0.010583198628738948
2030-10-28 04:00:00,0.0106525498332776
2030-10-28 05:00:00,0.010345237911940449
2030-10-28 06:00:00,0.010276378790836323
2030-10-28 07:00:00,14.682882817497596
2030-10-28 08:00:00,57.89961267328462
2030-10-28 09:00:00,673.3272967949931
2030-10-28 10:00:00,1208.2756135272318
2030-10-28 11:00:00,1376.128166988509
2030-10-28 12:00:00,1238.0300856442054
2030-10-28 13:00:00,707.4134210415149
2030-10-28 14:00:00,44.712811651332
2030-10-28 15:00:00,5.3590086040393725
2030-10-28 16:00:00,0.0009569710443398198
2030-10-28 17:00:00,0.0009785170460031248
2030-10-28 18:00:00,0.0009988891554854541
2030-10-28 19:00:00,0.0010001932408898334
2030-10-28 20:00:00,0.0010217294172197
2030-10-28 21:00:00,0.0010327790901218333
2030-10-28 22:00:00,0.0010214423694560471
2030-10-28 23:00:00,0.0010427073174922585
2030-10-29 00:00:00,0.001057733222949356
2030-10-29 01:00:00,0.0010570324481262517
2030-10-29 02:00:00,0.0010414170610240673
2030-10-29 03:00:00,0.0010440708948591779
2030-10-29 04:00:00,0.0010393016271917366
2030-10-29 05:00:00,0.001044314765932244
2030-10-29 06:00:00,0.0010316734477175086
2030-10-29 07:00:00,17.73775206479707
2030-10-29 08:00:00,209.4633137820897
2030-10-29 09:00:00,917.8986949439017
2030-10-29 10:00:00,1406.842839376478
2030-10-29 11:00:00,1493.4332070301357
2030-10-29 12:00:00,1297.3713419511105
2030-10-29 13:00:00,815.6098747051946
2030-10-29 14:00:00,143.9413295191376
2030-10-29 15:00:00,14.13942915273665
2030-10-29 16:00:00,0.00894464662068626
2030-10-29 17:00:00,0.008923069693087211
2030-10-29 18:00:00,0.008963478833699544
2030-10-29 19:00:00,0.008869994505522952
2030-10-29 20:00:00,0.009053348901078387
2030-10-29 21:00:00,0.009485482271408982
2030-10-29 22:00:00,0.009606356322537118
2030-10-29 23:00:00,0.010207176594437768
2030-10-30 00:00:00,0.011114159664629829
2030-10-30 01:00:00,0.01083345873752512
2030-10-30 02:00:00,0.010739074621834054
2030-10-30 03:00:00,0.01073640193777953
2030-10-30 04:00:00,0.010391859368172402
2030-10-30 05:00:00,0.010422452529757159
2030-10-30 06:00:00,0.011598336007968208
2030-10-30 07:00:00,472.55047566849396
2030-10-30 08:00:00,1822.941335622828
2030-10-30 09:00:00,2857.0066830071232
2030-10-30 10:00:00,2046.1266280691066
2030-10-30 11:00:00,2241.732782201996
2030-10-30 12:00:00,2035.1978904292625
2030-10-30 13:00:00,2889.659113590126
2030-10-30 14:00:00,1838.0960837155142
2030-10-30 15:00:00,380.816954702689
2030-10-30 16:00:00,0.011083043787962214
2030-10-30 17:00:00,0.010433685406316447
2030-10-30 18:00:00,0.010342009391125964
2030-10-30 19:00:00,0.010114473352485888
2030-10-30 20:00:00,0.010128053255553653
2030-10-30 21:00:00,0.01030227848369888
2030-10-30 22:00:00,0.010224535365716315
2030-10-30 23:00:00,0.010586244398904267
2030-10-31 00:00:00,0.010430207792524113
2030-10-31 01:00:00,0.010334935986173455
2030-10-31 02:00:00,0.010207477791625522
2030-10-31 03:00:00,0.010215983414746803
2030-10-31 04:00:00,0.009939587104691805
2030-10-31 05:00:00,0.009597820929830591
2030-10-31 06:00:00,0.009231153038199099
2030-10-31 07:00:00,37.959002594687234
2030-10-31 08:00:00,492.3967298987946
2030-10-31 09:00:00,1289.7934012238502
2030-10-31 10:00:00,1724.636306893081
2030-10-31 11:00:00,1733.3829988734738
2030-10-31 12:00:00,1537.194872566716
2030-10-31 13:00:00,984.0353433277996
2030-10-31 14:00:00,212.72988006068616
2030-10-31 15:00:00,16.165446257751174
2030-10-31 16:00:00,0.009463676188918087
2030-10-31 17:00:00,0.009757422028735478
2030-10-31 18:00:00,0.01008440265520774
2030-10-31 19:00:00,0.010350970425180104
2030-10-31 20:00:00,0.010967479874754231
2030-10-31 21:00:00,0.01111253290663496
2030-10-31 22:00:00,0.011324168885069002
2030-10-31 23:00:00,0.011622225078911821
2030-11-01 00:00:00,0.010945615876954671
2030-11-01 01:00:00,0.011041653989104661
2030-11-01 02:00:00,0.010721075902077359
2030-11-01 03:00:00,0.01073103125859227
2030-11-01 04:00:00,0.010291162379946093
2030-11-01 05:00:00,0.009981990813737842
2030-11-01 06:00:00,0.009862477571501885
2030-11-01 07:00:00,19.598069707144706
2030-11-01 08:00:00,127.52873821585068
2030-11-01 09:00:00,864.2123760985021
2030-11-01 10:00:00,1293.5488092816913
2030-11-01 11:00:00,1425.626143696644
2030-11-01 12:00:00,1245.2204959470903
2030-11-01 13:00:00,581.821811376979
2030-11-01 14:00:00,29.638883732769358
2030-11-01 15:00:00,0.0010267190811238617
2030-11-01 16:00:00,0.0008909549279912966
2030-11-01 17:00:00,0.000924817062806161
2030-11-01 18:00:00,0.0009313547765437376
2030-11-01 19:00:00,0.000938250037356462
2030-11-01 20:00:00,0.0009454601039405428
2030-11-01 21:00:00,0.0009555569782906282
2030-11-01 22:00:00,0.0009547517269935311
2030-11-01 23:00:00,0.0009565396072951106
2030-11-02 00:00:00,0.0009673005819149256
2030-11-02 01:00:00,0.0009667353858649276
2030-11-02 02:00:00,0.0009670475071103677
2030-11-02 03:00:00,0.0009642970794955555
2030-11-02 04:00:00,0.0009701582162252551
2030-11-02 05:00:00,0.0009524077820979599
2030-11-02 06:00:00,0.0009128452152398479
2030-11-02 07:00:00,14.879836859104145
2030-11-02 08:00:00,239.09539005079952
2030-11-02 09:00:00,1107.7211987572866
2030-11-02 10:00:00,1677.5272794520158
2030-11-02 11:00:00,1882.1208282556522
2030-11-02 12:00:00,1723.1914357825422
2030-11-02 13:00:00,1107.3494422335207
2030-11-02 14:00:00,57.31579016628412
2030-11-02 15:00:00,0.0009795001379403823
2030-11-02 16:00:00,0.000905114622845194
2030-11-02 17:00:00,0.0009375927342733436
2030-11-02 18:00:00,0.0009440113123444991
2030-11-02 19:00:00,0.0009440514261121837
2030-11-02 20:00:00,0.0009444165328970986
2030-11-02 21:00:00,0.0009423482981336952
2030-11-02 22:00:00,0.0009409608035404562
2030-11-02 23:00:00,0.0009389073034108098
2030-11-03 00:00:00,0.0009368467059562082
2030-11-03 01:00:00,0.000935295661173043
2030-11-03 02:00:00,0.0009360101803139696
2030-11-03 03:00:00,0.0009362761094357526
2030-11-03 04:00:00,0.0009339456155162027
2030-11-03 05:00:00,0.000932476599815703
2030-11-03 06:00:00,0.000902549318740602
2030-11-03 07:00:00,11.892339788284332
2030-11-03 08:00:00,128.28556690827884
2030-11-03 09:00:00,819.4534848845111
2030-11-03 10:00:00,1335.6650245978217
2030-11-03 11:00:00,1438.819232732563
2030-11-03 12:00:00,1115.5966487950038
2030-11-03 13:00:00,464.94825961158693
2030-11-03 14:00:00,25.893349866657584
2030-11-03 15:00:00,0.0011071929927679294
2030-11-03 16:00:00,0.0009676494567880292
2030-11-03 17:00:00,0.0009983095386610057
2030-11-03 18:00:00,0.0010046599720939969
2030-11-03 19:00:00,0.001002498616978788
2030-11-03 20:00:00,0.0010100996381627262
2030-11-03 21:00:00,0.0010191751893330386
2030-11-03 22:00:00,0.0010391314765432118
2030-11-03 23:00:00,0.0010483320979541265
2030-11-04 00:00:00,0.0010426992025345573
2030-11-04 01:00:00,0.0010473456124487478
2030-11-04 02:00:00,0.0010579629101224776
2030-11-04 03:00:00,0.001068211181003136
2030-11-04 04:00:00,0.0010700422844758602
2030-11-04 05:00:00,0.0010498301786677554
2030-11-04 06:00:00,0.0010234598796487013
2030-11-04 07:00:00,14.485771112704413
2030-11-04 08:00:00,84.42418606188573
2030-11-04 09:00:00,792.6557004417098
2030-11-04 10:00:00,1442.1954944897147
2030-11-04 11:00:00,1490.0014922145845
2030-11-04 12:00:00,1227.097916165529
2030-11-04 13:00:00,551.6387799802432
2030-11-04 14:00:00,50.88578058370839
2030-11-04 15:00:00,0.01325652111204545
2030-11-04 16:00:00,0.010232452450074963
2030-11-04 17:00:00,0.010762091227200775
2030-11-04 18:00:00,0.010385195195681277
2030-11-04 19:00:00,0.010429259071196698
2030-11-04 20:00:00,0.010813919687284968
2030-11-04 21:00:00,0.011606024883684498
2030-11-04 22:00:00,0.012261323719699794
2030-11-04 23:00:00,0.012626620188277605
2030-11-05 00:00:00,0.01258093110194543
2030-11-05 01:00:00,0.012653834376244594
2030-11-05 02:00:00,0.012727416823217952
2030-11-05 03:00:00,0.012598160714361619
2030-11-05 04:00:00,0.011634006332918213
2030-11-05 05:00:00,0.01110129651201924
2030-11-05 06:00:00,0.010705271478924458
2030-11-05 07:00:00,28.706571145474765
2030-11-05 08:00:00,321.17484416320053
2030-11-05 09:00:00,1233.3351694465684
2030-11-05 10:00:00,1916.5374687377157
2030-11-05 11:00:00,2095.583192723928
2030-11-05 12:00:00,1875.901353940291
2030-11-05 13:00:00,1187.4791183613777
2030-11-05 14:00:00,164.32176237720523
2030-11-05 15:00:00,7.764557189691191
2030-11-05 16:00:00,0.0008849479882283695
2030-11-05 17:00:00,0.0009148813746377819
2030-11-05 18:00:00,0.0009248434809602708
2030-11-05 19:00:00,0.0009290986212438975
2030-11-05 20:00:00,0.0009348959238142252
2030-11-05 21:00:00,0.0009385278909737005
2030-11-05 22:00:00,0.0009392955390131893
2030-11-05 23:00:00,0.0009402567031805624
2030-11-06 00:00:00,0.0009548476740421511
2030-11-06 01:00:00,0.0009597823171189287
2030-11-06 02:00:00,0.0009642647749344682
2030-11-06 03:00:00,0.000961383571469473
2030-11-06 04:00:00,0.0009633535437622362
2030-11-06 05:00:00,0.0009701999986108142
2030-11-06 06:00:00,0.000943840132186124
2030-11-06 07:00:00,21.055602327615507
2030-11-06 08:00:00,373.00980246612863
2030-11-06 09:00:00,1255.814990448603
2030-11-06 10:00:00,1713.899153677325
2030-11-06 11:00:00,1739.8403025989332
2030-11-06 12:00:00,1516.6072270813481
2030-11-06 13:00:00,947.4223390941364
2030-11-06 14:00:00,132.70310809930803
2030-11-06 15:00:00,8.44192617977996
2030-11-06 16:00:00,0.000888334806365065
2030-11-06 17:00:00,0.0009299202312594248
2030-11-06 18:00:00,0.0009353555388650909
2030-11-06 19:00:00,0.0009411806212983851
2030-11-06 20:00:00,0.0009422699060219377
2030-11-06 21:00:00,0.0009441537358152642
2030-11-06 22:00:00,0.0009423437640884234
2030-11-06 23:00:00,0.0009364168345525871
2030-11-07 00:00:00,0.0009336928948962907
2030-11-07 01:00:00,0.0009348127499813779
2030-11-07 02:00:00,0.0009349493055643939
2030-11-07 03:00:00,0.0009358346912634878
2030-11-07 04:00:00,0.0009355519967806001
2030-11-07 05:00:00,0.0009357393146572975
2030-11-07 06:00:00,0.0009130110971589334
2030-11-07 07:00:00,4.701067015235184
2030-11-07 08:00:00,16.800956628790324
2030-11-07 09:00:00,389.8158716146307
2030-11-07 10:00:00,863.9191026952475
2030-11-07 11:00:00,880.7266055742365
2030-11-07 12:00:00,598.9434320925965
2030-11-07 13:00:00,66.8030512848841
2030-11-07 14:00:00,12.574074195287924
2030-11-07 15:00:00,0.001103240806306834
2030-11-07 16:00:00,0.0009825657358793199
2030-11-07 17:00:00,0.001006243067607427
2030-11-07 18:00:00,0.0010110327100694505
2030-11-07 19:00:00,0.0010150276731234092
2030-11-07 20:00:00,0.001021593500253706
2030-11-07 21:00:00,0.001043305728943837
2030-11-07 22:00:00,0.0010489135606207593
2030-11-07 23:00:00,0.0010512005599233386
2030-11-08 00:00:00,0.001060890453227192
2030-11-08 01:00:00,0.0010612598284955438
2030-11-08 02:00:00,0.0010650998954157363
2030-11-08 03:00:00,0.001065146829337953
2030-11-08 04:00:00,0.001061589243744264
2030-11-08 05:00:00,0.0010452960657872884
2030-11-08 06:00:00,0.0010241345947090898
2030-11-08 07:00:00,10.924347709994747
2030-11-08 08:00:00,85.1605028180009
2030-11-08 09:00:00,740.5174112692549
2030-11-08 10:00:00,1333.7760331353147
2030-11-08 11:00:00,1359.0483636173121
2030-11-08 12:00:00,1025.2606645574567
2030-11-08 13:00:00,382.4410342528208
2030-11-08 14:00:00,58.94926155752533
2030-11-08 15:00:00,0.9831535844243233
2030-11-08 16:00:00,0.00995554857851129
2030-11-08 17:00:00,0.010421744307795057
2030-11-08 18:00:00,0.010629136357059829
2030-11-08 19:00:00,0.011145311034309314
2030-11-08 20:00:00,0.011840271772834626
2030-11-08 21:00:00,0.012614209491255477
2030-11-08 22:00:00,0.012698583505834837
2030-11-08 23:00:00,0.012761363970267626
2030-11-09 00:00:00,0.012669430651253939
2030-11-09 01:00:00,0.013149263180700713
2030-11-09 02:00:00,0.013108135512942046
2030-11-09 03:00:00,0.012986214921422512
2030-11-09 04:00:00,0.012846153004982944
2030-11-09 05:00:00,0.012239702925404307
2030-11-09 06:00:00,0.01145228248684705
2030-11-09 07:00:00,22.632015523822684
2030-11-09 08:00:00,81.49323496403834
2030-11-09 09:00:00,396.37790583039657
2030-11-09 10:00:00,759.6858813189531
2030-11-09 11:00:00,879.1469289816506
2030-11-09 12:00:00,784.9214995076908
2030-11-09 13:00:00,237.7308254333492
2030-11-09 14:00:00,37.91154583437825
2030-11-09 15:00:00,0.011990811722829316
2030-11-09 16:00:00,0.009115467666216315
2030-11-09 17:00:00,0.009400325343216883
2030-11-09 18:00:00,0.009294187460115937
2030-11-09 19:00:00,0.009742354083717389
2030-11-09 20:00:00,0.009976897740638882
2030-11-09 21:00:00,0.009862280280711061
2030-11-09 22:00:00,0.009735049052310093
2030-11-09 23:00:00,0.010419221502169842
2030-11-10 00:00:00,0.011109577709373118
2030-11-10 01:00:00,0.011977819097648338
2030-11-10 02:00:00,0.012191572620404188
2030-11-10 03:00:00,0.01154467925708895
2030-11-10 04:00:00,0.011334924838380655
2030-11-10 05:00:00,0.011224442477918631
2030-11-10 06:00:00,0.010711977860893384
2030-11-10 07:00:00,22.431693296140615
2030-11-10 08:00:00,256.33285470432156
2030-11-10 09:00:00,1168.5570095675405
2030-11-10 10:00:00,1742.977118860548
2030-11-10 11:00:00,1876.885775992279
2030-11-10 12:00:00,1554.1119227436764
2030-11-10 13:00:00,868.8649262140701
2030-11-10 14:00:00,88.30370973539895
2030-11-10 15:00:00,7.062545309509398
2030-11-10 16:00:00,0.009202609832617635
2030-11-10 17:00:00,0.009703044857266283
2030-11-10 18:00:00,0.009733520052692143
2030-11-10 19:00:00,0.009739828072944615
2030-11-10 20:00:00,0.009947662827509782
2030-11-10 21:00:00,0.010237033608595096
2030-11-10 22:00:00,0.010938538283583548
2030-11-10 23:00:00,0.011144701753390086
2030-11-11 00:00:00,0.011824507577082645
2030-11-11 01:00:00,0.012121825582094212
2030-11-11 02:00:00,0.011976108681016291
2030-11-11 03:00:00,0.011920772208386781
2030-11-11 04:00:00,0.011565950770638943
2030-11-11 05:00:00,0.011279570293791646
2030-11-11 06:00:00,0.01087162862035749
2030-11-11 07:00:00,21.457610446304468
2030-11-11 08:00:00,161.9165089079827
2030-11-11 09:00:00,887.1847135885043
2030-11-11 10:00:00,1508.4824929431477
2030-11-11 11:00:00,1678.3716064184568
2030-11-11 12:00:00,1514.7500154473078
2030-11-11 13:00:00,967.3437813325446
2030-11-11 14:00:00,103.04057013948801
2030-11-11 15:00:00,5.7172850878616215
2030-11-11 16:00:00,0.008987256115037815
2030-11-11 17:00:00,0.009209471843433273
2030-11-11 18:00:00,0.009371398381366603
2030-11-11 19:00:00,0.00950610321523437
2030-11-11 20:00:00,0.009385773963985381
2030-11-11 21:00:00,0.009479341766799885
2030-11-11 22:00:00,0.00984318793102966
2030-11-11 23:00:00,0.010807908353810618
2030-11-12 00:00:00,0.011939761970076315
2030-11-12 01:00:00,0.011964911407089565
2030-11-12 02:00:00,0.011857684857668948
2030-11-12 03:00:00,0.011798408263743409
2030-11-12 04:00:00,0.011455978718770935
2030-11-12 05:00:00,0.01130257414636994
2030-11-12 06:00:00,0.010724214949829046
2030-11-12 07:00:00,30.801489104937495
2030-11-12 08:00:00,379.54943768250183
2030-11-12 09:00:00,1395.0951160955142
2030-11-12 10:00:00,2014.27153744365
2030-11-12 11:00:00,2123.972745904829
2030-11-12 12:00:00,1892.1420439580406
2030-11-12 13:00:00,1274.587858179868
2030-11-12 14:00:00,328.53438982665267
2030-11-12 15:00:00,28.494574267048883
2030-11-12 16:00:00,0.010890867298201115
2030-11-12 17:00:00,0.010715669808678467
2030-11-12 18:00:00,0.01085285037489276
2030-11-12 19:00:00,0.01068736629977092
2030-11-12 20:00:00,0.01079778190731021
2030-11-12 21:00:00,0.01076179675347153
2030-11-12 22:00:00,0.011014497470426477
2030-11-12 23:00:00,0.011031879576267355
2030-11-13 00:00:00,0.010635992609436557
2030-11-13 01:00:00,0.0105326806143004
2030-11-13 02:00:00,0.010280583047434056
2030-11-13 03:00:00,0.010349413634623878
2030-11-13 04:00:00,0.009938412279993777
2030-11-13 05:00:00,0.01000340547162572
2030-11-13 06:00:00,0.009790974938725782
2030-11-13 07:00:00,16.735294555417035
2030-11-13 08:00:00,121.87351554163786
2030-11-13 09:00:00,632.5998885194282
2030-11-13 10:00:00,999.8966674272899
2030-11-13 11:00:00,838.02887045614
2030-11-13 12:00:00,480.4906719738823
2030-11-13 13:00:00,127.83762796833825
2030-11-13 14:00:00,43.14024516256604
2030-11-13 15:00:00,0.011158616314532879
2030-11-13 16:00:00,0.009251195126630606
2030-11-13 17:00:00,0.009879568764201733
2030-11-13 18:00:00,0.00975372518888506
2030-11-13 19:00:00,0.010249828058836202
2030-11-13 20:00:00,0.010898150532734444
2030-11-13 21:00:00,0.010958699634133998
2030-11-13 22:00:00,0.010961744538546625
2030-11-13 23:00:00,0.01109247573330056
2030-11-14 00:00:00,0.012554042454472999
2030-11-14 01:00:00,0.012591249969650041
2030-11-14 02:00:00,0.012427478900883858
2030-11-14 03:00:00,0.012371188417113611
2030-11-14 04:00:00,0.01234253436926442
2030-11-14 05:00:00,0.011898161615022034
2030-11-14 06:00:00,0.011392425505985222
2030-11-14 07:00:00,18.596073844267035
2030-11-14 08:00:00,108.18955475828393
2030-11-14 09:00:00,737.7352320442116
2030-11-14 10:00:00,1334.7472620343235
2030-11-14 11:00:00,1438.7404151058897
2030-11-14 12:00:00,1226.072621133127
2030-11-14 13:00:00,613.768851828455
2030-11-14 14:00:00,61.46531218647502
2030-11-14 15:00:00,0.5995166266687055
2030-11-14 16:00:00,0.010003502025524157
2030-11-14 17:00:00,0.010037722867152219
2030-11-14 18:00:00,0.010329163915296447
2030-11-14 19:00:00,0.011126600822322585
2030-11-14 20:00:00,0.011774356252538315
2030-11-14 21:00:00,0.012125622358763948
2030-11-14 22:00:00,0.012204488742188267
2030-11-14 23:00:00,0.012479786743142228
2030-11-15 00:00:00,0.012459517320822438
2030-11-15 01:00:00,0.012599126592786586
2030-11-15 02:00:00,0.012481302871883735
2030-11-15 03:00:00,0.012036206316170063
2030-11-15 04:00:00,0.011941777035694287
2030-11-15 05:00:00,0.011744433308314038
2030-11-15 06:00:00,0.010959234373175572
2030-11-15 07:00:00,9.472872878469067
2030-11-15 08:00:00,41.60824481027065
2030-11-15 09:00:00,284.32547385021786
2030-11-15 10:00:00,798.0466915532508
2030-11-15 11:00:00,957.889404461955
2030-11-15 12:00:00,748.80952438354
2030-11-15 13:00:00,238.07454963134333
2030-11-15 14:00:00,26.421119923695382
2030-11-15 15:00:00,0.0010966022381828338
2030-11-15 16:00:00,0.00097037368065383
2030-11-15 17:00:00,0.000997910990491866
2030-11-15 18:00:00,0.0010094692620532136
2030-11-15 19:00:00,0.001009214126723948
2030-11-15 20:00:00,0.0010152773808071041
2030-11-15 21:00:00,0.0010187763181408044
2030-11-15 22:00:00,0.0010149282896063355
2030-11-15 23:00:00,0.001013874862849572
2030-11-16 00:00:00,0.001006060142885436
2030-11-16 01:00:00,0.0010182266665869025
2030-11-16 02:00:00,0.0010171699162955941
2030-11-16 03:00:00,0.00101280389797843
2030-11-16 04:00:00,0.001009162037691318
2030-11-16 05:00:00,0.000999531420465828
2030-11-16 06:00:00,0.0009760984831458325
2030-11-16 07:00:00,1.8307224406186275
2030-11-16 08:00:00,33.94707050800863
2030-11-16 09:00:00,579.1385661352132
2030-11-16 10:00:00,1123.7586707417959
2030-11-16 11:00:00,1297.109623011587
2030-11-16 12:00:00,1133.1176913152324
2030-11-16 13:00:00,408.1764547602983
2030-11-16 14:00:00,21.543404887438868
2030-11-16 15:00:00,0.001085499622329514
2030-11-16 16:00:00,0.0009750798677031996
2030-11-16 17:00:00,0.0009988759763624093
2030-11-16 18:00:00,0.0010076012308049295
2030-11-16 19:00:00,0.0010085359708916113
2030-11-16 20:00:00,0.0010100653658628614
2030-11-16 21:00:00,0.0010113228211657609
2030-11-16 22:00:00,0.001015822148237483
2030-11-16 23:00:00,0.0010176631243114715
2030-11-17 00:00:00,0.0010261989804751341
2030-11-17 01:00:00,0.0010221274329944212
2030-11-17 02:00:00,0.0010162143784109429
2030-11-17 03:00:00,0.00102758898390887
2030-11-17 04:00:00,0.00102810425911558
2030-11-17 05:00:00,0.0010298894757062376
2030-11-17 06:00:00,0.0010078778189555795
2030-11-17 07:00:00,6.073782066201001
2030-11-17 08:00:00,48.81364407567281
2030-11-17 09:00:00,772.95046786787
2030-11-17 10:00:00,1368.5827578091232
2030-11-17 11:00:00,1483.2715682198252
2030-11-17 12:00:00,1245.7495541828825
2030-11-17 13:00:00,521.4123070959214
2030-11-17 14:00:00,26.88573653653466
2030-11-17 15:00:00,0.0011061023729021405
2030-11-17 16:00:00,0.0009761025309074674
2030-11-17 17:00:00,0.0009976051982472471
2030-11-17 18:00:00,0.001002765439669787
2030-11-17 19:00:00,0.0010034311712035972
2030-11-17 20:00:00,0.0010083839744062372
2030-11-17 21:00:00,0.001011613368752196
2030-11-17 22:00:00,0.0010114434881733146
2030-11-17 23:00:00,0.0010140160189782898
2030-11-18 00:00:00,0.0010354319459719619
2030-11-18 01:00:00,0.0010464949388513476
2030-11-18 02:00:00,0.0010565052298766025
2030-11-18 03:00:00,0.00105938859476552
2030-11-18 04:00:00,0.0010584191809099076
2030-11-18 05:00:00,0.001063275148456924
2030-11-18 06:00:00,0.0010577892756308055
2030-11-18 07:00:00,0.0012188957959553392
2030-11-18 08:00:00,4.536895761615084
2030-11-18 09:00:00,16.519138368711488
2030-11-18 10:00:00,76.89648575334668
2030-11-18 11:00:00,176.71162963329047
2030-11-18 12:00:00,58.55018300082676
2030-11-18 13:00:00,11.356194970851304
2030-11-18 14:00:00,4.380202880685187
2030-11-18 15:00:00,0.010988315441983245
2030-11-18 16:00:00,0.009275960214661752
2030-11-18 17:00:00,0.00962666682369633
2030-11-18 18:00:00,0.009767481128257791
2030-11-18 19:00:00,0.009940292475461698
2030-11-18 20:00:00,0.010172108625827061
2030-11-18 21:00:00,0.010689383207387392
2030-11-18 22:00:00,0.011213033756646
2030-11-18 23:00:00,0.011606927937045382
2030-11-19 00:00:00,0.011890498877510036
2030-11-19 01:00:00,0.01191284623783687
2030-11-19 02:00:00,0.011966598870110609
2030-11-19 03:00:00,0.011658905678915166
2030-11-19 04:00:00,0.011211384539815841
2030-11-19 05:00:00,0.010857064434365623
2030-11-19 06:00:00,0.01034337816549452
2030-11-19 07:00:00,10.88660656573924
2030-11-19 08:00:00,73.69283480863106
2030-11-19 09:00:00,723.4728479666447
2030-11-19 10:00:00,1364.004808985908
2030-11-19 11:00:00,1520.5892583473956
2030-11-19 12:00:00,1250.4863721516342
2030-11-19 13:00:00,748.1537429193572
2030-11-19 14:00:00,74.16217917074836
2030-11-19 15:00:00,9.391886868997842
2030-11-19 16:00:00,0.010488729818286472
2030-11-19 17:00:00,0.01094172968505947
2030-11-19 18:00:00,0.011446090252033234
2030-11-19 19:00:00,0.011630177447233098
2030-11-19 20:00:00,0.01172694849949186
2030-11-19 21:00:00,0.012119996257043951
2030-11-19 22:00:00,0.012427212215552963
2030-11-19 23:00:00,0.012325507958589412
2030-11-20 00:00:00,0.012463455164419698
2030-11-20 01:00:00,0.012681076337510363
2030-11-20 02:00:00,0.012176258830633589
2030-11-20 03:00:00,0.012282270215640505
2030-11-20 04:00:00,0.012355955089435289
2030-11-20 05:00:00,0.012009499546671094
2030-11-20 06:00:00,0.011721306998919786
2030-11-20 07:00:00,14.130524658222416
2030-11-20 08:00:00,57.29294291545062
2030-11-20 09:00:00,264.0094931438677
2030-11-20 10:00:00,773.0684811384889
2030-11-20 11:00:00,871.1349093114206
2030-11-20 12:00:00,623.346028090283
2030-11-20 13:00:00,151.70530644641485
2030-11-20 14:00:00,39.3475513476627
2030-11-20 15:00:00,0.013159716943240543
2030-11-20 16:00:00,0.011111696000048616
2030-11-20 17:00:00,0.01169428828145435
2030-11-20 18:00:00,0.0122637878737641
2030-11-20 19:00:00,0.012263156686599512
2030-11-20 20:00:00,0.012172150063037637
2030-11-20 21:00:00,0.011983991867116444
2030-11-20 22:00:00,0.012240208264556456
2030-11-20 23:00:00,0.012439475943233646
2030-11-21 00:00:00,0.012733291411568034
2030-11-21 01:00:00,0.01284028801007453
2030-11-21 02:00:00,0.012958014937564044
2030-11-21 03:00:00,0.01307926392932126
2030-11-21 04:00:00,0.012627748925834969
2030-11-21 05:00:00,0.012469988093414729
2030-11-21 06:00:00,0.011791035093813807
2030-11-21 07:00:00,0.21042060591646114
2030-11-21 08:00:00,28.111484640298517
2030-11-21 09:00:00,48.710316398270564
2030-11-21 10:00:00,427.2161907132488
2030-11-21 11:00:00,641.0573709089172
2030-11-21 12:00:00,627.9147572258537
2030-11-21 13:00:00,125.33793110636914
2030-11-21 14:00:00,21.122833237475806
2030-11-21 15:00:00,0.0011143550793936763
2030-11-21 16:00:00,0.0009863095243833647
2030-11-21 17:00:00,0.0010043917729677203
2030-11-21 18:00:00,0.0010103131884016353
2030-11-21 19:00:00,0.001003108016407137
2030-11-21 20:00:00,0.0010087729665455858
2030-11-21 21:00:00,0.001008083068427124
2030-11-21 22:00:00,0.001006071965714389
2030-11-21 23:00:00,0.0010081431371291797
2030-11-22 00:00:00,0.0010141752465551693
2030-11-22 01:00:00,0.0010235839367966207
2030-11-22 02:00:00,0.0010348093962753364
2030-11-22 03:00:00,0.0010478211778523257
2030-11-22 04:00:00,0.0010599403604288063
2030-11-22 05:00:00,0.0010604280309634768
2030-11-22 06:00:00,0.001067372626467408
2030-11-22 07:00:00,0.0012114322320512596
2030-11-22 08:00:00,15.79462270772048
2030-11-22 09:00:00,25.30127067001612
2030-11-22 10:00:00,44.76041934985688
2030-11-22 11:00:00,45.02429782769609
2030-11-22 12:00:00,40.53864035231276
2030-11-22 13:00:00,18.01360931810351
2030-11-22 14:00:00,14.400094862654363
2030-11-22 15:00:00,0.01351306059842625
2030-11-22 16:00:00,0.012567080576449605
2030-11-22 17:00:00,0.012485494288124203
2030-11-22 18:00:00,0.012659430641001706
2030-11-22 19:00:00,0.013097217599150852
2030-11-22 20:00:00,0.013849697586889954
2030-11-22 21:00:00,0.01374845607895044
2030-11-22 22:00:00,0.013617004427782044
2030-11-22 23:00:00,0.013398434022688421
2030-11-23 00:00:00,0.013576392228973722
2030-11-23 01:00:00,0.014049638204028657
2030-11-23 02:00:00,0.013921420429378953
2030-11-23 03:00:00,0.013636752594609246
2030-11-23 04:00:00,0.013605063273419558
2030-11-23 05:00:00,0.013800546085183203
2030-11-23 06:00:00,0.013363932574525136
2030-11-23 07:00:00,5.895807638674793
2030-11-23 08:00:00,18.98173747753719
2030-11-23 09:00:00,32.31775808743314
2030-11-23 10:00:00,54.59721353118975
2030-11-23 11:00:00,78.07524190571496
2030-11-23 12:00:00,58.840078688069866
2030-11-23 13:00:00,63.715241681886596
2030-11-23 14:00:00,22.059620711354412
2030-11-23 15:00:00,0.014130068881426813
2030-11-23 16:00:00,0.01277760437369405
2030-11-23 17:00:00,0.012998887064538991
2030-11-23 18:00:00,0.013473109749575243
2030-11-23 19:00:00,0.013721135544847125
2030-11-23 20:00:00,0.013715110386922552
2030-11-23 21:00:00,0.013457830149861776
2030-11-23 22:00:00,0.013203596919421502
2030-11-23 23:00:00,0.013043567447057442
2030-11-24 00:00:00,0.013805692209249482
2030-11-24 01:00:00,0.013639724673774336
2030-11-24 02:00:00,0.01405326790466645
2030-11-24 03:00:00,0.01429373989946648
2030-11-24 04:00:00,0.01448913416017373
2030-11-24 05:00:00,0.013691844145882672
2030-11-24 06:00:00,0.012789992769310973
2030-11-24 07:00:00,14.469131897551405
2030-11-24 08:00:00,63.70285425247905
2030-11-24 09:00:00,545.3067078923103
2030-11-24 10:00:00,1184.2290797806597
2030-11-24 11:00:00,1342.2235979189547
2030-11-24 12:00:00,1086.3262927364412
2030-11-24 13:00:00,313.04843344211326
2030-11-24 14:00:00,28.94317963642582
2030-11-24 15:00:00,0.012545719249273415
2030-11-24 16:00:00,0.009676371528157042
2030-11-24 17:00:00,0.010279960176057706
2030-11-24 18:00:00,0.010456776650980099
2030-11-24 19:00:00,0.010943173272662535
2030-11-24 20:00:00,0.011627527207776312
2030-11-24 21:00:00,0.011877421820041622
2030-11-24 22:00:00,0.012315720800914302
2030-11-24 23:00:00,0.012304173681698397
2030-11-25 00:00:00,0.012544411120766479
2030-11-25 01:00:00,0.012802990116471312
2030-11-25 02:00:00,0.013149715938145793
2030-11-25 03:00:00,0.012715947436744084
2030-11-25 04:00:00,0.012400210347515931
2030-11-25 05:00:00,0.012239705171251326
2030-11-25 06:00:00,0.011692627255854869
2030-11-25 07:00:00,6.226813417729137
2030-11-25 08:00:00,50.558267046523866
2030-11-25 09:00:00,433.59261776070826
2030-11-25 10:00:00,959.9784415274739
2030-11-25 11:00:00,1089.7170327991653
2030-11-25 12:00:00,955.8437984069703
2030-11-25 13:00:00,322.99939270760524
2030-11-25 14:00:00,26.67461775392691
2030-11-25 15:00:00,0.012056208923338278
2030-11-25 16:00:00,0.00943181011666088
2030-11-25 17:00:00,0.01018693917387152
2030-11-25 18:00:00,0.010894938198056366
2030-11-25 19:00:00,0.011358837045246279
2030-11-25 20:00:00,0.01116253091466533
2030-11-25 21:00:00,0.011397477204104046
2030-11-25 22:00:00,0.01188800781314636
2030-11-25 23:00:00,0.012386577149363528
2030-11-26 00:00:00,0.013242641218412276
2030-11-26 01:00:00,0.013705058832455378
2030-11-26 02:00:00,0.014448034778754728
2030-11-26 03:00:00,0.014256854630173175
2030-11-26 04:00:00,0.013962761421673698
2030-11-26 05:00:00,0.01371470292906198
2030-11-26 06:00:00,0.013281050799239325
2030-11-26 07:00:00,7.65023714063755
2030-11-26 08:00:00,16.656704267852096
2030-11-26 09:00:00,36.892952417250704
2030-11-26 10:00:00,47.60023917638995
2030-11-26 11:00:00,185.8474682130761
2030-11-26 12:00:00,100.28099684767346
2030-11-26 13:00:00,35.544017167738524
2030-11-26 14:00:00,18.578477067746167
2030-11-26 15:00:00,0.012844553807835392
2030-11-26 16:00:00,0.011469389533218514
2030-11-26 17:00:00,0.011515348421224269
2030-11-26 18:00:00,0.011597069964500932
2030-11-26 19:00:00,0.011776528231754879
2030-11-26 20:00:00,0.012027108568833397
2030-11-26 21:00:00,0.011957516518507438
2030-11-26 22:00:00,0.01218787797726081
2030-11-26 23:00:00,0.012385804722460333
2030-11-27 00:00:00,0.012638127104754121
2030-11-27 01:00:00,0.01250442252230487
2030-11-27 02:00:00,0.012502952153487954
2030-11-27 03:00:00,0.012064668447110804
2030-11-27 04:00:00,0.012119497094967981
2030-11-27 05:00:00,0.012233941204673148
2030-11-27 06:00:00,0.012327565415301413
2030-11-27 07:00:00,4.807593017113754
2030-11-27 08:00:00,19.247648448233207
2030-11-27 09:00:00,131.30476619891584
2030-11-27 10:00:00,678.8247849758854
2030-11-27 11:00:00,865.5915887457456
2030-11-27 12:00:00,593.2638341603086
2030-11-27 13:00:00,59.07428651007003
2030-11-27 14:00:00,17.274700008649482
2030-11-27 15:00:00,0.48775160950955015
2030-11-27 16:00:00,0.0010649733165048305
2030-11-27 17:00:00,0.0010849509111160948
2030-11-27 18:00:00,0.001086545730095708
2030-11-27 19:00:00,0.0010869651818912372
2030-11-27 20:00:00,0.001107798898397735
2030-11-27 21:00:00,0.0011079014602778231
2030-11-27 22:00:00,0.001131998263155502
2030-11-27 23:00:00,0.0011561245805713544
2030-11-28 00:00:00,0.0011793320761725437
2030-11-28 01:00:00,0.0011984382022516068
2030-11-28 02:00:00,0.001208759255612853
2030-11-28 03:00:00,0.0012165573034101014
2030-11-28 04:00:00,0.001203491710486854
2030-11-28 05:00:00,0.0012007723568058144
2030-11-28 06:00:00,0.0011748305194235738
2030-11-28 07:00:00,0.0012789821209483613
2030-11-28 08:00:00,0.0016866833277588318
2030-11-28 09:00:00,0.0018831588703033433
2030-11-28 10:00:00,24.131067447802987
2030-11-28 11:00:00,25.62205159513814
2030-11-28 12:00:00,13.21451156996303
2030-11-28 13:00:00,0.001958828767831245
2030-11-28 14:00:00,0.0015562512966722445
2030-11-28 15:00:00,0.0011652876770783882
2030-11-28 16:00:00,0.0010838659474004763
2030-11-28 17:00:00,0.001081159514218168
2030-11-28 18:00:00,0.0010811634923712887
2030-11-28 19:00:00,0.0010840617931287206
2030-11-28 20:00:00,0.0010926506791612486
2030-11-28 21:00:00,0.0011057317482975355
2030-11-28 22:00:00,0.0011117941285916503
2030-11-28 23:00:00,0.001135642321960068
2030-11-29 00:00:00,0.0012004384691678056
2030-11-29 01:00:00,0.0012181868287565647
2030-11-29 02:00:00,0.0012433820428398566
2030-11-29 03:00:00,0.001233453783896973
2030-11-29 04:00:00,0.001253870109624368
2030-11-29 05:00:00,0.0012340703543941936
2030-11-29 06:00:00,0.0012332287814691843
2030-11-29 07:00:00,2.8483589998489296
2030-11-29 08:00:00,17.92663551856153
2030-11-29 09:00:00,288.7443716148823
2030-11-29 10:00:00,965.5773574189996
2030-11-29 11:00:00,1027.1366390447745
2030-11-29 12:00:00,737.3185808615096
2030-11-29 13:00:00,99.17976381902895
2030-11-29 14:00:00,14.622385416828022
2030-11-29 15:00:00,1.541183868226238
2030-11-29 16:00:00,0.012990742144925488
2030-11-29 17:00:00,0.013337375283134367
2030-11-29 18:00:00,0.013399587681387964
2030-11-29 19:00:00,0.013518527625478028
2030-11-29 20:00:00,0.013439540967082997
2030-11-29 21:00:00,0.01382317144962022
2030-11-29 22:00:00,0.013786166577732748
2030-11-29 23:00:00,0.013824474402070132
2030-11-30 00:00:00,0.0138313923246061
2030-11-30 01:00:00,0.013698527380887782
2030-11-30 02:00:00,0.013373079855780224
2030-11-30 03:00:00,0.012964271902105978
2030-11-30 04:00:00,0.012910056288189465
2030-11-30 05:00:00,0.012833958012461576
2030-11-30 06:00:00,0.012242684970658026
2030-11-30 07:00:00,0.013398953683909446
2030-11-30 08:00:00,12.288415851344416
2030-11-30 09:00:00,22.894181549855908
2030-11-30 10:00:00,113.93290926670059
2030-11-30 11:00:00,206.49162244248055
2030-11-30 12:00:00,21.044236647947617
2030-11-30 13:00:00,12.658008028119772
2030-11-30 14:00:00,8.965876646000284
2030-11-30 15:00:00,0.0012285600684208055
2030-11-30 16:00:00,0.0011115591561725357
2030-11-30 17:00:00,0.0011367309376700363
2030-11-30 18:00:00,0.0011340930006217226
2030-11-30 19:00:00,0.001140247682010697
2030-11-30 20:00:00,0.0011515344089158
2030-11-30 21:00:00,0.001160443582630666
2030-11-30 22:00:00,0.0011729655567052914
2030-11-30 23:00:00,0.0011866419825215494
2030-12-01 00:00:00,0.001181226892303834
2030-12-01 01:00:00,0.0011928165930341422
2030-12-01 02:00:00,0.0011990672773660954
2030-12-01 03:00:00,0.0012140974637873606
2030-12-01 04:00:00,0.0012171707502769947
2030-12-01 05:00:00,0.0012172277288301707
2030-12-01 06:00:00,0.0011897554407218048
2030-12-01 07:00:00,0.0012554864044876104
2030-12-01 08:00:00,0.001658151602808101
2030-12-01 09:00:00,0.0021377618576425904
2030-12-01 10:00:00,24.984844651448615
2030-12-01 11:00:00,9.65805884698627
2030-12-01 12:00:00,16.82000229603239
2030-12-01 13:00:00,0.001944735402668159
2030-12-01 14:00:00,0.0018329746985925226
2030-12-01 15:00:00,0.0013427581444530627
2030-12-01 16:00:00,0.001196547028569192
2030-12-01 17:00:00,0.0011951913464382305
2030-12-01 18:00:00,0.0012069602676695185
2030-12-01 19:00:00,0.0012229365770215347
2030-12-01 20:00:00,0.0012288841126097299
2030-12-01 21:00:00,0.0012146823592324469
2030-12-01 22:00:00,0.001190799487173582
2030-12-01 23:00:00,0.0011760487330701327
2030-12-02 00:00:00,0.0012164543163886155
2030-12-02 01:00:00,0.0012378085452827742
2030-12-02 02:00:00,0.0012708508192840178
2030-12-02 03:00:00,0.0012770104813210152
2030-12-02 04:00:00,0.0012626741557941194
2030-12-02 05:00:00,0.001262575532195255
2030-12-02 06:00:00,0.0012316200455947358
2030-12-02 07:00:00,0.0013417033103207952
2030-12-02 08:00:00,3.612433217436698
2030-12-02 09:00:00,22.30432677692671
2030-12-02 10:00:00,242.81808363833198
2030-12-02 11:00:00,440.31884914409943
2030-12-02 12:00:00,315.3916930907973
2030-12-02 13:00:00,18.650807581614117
2030-12-02 14:00:00,3.3976425239864056
2030-12-02 15:00:00,0.0013450798043311662
2030-12-02 16:00:00,0.0011561522776334897
2030-12-02 17:00:00,0.0011698580924404053
2030-12-02 18:00:00,0.0011627980563643824
2030-12-02 19:00:00,0.0011552158947044327
2030-12-02 20:00:00,0.0011527998957427867
2030-12-02 21:00:00,0.0011679996794471544
2030-12-02 22:00:00,0.0011782139042693068
2030-12-02 23:00:00,0.001194277154680843
2030-12-03 00:00:00,0.0012240893698875013
2030-12-03 01:00:00,0.001228192658069097
2030-12-03 02:00:00,0.001231719459557371
2030-12-03 03:00:00,0.001218988230640167
2030-12-03 04:00:00,0.0012093465729748046
2030-12-03 05:00:00,0.0011891607326168427
2030-12-03 06:00:00,0.0011581621142591736
2030-12-03 07:00:00,0.0012035984151726922
2030-12-03 08:00:00,0.0016124165681264113
2030-12-03 09:00:00,0.0021822153553384617
2030-12-03 10:00:00,11.673597719890262
2030-12-03 11:00:00,125.60135075135402
2030-12-03 12:00:00,65.28613578223546
2030-12-03 13:00:00,13.662535367833588
2030-12-03 14:00:00,0.0017363229994958504
2030-12-03 15:00:00,0.0012439760269874244
2030-12-03 16:00:00,0.0010992290692532969
2030-12-03 17:00:00,0.0011165593307806989
2030-12-03 18:00:00,0.0011350739937576906
2030-12-03 19:00:00,0.001149929098757128
2030-12-03 20:00:00,0.0011600687959514126
2030-12-03 21:00:00,0.001172041550237878
2030-12-03 22:00:00,0.0011956003996600908
2030-12-03 23:00:00,0.0012162887591122447
2030-12-04 00:00:00,0.0012547489164666402
2030-12-04 01:00:00,0.0012654216998119919
2030-12-04 02:00:00,0.0012801043480518066
2030-12-04 03:00:00,0.0012889030806373138
2030-12-04 04:00:00,0.0012751124123574211
2030-12-04 05:00:00,0.0012470077320460532
2030-12-04 06:00:00,0.0012163924505611719
2030-12-04 07:00:00,0.0013034467319286245
2030-12-04 08:00:00,22.04432738721964
2030-12-04 09:00:00,145.7212986276406
2030-12-04 10:00:00,755.7967288353825
2030-12-04 11:00:00,771.0791052113052
2030-12-04 12:00:00,323.5207519019518
2030-12-04 13:00:00,71.03342773447355
2030-12-04 14:00:00,25.010966882415175
2030-12-04 15:00:00,0.014230217978594495
2030-12-04 16:00:00,0.012555002613290818
2030-12-04 17:00:00,0.013192999464722419
2030-12-04 18:00:00,0.013613103061929307
2030-12-04 19:00:00,0.013626842096545525
2030-12-04 20:00:00,0.013911226754706962
2030-12-04 21:00:00,0.014042387752732343
2030-12-04 22:00:00,0.014598552522827709
2030-12-04 23:00:00,0.015219482883042545
2030-12-05 00:00:00,0.016060746215787902
2030-12-05 01:00:00,1.4486538928373864
2030-12-05 02:00:00,0.5264699674696888
2030-12-05 03:00:00,2.056240685832269
2030-12-05 04:00:00,0.018720821556823475
2030-12-05 05:00:00,0.016208044116097817
2030-12-05 06:00:00,0.01543371600494644
2030-12-05 07:00:00,2.137615377358119
2030-12-05 08:00:00,22.74128658286688
2030-12-05 09:00:00,80.24085825043566
2030-12-05 10:00:00,496.55145120601435
2030-12-05 11:00:00,742.4211691738082
2030-12-05 12:00:00,643.3547584205434
2030-12-05 13:00:00,86.38178399890785
2030-12-05 14:00:00,15.201426939853361
2030-12-05 15:00:00,0.0013490082698870388
2030-12-05 16:00:00,0.0011658389111528689
2030-12-05 17:00:00,0.0011550814703669028
2030-12-05 18:00:00,0.0011493873219804995
2030-12-05 19:00:00,0.0011538827987642257
2030-12-05 20:00:00,0.0011504608537742222
2030-12-05 21:00:00,0.001149843519318758
2030-12-05 22:00:00,0.00115965972954896
2030-12-05 23:00:00,0.0011603226080541644
2030-12-06 00:00:00,0.0011652569941058403
2030-12-06 01:00:00,0.0011622276790363448
2030-12-06 02:00:00,0.0011750297352215793
2030-12-06 03:00:00,0.0011731233156289367
2030-12-06 04:00:00,0.0011792611325775705
2030-12-06 05:00:00,0.0011993991889207166
2030-12-06 06:00:00,0.0011928110733163062
2030-12-06 07:00:00,0.0012204363397197158
2030-12-06 08:00:00,0.0014345547646719041
2030-12-06 09:00:00,0.0023309010105044075
2030-12-06 10:00:00,0.004493801040222517
2030-12-06 11:00:00,0.005409571082014439
2030-12-06 12:00:00,0.005041112132901891
2030-12-06 13:00:00,0.0023170117788445218
2030-12-06 14:00:00,0.0013521389370230092
2030-12-06 15:00:00,0.0012005782514319238
2030-12-06 16:00:00,0.0011714866853558775
2030-12-06 17:00:00,0.001176930980686285
2030-12-06 18:00:00,0.001178990285040676
2030-12-06 19:00:00,0.0011874339271044857
2030-12-06 20:00:00,0.0011889094141456333
2030-12-06 21:00:00,0.0011885692952678952
2030-12-06 22:00:00,0.0011915346530519777
2030-12-06 23:00:00,0.0011892725225035874
2030-12-07 00:00:00,0.0012040033752158293
2030-12-07 01:00:00,0.0012098526127642297
2030-12-07 02:00:00,0.0012092999632251449
2030-12-07 03:00:00,0.0012079659033519229
2030-12-07 04:00:00,0.001206361817891434
2030-12-07 05:00:00,0.0012079971780496544
2030-12-07 06:00:00,0.0012085420993167412
2030-12-07 07:00:00,0.0012449653350221327
2030-12-07 08:00:00,0.001994623273167213
2030-12-07 09:00:00,0.0022811574299001804
2030-12-07 10:00:00,6.436048329004613
2030-12-07 11:00:00,7.808345962160929
2030-12-07 12:00:00,7.727455376529048
2030-12-07 13:00:00,0.003501659440950618
2030-12-07 14:00:00,0.0019305933800011874
2030-12-07 15:00:00,0.0013687178220762554
2030-12-07 16:00:00,0.0012539932325910943
2030-12-07 17:00:00,0.0012967244679137433
2030-12-07 18:00:00,0.0013020652120647562
2030-12-07 19:00:00,0.0013053906583732346
2030-12-07 20:00:00,0.0013101227053338186
2030-12-07 21:00:00,0.001325547301398341
2030-12-07 22:00:00,0.0013635167483979547
2030-12-07 23:00:00,0.001399026465211288
2030-12-08 00:00:00,0.0013964499801207451
2030-12-08 01:00:00,0.0013777766244837408
2030-12-08 02:00:00,0.0013654065325782968
2030-12-08 03:00:00,0.001356082308129229
2030-12-08 04:00:00,0.0013609557915890682
2030-12-08 05:00:00,0.0013601941022361556
2030-12-08 06:00:00,0.0013224063543540057
2030-12-08 07:00:00,0.0013921202641464607
2030-12-08 08:00:00,0.0022536498560994603
2030-12-08 09:00:00,2.9899239662392225
2030-12-08 10:00:00,44.950254083518345
2030-12-08 11:00:00,185.07781671890172
2030-12-08 12:00:00,6.240490128897893
2030-12-08 13:00:00,1.7103690571004493
2030-12-08 14:00:00,0.0020656439793547746
2030-12-08 15:00:00,0.001424411923901994
2030-12-08 16:00:00,0.0012582016605722974
2030-12-08 17:00:00,0.0012481401774822119
2030-12-08 18:00:00,0.0012507514860080286
2030-12-08 19:00:00,0.0012567835667632913
2030-12-08 20:00:00,0.0012683497157745863
2030-12-08 21:00:00,0.0012921536563537687
2030-12-08 22:00:00,0.0012919873758776895
2030-12-08 23:00:00,0.0012885082812255995
2030-12-09 00:00:00,0.0012993989624784852
2030-12-09 01:00:00,0.0012994051506579401
2030-12-09 02:00:00,0.0013003497434370278
2030-12-09 03:00:00,0.0012916082495385709
2030-12-09 04:00:00,0.0013036237120476787
2030-12-09 05:00:00,0.001271771868048828
2030-12-09 06:00:00,0.0012434889026515536
2030-12-09 07:00:00,0.00131473021183091
2030-12-09 08:00:00,0.0018314586099875795
2030-12-09 09:00:00,0.002942339780142911
2030-12-09 10:00:00,39.568249295993304
2030-12-09 11:00:00,268.33932247660607
2030-12-09 12:00:00,171.73739947908552
2030-12-09 13:00:00,5.431529504371632
2030-12-09 14:00:00,0.0019070797638094325
2030-12-09 15:00:00,0.001307676121301408
2030-12-09 16:00:00,0.0011814349783759131
2030-12-09 17:00:00,0.0011986151554691802
2030-12-09 18:00:00,0.0011910165994297912
2030-12-09 19:00:00,0.0011884425694162104
2030-12-09 20:00:00,0.0011799665060307054
2030-12-09 21:00:00,0.0011806836719552858
2030-12-09 22:00:00,0.0011855634972387217
2030-12-09 23:00:00,0.0011854012569717067
2030-12-10 00:00:00,0.0011904253217436486
2030-12-10 01:00:00,0.0012049595332405258
2030-12-10 02:00:00,0.0011994794529010446
2030-12-10 03:00:00,0.001208149307715216
2030-12-10 04:00:00,0.0012121271518431215
2030-12-10 05:00:00,0.001205399765297355
2030-12-10 06:00:00,0.001186905102561321
2030-12-10 07:00:00,0.001203489762289197
2030-12-10 08:00:00,0.00175191765968406
2030-12-10 09:00:00,0.0023410557198949265
2030-12-10 10:00:00,37.79479468356863
2030-12-10 11:00:00,338.7618779782382
2030-12-10 12:00:00,254.56536479254615
2030-12-10 13:00:00,5.78200813177258
2030-12-10 14:00:00,0.0017901138649958138
2030-12-10 15:00:00,0.0011613317796238165
2030-12-10 16:00:00,0.0011023529900610924
2030-12-10 17:00:00,0.001114503205268982
2030-12-10 18:00:00,0.0011139072939704959
2030-12-10 19:00:00,0.0011143227216671428
2030-12-10 20:00:00,0.0011144459959211324
2030-12-10 21:00:00,0.0011163906153455515
2030-12-10 22:00:00,0.0011176845325913502
2030-12-10 23:00:00,0.0011117015656856018
2030-12-11 00:00:00,0.0011080603218775458
2030-12-11 01:00:00,0.001106861642262646
2030-12-11 02:00:00,0.0011119281155111598
2030-12-11 03:00:00,0.0011178752875767757
2030-12-11 04:00:00,0.00111510404750942
2030-12-11 05:00:00,0.0011182793479841673
2030-12-11 06:00:00,0.001114965390760449
2030-12-11 07:00:00,0.00113601941442225
2030-12-11 08:00:00,0.9599122935710901
2030-12-11 09:00:00,4.0854414146662394
2030-12-11 10:00:00,6.519887007965738
2030-12-11 11:00:00,158.1690375596457
2030-12-11 12:00:00,126.55125213015027
2030-12-11 13:00:00,6.885304672298868
2030-12-11 14:00:00,1.0824295752676893
2030-12-11 15:00:00,0.0015063918805092247
2030-12-11 16:00:00,0.0013739998899201184
2030-12-11 17:00:00,0.0014050966056831536
2030-12-11 18:00:00,0.001432195354082315
2030-12-11 19:00:00,0.001440558238602155
2030-12-11 20:00:00,0.0014514714115096941
2030-12-11 21:00:00,0.001481703483825134
2030-12-11 22:00:00,0.0014955706114870046
2030-12-11 23:00:00,0.0015023573136318598
2030-12-12 00:00:00,0.0014975883474686825
2030-12-12 01:00:00,0.0015067762165542134
2030-12-12 02:00:00,0.0015183450812663664
2030-12-12 03:00:00,0.001494545280979562
2030-12-12 04:00:00,0.0014943929375532225
2030-12-12 05:00:00,0.0014556847525902476
2030-12-12 06:00:00,0.0014126042905953369
2030-12-12 07:00:00,0.0015073410506546805
2030-12-12 08:00:00,3.7155177949087963
2030-12-12 09:00:00,9.443176004910956
2030-12-12 10:00:00,501.7627861978744
2030-12-12 11:00:00,750.336719917781
2030-12-12 12:00:00,669.2082335194923
2030-12-12 13:00:00,122.15072531562615
2030-12-12 14:00:00,4.18664783997226
2030-12-12 15:00:00,0.0013985318984268092
2030-12-12 16:00:00,0.0012352560962817672
2030-12-12 17:00:00,0.0012937745236052745
2030-12-12 18:00:00,0.0013003558869217808
2030-12-12 19:00:00,0.0012972437032674805
2030-12-12 20:00:00,0.001305906560351211
2030-12-12 21:00:00,0.001325079308792244
2030-12-12 22:00:00,0.0013473975575405243
2030-12-12 23:00:00,0.0013522888254359465
2030-12-13 00:00:00,0.0014039462456815889
2030-12-13 01:00:00,0.0014045223073647576
2030-12-13 02:00:00,0.0014040882681546764
2030-12-13 03:00:00,0.0013898576574762926
2030-12-13 04:00:00,0.0013922194831202039
2030-12-13 05:00:00,0.0013392922882902644
2030-12-13 06:00:00,0.0012932144404924953
2030-12-13 07:00:00,0.0013427062168531957
2030-12-13 08:00:00,0.0018296447023446903
2030-12-13 09:00:00,0.0026811220292573762
2030-12-13 10:00:00,4.423174392324392
2030-12-13 11:00:00,4.275445738292694
2030-12-13 12:00:00,5.203910949158293
2030-12-13 13:00:00,0.002686371614903598
2030-12-13 14:00:00,0.0017587278484779752
2030-12-13 15:00:00,0.0012543323355932482
2030-12-13 16:00:00,0.001157557405856978
2030-12-13 17:00:00,0.0011602327165291903
2030-12-13 18:00:00,0.0011561883136460857
2030-12-13 19:00:00,0.0011573737424058039
2030-12-13 20:00:00,0.0011603401085609555
2030-12-13 21:00:00,0.0011654588407222762
2030-12-13 22:00:00,0.0011594422071496333
2030-12-13 23:00:00,0.001156623218661564
2030-12-14 00:00:00,0.001177481881877237
2030-12-14 01:00:00,0.001192006165986087
2030-12-14 02:00:00,0.0011990636962919625
2030-12-14 03:00:00,0.0012138509012347407
2030-12-14 04:00:00,0.0012399796268538006
2030-12-14 05:00:00,0.0012358100979553096
2030-12-14 06:00:00,0.0012314934197031994
2030-12-14 07:00:00,0.0013651045472178043
2030-12-14 08:00:00,4.0157403463727155
2030-12-14 09:00:00,8.247146166886857
2030-12-14 10:00:00,661.8290310228159
2030-12-14 11:00:00,871.2553354455428
2030-12-14 12:00:00,645.8571060766546
2030-12-14 13:00:00,22.909743851207914
2030-12-14 14:00:00,4.375270677838397
2030-12-14 15:00:00,0.0014383602664332974
2030-12-14 16:00:00,0.0012198503571436588
2030-12-14 17:00:00,0.0012483369251447937
2030-12-14 18:00:00,0.0012588778103953232
2030-12-14 19:00:00,0.0012574995634171576
2030-12-14 20:00:00,0.0012665017124617417
2030-12-14 21:00:00,0.001267642119273163
2030-12-14 22:00:00,0.0012698270938196403
2030-12-14 23:00:00,0.0013016508717832009
2030-12-15 00:00:00,0.0013233133442860613
2030-12-15 01:00:00,0.001311069009141873
2030-12-15 02:00:00,0.0013484112804004224
2030-12-15 03:00:00,0.0013296602288543214
2030-12-15 04:00:00,0.00132058198683599
2030-12-15 05:00:00,0.001307957912665359
2030-12-15 06:00:00,0.0012808337508456095
2030-12-15 07:00:00,0.0012975452628908963
2030-12-15 08:00:00,0.001864158236227567
2030-12-15 09:00:00,3.9054326965316903
2030-12-15 10:00:00,457.43082710838047
2030-12-15 11:00:00,600.5109724676068
2030-12-15 12:00:00,443.7194716711698
2030-12-15 13:00:00,7.931028408663872
2030-12-15 14:00:00,0.0018202629421785578
2030-12-15 15:00:00,0.001234098248969236
2030-12-15 16:00:00,0.0011137277780719555
2030-12-15 17:00:00,0.0011267497585974334
2030-12-15 18:00:00,0.0011187427152006503
2030-12-15 19:00:00,0.0011141478975179807
2030-12-15 20:00:00,0.001112934054236922
2030-12-15 21:00:00,0.0011124814908108694
2030-12-15 22:00:00,0.001108913494946495
2030-12-15 23:00:00,0.0011053485143941513
2030-12-16 00:00:00,0.0010975995897562713
2030-12-16 01:00:00,0.0010943456605685895
2030-12-16 02:00:00,0.0010937038374210768
2030-12-16 03:00:00,0.0010917408469320684
2030-12-16 04:00:00,0.0010947133917924498
2030-12-16 05:00:00,0.001098987458162848
2030-12-16 06:00:00,0.001106731565100851
2030-12-16 07:00:00,0.0011342750009374245
2030-12-16 08:00:00,0.4481037228194464
2030-12-16 09:00:00,6.489043792516778
2030-12-16 10:00:00,398.8859773442256
2030-12-16 11:00:00,539.8752677899873
2030-12-16 12:00:00,388.2432942388537
2030-12-16 13:00:00,10.775611560301908
2030-12-16 14:00:00,0.45270900246589
2030-12-16 15:00:00,0.0012709005645535698
2030-12-16 16:00:00,0.0011508738996527845
2030-12-16 17:00:00,0.0011638854502776994
2030-12-16 18:00:00,0.0011703212091841394
2030-12-16 19:00:00,0.0011885409942441456
2030-12-16 20:00:00,0.001204717724431648
2030-12-16 21:00:00,0.0012303244902231749
2030-12-16 22:00:00,0.0012623529731846629
2030-12-16 23:00:00,0.001281139601333872
2030-12-17 00:00:00,0.0013265110943806043
2030-12-17 01:00:00,0.001369649803971662
2030-12-17 02:00:00,0.001360354911168865
2030-12-17 03:00:00,0.0013355238429852015
2030-12-17 04:00:00,0.0013174822038816716
2030-12-17 05:00:00,0.0012999726764868133
2030-12-17 06:00:00,0.001268610466554368
2030-12-17 07:00:00,0.0012785017327788686
2030-12-17 08:00:00,2.2915507243854814
2030-12-17 09:00:00,3.536148305463439
2030-12-17 10:00:00,3.1487445568445906
2030-12-17 11:00:00,19.224013036509117
2030-12-17 12:00:00,12.231545341986529
2030-12-17 13:00:00,2.62074484002449
2030-12-17 14:00:00,3.4545905849946057
2030-12-17 15:00:00,0.013855987839807111
2030-12-17 16:00:00,0.012329589611650149
2030-12-17 17:00:00,0.012442092126963839
2030-12-17 18:00:00,0.012632365354788701
2030-12-17 19:00:00,0.013025621163180935
2030-12-17 20:00:00,0.013463229045420614
2030-12-17 21:00:00,0.013734389047162954
2030-12-17 22:00:00,0.014096772594885558
2030-12-17 23:00:00,0.014428873628584658
2030-12-18 00:00:00,0.015040328738358847
2030-12-18 01:00:00,0.01590953486741893
2030-12-18 02:00:00,0.015513023643752694
2030-12-18 03:00:00,0.01542944047586884
2030-12-18 04:00:00,0.014857209649769583
2030-12-18 05:00:00,0.014589483246362995
2030-12-18 06:00:00,0.014689980118442362
2030-12-18 07:00:00,0.017189104215545606
2030-12-18 08:00:00,9.45940496145528
2030-12-18 09:00:00,317.12848079666844
2030-12-18 10:00:00,1082.589328502646
2030-12-18 11:00:00,1360.7664480210703
2030-12-18 12:00:00,1151.8051404458774
2030-12-18 13:00:00,792.5308560662543
2030-12-18 14:00:00,25.04796228457208
2030-12-18 15:00:00,3.99564602125967
2030-12-18 16:00:00,0.014693359373455879
2030-12-18 17:00:00,0.0145237556740451
2030-12-18 18:00:00,0.015314027503947485
2030-12-18 19:00:00,0.015432287511992226
2030-12-18 20:00:00,0.015192619769274687
2030-12-18 21:00:00,0.014733042509877423
2030-12-18 22:00:00,0.014494640555130176
2030-12-18 23:00:00,0.014302676408775826
2030-12-19 00:00:00,0.014441122880685482
2030-12-19 01:00:00,0.013963806120738545
2030-12-19 02:00:00,0.01350872780906777
2030-12-19 03:00:00,0.013271597659793691
2030-12-19 04:00:00,0.012654569361517386
2030-12-19 05:00:00,0.012339179980099011
2030-12-19 06:00:00,0.012050653765053775
2030-12-19 07:00:00,0.012291281062110731
2030-12-19 08:00:00,3.4212911489874633
2030-12-19 09:00:00,3.541545912603618
2030-12-19 10:00:00,211.2668148819688
2030-12-19 11:00:00,521.900096207574
2030-12-19 12:00:00,430.13767326965984
2030-12-19 13:00:00,9.546208615465957
2030-12-19 14:00:00,3.9464313954197774
2030-12-19 15:00:00,0.001395043092439106
2030-12-19 16:00:00,0.0011758937104785125
2030-12-19 17:00:00,0.00121162659570196
2030-12-19 18:00:00,0.0012228218465128787
2030-12-19 19:00:00,0.00122853020103817
2030-12-19 20:00:00,0.0012214758058299436
2030-12-19 21:00:00,0.0012177561778031756
2030-12-19 22:00:00,0.0012215360678129218
2030-12-19 23:00:00,0.001230761914401171
2030-12-20 00:00:00,0.0012864366741155064
2030-12-20 01:00:00,0.0013025825194439666
2030-12-20 02:00:00,0.0013011094977223596
2030-12-20 03:00:00,0.0012961682031420254
2030-12-20 04:00:00,0.001334872850255935
2030-12-20 05:00:00,0.001268571198722944
2030-12-20 06:00:00,0.0012233059489500748
2030-12-20 07:00:00,0.001318630039746811
2030-12-20 08:00:00,3.0473318018518114
2030-12-20 09:00:00,6.076528004998599
2030-12-20 10:00:00,617.2412498470142
2030-12-20 11:00:00,945.2961490756879
2030-12-20 12:00:00,789.0639091424621
2030-12-20 13:00:00,150.72655080659231
2030-12-20 14:00:00,3.467883595609635
2030-12-20 15:00:00,0.0013822433872655773
2030-12-20 16:00:00,0.001145997051692862
2030-12-20 17:00:00,0.0011645874068063286
2030-12-20 18:00:00,0.0011910304696563102
2030-12-20 19:00:00,0.0012054102058987972
2030-12-20 20:00:00,0.001201535484943751
2030-12-20 21:00:00,0.0012058314520659867
2030-12-20 22:00:00,0.0012125581616636702
2030-12-20 23:00:00,0.0012253208987340221
2030-12-21 00:00:00,0.0012463872865834892
2030-12-21 01:00:00,0.001257816838865186
2030-12-21 02:00:00,0.0012589813658815609
2030-12-21 03:00:00,0.0012542099158055953
2030-12-21 04:00:00,0.0012486667447697303
2030-12-21 05:00:00,0.0012132907040883093
2030-12-21 06:00:00,0.001196712133054071
2030-12-21 07:00:00,0.0012339321609964506
2030-12-21 08:00:00,0.002185584303230645
2030-12-21 09:00:00,0.003139766850832844
2030-12-21 10:00:00,11.670688508093598
2030-12-21 11:00:00,196.8614854545386
2030-12-21 12:00:00,156.71425247431662
2030-12-21 13:00:00,6.066132754138212
2030-12-21 14:00:00,0.0021192007699329103
2030-12-21 15:00:00,0.0012878500670107386
2030-12-21 16:00:00,0.0011641397515533393
2030-12-21 17:00:00,0.001184397442793455
2030-12-21 18:00:00,0.0011967879806642878
2030-12-21 19:00:00,0.0011952519683841028
2030-12-21 20:00:00,0.0011980463058506466
2030-12-21 21:00:00,0.0012219488731515097
2030-12-21 22:00:00,0.0012482128208130472
2030-12-21 23:00:00,0.0012734731093807037
2030-12-22 00:00:00,0.0013011061990838711
2030-12-22 01:00:00,0.0012909060274441226
2030-12-22 02:00:00,0.001280839740036875
2030-12-22 03:00:00,0.001268943372507566
2030-12-22 04:00:00,0.0012960353264002472
2030-12-22 05:00:00,0.001303912955381982
2030-12-22 06:00:00,0.0013008243724199299
2030-12-22 07:00:00,0.001361964767320106
2030-12-22 08:00:00,0.0025608915263836064
2030-12-22 09:00:00,0.0032993373851752114
2030-12-22 10:00:00,0.0043310600860924035
2030-12-22 11:00:00,0.0042601718572047274
2030-12-22 12:00:00,0.004153012729815015
2030-12-22 13:00:00,0.0030182337811930442
2030-12-22 14:00:00,0.002474256035105189
2030-12-22 15:00:00,0.0013250984246419631
2030-12-22 16:00:00,0.001208695157095679
2030-12-22 17:00:00,0.0012126560224036932
2030-12-22 18:00:00,0.0012180277372110307
2030-12-22 19:00:00,0.0012216377081547922
2030-12-22 20:00:00,0.0012309796149538694
2030-12-22 21:00:00,0.0012378345813636768
2030-12-22 22:00:00,0.0012484276814776602
2030-12-22 23:00:00,0.0012585832725853232
2030-12-23 00:00:00,0.0012855628777199994
2030-12-23 01:00:00,0.001282725569574274
2030-12-23 02:00:00,0.0012966119973781356
2030-12-23 03:00:00,0.001291001325826403
2030-12-23 04:00:00,0.0012858072045052098
2030-12-23 05:00:00,0.0012616387553259785
2030-12-23 06:00:00,0.001234777829924352
2030-12-23 07:00:00,0.0012729980123719618
2030-12-23 08:00:00,0.0020585422865894687
2030-12-23 09:00:00,0.003585271394082033
2030-12-23 10:00:00,87.9561844648585
2030-12-23 11:00:00,371.64978712303684
2030-12-23 12:00:00,327.35520571664165
2030-12-23 13:00:00,8.510711253350165
2030-12-23 14:00:00,0.002033375449900578
2030-12-23 15:00:00,0.001224554085119142
2030-12-23 16:00:00,0.0011155841073575748
2030-12-23 17:00:00,0.0011238061689549056
2030-12-23 18:00:00,0.0011253349456168205
2030-12-23 19:00:00,0.0011316266568213813
2030-12-23 20:00:00,0.0011365343131050755
2030-12-23 21:00:00,0.0011390310767628955
2030-12-23 22:00:00,0.0011451663061210348
2030-12-23 23:00:00,0.0011510527105450695
2030-12-24 00:00:00,0.0011666526106702665
2030-12-24 01:00:00,0.0011881826744800227
2030-12-24 02:00:00,0.0012219718136588036
2030-12-24 03:00:00,0.0012587661031602665
2030-12-24 04:00:00,0.0012991264078812148
2030-12-24 05:00:00,0.0013395840557304285
2030-12-24 06:00:00,0.0013428540728031599
2030-12-24 07:00:00,0.0013869414724469711
2030-12-24 08:00:00,3.787353002380391
2030-12-24 09:00:00,14.874056352073248
2030-12-24 10:00:00,472.72491439541636
2030-12-24 11:00:00,870.1783901463427
2030-12-24 12:00:00,877.6594555324924
2030-12-24 13:00:00,472.10124760369075
2030-12-24 14:00:00,8.26192613427006
2030-12-24 15:00:00,2.9839202239724383
2030-12-24 16:00:00,0.012501917314595521
2030-12-24 17:00:00,0.012728903448273637
2030-12-24 18:00:00,0.01284829789449781
2030-12-24 19:00:00,0.012664686019188916
2030-12-24 20:00:00,0.012467591629053962
2030-12-24 21:00:00,0.012495040947640005
2030-12-24 22:00:00,0.012704723656170857
2030-12-24 23:00:00,0.012975265494787771
2030-12-25 00:00:00,0.013056538209244314
2030-12-25 01:00:00,0.013058597138940737
2030-12-25 02:00:00,0.012884644238725812
2030-12-25 03:00:00,0.012548480481973868
2030-12-25 04:00:00,0.012181562483959577
2030-12-25 05:00:00,0.012151479955810533
2030-12-25 06:00:00,0.011756155748599239
2030-12-25 07:00:00,0.011735302126199559
2030-12-25 08:00:00,3.9065071966991693
2030-12-25 09:00:00,0.8534993530190235
2030-12-25 10:00:00,608.9707442611376
2030-12-25 11:00:00,814.014279397427
2030-12-25 12:00:00,605.1086488583503
2030-12-25 13:00:00,42.22482964114259
2030-12-25 14:00:00,3.720527474321291
2030-12-25 15:00:00,2.7688781374221367
2030-12-25 16:00:00,0.012649502727272053
2030-12-25 17:00:00,0.01292320520565118
2030-12-25 18:00:00,0.013193734373842686
2030-12-25 19:00:00,0.013387288097130114
2030-12-25 20:00:00,0.013630137186596444
2030-12-25 21:00:00,0.013969737107525186
2030-12-25 22:00:00,0.014872233203334726
2030-12-25 23:00:00,0.015324610776212028
2030-12-26 00:00:00,0.015578066133350495
2030-12-26 01:00:00,0.016064820245881586
2030-12-26 02:00:00,0.01601381063165062
2030-12-26 03:00:00,0.015854147406701612
2030-12-26 04:00:00,0.015380943498671433
2030-12-26 05:00:00,0.01432476923715522
2030-12-26 06:00:00,0.012896516934504472
2030-12-26 07:00:00,0.013042678160806023
2030-12-26 08:00:00,4.237974761268875
2030-12-26 09:00:00,18.762270589498126
2030-12-26 10:00:00,355.56383560151045
2030-12-26 11:00:00,667.1699416984125
2030-12-26 12:00:00,515.9636404924374
2030-12-26 13:00:00,8.091060011234124
2030-12-26 14:00:00,3.9583212350255144
2030-12-26 15:00:00,0.00148555994821145
2030-12-26 16:00:00,0.001235497385283039
2030-12-26 17:00:00,0.001231002874571351
2030-12-26 18:00:00,0.0012255098681923384
2030-12-26 19:00:00,0.0012065736909946403
2030-12-26 20:00:00,0.0012024559341245636
2030-12-26 21:00:00,0.00121235507521662
2030-12-26 22:00:00,0.0012061431705764766
2030-12-26 23:00:00,0.0012029758081319754
2030-12-27 00:00:00,0.0012085141858777272
2030-12-27 01:00:00,0.0012252670272261308
2030-12-27 02:00:00,0.0012414214251191987
2030-12-27 03:00:00,0.0012605718631063046
2030-12-27 04:00:00,0.0012641445815089062
2030-12-27 05:00:00,0.0012688263385285082
2030-12-27 06:00:00,0.0012840774280260714
2030-12-27 07:00:00,0.001374872296809998
2030-12-27 08:00:00,8.13796477730392
2030-12-27 09:00:00,73.3863243278762
2030-12-27 10:00:00,935.6763385828896
2030-12-27 11:00:00,1345.9472605329684
2030-12-27 12:00:00,1346.1775907978206
2030-12-27 13:00:00,876.6559765452301
2030-12-27 14:00:00,87.28057304226472
2030-12-27 15:00:00,3.958793367472247
2030-12-27 16:00:00,0.014555803593644365
2030-12-27 17:00:00,0.014244972623173759
2030-12-27 18:00:00,0.014199494637688588
2030-12-27 19:00:00,0.014002380329340942
2030-12-27 20:00:00,0.014164709740700391
2030-12-27 21:00:00,0.014066266366422607
2030-12-27 22:00:00,0.01402439930525736
2030-12-27 23:00:00,0.014540769017670662
2030-12-28 00:00:00,0.015353357279401136
2030-12-28 01:00:00,0.015662756914176602
2030-12-28 02:00:00,0.015422267786938322
2030-12-28 03:00:00,0.015926409780052237
2030-12-28 04:00:00,0.01570852133219207
2030-12-28 05:00:00,0.014982845946098087
2030-12-28 06:00:00,0.013814224634201368
2030-12-28 07:00:00,0.014087612122632964
2030-12-28 08:00:00,8.49158785549945
2030-12-28 09:00:00,58.129345816892226
2030-12-28 10:00:00,956.1760249459018
2030-12-28 11:00:00,1389.5986477778515
2030-12-28 12:00:00,1323.0387818742915
2030-12-28 13:00:00,760.5982038521854
2030-12-28 14:00:00,70.70858674833003
2030-12-28 15:00:00,3.503948156827128
2030-12-28 16:00:00,0.012186922707190762
2030-12-28 17:00:00,0.012306408405119046
2030-12-28 18:00:00,0.012306628178836869
2030-12-28 19:00:00,0.01248403183647483
2030-12-28 20:00:00,0.012623031925972996
2030-12-28 21:00:00,0.01248624894055168
2030-12-28 22:00:00,0.01249792953867519
2030-12-28 23:00:00,0.012601284894478522
2030-12-29 00:00:00,0.012542396940383364
2030-12-29 01:00:00,0.012588218265234777
2030-12-29 02:00:00,0.012537538318671751
2030-12-29 03:00:00,0.012663628023659914
2030-12-29 04:00:00,0.012727032084669765
2030-12-29 05:00:00,0.01248256897197578
2030-12-29 06:00:00,0.012078917577322481
2030-12-29 07:00:00,0.012457672493108612
2030-12-29 08:00:00,6.732540957745246
2030-12-29 09:00:00,32.881313284422795
2030-12-29 10:00:00,830.8254152622587
2030-12-29 11:00:00,1103.6272777559295
2030-12-29 12:00:00,1077.0627498133877
2030-12-29 13:00:00,636.2528123409764
2030-12-29 14:00:00,49.58874933248039
2030-12-29 15:00:00,3.239763669950344
2030-12-29 16:00:00,0.011667320708321056
2030-12-29 17:00:00,0.011659216701673804
2030-12-29 18:00:00,0.012142017007444852
2030-12-29 19:00:00,0.012641996667418385
2030-12-29 20:00:00,0.012697640159956908
2030-12-29 21:00:00,0.012913656083287298
2030-12-29 22:00:00,0.012938709648338034
2030-12-29 23:00:00,0.012951008424919402
2030-12-30 00:00:00,0.012874653889415711
2030-12-30 01:00:00,0.012859803250259337
2030-12-30 02:00:00,0.012779350776787142
2030-12-30 03:00:00,0.012749107876296238
2030-12-30 04:00:00,0.012648432758739388
2030-12-30 05:00:00,0.01230785406716212
2030-12-30 06:00:00,0.012451437151925397
2030-12-30 07:00:00,0.013338198744609444
2030-12-30 08:00:00,8.16545269643086
2030-12-30 09:00:00,41.835974073028886
2030-12-30 10:00:00,614.317358413726
2030-12-30 11:00:00,888.5387655357084
2030-12-30 12:00:00,687.5303892446062
2030-12-30 13:00:00,201.68537940654682
2030-12-30 14:00:00,11.073455873004752
2030-12-30 15:00:00,3.2014879555715274
2030-12-30 16:00:00,0.012446198952097441
2030-12-30 17:00:00,0.011910628039903566
2030-12-30 18:00:00,0.011862642807556553
2030-12-30 19:00:00,0.012094401948138005
2030-12-30 20:00:00,0.012222740030643406
2030-12-30 21:00:00,0.012511731372813504
2030-12-30 22:00:00,0.01249865988035524
2030-12-30 23:00:00,0.01264209669088146
2030-12-31 00:00:00,0.012923501737018356
2030-12-31 01:00:00,0.012889637193054804
2030-12-31 02:00:00,0.013046369186180712
2030-12-31 03:00:00,0.012954539834927342
2030-12-31 04:00:00,0.012962603416722854
2030-12-31 05:00:00,0.01305152055969455
2030-12-31 06:00:00,0.012541013249471622
2030-12-31 07:00:00,0.013003301962172056
2030-12-31 08:00:00,3.907891177212596
2030-12-31 09:00:00,35.609292414205896
2030-12-31 10:00:00,129.5156824951448
2030-12-31 11:00:00,310.7353840205348
2030-12-31 12:00:00,316.3859914174119
2030-12-31 13:00:00,149.65147550905635
2030-12-31 14:00:00,93.12660430295615
2030-12-31 15:00:00,4.027108088996842
2030-12-31 16:00:00,0.014755857137997277
2030-12-31 17:00:00,0.014917272693083369
2030-12-31 18:00:00,0.0148413354207796
2030-12-31 19:00:00,0.015091013872930907
2030-12-31 20:00:00,0.014936300472826097
2030-12-31 21:00:00,0.015163150400888968
2030-12-31 22:00:00,0.015207694822600927
2030-12-31 23:00:00,0.015288472341092622
