,Coal-EA,Coal-NE,Coal-NO,Coal-SO,Coal-WE
0,0.55,0.55,0.55,0.55,0.55
1,0.55,0.55,0.55,0.55,0.55
2,0.55,0.55,0.55,0.55,0.55
3,0.55,0.55,0.55,0.55,0.55
4,0.55,0.55,0.55,0.55,0.55
5,0.55,0.55,0.55,0.55,0.55
6,0.55,0.55,0.55,0.55,0.55
7,0.55,0.55,0.55,0.55,0.55
8,0.55,0.55,0.55,0.55,0.55
9,0.55,0.55,0.55,0.55,0.55
10,0.55,0.55,0.55,0.55,0.55
11,0.55,0.55,0.55,0.55,0.55
12,0.55,0.55,0.55,0.55,0.55
13,0.55,0.55,0.55,0.55,0.55
14,0.55,0.55,0.55,0.55,0.55
15,0.55,0.55,0.55,0.55,0.55
16,0.55,0.55,0.55,0.55,0.55
17,0.55,0.55,0.55,0.55,0.55
18,0.55,0.55,0.55,0.55,0.55
19,0.55,0.55,0.55,0.55,0.55
20,0.55,0.55,0.55,0.55,0.55
21,0.55,0.55,0.55,0.55,0.55
22,0.55,0.55,0.55,0.55,0.55
23,0.55,0.55,0.55,0.55,0.55
24,0.55,0.55,0.55,0.55,0.55
25,0.55,0.55,0.55,0.55,0.55
26,0.55,0.55,0.55,0.55,0.55
27,0.55,0.55,0.55,0.55,0.55
28,0.55,0.55,0.55,0.55,0.55
29,0.55,0.55,0.55,0.55,0.55
30,0.55,0.55,0.55,0.55,0.55
31,0.55,0.55,0.55,0.55,0.55
32,0.55,0.55,0.55,0.55,0.55
33,0.55,0.55,0.55,0.55,0.55
34,0.55,0.55,0.55,0.55,0.55
35,0.55,0.55,0.55,0.55,0.55
36,0.55,0.55,0.55,0.55,0.55
37,0.55,0.55,0.55,0.55,0.55
38,0.55,0.55,0.55,0.55,0.55
39,0.55,0.55,0.55,0.55,0.55
40,0.55,0.55,0.55,0.55,0.55
41,0.55,0.55,0.55,0.55,0.55
42,0.55,0.55,0.55,0.55,0.55
43,0.55,0.55,0.55,0.55,0.55
44,0.55,0.55,0.55,0.55,0.55
45,0.55,0.55,0.55,0.55,0.55
46,0.55,0.55,0.55,0.55,0.55
47,0.55,0.55,0.55,0.55,0.55
48,0.55,0.55,0.55,0.55,0.55
49,0.55,0.55,0.55,0.55,0.55
50,0.55,0.55,0.55,0.55,0.55
51,0.55,0.55,0.55,0.55,0.55
52,0.55,0.55,0.55,0.55,0.55
53,0.55,0.55,0.55,0.55,0.55
54,0.55,0.55,0.55,0.55,0.55
55,0.55,0.55,0.55,0.55,0.55
56,0.55,0.55,0.55,0.55,0.55
57,0.55,0.55,0.55,0.55,0.55
58,0.55,0.55,0.55,0.55,0.55
59,0.55,0.55,0.55,0.55,0.55
60,0.55,0.55,0.55,0.55,0.55
61,0.55,0.55,0.55,0.55,0.55
62,0.55,0.55,0.55,0.55,0.55
63,0.55,0.55,0.55,0.55,0.55
64,0.55,0.55,0.55,0.55,0.55
65,0.55,0.55,0.55,0.55,0.55
66,0.55,0.55,0.55,0.55,0.55
67,0.55,0.55,0.55,0.55,0.55
68,0.55,0.55,0.55,0.55,0.55
69,0.55,0.55,0.55,0.55,0.55
70,0.55,0.55,0.55,0.55,0.55
71,0.55,0.55,0.55,0.55,0.55
72,0.55,0.55,0.55,0.55,0.55
73,0.55,0.55,0.55,0.55,0.55
74,0.55,0.55,0.55,0.55,0.55
75,0.55,0.55,0.55,0.55,0.55
76,0.55,0.55,0.55,0.55,0.55
77,0.55,0.55,0.55,0.55,0.55
78,0.55,0.55,0.55,0.55,0.55
79,0.55,0.55,0.55,0.55,0.55
80,0.55,0.55,0.55,0.55,0.55
81,0.55,0.55,0.55,0.55,0.55
82,0.55,0.55,0.55,0.55,0.55
83,0.55,0.55,0.55,0.55,0.55
84,0.55,0.55,0.55,0.55,0.55
85,0.55,0.55,0.55,0.55,0.55
86,0.55,0.55,0.55,0.55,0.55
87,0.55,0.55,0.55,0.55,0.55
88,0.55,0.55,0.55,0.55,0.55
89,0.55,0.55,0.55,0.55,0.55
90,0.55,0.55,0.55,0.55,0.55
91,0.55,0.55,0.55,0.55,0.55
92,0.55,0.55,0.55,0.55,0.55
93,0.55,0.55,0.55,0.55,0.55
94,0.55,0.55,0.55,0.55,0.55
95,0.55,0.55,0.55,0.55,0.55
96,0.55,0.55,0.55,0.55,0.55
97,0.55,0.55,0.55,0.55,0.55
98,0.55,0.55,0.55,0.55,0.55
99,0.55,0.55,0.55,0.55,0.55
100,0.55,0.55,0.55,0.55,0.55
101,0.55,0.55,0.55,0.55,0.55
102,0.55,0.55,0.55,0.55,0.55
103,0.55,0.55,0.55,0.55,0.55
104,0.55,0.55,0.55,0.55,0.55
105,0.55,0.55,0.55,0.55,0.55
106,0.55,0.55,0.55,0.55,0.55
107,0.55,0.55,0.55,0.55,0.55
108,0.55,0.55,0.55,0.55,0.55
109,0.55,0.55,0.55,0.55,0.55
110,0.55,0.55,0.55,0.55,0.55
111,0.55,0.55,0.55,0.55,0.55
112,0.55,0.55,0.55,0.55,0.55
113,0.55,0.55,0.55,0.55,0.55
114,0.55,0.55,0.55,0.55,0.55
115,0.55,0.55,0.55,0.55,0.55
116,0.55,0.55,0.55,0.55,0.55
117,0.55,0.55,0.55,0.55,0.55
118,0.55,0.55,0.55,0.55,0.55
119,0.55,0.55,0.55,0.55,0.55
120,0.55,0.55,0.55,0.55,0.55
121,0.55,0.55,0.55,0.55,0.55
122,0.55,0.55,0.55,0.55,0.55
123,0.55,0.55,0.55,0.55,0.55
124,0.55,0.55,0.55,0.55,0.55
125,0.55,0.55,0.55,0.55,0.55
126,0.55,0.55,0.55,0.55,0.55
127,0.55,0.55,0.55,0.55,0.55
128,0.55,0.55,0.55,0.55,0.55
129,0.55,0.55,0.55,0.55,0.55
130,0.55,0.55,0.55,0.55,0.55
131,0.55,0.55,0.55,0.55,0.55
132,0.55,0.55,0.55,0.55,0.55
133,0.55,0.55,0.55,0.55,0.55
134,0.55,0.55,0.55,0.55,0.55
135,0.55,0.55,0.55,0.55,0.55
136,0.55,0.55,0.55,0.55,0.55
137,0.55,0.55,0.55,0.55,0.55
138,0.55,0.55,0.55,0.55,0.55
139,0.55,0.55,0.55,0.55,0.55
140,0.55,0.55,0.55,0.55,0.55
141,0.55,0.55,0.55,0.55,0.55
142,0.55,0.55,0.55,0.55,0.55
143,0.55,0.55,0.55,0.55,0.55
144,0.55,0.55,0.55,0.55,0.55
145,0.55,0.55,0.55,0.55,0.55
146,0.55,0.55,0.55,0.55,0.55
147,0.55,0.55,0.55,0.55,0.55
148,0.55,0.55,0.55,0.55,0.55
149,0.55,0.55,0.55,0.55,0.55
150,0.55,0.55,0.55,0.55,0.55
151,0.55,0.55,0.55,0.55,0.55
152,0.55,0.55,0.55,0.55,0.55
153,0.55,0.55,0.55,0.55,0.55
154,0.55,0.55,0.55,0.55,0.55
155,0.55,0.55,0.55,0.55,0.55
156,0.55,0.55,0.55,0.55,0.55
157,0.55,0.55,0.55,0.55,0.55
158,0.55,0.55,0.55,0.55,0.55
159,0.55,0.55,0.55,0.55,0.55
160,0.55,0.55,0.55,0.55,0.55
161,0.55,0.55,0.55,0.55,0.55
162,0.55,0.55,0.55,0.55,0.55
163,0.55,0.55,0.55,0.55,0.55
164,0.55,0.55,0.55,0.55,0.55
165,0.55,0.55,0.55,0.55,0.55
166,0.55,0.55,0.55,0.55,0.55
167,0.55,0.55,0.55,0.55,0.55
168,0.55,0.55,0.55,0.55,0.55
169,0.55,0.55,0.55,0.55,0.55
170,0.55,0.55,0.55,0.55,0.55
171,0.55,0.55,0.55,0.55,0.55
172,0.55,0.55,0.55,0.55,0.55
173,0.55,0.55,0.55,0.55,0.55
174,0.55,0.55,0.55,0.55,0.55
175,0.55,0.55,0.55,0.55,0.55
176,0.55,0.55,0.55,0.55,0.55
177,0.55,0.55,0.55,0.55,0.55
178,0.55,0.55,0.55,0.55,0.55
179,0.55,0.55,0.55,0.55,0.55
180,0.55,0.55,0.55,0.55,0.55
181,0.55,0.55,0.55,0.55,0.55
182,0.55,0.55,0.55,0.55,0.55
183,0.55,0.55,0.55,0.55,0.55
184,0.55,0.55,0.55,0.55,0.55
185,0.55,0.55,0.55,0.55,0.55
186,0.55,0.55,0.55,0.55,0.55
187,0.55,0.55,0.55,0.55,0.55
188,0.55,0.55,0.55,0.55,0.55
189,0.55,0.55,0.55,0.55,0.55
190,0.55,0.55,0.55,0.55,0.55
191,0.55,0.55,0.55,0.55,0.55
192,0.55,0.55,0.55,0.55,0.55
193,0.55,0.55,0.55,0.55,0.55
194,0.55,0.55,0.55,0.55,0.55
195,0.55,0.55,0.55,0.55,0.55
196,0.55,0.55,0.55,0.55,0.55
197,0.55,0.55,0.55,0.55,0.55
198,0.55,0.55,0.55,0.55,0.55
199,0.55,0.55,0.55,0.55,0.55
200,0.55,0.55,0.55,0.55,0.55
201,0.55,0.55,0.55,0.55,0.55
202,0.55,0.55,0.55,0.55,0.55
203,0.55,0.55,0.55,0.55,0.55
204,0.55,0.55,0.55,0.55,0.55
205,0.55,0.55,0.55,0.55,0.55
206,0.55,0.55,0.55,0.55,0.55
207,0.55,0.55,0.55,0.55,0.55
208,0.55,0.55,0.55,0.55,0.55
209,0.55,0.55,0.55,0.55,0.55
210,0.55,0.55,0.55,0.55,0.55
211,0.55,0.55,0.55,0.55,0.55
212,0.55,0.55,0.55,0.55,0.55
213,0.55,0.55,0.55,0.55,0.55
214,0.55,0.55,0.55,0.55,0.55
215,0.55,0.55,0.55,0.55,0.55
216,0.55,0.55,0.55,0.55,0.55
217,0.55,0.55,0.55,0.55,0.55
218,0.55,0.55,0.55,0.55,0.55
219,0.55,0.55,0.55,0.55,0.55
220,0.55,0.55,0.55,0.55,0.55
221,0.55,0.55,0.55,0.55,0.55
222,0.55,0.55,0.55,0.55,0.55
223,0.55,0.55,0.55,0.55,0.55
224,0.55,0.55,0.55,0.55,0.55
225,0.55,0.55,0.55,0.55,0.55
226,0.55,0.55,0.55,0.55,0.55
227,0.55,0.55,0.55,0.55,0.55
228,0.55,0.55,0.55,0.55,0.55
229,0.55,0.55,0.55,0.55,0.55
230,0.55,0.55,0.55,0.55,0.55
231,0.55,0.55,0.55,0.55,0.55
232,0.55,0.55,0.55,0.55,0.55
233,0.55,0.55,0.55,0.55,0.55
234,0.55,0.55,0.55,0.55,0.55
235,0.55,0.55,0.55,0.55,0.55
236,0.55,0.55,0.55,0.55,0.55
237,0.55,0.55,0.55,0.55,0.55
238,0.55,0.55,0.55,0.55,0.55
239,0.55,0.55,0.55,0.55,0.55
240,0.55,0.55,0.55,0.55,0.55
241,0.55,0.55,0.55,0.55,0.55
242,0.55,0.55,0.55,0.55,0.55
243,0.55,0.55,0.55,0.55,0.55
244,0.55,0.55,0.55,0.55,0.55
245,0.55,0.55,0.55,0.55,0.55
246,0.55,0.55,0.55,0.55,0.55
247,0.55,0.55,0.55,0.55,0.55
248,0.55,0.55,0.55,0.55,0.55
249,0.55,0.55,0.55,0.55,0.55
250,0.55,0.55,0.55,0.55,0.55
251,0.55,0.55,0.55,0.55,0.55
252,0.55,0.55,0.55,0.55,0.55
253,0.55,0.55,0.55,0.55,0.55
254,0.55,0.55,0.55,0.55,0.55
255,0.55,0.55,0.55,0.55,0.55
256,0.55,0.55,0.55,0.55,0.55
257,0.55,0.55,0.55,0.55,0.55
258,0.55,0.55,0.55,0.55,0.55
259,0.55,0.55,0.55,0.55,0.55
260,0.55,0.55,0.55,0.55,0.55
261,0.55,0.55,0.55,0.55,0.55
262,0.55,0.55,0.55,0.55,0.55
263,0.55,0.55,0.55,0.55,0.55
264,0.55,0.55,0.55,0.55,0.55
265,0.55,0.55,0.55,0.55,0.55
266,0.55,0.55,0.55,0.55,0.55
267,0.55,0.55,0.55,0.55,0.55
268,0.55,0.55,0.55,0.55,0.55
269,0.55,0.55,0.55,0.55,0.55
270,0.55,0.55,0.55,0.55,0.55
271,0.55,0.55,0.55,0.55,0.55
272,0.55,0.55,0.55,0.55,0.55
273,0.55,0.55,0.55,0.55,0.55
274,0.55,0.55,0.55,0.55,0.55
275,0.55,0.55,0.55,0.55,0.55
276,0.55,0.55,0.55,0.55,0.55
277,0.55,0.55,0.55,0.55,0.55
278,0.55,0.55,0.55,0.55,0.55
279,0.55,0.55,0.55,0.55,0.55
280,0.55,0.55,0.55,0.55,0.55
281,0.55,0.55,0.55,0.55,0.55
282,0.55,0.55,0.55,0.55,0.55
283,0.55,0.55,0.55,0.55,0.55
284,0.55,0.55,0.55,0.55,0.55
285,0.55,0.55,0.55,0.55,0.55
286,0.55,0.55,0.55,0.55,0.55
287,0.55,0.55,0.55,0.55,0.55
288,0.55,0.55,0.55,0.55,0.55
289,0.55,0.55,0.55,0.55,0.55
290,0.55,0.55,0.55,0.55,0.55
291,0.55,0.55,0.55,0.55,0.55
292,0.55,0.55,0.55,0.55,0.55
293,0.55,0.55,0.55,0.55,0.55
294,0.55,0.55,0.55,0.55,0.55
295,0.55,0.55,0.55,0.55,0.55
296,0.55,0.55,0.55,0.55,0.55
297,0.55,0.55,0.55,0.55,0.55
298,0.55,0.55,0.55,0.55,0.55
299,0.55,0.55,0.55,0.55,0.55
300,0.55,0.55,0.55,0.55,0.55
301,0.55,0.55,0.55,0.55,0.55
302,0.55,0.55,0.55,0.55,0.55
303,0.55,0.55,0.55,0.55,0.55
304,0.55,0.55,0.55,0.55,0.55
305,0.55,0.55,0.55,0.55,0.55
306,0.55,0.55,0.55,0.55,0.55
307,0.55,0.55,0.55,0.55,0.55
308,0.55,0.55,0.55,0.55,0.55
309,0.55,0.55,0.55,0.55,0.55
310,0.55,0.55,0.55,0.55,0.55
311,0.55,0.55,0.55,0.55,0.55
312,0.55,0.55,0.55,0.55,0.55
313,0.55,0.55,0.55,0.55,0.55
314,0.55,0.55,0.55,0.55,0.55
315,0.55,0.55,0.55,0.55,0.55
316,0.55,0.55,0.55,0.55,0.55
317,0.55,0.55,0.55,0.55,0.55
318,0.55,0.55,0.55,0.55,0.55
319,0.55,0.55,0.55,0.55,0.55
320,0.55,0.55,0.55,0.55,0.55
321,0.55,0.55,0.55,0.55,0.55
322,0.55,0.55,0.55,0.55,0.55
323,0.55,0.55,0.55,0.55,0.55
324,0.55,0.55,0.55,0.55,0.55
325,0.55,0.55,0.55,0.55,0.55
326,0.55,0.55,0.55,0.55,0.55
327,0.55,0.55,0.55,0.55,0.55
328,0.55,0.55,0.55,0.55,0.55
329,0.55,0.55,0.55,0.55,0.55
330,0.55,0.55,0.55,0.55,0.55
331,0.55,0.55,0.55,0.55,0.55
332,0.55,0.55,0.55,0.55,0.55
333,0.55,0.55,0.55,0.55,0.55
334,0.55,0.55,0.55,0.55,0.55
335,0.55,0.55,0.55,0.55,0.55
336,0.55,0.55,0.55,0.55,0.55
337,0.55,0.55,0.55,0.55,0.55
338,0.55,0.55,0.55,0.55,0.55
339,0.55,0.55,0.55,0.55,0.55
340,0.55,0.55,0.55,0.55,0.55
341,0.55,0.55,0.55,0.55,0.55
342,0.55,0.55,0.55,0.55,0.55
343,0.55,0.55,0.55,0.55,0.55
344,0.55,0.55,0.55,0.55,0.55
345,0.55,0.55,0.55,0.55,0.55
346,0.55,0.55,0.55,0.55,0.55
347,0.55,0.55,0.55,0.55,0.55
348,0.55,0.55,0.55,0.55,0.55
349,0.55,0.55,0.55,0.55,0.55
350,0.55,0.55,0.55,0.55,0.55
351,0.55,0.55,0.55,0.55,0.55
352,0.55,0.55,0.55,0.55,0.55
353,0.55,0.55,0.55,0.55,0.55
354,0.55,0.55,0.55,0.55,0.55
355,0.55,0.55,0.55,0.55,0.55
356,0.55,0.55,0.55,0.55,0.55
357,0.55,0.55,0.55,0.55,0.55
358,0.55,0.55,0.55,0.55,0.55
359,0.55,0.55,0.55,0.55,0.55
360,0.55,0.55,0.55,0.55,0.55
361,0.55,0.55,0.55,0.55,0.55
362,0.55,0.55,0.55,0.55,0.55
363,0.55,0.55,0.55,0.55,0.55
364,0.55,0.55,0.55,0.55,0.55
365,0.55,0.55,0.55,0.55,0.55
366,0.55,0.55,0.55,0.55,0.55
367,0.55,0.55,0.55,0.55,0.55
368,0.55,0.55,0.55,0.55,0.55
369,0.55,0.55,0.55,0.55,0.55
370,0.55,0.55,0.55,0.55,0.55
371,0.55,0.55,0.55,0.55,0.55
372,0.55,0.55,0.55,0.55,0.55
373,0.55,0.55,0.55,0.55,0.55
374,0.55,0.55,0.55,0.55,0.55
375,0.55,0.55,0.55,0.55,0.55
376,0.55,0.55,0.55,0.55,0.55
377,0.55,0.55,0.55,0.55,0.55
378,0.55,0.55,0.55,0.55,0.55
379,0.55,0.55,0.55,0.55,0.55
380,0.55,0.55,0.55,0.55,0.55
381,0.55,0.55,0.55,0.55,0.55
382,0.55,0.55,0.55,0.55,0.55
383,0.55,0.55,0.55,0.55,0.55
384,0.55,0.55,0.55,0.55,0.55
385,0.55,0.55,0.55,0.55,0.55
386,0.55,0.55,0.55,0.55,0.55
387,0.55,0.55,0.55,0.55,0.55
388,0.55,0.55,0.55,0.55,0.55
389,0.55,0.55,0.55,0.55,0.55
390,0.55,0.55,0.55,0.55,0.55
391,0.55,0.55,0.55,0.55,0.55
392,0.55,0.55,0.55,0.55,0.55
393,0.55,0.55,0.55,0.55,0.55
394,0.55,0.55,0.55,0.55,0.55
395,0.55,0.55,0.55,0.55,0.55
396,0.55,0.55,0.55,0.55,0.55
397,0.55,0.55,0.55,0.55,0.55
398,0.55,0.55,0.55,0.55,0.55
399,0.55,0.55,0.55,0.55,0.55
400,0.55,0.55,0.55,0.55,0.55
401,0.55,0.55,0.55,0.55,0.55
402,0.55,0.55,0.55,0.55,0.55
403,0.55,0.55,0.55,0.55,0.55
404,0.55,0.55,0.55,0.55,0.55
405,0.55,0.55,0.55,0.55,0.55
406,0.55,0.55,0.55,0.55,0.55
407,0.55,0.55,0.55,0.55,0.55
408,0.55,0.55,0.55,0.55,0.55
409,0.55,0.55,0.55,0.55,0.55
410,0.55,0.55,0.55,0.55,0.55
411,0.55,0.55,0.55,0.55,0.55
412,0.55,0.55,0.55,0.55,0.55
413,0.55,0.55,0.55,0.55,0.55
414,0.55,0.55,0.55,0.55,0.55
415,0.55,0.55,0.55,0.55,0.55
416,0.55,0.55,0.55,0.55,0.55
417,0.55,0.55,0.55,0.55,0.55
418,0.55,0.55,0.55,0.55,0.55
419,0.55,0.55,0.55,0.55,0.55
420,0.55,0.55,0.55,0.55,0.55
421,0.55,0.55,0.55,0.55,0.55
422,0.55,0.55,0.55,0.55,0.55
423,0.55,0.55,0.55,0.55,0.55
424,0.55,0.55,0.55,0.55,0.55
425,0.55,0.55,0.55,0.55,0.55
426,0.55,0.55,0.55,0.55,0.55
427,0.55,0.55,0.55,0.55,0.55
428,0.55,0.55,0.55,0.55,0.55
429,0.55,0.55,0.55,0.55,0.55
430,0.55,0.55,0.55,0.55,0.55
431,0.55,0.55,0.55,0.55,0.55
432,0.55,0.55,0.55,0.55,0.55
433,0.55,0.55,0.55,0.55,0.55
434,0.55,0.55,0.55,0.55,0.55
435,0.55,0.55,0.55,0.55,0.55
436,0.55,0.55,0.55,0.55,0.55
437,0.55,0.55,0.55,0.55,0.55
438,0.55,0.55,0.55,0.55,0.55
439,0.55,0.55,0.55,0.55,0.55
440,0.55,0.55,0.55,0.55,0.55
441,0.55,0.55,0.55,0.55,0.55
442,0.55,0.55,0.55,0.55,0.55
443,0.55,0.55,0.55,0.55,0.55
444,0.55,0.55,0.55,0.55,0.55
445,0.55,0.55,0.55,0.55,0.55
446,0.55,0.55,0.55,0.55,0.55
447,0.55,0.55,0.55,0.55,0.55
448,0.55,0.55,0.55,0.55,0.55
449,0.55,0.55,0.55,0.55,0.55
450,0.55,0.55,0.55,0.55,0.55
451,0.55,0.55,0.55,0.55,0.55
452,0.55,0.55,0.55,0.55,0.55
453,0.55,0.55,0.55,0.55,0.55
454,0.55,0.55,0.55,0.55,0.55
455,0.55,0.55,0.55,0.55,0.55
456,0.55,0.55,0.55,0.55,0.55
457,0.55,0.55,0.55,0.55,0.55
458,0.55,0.55,0.55,0.55,0.55
459,0.55,0.55,0.55,0.55,0.55
460,0.55,0.55,0.55,0.55,0.55
461,0.55,0.55,0.55,0.55,0.55
462,0.55,0.55,0.55,0.55,0.55
463,0.55,0.55,0.55,0.55,0.55
464,0.55,0.55,0.55,0.55,0.55
465,0.55,0.55,0.55,0.55,0.55
466,0.55,0.55,0.55,0.55,0.55
467,0.55,0.55,0.55,0.55,0.55
468,0.55,0.55,0.55,0.55,0.55
469,0.55,0.55,0.55,0.55,0.55
470,0.55,0.55,0.55,0.55,0.55
471,0.55,0.55,0.55,0.55,0.55
472,0.55,0.55,0.55,0.55,0.55
473,0.55,0.55,0.55,0.55,0.55
474,0.55,0.55,0.55,0.55,0.55
475,0.55,0.55,0.55,0.55,0.55
476,0.55,0.55,0.55,0.55,0.55
477,0.55,0.55,0.55,0.55,0.55
478,0.55,0.55,0.55,0.55,0.55
479,0.55,0.55,0.55,0.55,0.55
480,0.55,0.55,0.55,0.55,0.55
481,0.55,0.55,0.55,0.55,0.55
482,0.55,0.55,0.55,0.55,0.55
483,0.55,0.55,0.55,0.55,0.55
484,0.55,0.55,0.55,0.55,0.55
485,0.55,0.55,0.55,0.55,0.55
486,0.55,0.55,0.55,0.55,0.55
487,0.55,0.55,0.55,0.55,0.55
488,0.55,0.55,0.55,0.55,0.55
489,0.55,0.55,0.55,0.55,0.55
490,0.55,0.55,0.55,0.55,0.55
491,0.55,0.55,0.55,0.55,0.55
492,0.55,0.55,0.55,0.55,0.55
493,0.55,0.55,0.55,0.55,0.55
494,0.55,0.55,0.55,0.55,0.55
495,0.55,0.55,0.55,0.55,0.55
496,0.55,0.55,0.55,0.55,0.55
497,0.55,0.55,0.55,0.55,0.55
498,0.55,0.55,0.55,0.55,0.55
499,0.55,0.55,0.55,0.55,0.55
500,0.55,0.55,0.55,0.55,0.55
501,0.55,0.55,0.55,0.55,0.55
502,0.55,0.55,0.55,0.55,0.55
503,0.55,0.55,0.55,0.55,0.55
504,0.55,0.55,0.55,0.55,0.55
505,0.55,0.55,0.55,0.55,0.55
506,0.55,0.55,0.55,0.55,0.55
507,0.55,0.55,0.55,0.55,0.55
508,0.55,0.55,0.55,0.55,0.55
509,0.55,0.55,0.55,0.55,0.55
510,0.55,0.55,0.55,0.55,0.55
511,0.55,0.55,0.55,0.55,0.55
512,0.55,0.55,0.55,0.55,0.55
513,0.55,0.55,0.55,0.55,0.55
514,0.55,0.55,0.55,0.55,0.55
515,0.55,0.55,0.55,0.55,0.55
516,0.55,0.55,0.55,0.55,0.55
517,0.55,0.55,0.55,0.55,0.55
518,0.55,0.55,0.55,0.55,0.55
519,0.55,0.55,0.55,0.55,0.55
520,0.55,0.55,0.55,0.55,0.55
521,0.55,0.55,0.55,0.55,0.55
522,0.55,0.55,0.55,0.55,0.55
523,0.55,0.55,0.55,0.55,0.55
524,0.55,0.55,0.55,0.55,0.55
525,0.55,0.55,0.55,0.55,0.55
526,0.55,0.55,0.55,0.55,0.55
527,0.55,0.55,0.55,0.55,0.55
528,0.55,0.55,0.55,0.55,0.55
529,0.55,0.55,0.55,0.55,0.55
530,0.55,0.55,0.55,0.55,0.55
531,0.55,0.55,0.55,0.55,0.55
532,0.55,0.55,0.55,0.55,0.55
533,0.55,0.55,0.55,0.55,0.55
534,0.55,0.55,0.55,0.55,0.55
535,0.55,0.55,0.55,0.55,0.55
536,0.55,0.55,0.55,0.55,0.55
537,0.55,0.55,0.55,0.55,0.55
538,0.55,0.55,0.55,0.55,0.55
539,0.55,0.55,0.55,0.55,0.55
540,0.55,0.55,0.55,0.55,0.55
541,0.55,0.55,0.55,0.55,0.55
542,0.55,0.55,0.55,0.55,0.55
543,0.55,0.55,0.55,0.55,0.55
544,0.55,0.55,0.55,0.55,0.55
545,0.55,0.55,0.55,0.55,0.55
546,0.55,0.55,0.55,0.55,0.55
547,0.55,0.55,0.55,0.55,0.55
548,0.55,0.55,0.55,0.55,0.55
549,0.55,0.55,0.55,0.55,0.55
550,0.55,0.55,0.55,0.55,0.55
551,0.55,0.55,0.55,0.55,0.55
552,0.55,0.55,0.55,0.55,0.55
553,0.55,0.55,0.55,0.55,0.55
554,0.55,0.55,0.55,0.55,0.55
555,0.55,0.55,0.55,0.55,0.55
556,0.55,0.55,0.55,0.55,0.55
557,0.55,0.55,0.55,0.55,0.55
558,0.55,0.55,0.55,0.55,0.55
559,0.55,0.55,0.55,0.55,0.55
560,0.55,0.55,0.55,0.55,0.55
561,0.55,0.55,0.55,0.55,0.55
562,0.55,0.55,0.55,0.55,0.55
563,0.55,0.55,0.55,0.55,0.55
564,0.55,0.55,0.55,0.55,0.55
565,0.55,0.55,0.55,0.55,0.55
566,0.55,0.55,0.55,0.55,0.55
567,0.55,0.55,0.55,0.55,0.55
568,0.55,0.55,0.55,0.55,0.55
569,0.55,0.55,0.55,0.55,0.55
570,0.55,0.55,0.55,0.55,0.55
571,0.55,0.55,0.55,0.55,0.55
572,0.55,0.55,0.55,0.55,0.55
573,0.55,0.55,0.55,0.55,0.55
574,0.55,0.55,0.55,0.55,0.55
575,0.55,0.55,0.55,0.55,0.55
576,0.55,0.55,0.55,0.55,0.55
577,0.55,0.55,0.55,0.55,0.55
578,0.55,0.55,0.55,0.55,0.55
579,0.55,0.55,0.55,0.55,0.55
580,0.55,0.55,0.55,0.55,0.55
581,0.55,0.55,0.55,0.55,0.55
582,0.55,0.55,0.55,0.55,0.55
583,0.55,0.55,0.55,0.55,0.55
584,0.55,0.55,0.55,0.55,0.55
585,0.55,0.55,0.55,0.55,0.55
586,0.55,0.55,0.55,0.55,0.55
587,0.55,0.55,0.55,0.55,0.55
588,0.55,0.55,0.55,0.55,0.55
589,0.55,0.55,0.55,0.55,0.55
590,0.55,0.55,0.55,0.55,0.55
591,0.55,0.55,0.55,0.55,0.55
592,0.55,0.55,0.55,0.55,0.55
593,0.55,0.55,0.55,0.55,0.55
594,0.55,0.55,0.55,0.55,0.55
595,0.55,0.55,0.55,0.55,0.55
596,0.55,0.55,0.55,0.55,0.55
597,0.55,0.55,0.55,0.55,0.55
598,0.55,0.55,0.55,0.55,0.55
599,0.55,0.55,0.55,0.55,0.55
600,0.55,0.55,0.55,0.55,0.55
601,0.55,0.55,0.55,0.55,0.55
602,0.55,0.55,0.55,0.55,0.55
603,0.55,0.55,0.55,0.55,0.55
604,0.55,0.55,0.55,0.55,0.55
605,0.55,0.55,0.55,0.55,0.55
606,0.55,0.55,0.55,0.55,0.55
607,0.55,0.55,0.55,0.55,0.55
608,0.55,0.55,0.55,0.55,0.55
609,0.55,0.55,0.55,0.55,0.55
610,0.55,0.55,0.55,0.55,0.55
611,0.55,0.55,0.55,0.55,0.55
612,0.55,0.55,0.55,0.55,0.55
613,0.55,0.55,0.55,0.55,0.55
614,0.55,0.55,0.55,0.55,0.55
615,0.55,0.55,0.55,0.55,0.55
616,0.55,0.55,0.55,0.55,0.55
617,0.55,0.55,0.55,0.55,0.55
618,0.55,0.55,0.55,0.55,0.55
619,0.55,0.55,0.55,0.55,0.55
620,0.55,0.55,0.55,0.55,0.55
621,0.55,0.55,0.55,0.55,0.55
622,0.55,0.55,0.55,0.55,0.55
623,0.55,0.55,0.55,0.55,0.55
624,0.55,0.55,0.55,0.55,0.55
625,0.55,0.55,0.55,0.55,0.55
626,0.55,0.55,0.55,0.55,0.55
627,0.55,0.55,0.55,0.55,0.55
628,0.55,0.55,0.55,0.55,0.55
629,0.55,0.55,0.55,0.55,0.55
630,0.55,0.55,0.55,0.55,0.55
631,0.55,0.55,0.55,0.55,0.55
632,0.55,0.55,0.55,0.55,0.55
633,0.55,0.55,0.55,0.55,0.55
634,0.55,0.55,0.55,0.55,0.55
635,0.55,0.55,0.55,0.55,0.55
636,0.55,0.55,0.55,0.55,0.55
637,0.55,0.55,0.55,0.55,0.55
638,0.55,0.55,0.55,0.55,0.55
639,0.55,0.55,0.55,0.55,0.55
640,0.55,0.55,0.55,0.55,0.55
641,0.55,0.55,0.55,0.55,0.55
642,0.55,0.55,0.55,0.55,0.55
643,0.55,0.55,0.55,0.55,0.55
644,0.55,0.55,0.55,0.55,0.55
645,0.55,0.55,0.55,0.55,0.55
646,0.55,0.55,0.55,0.55,0.55
647,0.55,0.55,0.55,0.55,0.55
648,0.55,0.55,0.55,0.55,0.55
649,0.55,0.55,0.55,0.55,0.55
650,0.55,0.55,0.55,0.55,0.55
651,0.55,0.55,0.55,0.55,0.55
652,0.55,0.55,0.55,0.55,0.55
653,0.55,0.55,0.55,0.55,0.55
654,0.55,0.55,0.55,0.55,0.55
655,0.55,0.55,0.55,0.55,0.55
656,0.55,0.55,0.55,0.55,0.55
657,0.55,0.55,0.55,0.55,0.55
658,0.55,0.55,0.55,0.55,0.55
659,0.55,0.55,0.55,0.55,0.55
660,0.55,0.55,0.55,0.55,0.55
661,0.55,0.55,0.55,0.55,0.55
662,0.55,0.55,0.55,0.55,0.55
663,0.55,0.55,0.55,0.55,0.55
664,0.55,0.55,0.55,0.55,0.55
665,0.55,0.55,0.55,0.55,0.55
666,0.55,0.55,0.55,0.55,0.55
667,0.55,0.55,0.55,0.55,0.55
668,0.55,0.55,0.55,0.55,0.55
669,0.55,0.55,0.55,0.55,0.55
670,0.55,0.55,0.55,0.55,0.55
671,0.55,0.55,0.55,0.55,0.55
672,0.55,0.55,0.55,0.55,0.55
673,0.55,0.55,0.55,0.55,0.55
674,0.55,0.55,0.55,0.55,0.55
675,0.55,0.55,0.55,0.55,0.55
676,0.55,0.55,0.55,0.55,0.55
677,0.55,0.55,0.55,0.55,0.55
678,0.55,0.55,0.55,0.55,0.55
679,0.55,0.55,0.55,0.55,0.55
680,0.55,0.55,0.55,0.55,0.55
681,0.55,0.55,0.55,0.55,0.55
682,0.55,0.55,0.55,0.55,0.55
683,0.55,0.55,0.55,0.55,0.55
684,0.55,0.55,0.55,0.55,0.55
685,0.55,0.55,0.55,0.55,0.55
686,0.55,0.55,0.55,0.55,0.55
687,0.55,0.55,0.55,0.55,0.55
688,0.55,0.55,0.55,0.55,0.55
689,0.55,0.55,0.55,0.55,0.55
690,0.55,0.55,0.55,0.55,0.55
691,0.55,0.55,0.55,0.55,0.55
692,0.55,0.55,0.55,0.55,0.55
693,0.55,0.55,0.55,0.55,0.55
694,0.55,0.55,0.55,0.55,0.55
695,0.55,0.55,0.55,0.55,0.55
696,0.55,0.55,0.55,0.55,0.55
697,0.55,0.55,0.55,0.55,0.55
698,0.55,0.55,0.55,0.55,0.55
699,0.55,0.55,0.55,0.55,0.55
700,0.55,0.55,0.55,0.55,0.55
701,0.55,0.55,0.55,0.55,0.55
702,0.55,0.55,0.55,0.55,0.55
703,0.55,0.55,0.55,0.55,0.55
704,0.55,0.55,0.55,0.55,0.55
705,0.55,0.55,0.55,0.55,0.55
706,0.55,0.55,0.55,0.55,0.55
707,0.55,0.55,0.55,0.55,0.55
708,0.55,0.55,0.55,0.55,0.55
709,0.55,0.55,0.55,0.55,0.55
710,0.55,0.55,0.55,0.55,0.55
711,0.55,0.55,0.55,0.55,0.55
712,0.55,0.55,0.55,0.55,0.55
713,0.55,0.55,0.55,0.55,0.55
714,0.55,0.55,0.55,0.55,0.55
715,0.55,0.55,0.55,0.55,0.55
716,0.55,0.55,0.55,0.55,0.55
717,0.55,0.55,0.55,0.55,0.55
718,0.55,0.55,0.55,0.55,0.55
719,0.55,0.55,0.55,0.55,0.55
720,0.55,0.55,0.55,0.55,0.55
721,0.55,0.55,0.55,0.55,0.55
722,0.55,0.55,0.55,0.55,0.55
723,0.55,0.55,0.55,0.55,0.55
724,0.55,0.55,0.55,0.55,0.55
725,0.55,0.55,0.55,0.55,0.55
726,0.55,0.55,0.55,0.55,0.55
727,0.55,0.55,0.55,0.55,0.55
728,0.55,0.55,0.55,0.55,0.55
729,0.55,0.55,0.55,0.55,0.55
730,0.55,0.55,0.55,0.55,0.55
731,0.55,0.55,0.55,0.55,0.55
732,0.55,0.55,0.55,0.55,0.55
733,0.55,0.55,0.55,0.55,0.55
734,0.55,0.55,0.55,0.55,0.55
735,0.55,0.55,0.55,0.55,0.55
736,0.55,0.55,0.55,0.55,0.55
737,0.55,0.55,0.55,0.55,0.55
738,0.55,0.55,0.55,0.55,0.55
739,0.55,0.55,0.55,0.55,0.55
740,0.55,0.55,0.55,0.55,0.55
741,0.55,0.55,0.55,0.55,0.55
742,0.55,0.55,0.55,0.55,0.55
743,0.55,0.55,0.55,0.55,0.55
744,0.55,0.55,0.55,0.55,0.55
745,0.55,0.55,0.55,0.55,0.55
746,0.55,0.55,0.55,0.55,0.55
747,0.55,0.55,0.55,0.55,0.55
748,0.55,0.55,0.55,0.55,0.55
749,0.55,0.55,0.55,0.55,0.55
750,0.55,0.55,0.55,0.55,0.55
751,0.55,0.55,0.55,0.55,0.55
752,0.55,0.55,0.55,0.55,0.55
753,0.55,0.55,0.55,0.55,0.55
754,0.55,0.55,0.55,0.55,0.55
755,0.55,0.55,0.55,0.55,0.55
756,0.55,0.55,0.55,0.55,0.55
757,0.55,0.55,0.55,0.55,0.55
758,0.55,0.55,0.55,0.55,0.55
759,0.55,0.55,0.55,0.55,0.55
760,0.55,0.55,0.55,0.55,0.55
761,0.55,0.55,0.55,0.55,0.55
762,0.55,0.55,0.55,0.55,0.55
763,0.55,0.55,0.55,0.55,0.55
764,0.55,0.55,0.55,0.55,0.55
765,0.55,0.55,0.55,0.55,0.55
766,0.55,0.55,0.55,0.55,0.55
767,0.55,0.55,0.55,0.55,0.55
768,0.55,0.55,0.55,0.55,0.55
769,0.55,0.55,0.55,0.55,0.55
770,0.55,0.55,0.55,0.55,0.55
771,0.55,0.55,0.55,0.55,0.55
772,0.55,0.55,0.55,0.55,0.55
773,0.55,0.55,0.55,0.55,0.55
774,0.55,0.55,0.55,0.55,0.55
775,0.55,0.55,0.55,0.55,0.55
776,0.55,0.55,0.55,0.55,0.55
777,0.55,0.55,0.55,0.55,0.55
778,0.55,0.55,0.55,0.55,0.55
779,0.55,0.55,0.55,0.55,0.55
780,0.55,0.55,0.55,0.55,0.55
781,0.55,0.55,0.55,0.55,0.55
782,0.55,0.55,0.55,0.55,0.55
783,0.55,0.55,0.55,0.55,0.55
784,0.55,0.55,0.55,0.55,0.55
785,0.55,0.55,0.55,0.55,0.55
786,0.55,0.55,0.55,0.55,0.55
787,0.55,0.55,0.55,0.55,0.55
788,0.55,0.55,0.55,0.55,0.55
789,0.55,0.55,0.55,0.55,0.55
790,0.55,0.55,0.55,0.55,0.55
791,0.55,0.55,0.55,0.55,0.55
792,0.55,0.55,0.55,0.55,0.55
793,0.55,0.55,0.55,0.55,0.55
794,0.55,0.55,0.55,0.55,0.55
795,0.55,0.55,0.55,0.55,0.55
796,0.55,0.55,0.55,0.55,0.55
797,0.55,0.55,0.55,0.55,0.55
798,0.55,0.55,0.55,0.55,0.55
799,0.55,0.55,0.55,0.55,0.55
800,0.55,0.55,0.55,0.55,0.55
801,0.55,0.55,0.55,0.55,0.55
802,0.55,0.55,0.55,0.55,0.55
803,0.55,0.55,0.55,0.55,0.55
804,0.55,0.55,0.55,0.55,0.55
805,0.55,0.55,0.55,0.55,0.55
806,0.55,0.55,0.55,0.55,0.55
807,0.55,0.55,0.55,0.55,0.55
808,0.55,0.55,0.55,0.55,0.55
809,0.55,0.55,0.55,0.55,0.55
810,0.55,0.55,0.55,0.55,0.55
811,0.55,0.55,0.55,0.55,0.55
812,0.55,0.55,0.55,0.55,0.55
813,0.55,0.55,0.55,0.55,0.55
814,0.55,0.55,0.55,0.55,0.55
815,0.55,0.55,0.55,0.55,0.55
816,0.55,0.55,0.55,0.55,0.55
817,0.55,0.55,0.55,0.55,0.55
818,0.55,0.55,0.55,0.55,0.55
819,0.55,0.55,0.55,0.55,0.55
820,0.55,0.55,0.55,0.55,0.55
821,0.55,0.55,0.55,0.55,0.55
822,0.55,0.55,0.55,0.55,0.55
823,0.55,0.55,0.55,0.55,0.55
824,0.55,0.55,0.55,0.55,0.55
825,0.55,0.55,0.55,0.55,0.55
826,0.55,0.55,0.55,0.55,0.55
827,0.55,0.55,0.55,0.55,0.55
828,0.55,0.55,0.55,0.55,0.55
829,0.55,0.55,0.55,0.55,0.55
830,0.55,0.55,0.55,0.55,0.55
831,0.55,0.55,0.55,0.55,0.55
832,0.55,0.55,0.55,0.55,0.55
833,0.55,0.55,0.55,0.55,0.55
834,0.55,0.55,0.55,0.55,0.55
835,0.55,0.55,0.55,0.55,0.55
836,0.55,0.55,0.55,0.55,0.55
837,0.55,0.55,0.55,0.55,0.55
838,0.55,0.55,0.55,0.55,0.55
839,0.55,0.55,0.55,0.55,0.55
840,0.55,0.55,0.55,0.55,0.55
841,0.55,0.55,0.55,0.55,0.55
842,0.55,0.55,0.55,0.55,0.55
843,0.55,0.55,0.55,0.55,0.55
844,0.55,0.55,0.55,0.55,0.55
845,0.55,0.55,0.55,0.55,0.55
846,0.55,0.55,0.55,0.55,0.55
847,0.55,0.55,0.55,0.55,0.55
848,0.55,0.55,0.55,0.55,0.55
849,0.55,0.55,0.55,0.55,0.55
850,0.55,0.55,0.55,0.55,0.55
851,0.55,0.55,0.55,0.55,0.55
852,0.55,0.55,0.55,0.55,0.55
853,0.55,0.55,0.55,0.55,0.55
854,0.55,0.55,0.55,0.55,0.55
855,0.55,0.55,0.55,0.55,0.55
856,0.55,0.55,0.55,0.55,0.55
857,0.55,0.55,0.55,0.55,0.55
858,0.55,0.55,0.55,0.55,0.55
859,0.55,0.55,0.55,0.55,0.55
860,0.55,0.55,0.55,0.55,0.55
861,0.55,0.55,0.55,0.55,0.55
862,0.55,0.55,0.55,0.55,0.55
863,0.55,0.55,0.55,0.55,0.55
864,0.55,0.55,0.55,0.55,0.55
865,0.55,0.55,0.55,0.55,0.55
866,0.55,0.55,0.55,0.55,0.55
867,0.55,0.55,0.55,0.55,0.55
868,0.55,0.55,0.55,0.55,0.55
869,0.55,0.55,0.55,0.55,0.55
870,0.55,0.55,0.55,0.55,0.55
871,0.55,0.55,0.55,0.55,0.55
872,0.55,0.55,0.55,0.55,0.55
873,0.55,0.55,0.55,0.55,0.55
874,0.55,0.55,0.55,0.55,0.55
875,0.55,0.55,0.55,0.55,0.55
876,0.55,0.55,0.55,0.55,0.55
877,0.55,0.55,0.55,0.55,0.55
878,0.55,0.55,0.55,0.55,0.55
879,0.55,0.55,0.55,0.55,0.55
880,0.55,0.55,0.55,0.55,0.55
881,0.55,0.55,0.55,0.55,0.55
882,0.55,0.55,0.55,0.55,0.55
883,0.55,0.55,0.55,0.55,0.55
884,0.55,0.55,0.55,0.55,0.55
885,0.55,0.55,0.55,0.55,0.55
886,0.55,0.55,0.55,0.55,0.55
887,0.55,0.55,0.55,0.55,0.55
888,0.55,0.55,0.55,0.55,0.55
889,0.55,0.55,0.55,0.55,0.55
890,0.55,0.55,0.55,0.55,0.55
891,0.55,0.55,0.55,0.55,0.55
892,0.55,0.55,0.55,0.55,0.55
893,0.55,0.55,0.55,0.55,0.55
894,0.55,0.55,0.55,0.55,0.55
895,0.55,0.55,0.55,0.55,0.55
896,0.55,0.55,0.55,0.55,0.55
897,0.55,0.55,0.55,0.55,0.55
898,0.55,0.55,0.55,0.55,0.55
899,0.55,0.55,0.55,0.55,0.55
900,0.55,0.55,0.55,0.55,0.55
901,0.55,0.55,0.55,0.55,0.55
902,0.55,0.55,0.55,0.55,0.55
903,0.55,0.55,0.55,0.55,0.55
904,0.55,0.55,0.55,0.55,0.55
905,0.55,0.55,0.55,0.55,0.55
906,0.55,0.55,0.55,0.55,0.55
907,0.55,0.55,0.55,0.55,0.55
908,0.55,0.55,0.55,0.55,0.55
909,0.55,0.55,0.55,0.55,0.55
910,0.55,0.55,0.55,0.55,0.55
911,0.55,0.55,0.55,0.55,0.55
912,0.55,0.55,0.55,0.55,0.55
913,0.55,0.55,0.55,0.55,0.55
914,0.55,0.55,0.55,0.55,0.55
915,0.55,0.55,0.55,0.55,0.55
916,0.55,0.55,0.55,0.55,0.55
917,0.55,0.55,0.55,0.55,0.55
918,0.55,0.55,0.55,0.55,0.55
919,0.55,0.55,0.55,0.55,0.55
920,0.55,0.55,0.55,0.55,0.55
921,0.55,0.55,0.55,0.55,0.55
922,0.55,0.55,0.55,0.55,0.55
923,0.55,0.55,0.55,0.55,0.55
924,0.55,0.55,0.55,0.55,0.55
925,0.55,0.55,0.55,0.55,0.55
926,0.55,0.55,0.55,0.55,0.55
927,0.55,0.55,0.55,0.55,0.55
928,0.55,0.55,0.55,0.55,0.55
929,0.55,0.55,0.55,0.55,0.55
930,0.55,0.55,0.55,0.55,0.55
931,0.55,0.55,0.55,0.55,0.55
932,0.55,0.55,0.55,0.55,0.55
933,0.55,0.55,0.55,0.55,0.55
934,0.55,0.55,0.55,0.55,0.55
935,0.55,0.55,0.55,0.55,0.55
936,0.55,0.55,0.55,0.55,0.55
937,0.55,0.55,0.55,0.55,0.55
938,0.55,0.55,0.55,0.55,0.55
939,0.55,0.55,0.55,0.55,0.55
940,0.55,0.55,0.55,0.55,0.55
941,0.55,0.55,0.55,0.55,0.55
942,0.55,0.55,0.55,0.55,0.55
943,0.55,0.55,0.55,0.55,0.55
944,0.55,0.55,0.55,0.55,0.55
945,0.55,0.55,0.55,0.55,0.55
946,0.55,0.55,0.55,0.55,0.55
947,0.55,0.55,0.55,0.55,0.55
948,0.55,0.55,0.55,0.55,0.55
949,0.55,0.55,0.55,0.55,0.55
950,0.55,0.55,0.55,0.55,0.55
951,0.55,0.55,0.55,0.55,0.55
952,0.55,0.55,0.55,0.55,0.55
953,0.55,0.55,0.55,0.55,0.55
954,0.55,0.55,0.55,0.55,0.55
955,0.55,0.55,0.55,0.55,0.55
956,0.55,0.55,0.55,0.55,0.55
957,0.55,0.55,0.55,0.55,0.55
958,0.55,0.55,0.55,0.55,0.55
959,0.55,0.55,0.55,0.55,0.55
960,0.55,0.55,0.55,0.55,0.55
961,0.55,0.55,0.55,0.55,0.55
962,0.55,0.55,0.55,0.55,0.55
963,0.55,0.55,0.55,0.55,0.55
964,0.55,0.55,0.55,0.55,0.55
965,0.55,0.55,0.55,0.55,0.55
966,0.55,0.55,0.55,0.55,0.55
967,0.55,0.55,0.55,0.55,0.55
968,0.55,0.55,0.55,0.55,0.55
969,0.55,0.55,0.55,0.55,0.55
970,0.55,0.55,0.55,0.55,0.55
971,0.55,0.55,0.55,0.55,0.55
972,0.55,0.55,0.55,0.55,0.55
973,0.55,0.55,0.55,0.55,0.55
974,0.55,0.55,0.55,0.55,0.55
975,0.55,0.55,0.55,0.55,0.55
976,0.55,0.55,0.55,0.55,0.55
977,0.55,0.55,0.55,0.55,0.55
978,0.55,0.55,0.55,0.55,0.55
979,0.55,0.55,0.55,0.55,0.55
980,0.55,0.55,0.55,0.55,0.55
981,0.55,0.55,0.55,0.55,0.55
982,0.55,0.55,0.55,0.55,0.55
983,0.55,0.55,0.55,0.55,0.55
984,0.55,0.55,0.55,0.55,0.55
985,0.55,0.55,0.55,0.55,0.55
986,0.55,0.55,0.55,0.55,0.55
987,0.55,0.55,0.55,0.55,0.55
988,0.55,0.55,0.55,0.55,0.55
989,0.55,0.55,0.55,0.55,0.55
990,0.55,0.55,0.55,0.55,0.55
991,0.55,0.55,0.55,0.55,0.55
992,0.55,0.55,0.55,0.55,0.55
993,0.55,0.55,0.55,0.55,0.55
994,0.55,0.55,0.55,0.55,0.55
995,0.55,0.55,0.55,0.55,0.55
996,0.55,0.55,0.55,0.55,0.55
997,0.55,0.55,0.55,0.55,0.55
998,0.55,0.55,0.55,0.55,0.55
999,0.55,0.55,0.55,0.55,0.55
1000,0.55,0.55,0.55,0.55,0.55
1001,0.55,0.55,0.55,0.55,0.55
1002,0.55,0.55,0.55,0.55,0.55
1003,0.55,0.55,0.55,0.55,0.55
1004,0.55,0.55,0.55,0.55,0.55
1005,0.55,0.55,0.55,0.55,0.55
1006,0.55,0.55,0.55,0.55,0.55
1007,0.55,0.55,0.55,0.55,0.55
1008,0.55,0.55,0.55,0.55,0.55
1009,0.55,0.55,0.55,0.55,0.55
1010,0.55,0.55,0.55,0.55,0.55
1011,0.55,0.55,0.55,0.55,0.55
1012,0.55,0.55,0.55,0.55,0.55
1013,0.55,0.55,0.55,0.55,0.55
1014,0.55,0.55,0.55,0.55,0.55
1015,0.55,0.55,0.55,0.55,0.55
1016,0.55,0.55,0.55,0.55,0.55
1017,0.55,0.55,0.55,0.55,0.55
1018,0.55,0.55,0.55,0.55,0.55
1019,0.55,0.55,0.55,0.55,0.55
1020,0.55,0.55,0.55,0.55,0.55
1021,0.55,0.55,0.55,0.55,0.55
1022,0.55,0.55,0.55,0.55,0.55
1023,0.55,0.55,0.55,0.55,0.55
1024,0.55,0.55,0.55,0.55,0.55
1025,0.55,0.55,0.55,0.55,0.55
1026,0.55,0.55,0.55,0.55,0.55
1027,0.55,0.55,0.55,0.55,0.55
1028,0.55,0.55,0.55,0.55,0.55
1029,0.55,0.55,0.55,0.55,0.55
1030,0.55,0.55,0.55,0.55,0.55
1031,0.55,0.55,0.55,0.55,0.55
1032,0.55,0.55,0.55,0.55,0.55
1033,0.55,0.55,0.55,0.55,0.55
1034,0.55,0.55,0.55,0.55,0.55
1035,0.55,0.55,0.55,0.55,0.55
1036,0.55,0.55,0.55,0.55,0.55
1037,0.55,0.55,0.55,0.55,0.55
1038,0.55,0.55,0.55,0.55,0.55
1039,0.55,0.55,0.55,0.55,0.55
1040,0.55,0.55,0.55,0.55,0.55
1041,0.55,0.55,0.55,0.55,0.55
1042,0.55,0.55,0.55,0.55,0.55
1043,0.55,0.55,0.55,0.55,0.55
1044,0.55,0.55,0.55,0.55,0.55
1045,0.55,0.55,0.55,0.55,0.55
1046,0.55,0.55,0.55,0.55,0.55
1047,0.55,0.55,0.55,0.55,0.55
1048,0.55,0.55,0.55,0.55,0.55
1049,0.55,0.55,0.55,0.55,0.55
1050,0.55,0.55,0.55,0.55,0.55
1051,0.55,0.55,0.55,0.55,0.55
1052,0.55,0.55,0.55,0.55,0.55
1053,0.55,0.55,0.55,0.55,0.55
1054,0.55,0.55,0.55,0.55,0.55
1055,0.55,0.55,0.55,0.55,0.55
1056,0.55,0.55,0.55,0.55,0.55
1057,0.55,0.55,0.55,0.55,0.55
1058,0.55,0.55,0.55,0.55,0.55
1059,0.55,0.55,0.55,0.55,0.55
1060,0.55,0.55,0.55,0.55,0.55
1061,0.55,0.55,0.55,0.55,0.55
1062,0.55,0.55,0.55,0.55,0.55
1063,0.55,0.55,0.55,0.55,0.55
1064,0.55,0.55,0.55,0.55,0.55
1065,0.55,0.55,0.55,0.55,0.55
1066,0.55,0.55,0.55,0.55,0.55
1067,0.55,0.55,0.55,0.55,0.55
1068,0.55,0.55,0.55,0.55,0.55
1069,0.55,0.55,0.55,0.55,0.55
1070,0.55,0.55,0.55,0.55,0.55
1071,0.55,0.55,0.55,0.55,0.55
1072,0.55,0.55,0.55,0.55,0.55
1073,0.55,0.55,0.55,0.55,0.55
1074,0.55,0.55,0.55,0.55,0.55
1075,0.55,0.55,0.55,0.55,0.55
1076,0.55,0.55,0.55,0.55,0.55
1077,0.55,0.55,0.55,0.55,0.55
1078,0.55,0.55,0.55,0.55,0.55
1079,0.55,0.55,0.55,0.55,0.55
1080,0.55,0.55,0.55,0.55,0.55
1081,0.55,0.55,0.55,0.55,0.55
1082,0.55,0.55,0.55,0.55,0.55
1083,0.55,0.55,0.55,0.55,0.55
1084,0.55,0.55,0.55,0.55,0.55
1085,0.55,0.55,0.55,0.55,0.55
1086,0.55,0.55,0.55,0.55,0.55
1087,0.55,0.55,0.55,0.55,0.55
1088,0.55,0.55,0.55,0.55,0.55
1089,0.55,0.55,0.55,0.55,0.55
1090,0.55,0.55,0.55,0.55,0.55
1091,0.55,0.55,0.55,0.55,0.55
1092,0.55,0.55,0.55,0.55,0.55
1093,0.55,0.55,0.55,0.55,0.55
1094,0.55,0.55,0.55,0.55,0.55
1095,0.55,0.55,0.55,0.55,0.55
1096,0.55,0.55,0.55,0.55,0.55
1097,0.55,0.55,0.55,0.55,0.55
1098,0.55,0.55,0.55,0.55,0.55
1099,0.55,0.55,0.55,0.55,0.55
1100,0.55,0.55,0.55,0.55,0.55
1101,0.55,0.55,0.55,0.55,0.55
1102,0.55,0.55,0.55,0.55,0.55
1103,0.55,0.55,0.55,0.55,0.55
1104,0.55,0.55,0.55,0.55,0.55
1105,0.55,0.55,0.55,0.55,0.55
1106,0.55,0.55,0.55,0.55,0.55
1107,0.55,0.55,0.55,0.55,0.55
1108,0.55,0.55,0.55,0.55,0.55
1109,0.55,0.55,0.55,0.55,0.55
1110,0.55,0.55,0.55,0.55,0.55
1111,0.55,0.55,0.55,0.55,0.55
1112,0.55,0.55,0.55,0.55,0.55
1113,0.55,0.55,0.55,0.55,0.55
1114,0.55,0.55,0.55,0.55,0.55
1115,0.55,0.55,0.55,0.55,0.55
1116,0.55,0.55,0.55,0.55,0.55
1117,0.55,0.55,0.55,0.55,0.55
1118,0.55,0.55,0.55,0.55,0.55
1119,0.55,0.55,0.55,0.55,0.55
1120,0.55,0.55,0.55,0.55,0.55
1121,0.55,0.55,0.55,0.55,0.55
1122,0.55,0.55,0.55,0.55,0.55
1123,0.55,0.55,0.55,0.55,0.55
1124,0.55,0.55,0.55,0.55,0.55
1125,0.55,0.55,0.55,0.55,0.55
1126,0.55,0.55,0.55,0.55,0.55
1127,0.55,0.55,0.55,0.55,0.55
1128,0.55,0.55,0.55,0.55,0.55
1129,0.55,0.55,0.55,0.55,0.55
1130,0.55,0.55,0.55,0.55,0.55
1131,0.55,0.55,0.55,0.55,0.55
1132,0.55,0.55,0.55,0.55,0.55
1133,0.55,0.55,0.55,0.55,0.55
1134,0.55,0.55,0.55,0.55,0.55
1135,0.55,0.55,0.55,0.55,0.55
1136,0.55,0.55,0.55,0.55,0.55
1137,0.55,0.55,0.55,0.55,0.55
1138,0.55,0.55,0.55,0.55,0.55
1139,0.55,0.55,0.55,0.55,0.55
1140,0.55,0.55,0.55,0.55,0.55
1141,0.55,0.55,0.55,0.55,0.55
1142,0.55,0.55,0.55,0.55,0.55
1143,0.55,0.55,0.55,0.55,0.55
1144,0.55,0.55,0.55,0.55,0.55
1145,0.55,0.55,0.55,0.55,0.55
1146,0.55,0.55,0.55,0.55,0.55
1147,0.55,0.55,0.55,0.55,0.55
1148,0.55,0.55,0.55,0.55,0.55
1149,0.55,0.55,0.55,0.55,0.55
1150,0.55,0.55,0.55,0.55,0.55
1151,0.55,0.55,0.55,0.55,0.55
1152,0.55,0.55,0.55,0.55,0.55
1153,0.55,0.55,0.55,0.55,0.55
1154,0.55,0.55,0.55,0.55,0.55
1155,0.55,0.55,0.55,0.55,0.55
1156,0.55,0.55,0.55,0.55,0.55
1157,0.55,0.55,0.55,0.55,0.55
1158,0.55,0.55,0.55,0.55,0.55
1159,0.55,0.55,0.55,0.55,0.55
1160,0.55,0.55,0.55,0.55,0.55
1161,0.55,0.55,0.55,0.55,0.55
1162,0.55,0.55,0.55,0.55,0.55
1163,0.55,0.55,0.55,0.55,0.55
1164,0.55,0.55,0.55,0.55,0.55
1165,0.55,0.55,0.55,0.55,0.55
1166,0.55,0.55,0.55,0.55,0.55
1167,0.55,0.55,0.55,0.55,0.55
1168,0.55,0.55,0.55,0.55,0.55
1169,0.55,0.55,0.55,0.55,0.55
1170,0.55,0.55,0.55,0.55,0.55
1171,0.55,0.55,0.55,0.55,0.55
1172,0.55,0.55,0.55,0.55,0.55
1173,0.55,0.55,0.55,0.55,0.55
1174,0.55,0.55,0.55,0.55,0.55
1175,0.55,0.55,0.55,0.55,0.55
1176,0.55,0.55,0.55,0.55,0.55
1177,0.55,0.55,0.55,0.55,0.55
1178,0.55,0.55,0.55,0.55,0.55
1179,0.55,0.55,0.55,0.55,0.55
1180,0.55,0.55,0.55,0.55,0.55
1181,0.55,0.55,0.55,0.55,0.55
1182,0.55,0.55,0.55,0.55,0.55
1183,0.55,0.55,0.55,0.55,0.55
1184,0.55,0.55,0.55,0.55,0.55
1185,0.55,0.55,0.55,0.55,0.55
1186,0.55,0.55,0.55,0.55,0.55
1187,0.55,0.55,0.55,0.55,0.55
1188,0.55,0.55,0.55,0.55,0.55
1189,0.55,0.55,0.55,0.55,0.55
1190,0.55,0.55,0.55,0.55,0.55
1191,0.55,0.55,0.55,0.55,0.55
1192,0.55,0.55,0.55,0.55,0.55
1193,0.55,0.55,0.55,0.55,0.55
1194,0.55,0.55,0.55,0.55,0.55
1195,0.55,0.55,0.55,0.55,0.55
1196,0.55,0.55,0.55,0.55,0.55
1197,0.55,0.55,0.55,0.55,0.55
1198,0.55,0.55,0.55,0.55,0.55
1199,0.55,0.55,0.55,0.55,0.55
1200,0.55,0.55,0.55,0.55,0.55
1201,0.55,0.55,0.55,0.55,0.55
1202,0.55,0.55,0.55,0.55,0.55
1203,0.55,0.55,0.55,0.55,0.55
1204,0.55,0.55,0.55,0.55,0.55
1205,0.55,0.55,0.55,0.55,0.55
1206,0.55,0.55,0.55,0.55,0.55
1207,0.55,0.55,0.55,0.55,0.55
1208,0.55,0.55,0.55,0.55,0.55
1209,0.55,0.55,0.55,0.55,0.55
1210,0.55,0.55,0.55,0.55,0.55
1211,0.55,0.55,0.55,0.55,0.55
1212,0.55,0.55,0.55,0.55,0.55
1213,0.55,0.55,0.55,0.55,0.55
1214,0.55,0.55,0.55,0.55,0.55
1215,0.55,0.55,0.55,0.55,0.55
1216,0.55,0.55,0.55,0.55,0.55
1217,0.55,0.55,0.55,0.55,0.55
1218,0.55,0.55,0.55,0.55,0.55
1219,0.55,0.55,0.55,0.55,0.55
1220,0.55,0.55,0.55,0.55,0.55
1221,0.55,0.55,0.55,0.55,0.55
1222,0.55,0.55,0.55,0.55,0.55
1223,0.55,0.55,0.55,0.55,0.55
1224,0.55,0.55,0.55,0.55,0.55
1225,0.55,0.55,0.55,0.55,0.55
1226,0.55,0.55,0.55,0.55,0.55
1227,0.55,0.55,0.55,0.55,0.55
1228,0.55,0.55,0.55,0.55,0.55
1229,0.55,0.55,0.55,0.55,0.55
1230,0.55,0.55,0.55,0.55,0.55
1231,0.55,0.55,0.55,0.55,0.55
1232,0.55,0.55,0.55,0.55,0.55
1233,0.55,0.55,0.55,0.55,0.55
1234,0.55,0.55,0.55,0.55,0.55
1235,0.55,0.55,0.55,0.55,0.55
1236,0.55,0.55,0.55,0.55,0.55
1237,0.55,0.55,0.55,0.55,0.55
1238,0.55,0.55,0.55,0.55,0.55
1239,0.55,0.55,0.55,0.55,0.55
1240,0.55,0.55,0.55,0.55,0.55
1241,0.55,0.55,0.55,0.55,0.55
1242,0.55,0.55,0.55,0.55,0.55
1243,0.55,0.55,0.55,0.55,0.55
1244,0.55,0.55,0.55,0.55,0.55
1245,0.55,0.55,0.55,0.55,0.55
1246,0.55,0.55,0.55,0.55,0.55
1247,0.55,0.55,0.55,0.55,0.55
1248,0.55,0.55,0.55,0.55,0.55
1249,0.55,0.55,0.55,0.55,0.55
1250,0.55,0.55,0.55,0.55,0.55
1251,0.55,0.55,0.55,0.55,0.55
1252,0.55,0.55,0.55,0.55,0.55
1253,0.55,0.55,0.55,0.55,0.55
1254,0.55,0.55,0.55,0.55,0.55
1255,0.55,0.55,0.55,0.55,0.55
1256,0.55,0.55,0.55,0.55,0.55
1257,0.55,0.55,0.55,0.55,0.55
1258,0.55,0.55,0.55,0.55,0.55
1259,0.55,0.55,0.55,0.55,0.55
1260,0.55,0.55,0.55,0.55,0.55
1261,0.55,0.55,0.55,0.55,0.55
1262,0.55,0.55,0.55,0.55,0.55
1263,0.55,0.55,0.55,0.55,0.55
1264,0.55,0.55,0.55,0.55,0.55
1265,0.55,0.55,0.55,0.55,0.55
1266,0.55,0.55,0.55,0.55,0.55
1267,0.55,0.55,0.55,0.55,0.55
1268,0.55,0.55,0.55,0.55,0.55
1269,0.55,0.55,0.55,0.55,0.55
1270,0.55,0.55,0.55,0.55,0.55
1271,0.55,0.55,0.55,0.55,0.55
1272,0.55,0.55,0.55,0.55,0.55
1273,0.55,0.55,0.55,0.55,0.55
1274,0.55,0.55,0.55,0.55,0.55
1275,0.55,0.55,0.55,0.55,0.55
1276,0.55,0.55,0.55,0.55,0.55
1277,0.55,0.55,0.55,0.55,0.55
1278,0.55,0.55,0.55,0.55,0.55
1279,0.55,0.55,0.55,0.55,0.55
1280,0.55,0.55,0.55,0.55,0.55
1281,0.55,0.55,0.55,0.55,0.55
1282,0.55,0.55,0.55,0.55,0.55
1283,0.55,0.55,0.55,0.55,0.55
1284,0.55,0.55,0.55,0.55,0.55
1285,0.55,0.55,0.55,0.55,0.55
1286,0.55,0.55,0.55,0.55,0.55
1287,0.55,0.55,0.55,0.55,0.55
1288,0.55,0.55,0.55,0.55,0.55
1289,0.55,0.55,0.55,0.55,0.55
1290,0.55,0.55,0.55,0.55,0.55
1291,0.55,0.55,0.55,0.55,0.55
1292,0.55,0.55,0.55,0.55,0.55
1293,0.55,0.55,0.55,0.55,0.55
1294,0.55,0.55,0.55,0.55,0.55
1295,0.55,0.55,0.55,0.55,0.55
1296,0.55,0.55,0.55,0.55,0.55
1297,0.55,0.55,0.55,0.55,0.55
1298,0.55,0.55,0.55,0.55,0.55
1299,0.55,0.55,0.55,0.55,0.55
1300,0.55,0.55,0.55,0.55,0.55
1301,0.55,0.55,0.55,0.55,0.55
1302,0.55,0.55,0.55,0.55,0.55
1303,0.55,0.55,0.55,0.55,0.55
1304,0.55,0.55,0.55,0.55,0.55
1305,0.55,0.55,0.55,0.55,0.55
1306,0.55,0.55,0.55,0.55,0.55
1307,0.55,0.55,0.55,0.55,0.55
1308,0.55,0.55,0.55,0.55,0.55
1309,0.55,0.55,0.55,0.55,0.55
1310,0.55,0.55,0.55,0.55,0.55
1311,0.55,0.55,0.55,0.55,0.55
1312,0.55,0.55,0.55,0.55,0.55
1313,0.55,0.55,0.55,0.55,0.55
1314,0.55,0.55,0.55,0.55,0.55
1315,0.55,0.55,0.55,0.55,0.55
1316,0.55,0.55,0.55,0.55,0.55
1317,0.55,0.55,0.55,0.55,0.55
1318,0.55,0.55,0.55,0.55,0.55
1319,0.55,0.55,0.55,0.55,0.55
1320,0.55,0.55,0.55,0.55,0.55
1321,0.55,0.55,0.55,0.55,0.55
1322,0.55,0.55,0.55,0.55,0.55
1323,0.55,0.55,0.55,0.55,0.55
1324,0.55,0.55,0.55,0.55,0.55
1325,0.55,0.55,0.55,0.55,0.55
1326,0.55,0.55,0.55,0.55,0.55
1327,0.55,0.55,0.55,0.55,0.55
1328,0.55,0.55,0.55,0.55,0.55
1329,0.55,0.55,0.55,0.55,0.55
1330,0.55,0.55,0.55,0.55,0.55
1331,0.55,0.55,0.55,0.55,0.55
1332,0.55,0.55,0.55,0.55,0.55
1333,0.55,0.55,0.55,0.55,0.55
1334,0.55,0.55,0.55,0.55,0.55
1335,0.55,0.55,0.55,0.55,0.55
1336,0.55,0.55,0.55,0.55,0.55
1337,0.55,0.55,0.55,0.55,0.55
1338,0.55,0.55,0.55,0.55,0.55
1339,0.55,0.55,0.55,0.55,0.55
1340,0.55,0.55,0.55,0.55,0.55
1341,0.55,0.55,0.55,0.55,0.55
1342,0.55,0.55,0.55,0.55,0.55
1343,0.55,0.55,0.55,0.55,0.55
1344,0.55,0.55,0.55,0.55,0.55
1345,0.55,0.55,0.55,0.55,0.55
1346,0.55,0.55,0.55,0.55,0.55
1347,0.55,0.55,0.55,0.55,0.55
1348,0.55,0.55,0.55,0.55,0.55
1349,0.55,0.55,0.55,0.55,0.55
1350,0.55,0.55,0.55,0.55,0.55
1351,0.55,0.55,0.55,0.55,0.55
1352,0.55,0.55,0.55,0.55,0.55
1353,0.55,0.55,0.55,0.55,0.55
1354,0.55,0.55,0.55,0.55,0.55
1355,0.55,0.55,0.55,0.55,0.55
1356,0.55,0.55,0.55,0.55,0.55
1357,0.55,0.55,0.55,0.55,0.55
1358,0.55,0.55,0.55,0.55,0.55
1359,0.55,0.55,0.55,0.55,0.55
1360,0.55,0.55,0.55,0.55,0.55
1361,0.55,0.55,0.55,0.55,0.55
1362,0.55,0.55,0.55,0.55,0.55
1363,0.55,0.55,0.55,0.55,0.55
1364,0.55,0.55,0.55,0.55,0.55
1365,0.55,0.55,0.55,0.55,0.55
1366,0.55,0.55,0.55,0.55,0.55
1367,0.55,0.55,0.55,0.55,0.55
1368,0.55,0.55,0.55,0.55,0.55
1369,0.55,0.55,0.55,0.55,0.55
1370,0.55,0.55,0.55,0.55,0.55
1371,0.55,0.55,0.55,0.55,0.55
1372,0.55,0.55,0.55,0.55,0.55
1373,0.55,0.55,0.55,0.55,0.55
1374,0.55,0.55,0.55,0.55,0.55
1375,0.55,0.55,0.55,0.55,0.55
1376,0.55,0.55,0.55,0.55,0.55
1377,0.55,0.55,0.55,0.55,0.55
1378,0.55,0.55,0.55,0.55,0.55
1379,0.55,0.55,0.55,0.55,0.55
1380,0.55,0.55,0.55,0.55,0.55
1381,0.55,0.55,0.55,0.55,0.55
1382,0.55,0.55,0.55,0.55,0.55
1383,0.55,0.55,0.55,0.55,0.55
1384,0.55,0.55,0.55,0.55,0.55
1385,0.55,0.55,0.55,0.55,0.55
1386,0.55,0.55,0.55,0.55,0.55
1387,0.55,0.55,0.55,0.55,0.55
1388,0.55,0.55,0.55,0.55,0.55
1389,0.55,0.55,0.55,0.55,0.55
1390,0.55,0.55,0.55,0.55,0.55
1391,0.55,0.55,0.55,0.55,0.55
1392,0.55,0.55,0.55,0.55,0.55
1393,0.55,0.55,0.55,0.55,0.55
1394,0.55,0.55,0.55,0.55,0.55
1395,0.55,0.55,0.55,0.55,0.55
1396,0.55,0.55,0.55,0.55,0.55
1397,0.55,0.55,0.55,0.55,0.55
1398,0.55,0.55,0.55,0.55,0.55
1399,0.55,0.55,0.55,0.55,0.55
1400,0.55,0.55,0.55,0.55,0.55
1401,0.55,0.55,0.55,0.55,0.55
1402,0.55,0.55,0.55,0.55,0.55
1403,0.55,0.55,0.55,0.55,0.55
1404,0.55,0.55,0.55,0.55,0.55
1405,0.55,0.55,0.55,0.55,0.55
1406,0.55,0.55,0.55,0.55,0.55
1407,0.55,0.55,0.55,0.55,0.55
1408,0.55,0.55,0.55,0.55,0.55
1409,0.55,0.55,0.55,0.55,0.55
1410,0.55,0.55,0.55,0.55,0.55
1411,0.55,0.55,0.55,0.55,0.55
1412,0.55,0.55,0.55,0.55,0.55
1413,0.55,0.55,0.55,0.55,0.55
1414,0.55,0.55,0.55,0.55,0.55
1415,0.55,0.55,0.55,0.55,0.55
1416,0.55,0.55,0.55,0.55,0.55
1417,0.55,0.55,0.55,0.55,0.55
1418,0.55,0.55,0.55,0.55,0.55
1419,0.55,0.55,0.55,0.55,0.55
1420,0.55,0.55,0.55,0.55,0.55
1421,0.55,0.55,0.55,0.55,0.55
1422,0.55,0.55,0.55,0.55,0.55
1423,0.55,0.55,0.55,0.55,0.55
1424,0.55,0.55,0.55,0.55,0.55
1425,0.55,0.55,0.55,0.55,0.55
1426,0.55,0.55,0.55,0.55,0.55
1427,0.55,0.55,0.55,0.55,0.55
1428,0.55,0.55,0.55,0.55,0.55
1429,0.55,0.55,0.55,0.55,0.55
1430,0.55,0.55,0.55,0.55,0.55
1431,0.55,0.55,0.55,0.55,0.55
1432,0.55,0.55,0.55,0.55,0.55
1433,0.55,0.55,0.55,0.55,0.55
1434,0.55,0.55,0.55,0.55,0.55
1435,0.55,0.55,0.55,0.55,0.55
1436,0.55,0.55,0.55,0.55,0.55
1437,0.55,0.55,0.55,0.55,0.55
1438,0.55,0.55,0.55,0.55,0.55
1439,0.55,0.55,0.55,0.55,0.55
1440,0.55,0.55,0.55,0.55,0.55
1441,0.55,0.55,0.55,0.55,0.55
1442,0.55,0.55,0.55,0.55,0.55
1443,0.55,0.55,0.55,0.55,0.55
1444,0.55,0.55,0.55,0.55,0.55
1445,0.55,0.55,0.55,0.55,0.55
1446,0.55,0.55,0.55,0.55,0.55
1447,0.55,0.55,0.55,0.55,0.55
1448,0.55,0.55,0.55,0.55,0.55
1449,0.55,0.55,0.55,0.55,0.55
1450,0.55,0.55,0.55,0.55,0.55
1451,0.55,0.55,0.55,0.55,0.55
1452,0.55,0.55,0.55,0.55,0.55
1453,0.55,0.55,0.55,0.55,0.55
1454,0.55,0.55,0.55,0.55,0.55
1455,0.55,0.55,0.55,0.55,0.55
1456,0.55,0.55,0.55,0.55,0.55
1457,0.55,0.55,0.55,0.55,0.55
1458,0.55,0.55,0.55,0.55,0.55
1459,0.55,0.55,0.55,0.55,0.55
1460,0.55,0.55,0.55,0.55,0.55
1461,0.55,0.55,0.55,0.55,0.55
1462,0.55,0.55,0.55,0.55,0.55
1463,0.55,0.55,0.55,0.55,0.55
1464,0.55,0.55,0.55,0.55,0.55
1465,0.55,0.55,0.55,0.55,0.55
1466,0.55,0.55,0.55,0.55,0.55
1467,0.55,0.55,0.55,0.55,0.55
1468,0.55,0.55,0.55,0.55,0.55
1469,0.55,0.55,0.55,0.55,0.55
1470,0.55,0.55,0.55,0.55,0.55
1471,0.55,0.55,0.55,0.55,0.55
1472,0.55,0.55,0.55,0.55,0.55
1473,0.55,0.55,0.55,0.55,0.55
1474,0.55,0.55,0.55,0.55,0.55
1475,0.55,0.55,0.55,0.55,0.55
1476,0.55,0.55,0.55,0.55,0.55
1477,0.55,0.55,0.55,0.55,0.55
1478,0.55,0.55,0.55,0.55,0.55
1479,0.55,0.55,0.55,0.55,0.55
1480,0.55,0.55,0.55,0.55,0.55
1481,0.55,0.55,0.55,0.55,0.55
1482,0.55,0.55,0.55,0.55,0.55
1483,0.55,0.55,0.55,0.55,0.55
1484,0.55,0.55,0.55,0.55,0.55
1485,0.55,0.55,0.55,0.55,0.55
1486,0.55,0.55,0.55,0.55,0.55
1487,0.55,0.55,0.55,0.55,0.55
1488,0.55,0.55,0.55,0.55,0.55
1489,0.55,0.55,0.55,0.55,0.55
1490,0.55,0.55,0.55,0.55,0.55
1491,0.55,0.55,0.55,0.55,0.55
1492,0.55,0.55,0.55,0.55,0.55
1493,0.55,0.55,0.55,0.55,0.55
1494,0.55,0.55,0.55,0.55,0.55
1495,0.55,0.55,0.55,0.55,0.55
1496,0.55,0.55,0.55,0.55,0.55
1497,0.55,0.55,0.55,0.55,0.55
1498,0.55,0.55,0.55,0.55,0.55
1499,0.55,0.55,0.55,0.55,0.55
1500,0.55,0.55,0.55,0.55,0.55
1501,0.55,0.55,0.55,0.55,0.55
1502,0.55,0.55,0.55,0.55,0.55
1503,0.55,0.55,0.55,0.55,0.55
1504,0.55,0.55,0.55,0.55,0.55
1505,0.55,0.55,0.55,0.55,0.55
1506,0.55,0.55,0.55,0.55,0.55
1507,0.55,0.55,0.55,0.55,0.55
1508,0.55,0.55,0.55,0.55,0.55
1509,0.55,0.55,0.55,0.55,0.55
1510,0.55,0.55,0.55,0.55,0.55
1511,0.55,0.55,0.55,0.55,0.55
1512,0.55,0.55,0.55,0.55,0.55
1513,0.55,0.55,0.55,0.55,0.55
1514,0.55,0.55,0.55,0.55,0.55
1515,0.55,0.55,0.55,0.55,0.55
1516,0.55,0.55,0.55,0.55,0.55
1517,0.55,0.55,0.55,0.55,0.55
1518,0.55,0.55,0.55,0.55,0.55
1519,0.55,0.55,0.55,0.55,0.55
1520,0.55,0.55,0.55,0.55,0.55
1521,0.55,0.55,0.55,0.55,0.55
1522,0.55,0.55,0.55,0.55,0.55
1523,0.55,0.55,0.55,0.55,0.55
1524,0.55,0.55,0.55,0.55,0.55
1525,0.55,0.55,0.55,0.55,0.55
1526,0.55,0.55,0.55,0.55,0.55
1527,0.55,0.55,0.55,0.55,0.55
1528,0.55,0.55,0.55,0.55,0.55
1529,0.55,0.55,0.55,0.55,0.55
1530,0.55,0.55,0.55,0.55,0.55
1531,0.55,0.55,0.55,0.55,0.55
1532,0.55,0.55,0.55,0.55,0.55
1533,0.55,0.55,0.55,0.55,0.55
1534,0.55,0.55,0.55,0.55,0.55
1535,0.55,0.55,0.55,0.55,0.55
1536,0.55,0.55,0.55,0.55,0.55
1537,0.55,0.55,0.55,0.55,0.55
1538,0.55,0.55,0.55,0.55,0.55
1539,0.55,0.55,0.55,0.55,0.55
1540,0.55,0.55,0.55,0.55,0.55
1541,0.55,0.55,0.55,0.55,0.55
1542,0.55,0.55,0.55,0.55,0.55
1543,0.55,0.55,0.55,0.55,0.55
1544,0.55,0.55,0.55,0.55,0.55
1545,0.55,0.55,0.55,0.55,0.55
1546,0.55,0.55,0.55,0.55,0.55
1547,0.55,0.55,0.55,0.55,0.55
1548,0.55,0.55,0.55,0.55,0.55
1549,0.55,0.55,0.55,0.55,0.55
1550,0.55,0.55,0.55,0.55,0.55
1551,0.55,0.55,0.55,0.55,0.55
1552,0.55,0.55,0.55,0.55,0.55
1553,0.55,0.55,0.55,0.55,0.55
1554,0.55,0.55,0.55,0.55,0.55
1555,0.55,0.55,0.55,0.55,0.55
1556,0.55,0.55,0.55,0.55,0.55
1557,0.55,0.55,0.55,0.55,0.55
1558,0.55,0.55,0.55,0.55,0.55
1559,0.55,0.55,0.55,0.55,0.55
1560,0.55,0.55,0.55,0.55,0.55
1561,0.55,0.55,0.55,0.55,0.55
1562,0.55,0.55,0.55,0.55,0.55
1563,0.55,0.55,0.55,0.55,0.55
1564,0.55,0.55,0.55,0.55,0.55
1565,0.55,0.55,0.55,0.55,0.55
1566,0.55,0.55,0.55,0.55,0.55
1567,0.55,0.55,0.55,0.55,0.55
1568,0.55,0.55,0.55,0.55,0.55
1569,0.55,0.55,0.55,0.55,0.55
1570,0.55,0.55,0.55,0.55,0.55
1571,0.55,0.55,0.55,0.55,0.55
1572,0.55,0.55,0.55,0.55,0.55
1573,0.55,0.55,0.55,0.55,0.55
1574,0.55,0.55,0.55,0.55,0.55
1575,0.55,0.55,0.55,0.55,0.55
1576,0.55,0.55,0.55,0.55,0.55
1577,0.55,0.55,0.55,0.55,0.55
1578,0.55,0.55,0.55,0.55,0.55
1579,0.55,0.55,0.55,0.55,0.55
1580,0.55,0.55,0.55,0.55,0.55
1581,0.55,0.55,0.55,0.55,0.55
1582,0.55,0.55,0.55,0.55,0.55
1583,0.55,0.55,0.55,0.55,0.55
1584,0.55,0.55,0.55,0.55,0.55
1585,0.55,0.55,0.55,0.55,0.55
1586,0.55,0.55,0.55,0.55,0.55
1587,0.55,0.55,0.55,0.55,0.55
1588,0.55,0.55,0.55,0.55,0.55
1589,0.55,0.55,0.55,0.55,0.55
1590,0.55,0.55,0.55,0.55,0.55
1591,0.55,0.55,0.55,0.55,0.55
1592,0.55,0.55,0.55,0.55,0.55
1593,0.55,0.55,0.55,0.55,0.55
1594,0.55,0.55,0.55,0.55,0.55
1595,0.55,0.55,0.55,0.55,0.55
1596,0.55,0.55,0.55,0.55,0.55
1597,0.55,0.55,0.55,0.55,0.55
1598,0.55,0.55,0.55,0.55,0.55
1599,0.55,0.55,0.55,0.55,0.55
1600,0.55,0.55,0.55,0.55,0.55
1601,0.55,0.55,0.55,0.55,0.55
1602,0.55,0.55,0.55,0.55,0.55
1603,0.55,0.55,0.55,0.55,0.55
1604,0.55,0.55,0.55,0.55,0.55
1605,0.55,0.55,0.55,0.55,0.55
1606,0.55,0.55,0.55,0.55,0.55
1607,0.55,0.55,0.55,0.55,0.55
1608,0.55,0.55,0.55,0.55,0.55
1609,0.55,0.55,0.55,0.55,0.55
1610,0.55,0.55,0.55,0.55,0.55
1611,0.55,0.55,0.55,0.55,0.55
1612,0.55,0.55,0.55,0.55,0.55
1613,0.55,0.55,0.55,0.55,0.55
1614,0.55,0.55,0.55,0.55,0.55
1615,0.55,0.55,0.55,0.55,0.55
1616,0.55,0.55,0.55,0.55,0.55
1617,0.55,0.55,0.55,0.55,0.55
1618,0.55,0.55,0.55,0.55,0.55
1619,0.55,0.55,0.55,0.55,0.55
1620,0.55,0.55,0.55,0.55,0.55
1621,0.55,0.55,0.55,0.55,0.55
1622,0.55,0.55,0.55,0.55,0.55
1623,0.55,0.55,0.55,0.55,0.55
1624,0.55,0.55,0.55,0.55,0.55
1625,0.55,0.55,0.55,0.55,0.55
1626,0.55,0.55,0.55,0.55,0.55
1627,0.55,0.55,0.55,0.55,0.55
1628,0.55,0.55,0.55,0.55,0.55
1629,0.55,0.55,0.55,0.55,0.55
1630,0.55,0.55,0.55,0.55,0.55
1631,0.55,0.55,0.55,0.55,0.55
1632,0.55,0.55,0.55,0.55,0.55
1633,0.55,0.55,0.55,0.55,0.55
1634,0.55,0.55,0.55,0.55,0.55
1635,0.55,0.55,0.55,0.55,0.55
1636,0.55,0.55,0.55,0.55,0.55
1637,0.55,0.55,0.55,0.55,0.55
1638,0.55,0.55,0.55,0.55,0.55
1639,0.55,0.55,0.55,0.55,0.55
1640,0.55,0.55,0.55,0.55,0.55
1641,0.55,0.55,0.55,0.55,0.55
1642,0.55,0.55,0.55,0.55,0.55
1643,0.55,0.55,0.55,0.55,0.55
1644,0.55,0.55,0.55,0.55,0.55
1645,0.55,0.55,0.55,0.55,0.55
1646,0.55,0.55,0.55,0.55,0.55
1647,0.55,0.55,0.55,0.55,0.55
1648,0.55,0.55,0.55,0.55,0.55
1649,0.55,0.55,0.55,0.55,0.55
1650,0.55,0.55,0.55,0.55,0.55
1651,0.55,0.55,0.55,0.55,0.55
1652,0.55,0.55,0.55,0.55,0.55
1653,0.55,0.55,0.55,0.55,0.55
1654,0.55,0.55,0.55,0.55,0.55
1655,0.55,0.55,0.55,0.55,0.55
1656,0.55,0.55,0.55,0.55,0.55
1657,0.55,0.55,0.55,0.55,0.55
1658,0.55,0.55,0.55,0.55,0.55
1659,0.55,0.55,0.55,0.55,0.55
1660,0.55,0.55,0.55,0.55,0.55
1661,0.55,0.55,0.55,0.55,0.55
1662,0.55,0.55,0.55,0.55,0.55
1663,0.55,0.55,0.55,0.55,0.55
1664,0.55,0.55,0.55,0.55,0.55
1665,0.55,0.55,0.55,0.55,0.55
1666,0.55,0.55,0.55,0.55,0.55
1667,0.55,0.55,0.55,0.55,0.55
1668,0.55,0.55,0.55,0.55,0.55
1669,0.55,0.55,0.55,0.55,0.55
1670,0.55,0.55,0.55,0.55,0.55
1671,0.55,0.55,0.55,0.55,0.55
1672,0.55,0.55,0.55,0.55,0.55
1673,0.55,0.55,0.55,0.55,0.55
1674,0.55,0.55,0.55,0.55,0.55
1675,0.55,0.55,0.55,0.55,0.55
1676,0.55,0.55,0.55,0.55,0.55
1677,0.55,0.55,0.55,0.55,0.55
1678,0.55,0.55,0.55,0.55,0.55
1679,0.55,0.55,0.55,0.55,0.55
1680,0.55,0.55,0.55,0.55,0.55
1681,0.55,0.55,0.55,0.55,0.55
1682,0.55,0.55,0.55,0.55,0.55
1683,0.55,0.55,0.55,0.55,0.55
1684,0.55,0.55,0.55,0.55,0.55
1685,0.55,0.55,0.55,0.55,0.55
1686,0.55,0.55,0.55,0.55,0.55
1687,0.55,0.55,0.55,0.55,0.55
1688,0.55,0.55,0.55,0.55,0.55
1689,0.55,0.55,0.55,0.55,0.55
1690,0.55,0.55,0.55,0.55,0.55
1691,0.55,0.55,0.55,0.55,0.55
1692,0.55,0.55,0.55,0.55,0.55
1693,0.55,0.55,0.55,0.55,0.55
1694,0.55,0.55,0.55,0.55,0.55
1695,0.55,0.55,0.55,0.55,0.55
1696,0.55,0.55,0.55,0.55,0.55
1697,0.55,0.55,0.55,0.55,0.55
1698,0.55,0.55,0.55,0.55,0.55
1699,0.55,0.55,0.55,0.55,0.55
1700,0.55,0.55,0.55,0.55,0.55
1701,0.55,0.55,0.55,0.55,0.55
1702,0.55,0.55,0.55,0.55,0.55
1703,0.55,0.55,0.55,0.55,0.55
1704,0.55,0.55,0.55,0.55,0.55
1705,0.55,0.55,0.55,0.55,0.55
1706,0.55,0.55,0.55,0.55,0.55
1707,0.55,0.55,0.55,0.55,0.55
1708,0.55,0.55,0.55,0.55,0.55
1709,0.55,0.55,0.55,0.55,0.55
1710,0.55,0.55,0.55,0.55,0.55
1711,0.55,0.55,0.55,0.55,0.55
1712,0.55,0.55,0.55,0.55,0.55
1713,0.55,0.55,0.55,0.55,0.55
1714,0.55,0.55,0.55,0.55,0.55
1715,0.55,0.55,0.55,0.55,0.55
1716,0.55,0.55,0.55,0.55,0.55
1717,0.55,0.55,0.55,0.55,0.55
1718,0.55,0.55,0.55,0.55,0.55
1719,0.55,0.55,0.55,0.55,0.55
1720,0.55,0.55,0.55,0.55,0.55
1721,0.55,0.55,0.55,0.55,0.55
1722,0.55,0.55,0.55,0.55,0.55
1723,0.55,0.55,0.55,0.55,0.55
1724,0.55,0.55,0.55,0.55,0.55
1725,0.55,0.55,0.55,0.55,0.55
1726,0.55,0.55,0.55,0.55,0.55
1727,0.55,0.55,0.55,0.55,0.55
1728,0.55,0.55,0.55,0.55,0.55
1729,0.55,0.55,0.55,0.55,0.55
1730,0.55,0.55,0.55,0.55,0.55
1731,0.55,0.55,0.55,0.55,0.55
1732,0.55,0.55,0.55,0.55,0.55
1733,0.55,0.55,0.55,0.55,0.55
1734,0.55,0.55,0.55,0.55,0.55
1735,0.55,0.55,0.55,0.55,0.55
1736,0.55,0.55,0.55,0.55,0.55
1737,0.55,0.55,0.55,0.55,0.55
1738,0.55,0.55,0.55,0.55,0.55
1739,0.55,0.55,0.55,0.55,0.55
1740,0.55,0.55,0.55,0.55,0.55
1741,0.55,0.55,0.55,0.55,0.55
1742,0.55,0.55,0.55,0.55,0.55
1743,0.55,0.55,0.55,0.55,0.55
1744,0.55,0.55,0.55,0.55,0.55
1745,0.55,0.55,0.55,0.55,0.55
1746,0.55,0.55,0.55,0.55,0.55
1747,0.55,0.55,0.55,0.55,0.55
1748,0.55,0.55,0.55,0.55,0.55
1749,0.55,0.55,0.55,0.55,0.55
1750,0.55,0.55,0.55,0.55,0.55
1751,0.55,0.55,0.55,0.55,0.55
1752,0.55,0.55,0.55,0.55,0.55
1753,0.55,0.55,0.55,0.55,0.55
1754,0.55,0.55,0.55,0.55,0.55
1755,0.55,0.55,0.55,0.55,0.55
1756,0.55,0.55,0.55,0.55,0.55
1757,0.55,0.55,0.55,0.55,0.55
1758,0.55,0.55,0.55,0.55,0.55
1759,0.55,0.55,0.55,0.55,0.55
1760,0.55,0.55,0.55,0.55,0.55
1761,0.55,0.55,0.55,0.55,0.55
1762,0.55,0.55,0.55,0.55,0.55
1763,0.55,0.55,0.55,0.55,0.55
1764,0.55,0.55,0.55,0.55,0.55
1765,0.55,0.55,0.55,0.55,0.55
1766,0.55,0.55,0.55,0.55,0.55
1767,0.55,0.55,0.55,0.55,0.55
1768,0.55,0.55,0.55,0.55,0.55
1769,0.55,0.55,0.55,0.55,0.55
1770,0.55,0.55,0.55,0.55,0.55
1771,0.55,0.55,0.55,0.55,0.55
1772,0.55,0.55,0.55,0.55,0.55
1773,0.55,0.55,0.55,0.55,0.55
1774,0.55,0.55,0.55,0.55,0.55
1775,0.55,0.55,0.55,0.55,0.55
1776,0.55,0.55,0.55,0.55,0.55
1777,0.55,0.55,0.55,0.55,0.55
1778,0.55,0.55,0.55,0.55,0.55
1779,0.55,0.55,0.55,0.55,0.55
1780,0.55,0.55,0.55,0.55,0.55
1781,0.55,0.55,0.55,0.55,0.55
1782,0.55,0.55,0.55,0.55,0.55
1783,0.55,0.55,0.55,0.55,0.55
1784,0.55,0.55,0.55,0.55,0.55
1785,0.55,0.55,0.55,0.55,0.55
1786,0.55,0.55,0.55,0.55,0.55
1787,0.55,0.55,0.55,0.55,0.55
1788,0.55,0.55,0.55,0.55,0.55
1789,0.55,0.55,0.55,0.55,0.55
1790,0.55,0.55,0.55,0.55,0.55
1791,0.55,0.55,0.55,0.55,0.55
1792,0.55,0.55,0.55,0.55,0.55
1793,0.55,0.55,0.55,0.55,0.55
1794,0.55,0.55,0.55,0.55,0.55
1795,0.55,0.55,0.55,0.55,0.55
1796,0.55,0.55,0.55,0.55,0.55
1797,0.55,0.55,0.55,0.55,0.55
1798,0.55,0.55,0.55,0.55,0.55
1799,0.55,0.55,0.55,0.55,0.55
1800,0.55,0.55,0.55,0.55,0.55
1801,0.55,0.55,0.55,0.55,0.55
1802,0.55,0.55,0.55,0.55,0.55
1803,0.55,0.55,0.55,0.55,0.55
1804,0.55,0.55,0.55,0.55,0.55
1805,0.55,0.55,0.55,0.55,0.55
1806,0.55,0.55,0.55,0.55,0.55
1807,0.55,0.55,0.55,0.55,0.55
1808,0.55,0.55,0.55,0.55,0.55
1809,0.55,0.55,0.55,0.55,0.55
1810,0.55,0.55,0.55,0.55,0.55
1811,0.55,0.55,0.55,0.55,0.55
1812,0.55,0.55,0.55,0.55,0.55
1813,0.55,0.55,0.55,0.55,0.55
1814,0.55,0.55,0.55,0.55,0.55
1815,0.55,0.55,0.55,0.55,0.55
1816,0.55,0.55,0.55,0.55,0.55
1817,0.55,0.55,0.55,0.55,0.55
1818,0.55,0.55,0.55,0.55,0.55
1819,0.55,0.55,0.55,0.55,0.55
1820,0.55,0.55,0.55,0.55,0.55
1821,0.55,0.55,0.55,0.55,0.55
1822,0.55,0.55,0.55,0.55,0.55
1823,0.55,0.55,0.55,0.55,0.55
1824,0.55,0.55,0.55,0.55,0.55
1825,0.55,0.55,0.55,0.55,0.55
1826,0.55,0.55,0.55,0.55,0.55
1827,0.55,0.55,0.55,0.55,0.55
1828,0.55,0.55,0.55,0.55,0.55
1829,0.55,0.55,0.55,0.55,0.55
1830,0.55,0.55,0.55,0.55,0.55
1831,0.55,0.55,0.55,0.55,0.55
1832,0.55,0.55,0.55,0.55,0.55
1833,0.55,0.55,0.55,0.55,0.55
1834,0.55,0.55,0.55,0.55,0.55
1835,0.55,0.55,0.55,0.55,0.55
1836,0.55,0.55,0.55,0.55,0.55
1837,0.55,0.55,0.55,0.55,0.55
1838,0.55,0.55,0.55,0.55,0.55
1839,0.55,0.55,0.55,0.55,0.55
1840,0.55,0.55,0.55,0.55,0.55
1841,0.55,0.55,0.55,0.55,0.55
1842,0.55,0.55,0.55,0.55,0.55
1843,0.55,0.55,0.55,0.55,0.55
1844,0.55,0.55,0.55,0.55,0.55
1845,0.55,0.55,0.55,0.55,0.55
1846,0.55,0.55,0.55,0.55,0.55
1847,0.55,0.55,0.55,0.55,0.55
1848,0.55,0.55,0.55,0.55,0.55
1849,0.55,0.55,0.55,0.55,0.55
1850,0.55,0.55,0.55,0.55,0.55
1851,0.55,0.55,0.55,0.55,0.55
1852,0.55,0.55,0.55,0.55,0.55
1853,0.55,0.55,0.55,0.55,0.55
1854,0.55,0.55,0.55,0.55,0.55
1855,0.55,0.55,0.55,0.55,0.55
1856,0.55,0.55,0.55,0.55,0.55
1857,0.55,0.55,0.55,0.55,0.55
1858,0.55,0.55,0.55,0.55,0.55
1859,0.55,0.55,0.55,0.55,0.55
1860,0.55,0.55,0.55,0.55,0.55
1861,0.55,0.55,0.55,0.55,0.55
1862,0.55,0.55,0.55,0.55,0.55
1863,0.55,0.55,0.55,0.55,0.55
1864,0.55,0.55,0.55,0.55,0.55
1865,0.55,0.55,0.55,0.55,0.55
1866,0.55,0.55,0.55,0.55,0.55
1867,0.55,0.55,0.55,0.55,0.55
1868,0.55,0.55,0.55,0.55,0.55
1869,0.55,0.55,0.55,0.55,0.55
1870,0.55,0.55,0.55,0.55,0.55
1871,0.55,0.55,0.55,0.55,0.55
1872,0.55,0.55,0.55,0.55,0.55
1873,0.55,0.55,0.55,0.55,0.55
1874,0.55,0.55,0.55,0.55,0.55
1875,0.55,0.55,0.55,0.55,0.55
1876,0.55,0.55,0.55,0.55,0.55
1877,0.55,0.55,0.55,0.55,0.55
1878,0.55,0.55,0.55,0.55,0.55
1879,0.55,0.55,0.55,0.55,0.55
1880,0.55,0.55,0.55,0.55,0.55
1881,0.55,0.55,0.55,0.55,0.55
1882,0.55,0.55,0.55,0.55,0.55
1883,0.55,0.55,0.55,0.55,0.55
1884,0.55,0.55,0.55,0.55,0.55
1885,0.55,0.55,0.55,0.55,0.55
1886,0.55,0.55,0.55,0.55,0.55
1887,0.55,0.55,0.55,0.55,0.55
1888,0.55,0.55,0.55,0.55,0.55
1889,0.55,0.55,0.55,0.55,0.55
1890,0.55,0.55,0.55,0.55,0.55
1891,0.55,0.55,0.55,0.55,0.55
1892,0.55,0.55,0.55,0.55,0.55
1893,0.55,0.55,0.55,0.55,0.55
1894,0.55,0.55,0.55,0.55,0.55
1895,0.55,0.55,0.55,0.55,0.55
1896,0.55,0.55,0.55,0.55,0.55
1897,0.55,0.55,0.55,0.55,0.55
1898,0.55,0.55,0.55,0.55,0.55
1899,0.55,0.55,0.55,0.55,0.55
1900,0.55,0.55,0.55,0.55,0.55
1901,0.55,0.55,0.55,0.55,0.55
1902,0.55,0.55,0.55,0.55,0.55
1903,0.55,0.55,0.55,0.55,0.55
1904,0.55,0.55,0.55,0.55,0.55
1905,0.55,0.55,0.55,0.55,0.55
1906,0.55,0.55,0.55,0.55,0.55
1907,0.55,0.55,0.55,0.55,0.55
1908,0.55,0.55,0.55,0.55,0.55
1909,0.55,0.55,0.55,0.55,0.55
1910,0.55,0.55,0.55,0.55,0.55
1911,0.55,0.55,0.55,0.55,0.55
1912,0.55,0.55,0.55,0.55,0.55
1913,0.55,0.55,0.55,0.55,0.55
1914,0.55,0.55,0.55,0.55,0.55
1915,0.55,0.55,0.55,0.55,0.55
1916,0.55,0.55,0.55,0.55,0.55
1917,0.55,0.55,0.55,0.55,0.55
1918,0.55,0.55,0.55,0.55,0.55
1919,0.55,0.55,0.55,0.55,0.55
1920,0.55,0.55,0.55,0.55,0.55
1921,0.55,0.55,0.55,0.55,0.55
1922,0.55,0.55,0.55,0.55,0.55
1923,0.55,0.55,0.55,0.55,0.55
1924,0.55,0.55,0.55,0.55,0.55
1925,0.55,0.55,0.55,0.55,0.55
1926,0.55,0.55,0.55,0.55,0.55
1927,0.55,0.55,0.55,0.55,0.55
1928,0.55,0.55,0.55,0.55,0.55
1929,0.55,0.55,0.55,0.55,0.55
1930,0.55,0.55,0.55,0.55,0.55
1931,0.55,0.55,0.55,0.55,0.55
1932,0.55,0.55,0.55,0.55,0.55
1933,0.55,0.55,0.55,0.55,0.55
1934,0.55,0.55,0.55,0.55,0.55
1935,0.55,0.55,0.55,0.55,0.55
1936,0.55,0.55,0.55,0.55,0.55
1937,0.55,0.55,0.55,0.55,0.55
1938,0.55,0.55,0.55,0.55,0.55
1939,0.55,0.55,0.55,0.55,0.55
1940,0.55,0.55,0.55,0.55,0.55
1941,0.55,0.55,0.55,0.55,0.55
1942,0.55,0.55,0.55,0.55,0.55
1943,0.55,0.55,0.55,0.55,0.55
1944,0.55,0.55,0.55,0.55,0.55
1945,0.55,0.55,0.55,0.55,0.55
1946,0.55,0.55,0.55,0.55,0.55
1947,0.55,0.55,0.55,0.55,0.55
1948,0.55,0.55,0.55,0.55,0.55
1949,0.55,0.55,0.55,0.55,0.55
1950,0.55,0.55,0.55,0.55,0.55
1951,0.55,0.55,0.55,0.55,0.55
1952,0.55,0.55,0.55,0.55,0.55
1953,0.55,0.55,0.55,0.55,0.55
1954,0.55,0.55,0.55,0.55,0.55
1955,0.55,0.55,0.55,0.55,0.55
1956,0.55,0.55,0.55,0.55,0.55
1957,0.55,0.55,0.55,0.55,0.55
1958,0.55,0.55,0.55,0.55,0.55
1959,0.55,0.55,0.55,0.55,0.55
1960,0.55,0.55,0.55,0.55,0.55
1961,0.55,0.55,0.55,0.55,0.55
1962,0.55,0.55,0.55,0.55,0.55
1963,0.55,0.55,0.55,0.55,0.55
1964,0.55,0.55,0.55,0.55,0.55
1965,0.55,0.55,0.55,0.55,0.55
1966,0.55,0.55,0.55,0.55,0.55
1967,0.55,0.55,0.55,0.55,0.55
1968,0.55,0.55,0.55,0.55,0.55
1969,0.55,0.55,0.55,0.55,0.55
1970,0.55,0.55,0.55,0.55,0.55
1971,0.55,0.55,0.55,0.55,0.55
1972,0.55,0.55,0.55,0.55,0.55
1973,0.55,0.55,0.55,0.55,0.55
1974,0.55,0.55,0.55,0.55,0.55
1975,0.55,0.55,0.55,0.55,0.55
1976,0.55,0.55,0.55,0.55,0.55
1977,0.55,0.55,0.55,0.55,0.55
1978,0.55,0.55,0.55,0.55,0.55
1979,0.55,0.55,0.55,0.55,0.55
1980,0.55,0.55,0.55,0.55,0.55
1981,0.55,0.55,0.55,0.55,0.55
1982,0.55,0.55,0.55,0.55,0.55
1983,0.55,0.55,0.55,0.55,0.55
1984,0.55,0.55,0.55,0.55,0.55
1985,0.55,0.55,0.55,0.55,0.55
1986,0.55,0.55,0.55,0.55,0.55
1987,0.55,0.55,0.55,0.55,0.55
1988,0.55,0.55,0.55,0.55,0.55
1989,0.55,0.55,0.55,0.55,0.55
1990,0.55,0.55,0.55,0.55,0.55
1991,0.55,0.55,0.55,0.55,0.55
1992,0.55,0.55,0.55,0.55,0.55
1993,0.55,0.55,0.55,0.55,0.55
1994,0.55,0.55,0.55,0.55,0.55
1995,0.55,0.55,0.55,0.55,0.55
1996,0.55,0.55,0.55,0.55,0.55
1997,0.55,0.55,0.55,0.55,0.55
1998,0.55,0.55,0.55,0.55,0.55
1999,0.55,0.55,0.55,0.55,0.55
2000,0.55,0.55,0.55,0.55,0.55
2001,0.55,0.55,0.55,0.55,0.55
2002,0.55,0.55,0.55,0.55,0.55
2003,0.55,0.55,0.55,0.55,0.55
2004,0.55,0.55,0.55,0.55,0.55
2005,0.55,0.55,0.55,0.55,0.55
2006,0.55,0.55,0.55,0.55,0.55
2007,0.55,0.55,0.55,0.55,0.55
2008,0.55,0.55,0.55,0.55,0.55
2009,0.55,0.55,0.55,0.55,0.55
2010,0.55,0.55,0.55,0.55,0.55
2011,0.55,0.55,0.55,0.55,0.55
2012,0.55,0.55,0.55,0.55,0.55
2013,0.55,0.55,0.55,0.55,0.55
2014,0.55,0.55,0.55,0.55,0.55
2015,0.55,0.55,0.55,0.55,0.55
2016,0.55,0.55,0.55,0.55,0.55
2017,0.55,0.55,0.55,0.55,0.55
2018,0.55,0.55,0.55,0.55,0.55
2019,0.55,0.55,0.55,0.55,0.55
2020,0.55,0.55,0.55,0.55,0.55
2021,0.55,0.55,0.55,0.55,0.55
2022,0.55,0.55,0.55,0.55,0.55
2023,0.55,0.55,0.55,0.55,0.55
2024,0.55,0.55,0.55,0.55,0.55
2025,0.55,0.55,0.55,0.55,0.55
2026,0.55,0.55,0.55,0.55,0.55
2027,0.55,0.55,0.55,0.55,0.55
2028,0.55,0.55,0.55,0.55,0.55
2029,0.55,0.55,0.55,0.55,0.55
2030,0.55,0.55,0.55,0.55,0.55
2031,0.55,0.55,0.55,0.55,0.55
2032,0.55,0.55,0.55,0.55,0.55
2033,0.55,0.55,0.55,0.55,0.55
2034,0.55,0.55,0.55,0.55,0.55
2035,0.55,0.55,0.55,0.55,0.55
2036,0.55,0.55,0.55,0.55,0.55
2037,0.55,0.55,0.55,0.55,0.55
2038,0.55,0.55,0.55,0.55,0.55
2039,0.55,0.55,0.55,0.55,0.55
2040,0.55,0.55,0.55,0.55,0.55
2041,0.55,0.55,0.55,0.55,0.55
2042,0.55,0.55,0.55,0.55,0.55
2043,0.55,0.55,0.55,0.55,0.55
2044,0.55,0.55,0.55,0.55,0.55
2045,0.55,0.55,0.55,0.55,0.55
2046,0.55,0.55,0.55,0.55,0.55
2047,0.55,0.55,0.55,0.55,0.55
2048,0.55,0.55,0.55,0.55,0.55
2049,0.55,0.55,0.55,0.55,0.55
2050,0.55,0.55,0.55,0.55,0.55
2051,0.55,0.55,0.55,0.55,0.55
2052,0.55,0.55,0.55,0.55,0.55
2053,0.55,0.55,0.55,0.55,0.55
2054,0.55,0.55,0.55,0.55,0.55
2055,0.55,0.55,0.55,0.55,0.55
2056,0.55,0.55,0.55,0.55,0.55
2057,0.55,0.55,0.55,0.55,0.55
2058,0.55,0.55,0.55,0.55,0.55
2059,0.55,0.55,0.55,0.55,0.55
2060,0.55,0.55,0.55,0.55,0.55
2061,0.55,0.55,0.55,0.55,0.55
2062,0.55,0.55,0.55,0.55,0.55
2063,0.55,0.55,0.55,0.55,0.55
2064,0.55,0.55,0.55,0.55,0.55
2065,0.55,0.55,0.55,0.55,0.55
2066,0.55,0.55,0.55,0.55,0.55
2067,0.55,0.55,0.55,0.55,0.55
2068,0.55,0.55,0.55,0.55,0.55
2069,0.55,0.55,0.55,0.55,0.55
2070,0.55,0.55,0.55,0.55,0.55
2071,0.55,0.55,0.55,0.55,0.55
2072,0.55,0.55,0.55,0.55,0.55
2073,0.55,0.55,0.55,0.55,0.55
2074,0.55,0.55,0.55,0.55,0.55
2075,0.55,0.55,0.55,0.55,0.55
2076,0.55,0.55,0.55,0.55,0.55
2077,0.55,0.55,0.55,0.55,0.55
2078,0.55,0.55,0.55,0.55,0.55
2079,0.55,0.55,0.55,0.55,0.55
2080,0.55,0.55,0.55,0.55,0.55
2081,0.55,0.55,0.55,0.55,0.55
2082,0.55,0.55,0.55,0.55,0.55
2083,0.55,0.55,0.55,0.55,0.55
2084,0.55,0.55,0.55,0.55,0.55
2085,0.55,0.55,0.55,0.55,0.55
2086,0.55,0.55,0.55,0.55,0.55
2087,0.55,0.55,0.55,0.55,0.55
2088,0.55,0.55,0.55,0.55,0.55
2089,0.55,0.55,0.55,0.55,0.55
2090,0.55,0.55,0.55,0.55,0.55
2091,0.55,0.55,0.55,0.55,0.55
2092,0.55,0.55,0.55,0.55,0.55
2093,0.55,0.55,0.55,0.55,0.55
2094,0.55,0.55,0.55,0.55,0.55
2095,0.55,0.55,0.55,0.55,0.55
2096,0.55,0.55,0.55,0.55,0.55
2097,0.55,0.55,0.55,0.55,0.55
2098,0.55,0.55,0.55,0.55,0.55
2099,0.55,0.55,0.55,0.55,0.55
2100,0.55,0.55,0.55,0.55,0.55
2101,0.55,0.55,0.55,0.55,0.55
2102,0.55,0.55,0.55,0.55,0.55
2103,0.55,0.55,0.55,0.55,0.55
2104,0.55,0.55,0.55,0.55,0.55
2105,0.55,0.55,0.55,0.55,0.55
2106,0.55,0.55,0.55,0.55,0.55
2107,0.55,0.55,0.55,0.55,0.55
2108,0.55,0.55,0.55,0.55,0.55
2109,0.55,0.55,0.55,0.55,0.55
2110,0.55,0.55,0.55,0.55,0.55
2111,0.55,0.55,0.55,0.55,0.55
2112,0.55,0.55,0.55,0.55,0.55
2113,0.55,0.55,0.55,0.55,0.55
2114,0.55,0.55,0.55,0.55,0.55
2115,0.55,0.55,0.55,0.55,0.55
2116,0.55,0.55,0.55,0.55,0.55
2117,0.55,0.55,0.55,0.55,0.55
2118,0.55,0.55,0.55,0.55,0.55
2119,0.55,0.55,0.55,0.55,0.55
2120,0.55,0.55,0.55,0.55,0.55
2121,0.55,0.55,0.55,0.55,0.55
2122,0.55,0.55,0.55,0.55,0.55
2123,0.55,0.55,0.55,0.55,0.55
2124,0.55,0.55,0.55,0.55,0.55
2125,0.55,0.55,0.55,0.55,0.55
2126,0.55,0.55,0.55,0.55,0.55
2127,0.55,0.55,0.55,0.55,0.55
2128,0.55,0.55,0.55,0.55,0.55
2129,0.55,0.55,0.55,0.55,0.55
2130,0.55,0.55,0.55,0.55,0.55
2131,0.55,0.55,0.55,0.55,0.55
2132,0.55,0.55,0.55,0.55,0.55
2133,0.55,0.55,0.55,0.55,0.55
2134,0.55,0.55,0.55,0.55,0.55
2135,0.55,0.55,0.55,0.55,0.55
2136,0.55,0.55,0.55,0.55,0.55
2137,0.55,0.55,0.55,0.55,0.55
2138,0.55,0.55,0.55,0.55,0.55
2139,0.55,0.55,0.55,0.55,0.55
2140,0.55,0.55,0.55,0.55,0.55
2141,0.55,0.55,0.55,0.55,0.55
2142,0.55,0.55,0.55,0.55,0.55
2143,0.55,0.55,0.55,0.55,0.55
2144,0.55,0.55,0.55,0.55,0.55
2145,0.55,0.55,0.55,0.55,0.55
2146,0.55,0.55,0.55,0.55,0.55
2147,0.55,0.55,0.55,0.55,0.55
2148,0.55,0.55,0.55,0.55,0.55
2149,0.55,0.55,0.55,0.55,0.55
2150,0.55,0.55,0.55,0.55,0.55
2151,0.55,0.55,0.55,0.55,0.55
2152,0.55,0.55,0.55,0.55,0.55
2153,0.55,0.55,0.55,0.55,0.55
2154,0.55,0.55,0.55,0.55,0.55
2155,0.55,0.55,0.55,0.55,0.55
2156,0.55,0.55,0.55,0.55,0.55
2157,0.55,0.55,0.55,0.55,0.55
2158,0.55,0.55,0.55,0.55,0.55
2159,0.55,0.55,0.55,0.55,0.55
2160,0.55,0.55,0.55,0.55,0.55
2161,0.55,0.55,0.55,0.55,0.55
2162,0.55,0.55,0.55,0.55,0.55
2163,0.55,0.55,0.55,0.55,0.55
2164,0.55,0.55,0.55,0.55,0.55
2165,0.55,0.55,0.55,0.55,0.55
2166,0.55,0.55,0.55,0.55,0.55
2167,0.55,0.55,0.55,0.55,0.55
2168,0.55,0.55,0.55,0.55,0.55
2169,0.55,0.55,0.55,0.55,0.55
2170,0.55,0.55,0.55,0.55,0.55
2171,0.55,0.55,0.55,0.55,0.55
2172,0.55,0.55,0.55,0.55,0.55
2173,0.55,0.55,0.55,0.55,0.55
2174,0.55,0.55,0.55,0.55,0.55
2175,0.55,0.55,0.55,0.55,0.55
2176,0.55,0.55,0.55,0.55,0.55
2177,0.55,0.55,0.55,0.55,0.55
2178,0.55,0.55,0.55,0.55,0.55
2179,0.55,0.55,0.55,0.55,0.55
2180,0.55,0.55,0.55,0.55,0.55
2181,0.55,0.55,0.55,0.55,0.55
2182,0.55,0.55,0.55,0.55,0.55
2183,0.55,0.55,0.55,0.55,0.55
2184,0.55,0.55,0.55,0.55,0.55
2185,0.55,0.55,0.55,0.55,0.55
2186,0.55,0.55,0.55,0.55,0.55
2187,0.55,0.55,0.55,0.55,0.55
2188,0.55,0.55,0.55,0.55,0.55
2189,0.55,0.55,0.55,0.55,0.55
2190,0.55,0.55,0.55,0.55,0.55
2191,0.55,0.55,0.55,0.55,0.55
2192,0.55,0.55,0.55,0.55,0.55
2193,0.55,0.55,0.55,0.55,0.55
2194,0.55,0.55,0.55,0.55,0.55
2195,0.55,0.55,0.55,0.55,0.55
2196,0.55,0.55,0.55,0.55,0.55
2197,0.55,0.55,0.55,0.55,0.55
2198,0.55,0.55,0.55,0.55,0.55
2199,0.55,0.55,0.55,0.55,0.55
2200,0.55,0.55,0.55,0.55,0.55
2201,0.55,0.55,0.55,0.55,0.55
2202,0.55,0.55,0.55,0.55,0.55
2203,0.55,0.55,0.55,0.55,0.55
2204,0.55,0.55,0.55,0.55,0.55
2205,0.55,0.55,0.55,0.55,0.55
2206,0.55,0.55,0.55,0.55,0.55
2207,0.55,0.55,0.55,0.55,0.55
2208,0.55,0.55,0.55,0.55,0.55
2209,0.55,0.55,0.55,0.55,0.55
2210,0.55,0.55,0.55,0.55,0.55
2211,0.55,0.55,0.55,0.55,0.55
2212,0.55,0.55,0.55,0.55,0.55
2213,0.55,0.55,0.55,0.55,0.55
2214,0.55,0.55,0.55,0.55,0.55
2215,0.55,0.55,0.55,0.55,0.55
2216,0.55,0.55,0.55,0.55,0.55
2217,0.55,0.55,0.55,0.55,0.55
2218,0.55,0.55,0.55,0.55,0.55
2219,0.55,0.55,0.55,0.55,0.55
2220,0.55,0.55,0.55,0.55,0.55
2221,0.55,0.55,0.55,0.55,0.55
2222,0.55,0.55,0.55,0.55,0.55
2223,0.55,0.55,0.55,0.55,0.55
2224,0.55,0.55,0.55,0.55,0.55
2225,0.55,0.55,0.55,0.55,0.55
2226,0.55,0.55,0.55,0.55,0.55
2227,0.55,0.55,0.55,0.55,0.55
2228,0.55,0.55,0.55,0.55,0.55
2229,0.55,0.55,0.55,0.55,0.55
2230,0.55,0.55,0.55,0.55,0.55
2231,0.55,0.55,0.55,0.55,0.55
2232,0.55,0.55,0.55,0.55,0.55
2233,0.55,0.55,0.55,0.55,0.55
2234,0.55,0.55,0.55,0.55,0.55
2235,0.55,0.55,0.55,0.55,0.55
2236,0.55,0.55,0.55,0.55,0.55
2237,0.55,0.55,0.55,0.55,0.55
2238,0.55,0.55,0.55,0.55,0.55
2239,0.55,0.55,0.55,0.55,0.55
2240,0.55,0.55,0.55,0.55,0.55
2241,0.55,0.55,0.55,0.55,0.55
2242,0.55,0.55,0.55,0.55,0.55
2243,0.55,0.55,0.55,0.55,0.55
2244,0.55,0.55,0.55,0.55,0.55
2245,0.55,0.55,0.55,0.55,0.55
2246,0.55,0.55,0.55,0.55,0.55
2247,0.55,0.55,0.55,0.55,0.55
2248,0.55,0.55,0.55,0.55,0.55
2249,0.55,0.55,0.55,0.55,0.55
2250,0.55,0.55,0.55,0.55,0.55
2251,0.55,0.55,0.55,0.55,0.55
2252,0.55,0.55,0.55,0.55,0.55
2253,0.55,0.55,0.55,0.55,0.55
2254,0.55,0.55,0.55,0.55,0.55
2255,0.55,0.55,0.55,0.55,0.55
2256,0.55,0.55,0.55,0.55,0.55
2257,0.55,0.55,0.55,0.55,0.55
2258,0.55,0.55,0.55,0.55,0.55
2259,0.55,0.55,0.55,0.55,0.55
2260,0.55,0.55,0.55,0.55,0.55
2261,0.55,0.55,0.55,0.55,0.55
2262,0.55,0.55,0.55,0.55,0.55
2263,0.55,0.55,0.55,0.55,0.55
2264,0.55,0.55,0.55,0.55,0.55
2265,0.55,0.55,0.55,0.55,0.55
2266,0.55,0.55,0.55,0.55,0.55
2267,0.55,0.55,0.55,0.55,0.55
2268,0.55,0.55,0.55,0.55,0.55
2269,0.55,0.55,0.55,0.55,0.55
2270,0.55,0.55,0.55,0.55,0.55
2271,0.55,0.55,0.55,0.55,0.55
2272,0.55,0.55,0.55,0.55,0.55
2273,0.55,0.55,0.55,0.55,0.55
2274,0.55,0.55,0.55,0.55,0.55
2275,0.55,0.55,0.55,0.55,0.55
2276,0.55,0.55,0.55,0.55,0.55
2277,0.55,0.55,0.55,0.55,0.55
2278,0.55,0.55,0.55,0.55,0.55
2279,0.55,0.55,0.55,0.55,0.55
2280,0.55,0.55,0.55,0.55,0.55
2281,0.55,0.55,0.55,0.55,0.55
2282,0.55,0.55,0.55,0.55,0.55
2283,0.55,0.55,0.55,0.55,0.55
2284,0.55,0.55,0.55,0.55,0.55
2285,0.55,0.55,0.55,0.55,0.55
2286,0.55,0.55,0.55,0.55,0.55
2287,0.55,0.55,0.55,0.55,0.55
2288,0.55,0.55,0.55,0.55,0.55
2289,0.55,0.55,0.55,0.55,0.55
2290,0.55,0.55,0.55,0.55,0.55
2291,0.55,0.55,0.55,0.55,0.55
2292,0.55,0.55,0.55,0.55,0.55
2293,0.55,0.55,0.55,0.55,0.55
2294,0.55,0.55,0.55,0.55,0.55
2295,0.55,0.55,0.55,0.55,0.55
2296,0.55,0.55,0.55,0.55,0.55
2297,0.55,0.55,0.55,0.55,0.55
2298,0.55,0.55,0.55,0.55,0.55
2299,0.55,0.55,0.55,0.55,0.55
2300,0.55,0.55,0.55,0.55,0.55
2301,0.55,0.55,0.55,0.55,0.55
2302,0.55,0.55,0.55,0.55,0.55
2303,0.55,0.55,0.55,0.55,0.55
2304,0.55,0.55,0.55,0.55,0.55
2305,0.55,0.55,0.55,0.55,0.55
2306,0.55,0.55,0.55,0.55,0.55
2307,0.55,0.55,0.55,0.55,0.55
2308,0.55,0.55,0.55,0.55,0.55
2309,0.55,0.55,0.55,0.55,0.55
2310,0.55,0.55,0.55,0.55,0.55
2311,0.55,0.55,0.55,0.55,0.55
2312,0.55,0.55,0.55,0.55,0.55
2313,0.55,0.55,0.55,0.55,0.55
2314,0.55,0.55,0.55,0.55,0.55
2315,0.55,0.55,0.55,0.55,0.55
2316,0.55,0.55,0.55,0.55,0.55
2317,0.55,0.55,0.55,0.55,0.55
2318,0.55,0.55,0.55,0.55,0.55
2319,0.55,0.55,0.55,0.55,0.55
2320,0.55,0.55,0.55,0.55,0.55
2321,0.55,0.55,0.55,0.55,0.55
2322,0.55,0.55,0.55,0.55,0.55
2323,0.55,0.55,0.55,0.55,0.55
2324,0.55,0.55,0.55,0.55,0.55
2325,0.55,0.55,0.55,0.55,0.55
2326,0.55,0.55,0.55,0.55,0.55
2327,0.55,0.55,0.55,0.55,0.55
2328,0.55,0.55,0.55,0.55,0.55
2329,0.55,0.55,0.55,0.55,0.55
2330,0.55,0.55,0.55,0.55,0.55
2331,0.55,0.55,0.55,0.55,0.55
2332,0.55,0.55,0.55,0.55,0.55
2333,0.55,0.55,0.55,0.55,0.55
2334,0.55,0.55,0.55,0.55,0.55
2335,0.55,0.55,0.55,0.55,0.55
2336,0.55,0.55,0.55,0.55,0.55
2337,0.55,0.55,0.55,0.55,0.55
2338,0.55,0.55,0.55,0.55,0.55
2339,0.55,0.55,0.55,0.55,0.55
2340,0.55,0.55,0.55,0.55,0.55
2341,0.55,0.55,0.55,0.55,0.55
2342,0.55,0.55,0.55,0.55,0.55
2343,0.55,0.55,0.55,0.55,0.55
2344,0.55,0.55,0.55,0.55,0.55
2345,0.55,0.55,0.55,0.55,0.55
2346,0.55,0.55,0.55,0.55,0.55
2347,0.55,0.55,0.55,0.55,0.55
2348,0.55,0.55,0.55,0.55,0.55
2349,0.55,0.55,0.55,0.55,0.55
2350,0.55,0.55,0.55,0.55,0.55
2351,0.55,0.55,0.55,0.55,0.55
2352,0.55,0.55,0.55,0.55,0.55
2353,0.55,0.55,0.55,0.55,0.55
2354,0.55,0.55,0.55,0.55,0.55
2355,0.55,0.55,0.55,0.55,0.55
2356,0.55,0.55,0.55,0.55,0.55
2357,0.55,0.55,0.55,0.55,0.55
2358,0.55,0.55,0.55,0.55,0.55
2359,0.55,0.55,0.55,0.55,0.55
2360,0.55,0.55,0.55,0.55,0.55
2361,0.55,0.55,0.55,0.55,0.55
2362,0.55,0.55,0.55,0.55,0.55
2363,0.55,0.55,0.55,0.55,0.55
2364,0.55,0.55,0.55,0.55,0.55
2365,0.55,0.55,0.55,0.55,0.55
2366,0.55,0.55,0.55,0.55,0.55
2367,0.55,0.55,0.55,0.55,0.55
2368,0.55,0.55,0.55,0.55,0.55
2369,0.55,0.55,0.55,0.55,0.55
2370,0.55,0.55,0.55,0.55,0.55
2371,0.55,0.55,0.55,0.55,0.55
2372,0.55,0.55,0.55,0.55,0.55
2373,0.55,0.55,0.55,0.55,0.55
2374,0.55,0.55,0.55,0.55,0.55
2375,0.55,0.55,0.55,0.55,0.55
2376,0.55,0.55,0.55,0.55,0.55
2377,0.55,0.55,0.55,0.55,0.55
2378,0.55,0.55,0.55,0.55,0.55
2379,0.55,0.55,0.55,0.55,0.55
2380,0.55,0.55,0.55,0.55,0.55
2381,0.55,0.55,0.55,0.55,0.55
2382,0.55,0.55,0.55,0.55,0.55
2383,0.55,0.55,0.55,0.55,0.55
2384,0.55,0.55,0.55,0.55,0.55
2385,0.55,0.55,0.55,0.55,0.55
2386,0.55,0.55,0.55,0.55,0.55
2387,0.55,0.55,0.55,0.55,0.55
2388,0.55,0.55,0.55,0.55,0.55
2389,0.55,0.55,0.55,0.55,0.55
2390,0.55,0.55,0.55,0.55,0.55
2391,0.55,0.55,0.55,0.55,0.55
2392,0.55,0.55,0.55,0.55,0.55
2393,0.55,0.55,0.55,0.55,0.55
2394,0.55,0.55,0.55,0.55,0.55
2395,0.55,0.55,0.55,0.55,0.55
2396,0.55,0.55,0.55,0.55,0.55
2397,0.55,0.55,0.55,0.55,0.55
2398,0.55,0.55,0.55,0.55,0.55
2399,0.55,0.55,0.55,0.55,0.55
2400,0.55,0.55,0.55,0.55,0.55
2401,0.55,0.55,0.55,0.55,0.55
2402,0.55,0.55,0.55,0.55,0.55
2403,0.55,0.55,0.55,0.55,0.55
2404,0.55,0.55,0.55,0.55,0.55
2405,0.55,0.55,0.55,0.55,0.55
2406,0.55,0.55,0.55,0.55,0.55
2407,0.55,0.55,0.55,0.55,0.55
2408,0.55,0.55,0.55,0.55,0.55
2409,0.55,0.55,0.55,0.55,0.55
2410,0.55,0.55,0.55,0.55,0.55
2411,0.55,0.55,0.55,0.55,0.55
2412,0.55,0.55,0.55,0.55,0.55
2413,0.55,0.55,0.55,0.55,0.55
2414,0.55,0.55,0.55,0.55,0.55
2415,0.55,0.55,0.55,0.55,0.55
2416,0.55,0.55,0.55,0.55,0.55
2417,0.55,0.55,0.55,0.55,0.55
2418,0.55,0.55,0.55,0.55,0.55
2419,0.55,0.55,0.55,0.55,0.55
2420,0.55,0.55,0.55,0.55,0.55
2421,0.55,0.55,0.55,0.55,0.55
2422,0.55,0.55,0.55,0.55,0.55
2423,0.55,0.55,0.55,0.55,0.55
2424,0.55,0.55,0.55,0.55,0.55
2425,0.55,0.55,0.55,0.55,0.55
2426,0.55,0.55,0.55,0.55,0.55
2427,0.55,0.55,0.55,0.55,0.55
2428,0.55,0.55,0.55,0.55,0.55
2429,0.55,0.55,0.55,0.55,0.55
2430,0.55,0.55,0.55,0.55,0.55
2431,0.55,0.55,0.55,0.55,0.55
2432,0.55,0.55,0.55,0.55,0.55
2433,0.55,0.55,0.55,0.55,0.55
2434,0.55,0.55,0.55,0.55,0.55
2435,0.55,0.55,0.55,0.55,0.55
2436,0.55,0.55,0.55,0.55,0.55
2437,0.55,0.55,0.55,0.55,0.55
2438,0.55,0.55,0.55,0.55,0.55
2439,0.55,0.55,0.55,0.55,0.55
2440,0.55,0.55,0.55,0.55,0.55
2441,0.55,0.55,0.55,0.55,0.55
2442,0.55,0.55,0.55,0.55,0.55
2443,0.55,0.55,0.55,0.55,0.55
2444,0.55,0.55,0.55,0.55,0.55
2445,0.55,0.55,0.55,0.55,0.55
2446,0.55,0.55,0.55,0.55,0.55
2447,0.55,0.55,0.55,0.55,0.55
2448,0.55,0.55,0.55,0.55,0.55
2449,0.55,0.55,0.55,0.55,0.55
2450,0.55,0.55,0.55,0.55,0.55
2451,0.55,0.55,0.55,0.55,0.55
2452,0.55,0.55,0.55,0.55,0.55
2453,0.55,0.55,0.55,0.55,0.55
2454,0.55,0.55,0.55,0.55,0.55
2455,0.55,0.55,0.55,0.55,0.55
2456,0.55,0.55,0.55,0.55,0.55
2457,0.55,0.55,0.55,0.55,0.55
2458,0.55,0.55,0.55,0.55,0.55
2459,0.55,0.55,0.55,0.55,0.55
2460,0.55,0.55,0.55,0.55,0.55
2461,0.55,0.55,0.55,0.55,0.55
2462,0.55,0.55,0.55,0.55,0.55
2463,0.55,0.55,0.55,0.55,0.55
2464,0.55,0.55,0.55,0.55,0.55
2465,0.55,0.55,0.55,0.55,0.55
2466,0.55,0.55,0.55,0.55,0.55
2467,0.55,0.55,0.55,0.55,0.55
2468,0.55,0.55,0.55,0.55,0.55
2469,0.55,0.55,0.55,0.55,0.55
2470,0.55,0.55,0.55,0.55,0.55
2471,0.55,0.55,0.55,0.55,0.55
2472,0.55,0.55,0.55,0.55,0.55
2473,0.55,0.55,0.55,0.55,0.55
2474,0.55,0.55,0.55,0.55,0.55
2475,0.55,0.55,0.55,0.55,0.55
2476,0.55,0.55,0.55,0.55,0.55
2477,0.55,0.55,0.55,0.55,0.55
2478,0.55,0.55,0.55,0.55,0.55
2479,0.55,0.55,0.55,0.55,0.55
2480,0.55,0.55,0.55,0.55,0.55
2481,0.55,0.55,0.55,0.55,0.55
2482,0.55,0.55,0.55,0.55,0.55
2483,0.55,0.55,0.55,0.55,0.55
2484,0.55,0.55,0.55,0.55,0.55
2485,0.55,0.55,0.55,0.55,0.55
2486,0.55,0.55,0.55,0.55,0.55
2487,0.55,0.55,0.55,0.55,0.55
2488,0.55,0.55,0.55,0.55,0.55
2489,0.55,0.55,0.55,0.55,0.55
2490,0.55,0.55,0.55,0.55,0.55
2491,0.55,0.55,0.55,0.55,0.55
2492,0.55,0.55,0.55,0.55,0.55
2493,0.55,0.55,0.55,0.55,0.55
2494,0.55,0.55,0.55,0.55,0.55
2495,0.55,0.55,0.55,0.55,0.55
2496,0.55,0.55,0.55,0.55,0.55
2497,0.55,0.55,0.55,0.55,0.55
2498,0.55,0.55,0.55,0.55,0.55
2499,0.55,0.55,0.55,0.55,0.55
2500,0.55,0.55,0.55,0.55,0.55
2501,0.55,0.55,0.55,0.55,0.55
2502,0.55,0.55,0.55,0.55,0.55
2503,0.55,0.55,0.55,0.55,0.55
2504,0.55,0.55,0.55,0.55,0.55
2505,0.55,0.55,0.55,0.55,0.55
2506,0.55,0.55,0.55,0.55,0.55
2507,0.55,0.55,0.55,0.55,0.55
2508,0.55,0.55,0.55,0.55,0.55
2509,0.55,0.55,0.55,0.55,0.55
2510,0.55,0.55,0.55,0.55,0.55
2511,0.55,0.55,0.55,0.55,0.55
2512,0.55,0.55,0.55,0.55,0.55
2513,0.55,0.55,0.55,0.55,0.55
2514,0.55,0.55,0.55,0.55,0.55
2515,0.55,0.55,0.55,0.55,0.55
2516,0.55,0.55,0.55,0.55,0.55
2517,0.55,0.55,0.55,0.55,0.55
2518,0.55,0.55,0.55,0.55,0.55
2519,0.55,0.55,0.55,0.55,0.55
2520,0.55,0.55,0.55,0.55,0.55
2521,0.55,0.55,0.55,0.55,0.55
2522,0.55,0.55,0.55,0.55,0.55
2523,0.55,0.55,0.55,0.55,0.55
2524,0.55,0.55,0.55,0.55,0.55
2525,0.55,0.55,0.55,0.55,0.55
2526,0.55,0.55,0.55,0.55,0.55
2527,0.55,0.55,0.55,0.55,0.55
2528,0.55,0.55,0.55,0.55,0.55
2529,0.55,0.55,0.55,0.55,0.55
2530,0.55,0.55,0.55,0.55,0.55
2531,0.55,0.55,0.55,0.55,0.55
2532,0.55,0.55,0.55,0.55,0.55
2533,0.55,0.55,0.55,0.55,0.55
2534,0.55,0.55,0.55,0.55,0.55
2535,0.55,0.55,0.55,0.55,0.55
2536,0.55,0.55,0.55,0.55,0.55
2537,0.55,0.55,0.55,0.55,0.55
2538,0.55,0.55,0.55,0.55,0.55
2539,0.55,0.55,0.55,0.55,0.55
2540,0.55,0.55,0.55,0.55,0.55
2541,0.55,0.55,0.55,0.55,0.55
2542,0.55,0.55,0.55,0.55,0.55
2543,0.55,0.55,0.55,0.55,0.55
2544,0.55,0.55,0.55,0.55,0.55
2545,0.55,0.55,0.55,0.55,0.55
2546,0.55,0.55,0.55,0.55,0.55
2547,0.55,0.55,0.55,0.55,0.55
2548,0.55,0.55,0.55,0.55,0.55
2549,0.55,0.55,0.55,0.55,0.55
2550,0.55,0.55,0.55,0.55,0.55
2551,0.55,0.55,0.55,0.55,0.55
2552,0.55,0.55,0.55,0.55,0.55
2553,0.55,0.55,0.55,0.55,0.55
2554,0.55,0.55,0.55,0.55,0.55
2555,0.55,0.55,0.55,0.55,0.55
2556,0.55,0.55,0.55,0.55,0.55
2557,0.55,0.55,0.55,0.55,0.55
2558,0.55,0.55,0.55,0.55,0.55
2559,0.55,0.55,0.55,0.55,0.55
2560,0.55,0.55,0.55,0.55,0.55
2561,0.55,0.55,0.55,0.55,0.55
2562,0.55,0.55,0.55,0.55,0.55
2563,0.55,0.55,0.55,0.55,0.55
2564,0.55,0.55,0.55,0.55,0.55
2565,0.55,0.55,0.55,0.55,0.55
2566,0.55,0.55,0.55,0.55,0.55
2567,0.55,0.55,0.55,0.55,0.55
2568,0.55,0.55,0.55,0.55,0.55
2569,0.55,0.55,0.55,0.55,0.55
2570,0.55,0.55,0.55,0.55,0.55
2571,0.55,0.55,0.55,0.55,0.55
2572,0.55,0.55,0.55,0.55,0.55
2573,0.55,0.55,0.55,0.55,0.55
2574,0.55,0.55,0.55,0.55,0.55
2575,0.55,0.55,0.55,0.55,0.55
2576,0.55,0.55,0.55,0.55,0.55
2577,0.55,0.55,0.55,0.55,0.55
2578,0.55,0.55,0.55,0.55,0.55
2579,0.55,0.55,0.55,0.55,0.55
2580,0.55,0.55,0.55,0.55,0.55
2581,0.55,0.55,0.55,0.55,0.55
2582,0.55,0.55,0.55,0.55,0.55
2583,0.55,0.55,0.55,0.55,0.55
2584,0.55,0.55,0.55,0.55,0.55
2585,0.55,0.55,0.55,0.55,0.55
2586,0.55,0.55,0.55,0.55,0.55
2587,0.55,0.55,0.55,0.55,0.55
2588,0.55,0.55,0.55,0.55,0.55
2589,0.55,0.55,0.55,0.55,0.55
2590,0.55,0.55,0.55,0.55,0.55
2591,0.55,0.55,0.55,0.55,0.55
2592,0.55,0.55,0.55,0.55,0.55
2593,0.55,0.55,0.55,0.55,0.55
2594,0.55,0.55,0.55,0.55,0.55
2595,0.55,0.55,0.55,0.55,0.55
2596,0.55,0.55,0.55,0.55,0.55
2597,0.55,0.55,0.55,0.55,0.55
2598,0.55,0.55,0.55,0.55,0.55
2599,0.55,0.55,0.55,0.55,0.55
2600,0.55,0.55,0.55,0.55,0.55
2601,0.55,0.55,0.55,0.55,0.55
2602,0.55,0.55,0.55,0.55,0.55
2603,0.55,0.55,0.55,0.55,0.55
2604,0.55,0.55,0.55,0.55,0.55
2605,0.55,0.55,0.55,0.55,0.55
2606,0.55,0.55,0.55,0.55,0.55
2607,0.55,0.55,0.55,0.55,0.55
2608,0.55,0.55,0.55,0.55,0.55
2609,0.55,0.55,0.55,0.55,0.55
2610,0.55,0.55,0.55,0.55,0.55
2611,0.55,0.55,0.55,0.55,0.55
2612,0.55,0.55,0.55,0.55,0.55
2613,0.55,0.55,0.55,0.55,0.55
2614,0.55,0.55,0.55,0.55,0.55
2615,0.55,0.55,0.55,0.55,0.55
2616,0.55,0.55,0.55,0.55,0.55
2617,0.55,0.55,0.55,0.55,0.55
2618,0.55,0.55,0.55,0.55,0.55
2619,0.55,0.55,0.55,0.55,0.55
2620,0.55,0.55,0.55,0.55,0.55
2621,0.55,0.55,0.55,0.55,0.55
2622,0.55,0.55,0.55,0.55,0.55
2623,0.55,0.55,0.55,0.55,0.55
2624,0.55,0.55,0.55,0.55,0.55
2625,0.55,0.55,0.55,0.55,0.55
2626,0.55,0.55,0.55,0.55,0.55
2627,0.55,0.55,0.55,0.55,0.55
2628,0.55,0.55,0.55,0.55,0.55
2629,0.55,0.55,0.55,0.55,0.55
2630,0.55,0.55,0.55,0.55,0.55
2631,0.55,0.55,0.55,0.55,0.55
2632,0.55,0.55,0.55,0.55,0.55
2633,0.55,0.55,0.55,0.55,0.55
2634,0.55,0.55,0.55,0.55,0.55
2635,0.55,0.55,0.55,0.55,0.55
2636,0.55,0.55,0.55,0.55,0.55
2637,0.55,0.55,0.55,0.55,0.55
2638,0.55,0.55,0.55,0.55,0.55
2639,0.55,0.55,0.55,0.55,0.55
2640,0.55,0.55,0.55,0.55,0.55
2641,0.55,0.55,0.55,0.55,0.55
2642,0.55,0.55,0.55,0.55,0.55
2643,0.55,0.55,0.55,0.55,0.55
2644,0.55,0.55,0.55,0.55,0.55
2645,0.55,0.55,0.55,0.55,0.55
2646,0.55,0.55,0.55,0.55,0.55
2647,0.55,0.55,0.55,0.55,0.55
2648,0.55,0.55,0.55,0.55,0.55
2649,0.55,0.55,0.55,0.55,0.55
2650,0.55,0.55,0.55,0.55,0.55
2651,0.55,0.55,0.55,0.55,0.55
2652,0.55,0.55,0.55,0.55,0.55
2653,0.55,0.55,0.55,0.55,0.55
2654,0.55,0.55,0.55,0.55,0.55
2655,0.55,0.55,0.55,0.55,0.55
2656,0.55,0.55,0.55,0.55,0.55
2657,0.55,0.55,0.55,0.55,0.55
2658,0.55,0.55,0.55,0.55,0.55
2659,0.55,0.55,0.55,0.55,0.55
2660,0.55,0.55,0.55,0.55,0.55
2661,0.55,0.55,0.55,0.55,0.55
2662,0.55,0.55,0.55,0.55,0.55
2663,0.55,0.55,0.55,0.55,0.55
2664,0.55,0.55,0.55,0.55,0.55
2665,0.55,0.55,0.55,0.55,0.55
2666,0.55,0.55,0.55,0.55,0.55
2667,0.55,0.55,0.55,0.55,0.55
2668,0.55,0.55,0.55,0.55,0.55
2669,0.55,0.55,0.55,0.55,0.55
2670,0.55,0.55,0.55,0.55,0.55
2671,0.55,0.55,0.55,0.55,0.55
2672,0.55,0.55,0.55,0.55,0.55
2673,0.55,0.55,0.55,0.55,0.55
2674,0.55,0.55,0.55,0.55,0.55
2675,0.55,0.55,0.55,0.55,0.55
2676,0.55,0.55,0.55,0.55,0.55
2677,0.55,0.55,0.55,0.55,0.55
2678,0.55,0.55,0.55,0.55,0.55
2679,0.55,0.55,0.55,0.55,0.55
2680,0.55,0.55,0.55,0.55,0.55
2681,0.55,0.55,0.55,0.55,0.55
2682,0.55,0.55,0.55,0.55,0.55
2683,0.55,0.55,0.55,0.55,0.55
2684,0.55,0.55,0.55,0.55,0.55
2685,0.55,0.55,0.55,0.55,0.55
2686,0.55,0.55,0.55,0.55,0.55
2687,0.55,0.55,0.55,0.55,0.55
2688,0.55,0.55,0.55,0.55,0.55
2689,0.55,0.55,0.55,0.55,0.55
2690,0.55,0.55,0.55,0.55,0.55
2691,0.55,0.55,0.55,0.55,0.55
2692,0.55,0.55,0.55,0.55,0.55
2693,0.55,0.55,0.55,0.55,0.55
2694,0.55,0.55,0.55,0.55,0.55
2695,0.55,0.55,0.55,0.55,0.55
2696,0.55,0.55,0.55,0.55,0.55
2697,0.55,0.55,0.55,0.55,0.55
2698,0.55,0.55,0.55,0.55,0.55
2699,0.55,0.55,0.55,0.55,0.55
2700,0.55,0.55,0.55,0.55,0.55
2701,0.55,0.55,0.55,0.55,0.55
2702,0.55,0.55,0.55,0.55,0.55
2703,0.55,0.55,0.55,0.55,0.55
2704,0.55,0.55,0.55,0.55,0.55
2705,0.55,0.55,0.55,0.55,0.55
2706,0.55,0.55,0.55,0.55,0.55
2707,0.55,0.55,0.55,0.55,0.55
2708,0.55,0.55,0.55,0.55,0.55
2709,0.55,0.55,0.55,0.55,0.55
2710,0.55,0.55,0.55,0.55,0.55
2711,0.55,0.55,0.55,0.55,0.55
2712,0.55,0.55,0.55,0.55,0.55
2713,0.55,0.55,0.55,0.55,0.55
2714,0.55,0.55,0.55,0.55,0.55
2715,0.55,0.55,0.55,0.55,0.55
2716,0.55,0.55,0.55,0.55,0.55
2717,0.55,0.55,0.55,0.55,0.55
2718,0.55,0.55,0.55,0.55,0.55
2719,0.55,0.55,0.55,0.55,0.55
2720,0.55,0.55,0.55,0.55,0.55
2721,0.55,0.55,0.55,0.55,0.55
2722,0.55,0.55,0.55,0.55,0.55
2723,0.55,0.55,0.55,0.55,0.55
2724,0.55,0.55,0.55,0.55,0.55
2725,0.55,0.55,0.55,0.55,0.55
2726,0.55,0.55,0.55,0.55,0.55
2727,0.55,0.55,0.55,0.55,0.55
2728,0.55,0.55,0.55,0.55,0.55
2729,0.55,0.55,0.55,0.55,0.55
2730,0.55,0.55,0.55,0.55,0.55
2731,0.55,0.55,0.55,0.55,0.55
2732,0.55,0.55,0.55,0.55,0.55
2733,0.55,0.55,0.55,0.55,0.55
2734,0.55,0.55,0.55,0.55,0.55
2735,0.55,0.55,0.55,0.55,0.55
2736,0.55,0.55,0.55,0.55,0.55
2737,0.55,0.55,0.55,0.55,0.55
2738,0.55,0.55,0.55,0.55,0.55
2739,0.55,0.55,0.55,0.55,0.55
2740,0.55,0.55,0.55,0.55,0.55
2741,0.55,0.55,0.55,0.55,0.55
2742,0.55,0.55,0.55,0.55,0.55
2743,0.55,0.55,0.55,0.55,0.55
2744,0.55,0.55,0.55,0.55,0.55
2745,0.55,0.55,0.55,0.55,0.55
2746,0.55,0.55,0.55,0.55,0.55
2747,0.55,0.55,0.55,0.55,0.55
2748,0.55,0.55,0.55,0.55,0.55
2749,0.55,0.55,0.55,0.55,0.55
2750,0.55,0.55,0.55,0.55,0.55
2751,0.55,0.55,0.55,0.55,0.55
2752,0.55,0.55,0.55,0.55,0.55
2753,0.55,0.55,0.55,0.55,0.55
2754,0.55,0.55,0.55,0.55,0.55
2755,0.55,0.55,0.55,0.55,0.55
2756,0.55,0.55,0.55,0.55,0.55
2757,0.55,0.55,0.55,0.55,0.55
2758,0.55,0.55,0.55,0.55,0.55
2759,0.55,0.55,0.55,0.55,0.55
2760,0.55,0.55,0.55,0.55,0.55
2761,0.55,0.55,0.55,0.55,0.55
2762,0.55,0.55,0.55,0.55,0.55
2763,0.55,0.55,0.55,0.55,0.55
2764,0.55,0.55,0.55,0.55,0.55
2765,0.55,0.55,0.55,0.55,0.55
2766,0.55,0.55,0.55,0.55,0.55
2767,0.55,0.55,0.55,0.55,0.55
2768,0.55,0.55,0.55,0.55,0.55
2769,0.55,0.55,0.55,0.55,0.55
2770,0.55,0.55,0.55,0.55,0.55
2771,0.55,0.55,0.55,0.55,0.55
2772,0.55,0.55,0.55,0.55,0.55
2773,0.55,0.55,0.55,0.55,0.55
2774,0.55,0.55,0.55,0.55,0.55
2775,0.55,0.55,0.55,0.55,0.55
2776,0.55,0.55,0.55,0.55,0.55
2777,0.55,0.55,0.55,0.55,0.55
2778,0.55,0.55,0.55,0.55,0.55
2779,0.55,0.55,0.55,0.55,0.55
2780,0.55,0.55,0.55,0.55,0.55
2781,0.55,0.55,0.55,0.55,0.55
2782,0.55,0.55,0.55,0.55,0.55
2783,0.55,0.55,0.55,0.55,0.55
2784,0.55,0.55,0.55,0.55,0.55
2785,0.55,0.55,0.55,0.55,0.55
2786,0.55,0.55,0.55,0.55,0.55
2787,0.55,0.55,0.55,0.55,0.55
2788,0.55,0.55,0.55,0.55,0.55
2789,0.55,0.55,0.55,0.55,0.55
2790,0.55,0.55,0.55,0.55,0.55
2791,0.55,0.55,0.55,0.55,0.55
2792,0.55,0.55,0.55,0.55,0.55
2793,0.55,0.55,0.55,0.55,0.55
2794,0.55,0.55,0.55,0.55,0.55
2795,0.55,0.55,0.55,0.55,0.55
2796,0.55,0.55,0.55,0.55,0.55
2797,0.55,0.55,0.55,0.55,0.55
2798,0.55,0.55,0.55,0.55,0.55
2799,0.55,0.55,0.55,0.55,0.55
2800,0.55,0.55,0.55,0.55,0.55
2801,0.55,0.55,0.55,0.55,0.55
2802,0.55,0.55,0.55,0.55,0.55
2803,0.55,0.55,0.55,0.55,0.55
2804,0.55,0.55,0.55,0.55,0.55
2805,0.55,0.55,0.55,0.55,0.55
2806,0.55,0.55,0.55,0.55,0.55
2807,0.55,0.55,0.55,0.55,0.55
2808,0.55,0.55,0.55,0.55,0.55
2809,0.55,0.55,0.55,0.55,0.55
2810,0.55,0.55,0.55,0.55,0.55
2811,0.55,0.55,0.55,0.55,0.55
2812,0.55,0.55,0.55,0.55,0.55
2813,0.55,0.55,0.55,0.55,0.55
2814,0.55,0.55,0.55,0.55,0.55
2815,0.55,0.55,0.55,0.55,0.55
2816,0.55,0.55,0.55,0.55,0.55
2817,0.55,0.55,0.55,0.55,0.55
2818,0.55,0.55,0.55,0.55,0.55
2819,0.55,0.55,0.55,0.55,0.55
2820,0.55,0.55,0.55,0.55,0.55
2821,0.55,0.55,0.55,0.55,0.55
2822,0.55,0.55,0.55,0.55,0.55
2823,0.55,0.55,0.55,0.55,0.55
2824,0.55,0.55,0.55,0.55,0.55
2825,0.55,0.55,0.55,0.55,0.55
2826,0.55,0.55,0.55,0.55,0.55
2827,0.55,0.55,0.55,0.55,0.55
2828,0.55,0.55,0.55,0.55,0.55
2829,0.55,0.55,0.55,0.55,0.55
2830,0.55,0.55,0.55,0.55,0.55
2831,0.55,0.55,0.55,0.55,0.55
2832,0.55,0.55,0.55,0.55,0.55
2833,0.55,0.55,0.55,0.55,0.55
2834,0.55,0.55,0.55,0.55,0.55
2835,0.55,0.55,0.55,0.55,0.55
2836,0.55,0.55,0.55,0.55,0.55
2837,0.55,0.55,0.55,0.55,0.55
2838,0.55,0.55,0.55,0.55,0.55
2839,0.55,0.55,0.55,0.55,0.55
2840,0.55,0.55,0.55,0.55,0.55
2841,0.55,0.55,0.55,0.55,0.55
2842,0.55,0.55,0.55,0.55,0.55
2843,0.55,0.55,0.55,0.55,0.55
2844,0.55,0.55,0.55,0.55,0.55
2845,0.55,0.55,0.55,0.55,0.55
2846,0.55,0.55,0.55,0.55,0.55
2847,0.55,0.55,0.55,0.55,0.55
2848,0.55,0.55,0.55,0.55,0.55
2849,0.55,0.55,0.55,0.55,0.55
2850,0.55,0.55,0.55,0.55,0.55
2851,0.55,0.55,0.55,0.55,0.55
2852,0.55,0.55,0.55,0.55,0.55
2853,0.55,0.55,0.55,0.55,0.55
2854,0.55,0.55,0.55,0.55,0.55
2855,0.55,0.55,0.55,0.55,0.55
2856,0.55,0.55,0.55,0.55,0.55
2857,0.55,0.55,0.55,0.55,0.55
2858,0.55,0.55,0.55,0.55,0.55
2859,0.55,0.55,0.55,0.55,0.55
2860,0.55,0.55,0.55,0.55,0.55
2861,0.55,0.55,0.55,0.55,0.55
2862,0.55,0.55,0.55,0.55,0.55
2863,0.55,0.55,0.55,0.55,0.55
2864,0.55,0.55,0.55,0.55,0.55
2865,0.55,0.55,0.55,0.55,0.55
2866,0.55,0.55,0.55,0.55,0.55
2867,0.55,0.55,0.55,0.55,0.55
2868,0.55,0.55,0.55,0.55,0.55
2869,0.55,0.55,0.55,0.55,0.55
2870,0.55,0.55,0.55,0.55,0.55
2871,0.55,0.55,0.55,0.55,0.55
2872,0.55,0.55,0.55,0.55,0.55
2873,0.55,0.55,0.55,0.55,0.55
2874,0.55,0.55,0.55,0.55,0.55
2875,0.55,0.55,0.55,0.55,0.55
2876,0.55,0.55,0.55,0.55,0.55
2877,0.55,0.55,0.55,0.55,0.55
2878,0.55,0.55,0.55,0.55,0.55
2879,0.55,0.55,0.55,0.55,0.55
2880,0.55,0.55,0.55,0.55,0.55
2881,0.55,0.55,0.55,0.55,0.55
2882,0.55,0.55,0.55,0.55,0.55
2883,0.55,0.55,0.55,0.55,0.55
2884,0.55,0.55,0.55,0.55,0.55
2885,0.55,0.55,0.55,0.55,0.55
2886,0.55,0.55,0.55,0.55,0.55
2887,0.55,0.55,0.55,0.55,0.55
2888,0.55,0.55,0.55,0.55,0.55
2889,0.55,0.55,0.55,0.55,0.55
2890,0.55,0.55,0.55,0.55,0.55
2891,0.55,0.55,0.55,0.55,0.55
2892,0.55,0.55,0.55,0.55,0.55
2893,0.55,0.55,0.55,0.55,0.55
2894,0.55,0.55,0.55,0.55,0.55
2895,0.55,0.55,0.55,0.55,0.55
2896,0.55,0.55,0.55,0.55,0.55
2897,0.55,0.55,0.55,0.55,0.55
2898,0.55,0.55,0.55,0.55,0.55
2899,0.55,0.55,0.55,0.55,0.55
2900,0.55,0.55,0.55,0.55,0.55
2901,0.55,0.55,0.55,0.55,0.55
2902,0.55,0.55,0.55,0.55,0.55
2903,0.55,0.55,0.55,0.55,0.55
2904,0.55,0.55,0.55,0.55,0.55
2905,0.55,0.55,0.55,0.55,0.55
2906,0.55,0.55,0.55,0.55,0.55
2907,0.55,0.55,0.55,0.55,0.55
2908,0.55,0.55,0.55,0.55,0.55
2909,0.55,0.55,0.55,0.55,0.55
2910,0.55,0.55,0.55,0.55,0.55
2911,0.55,0.55,0.55,0.55,0.55
2912,0.55,0.55,0.55,0.55,0.55
2913,0.55,0.55,0.55,0.55,0.55
2914,0.55,0.55,0.55,0.55,0.55
2915,0.55,0.55,0.55,0.55,0.55
2916,0.55,0.55,0.55,0.55,0.55
2917,0.55,0.55,0.55,0.55,0.55
2918,0.55,0.55,0.55,0.55,0.55
2919,0.55,0.55,0.55,0.55,0.55
2920,0.55,0.55,0.55,0.55,0.55
2921,0.55,0.55,0.55,0.55,0.55
2922,0.55,0.55,0.55,0.55,0.55
2923,0.55,0.55,0.55,0.55,0.55
2924,0.55,0.55,0.55,0.55,0.55
2925,0.55,0.55,0.55,0.55,0.55
2926,0.55,0.55,0.55,0.55,0.55
2927,0.55,0.55,0.55,0.55,0.55
2928,0.55,0.55,0.55,0.55,0.55
2929,0.55,0.55,0.55,0.55,0.55
2930,0.55,0.55,0.55,0.55,0.55
2931,0.55,0.55,0.55,0.55,0.55
2932,0.55,0.55,0.55,0.55,0.55
2933,0.55,0.55,0.55,0.55,0.55
2934,0.55,0.55,0.55,0.55,0.55
2935,0.55,0.55,0.55,0.55,0.55
2936,0.55,0.55,0.55,0.55,0.55
2937,0.55,0.55,0.55,0.55,0.55
2938,0.55,0.55,0.55,0.55,0.55
2939,0.55,0.55,0.55,0.55,0.55
2940,0.55,0.55,0.55,0.55,0.55
2941,0.55,0.55,0.55,0.55,0.55
2942,0.55,0.55,0.55,0.55,0.55
2943,0.55,0.55,0.55,0.55,0.55
2944,0.55,0.55,0.55,0.55,0.55
2945,0.55,0.55,0.55,0.55,0.55
2946,0.55,0.55,0.55,0.55,0.55
2947,0.55,0.55,0.55,0.55,0.55
2948,0.55,0.55,0.55,0.55,0.55
2949,0.55,0.55,0.55,0.55,0.55
2950,0.55,0.55,0.55,0.55,0.55
2951,0.55,0.55,0.55,0.55,0.55
2952,0.55,0.55,0.55,0.55,0.55
2953,0.55,0.55,0.55,0.55,0.55
2954,0.55,0.55,0.55,0.55,0.55
2955,0.55,0.55,0.55,0.55,0.55
2956,0.55,0.55,0.55,0.55,0.55
2957,0.55,0.55,0.55,0.55,0.55
2958,0.55,0.55,0.55,0.55,0.55
2959,0.55,0.55,0.55,0.55,0.55
2960,0.55,0.55,0.55,0.55,0.55
2961,0.55,0.55,0.55,0.55,0.55
2962,0.55,0.55,0.55,0.55,0.55
2963,0.55,0.55,0.55,0.55,0.55
2964,0.55,0.55,0.55,0.55,0.55
2965,0.55,0.55,0.55,0.55,0.55
2966,0.55,0.55,0.55,0.55,0.55
2967,0.55,0.55,0.55,0.55,0.55
2968,0.55,0.55,0.55,0.55,0.55
2969,0.55,0.55,0.55,0.55,0.55
2970,0.55,0.55,0.55,0.55,0.55
2971,0.55,0.55,0.55,0.55,0.55
2972,0.55,0.55,0.55,0.55,0.55
2973,0.55,0.55,0.55,0.55,0.55
2974,0.55,0.55,0.55,0.55,0.55
2975,0.55,0.55,0.55,0.55,0.55
2976,0.55,0.55,0.55,0.55,0.55
2977,0.55,0.55,0.55,0.55,0.55
2978,0.55,0.55,0.55,0.55,0.55
2979,0.55,0.55,0.55,0.55,0.55
2980,0.55,0.55,0.55,0.55,0.55
2981,0.55,0.55,0.55,0.55,0.55
2982,0.55,0.55,0.55,0.55,0.55
2983,0.55,0.55,0.55,0.55,0.55
2984,0.55,0.55,0.55,0.55,0.55
2985,0.55,0.55,0.55,0.55,0.55
2986,0.55,0.55,0.55,0.55,0.55
2987,0.55,0.55,0.55,0.55,0.55
2988,0.55,0.55,0.55,0.55,0.55
2989,0.55,0.55,0.55,0.55,0.55
2990,0.55,0.55,0.55,0.55,0.55
2991,0.55,0.55,0.55,0.55,0.55
2992,0.55,0.55,0.55,0.55,0.55
2993,0.55,0.55,0.55,0.55,0.55
2994,0.55,0.55,0.55,0.55,0.55
2995,0.55,0.55,0.55,0.55,0.55
2996,0.55,0.55,0.55,0.55,0.55
2997,0.55,0.55,0.55,0.55,0.55
2998,0.55,0.55,0.55,0.55,0.55
2999,0.55,0.55,0.55,0.55,0.55
3000,0.55,0.55,0.55,0.55,0.55
3001,0.55,0.55,0.55,0.55,0.55
3002,0.55,0.55,0.55,0.55,0.55
3003,0.55,0.55,0.55,0.55,0.55
3004,0.55,0.55,0.55,0.55,0.55
3005,0.55,0.55,0.55,0.55,0.55
3006,0.55,0.55,0.55,0.55,0.55
3007,0.55,0.55,0.55,0.55,0.55
3008,0.55,0.55,0.55,0.55,0.55
3009,0.55,0.55,0.55,0.55,0.55
3010,0.55,0.55,0.55,0.55,0.55
3011,0.55,0.55,0.55,0.55,0.55
3012,0.55,0.55,0.55,0.55,0.55
3013,0.55,0.55,0.55,0.55,0.55
3014,0.55,0.55,0.55,0.55,0.55
3015,0.55,0.55,0.55,0.55,0.55
3016,0.55,0.55,0.55,0.55,0.55
3017,0.55,0.55,0.55,0.55,0.55
3018,0.55,0.55,0.55,0.55,0.55
3019,0.55,0.55,0.55,0.55,0.55
3020,0.55,0.55,0.55,0.55,0.55
3021,0.55,0.55,0.55,0.55,0.55
3022,0.55,0.55,0.55,0.55,0.55
3023,0.55,0.55,0.55,0.55,0.55
3024,0.55,0.55,0.55,0.55,0.55
3025,0.55,0.55,0.55,0.55,0.55
3026,0.55,0.55,0.55,0.55,0.55
3027,0.55,0.55,0.55,0.55,0.55
3028,0.55,0.55,0.55,0.55,0.55
3029,0.55,0.55,0.55,0.55,0.55
3030,0.55,0.55,0.55,0.55,0.55
3031,0.55,0.55,0.55,0.55,0.55
3032,0.55,0.55,0.55,0.55,0.55
3033,0.55,0.55,0.55,0.55,0.55
3034,0.55,0.55,0.55,0.55,0.55
3035,0.55,0.55,0.55,0.55,0.55
3036,0.55,0.55,0.55,0.55,0.55
3037,0.55,0.55,0.55,0.55,0.55
3038,0.55,0.55,0.55,0.55,0.55
3039,0.55,0.55,0.55,0.55,0.55
3040,0.55,0.55,0.55,0.55,0.55
3041,0.55,0.55,0.55,0.55,0.55
3042,0.55,0.55,0.55,0.55,0.55
3043,0.55,0.55,0.55,0.55,0.55
3044,0.55,0.55,0.55,0.55,0.55
3045,0.55,0.55,0.55,0.55,0.55
3046,0.55,0.55,0.55,0.55,0.55
3047,0.55,0.55,0.55,0.55,0.55
3048,0.55,0.55,0.55,0.55,0.55
3049,0.55,0.55,0.55,0.55,0.55
3050,0.55,0.55,0.55,0.55,0.55
3051,0.55,0.55,0.55,0.55,0.55
3052,0.55,0.55,0.55,0.55,0.55
3053,0.55,0.55,0.55,0.55,0.55
3054,0.55,0.55,0.55,0.55,0.55
3055,0.55,0.55,0.55,0.55,0.55
3056,0.55,0.55,0.55,0.55,0.55
3057,0.55,0.55,0.55,0.55,0.55
3058,0.55,0.55,0.55,0.55,0.55
3059,0.55,0.55,0.55,0.55,0.55
3060,0.55,0.55,0.55,0.55,0.55
3061,0.55,0.55,0.55,0.55,0.55
3062,0.55,0.55,0.55,0.55,0.55
3063,0.55,0.55,0.55,0.55,0.55
3064,0.55,0.55,0.55,0.55,0.55
3065,0.55,0.55,0.55,0.55,0.55
3066,0.55,0.55,0.55,0.55,0.55
3067,0.55,0.55,0.55,0.55,0.55
3068,0.55,0.55,0.55,0.55,0.55
3069,0.55,0.55,0.55,0.55,0.55
3070,0.55,0.55,0.55,0.55,0.55
3071,0.55,0.55,0.55,0.55,0.55
3072,0.55,0.55,0.55,0.55,0.55
3073,0.55,0.55,0.55,0.55,0.55
3074,0.55,0.55,0.55,0.55,0.55
3075,0.55,0.55,0.55,0.55,0.55
3076,0.55,0.55,0.55,0.55,0.55
3077,0.55,0.55,0.55,0.55,0.55
3078,0.55,0.55,0.55,0.55,0.55
3079,0.55,0.55,0.55,0.55,0.55
3080,0.55,0.55,0.55,0.55,0.55
3081,0.55,0.55,0.55,0.55,0.55
3082,0.55,0.55,0.55,0.55,0.55
3083,0.55,0.55,0.55,0.55,0.55
3084,0.55,0.55,0.55,0.55,0.55
3085,0.55,0.55,0.55,0.55,0.55
3086,0.55,0.55,0.55,0.55,0.55
3087,0.55,0.55,0.55,0.55,0.55
3088,0.55,0.55,0.55,0.55,0.55
3089,0.55,0.55,0.55,0.55,0.55
3090,0.55,0.55,0.55,0.55,0.55
3091,0.55,0.55,0.55,0.55,0.55
3092,0.55,0.55,0.55,0.55,0.55
3093,0.55,0.55,0.55,0.55,0.55
3094,0.55,0.55,0.55,0.55,0.55
3095,0.55,0.55,0.55,0.55,0.55
3096,0.55,0.55,0.55,0.55,0.55
3097,0.55,0.55,0.55,0.55,0.55
3098,0.55,0.55,0.55,0.55,0.55
3099,0.55,0.55,0.55,0.55,0.55
3100,0.55,0.55,0.55,0.55,0.55
3101,0.55,0.55,0.55,0.55,0.55
3102,0.55,0.55,0.55,0.55,0.55
3103,0.55,0.55,0.55,0.55,0.55
3104,0.55,0.55,0.55,0.55,0.55
3105,0.55,0.55,0.55,0.55,0.55
3106,0.55,0.55,0.55,0.55,0.55
3107,0.55,0.55,0.55,0.55,0.55
3108,0.55,0.55,0.55,0.55,0.55
3109,0.55,0.55,0.55,0.55,0.55
3110,0.55,0.55,0.55,0.55,0.55
3111,0.55,0.55,0.55,0.55,0.55
3112,0.55,0.55,0.55,0.55,0.55
3113,0.55,0.55,0.55,0.55,0.55
3114,0.55,0.55,0.55,0.55,0.55
3115,0.55,0.55,0.55,0.55,0.55
3116,0.55,0.55,0.55,0.55,0.55
3117,0.55,0.55,0.55,0.55,0.55
3118,0.55,0.55,0.55,0.55,0.55
3119,0.55,0.55,0.55,0.55,0.55
3120,0.55,0.55,0.55,0.55,0.55
3121,0.55,0.55,0.55,0.55,0.55
3122,0.55,0.55,0.55,0.55,0.55
3123,0.55,0.55,0.55,0.55,0.55
3124,0.55,0.55,0.55,0.55,0.55
3125,0.55,0.55,0.55,0.55,0.55
3126,0.55,0.55,0.55,0.55,0.55
3127,0.55,0.55,0.55,0.55,0.55
3128,0.55,0.55,0.55,0.55,0.55
3129,0.55,0.55,0.55,0.55,0.55
3130,0.55,0.55,0.55,0.55,0.55
3131,0.55,0.55,0.55,0.55,0.55
3132,0.55,0.55,0.55,0.55,0.55
3133,0.55,0.55,0.55,0.55,0.55
3134,0.55,0.55,0.55,0.55,0.55
3135,0.55,0.55,0.55,0.55,0.55
3136,0.55,0.55,0.55,0.55,0.55
3137,0.55,0.55,0.55,0.55,0.55
3138,0.55,0.55,0.55,0.55,0.55
3139,0.55,0.55,0.55,0.55,0.55
3140,0.55,0.55,0.55,0.55,0.55
3141,0.55,0.55,0.55,0.55,0.55
3142,0.55,0.55,0.55,0.55,0.55
3143,0.55,0.55,0.55,0.55,0.55
3144,0.55,0.55,0.55,0.55,0.55
3145,0.55,0.55,0.55,0.55,0.55
3146,0.55,0.55,0.55,0.55,0.55
3147,0.55,0.55,0.55,0.55,0.55
3148,0.55,0.55,0.55,0.55,0.55
3149,0.55,0.55,0.55,0.55,0.55
3150,0.55,0.55,0.55,0.55,0.55
3151,0.55,0.55,0.55,0.55,0.55
3152,0.55,0.55,0.55,0.55,0.55
3153,0.55,0.55,0.55,0.55,0.55
3154,0.55,0.55,0.55,0.55,0.55
3155,0.55,0.55,0.55,0.55,0.55
3156,0.55,0.55,0.55,0.55,0.55
3157,0.55,0.55,0.55,0.55,0.55
3158,0.55,0.55,0.55,0.55,0.55
3159,0.55,0.55,0.55,0.55,0.55
3160,0.55,0.55,0.55,0.55,0.55
3161,0.55,0.55,0.55,0.55,0.55
3162,0.55,0.55,0.55,0.55,0.55
3163,0.55,0.55,0.55,0.55,0.55
3164,0.55,0.55,0.55,0.55,0.55
3165,0.55,0.55,0.55,0.55,0.55
3166,0.55,0.55,0.55,0.55,0.55
3167,0.55,0.55,0.55,0.55,0.55
3168,0.55,0.55,0.55,0.55,0.55
3169,0.55,0.55,0.55,0.55,0.55
3170,0.55,0.55,0.55,0.55,0.55
3171,0.55,0.55,0.55,0.55,0.55
3172,0.55,0.55,0.55,0.55,0.55
3173,0.55,0.55,0.55,0.55,0.55
3174,0.55,0.55,0.55,0.55,0.55
3175,0.55,0.55,0.55,0.55,0.55
3176,0.55,0.55,0.55,0.55,0.55
3177,0.55,0.55,0.55,0.55,0.55
3178,0.55,0.55,0.55,0.55,0.55
3179,0.55,0.55,0.55,0.55,0.55
3180,0.55,0.55,0.55,0.55,0.55
3181,0.55,0.55,0.55,0.55,0.55
3182,0.55,0.55,0.55,0.55,0.55
3183,0.55,0.55,0.55,0.55,0.55
3184,0.55,0.55,0.55,0.55,0.55
3185,0.55,0.55,0.55,0.55,0.55
3186,0.55,0.55,0.55,0.55,0.55
3187,0.55,0.55,0.55,0.55,0.55
3188,0.55,0.55,0.55,0.55,0.55
3189,0.55,0.55,0.55,0.55,0.55
3190,0.55,0.55,0.55,0.55,0.55
3191,0.55,0.55,0.55,0.55,0.55
3192,0.55,0.55,0.55,0.55,0.55
3193,0.55,0.55,0.55,0.55,0.55
3194,0.55,0.55,0.55,0.55,0.55
3195,0.55,0.55,0.55,0.55,0.55
3196,0.55,0.55,0.55,0.55,0.55
3197,0.55,0.55,0.55,0.55,0.55
3198,0.55,0.55,0.55,0.55,0.55
3199,0.55,0.55,0.55,0.55,0.55
3200,0.55,0.55,0.55,0.55,0.55
3201,0.55,0.55,0.55,0.55,0.55
3202,0.55,0.55,0.55,0.55,0.55
3203,0.55,0.55,0.55,0.55,0.55
3204,0.55,0.55,0.55,0.55,0.55
3205,0.55,0.55,0.55,0.55,0.55
3206,0.55,0.55,0.55,0.55,0.55
3207,0.55,0.55,0.55,0.55,0.55
3208,0.55,0.55,0.55,0.55,0.55
3209,0.55,0.55,0.55,0.55,0.55
3210,0.55,0.55,0.55,0.55,0.55
3211,0.55,0.55,0.55,0.55,0.55
3212,0.55,0.55,0.55,0.55,0.55
3213,0.55,0.55,0.55,0.55,0.55
3214,0.55,0.55,0.55,0.55,0.55
3215,0.55,0.55,0.55,0.55,0.55
3216,0.55,0.55,0.55,0.55,0.55
3217,0.55,0.55,0.55,0.55,0.55
3218,0.55,0.55,0.55,0.55,0.55
3219,0.55,0.55,0.55,0.55,0.55
3220,0.55,0.55,0.55,0.55,0.55
3221,0.55,0.55,0.55,0.55,0.55
3222,0.55,0.55,0.55,0.55,0.55
3223,0.55,0.55,0.55,0.55,0.55
3224,0.55,0.55,0.55,0.55,0.55
3225,0.55,0.55,0.55,0.55,0.55
3226,0.55,0.55,0.55,0.55,0.55
3227,0.55,0.55,0.55,0.55,0.55
3228,0.55,0.55,0.55,0.55,0.55
3229,0.55,0.55,0.55,0.55,0.55
3230,0.55,0.55,0.55,0.55,0.55
3231,0.55,0.55,0.55,0.55,0.55
3232,0.55,0.55,0.55,0.55,0.55
3233,0.55,0.55,0.55,0.55,0.55
3234,0.55,0.55,0.55,0.55,0.55
3235,0.55,0.55,0.55,0.55,0.55
3236,0.55,0.55,0.55,0.55,0.55
3237,0.55,0.55,0.55,0.55,0.55
3238,0.55,0.55,0.55,0.55,0.55
3239,0.55,0.55,0.55,0.55,0.55
3240,0.55,0.55,0.55,0.55,0.55
3241,0.55,0.55,0.55,0.55,0.55
3242,0.55,0.55,0.55,0.55,0.55
3243,0.55,0.55,0.55,0.55,0.55
3244,0.55,0.55,0.55,0.55,0.55
3245,0.55,0.55,0.55,0.55,0.55
3246,0.55,0.55,0.55,0.55,0.55
3247,0.55,0.55,0.55,0.55,0.55
3248,0.55,0.55,0.55,0.55,0.55
3249,0.55,0.55,0.55,0.55,0.55
3250,0.55,0.55,0.55,0.55,0.55
3251,0.55,0.55,0.55,0.55,0.55
3252,0.55,0.55,0.55,0.55,0.55
3253,0.55,0.55,0.55,0.55,0.55
3254,0.55,0.55,0.55,0.55,0.55
3255,0.55,0.55,0.55,0.55,0.55
3256,0.55,0.55,0.55,0.55,0.55
3257,0.55,0.55,0.55,0.55,0.55
3258,0.55,0.55,0.55,0.55,0.55
3259,0.55,0.55,0.55,0.55,0.55
3260,0.55,0.55,0.55,0.55,0.55
3261,0.55,0.55,0.55,0.55,0.55
3262,0.55,0.55,0.55,0.55,0.55
3263,0.55,0.55,0.55,0.55,0.55
3264,0.55,0.55,0.55,0.55,0.55
3265,0.55,0.55,0.55,0.55,0.55
3266,0.55,0.55,0.55,0.55,0.55
3267,0.55,0.55,0.55,0.55,0.55
3268,0.55,0.55,0.55,0.55,0.55
3269,0.55,0.55,0.55,0.55,0.55
3270,0.55,0.55,0.55,0.55,0.55
3271,0.55,0.55,0.55,0.55,0.55
3272,0.55,0.55,0.55,0.55,0.55
3273,0.55,0.55,0.55,0.55,0.55
3274,0.55,0.55,0.55,0.55,0.55
3275,0.55,0.55,0.55,0.55,0.55
3276,0.55,0.55,0.55,0.55,0.55
3277,0.55,0.55,0.55,0.55,0.55
3278,0.55,0.55,0.55,0.55,0.55
3279,0.55,0.55,0.55,0.55,0.55
3280,0.55,0.55,0.55,0.55,0.55
3281,0.55,0.55,0.55,0.55,0.55
3282,0.55,0.55,0.55,0.55,0.55
3283,0.55,0.55,0.55,0.55,0.55
3284,0.55,0.55,0.55,0.55,0.55
3285,0.55,0.55,0.55,0.55,0.55
3286,0.55,0.55,0.55,0.55,0.55
3287,0.55,0.55,0.55,0.55,0.55
3288,0.55,0.55,0.55,0.55,0.55
3289,0.55,0.55,0.55,0.55,0.55
3290,0.55,0.55,0.55,0.55,0.55
3291,0.55,0.55,0.55,0.55,0.55
3292,0.55,0.55,0.55,0.55,0.55
3293,0.55,0.55,0.55,0.55,0.55
3294,0.55,0.55,0.55,0.55,0.55
3295,0.55,0.55,0.55,0.55,0.55
3296,0.55,0.55,0.55,0.55,0.55
3297,0.55,0.55,0.55,0.55,0.55
3298,0.55,0.55,0.55,0.55,0.55
3299,0.55,0.55,0.55,0.55,0.55
3300,0.55,0.55,0.55,0.55,0.55
3301,0.55,0.55,0.55,0.55,0.55
3302,0.55,0.55,0.55,0.55,0.55
3303,0.55,0.55,0.55,0.55,0.55
3304,0.55,0.55,0.55,0.55,0.55
3305,0.55,0.55,0.55,0.55,0.55
3306,0.55,0.55,0.55,0.55,0.55
3307,0.55,0.55,0.55,0.55,0.55
3308,0.55,0.55,0.55,0.55,0.55
3309,0.55,0.55,0.55,0.55,0.55
3310,0.55,0.55,0.55,0.55,0.55
3311,0.55,0.55,0.55,0.55,0.55
3312,0.55,0.55,0.55,0.55,0.55
3313,0.55,0.55,0.55,0.55,0.55
3314,0.55,0.55,0.55,0.55,0.55
3315,0.55,0.55,0.55,0.55,0.55
3316,0.55,0.55,0.55,0.55,0.55
3317,0.55,0.55,0.55,0.55,0.55
3318,0.55,0.55,0.55,0.55,0.55
3319,0.55,0.55,0.55,0.55,0.55
3320,0.55,0.55,0.55,0.55,0.55
3321,0.55,0.55,0.55,0.55,0.55
3322,0.55,0.55,0.55,0.55,0.55
3323,0.55,0.55,0.55,0.55,0.55
3324,0.55,0.55,0.55,0.55,0.55
3325,0.55,0.55,0.55,0.55,0.55
3326,0.55,0.55,0.55,0.55,0.55
3327,0.55,0.55,0.55,0.55,0.55
3328,0.55,0.55,0.55,0.55,0.55
3329,0.55,0.55,0.55,0.55,0.55
3330,0.55,0.55,0.55,0.55,0.55
3331,0.55,0.55,0.55,0.55,0.55
3332,0.55,0.55,0.55,0.55,0.55
3333,0.55,0.55,0.55,0.55,0.55
3334,0.55,0.55,0.55,0.55,0.55
3335,0.55,0.55,0.55,0.55,0.55
3336,0.55,0.55,0.55,0.55,0.55
3337,0.55,0.55,0.55,0.55,0.55
3338,0.55,0.55,0.55,0.55,0.55
3339,0.55,0.55,0.55,0.55,0.55
3340,0.55,0.55,0.55,0.55,0.55
3341,0.55,0.55,0.55,0.55,0.55
3342,0.55,0.55,0.55,0.55,0.55
3343,0.55,0.55,0.55,0.55,0.55
3344,0.55,0.55,0.55,0.55,0.55
3345,0.55,0.55,0.55,0.55,0.55
3346,0.55,0.55,0.55,0.55,0.55
3347,0.55,0.55,0.55,0.55,0.55
3348,0.55,0.55,0.55,0.55,0.55
3349,0.55,0.55,0.55,0.55,0.55
3350,0.55,0.55,0.55,0.55,0.55
3351,0.55,0.55,0.55,0.55,0.55
3352,0.55,0.55,0.55,0.55,0.55
3353,0.55,0.55,0.55,0.55,0.55
3354,0.55,0.55,0.55,0.55,0.55
3355,0.55,0.55,0.55,0.55,0.55
3356,0.55,0.55,0.55,0.55,0.55
3357,0.55,0.55,0.55,0.55,0.55
3358,0.55,0.55,0.55,0.55,0.55
3359,0.55,0.55,0.55,0.55,0.55
3360,0.55,0.55,0.55,0.55,0.55
3361,0.55,0.55,0.55,0.55,0.55
3362,0.55,0.55,0.55,0.55,0.55
3363,0.55,0.55,0.55,0.55,0.55
3364,0.55,0.55,0.55,0.55,0.55
3365,0.55,0.55,0.55,0.55,0.55
3366,0.55,0.55,0.55,0.55,0.55
3367,0.55,0.55,0.55,0.55,0.55
3368,0.55,0.55,0.55,0.55,0.55
3369,0.55,0.55,0.55,0.55,0.55
3370,0.55,0.55,0.55,0.55,0.55
3371,0.55,0.55,0.55,0.55,0.55
3372,0.55,0.55,0.55,0.55,0.55
3373,0.55,0.55,0.55,0.55,0.55
3374,0.55,0.55,0.55,0.55,0.55
3375,0.55,0.55,0.55,0.55,0.55
3376,0.55,0.55,0.55,0.55,0.55
3377,0.55,0.55,0.55,0.55,0.55
3378,0.55,0.55,0.55,0.55,0.55
3379,0.55,0.55,0.55,0.55,0.55
3380,0.55,0.55,0.55,0.55,0.55
3381,0.55,0.55,0.55,0.55,0.55
3382,0.55,0.55,0.55,0.55,0.55
3383,0.55,0.55,0.55,0.55,0.55
3384,0.55,0.55,0.55,0.55,0.55
3385,0.55,0.55,0.55,0.55,0.55
3386,0.55,0.55,0.55,0.55,0.55
3387,0.55,0.55,0.55,0.55,0.55
3388,0.55,0.55,0.55,0.55,0.55
3389,0.55,0.55,0.55,0.55,0.55
3390,0.55,0.55,0.55,0.55,0.55
3391,0.55,0.55,0.55,0.55,0.55
3392,0.55,0.55,0.55,0.55,0.55
3393,0.55,0.55,0.55,0.55,0.55
3394,0.55,0.55,0.55,0.55,0.55
3395,0.55,0.55,0.55,0.55,0.55
3396,0.55,0.55,0.55,0.55,0.55
3397,0.55,0.55,0.55,0.55,0.55
3398,0.55,0.55,0.55,0.55,0.55
3399,0.55,0.55,0.55,0.55,0.55
3400,0.55,0.55,0.55,0.55,0.55
3401,0.55,0.55,0.55,0.55,0.55
3402,0.55,0.55,0.55,0.55,0.55
3403,0.55,0.55,0.55,0.55,0.55
3404,0.55,0.55,0.55,0.55,0.55
3405,0.55,0.55,0.55,0.55,0.55
3406,0.55,0.55,0.55,0.55,0.55
3407,0.55,0.55,0.55,0.55,0.55
3408,0.55,0.55,0.55,0.55,0.55
3409,0.55,0.55,0.55,0.55,0.55
3410,0.55,0.55,0.55,0.55,0.55
3411,0.55,0.55,0.55,0.55,0.55
3412,0.55,0.55,0.55,0.55,0.55
3413,0.55,0.55,0.55,0.55,0.55
3414,0.55,0.55,0.55,0.55,0.55
3415,0.55,0.55,0.55,0.55,0.55
3416,0.55,0.55,0.55,0.55,0.55
3417,0.55,0.55,0.55,0.55,0.55
3418,0.55,0.55,0.55,0.55,0.55
3419,0.55,0.55,0.55,0.55,0.55
3420,0.55,0.55,0.55,0.55,0.55
3421,0.55,0.55,0.55,0.55,0.55
3422,0.55,0.55,0.55,0.55,0.55
3423,0.55,0.55,0.55,0.55,0.55
3424,0.55,0.55,0.55,0.55,0.55
3425,0.55,0.55,0.55,0.55,0.55
3426,0.55,0.55,0.55,0.55,0.55
3427,0.55,0.55,0.55,0.55,0.55
3428,0.55,0.55,0.55,0.55,0.55
3429,0.55,0.55,0.55,0.55,0.55
3430,0.55,0.55,0.55,0.55,0.55
3431,0.55,0.55,0.55,0.55,0.55
3432,0.55,0.55,0.55,0.55,0.55
3433,0.55,0.55,0.55,0.55,0.55
3434,0.55,0.55,0.55,0.55,0.55
3435,0.55,0.55,0.55,0.55,0.55
3436,0.55,0.55,0.55,0.55,0.55
3437,0.55,0.55,0.55,0.55,0.55
3438,0.55,0.55,0.55,0.55,0.55
3439,0.55,0.55,0.55,0.55,0.55
3440,0.55,0.55,0.55,0.55,0.55
3441,0.55,0.55,0.55,0.55,0.55
3442,0.55,0.55,0.55,0.55,0.55
3443,0.55,0.55,0.55,0.55,0.55
3444,0.55,0.55,0.55,0.55,0.55
3445,0.55,0.55,0.55,0.55,0.55
3446,0.55,0.55,0.55,0.55,0.55
3447,0.55,0.55,0.55,0.55,0.55
3448,0.55,0.55,0.55,0.55,0.55
3449,0.55,0.55,0.55,0.55,0.55
3450,0.55,0.55,0.55,0.55,0.55
3451,0.55,0.55,0.55,0.55,0.55
3452,0.55,0.55,0.55,0.55,0.55
3453,0.55,0.55,0.55,0.55,0.55
3454,0.55,0.55,0.55,0.55,0.55
3455,0.55,0.55,0.55,0.55,0.55
3456,0.55,0.55,0.55,0.55,0.55
3457,0.55,0.55,0.55,0.55,0.55
3458,0.55,0.55,0.55,0.55,0.55
3459,0.55,0.55,0.55,0.55,0.55
3460,0.55,0.55,0.55,0.55,0.55
3461,0.55,0.55,0.55,0.55,0.55
3462,0.55,0.55,0.55,0.55,0.55
3463,0.55,0.55,0.55,0.55,0.55
3464,0.55,0.55,0.55,0.55,0.55
3465,0.55,0.55,0.55,0.55,0.55
3466,0.55,0.55,0.55,0.55,0.55
3467,0.55,0.55,0.55,0.55,0.55
3468,0.55,0.55,0.55,0.55,0.55
3469,0.55,0.55,0.55,0.55,0.55
3470,0.55,0.55,0.55,0.55,0.55
3471,0.55,0.55,0.55,0.55,0.55
3472,0.55,0.55,0.55,0.55,0.55
3473,0.55,0.55,0.55,0.55,0.55
3474,0.55,0.55,0.55,0.55,0.55
3475,0.55,0.55,0.55,0.55,0.55
3476,0.55,0.55,0.55,0.55,0.55
3477,0.55,0.55,0.55,0.55,0.55
3478,0.55,0.55,0.55,0.55,0.55
3479,0.55,0.55,0.55,0.55,0.55
3480,0.55,0.55,0.55,0.55,0.55
3481,0.55,0.55,0.55,0.55,0.55
3482,0.55,0.55,0.55,0.55,0.55
3483,0.55,0.55,0.55,0.55,0.55
3484,0.55,0.55,0.55,0.55,0.55
3485,0.55,0.55,0.55,0.55,0.55
3486,0.55,0.55,0.55,0.55,0.55
3487,0.55,0.55,0.55,0.55,0.55
3488,0.55,0.55,0.55,0.55,0.55
3489,0.55,0.55,0.55,0.55,0.55
3490,0.55,0.55,0.55,0.55,0.55
3491,0.55,0.55,0.55,0.55,0.55
3492,0.55,0.55,0.55,0.55,0.55
3493,0.55,0.55,0.55,0.55,0.55
3494,0.55,0.55,0.55,0.55,0.55
3495,0.55,0.55,0.55,0.55,0.55
3496,0.55,0.55,0.55,0.55,0.55
3497,0.55,0.55,0.55,0.55,0.55
3498,0.55,0.55,0.55,0.55,0.55
3499,0.55,0.55,0.55,0.55,0.55
3500,0.55,0.55,0.55,0.55,0.55
3501,0.55,0.55,0.55,0.55,0.55
3502,0.55,0.55,0.55,0.55,0.55
3503,0.55,0.55,0.55,0.55,0.55
3504,0.55,0.55,0.55,0.55,0.55
3505,0.55,0.55,0.55,0.55,0.55
3506,0.55,0.55,0.55,0.55,0.55
3507,0.55,0.55,0.55,0.55,0.55
3508,0.55,0.55,0.55,0.55,0.55
3509,0.55,0.55,0.55,0.55,0.55
3510,0.55,0.55,0.55,0.55,0.55
3511,0.55,0.55,0.55,0.55,0.55
3512,0.55,0.55,0.55,0.55,0.55
3513,0.55,0.55,0.55,0.55,0.55
3514,0.55,0.55,0.55,0.55,0.55
3515,0.55,0.55,0.55,0.55,0.55
3516,0.55,0.55,0.55,0.55,0.55
3517,0.55,0.55,0.55,0.55,0.55
3518,0.55,0.55,0.55,0.55,0.55
3519,0.55,0.55,0.55,0.55,0.55
3520,0.55,0.55,0.55,0.55,0.55
3521,0.55,0.55,0.55,0.55,0.55
3522,0.55,0.55,0.55,0.55,0.55
3523,0.55,0.55,0.55,0.55,0.55
3524,0.55,0.55,0.55,0.55,0.55
3525,0.55,0.55,0.55,0.55,0.55
3526,0.55,0.55,0.55,0.55,0.55
3527,0.55,0.55,0.55,0.55,0.55
3528,0.55,0.55,0.55,0.55,0.55
3529,0.55,0.55,0.55,0.55,0.55
3530,0.55,0.55,0.55,0.55,0.55
3531,0.55,0.55,0.55,0.55,0.55
3532,0.55,0.55,0.55,0.55,0.55
3533,0.55,0.55,0.55,0.55,0.55
3534,0.55,0.55,0.55,0.55,0.55
3535,0.55,0.55,0.55,0.55,0.55
3536,0.55,0.55,0.55,0.55,0.55
3537,0.55,0.55,0.55,0.55,0.55
3538,0.55,0.55,0.55,0.55,0.55
3539,0.55,0.55,0.55,0.55,0.55
3540,0.55,0.55,0.55,0.55,0.55
3541,0.55,0.55,0.55,0.55,0.55
3542,0.55,0.55,0.55,0.55,0.55
3543,0.55,0.55,0.55,0.55,0.55
3544,0.55,0.55,0.55,0.55,0.55
3545,0.55,0.55,0.55,0.55,0.55
3546,0.55,0.55,0.55,0.55,0.55
3547,0.55,0.55,0.55,0.55,0.55
3548,0.55,0.55,0.55,0.55,0.55
3549,0.55,0.55,0.55,0.55,0.55
3550,0.55,0.55,0.55,0.55,0.55
3551,0.55,0.55,0.55,0.55,0.55
3552,0.55,0.55,0.55,0.55,0.55
3553,0.55,0.55,0.55,0.55,0.55
3554,0.55,0.55,0.55,0.55,0.55
3555,0.55,0.55,0.55,0.55,0.55
3556,0.55,0.55,0.55,0.55,0.55
3557,0.55,0.55,0.55,0.55,0.55
3558,0.55,0.55,0.55,0.55,0.55
3559,0.55,0.55,0.55,0.55,0.55
3560,0.55,0.55,0.55,0.55,0.55
3561,0.55,0.55,0.55,0.55,0.55
3562,0.55,0.55,0.55,0.55,0.55
3563,0.55,0.55,0.55,0.55,0.55
3564,0.55,0.55,0.55,0.55,0.55
3565,0.55,0.55,0.55,0.55,0.55
3566,0.55,0.55,0.55,0.55,0.55
3567,0.55,0.55,0.55,0.55,0.55
3568,0.55,0.55,0.55,0.55,0.55
3569,0.55,0.55,0.55,0.55,0.55
3570,0.55,0.55,0.55,0.55,0.55
3571,0.55,0.55,0.55,0.55,0.55
3572,0.55,0.55,0.55,0.55,0.55
3573,0.55,0.55,0.55,0.55,0.55
3574,0.55,0.55,0.55,0.55,0.55
3575,0.55,0.55,0.55,0.55,0.55
3576,0.55,0.55,0.55,0.55,0.55
3577,0.55,0.55,0.55,0.55,0.55
3578,0.55,0.55,0.55,0.55,0.55
3579,0.55,0.55,0.55,0.55,0.55
3580,0.55,0.55,0.55,0.55,0.55
3581,0.55,0.55,0.55,0.55,0.55
3582,0.55,0.55,0.55,0.55,0.55
3583,0.55,0.55,0.55,0.55,0.55
3584,0.55,0.55,0.55,0.55,0.55
3585,0.55,0.55,0.55,0.55,0.55
3586,0.55,0.55,0.55,0.55,0.55
3587,0.55,0.55,0.55,0.55,0.55
3588,0.55,0.55,0.55,0.55,0.55
3589,0.55,0.55,0.55,0.55,0.55
3590,0.55,0.55,0.55,0.55,0.55
3591,0.55,0.55,0.55,0.55,0.55
3592,0.55,0.55,0.55,0.55,0.55
3593,0.55,0.55,0.55,0.55,0.55
3594,0.55,0.55,0.55,0.55,0.55
3595,0.55,0.55,0.55,0.55,0.55
3596,0.55,0.55,0.55,0.55,0.55
3597,0.55,0.55,0.55,0.55,0.55
3598,0.55,0.55,0.55,0.55,0.55
3599,0.55,0.55,0.55,0.55,0.55
3600,0.55,0.55,0.55,0.55,0.55
3601,0.55,0.55,0.55,0.55,0.55
3602,0.55,0.55,0.55,0.55,0.55
3603,0.55,0.55,0.55,0.55,0.55
3604,0.55,0.55,0.55,0.55,0.55
3605,0.55,0.55,0.55,0.55,0.55
3606,0.55,0.55,0.55,0.55,0.55
3607,0.55,0.55,0.55,0.55,0.55
3608,0.55,0.55,0.55,0.55,0.55
3609,0.55,0.55,0.55,0.55,0.55
3610,0.55,0.55,0.55,0.55,0.55
3611,0.55,0.55,0.55,0.55,0.55
3612,0.55,0.55,0.55,0.55,0.55
3613,0.55,0.55,0.55,0.55,0.55
3614,0.55,0.55,0.55,0.55,0.55
3615,0.55,0.55,0.55,0.55,0.55
3616,0.55,0.55,0.55,0.55,0.55
3617,0.55,0.55,0.55,0.55,0.55
3618,0.55,0.55,0.55,0.55,0.55
3619,0.55,0.55,0.55,0.55,0.55
3620,0.55,0.55,0.55,0.55,0.55
3621,0.55,0.55,0.55,0.55,0.55
3622,0.55,0.55,0.55,0.55,0.55
3623,0.55,0.55,0.55,0.55,0.55
3624,0.55,0.55,0.55,0.55,0.55
3625,0.55,0.55,0.55,0.55,0.55
3626,0.55,0.55,0.55,0.55,0.55
3627,0.55,0.55,0.55,0.55,0.55
3628,0.55,0.55,0.55,0.55,0.55
3629,0.55,0.55,0.55,0.55,0.55
3630,0.55,0.55,0.55,0.55,0.55
3631,0.55,0.55,0.55,0.55,0.55
3632,0.55,0.55,0.55,0.55,0.55
3633,0.55,0.55,0.55,0.55,0.55
3634,0.55,0.55,0.55,0.55,0.55
3635,0.55,0.55,0.55,0.55,0.55
3636,0.55,0.55,0.55,0.55,0.55
3637,0.55,0.55,0.55,0.55,0.55
3638,0.55,0.55,0.55,0.55,0.55
3639,0.55,0.55,0.55,0.55,0.55
3640,0.55,0.55,0.55,0.55,0.55
3641,0.55,0.55,0.55,0.55,0.55
3642,0.55,0.55,0.55,0.55,0.55
3643,0.55,0.55,0.55,0.55,0.55
3644,0.55,0.55,0.55,0.55,0.55
3645,0.55,0.55,0.55,0.55,0.55
3646,0.55,0.55,0.55,0.55,0.55
3647,0.55,0.55,0.55,0.55,0.55
3648,0.55,0.55,0.55,0.55,0.55
3649,0.55,0.55,0.55,0.55,0.55
3650,0.55,0.55,0.55,0.55,0.55
3651,0.55,0.55,0.55,0.55,0.55
3652,0.55,0.55,0.55,0.55,0.55
3653,0.55,0.55,0.55,0.55,0.55
3654,0.55,0.55,0.55,0.55,0.55
3655,0.55,0.55,0.55,0.55,0.55
3656,0.55,0.55,0.55,0.55,0.55
3657,0.55,0.55,0.55,0.55,0.55
3658,0.55,0.55,0.55,0.55,0.55
3659,0.55,0.55,0.55,0.55,0.55
3660,0.55,0.55,0.55,0.55,0.55
3661,0.55,0.55,0.55,0.55,0.55
3662,0.55,0.55,0.55,0.55,0.55
3663,0.55,0.55,0.55,0.55,0.55
3664,0.55,0.55,0.55,0.55,0.55
3665,0.55,0.55,0.55,0.55,0.55
3666,0.55,0.55,0.55,0.55,0.55
3667,0.55,0.55,0.55,0.55,0.55
3668,0.55,0.55,0.55,0.55,0.55
3669,0.55,0.55,0.55,0.55,0.55
3670,0.55,0.55,0.55,0.55,0.55
3671,0.55,0.55,0.55,0.55,0.55
3672,0.55,0.55,0.55,0.55,0.55
3673,0.55,0.55,0.55,0.55,0.55
3674,0.55,0.55,0.55,0.55,0.55
3675,0.55,0.55,0.55,0.55,0.55
3676,0.55,0.55,0.55,0.55,0.55
3677,0.55,0.55,0.55,0.55,0.55
3678,0.55,0.55,0.55,0.55,0.55
3679,0.55,0.55,0.55,0.55,0.55
3680,0.55,0.55,0.55,0.55,0.55
3681,0.55,0.55,0.55,0.55,0.55
3682,0.55,0.55,0.55,0.55,0.55
3683,0.55,0.55,0.55,0.55,0.55
3684,0.55,0.55,0.55,0.55,0.55
3685,0.55,0.55,0.55,0.55,0.55
3686,0.55,0.55,0.55,0.55,0.55
3687,0.55,0.55,0.55,0.55,0.55
3688,0.55,0.55,0.55,0.55,0.55
3689,0.55,0.55,0.55,0.55,0.55
3690,0.55,0.55,0.55,0.55,0.55
3691,0.55,0.55,0.55,0.55,0.55
3692,0.55,0.55,0.55,0.55,0.55
3693,0.55,0.55,0.55,0.55,0.55
3694,0.55,0.55,0.55,0.55,0.55
3695,0.55,0.55,0.55,0.55,0.55
3696,0.55,0.55,0.55,0.55,0.55
3697,0.55,0.55,0.55,0.55,0.55
3698,0.55,0.55,0.55,0.55,0.55
3699,0.55,0.55,0.55,0.55,0.55
3700,0.55,0.55,0.55,0.55,0.55
3701,0.55,0.55,0.55,0.55,0.55
3702,0.55,0.55,0.55,0.55,0.55
3703,0.55,0.55,0.55,0.55,0.55
3704,0.55,0.55,0.55,0.55,0.55
3705,0.55,0.55,0.55,0.55,0.55
3706,0.55,0.55,0.55,0.55,0.55
3707,0.55,0.55,0.55,0.55,0.55
3708,0.55,0.55,0.55,0.55,0.55
3709,0.55,0.55,0.55,0.55,0.55
3710,0.55,0.55,0.55,0.55,0.55
3711,0.55,0.55,0.55,0.55,0.55
3712,0.55,0.55,0.55,0.55,0.55
3713,0.55,0.55,0.55,0.55,0.55
3714,0.55,0.55,0.55,0.55,0.55
3715,0.55,0.55,0.55,0.55,0.55
3716,0.55,0.55,0.55,0.55,0.55
3717,0.55,0.55,0.55,0.55,0.55
3718,0.55,0.55,0.55,0.55,0.55
3719,0.55,0.55,0.55,0.55,0.55
3720,0.55,0.55,0.55,0.55,0.55
3721,0.55,0.55,0.55,0.55,0.55
3722,0.55,0.55,0.55,0.55,0.55
3723,0.55,0.55,0.55,0.55,0.55
3724,0.55,0.55,0.55,0.55,0.55
3725,0.55,0.55,0.55,0.55,0.55
3726,0.55,0.55,0.55,0.55,0.55
3727,0.55,0.55,0.55,0.55,0.55
3728,0.55,0.55,0.55,0.55,0.55
3729,0.55,0.55,0.55,0.55,0.55
3730,0.55,0.55,0.55,0.55,0.55
3731,0.55,0.55,0.55,0.55,0.55
3732,0.55,0.55,0.55,0.55,0.55
3733,0.55,0.55,0.55,0.55,0.55
3734,0.55,0.55,0.55,0.55,0.55
3735,0.55,0.55,0.55,0.55,0.55
3736,0.55,0.55,0.55,0.55,0.55
3737,0.55,0.55,0.55,0.55,0.55
3738,0.55,0.55,0.55,0.55,0.55
3739,0.55,0.55,0.55,0.55,0.55
3740,0.55,0.55,0.55,0.55,0.55
3741,0.55,0.55,0.55,0.55,0.55
3742,0.55,0.55,0.55,0.55,0.55
3743,0.55,0.55,0.55,0.55,0.55
3744,0.55,0.55,0.55,0.55,0.55
3745,0.55,0.55,0.55,0.55,0.55
3746,0.55,0.55,0.55,0.55,0.55
3747,0.55,0.55,0.55,0.55,0.55
3748,0.55,0.55,0.55,0.55,0.55
3749,0.55,0.55,0.55,0.55,0.55
3750,0.55,0.55,0.55,0.55,0.55
3751,0.55,0.55,0.55,0.55,0.55
3752,0.55,0.55,0.55,0.55,0.55
3753,0.55,0.55,0.55,0.55,0.55
3754,0.55,0.55,0.55,0.55,0.55
3755,0.55,0.55,0.55,0.55,0.55
3756,0.55,0.55,0.55,0.55,0.55
3757,0.55,0.55,0.55,0.55,0.55
3758,0.55,0.55,0.55,0.55,0.55
3759,0.55,0.55,0.55,0.55,0.55
3760,0.55,0.55,0.55,0.55,0.55
3761,0.55,0.55,0.55,0.55,0.55
3762,0.55,0.55,0.55,0.55,0.55
3763,0.55,0.55,0.55,0.55,0.55
3764,0.55,0.55,0.55,0.55,0.55
3765,0.55,0.55,0.55,0.55,0.55
3766,0.55,0.55,0.55,0.55,0.55
3767,0.55,0.55,0.55,0.55,0.55
3768,0.55,0.55,0.55,0.55,0.55
3769,0.55,0.55,0.55,0.55,0.55
3770,0.55,0.55,0.55,0.55,0.55
3771,0.55,0.55,0.55,0.55,0.55
3772,0.55,0.55,0.55,0.55,0.55
3773,0.55,0.55,0.55,0.55,0.55
3774,0.55,0.55,0.55,0.55,0.55
3775,0.55,0.55,0.55,0.55,0.55
3776,0.55,0.55,0.55,0.55,0.55
3777,0.55,0.55,0.55,0.55,0.55
3778,0.55,0.55,0.55,0.55,0.55
3779,0.55,0.55,0.55,0.55,0.55
3780,0.55,0.55,0.55,0.55,0.55
3781,0.55,0.55,0.55,0.55,0.55
3782,0.55,0.55,0.55,0.55,0.55
3783,0.55,0.55,0.55,0.55,0.55
3784,0.55,0.55,0.55,0.55,0.55
3785,0.55,0.55,0.55,0.55,0.55
3786,0.55,0.55,0.55,0.55,0.55
3787,0.55,0.55,0.55,0.55,0.55
3788,0.55,0.55,0.55,0.55,0.55
3789,0.55,0.55,0.55,0.55,0.55
3790,0.55,0.55,0.55,0.55,0.55
3791,0.55,0.55,0.55,0.55,0.55
3792,0.55,0.55,0.55,0.55,0.55
3793,0.55,0.55,0.55,0.55,0.55
3794,0.55,0.55,0.55,0.55,0.55
3795,0.55,0.55,0.55,0.55,0.55
3796,0.55,0.55,0.55,0.55,0.55
3797,0.55,0.55,0.55,0.55,0.55
3798,0.55,0.55,0.55,0.55,0.55
3799,0.55,0.55,0.55,0.55,0.55
3800,0.55,0.55,0.55,0.55,0.55
3801,0.55,0.55,0.55,0.55,0.55
3802,0.55,0.55,0.55,0.55,0.55
3803,0.55,0.55,0.55,0.55,0.55
3804,0.55,0.55,0.55,0.55,0.55
3805,0.55,0.55,0.55,0.55,0.55
3806,0.55,0.55,0.55,0.55,0.55
3807,0.55,0.55,0.55,0.55,0.55
3808,0.55,0.55,0.55,0.55,0.55
3809,0.55,0.55,0.55,0.55,0.55
3810,0.55,0.55,0.55,0.55,0.55
3811,0.55,0.55,0.55,0.55,0.55
3812,0.55,0.55,0.55,0.55,0.55
3813,0.55,0.55,0.55,0.55,0.55
3814,0.55,0.55,0.55,0.55,0.55
3815,0.55,0.55,0.55,0.55,0.55
3816,0.55,0.55,0.55,0.55,0.55
3817,0.55,0.55,0.55,0.55,0.55
3818,0.55,0.55,0.55,0.55,0.55
3819,0.55,0.55,0.55,0.55,0.55
3820,0.55,0.55,0.55,0.55,0.55
3821,0.55,0.55,0.55,0.55,0.55
3822,0.55,0.55,0.55,0.55,0.55
3823,0.55,0.55,0.55,0.55,0.55
3824,0.55,0.55,0.55,0.55,0.55
3825,0.55,0.55,0.55,0.55,0.55
3826,0.55,0.55,0.55,0.55,0.55
3827,0.55,0.55,0.55,0.55,0.55
3828,0.55,0.55,0.55,0.55,0.55
3829,0.55,0.55,0.55,0.55,0.55
3830,0.55,0.55,0.55,0.55,0.55
3831,0.55,0.55,0.55,0.55,0.55
3832,0.55,0.55,0.55,0.55,0.55
3833,0.55,0.55,0.55,0.55,0.55
3834,0.55,0.55,0.55,0.55,0.55
3835,0.55,0.55,0.55,0.55,0.55
3836,0.55,0.55,0.55,0.55,0.55
3837,0.55,0.55,0.55,0.55,0.55
3838,0.55,0.55,0.55,0.55,0.55
3839,0.55,0.55,0.55,0.55,0.55
3840,0.55,0.55,0.55,0.55,0.55
3841,0.55,0.55,0.55,0.55,0.55
3842,0.55,0.55,0.55,0.55,0.55
3843,0.55,0.55,0.55,0.55,0.55
3844,0.55,0.55,0.55,0.55,0.55
3845,0.55,0.55,0.55,0.55,0.55
3846,0.55,0.55,0.55,0.55,0.55
3847,0.55,0.55,0.55,0.55,0.55
3848,0.55,0.55,0.55,0.55,0.55
3849,0.55,0.55,0.55,0.55,0.55
3850,0.55,0.55,0.55,0.55,0.55
3851,0.55,0.55,0.55,0.55,0.55
3852,0.55,0.55,0.55,0.55,0.55
3853,0.55,0.55,0.55,0.55,0.55
3854,0.55,0.55,0.55,0.55,0.55
3855,0.55,0.55,0.55,0.55,0.55
3856,0.55,0.55,0.55,0.55,0.55
3857,0.55,0.55,0.55,0.55,0.55
3858,0.55,0.55,0.55,0.55,0.55
3859,0.55,0.55,0.55,0.55,0.55
3860,0.55,0.55,0.55,0.55,0.55
3861,0.55,0.55,0.55,0.55,0.55
3862,0.55,0.55,0.55,0.55,0.55
3863,0.55,0.55,0.55,0.55,0.55
3864,0.55,0.55,0.55,0.55,0.55
3865,0.55,0.55,0.55,0.55,0.55
3866,0.55,0.55,0.55,0.55,0.55
3867,0.55,0.55,0.55,0.55,0.55
3868,0.55,0.55,0.55,0.55,0.55
3869,0.55,0.55,0.55,0.55,0.55
3870,0.55,0.55,0.55,0.55,0.55
3871,0.55,0.55,0.55,0.55,0.55
3872,0.55,0.55,0.55,0.55,0.55
3873,0.55,0.55,0.55,0.55,0.55
3874,0.55,0.55,0.55,0.55,0.55
3875,0.55,0.55,0.55,0.55,0.55
3876,0.55,0.55,0.55,0.55,0.55
3877,0.55,0.55,0.55,0.55,0.55
3878,0.55,0.55,0.55,0.55,0.55
3879,0.55,0.55,0.55,0.55,0.55
3880,0.55,0.55,0.55,0.55,0.55
3881,0.55,0.55,0.55,0.55,0.55
3882,0.55,0.55,0.55,0.55,0.55
3883,0.55,0.55,0.55,0.55,0.55
3884,0.55,0.55,0.55,0.55,0.55
3885,0.55,0.55,0.55,0.55,0.55
3886,0.55,0.55,0.55,0.55,0.55
3887,0.55,0.55,0.55,0.55,0.55
3888,0.55,0.55,0.55,0.55,0.55
3889,0.55,0.55,0.55,0.55,0.55
3890,0.55,0.55,0.55,0.55,0.55
3891,0.55,0.55,0.55,0.55,0.55
3892,0.55,0.55,0.55,0.55,0.55
3893,0.55,0.55,0.55,0.55,0.55
3894,0.55,0.55,0.55,0.55,0.55
3895,0.55,0.55,0.55,0.55,0.55
3896,0.55,0.55,0.55,0.55,0.55
3897,0.55,0.55,0.55,0.55,0.55
3898,0.55,0.55,0.55,0.55,0.55
3899,0.55,0.55,0.55,0.55,0.55
3900,0.55,0.55,0.55,0.55,0.55
3901,0.55,0.55,0.55,0.55,0.55
3902,0.55,0.55,0.55,0.55,0.55
3903,0.55,0.55,0.55,0.55,0.55
3904,0.55,0.55,0.55,0.55,0.55
3905,0.55,0.55,0.55,0.55,0.55
3906,0.55,0.55,0.55,0.55,0.55
3907,0.55,0.55,0.55,0.55,0.55
3908,0.55,0.55,0.55,0.55,0.55
3909,0.55,0.55,0.55,0.55,0.55
3910,0.55,0.55,0.55,0.55,0.55
3911,0.55,0.55,0.55,0.55,0.55
3912,0.55,0.55,0.55,0.55,0.55
3913,0.55,0.55,0.55,0.55,0.55
3914,0.55,0.55,0.55,0.55,0.55
3915,0.55,0.55,0.55,0.55,0.55
3916,0.55,0.55,0.55,0.55,0.55
3917,0.55,0.55,0.55,0.55,0.55
3918,0.55,0.55,0.55,0.55,0.55
3919,0.55,0.55,0.55,0.55,0.55
3920,0.55,0.55,0.55,0.55,0.55
3921,0.55,0.55,0.55,0.55,0.55
3922,0.55,0.55,0.55,0.55,0.55
3923,0.55,0.55,0.55,0.55,0.55
3924,0.55,0.55,0.55,0.55,0.55
3925,0.55,0.55,0.55,0.55,0.55
3926,0.55,0.55,0.55,0.55,0.55
3927,0.55,0.55,0.55,0.55,0.55
3928,0.55,0.55,0.55,0.55,0.55
3929,0.55,0.55,0.55,0.55,0.55
3930,0.55,0.55,0.55,0.55,0.55
3931,0.55,0.55,0.55,0.55,0.55
3932,0.55,0.55,0.55,0.55,0.55
3933,0.55,0.55,0.55,0.55,0.55
3934,0.55,0.55,0.55,0.55,0.55
3935,0.55,0.55,0.55,0.55,0.55
3936,0.55,0.55,0.55,0.55,0.55
3937,0.55,0.55,0.55,0.55,0.55
3938,0.55,0.55,0.55,0.55,0.55
3939,0.55,0.55,0.55,0.55,0.55
3940,0.55,0.55,0.55,0.55,0.55
3941,0.55,0.55,0.55,0.55,0.55
3942,0.55,0.55,0.55,0.55,0.55
3943,0.55,0.55,0.55,0.55,0.55
3944,0.55,0.55,0.55,0.55,0.55
3945,0.55,0.55,0.55,0.55,0.55
3946,0.55,0.55,0.55,0.55,0.55
3947,0.55,0.55,0.55,0.55,0.55
3948,0.55,0.55,0.55,0.55,0.55
3949,0.55,0.55,0.55,0.55,0.55
3950,0.55,0.55,0.55,0.55,0.55
3951,0.55,0.55,0.55,0.55,0.55
3952,0.55,0.55,0.55,0.55,0.55
3953,0.55,0.55,0.55,0.55,0.55
3954,0.55,0.55,0.55,0.55,0.55
3955,0.55,0.55,0.55,0.55,0.55
3956,0.55,0.55,0.55,0.55,0.55
3957,0.55,0.55,0.55,0.55,0.55
3958,0.55,0.55,0.55,0.55,0.55
3959,0.55,0.55,0.55,0.55,0.55
3960,0.55,0.55,0.55,0.55,0.55
3961,0.55,0.55,0.55,0.55,0.55
3962,0.55,0.55,0.55,0.55,0.55
3963,0.55,0.55,0.55,0.55,0.55
3964,0.55,0.55,0.55,0.55,0.55
3965,0.55,0.55,0.55,0.55,0.55
3966,0.55,0.55,0.55,0.55,0.55
3967,0.55,0.55,0.55,0.55,0.55
3968,0.55,0.55,0.55,0.55,0.55
3969,0.55,0.55,0.55,0.55,0.55
3970,0.55,0.55,0.55,0.55,0.55
3971,0.55,0.55,0.55,0.55,0.55
3972,0.55,0.55,0.55,0.55,0.55
3973,0.55,0.55,0.55,0.55,0.55
3974,0.55,0.55,0.55,0.55,0.55
3975,0.55,0.55,0.55,0.55,0.55
3976,0.55,0.55,0.55,0.55,0.55
3977,0.55,0.55,0.55,0.55,0.55
3978,0.55,0.55,0.55,0.55,0.55
3979,0.55,0.55,0.55,0.55,0.55
3980,0.55,0.55,0.55,0.55,0.55
3981,0.55,0.55,0.55,0.55,0.55
3982,0.55,0.55,0.55,0.55,0.55
3983,0.55,0.55,0.55,0.55,0.55
3984,0.55,0.55,0.55,0.55,0.55
3985,0.55,0.55,0.55,0.55,0.55
3986,0.55,0.55,0.55,0.55,0.55
3987,0.55,0.55,0.55,0.55,0.55
3988,0.55,0.55,0.55,0.55,0.55
3989,0.55,0.55,0.55,0.55,0.55
3990,0.55,0.55,0.55,0.55,0.55
3991,0.55,0.55,0.55,0.55,0.55
3992,0.55,0.55,0.55,0.55,0.55
3993,0.55,0.55,0.55,0.55,0.55
3994,0.55,0.55,0.55,0.55,0.55
3995,0.55,0.55,0.55,0.55,0.55
3996,0.55,0.55,0.55,0.55,0.55
3997,0.55,0.55,0.55,0.55,0.55
3998,0.55,0.55,0.55,0.55,0.55
3999,0.55,0.55,0.55,0.55,0.55
4000,0.55,0.55,0.55,0.55,0.55
4001,0.55,0.55,0.55,0.55,0.55
4002,0.55,0.55,0.55,0.55,0.55
4003,0.55,0.55,0.55,0.55,0.55
4004,0.55,0.55,0.55,0.55,0.55
4005,0.55,0.55,0.55,0.55,0.55
4006,0.55,0.55,0.55,0.55,0.55
4007,0.55,0.55,0.55,0.55,0.55
4008,0.55,0.55,0.55,0.55,0.55
4009,0.55,0.55,0.55,0.55,0.55
4010,0.55,0.55,0.55,0.55,0.55
4011,0.55,0.55,0.55,0.55,0.55
4012,0.55,0.55,0.55,0.55,0.55
4013,0.55,0.55,0.55,0.55,0.55
4014,0.55,0.55,0.55,0.55,0.55
4015,0.55,0.55,0.55,0.55,0.55
4016,0.55,0.55,0.55,0.55,0.55
4017,0.55,0.55,0.55,0.55,0.55
4018,0.55,0.55,0.55,0.55,0.55
4019,0.55,0.55,0.55,0.55,0.55
4020,0.55,0.55,0.55,0.55,0.55
4021,0.55,0.55,0.55,0.55,0.55
4022,0.55,0.55,0.55,0.55,0.55
4023,0.55,0.55,0.55,0.55,0.55
4024,0.55,0.55,0.55,0.55,0.55
4025,0.55,0.55,0.55,0.55,0.55
4026,0.55,0.55,0.55,0.55,0.55
4027,0.55,0.55,0.55,0.55,0.55
4028,0.55,0.55,0.55,0.55,0.55
4029,0.55,0.55,0.55,0.55,0.55
4030,0.55,0.55,0.55,0.55,0.55
4031,0.55,0.55,0.55,0.55,0.55
4032,0.55,0.55,0.55,0.55,0.55
4033,0.55,0.55,0.55,0.55,0.55
4034,0.55,0.55,0.55,0.55,0.55
4035,0.55,0.55,0.55,0.55,0.55
4036,0.55,0.55,0.55,0.55,0.55
4037,0.55,0.55,0.55,0.55,0.55
4038,0.55,0.55,0.55,0.55,0.55
4039,0.55,0.55,0.55,0.55,0.55
4040,0.55,0.55,0.55,0.55,0.55
4041,0.55,0.55,0.55,0.55,0.55
4042,0.55,0.55,0.55,0.55,0.55
4043,0.55,0.55,0.55,0.55,0.55
4044,0.55,0.55,0.55,0.55,0.55
4045,0.55,0.55,0.55,0.55,0.55
4046,0.55,0.55,0.55,0.55,0.55
4047,0.55,0.55,0.55,0.55,0.55
4048,0.55,0.55,0.55,0.55,0.55
4049,0.55,0.55,0.55,0.55,0.55
4050,0.55,0.55,0.55,0.55,0.55
4051,0.55,0.55,0.55,0.55,0.55
4052,0.55,0.55,0.55,0.55,0.55
4053,0.55,0.55,0.55,0.55,0.55
4054,0.55,0.55,0.55,0.55,0.55
4055,0.55,0.55,0.55,0.55,0.55
4056,0.55,0.55,0.55,0.55,0.55
4057,0.55,0.55,0.55,0.55,0.55
4058,0.55,0.55,0.55,0.55,0.55
4059,0.55,0.55,0.55,0.55,0.55
4060,0.55,0.55,0.55,0.55,0.55
4061,0.55,0.55,0.55,0.55,0.55
4062,0.55,0.55,0.55,0.55,0.55
4063,0.55,0.55,0.55,0.55,0.55
4064,0.55,0.55,0.55,0.55,0.55
4065,0.55,0.55,0.55,0.55,0.55
4066,0.55,0.55,0.55,0.55,0.55
4067,0.55,0.55,0.55,0.55,0.55
4068,0.55,0.55,0.55,0.55,0.55
4069,0.55,0.55,0.55,0.55,0.55
4070,0.55,0.55,0.55,0.55,0.55
4071,0.55,0.55,0.55,0.55,0.55
4072,0.55,0.55,0.55,0.55,0.55
4073,0.55,0.55,0.55,0.55,0.55
4074,0.55,0.55,0.55,0.55,0.55
4075,0.55,0.55,0.55,0.55,0.55
4076,0.55,0.55,0.55,0.55,0.55
4077,0.55,0.55,0.55,0.55,0.55
4078,0.55,0.55,0.55,0.55,0.55
4079,0.55,0.55,0.55,0.55,0.55
4080,0.55,0.55,0.55,0.55,0.55
4081,0.55,0.55,0.55,0.55,0.55
4082,0.55,0.55,0.55,0.55,0.55
4083,0.55,0.55,0.55,0.55,0.55
4084,0.55,0.55,0.55,0.55,0.55
4085,0.55,0.55,0.55,0.55,0.55
4086,0.55,0.55,0.55,0.55,0.55
4087,0.55,0.55,0.55,0.55,0.55
4088,0.55,0.55,0.55,0.55,0.55
4089,0.55,0.55,0.55,0.55,0.55
4090,0.55,0.55,0.55,0.55,0.55
4091,0.55,0.55,0.55,0.55,0.55
4092,0.55,0.55,0.55,0.55,0.55
4093,0.55,0.55,0.55,0.55,0.55
4094,0.55,0.55,0.55,0.55,0.55
4095,0.55,0.55,0.55,0.55,0.55
4096,0.55,0.55,0.55,0.55,0.55
4097,0.55,0.55,0.55,0.55,0.55
4098,0.55,0.55,0.55,0.55,0.55
4099,0.55,0.55,0.55,0.55,0.55
4100,0.55,0.55,0.55,0.55,0.55
4101,0.55,0.55,0.55,0.55,0.55
4102,0.55,0.55,0.55,0.55,0.55
4103,0.55,0.55,0.55,0.55,0.55
4104,0.55,0.55,0.55,0.55,0.55
4105,0.55,0.55,0.55,0.55,0.55
4106,0.55,0.55,0.55,0.55,0.55
4107,0.55,0.55,0.55,0.55,0.55
4108,0.55,0.55,0.55,0.55,0.55
4109,0.55,0.55,0.55,0.55,0.55
4110,0.55,0.55,0.55,0.55,0.55
4111,0.55,0.55,0.55,0.55,0.55
4112,0.55,0.55,0.55,0.55,0.55
4113,0.55,0.55,0.55,0.55,0.55
4114,0.55,0.55,0.55,0.55,0.55
4115,0.55,0.55,0.55,0.55,0.55
4116,0.55,0.55,0.55,0.55,0.55
4117,0.55,0.55,0.55,0.55,0.55
4118,0.55,0.55,0.55,0.55,0.55
4119,0.55,0.55,0.55,0.55,0.55
4120,0.55,0.55,0.55,0.55,0.55
4121,0.55,0.55,0.55,0.55,0.55
4122,0.55,0.55,0.55,0.55,0.55
4123,0.55,0.55,0.55,0.55,0.55
4124,0.55,0.55,0.55,0.55,0.55
4125,0.55,0.55,0.55,0.55,0.55
4126,0.55,0.55,0.55,0.55,0.55
4127,0.55,0.55,0.55,0.55,0.55
4128,0.55,0.55,0.55,0.55,0.55
4129,0.55,0.55,0.55,0.55,0.55
4130,0.55,0.55,0.55,0.55,0.55
4131,0.55,0.55,0.55,0.55,0.55
4132,0.55,0.55,0.55,0.55,0.55
4133,0.55,0.55,0.55,0.55,0.55
4134,0.55,0.55,0.55,0.55,0.55
4135,0.55,0.55,0.55,0.55,0.55
4136,0.55,0.55,0.55,0.55,0.55
4137,0.55,0.55,0.55,0.55,0.55
4138,0.55,0.55,0.55,0.55,0.55
4139,0.55,0.55,0.55,0.55,0.55
4140,0.55,0.55,0.55,0.55,0.55
4141,0.55,0.55,0.55,0.55,0.55
4142,0.55,0.55,0.55,0.55,0.55
4143,0.55,0.55,0.55,0.55,0.55
4144,0.55,0.55,0.55,0.55,0.55
4145,0.55,0.55,0.55,0.55,0.55
4146,0.55,0.55,0.55,0.55,0.55
4147,0.55,0.55,0.55,0.55,0.55
4148,0.55,0.55,0.55,0.55,0.55
4149,0.55,0.55,0.55,0.55,0.55
4150,0.55,0.55,0.55,0.55,0.55
4151,0.55,0.55,0.55,0.55,0.55
4152,0.55,0.55,0.55,0.55,0.55
4153,0.55,0.55,0.55,0.55,0.55
4154,0.55,0.55,0.55,0.55,0.55
4155,0.55,0.55,0.55,0.55,0.55
4156,0.55,0.55,0.55,0.55,0.55
4157,0.55,0.55,0.55,0.55,0.55
4158,0.55,0.55,0.55,0.55,0.55
4159,0.55,0.55,0.55,0.55,0.55
4160,0.55,0.55,0.55,0.55,0.55
4161,0.55,0.55,0.55,0.55,0.55
4162,0.55,0.55,0.55,0.55,0.55
4163,0.55,0.55,0.55,0.55,0.55
4164,0.55,0.55,0.55,0.55,0.55
4165,0.55,0.55,0.55,0.55,0.55
4166,0.55,0.55,0.55,0.55,0.55
4167,0.55,0.55,0.55,0.55,0.55
4168,0.55,0.55,0.55,0.55,0.55
4169,0.55,0.55,0.55,0.55,0.55
4170,0.55,0.55,0.55,0.55,0.55
4171,0.55,0.55,0.55,0.55,0.55
4172,0.55,0.55,0.55,0.55,0.55
4173,0.55,0.55,0.55,0.55,0.55
4174,0.55,0.55,0.55,0.55,0.55
4175,0.55,0.55,0.55,0.55,0.55
4176,0.55,0.55,0.55,0.55,0.55
4177,0.55,0.55,0.55,0.55,0.55
4178,0.55,0.55,0.55,0.55,0.55
4179,0.55,0.55,0.55,0.55,0.55
4180,0.55,0.55,0.55,0.55,0.55
4181,0.55,0.55,0.55,0.55,0.55
4182,0.55,0.55,0.55,0.55,0.55
4183,0.55,0.55,0.55,0.55,0.55
4184,0.55,0.55,0.55,0.55,0.55
4185,0.55,0.55,0.55,0.55,0.55
4186,0.55,0.55,0.55,0.55,0.55
4187,0.55,0.55,0.55,0.55,0.55
4188,0.55,0.55,0.55,0.55,0.55
4189,0.55,0.55,0.55,0.55,0.55
4190,0.55,0.55,0.55,0.55,0.55
4191,0.55,0.55,0.55,0.55,0.55
4192,0.55,0.55,0.55,0.55,0.55
4193,0.55,0.55,0.55,0.55,0.55
4194,0.55,0.55,0.55,0.55,0.55
4195,0.55,0.55,0.55,0.55,0.55
4196,0.55,0.55,0.55,0.55,0.55
4197,0.55,0.55,0.55,0.55,0.55
4198,0.55,0.55,0.55,0.55,0.55
4199,0.55,0.55,0.55,0.55,0.55
4200,0.55,0.55,0.55,0.55,0.55
4201,0.55,0.55,0.55,0.55,0.55
4202,0.55,0.55,0.55,0.55,0.55
4203,0.55,0.55,0.55,0.55,0.55
4204,0.55,0.55,0.55,0.55,0.55
4205,0.55,0.55,0.55,0.55,0.55
4206,0.55,0.55,0.55,0.55,0.55
4207,0.55,0.55,0.55,0.55,0.55
4208,0.55,0.55,0.55,0.55,0.55
4209,0.55,0.55,0.55,0.55,0.55
4210,0.55,0.55,0.55,0.55,0.55
4211,0.55,0.55,0.55,0.55,0.55
4212,0.55,0.55,0.55,0.55,0.55
4213,0.55,0.55,0.55,0.55,0.55
4214,0.55,0.55,0.55,0.55,0.55
4215,0.55,0.55,0.55,0.55,0.55
4216,0.55,0.55,0.55,0.55,0.55
4217,0.55,0.55,0.55,0.55,0.55
4218,0.55,0.55,0.55,0.55,0.55
4219,0.55,0.55,0.55,0.55,0.55
4220,0.55,0.55,0.55,0.55,0.55
4221,0.55,0.55,0.55,0.55,0.55
4222,0.55,0.55,0.55,0.55,0.55
4223,0.55,0.55,0.55,0.55,0.55
4224,0.55,0.55,0.55,0.55,0.55
4225,0.55,0.55,0.55,0.55,0.55
4226,0.55,0.55,0.55,0.55,0.55
4227,0.55,0.55,0.55,0.55,0.55
4228,0.55,0.55,0.55,0.55,0.55
4229,0.55,0.55,0.55,0.55,0.55
4230,0.55,0.55,0.55,0.55,0.55
4231,0.55,0.55,0.55,0.55,0.55
4232,0.55,0.55,0.55,0.55,0.55
4233,0.55,0.55,0.55,0.55,0.55
4234,0.55,0.55,0.55,0.55,0.55
4235,0.55,0.55,0.55,0.55,0.55
4236,0.55,0.55,0.55,0.55,0.55
4237,0.55,0.55,0.55,0.55,0.55
4238,0.55,0.55,0.55,0.55,0.55
4239,0.55,0.55,0.55,0.55,0.55
4240,0.55,0.55,0.55,0.55,0.55
4241,0.55,0.55,0.55,0.55,0.55
4242,0.55,0.55,0.55,0.55,0.55
4243,0.55,0.55,0.55,0.55,0.55
4244,0.55,0.55,0.55,0.55,0.55
4245,0.55,0.55,0.55,0.55,0.55
4246,0.55,0.55,0.55,0.55,0.55
4247,0.55,0.55,0.55,0.55,0.55
4248,0.55,0.55,0.55,0.55,0.55
4249,0.55,0.55,0.55,0.55,0.55
4250,0.55,0.55,0.55,0.55,0.55
4251,0.55,0.55,0.55,0.55,0.55
4252,0.55,0.55,0.55,0.55,0.55
4253,0.55,0.55,0.55,0.55,0.55
4254,0.55,0.55,0.55,0.55,0.55
4255,0.55,0.55,0.55,0.55,0.55
4256,0.55,0.55,0.55,0.55,0.55
4257,0.55,0.55,0.55,0.55,0.55
4258,0.55,0.55,0.55,0.55,0.55
4259,0.55,0.55,0.55,0.55,0.55
4260,0.55,0.55,0.55,0.55,0.55
4261,0.55,0.55,0.55,0.55,0.55
4262,0.55,0.55,0.55,0.55,0.55
4263,0.55,0.55,0.55,0.55,0.55
4264,0.55,0.55,0.55,0.55,0.55
4265,0.55,0.55,0.55,0.55,0.55
4266,0.55,0.55,0.55,0.55,0.55
4267,0.55,0.55,0.55,0.55,0.55
4268,0.55,0.55,0.55,0.55,0.55
4269,0.55,0.55,0.55,0.55,0.55
4270,0.55,0.55,0.55,0.55,0.55
4271,0.55,0.55,0.55,0.55,0.55
4272,0.55,0.55,0.55,0.55,0.55
4273,0.55,0.55,0.55,0.55,0.55
4274,0.55,0.55,0.55,0.55,0.55
4275,0.55,0.55,0.55,0.55,0.55
4276,0.55,0.55,0.55,0.55,0.55
4277,0.55,0.55,0.55,0.55,0.55
4278,0.55,0.55,0.55,0.55,0.55
4279,0.55,0.55,0.55,0.55,0.55
4280,0.55,0.55,0.55,0.55,0.55
4281,0.55,0.55,0.55,0.55,0.55
4282,0.55,0.55,0.55,0.55,0.55
4283,0.55,0.55,0.55,0.55,0.55
4284,0.55,0.55,0.55,0.55,0.55
4285,0.55,0.55,0.55,0.55,0.55
4286,0.55,0.55,0.55,0.55,0.55
4287,0.55,0.55,0.55,0.55,0.55
4288,0.55,0.55,0.55,0.55,0.55
4289,0.55,0.55,0.55,0.55,0.55
4290,0.55,0.55,0.55,0.55,0.55
4291,0.55,0.55,0.55,0.55,0.55
4292,0.55,0.55,0.55,0.55,0.55
4293,0.55,0.55,0.55,0.55,0.55
4294,0.55,0.55,0.55,0.55,0.55
4295,0.55,0.55,0.55,0.55,0.55
4296,0.55,0.55,0.55,0.55,0.55
4297,0.55,0.55,0.55,0.55,0.55
4298,0.55,0.55,0.55,0.55,0.55
4299,0.55,0.55,0.55,0.55,0.55
4300,0.55,0.55,0.55,0.55,0.55
4301,0.55,0.55,0.55,0.55,0.55
4302,0.55,0.55,0.55,0.55,0.55
4303,0.55,0.55,0.55,0.55,0.55
4304,0.55,0.55,0.55,0.55,0.55
4305,0.55,0.55,0.55,0.55,0.55
4306,0.55,0.55,0.55,0.55,0.55
4307,0.55,0.55,0.55,0.55,0.55
4308,0.55,0.55,0.55,0.55,0.55
4309,0.55,0.55,0.55,0.55,0.55
4310,0.55,0.55,0.55,0.55,0.55
4311,0.55,0.55,0.55,0.55,0.55
4312,0.55,0.55,0.55,0.55,0.55
4313,0.55,0.55,0.55,0.55,0.55
4314,0.55,0.55,0.55,0.55,0.55
4315,0.55,0.55,0.55,0.55,0.55
4316,0.55,0.55,0.55,0.55,0.55
4317,0.55,0.55,0.55,0.55,0.55
4318,0.55,0.55,0.55,0.55,0.55
4319,0.55,0.55,0.55,0.55,0.55
4320,0.55,0.55,0.55,0.55,0.55
4321,0.55,0.55,0.55,0.55,0.55
4322,0.55,0.55,0.55,0.55,0.55
4323,0.55,0.55,0.55,0.55,0.55
4324,0.55,0.55,0.55,0.55,0.55
4325,0.55,0.55,0.55,0.55,0.55
4326,0.55,0.55,0.55,0.55,0.55
4327,0.55,0.55,0.55,0.55,0.55
4328,0.55,0.55,0.55,0.55,0.55
4329,0.55,0.55,0.55,0.55,0.55
4330,0.55,0.55,0.55,0.55,0.55
4331,0.55,0.55,0.55,0.55,0.55
4332,0.55,0.55,0.55,0.55,0.55
4333,0.55,0.55,0.55,0.55,0.55
4334,0.55,0.55,0.55,0.55,0.55
4335,0.55,0.55,0.55,0.55,0.55
4336,0.55,0.55,0.55,0.55,0.55
4337,0.55,0.55,0.55,0.55,0.55
4338,0.55,0.55,0.55,0.55,0.55
4339,0.55,0.55,0.55,0.55,0.55
4340,0.55,0.55,0.55,0.55,0.55
4341,0.55,0.55,0.55,0.55,0.55
4342,0.55,0.55,0.55,0.55,0.55
4343,0.55,0.55,0.55,0.55,0.55
4344,0.55,0.55,0.55,0.55,0.55
4345,0.55,0.55,0.55,0.55,0.55
4346,0.55,0.55,0.55,0.55,0.55
4347,0.55,0.55,0.55,0.55,0.55
4348,0.55,0.55,0.55,0.55,0.55
4349,0.55,0.55,0.55,0.55,0.55
4350,0.55,0.55,0.55,0.55,0.55
4351,0.55,0.55,0.55,0.55,0.55
4352,0.55,0.55,0.55,0.55,0.55
4353,0.55,0.55,0.55,0.55,0.55
4354,0.55,0.55,0.55,0.55,0.55
4355,0.55,0.55,0.55,0.55,0.55
4356,0.55,0.55,0.55,0.55,0.55
4357,0.55,0.55,0.55,0.55,0.55
4358,0.55,0.55,0.55,0.55,0.55
4359,0.55,0.55,0.55,0.55,0.55
4360,0.55,0.55,0.55,0.55,0.55
4361,0.55,0.55,0.55,0.55,0.55
4362,0.55,0.55,0.55,0.55,0.55
4363,0.55,0.55,0.55,0.55,0.55
4364,0.55,0.55,0.55,0.55,0.55
4365,0.55,0.55,0.55,0.55,0.55
4366,0.55,0.55,0.55,0.55,0.55
4367,0.55,0.55,0.55,0.55,0.55
4368,0.55,0.55,0.55,0.55,0.55
4369,0.55,0.55,0.55,0.55,0.55
4370,0.55,0.55,0.55,0.55,0.55
4371,0.55,0.55,0.55,0.55,0.55
4372,0.55,0.55,0.55,0.55,0.55
4373,0.55,0.55,0.55,0.55,0.55
4374,0.55,0.55,0.55,0.55,0.55
4375,0.55,0.55,0.55,0.55,0.55
4376,0.55,0.55,0.55,0.55,0.55
4377,0.55,0.55,0.55,0.55,0.55
4378,0.55,0.55,0.55,0.55,0.55
4379,0.55,0.55,0.55,0.55,0.55
4380,0.55,0.55,0.55,0.55,0.55
4381,0.55,0.55,0.55,0.55,0.55
4382,0.55,0.55,0.55,0.55,0.55
4383,0.55,0.55,0.55,0.55,0.55
4384,0.55,0.55,0.55,0.55,0.55
4385,0.55,0.55,0.55,0.55,0.55
4386,0.55,0.55,0.55,0.55,0.55
4387,0.55,0.55,0.55,0.55,0.55
4388,0.55,0.55,0.55,0.55,0.55
4389,0.55,0.55,0.55,0.55,0.55
4390,0.55,0.55,0.55,0.55,0.55
4391,0.55,0.55,0.55,0.55,0.55
4392,0.55,0.55,0.55,0.55,0.55
4393,0.55,0.55,0.55,0.55,0.55
4394,0.55,0.55,0.55,0.55,0.55
4395,0.55,0.55,0.55,0.55,0.55
4396,0.55,0.55,0.55,0.55,0.55
4397,0.55,0.55,0.55,0.55,0.55
4398,0.55,0.55,0.55,0.55,0.55
4399,0.55,0.55,0.55,0.55,0.55
4400,0.55,0.55,0.55,0.55,0.55
4401,0.55,0.55,0.55,0.55,0.55
4402,0.55,0.55,0.55,0.55,0.55
4403,0.55,0.55,0.55,0.55,0.55
4404,0.55,0.55,0.55,0.55,0.55
4405,0.55,0.55,0.55,0.55,0.55
4406,0.55,0.55,0.55,0.55,0.55
4407,0.55,0.55,0.55,0.55,0.55
4408,0.55,0.55,0.55,0.55,0.55
4409,0.55,0.55,0.55,0.55,0.55
4410,0.55,0.55,0.55,0.55,0.55
4411,0.55,0.55,0.55,0.55,0.55
4412,0.55,0.55,0.55,0.55,0.55
4413,0.55,0.55,0.55,0.55,0.55
4414,0.55,0.55,0.55,0.55,0.55
4415,0.55,0.55,0.55,0.55,0.55
4416,0.55,0.55,0.55,0.55,0.55
4417,0.55,0.55,0.55,0.55,0.55
4418,0.55,0.55,0.55,0.55,0.55
4419,0.55,0.55,0.55,0.55,0.55
4420,0.55,0.55,0.55,0.55,0.55
4421,0.55,0.55,0.55,0.55,0.55
4422,0.55,0.55,0.55,0.55,0.55
4423,0.55,0.55,0.55,0.55,0.55
4424,0.55,0.55,0.55,0.55,0.55
4425,0.55,0.55,0.55,0.55,0.55
4426,0.55,0.55,0.55,0.55,0.55
4427,0.55,0.55,0.55,0.55,0.55
4428,0.55,0.55,0.55,0.55,0.55
4429,0.55,0.55,0.55,0.55,0.55
4430,0.55,0.55,0.55,0.55,0.55
4431,0.55,0.55,0.55,0.55,0.55
4432,0.55,0.55,0.55,0.55,0.55
4433,0.55,0.55,0.55,0.55,0.55
4434,0.55,0.55,0.55,0.55,0.55
4435,0.55,0.55,0.55,0.55,0.55
4436,0.55,0.55,0.55,0.55,0.55
4437,0.55,0.55,0.55,0.55,0.55
4438,0.55,0.55,0.55,0.55,0.55
4439,0.55,0.55,0.55,0.55,0.55
4440,0.55,0.55,0.55,0.55,0.55
4441,0.55,0.55,0.55,0.55,0.55
4442,0.55,0.55,0.55,0.55,0.55
4443,0.55,0.55,0.55,0.55,0.55
4444,0.55,0.55,0.55,0.55,0.55
4445,0.55,0.55,0.55,0.55,0.55
4446,0.55,0.55,0.55,0.55,0.55
4447,0.55,0.55,0.55,0.55,0.55
4448,0.55,0.55,0.55,0.55,0.55
4449,0.55,0.55,0.55,0.55,0.55
4450,0.55,0.55,0.55,0.55,0.55
4451,0.55,0.55,0.55,0.55,0.55
4452,0.55,0.55,0.55,0.55,0.55
4453,0.55,0.55,0.55,0.55,0.55
4454,0.55,0.55,0.55,0.55,0.55
4455,0.55,0.55,0.55,0.55,0.55
4456,0.55,0.55,0.55,0.55,0.55
4457,0.55,0.55,0.55,0.55,0.55
4458,0.55,0.55,0.55,0.55,0.55
4459,0.55,0.55,0.55,0.55,0.55
4460,0.55,0.55,0.55,0.55,0.55
4461,0.55,0.55,0.55,0.55,0.55
4462,0.55,0.55,0.55,0.55,0.55
4463,0.55,0.55,0.55,0.55,0.55
4464,0.55,0.55,0.55,0.55,0.55
4465,0.55,0.55,0.55,0.55,0.55
4466,0.55,0.55,0.55,0.55,0.55
4467,0.55,0.55,0.55,0.55,0.55
4468,0.55,0.55,0.55,0.55,0.55
4469,0.55,0.55,0.55,0.55,0.55
4470,0.55,0.55,0.55,0.55,0.55
4471,0.55,0.55,0.55,0.55,0.55
4472,0.55,0.55,0.55,0.55,0.55
4473,0.55,0.55,0.55,0.55,0.55
4474,0.55,0.55,0.55,0.55,0.55
4475,0.55,0.55,0.55,0.55,0.55
4476,0.55,0.55,0.55,0.55,0.55
4477,0.55,0.55,0.55,0.55,0.55
4478,0.55,0.55,0.55,0.55,0.55
4479,0.55,0.55,0.55,0.55,0.55
4480,0.55,0.55,0.55,0.55,0.55
4481,0.55,0.55,0.55,0.55,0.55
4482,0.55,0.55,0.55,0.55,0.55
4483,0.55,0.55,0.55,0.55,0.55
4484,0.55,0.55,0.55,0.55,0.55
4485,0.55,0.55,0.55,0.55,0.55
4486,0.55,0.55,0.55,0.55,0.55
4487,0.55,0.55,0.55,0.55,0.55
4488,0.55,0.55,0.55,0.55,0.55
4489,0.55,0.55,0.55,0.55,0.55
4490,0.55,0.55,0.55,0.55,0.55
4491,0.55,0.55,0.55,0.55,0.55
4492,0.55,0.55,0.55,0.55,0.55
4493,0.55,0.55,0.55,0.55,0.55
4494,0.55,0.55,0.55,0.55,0.55
4495,0.55,0.55,0.55,0.55,0.55
4496,0.55,0.55,0.55,0.55,0.55
4497,0.55,0.55,0.55,0.55,0.55
4498,0.55,0.55,0.55,0.55,0.55
4499,0.55,0.55,0.55,0.55,0.55
4500,0.55,0.55,0.55,0.55,0.55
4501,0.55,0.55,0.55,0.55,0.55
4502,0.55,0.55,0.55,0.55,0.55
4503,0.55,0.55,0.55,0.55,0.55
4504,0.55,0.55,0.55,0.55,0.55
4505,0.55,0.55,0.55,0.55,0.55
4506,0.55,0.55,0.55,0.55,0.55
4507,0.55,0.55,0.55,0.55,0.55
4508,0.55,0.55,0.55,0.55,0.55
4509,0.55,0.55,0.55,0.55,0.55
4510,0.55,0.55,0.55,0.55,0.55
4511,0.55,0.55,0.55,0.55,0.55
4512,0.55,0.55,0.55,0.55,0.55
4513,0.55,0.55,0.55,0.55,0.55
4514,0.55,0.55,0.55,0.55,0.55
4515,0.55,0.55,0.55,0.55,0.55
4516,0.55,0.55,0.55,0.55,0.55
4517,0.55,0.55,0.55,0.55,0.55
4518,0.55,0.55,0.55,0.55,0.55
4519,0.55,0.55,0.55,0.55,0.55
4520,0.55,0.55,0.55,0.55,0.55
4521,0.55,0.55,0.55,0.55,0.55
4522,0.55,0.55,0.55,0.55,0.55
4523,0.55,0.55,0.55,0.55,0.55
4524,0.55,0.55,0.55,0.55,0.55
4525,0.55,0.55,0.55,0.55,0.55
4526,0.55,0.55,0.55,0.55,0.55
4527,0.55,0.55,0.55,0.55,0.55
4528,0.55,0.55,0.55,0.55,0.55
4529,0.55,0.55,0.55,0.55,0.55
4530,0.55,0.55,0.55,0.55,0.55
4531,0.55,0.55,0.55,0.55,0.55
4532,0.55,0.55,0.55,0.55,0.55
4533,0.55,0.55,0.55,0.55,0.55
4534,0.55,0.55,0.55,0.55,0.55
4535,0.55,0.55,0.55,0.55,0.55
4536,0.55,0.55,0.55,0.55,0.55
4537,0.55,0.55,0.55,0.55,0.55
4538,0.55,0.55,0.55,0.55,0.55
4539,0.55,0.55,0.55,0.55,0.55
4540,0.55,0.55,0.55,0.55,0.55
4541,0.55,0.55,0.55,0.55,0.55
4542,0.55,0.55,0.55,0.55,0.55
4543,0.55,0.55,0.55,0.55,0.55
4544,0.55,0.55,0.55,0.55,0.55
4545,0.55,0.55,0.55,0.55,0.55
4546,0.55,0.55,0.55,0.55,0.55
4547,0.55,0.55,0.55,0.55,0.55
4548,0.55,0.55,0.55,0.55,0.55
4549,0.55,0.55,0.55,0.55,0.55
4550,0.55,0.55,0.55,0.55,0.55
4551,0.55,0.55,0.55,0.55,0.55
4552,0.55,0.55,0.55,0.55,0.55
4553,0.55,0.55,0.55,0.55,0.55
4554,0.55,0.55,0.55,0.55,0.55
4555,0.55,0.55,0.55,0.55,0.55
4556,0.55,0.55,0.55,0.55,0.55
4557,0.55,0.55,0.55,0.55,0.55
4558,0.55,0.55,0.55,0.55,0.55
4559,0.55,0.55,0.55,0.55,0.55
4560,0.55,0.55,0.55,0.55,0.55
4561,0.55,0.55,0.55,0.55,0.55
4562,0.55,0.55,0.55,0.55,0.55
4563,0.55,0.55,0.55,0.55,0.55
4564,0.55,0.55,0.55,0.55,0.55
4565,0.55,0.55,0.55,0.55,0.55
4566,0.55,0.55,0.55,0.55,0.55
4567,0.55,0.55,0.55,0.55,0.55
4568,0.55,0.55,0.55,0.55,0.55
4569,0.55,0.55,0.55,0.55,0.55
4570,0.55,0.55,0.55,0.55,0.55
4571,0.55,0.55,0.55,0.55,0.55
4572,0.55,0.55,0.55,0.55,0.55
4573,0.55,0.55,0.55,0.55,0.55
4574,0.55,0.55,0.55,0.55,0.55
4575,0.55,0.55,0.55,0.55,0.55
4576,0.55,0.55,0.55,0.55,0.55
4577,0.55,0.55,0.55,0.55,0.55
4578,0.55,0.55,0.55,0.55,0.55
4579,0.55,0.55,0.55,0.55,0.55
4580,0.55,0.55,0.55,0.55,0.55
4581,0.55,0.55,0.55,0.55,0.55
4582,0.55,0.55,0.55,0.55,0.55
4583,0.55,0.55,0.55,0.55,0.55
4584,0.55,0.55,0.55,0.55,0.55
4585,0.55,0.55,0.55,0.55,0.55
4586,0.55,0.55,0.55,0.55,0.55
4587,0.55,0.55,0.55,0.55,0.55
4588,0.55,0.55,0.55,0.55,0.55
4589,0.55,0.55,0.55,0.55,0.55
4590,0.55,0.55,0.55,0.55,0.55
4591,0.55,0.55,0.55,0.55,0.55
4592,0.55,0.55,0.55,0.55,0.55
4593,0.55,0.55,0.55,0.55,0.55
4594,0.55,0.55,0.55,0.55,0.55
4595,0.55,0.55,0.55,0.55,0.55
4596,0.55,0.55,0.55,0.55,0.55
4597,0.55,0.55,0.55,0.55,0.55
4598,0.55,0.55,0.55,0.55,0.55
4599,0.55,0.55,0.55,0.55,0.55
4600,0.55,0.55,0.55,0.55,0.55
4601,0.55,0.55,0.55,0.55,0.55
4602,0.55,0.55,0.55,0.55,0.55
4603,0.55,0.55,0.55,0.55,0.55
4604,0.55,0.55,0.55,0.55,0.55
4605,0.55,0.55,0.55,0.55,0.55
4606,0.55,0.55,0.55,0.55,0.55
4607,0.55,0.55,0.55,0.55,0.55
4608,0.55,0.55,0.55,0.55,0.55
4609,0.55,0.55,0.55,0.55,0.55
4610,0.55,0.55,0.55,0.55,0.55
4611,0.55,0.55,0.55,0.55,0.55
4612,0.55,0.55,0.55,0.55,0.55
4613,0.55,0.55,0.55,0.55,0.55
4614,0.55,0.55,0.55,0.55,0.55
4615,0.55,0.55,0.55,0.55,0.55
4616,0.55,0.55,0.55,0.55,0.55
4617,0.55,0.55,0.55,0.55,0.55
4618,0.55,0.55,0.55,0.55,0.55
4619,0.55,0.55,0.55,0.55,0.55
4620,0.55,0.55,0.55,0.55,0.55
4621,0.55,0.55,0.55,0.55,0.55
4622,0.55,0.55,0.55,0.55,0.55
4623,0.55,0.55,0.55,0.55,0.55
4624,0.55,0.55,0.55,0.55,0.55
4625,0.55,0.55,0.55,0.55,0.55
4626,0.55,0.55,0.55,0.55,0.55
4627,0.55,0.55,0.55,0.55,0.55
4628,0.55,0.55,0.55,0.55,0.55
4629,0.55,0.55,0.55,0.55,0.55
4630,0.55,0.55,0.55,0.55,0.55
4631,0.55,0.55,0.55,0.55,0.55
4632,0.55,0.55,0.55,0.55,0.55
4633,0.55,0.55,0.55,0.55,0.55
4634,0.55,0.55,0.55,0.55,0.55
4635,0.55,0.55,0.55,0.55,0.55
4636,0.55,0.55,0.55,0.55,0.55
4637,0.55,0.55,0.55,0.55,0.55
4638,0.55,0.55,0.55,0.55,0.55
4639,0.55,0.55,0.55,0.55,0.55
4640,0.55,0.55,0.55,0.55,0.55
4641,0.55,0.55,0.55,0.55,0.55
4642,0.55,0.55,0.55,0.55,0.55
4643,0.55,0.55,0.55,0.55,0.55
4644,0.55,0.55,0.55,0.55,0.55
4645,0.55,0.55,0.55,0.55,0.55
4646,0.55,0.55,0.55,0.55,0.55
4647,0.55,0.55,0.55,0.55,0.55
4648,0.55,0.55,0.55,0.55,0.55
4649,0.55,0.55,0.55,0.55,0.55
4650,0.55,0.55,0.55,0.55,0.55
4651,0.55,0.55,0.55,0.55,0.55
4652,0.55,0.55,0.55,0.55,0.55
4653,0.55,0.55,0.55,0.55,0.55
4654,0.55,0.55,0.55,0.55,0.55
4655,0.55,0.55,0.55,0.55,0.55
4656,0.55,0.55,0.55,0.55,0.55
4657,0.55,0.55,0.55,0.55,0.55
4658,0.55,0.55,0.55,0.55,0.55
4659,0.55,0.55,0.55,0.55,0.55
4660,0.55,0.55,0.55,0.55,0.55
4661,0.55,0.55,0.55,0.55,0.55
4662,0.55,0.55,0.55,0.55,0.55
4663,0.55,0.55,0.55,0.55,0.55
4664,0.55,0.55,0.55,0.55,0.55
4665,0.55,0.55,0.55,0.55,0.55
4666,0.55,0.55,0.55,0.55,0.55
4667,0.55,0.55,0.55,0.55,0.55
4668,0.55,0.55,0.55,0.55,0.55
4669,0.55,0.55,0.55,0.55,0.55
4670,0.55,0.55,0.55,0.55,0.55
4671,0.55,0.55,0.55,0.55,0.55
4672,0.55,0.55,0.55,0.55,0.55
4673,0.55,0.55,0.55,0.55,0.55
4674,0.55,0.55,0.55,0.55,0.55
4675,0.55,0.55,0.55,0.55,0.55
4676,0.55,0.55,0.55,0.55,0.55
4677,0.55,0.55,0.55,0.55,0.55
4678,0.55,0.55,0.55,0.55,0.55
4679,0.55,0.55,0.55,0.55,0.55
4680,0.55,0.55,0.55,0.55,0.55
4681,0.55,0.55,0.55,0.55,0.55
4682,0.55,0.55,0.55,0.55,0.55
4683,0.55,0.55,0.55,0.55,0.55
4684,0.55,0.55,0.55,0.55,0.55
4685,0.55,0.55,0.55,0.55,0.55
4686,0.55,0.55,0.55,0.55,0.55
4687,0.55,0.55,0.55,0.55,0.55
4688,0.55,0.55,0.55,0.55,0.55
4689,0.55,0.55,0.55,0.55,0.55
4690,0.55,0.55,0.55,0.55,0.55
4691,0.55,0.55,0.55,0.55,0.55
4692,0.55,0.55,0.55,0.55,0.55
4693,0.55,0.55,0.55,0.55,0.55
4694,0.55,0.55,0.55,0.55,0.55
4695,0.55,0.55,0.55,0.55,0.55
4696,0.55,0.55,0.55,0.55,0.55
4697,0.55,0.55,0.55,0.55,0.55
4698,0.55,0.55,0.55,0.55,0.55
4699,0.55,0.55,0.55,0.55,0.55
4700,0.55,0.55,0.55,0.55,0.55
4701,0.55,0.55,0.55,0.55,0.55
4702,0.55,0.55,0.55,0.55,0.55
4703,0.55,0.55,0.55,0.55,0.55
4704,0.55,0.55,0.55,0.55,0.55
4705,0.55,0.55,0.55,0.55,0.55
4706,0.55,0.55,0.55,0.55,0.55
4707,0.55,0.55,0.55,0.55,0.55
4708,0.55,0.55,0.55,0.55,0.55
4709,0.55,0.55,0.55,0.55,0.55
4710,0.55,0.55,0.55,0.55,0.55
4711,0.55,0.55,0.55,0.55,0.55
4712,0.55,0.55,0.55,0.55,0.55
4713,0.55,0.55,0.55,0.55,0.55
4714,0.55,0.55,0.55,0.55,0.55
4715,0.55,0.55,0.55,0.55,0.55
4716,0.55,0.55,0.55,0.55,0.55
4717,0.55,0.55,0.55,0.55,0.55
4718,0.55,0.55,0.55,0.55,0.55
4719,0.55,0.55,0.55,0.55,0.55
4720,0.55,0.55,0.55,0.55,0.55
4721,0.55,0.55,0.55,0.55,0.55
4722,0.55,0.55,0.55,0.55,0.55
4723,0.55,0.55,0.55,0.55,0.55
4724,0.55,0.55,0.55,0.55,0.55
4725,0.55,0.55,0.55,0.55,0.55
4726,0.55,0.55,0.55,0.55,0.55
4727,0.55,0.55,0.55,0.55,0.55
4728,0.55,0.55,0.55,0.55,0.55
4729,0.55,0.55,0.55,0.55,0.55
4730,0.55,0.55,0.55,0.55,0.55
4731,0.55,0.55,0.55,0.55,0.55
4732,0.55,0.55,0.55,0.55,0.55
4733,0.55,0.55,0.55,0.55,0.55
4734,0.55,0.55,0.55,0.55,0.55
4735,0.55,0.55,0.55,0.55,0.55
4736,0.55,0.55,0.55,0.55,0.55
4737,0.55,0.55,0.55,0.55,0.55
4738,0.55,0.55,0.55,0.55,0.55
4739,0.55,0.55,0.55,0.55,0.55
4740,0.55,0.55,0.55,0.55,0.55
4741,0.55,0.55,0.55,0.55,0.55
4742,0.55,0.55,0.55,0.55,0.55
4743,0.55,0.55,0.55,0.55,0.55
4744,0.55,0.55,0.55,0.55,0.55
4745,0.55,0.55,0.55,0.55,0.55
4746,0.55,0.55,0.55,0.55,0.55
4747,0.55,0.55,0.55,0.55,0.55
4748,0.55,0.55,0.55,0.55,0.55
4749,0.55,0.55,0.55,0.55,0.55
4750,0.55,0.55,0.55,0.55,0.55
4751,0.55,0.55,0.55,0.55,0.55
4752,0.55,0.55,0.55,0.55,0.55
4753,0.55,0.55,0.55,0.55,0.55
4754,0.55,0.55,0.55,0.55,0.55
4755,0.55,0.55,0.55,0.55,0.55
4756,0.55,0.55,0.55,0.55,0.55
4757,0.55,0.55,0.55,0.55,0.55
4758,0.55,0.55,0.55,0.55,0.55
4759,0.55,0.55,0.55,0.55,0.55
4760,0.55,0.55,0.55,0.55,0.55
4761,0.55,0.55,0.55,0.55,0.55
4762,0.55,0.55,0.55,0.55,0.55
4763,0.55,0.55,0.55,0.55,0.55
4764,0.55,0.55,0.55,0.55,0.55
4765,0.55,0.55,0.55,0.55,0.55
4766,0.55,0.55,0.55,0.55,0.55
4767,0.55,0.55,0.55,0.55,0.55
4768,0.55,0.55,0.55,0.55,0.55
4769,0.55,0.55,0.55,0.55,0.55
4770,0.55,0.55,0.55,0.55,0.55
4771,0.55,0.55,0.55,0.55,0.55
4772,0.55,0.55,0.55,0.55,0.55
4773,0.55,0.55,0.55,0.55,0.55
4774,0.55,0.55,0.55,0.55,0.55
4775,0.55,0.55,0.55,0.55,0.55
4776,0.55,0.55,0.55,0.55,0.55
4777,0.55,0.55,0.55,0.55,0.55
4778,0.55,0.55,0.55,0.55,0.55
4779,0.55,0.55,0.55,0.55,0.55
4780,0.55,0.55,0.55,0.55,0.55
4781,0.55,0.55,0.55,0.55,0.55
4782,0.55,0.55,0.55,0.55,0.55
4783,0.55,0.55,0.55,0.55,0.55
4784,0.55,0.55,0.55,0.55,0.55
4785,0.55,0.55,0.55,0.55,0.55
4786,0.55,0.55,0.55,0.55,0.55
4787,0.55,0.55,0.55,0.55,0.55
4788,0.55,0.55,0.55,0.55,0.55
4789,0.55,0.55,0.55,0.55,0.55
4790,0.55,0.55,0.55,0.55,0.55
4791,0.55,0.55,0.55,0.55,0.55
4792,0.55,0.55,0.55,0.55,0.55
4793,0.55,0.55,0.55,0.55,0.55
4794,0.55,0.55,0.55,0.55,0.55
4795,0.55,0.55,0.55,0.55,0.55
4796,0.55,0.55,0.55,0.55,0.55
4797,0.55,0.55,0.55,0.55,0.55
4798,0.55,0.55,0.55,0.55,0.55
4799,0.55,0.55,0.55,0.55,0.55
4800,0.55,0.55,0.55,0.55,0.55
4801,0.55,0.55,0.55,0.55,0.55
4802,0.55,0.55,0.55,0.55,0.55
4803,0.55,0.55,0.55,0.55,0.55
4804,0.55,0.55,0.55,0.55,0.55
4805,0.55,0.55,0.55,0.55,0.55
4806,0.55,0.55,0.55,0.55,0.55
4807,0.55,0.55,0.55,0.55,0.55
4808,0.55,0.55,0.55,0.55,0.55
4809,0.55,0.55,0.55,0.55,0.55
4810,0.55,0.55,0.55,0.55,0.55
4811,0.55,0.55,0.55,0.55,0.55
4812,0.55,0.55,0.55,0.55,0.55
4813,0.55,0.55,0.55,0.55,0.55
4814,0.55,0.55,0.55,0.55,0.55
4815,0.55,0.55,0.55,0.55,0.55
4816,0.55,0.55,0.55,0.55,0.55
4817,0.55,0.55,0.55,0.55,0.55
4818,0.55,0.55,0.55,0.55,0.55
4819,0.55,0.55,0.55,0.55,0.55
4820,0.55,0.55,0.55,0.55,0.55
4821,0.55,0.55,0.55,0.55,0.55
4822,0.55,0.55,0.55,0.55,0.55
4823,0.55,0.55,0.55,0.55,0.55
4824,0.55,0.55,0.55,0.55,0.55
4825,0.55,0.55,0.55,0.55,0.55
4826,0.55,0.55,0.55,0.55,0.55
4827,0.55,0.55,0.55,0.55,0.55
4828,0.55,0.55,0.55,0.55,0.55
4829,0.55,0.55,0.55,0.55,0.55
4830,0.55,0.55,0.55,0.55,0.55
4831,0.55,0.55,0.55,0.55,0.55
4832,0.55,0.55,0.55,0.55,0.55
4833,0.55,0.55,0.55,0.55,0.55
4834,0.55,0.55,0.55,0.55,0.55
4835,0.55,0.55,0.55,0.55,0.55
4836,0.55,0.55,0.55,0.55,0.55
4837,0.55,0.55,0.55,0.55,0.55
4838,0.55,0.55,0.55,0.55,0.55
4839,0.55,0.55,0.55,0.55,0.55
4840,0.55,0.55,0.55,0.55,0.55
4841,0.55,0.55,0.55,0.55,0.55
4842,0.55,0.55,0.55,0.55,0.55
4843,0.55,0.55,0.55,0.55,0.55
4844,0.55,0.55,0.55,0.55,0.55
4845,0.55,0.55,0.55,0.55,0.55
4846,0.55,0.55,0.55,0.55,0.55
4847,0.55,0.55,0.55,0.55,0.55
4848,0.55,0.55,0.55,0.55,0.55
4849,0.55,0.55,0.55,0.55,0.55
4850,0.55,0.55,0.55,0.55,0.55
4851,0.55,0.55,0.55,0.55,0.55
4852,0.55,0.55,0.55,0.55,0.55
4853,0.55,0.55,0.55,0.55,0.55
4854,0.55,0.55,0.55,0.55,0.55
4855,0.55,0.55,0.55,0.55,0.55
4856,0.55,0.55,0.55,0.55,0.55
4857,0.55,0.55,0.55,0.55,0.55
4858,0.55,0.55,0.55,0.55,0.55
4859,0.55,0.55,0.55,0.55,0.55
4860,0.55,0.55,0.55,0.55,0.55
4861,0.55,0.55,0.55,0.55,0.55
4862,0.55,0.55,0.55,0.55,0.55
4863,0.55,0.55,0.55,0.55,0.55
4864,0.55,0.55,0.55,0.55,0.55
4865,0.55,0.55,0.55,0.55,0.55
4866,0.55,0.55,0.55,0.55,0.55
4867,0.55,0.55,0.55,0.55,0.55
4868,0.55,0.55,0.55,0.55,0.55
4869,0.55,0.55,0.55,0.55,0.55
4870,0.55,0.55,0.55,0.55,0.55
4871,0.55,0.55,0.55,0.55,0.55
4872,0.55,0.55,0.55,0.55,0.55
4873,0.55,0.55,0.55,0.55,0.55
4874,0.55,0.55,0.55,0.55,0.55
4875,0.55,0.55,0.55,0.55,0.55
4876,0.55,0.55,0.55,0.55,0.55
4877,0.55,0.55,0.55,0.55,0.55
4878,0.55,0.55,0.55,0.55,0.55
4879,0.55,0.55,0.55,0.55,0.55
4880,0.55,0.55,0.55,0.55,0.55
4881,0.55,0.55,0.55,0.55,0.55
4882,0.55,0.55,0.55,0.55,0.55
4883,0.55,0.55,0.55,0.55,0.55
4884,0.55,0.55,0.55,0.55,0.55
4885,0.55,0.55,0.55,0.55,0.55
4886,0.55,0.55,0.55,0.55,0.55
4887,0.55,0.55,0.55,0.55,0.55
4888,0.55,0.55,0.55,0.55,0.55
4889,0.55,0.55,0.55,0.55,0.55
4890,0.55,0.55,0.55,0.55,0.55
4891,0.55,0.55,0.55,0.55,0.55
4892,0.55,0.55,0.55,0.55,0.55
4893,0.55,0.55,0.55,0.55,0.55
4894,0.55,0.55,0.55,0.55,0.55
4895,0.55,0.55,0.55,0.55,0.55
4896,0.55,0.55,0.55,0.55,0.55
4897,0.55,0.55,0.55,0.55,0.55
4898,0.55,0.55,0.55,0.55,0.55
4899,0.55,0.55,0.55,0.55,0.55
4900,0.55,0.55,0.55,0.55,0.55
4901,0.55,0.55,0.55,0.55,0.55
4902,0.55,0.55,0.55,0.55,0.55
4903,0.55,0.55,0.55,0.55,0.55
4904,0.55,0.55,0.55,0.55,0.55
4905,0.55,0.55,0.55,0.55,0.55
4906,0.55,0.55,0.55,0.55,0.55
4907,0.55,0.55,0.55,0.55,0.55
4908,0.55,0.55,0.55,0.55,0.55
4909,0.55,0.55,0.55,0.55,0.55
4910,0.55,0.55,0.55,0.55,0.55
4911,0.55,0.55,0.55,0.55,0.55
4912,0.55,0.55,0.55,0.55,0.55
4913,0.55,0.55,0.55,0.55,0.55
4914,0.55,0.55,0.55,0.55,0.55
4915,0.55,0.55,0.55,0.55,0.55
4916,0.55,0.55,0.55,0.55,0.55
4917,0.55,0.55,0.55,0.55,0.55
4918,0.55,0.55,0.55,0.55,0.55
4919,0.55,0.55,0.55,0.55,0.55
4920,0.55,0.55,0.55,0.55,0.55
4921,0.55,0.55,0.55,0.55,0.55
4922,0.55,0.55,0.55,0.55,0.55
4923,0.55,0.55,0.55,0.55,0.55
4924,0.55,0.55,0.55,0.55,0.55
4925,0.55,0.55,0.55,0.55,0.55
4926,0.55,0.55,0.55,0.55,0.55
4927,0.55,0.55,0.55,0.55,0.55
4928,0.55,0.55,0.55,0.55,0.55
4929,0.55,0.55,0.55,0.55,0.55
4930,0.55,0.55,0.55,0.55,0.55
4931,0.55,0.55,0.55,0.55,0.55
4932,0.55,0.55,0.55,0.55,0.55
4933,0.55,0.55,0.55,0.55,0.55
4934,0.55,0.55,0.55,0.55,0.55
4935,0.55,0.55,0.55,0.55,0.55
4936,0.55,0.55,0.55,0.55,0.55
4937,0.55,0.55,0.55,0.55,0.55
4938,0.55,0.55,0.55,0.55,0.55
4939,0.55,0.55,0.55,0.55,0.55
4940,0.55,0.55,0.55,0.55,0.55
4941,0.55,0.55,0.55,0.55,0.55
4942,0.55,0.55,0.55,0.55,0.55
4943,0.55,0.55,0.55,0.55,0.55
4944,0.55,0.55,0.55,0.55,0.55
4945,0.55,0.55,0.55,0.55,0.55
4946,0.55,0.55,0.55,0.55,0.55
4947,0.55,0.55,0.55,0.55,0.55
4948,0.55,0.55,0.55,0.55,0.55
4949,0.55,0.55,0.55,0.55,0.55
4950,0.55,0.55,0.55,0.55,0.55
4951,0.55,0.55,0.55,0.55,0.55
4952,0.55,0.55,0.55,0.55,0.55
4953,0.55,0.55,0.55,0.55,0.55
4954,0.55,0.55,0.55,0.55,0.55
4955,0.55,0.55,0.55,0.55,0.55
4956,0.55,0.55,0.55,0.55,0.55
4957,0.55,0.55,0.55,0.55,0.55
4958,0.55,0.55,0.55,0.55,0.55
4959,0.55,0.55,0.55,0.55,0.55
4960,0.55,0.55,0.55,0.55,0.55
4961,0.55,0.55,0.55,0.55,0.55
4962,0.55,0.55,0.55,0.55,0.55
4963,0.55,0.55,0.55,0.55,0.55
4964,0.55,0.55,0.55,0.55,0.55
4965,0.55,0.55,0.55,0.55,0.55
4966,0.55,0.55,0.55,0.55,0.55
4967,0.55,0.55,0.55,0.55,0.55
4968,0.55,0.55,0.55,0.55,0.55
4969,0.55,0.55,0.55,0.55,0.55
4970,0.55,0.55,0.55,0.55,0.55
4971,0.55,0.55,0.55,0.55,0.55
4972,0.55,0.55,0.55,0.55,0.55
4973,0.55,0.55,0.55,0.55,0.55
4974,0.55,0.55,0.55,0.55,0.55
4975,0.55,0.55,0.55,0.55,0.55
4976,0.55,0.55,0.55,0.55,0.55
4977,0.55,0.55,0.55,0.55,0.55
4978,0.55,0.55,0.55,0.55,0.55
4979,0.55,0.55,0.55,0.55,0.55
4980,0.55,0.55,0.55,0.55,0.55
4981,0.55,0.55,0.55,0.55,0.55
4982,0.55,0.55,0.55,0.55,0.55
4983,0.55,0.55,0.55,0.55,0.55
4984,0.55,0.55,0.55,0.55,0.55
4985,0.55,0.55,0.55,0.55,0.55
4986,0.55,0.55,0.55,0.55,0.55
4987,0.55,0.55,0.55,0.55,0.55
4988,0.55,0.55,0.55,0.55,0.55
4989,0.55,0.55,0.55,0.55,0.55
4990,0.55,0.55,0.55,0.55,0.55
4991,0.55,0.55,0.55,0.55,0.55
4992,0.55,0.55,0.55,0.55,0.55
4993,0.55,0.55,0.55,0.55,0.55
4994,0.55,0.55,0.55,0.55,0.55
4995,0.55,0.55,0.55,0.55,0.55
4996,0.55,0.55,0.55,0.55,0.55
4997,0.55,0.55,0.55,0.55,0.55
4998,0.55,0.55,0.55,0.55,0.55
4999,0.55,0.55,0.55,0.55,0.55
5000,0.55,0.55,0.55,0.55,0.55
5001,0.55,0.55,0.55,0.55,0.55
5002,0.55,0.55,0.55,0.55,0.55
5003,0.55,0.55,0.55,0.55,0.55
5004,0.55,0.55,0.55,0.55,0.55
5005,0.55,0.55,0.55,0.55,0.55
5006,0.55,0.55,0.55,0.55,0.55
5007,0.55,0.55,0.55,0.55,0.55
5008,0.55,0.55,0.55,0.55,0.55
5009,0.55,0.55,0.55,0.55,0.55
5010,0.55,0.55,0.55,0.55,0.55
5011,0.55,0.55,0.55,0.55,0.55
5012,0.55,0.55,0.55,0.55,0.55
5013,0.55,0.55,0.55,0.55,0.55
5014,0.55,0.55,0.55,0.55,0.55
5015,0.55,0.55,0.55,0.55,0.55
5016,0.55,0.55,0.55,0.55,0.55
5017,0.55,0.55,0.55,0.55,0.55
5018,0.55,0.55,0.55,0.55,0.55
5019,0.55,0.55,0.55,0.55,0.55
5020,0.55,0.55,0.55,0.55,0.55
5021,0.55,0.55,0.55,0.55,0.55
5022,0.55,0.55,0.55,0.55,0.55
5023,0.55,0.55,0.55,0.55,0.55
5024,0.55,0.55,0.55,0.55,0.55
5025,0.55,0.55,0.55,0.55,0.55
5026,0.55,0.55,0.55,0.55,0.55
5027,0.55,0.55,0.55,0.55,0.55
5028,0.55,0.55,0.55,0.55,0.55
5029,0.55,0.55,0.55,0.55,0.55
5030,0.55,0.55,0.55,0.55,0.55
5031,0.55,0.55,0.55,0.55,0.55
5032,0.55,0.55,0.55,0.55,0.55
5033,0.55,0.55,0.55,0.55,0.55
5034,0.55,0.55,0.55,0.55,0.55
5035,0.55,0.55,0.55,0.55,0.55
5036,0.55,0.55,0.55,0.55,0.55
5037,0.55,0.55,0.55,0.55,0.55
5038,0.55,0.55,0.55,0.55,0.55
5039,0.55,0.55,0.55,0.55,0.55
5040,0.55,0.55,0.55,0.55,0.55
5041,0.55,0.55,0.55,0.55,0.55
5042,0.55,0.55,0.55,0.55,0.55
5043,0.55,0.55,0.55,0.55,0.55
5044,0.55,0.55,0.55,0.55,0.55
5045,0.55,0.55,0.55,0.55,0.55
5046,0.55,0.55,0.55,0.55,0.55
5047,0.55,0.55,0.55,0.55,0.55
5048,0.55,0.55,0.55,0.55,0.55
5049,0.55,0.55,0.55,0.55,0.55
5050,0.55,0.55,0.55,0.55,0.55
5051,0.55,0.55,0.55,0.55,0.55
5052,0.55,0.55,0.55,0.55,0.55
5053,0.55,0.55,0.55,0.55,0.55
5054,0.55,0.55,0.55,0.55,0.55
5055,0.55,0.55,0.55,0.55,0.55
5056,0.55,0.55,0.55,0.55,0.55
5057,0.55,0.55,0.55,0.55,0.55
5058,0.55,0.55,0.55,0.55,0.55
5059,0.55,0.55,0.55,0.55,0.55
5060,0.55,0.55,0.55,0.55,0.55
5061,0.55,0.55,0.55,0.55,0.55
5062,0.55,0.55,0.55,0.55,0.55
5063,0.55,0.55,0.55,0.55,0.55
5064,0.55,0.55,0.55,0.55,0.55
5065,0.55,0.55,0.55,0.55,0.55
5066,0.55,0.55,0.55,0.55,0.55
5067,0.55,0.55,0.55,0.55,0.55
5068,0.55,0.55,0.55,0.55,0.55
5069,0.55,0.55,0.55,0.55,0.55
5070,0.55,0.55,0.55,0.55,0.55
5071,0.55,0.55,0.55,0.55,0.55
5072,0.55,0.55,0.55,0.55,0.55
5073,0.55,0.55,0.55,0.55,0.55
5074,0.55,0.55,0.55,0.55,0.55
5075,0.55,0.55,0.55,0.55,0.55
5076,0.55,0.55,0.55,0.55,0.55
5077,0.55,0.55,0.55,0.55,0.55
5078,0.55,0.55,0.55,0.55,0.55
5079,0.55,0.55,0.55,0.55,0.55
5080,0.55,0.55,0.55,0.55,0.55
5081,0.55,0.55,0.55,0.55,0.55
5082,0.55,0.55,0.55,0.55,0.55
5083,0.55,0.55,0.55,0.55,0.55
5084,0.55,0.55,0.55,0.55,0.55
5085,0.55,0.55,0.55,0.55,0.55
5086,0.55,0.55,0.55,0.55,0.55
5087,0.55,0.55,0.55,0.55,0.55
5088,0.55,0.55,0.55,0.55,0.55
5089,0.55,0.55,0.55,0.55,0.55
5090,0.55,0.55,0.55,0.55,0.55
5091,0.55,0.55,0.55,0.55,0.55
5092,0.55,0.55,0.55,0.55,0.55
5093,0.55,0.55,0.55,0.55,0.55
5094,0.55,0.55,0.55,0.55,0.55
5095,0.55,0.55,0.55,0.55,0.55
5096,0.55,0.55,0.55,0.55,0.55
5097,0.55,0.55,0.55,0.55,0.55
5098,0.55,0.55,0.55,0.55,0.55
5099,0.55,0.55,0.55,0.55,0.55
5100,0.55,0.55,0.55,0.55,0.55
5101,0.55,0.55,0.55,0.55,0.55
5102,0.55,0.55,0.55,0.55,0.55
5103,0.55,0.55,0.55,0.55,0.55
5104,0.55,0.55,0.55,0.55,0.55
5105,0.55,0.55,0.55,0.55,0.55
5106,0.55,0.55,0.55,0.55,0.55
5107,0.55,0.55,0.55,0.55,0.55
5108,0.55,0.55,0.55,0.55,0.55
5109,0.55,0.55,0.55,0.55,0.55
5110,0.55,0.55,0.55,0.55,0.55
5111,0.55,0.55,0.55,0.55,0.55
5112,0.55,0.55,0.55,0.55,0.55
5113,0.55,0.55,0.55,0.55,0.55
5114,0.55,0.55,0.55,0.55,0.55
5115,0.55,0.55,0.55,0.55,0.55
5116,0.55,0.55,0.55,0.55,0.55
5117,0.55,0.55,0.55,0.55,0.55
5118,0.55,0.55,0.55,0.55,0.55
5119,0.55,0.55,0.55,0.55,0.55
5120,0.55,0.55,0.55,0.55,0.55
5121,0.55,0.55,0.55,0.55,0.55
5122,0.55,0.55,0.55,0.55,0.55
5123,0.55,0.55,0.55,0.55,0.55
5124,0.55,0.55,0.55,0.55,0.55
5125,0.55,0.55,0.55,0.55,0.55
5126,0.55,0.55,0.55,0.55,0.55
5127,0.55,0.55,0.55,0.55,0.55
5128,0.55,0.55,0.55,0.55,0.55
5129,0.55,0.55,0.55,0.55,0.55
5130,0.55,0.55,0.55,0.55,0.55
5131,0.55,0.55,0.55,0.55,0.55
5132,0.55,0.55,0.55,0.55,0.55
5133,0.55,0.55,0.55,0.55,0.55
5134,0.55,0.55,0.55,0.55,0.55
5135,0.55,0.55,0.55,0.55,0.55
5136,0.55,0.55,0.55,0.55,0.55
5137,0.55,0.55,0.55,0.55,0.55
5138,0.55,0.55,0.55,0.55,0.55
5139,0.55,0.55,0.55,0.55,0.55
5140,0.55,0.55,0.55,0.55,0.55
5141,0.55,0.55,0.55,0.55,0.55
5142,0.55,0.55,0.55,0.55,0.55
5143,0.55,0.55,0.55,0.55,0.55
5144,0.55,0.55,0.55,0.55,0.55
5145,0.55,0.55,0.55,0.55,0.55
5146,0.55,0.55,0.55,0.55,0.55
5147,0.55,0.55,0.55,0.55,0.55
5148,0.55,0.55,0.55,0.55,0.55
5149,0.55,0.55,0.55,0.55,0.55
5150,0.55,0.55,0.55,0.55,0.55
5151,0.55,0.55,0.55,0.55,0.55
5152,0.55,0.55,0.55,0.55,0.55
5153,0.55,0.55,0.55,0.55,0.55
5154,0.55,0.55,0.55,0.55,0.55
5155,0.55,0.55,0.55,0.55,0.55
5156,0.55,0.55,0.55,0.55,0.55
5157,0.55,0.55,0.55,0.55,0.55
5158,0.55,0.55,0.55,0.55,0.55
5159,0.55,0.55,0.55,0.55,0.55
5160,0.55,0.55,0.55,0.55,0.55
5161,0.55,0.55,0.55,0.55,0.55
5162,0.55,0.55,0.55,0.55,0.55
5163,0.55,0.55,0.55,0.55,0.55
5164,0.55,0.55,0.55,0.55,0.55
5165,0.55,0.55,0.55,0.55,0.55
5166,0.55,0.55,0.55,0.55,0.55
5167,0.55,0.55,0.55,0.55,0.55
5168,0.55,0.55,0.55,0.55,0.55
5169,0.55,0.55,0.55,0.55,0.55
5170,0.55,0.55,0.55,0.55,0.55
5171,0.55,0.55,0.55,0.55,0.55
5172,0.55,0.55,0.55,0.55,0.55
5173,0.55,0.55,0.55,0.55,0.55
5174,0.55,0.55,0.55,0.55,0.55
5175,0.55,0.55,0.55,0.55,0.55
5176,0.55,0.55,0.55,0.55,0.55
5177,0.55,0.55,0.55,0.55,0.55
5178,0.55,0.55,0.55,0.55,0.55
5179,0.55,0.55,0.55,0.55,0.55
5180,0.55,0.55,0.55,0.55,0.55
5181,0.55,0.55,0.55,0.55,0.55
5182,0.55,0.55,0.55,0.55,0.55
5183,0.55,0.55,0.55,0.55,0.55
5184,0.55,0.55,0.55,0.55,0.55
5185,0.55,0.55,0.55,0.55,0.55
5186,0.55,0.55,0.55,0.55,0.55
5187,0.55,0.55,0.55,0.55,0.55
5188,0.55,0.55,0.55,0.55,0.55
5189,0.55,0.55,0.55,0.55,0.55
5190,0.55,0.55,0.55,0.55,0.55
5191,0.55,0.55,0.55,0.55,0.55
5192,0.55,0.55,0.55,0.55,0.55
5193,0.55,0.55,0.55,0.55,0.55
5194,0.55,0.55,0.55,0.55,0.55
5195,0.55,0.55,0.55,0.55,0.55
5196,0.55,0.55,0.55,0.55,0.55
5197,0.55,0.55,0.55,0.55,0.55
5198,0.55,0.55,0.55,0.55,0.55
5199,0.55,0.55,0.55,0.55,0.55
5200,0.55,0.55,0.55,0.55,0.55
5201,0.55,0.55,0.55,0.55,0.55
5202,0.55,0.55,0.55,0.55,0.55
5203,0.55,0.55,0.55,0.55,0.55
5204,0.55,0.55,0.55,0.55,0.55
5205,0.55,0.55,0.55,0.55,0.55
5206,0.55,0.55,0.55,0.55,0.55
5207,0.55,0.55,0.55,0.55,0.55
5208,0.55,0.55,0.55,0.55,0.55
5209,0.55,0.55,0.55,0.55,0.55
5210,0.55,0.55,0.55,0.55,0.55
5211,0.55,0.55,0.55,0.55,0.55
5212,0.55,0.55,0.55,0.55,0.55
5213,0.55,0.55,0.55,0.55,0.55
5214,0.55,0.55,0.55,0.55,0.55
5215,0.55,0.55,0.55,0.55,0.55
5216,0.55,0.55,0.55,0.55,0.55
5217,0.55,0.55,0.55,0.55,0.55
5218,0.55,0.55,0.55,0.55,0.55
5219,0.55,0.55,0.55,0.55,0.55
5220,0.55,0.55,0.55,0.55,0.55
5221,0.55,0.55,0.55,0.55,0.55
5222,0.55,0.55,0.55,0.55,0.55
5223,0.55,0.55,0.55,0.55,0.55
5224,0.55,0.55,0.55,0.55,0.55
5225,0.55,0.55,0.55,0.55,0.55
5226,0.55,0.55,0.55,0.55,0.55
5227,0.55,0.55,0.55,0.55,0.55
5228,0.55,0.55,0.55,0.55,0.55
5229,0.55,0.55,0.55,0.55,0.55
5230,0.55,0.55,0.55,0.55,0.55
5231,0.55,0.55,0.55,0.55,0.55
5232,0.55,0.55,0.55,0.55,0.55
5233,0.55,0.55,0.55,0.55,0.55
5234,0.55,0.55,0.55,0.55,0.55
5235,0.55,0.55,0.55,0.55,0.55
5236,0.55,0.55,0.55,0.55,0.55
5237,0.55,0.55,0.55,0.55,0.55
5238,0.55,0.55,0.55,0.55,0.55
5239,0.55,0.55,0.55,0.55,0.55
5240,0.55,0.55,0.55,0.55,0.55
5241,0.55,0.55,0.55,0.55,0.55
5242,0.55,0.55,0.55,0.55,0.55
5243,0.55,0.55,0.55,0.55,0.55
5244,0.55,0.55,0.55,0.55,0.55
5245,0.55,0.55,0.55,0.55,0.55
5246,0.55,0.55,0.55,0.55,0.55
5247,0.55,0.55,0.55,0.55,0.55
5248,0.55,0.55,0.55,0.55,0.55
5249,0.55,0.55,0.55,0.55,0.55
5250,0.55,0.55,0.55,0.55,0.55
5251,0.55,0.55,0.55,0.55,0.55
5252,0.55,0.55,0.55,0.55,0.55
5253,0.55,0.55,0.55,0.55,0.55
5254,0.55,0.55,0.55,0.55,0.55
5255,0.55,0.55,0.55,0.55,0.55
5256,0.55,0.55,0.55,0.55,0.55
5257,0.55,0.55,0.55,0.55,0.55
5258,0.55,0.55,0.55,0.55,0.55
5259,0.55,0.55,0.55,0.55,0.55
5260,0.55,0.55,0.55,0.55,0.55
5261,0.55,0.55,0.55,0.55,0.55
5262,0.55,0.55,0.55,0.55,0.55
5263,0.55,0.55,0.55,0.55,0.55
5264,0.55,0.55,0.55,0.55,0.55
5265,0.55,0.55,0.55,0.55,0.55
5266,0.55,0.55,0.55,0.55,0.55
5267,0.55,0.55,0.55,0.55,0.55
5268,0.55,0.55,0.55,0.55,0.55
5269,0.55,0.55,0.55,0.55,0.55
5270,0.55,0.55,0.55,0.55,0.55
5271,0.55,0.55,0.55,0.55,0.55
5272,0.55,0.55,0.55,0.55,0.55
5273,0.55,0.55,0.55,0.55,0.55
5274,0.55,0.55,0.55,0.55,0.55
5275,0.55,0.55,0.55,0.55,0.55
5276,0.55,0.55,0.55,0.55,0.55
5277,0.55,0.55,0.55,0.55,0.55
5278,0.55,0.55,0.55,0.55,0.55
5279,0.55,0.55,0.55,0.55,0.55
5280,0.55,0.55,0.55,0.55,0.55
5281,0.55,0.55,0.55,0.55,0.55
5282,0.55,0.55,0.55,0.55,0.55
5283,0.55,0.55,0.55,0.55,0.55
5284,0.55,0.55,0.55,0.55,0.55
5285,0.55,0.55,0.55,0.55,0.55
5286,0.55,0.55,0.55,0.55,0.55
5287,0.55,0.55,0.55,0.55,0.55
5288,0.55,0.55,0.55,0.55,0.55
5289,0.55,0.55,0.55,0.55,0.55
5290,0.55,0.55,0.55,0.55,0.55
5291,0.55,0.55,0.55,0.55,0.55
5292,0.55,0.55,0.55,0.55,0.55
5293,0.55,0.55,0.55,0.55,0.55
5294,0.55,0.55,0.55,0.55,0.55
5295,0.55,0.55,0.55,0.55,0.55
5296,0.55,0.55,0.55,0.55,0.55
5297,0.55,0.55,0.55,0.55,0.55
5298,0.55,0.55,0.55,0.55,0.55
5299,0.55,0.55,0.55,0.55,0.55
5300,0.55,0.55,0.55,0.55,0.55
5301,0.55,0.55,0.55,0.55,0.55
5302,0.55,0.55,0.55,0.55,0.55
5303,0.55,0.55,0.55,0.55,0.55
5304,0.55,0.55,0.55,0.55,0.55
5305,0.55,0.55,0.55,0.55,0.55
5306,0.55,0.55,0.55,0.55,0.55
5307,0.55,0.55,0.55,0.55,0.55
5308,0.55,0.55,0.55,0.55,0.55
5309,0.55,0.55,0.55,0.55,0.55
5310,0.55,0.55,0.55,0.55,0.55
5311,0.55,0.55,0.55,0.55,0.55
5312,0.55,0.55,0.55,0.55,0.55
5313,0.55,0.55,0.55,0.55,0.55
5314,0.55,0.55,0.55,0.55,0.55
5315,0.55,0.55,0.55,0.55,0.55
5316,0.55,0.55,0.55,0.55,0.55
5317,0.55,0.55,0.55,0.55,0.55
5318,0.55,0.55,0.55,0.55,0.55
5319,0.55,0.55,0.55,0.55,0.55
5320,0.55,0.55,0.55,0.55,0.55
5321,0.55,0.55,0.55,0.55,0.55
5322,0.55,0.55,0.55,0.55,0.55
5323,0.55,0.55,0.55,0.55,0.55
5324,0.55,0.55,0.55,0.55,0.55
5325,0.55,0.55,0.55,0.55,0.55
5326,0.55,0.55,0.55,0.55,0.55
5327,0.55,0.55,0.55,0.55,0.55
5328,0.55,0.55,0.55,0.55,0.55
5329,0.55,0.55,0.55,0.55,0.55
5330,0.55,0.55,0.55,0.55,0.55
5331,0.55,0.55,0.55,0.55,0.55
5332,0.55,0.55,0.55,0.55,0.55
5333,0.55,0.55,0.55,0.55,0.55
5334,0.55,0.55,0.55,0.55,0.55
5335,0.55,0.55,0.55,0.55,0.55
5336,0.55,0.55,0.55,0.55,0.55
5337,0.55,0.55,0.55,0.55,0.55
5338,0.55,0.55,0.55,0.55,0.55
5339,0.55,0.55,0.55,0.55,0.55
5340,0.55,0.55,0.55,0.55,0.55
5341,0.55,0.55,0.55,0.55,0.55
5342,0.55,0.55,0.55,0.55,0.55
5343,0.55,0.55,0.55,0.55,0.55
5344,0.55,0.55,0.55,0.55,0.55
5345,0.55,0.55,0.55,0.55,0.55
5346,0.55,0.55,0.55,0.55,0.55
5347,0.55,0.55,0.55,0.55,0.55
5348,0.55,0.55,0.55,0.55,0.55
5349,0.55,0.55,0.55,0.55,0.55
5350,0.55,0.55,0.55,0.55,0.55
5351,0.55,0.55,0.55,0.55,0.55
5352,0.55,0.55,0.55,0.55,0.55
5353,0.55,0.55,0.55,0.55,0.55
5354,0.55,0.55,0.55,0.55,0.55
5355,0.55,0.55,0.55,0.55,0.55
5356,0.55,0.55,0.55,0.55,0.55
5357,0.55,0.55,0.55,0.55,0.55
5358,0.55,0.55,0.55,0.55,0.55
5359,0.55,0.55,0.55,0.55,0.55
5360,0.55,0.55,0.55,0.55,0.55
5361,0.55,0.55,0.55,0.55,0.55
5362,0.55,0.55,0.55,0.55,0.55
5363,0.55,0.55,0.55,0.55,0.55
5364,0.55,0.55,0.55,0.55,0.55
5365,0.55,0.55,0.55,0.55,0.55
5366,0.55,0.55,0.55,0.55,0.55
5367,0.55,0.55,0.55,0.55,0.55
5368,0.55,0.55,0.55,0.55,0.55
5369,0.55,0.55,0.55,0.55,0.55
5370,0.55,0.55,0.55,0.55,0.55
5371,0.55,0.55,0.55,0.55,0.55
5372,0.55,0.55,0.55,0.55,0.55
5373,0.55,0.55,0.55,0.55,0.55
5374,0.55,0.55,0.55,0.55,0.55
5375,0.55,0.55,0.55,0.55,0.55
5376,0.55,0.55,0.55,0.55,0.55
5377,0.55,0.55,0.55,0.55,0.55
5378,0.55,0.55,0.55,0.55,0.55
5379,0.55,0.55,0.55,0.55,0.55
5380,0.55,0.55,0.55,0.55,0.55
5381,0.55,0.55,0.55,0.55,0.55
5382,0.55,0.55,0.55,0.55,0.55
5383,0.55,0.55,0.55,0.55,0.55
5384,0.55,0.55,0.55,0.55,0.55
5385,0.55,0.55,0.55,0.55,0.55
5386,0.55,0.55,0.55,0.55,0.55
5387,0.55,0.55,0.55,0.55,0.55
5388,0.55,0.55,0.55,0.55,0.55
5389,0.55,0.55,0.55,0.55,0.55
5390,0.55,0.55,0.55,0.55,0.55
5391,0.55,0.55,0.55,0.55,0.55
5392,0.55,0.55,0.55,0.55,0.55
5393,0.55,0.55,0.55,0.55,0.55
5394,0.55,0.55,0.55,0.55,0.55
5395,0.55,0.55,0.55,0.55,0.55
5396,0.55,0.55,0.55,0.55,0.55
5397,0.55,0.55,0.55,0.55,0.55
5398,0.55,0.55,0.55,0.55,0.55
5399,0.55,0.55,0.55,0.55,0.55
5400,0.55,0.55,0.55,0.55,0.55
5401,0.55,0.55,0.55,0.55,0.55
5402,0.55,0.55,0.55,0.55,0.55
5403,0.55,0.55,0.55,0.55,0.55
5404,0.55,0.55,0.55,0.55,0.55
5405,0.55,0.55,0.55,0.55,0.55
5406,0.55,0.55,0.55,0.55,0.55
5407,0.55,0.55,0.55,0.55,0.55
5408,0.55,0.55,0.55,0.55,0.55
5409,0.55,0.55,0.55,0.55,0.55
5410,0.55,0.55,0.55,0.55,0.55
5411,0.55,0.55,0.55,0.55,0.55
5412,0.55,0.55,0.55,0.55,0.55
5413,0.55,0.55,0.55,0.55,0.55
5414,0.55,0.55,0.55,0.55,0.55
5415,0.55,0.55,0.55,0.55,0.55
5416,0.55,0.55,0.55,0.55,0.55
5417,0.55,0.55,0.55,0.55,0.55
5418,0.55,0.55,0.55,0.55,0.55
5419,0.55,0.55,0.55,0.55,0.55
5420,0.55,0.55,0.55,0.55,0.55
5421,0.55,0.55,0.55,0.55,0.55
5422,0.55,0.55,0.55,0.55,0.55
5423,0.55,0.55,0.55,0.55,0.55
5424,0.55,0.55,0.55,0.55,0.55
5425,0.55,0.55,0.55,0.55,0.55
5426,0.55,0.55,0.55,0.55,0.55
5427,0.55,0.55,0.55,0.55,0.55
5428,0.55,0.55,0.55,0.55,0.55
5429,0.55,0.55,0.55,0.55,0.55
5430,0.55,0.55,0.55,0.55,0.55
5431,0.55,0.55,0.55,0.55,0.55
5432,0.55,0.55,0.55,0.55,0.55
5433,0.55,0.55,0.55,0.55,0.55
5434,0.55,0.55,0.55,0.55,0.55
5435,0.55,0.55,0.55,0.55,0.55
5436,0.55,0.55,0.55,0.55,0.55
5437,0.55,0.55,0.55,0.55,0.55
5438,0.55,0.55,0.55,0.55,0.55
5439,0.55,0.55,0.55,0.55,0.55
5440,0.55,0.55,0.55,0.55,0.55
5441,0.55,0.55,0.55,0.55,0.55
5442,0.55,0.55,0.55,0.55,0.55
5443,0.55,0.55,0.55,0.55,0.55
5444,0.55,0.55,0.55,0.55,0.55
5445,0.55,0.55,0.55,0.55,0.55
5446,0.55,0.55,0.55,0.55,0.55
5447,0.55,0.55,0.55,0.55,0.55
5448,0.55,0.55,0.55,0.55,0.55
5449,0.55,0.55,0.55,0.55,0.55
5450,0.55,0.55,0.55,0.55,0.55
5451,0.55,0.55,0.55,0.55,0.55
5452,0.55,0.55,0.55,0.55,0.55
5453,0.55,0.55,0.55,0.55,0.55
5454,0.55,0.55,0.55,0.55,0.55
5455,0.55,0.55,0.55,0.55,0.55
5456,0.55,0.55,0.55,0.55,0.55
5457,0.55,0.55,0.55,0.55,0.55
5458,0.55,0.55,0.55,0.55,0.55
5459,0.55,0.55,0.55,0.55,0.55
5460,0.55,0.55,0.55,0.55,0.55
5461,0.55,0.55,0.55,0.55,0.55
5462,0.55,0.55,0.55,0.55,0.55
5463,0.55,0.55,0.55,0.55,0.55
5464,0.55,0.55,0.55,0.55,0.55
5465,0.55,0.55,0.55,0.55,0.55
5466,0.55,0.55,0.55,0.55,0.55
5467,0.55,0.55,0.55,0.55,0.55
5468,0.55,0.55,0.55,0.55,0.55
5469,0.55,0.55,0.55,0.55,0.55
5470,0.55,0.55,0.55,0.55,0.55
5471,0.55,0.55,0.55,0.55,0.55
5472,0.55,0.55,0.55,0.55,0.55
5473,0.55,0.55,0.55,0.55,0.55
5474,0.55,0.55,0.55,0.55,0.55
5475,0.55,0.55,0.55,0.55,0.55
5476,0.55,0.55,0.55,0.55,0.55
5477,0.55,0.55,0.55,0.55,0.55
5478,0.55,0.55,0.55,0.55,0.55
5479,0.55,0.55,0.55,0.55,0.55
5480,0.55,0.55,0.55,0.55,0.55
5481,0.55,0.55,0.55,0.55,0.55
5482,0.55,0.55,0.55,0.55,0.55
5483,0.55,0.55,0.55,0.55,0.55
5484,0.55,0.55,0.55,0.55,0.55
5485,0.55,0.55,0.55,0.55,0.55
5486,0.55,0.55,0.55,0.55,0.55
5487,0.55,0.55,0.55,0.55,0.55
5488,0.55,0.55,0.55,0.55,0.55
5489,0.55,0.55,0.55,0.55,0.55
5490,0.55,0.55,0.55,0.55,0.55
5491,0.55,0.55,0.55,0.55,0.55
5492,0.55,0.55,0.55,0.55,0.55
5493,0.55,0.55,0.55,0.55,0.55
5494,0.55,0.55,0.55,0.55,0.55
5495,0.55,0.55,0.55,0.55,0.55
5496,0.55,0.55,0.55,0.55,0.55
5497,0.55,0.55,0.55,0.55,0.55
5498,0.55,0.55,0.55,0.55,0.55
5499,0.55,0.55,0.55,0.55,0.55
5500,0.55,0.55,0.55,0.55,0.55
5501,0.55,0.55,0.55,0.55,0.55
5502,0.55,0.55,0.55,0.55,0.55
5503,0.55,0.55,0.55,0.55,0.55
5504,0.55,0.55,0.55,0.55,0.55
5505,0.55,0.55,0.55,0.55,0.55
5506,0.55,0.55,0.55,0.55,0.55
5507,0.55,0.55,0.55,0.55,0.55
5508,0.55,0.55,0.55,0.55,0.55
5509,0.55,0.55,0.55,0.55,0.55
5510,0.55,0.55,0.55,0.55,0.55
5511,0.55,0.55,0.55,0.55,0.55
5512,0.55,0.55,0.55,0.55,0.55
5513,0.55,0.55,0.55,0.55,0.55
5514,0.55,0.55,0.55,0.55,0.55
5515,0.55,0.55,0.55,0.55,0.55
5516,0.55,0.55,0.55,0.55,0.55
5517,0.55,0.55,0.55,0.55,0.55
5518,0.55,0.55,0.55,0.55,0.55
5519,0.55,0.55,0.55,0.55,0.55
5520,0.55,0.55,0.55,0.55,0.55
5521,0.55,0.55,0.55,0.55,0.55
5522,0.55,0.55,0.55,0.55,0.55
5523,0.55,0.55,0.55,0.55,0.55
5524,0.55,0.55,0.55,0.55,0.55
5525,0.55,0.55,0.55,0.55,0.55
5526,0.55,0.55,0.55,0.55,0.55
5527,0.55,0.55,0.55,0.55,0.55
5528,0.55,0.55,0.55,0.55,0.55
5529,0.55,0.55,0.55,0.55,0.55
5530,0.55,0.55,0.55,0.55,0.55
5531,0.55,0.55,0.55,0.55,0.55
5532,0.55,0.55,0.55,0.55,0.55
5533,0.55,0.55,0.55,0.55,0.55
5534,0.55,0.55,0.55,0.55,0.55
5535,0.55,0.55,0.55,0.55,0.55
5536,0.55,0.55,0.55,0.55,0.55
5537,0.55,0.55,0.55,0.55,0.55
5538,0.55,0.55,0.55,0.55,0.55
5539,0.55,0.55,0.55,0.55,0.55
5540,0.55,0.55,0.55,0.55,0.55
5541,0.55,0.55,0.55,0.55,0.55
5542,0.55,0.55,0.55,0.55,0.55
5543,0.55,0.55,0.55,0.55,0.55
5544,0.55,0.55,0.55,0.55,0.55
5545,0.55,0.55,0.55,0.55,0.55
5546,0.55,0.55,0.55,0.55,0.55
5547,0.55,0.55,0.55,0.55,0.55
5548,0.55,0.55,0.55,0.55,0.55
5549,0.55,0.55,0.55,0.55,0.55
5550,0.55,0.55,0.55,0.55,0.55
5551,0.55,0.55,0.55,0.55,0.55
5552,0.55,0.55,0.55,0.55,0.55
5553,0.55,0.55,0.55,0.55,0.55
5554,0.55,0.55,0.55,0.55,0.55
5555,0.55,0.55,0.55,0.55,0.55
5556,0.55,0.55,0.55,0.55,0.55
5557,0.55,0.55,0.55,0.55,0.55
5558,0.55,0.55,0.55,0.55,0.55
5559,0.55,0.55,0.55,0.55,0.55
5560,0.55,0.55,0.55,0.55,0.55
5561,0.55,0.55,0.55,0.55,0.55
5562,0.55,0.55,0.55,0.55,0.55
5563,0.55,0.55,0.55,0.55,0.55
5564,0.55,0.55,0.55,0.55,0.55
5565,0.55,0.55,0.55,0.55,0.55
5566,0.55,0.55,0.55,0.55,0.55
5567,0.55,0.55,0.55,0.55,0.55
5568,0.55,0.55,0.55,0.55,0.55
5569,0.55,0.55,0.55,0.55,0.55
5570,0.55,0.55,0.55,0.55,0.55
5571,0.55,0.55,0.55,0.55,0.55
5572,0.55,0.55,0.55,0.55,0.55
5573,0.55,0.55,0.55,0.55,0.55
5574,0.55,0.55,0.55,0.55,0.55
5575,0.55,0.55,0.55,0.55,0.55
5576,0.55,0.55,0.55,0.55,0.55
5577,0.55,0.55,0.55,0.55,0.55
5578,0.55,0.55,0.55,0.55,0.55
5579,0.55,0.55,0.55,0.55,0.55
5580,0.55,0.55,0.55,0.55,0.55
5581,0.55,0.55,0.55,0.55,0.55
5582,0.55,0.55,0.55,0.55,0.55
5583,0.55,0.55,0.55,0.55,0.55
5584,0.55,0.55,0.55,0.55,0.55
5585,0.55,0.55,0.55,0.55,0.55
5586,0.55,0.55,0.55,0.55,0.55
5587,0.55,0.55,0.55,0.55,0.55
5588,0.55,0.55,0.55,0.55,0.55
5589,0.55,0.55,0.55,0.55,0.55
5590,0.55,0.55,0.55,0.55,0.55
5591,0.55,0.55,0.55,0.55,0.55
5592,0.55,0.55,0.55,0.55,0.55
5593,0.55,0.55,0.55,0.55,0.55
5594,0.55,0.55,0.55,0.55,0.55
5595,0.55,0.55,0.55,0.55,0.55
5596,0.55,0.55,0.55,0.55,0.55
5597,0.55,0.55,0.55,0.55,0.55
5598,0.55,0.55,0.55,0.55,0.55
5599,0.55,0.55,0.55,0.55,0.55
5600,0.55,0.55,0.55,0.55,0.55
5601,0.55,0.55,0.55,0.55,0.55
5602,0.55,0.55,0.55,0.55,0.55
5603,0.55,0.55,0.55,0.55,0.55
5604,0.55,0.55,0.55,0.55,0.55
5605,0.55,0.55,0.55,0.55,0.55
5606,0.55,0.55,0.55,0.55,0.55
5607,0.55,0.55,0.55,0.55,0.55
5608,0.55,0.55,0.55,0.55,0.55
5609,0.55,0.55,0.55,0.55,0.55
5610,0.55,0.55,0.55,0.55,0.55
5611,0.55,0.55,0.55,0.55,0.55
5612,0.55,0.55,0.55,0.55,0.55
5613,0.55,0.55,0.55,0.55,0.55
5614,0.55,0.55,0.55,0.55,0.55
5615,0.55,0.55,0.55,0.55,0.55
5616,0.55,0.55,0.55,0.55,0.55
5617,0.55,0.55,0.55,0.55,0.55
5618,0.55,0.55,0.55,0.55,0.55
5619,0.55,0.55,0.55,0.55,0.55
5620,0.55,0.55,0.55,0.55,0.55
5621,0.55,0.55,0.55,0.55,0.55
5622,0.55,0.55,0.55,0.55,0.55
5623,0.55,0.55,0.55,0.55,0.55
5624,0.55,0.55,0.55,0.55,0.55
5625,0.55,0.55,0.55,0.55,0.55
5626,0.55,0.55,0.55,0.55,0.55
5627,0.55,0.55,0.55,0.55,0.55
5628,0.55,0.55,0.55,0.55,0.55
5629,0.55,0.55,0.55,0.55,0.55
5630,0.55,0.55,0.55,0.55,0.55
5631,0.55,0.55,0.55,0.55,0.55
5632,0.55,0.55,0.55,0.55,0.55
5633,0.55,0.55,0.55,0.55,0.55
5634,0.55,0.55,0.55,0.55,0.55
5635,0.55,0.55,0.55,0.55,0.55
5636,0.55,0.55,0.55,0.55,0.55
5637,0.55,0.55,0.55,0.55,0.55
5638,0.55,0.55,0.55,0.55,0.55
5639,0.55,0.55,0.55,0.55,0.55
5640,0.55,0.55,0.55,0.55,0.55
5641,0.55,0.55,0.55,0.55,0.55
5642,0.55,0.55,0.55,0.55,0.55
5643,0.55,0.55,0.55,0.55,0.55
5644,0.55,0.55,0.55,0.55,0.55
5645,0.55,0.55,0.55,0.55,0.55
5646,0.55,0.55,0.55,0.55,0.55
5647,0.55,0.55,0.55,0.55,0.55
5648,0.55,0.55,0.55,0.55,0.55
5649,0.55,0.55,0.55,0.55,0.55
5650,0.55,0.55,0.55,0.55,0.55
5651,0.55,0.55,0.55,0.55,0.55
5652,0.55,0.55,0.55,0.55,0.55
5653,0.55,0.55,0.55,0.55,0.55
5654,0.55,0.55,0.55,0.55,0.55
5655,0.55,0.55,0.55,0.55,0.55
5656,0.55,0.55,0.55,0.55,0.55
5657,0.55,0.55,0.55,0.55,0.55
5658,0.55,0.55,0.55,0.55,0.55
5659,0.55,0.55,0.55,0.55,0.55
5660,0.55,0.55,0.55,0.55,0.55
5661,0.55,0.55,0.55,0.55,0.55
5662,0.55,0.55,0.55,0.55,0.55
5663,0.55,0.55,0.55,0.55,0.55
5664,0.55,0.55,0.55,0.55,0.55
5665,0.55,0.55,0.55,0.55,0.55
5666,0.55,0.55,0.55,0.55,0.55
5667,0.55,0.55,0.55,0.55,0.55
5668,0.55,0.55,0.55,0.55,0.55
5669,0.55,0.55,0.55,0.55,0.55
5670,0.55,0.55,0.55,0.55,0.55
5671,0.55,0.55,0.55,0.55,0.55
5672,0.55,0.55,0.55,0.55,0.55
5673,0.55,0.55,0.55,0.55,0.55
5674,0.55,0.55,0.55,0.55,0.55
5675,0.55,0.55,0.55,0.55,0.55
5676,0.55,0.55,0.55,0.55,0.55
5677,0.55,0.55,0.55,0.55,0.55
5678,0.55,0.55,0.55,0.55,0.55
5679,0.55,0.55,0.55,0.55,0.55
5680,0.55,0.55,0.55,0.55,0.55
5681,0.55,0.55,0.55,0.55,0.55
5682,0.55,0.55,0.55,0.55,0.55
5683,0.55,0.55,0.55,0.55,0.55
5684,0.55,0.55,0.55,0.55,0.55
5685,0.55,0.55,0.55,0.55,0.55
5686,0.55,0.55,0.55,0.55,0.55
5687,0.55,0.55,0.55,0.55,0.55
5688,0.55,0.55,0.55,0.55,0.55
5689,0.55,0.55,0.55,0.55,0.55
5690,0.55,0.55,0.55,0.55,0.55
5691,0.55,0.55,0.55,0.55,0.55
5692,0.55,0.55,0.55,0.55,0.55
5693,0.55,0.55,0.55,0.55,0.55
5694,0.55,0.55,0.55,0.55,0.55
5695,0.55,0.55,0.55,0.55,0.55
5696,0.55,0.55,0.55,0.55,0.55
5697,0.55,0.55,0.55,0.55,0.55
5698,0.55,0.55,0.55,0.55,0.55
5699,0.55,0.55,0.55,0.55,0.55
5700,0.55,0.55,0.55,0.55,0.55
5701,0.55,0.55,0.55,0.55,0.55
5702,0.55,0.55,0.55,0.55,0.55
5703,0.55,0.55,0.55,0.55,0.55
5704,0.55,0.55,0.55,0.55,0.55
5705,0.55,0.55,0.55,0.55,0.55
5706,0.55,0.55,0.55,0.55,0.55
5707,0.55,0.55,0.55,0.55,0.55
5708,0.55,0.55,0.55,0.55,0.55
5709,0.55,0.55,0.55,0.55,0.55
5710,0.55,0.55,0.55,0.55,0.55
5711,0.55,0.55,0.55,0.55,0.55
5712,0.55,0.55,0.55,0.55,0.55
5713,0.55,0.55,0.55,0.55,0.55
5714,0.55,0.55,0.55,0.55,0.55
5715,0.55,0.55,0.55,0.55,0.55
5716,0.55,0.55,0.55,0.55,0.55
5717,0.55,0.55,0.55,0.55,0.55
5718,0.55,0.55,0.55,0.55,0.55
5719,0.55,0.55,0.55,0.55,0.55
5720,0.55,0.55,0.55,0.55,0.55
5721,0.55,0.55,0.55,0.55,0.55
5722,0.55,0.55,0.55,0.55,0.55
5723,0.55,0.55,0.55,0.55,0.55
5724,0.55,0.55,0.55,0.55,0.55
5725,0.55,0.55,0.55,0.55,0.55
5726,0.55,0.55,0.55,0.55,0.55
5727,0.55,0.55,0.55,0.55,0.55
5728,0.55,0.55,0.55,0.55,0.55
5729,0.55,0.55,0.55,0.55,0.55
5730,0.55,0.55,0.55,0.55,0.55
5731,0.55,0.55,0.55,0.55,0.55
5732,0.55,0.55,0.55,0.55,0.55
5733,0.55,0.55,0.55,0.55,0.55
5734,0.55,0.55,0.55,0.55,0.55
5735,0.55,0.55,0.55,0.55,0.55
5736,0.55,0.55,0.55,0.55,0.55
5737,0.55,0.55,0.55,0.55,0.55
5738,0.55,0.55,0.55,0.55,0.55
5739,0.55,0.55,0.55,0.55,0.55
5740,0.55,0.55,0.55,0.55,0.55
5741,0.55,0.55,0.55,0.55,0.55
5742,0.55,0.55,0.55,0.55,0.55
5743,0.55,0.55,0.55,0.55,0.55
5744,0.55,0.55,0.55,0.55,0.55
5745,0.55,0.55,0.55,0.55,0.55
5746,0.55,0.55,0.55,0.55,0.55
5747,0.55,0.55,0.55,0.55,0.55
5748,0.55,0.55,0.55,0.55,0.55
5749,0.55,0.55,0.55,0.55,0.55
5750,0.55,0.55,0.55,0.55,0.55
5751,0.55,0.55,0.55,0.55,0.55
5752,0.55,0.55,0.55,0.55,0.55
5753,0.55,0.55,0.55,0.55,0.55
5754,0.55,0.55,0.55,0.55,0.55
5755,0.55,0.55,0.55,0.55,0.55
5756,0.55,0.55,0.55,0.55,0.55
5757,0.55,0.55,0.55,0.55,0.55
5758,0.55,0.55,0.55,0.55,0.55
5759,0.55,0.55,0.55,0.55,0.55
5760,0.55,0.55,0.55,0.55,0.55
5761,0.55,0.55,0.55,0.55,0.55
5762,0.55,0.55,0.55,0.55,0.55
5763,0.55,0.55,0.55,0.55,0.55
5764,0.55,0.55,0.55,0.55,0.55
5765,0.55,0.55,0.55,0.55,0.55
5766,0.55,0.55,0.55,0.55,0.55
5767,0.55,0.55,0.55,0.55,0.55
5768,0.55,0.55,0.55,0.55,0.55
5769,0.55,0.55,0.55,0.55,0.55
5770,0.55,0.55,0.55,0.55,0.55
5771,0.55,0.55,0.55,0.55,0.55
5772,0.55,0.55,0.55,0.55,0.55
5773,0.55,0.55,0.55,0.55,0.55
5774,0.55,0.55,0.55,0.55,0.55
5775,0.55,0.55,0.55,0.55,0.55
5776,0.55,0.55,0.55,0.55,0.55
5777,0.55,0.55,0.55,0.55,0.55
5778,0.55,0.55,0.55,0.55,0.55
5779,0.55,0.55,0.55,0.55,0.55
5780,0.55,0.55,0.55,0.55,0.55
5781,0.55,0.55,0.55,0.55,0.55
5782,0.55,0.55,0.55,0.55,0.55
5783,0.55,0.55,0.55,0.55,0.55
5784,0.55,0.55,0.55,0.55,0.55
5785,0.55,0.55,0.55,0.55,0.55
5786,0.55,0.55,0.55,0.55,0.55
5787,0.55,0.55,0.55,0.55,0.55
5788,0.55,0.55,0.55,0.55,0.55
5789,0.55,0.55,0.55,0.55,0.55
5790,0.55,0.55,0.55,0.55,0.55
5791,0.55,0.55,0.55,0.55,0.55
5792,0.55,0.55,0.55,0.55,0.55
5793,0.55,0.55,0.55,0.55,0.55
5794,0.55,0.55,0.55,0.55,0.55
5795,0.55,0.55,0.55,0.55,0.55
5796,0.55,0.55,0.55,0.55,0.55
5797,0.55,0.55,0.55,0.55,0.55
5798,0.55,0.55,0.55,0.55,0.55
5799,0.55,0.55,0.55,0.55,0.55
5800,0.55,0.55,0.55,0.55,0.55
5801,0.55,0.55,0.55,0.55,0.55
5802,0.55,0.55,0.55,0.55,0.55
5803,0.55,0.55,0.55,0.55,0.55
5804,0.55,0.55,0.55,0.55,0.55
5805,0.55,0.55,0.55,0.55,0.55
5806,0.55,0.55,0.55,0.55,0.55
5807,0.55,0.55,0.55,0.55,0.55
5808,0.55,0.55,0.55,0.55,0.55
5809,0.55,0.55,0.55,0.55,0.55
5810,0.55,0.55,0.55,0.55,0.55
5811,0.55,0.55,0.55,0.55,0.55
5812,0.55,0.55,0.55,0.55,0.55
5813,0.55,0.55,0.55,0.55,0.55
5814,0.55,0.55,0.55,0.55,0.55
5815,0.55,0.55,0.55,0.55,0.55
5816,0.55,0.55,0.55,0.55,0.55
5817,0.55,0.55,0.55,0.55,0.55
5818,0.55,0.55,0.55,0.55,0.55
5819,0.55,0.55,0.55,0.55,0.55
5820,0.55,0.55,0.55,0.55,0.55
5821,0.55,0.55,0.55,0.55,0.55
5822,0.55,0.55,0.55,0.55,0.55
5823,0.55,0.55,0.55,0.55,0.55
5824,0.55,0.55,0.55,0.55,0.55
5825,0.55,0.55,0.55,0.55,0.55
5826,0.55,0.55,0.55,0.55,0.55
5827,0.55,0.55,0.55,0.55,0.55
5828,0.55,0.55,0.55,0.55,0.55
5829,0.55,0.55,0.55,0.55,0.55
5830,0.55,0.55,0.55,0.55,0.55
5831,0.55,0.55,0.55,0.55,0.55
5832,0.55,0.55,0.55,0.55,0.55
5833,0.55,0.55,0.55,0.55,0.55
5834,0.55,0.55,0.55,0.55,0.55
5835,0.55,0.55,0.55,0.55,0.55
5836,0.55,0.55,0.55,0.55,0.55
5837,0.55,0.55,0.55,0.55,0.55
5838,0.55,0.55,0.55,0.55,0.55
5839,0.55,0.55,0.55,0.55,0.55
5840,0.55,0.55,0.55,0.55,0.55
5841,0.55,0.55,0.55,0.55,0.55
5842,0.55,0.55,0.55,0.55,0.55
5843,0.55,0.55,0.55,0.55,0.55
5844,0.55,0.55,0.55,0.55,0.55
5845,0.55,0.55,0.55,0.55,0.55
5846,0.55,0.55,0.55,0.55,0.55
5847,0.55,0.55,0.55,0.55,0.55
5848,0.55,0.55,0.55,0.55,0.55
5849,0.55,0.55,0.55,0.55,0.55
5850,0.55,0.55,0.55,0.55,0.55
5851,0.55,0.55,0.55,0.55,0.55
5852,0.55,0.55,0.55,0.55,0.55
5853,0.55,0.55,0.55,0.55,0.55
5854,0.55,0.55,0.55,0.55,0.55
5855,0.55,0.55,0.55,0.55,0.55
5856,0.55,0.55,0.55,0.55,0.55
5857,0.55,0.55,0.55,0.55,0.55
5858,0.55,0.55,0.55,0.55,0.55
5859,0.55,0.55,0.55,0.55,0.55
5860,0.55,0.55,0.55,0.55,0.55
5861,0.55,0.55,0.55,0.55,0.55
5862,0.55,0.55,0.55,0.55,0.55
5863,0.55,0.55,0.55,0.55,0.55
5864,0.55,0.55,0.55,0.55,0.55
5865,0.55,0.55,0.55,0.55,0.55
5866,0.55,0.55,0.55,0.55,0.55
5867,0.55,0.55,0.55,0.55,0.55
5868,0.55,0.55,0.55,0.55,0.55
5869,0.55,0.55,0.55,0.55,0.55
5870,0.55,0.55,0.55,0.55,0.55
5871,0.55,0.55,0.55,0.55,0.55
5872,0.55,0.55,0.55,0.55,0.55
5873,0.55,0.55,0.55,0.55,0.55
5874,0.55,0.55,0.55,0.55,0.55
5875,0.55,0.55,0.55,0.55,0.55
5876,0.55,0.55,0.55,0.55,0.55
5877,0.55,0.55,0.55,0.55,0.55
5878,0.55,0.55,0.55,0.55,0.55
5879,0.55,0.55,0.55,0.55,0.55
5880,0.55,0.55,0.55,0.55,0.55
5881,0.55,0.55,0.55,0.55,0.55
5882,0.55,0.55,0.55,0.55,0.55
5883,0.55,0.55,0.55,0.55,0.55
5884,0.55,0.55,0.55,0.55,0.55
5885,0.55,0.55,0.55,0.55,0.55
5886,0.55,0.55,0.55,0.55,0.55
5887,0.55,0.55,0.55,0.55,0.55
5888,0.55,0.55,0.55,0.55,0.55
5889,0.55,0.55,0.55,0.55,0.55
5890,0.55,0.55,0.55,0.55,0.55
5891,0.55,0.55,0.55,0.55,0.55
5892,0.55,0.55,0.55,0.55,0.55
5893,0.55,0.55,0.55,0.55,0.55
5894,0.55,0.55,0.55,0.55,0.55
5895,0.55,0.55,0.55,0.55,0.55
5896,0.55,0.55,0.55,0.55,0.55
5897,0.55,0.55,0.55,0.55,0.55
5898,0.55,0.55,0.55,0.55,0.55
5899,0.55,0.55,0.55,0.55,0.55
5900,0.55,0.55,0.55,0.55,0.55
5901,0.55,0.55,0.55,0.55,0.55
5902,0.55,0.55,0.55,0.55,0.55
5903,0.55,0.55,0.55,0.55,0.55
5904,0.55,0.55,0.55,0.55,0.55
5905,0.55,0.55,0.55,0.55,0.55
5906,0.55,0.55,0.55,0.55,0.55
5907,0.55,0.55,0.55,0.55,0.55
5908,0.55,0.55,0.55,0.55,0.55
5909,0.55,0.55,0.55,0.55,0.55
5910,0.55,0.55,0.55,0.55,0.55
5911,0.55,0.55,0.55,0.55,0.55
5912,0.55,0.55,0.55,0.55,0.55
5913,0.55,0.55,0.55,0.55,0.55
5914,0.55,0.55,0.55,0.55,0.55
5915,0.55,0.55,0.55,0.55,0.55
5916,0.55,0.55,0.55,0.55,0.55
5917,0.55,0.55,0.55,0.55,0.55
5918,0.55,0.55,0.55,0.55,0.55
5919,0.55,0.55,0.55,0.55,0.55
5920,0.55,0.55,0.55,0.55,0.55
5921,0.55,0.55,0.55,0.55,0.55
5922,0.55,0.55,0.55,0.55,0.55
5923,0.55,0.55,0.55,0.55,0.55
5924,0.55,0.55,0.55,0.55,0.55
5925,0.55,0.55,0.55,0.55,0.55
5926,0.55,0.55,0.55,0.55,0.55
5927,0.55,0.55,0.55,0.55,0.55
5928,0.55,0.55,0.55,0.55,0.55
5929,0.55,0.55,0.55,0.55,0.55
5930,0.55,0.55,0.55,0.55,0.55
5931,0.55,0.55,0.55,0.55,0.55
5932,0.55,0.55,0.55,0.55,0.55
5933,0.55,0.55,0.55,0.55,0.55
5934,0.55,0.55,0.55,0.55,0.55
5935,0.55,0.55,0.55,0.55,0.55
5936,0.55,0.55,0.55,0.55,0.55
5937,0.55,0.55,0.55,0.55,0.55
5938,0.55,0.55,0.55,0.55,0.55
5939,0.55,0.55,0.55,0.55,0.55
5940,0.55,0.55,0.55,0.55,0.55
5941,0.55,0.55,0.55,0.55,0.55
5942,0.55,0.55,0.55,0.55,0.55
5943,0.55,0.55,0.55,0.55,0.55
5944,0.55,0.55,0.55,0.55,0.55
5945,0.55,0.55,0.55,0.55,0.55
5946,0.55,0.55,0.55,0.55,0.55
5947,0.55,0.55,0.55,0.55,0.55
5948,0.55,0.55,0.55,0.55,0.55
5949,0.55,0.55,0.55,0.55,0.55
5950,0.55,0.55,0.55,0.55,0.55
5951,0.55,0.55,0.55,0.55,0.55
5952,0.55,0.55,0.55,0.55,0.55
5953,0.55,0.55,0.55,0.55,0.55
5954,0.55,0.55,0.55,0.55,0.55
5955,0.55,0.55,0.55,0.55,0.55
5956,0.55,0.55,0.55,0.55,0.55
5957,0.55,0.55,0.55,0.55,0.55
5958,0.55,0.55,0.55,0.55,0.55
5959,0.55,0.55,0.55,0.55,0.55
5960,0.55,0.55,0.55,0.55,0.55
5961,0.55,0.55,0.55,0.55,0.55
5962,0.55,0.55,0.55,0.55,0.55
5963,0.55,0.55,0.55,0.55,0.55
5964,0.55,0.55,0.55,0.55,0.55
5965,0.55,0.55,0.55,0.55,0.55
5966,0.55,0.55,0.55,0.55,0.55
5967,0.55,0.55,0.55,0.55,0.55
5968,0.55,0.55,0.55,0.55,0.55
5969,0.55,0.55,0.55,0.55,0.55
5970,0.55,0.55,0.55,0.55,0.55
5971,0.55,0.55,0.55,0.55,0.55
5972,0.55,0.55,0.55,0.55,0.55
5973,0.55,0.55,0.55,0.55,0.55
5974,0.55,0.55,0.55,0.55,0.55
5975,0.55,0.55,0.55,0.55,0.55
5976,0.55,0.55,0.55,0.55,0.55
5977,0.55,0.55,0.55,0.55,0.55
5978,0.55,0.55,0.55,0.55,0.55
5979,0.55,0.55,0.55,0.55,0.55
5980,0.55,0.55,0.55,0.55,0.55
5981,0.55,0.55,0.55,0.55,0.55
5982,0.55,0.55,0.55,0.55,0.55
5983,0.55,0.55,0.55,0.55,0.55
5984,0.55,0.55,0.55,0.55,0.55
5985,0.55,0.55,0.55,0.55,0.55
5986,0.55,0.55,0.55,0.55,0.55
5987,0.55,0.55,0.55,0.55,0.55
5988,0.55,0.55,0.55,0.55,0.55
5989,0.55,0.55,0.55,0.55,0.55
5990,0.55,0.55,0.55,0.55,0.55
5991,0.55,0.55,0.55,0.55,0.55
5992,0.55,0.55,0.55,0.55,0.55
5993,0.55,0.55,0.55,0.55,0.55
5994,0.55,0.55,0.55,0.55,0.55
5995,0.55,0.55,0.55,0.55,0.55
5996,0.55,0.55,0.55,0.55,0.55
5997,0.55,0.55,0.55,0.55,0.55
5998,0.55,0.55,0.55,0.55,0.55
5999,0.55,0.55,0.55,0.55,0.55
6000,0.55,0.55,0.55,0.55,0.55
6001,0.55,0.55,0.55,0.55,0.55
6002,0.55,0.55,0.55,0.55,0.55
6003,0.55,0.55,0.55,0.55,0.55
6004,0.55,0.55,0.55,0.55,0.55
6005,0.55,0.55,0.55,0.55,0.55
6006,0.55,0.55,0.55,0.55,0.55
6007,0.55,0.55,0.55,0.55,0.55
6008,0.55,0.55,0.55,0.55,0.55
6009,0.55,0.55,0.55,0.55,0.55
6010,0.55,0.55,0.55,0.55,0.55
6011,0.55,0.55,0.55,0.55,0.55
6012,0.55,0.55,0.55,0.55,0.55
6013,0.55,0.55,0.55,0.55,0.55
6014,0.55,0.55,0.55,0.55,0.55
6015,0.55,0.55,0.55,0.55,0.55
6016,0.55,0.55,0.55,0.55,0.55
6017,0.55,0.55,0.55,0.55,0.55
6018,0.55,0.55,0.55,0.55,0.55
6019,0.55,0.55,0.55,0.55,0.55
6020,0.55,0.55,0.55,0.55,0.55
6021,0.55,0.55,0.55,0.55,0.55
6022,0.55,0.55,0.55,0.55,0.55
6023,0.55,0.55,0.55,0.55,0.55
6024,0.55,0.55,0.55,0.55,0.55
6025,0.55,0.55,0.55,0.55,0.55
6026,0.55,0.55,0.55,0.55,0.55
6027,0.55,0.55,0.55,0.55,0.55
6028,0.55,0.55,0.55,0.55,0.55
6029,0.55,0.55,0.55,0.55,0.55
6030,0.55,0.55,0.55,0.55,0.55
6031,0.55,0.55,0.55,0.55,0.55
6032,0.55,0.55,0.55,0.55,0.55
6033,0.55,0.55,0.55,0.55,0.55
6034,0.55,0.55,0.55,0.55,0.55
6035,0.55,0.55,0.55,0.55,0.55
6036,0.55,0.55,0.55,0.55,0.55
6037,0.55,0.55,0.55,0.55,0.55
6038,0.55,0.55,0.55,0.55,0.55
6039,0.55,0.55,0.55,0.55,0.55
6040,0.55,0.55,0.55,0.55,0.55
6041,0.55,0.55,0.55,0.55,0.55
6042,0.55,0.55,0.55,0.55,0.55
6043,0.55,0.55,0.55,0.55,0.55
6044,0.55,0.55,0.55,0.55,0.55
6045,0.55,0.55,0.55,0.55,0.55
6046,0.55,0.55,0.55,0.55,0.55
6047,0.55,0.55,0.55,0.55,0.55
6048,0.55,0.55,0.55,0.55,0.55
6049,0.55,0.55,0.55,0.55,0.55
6050,0.55,0.55,0.55,0.55,0.55
6051,0.55,0.55,0.55,0.55,0.55
6052,0.55,0.55,0.55,0.55,0.55
6053,0.55,0.55,0.55,0.55,0.55
6054,0.55,0.55,0.55,0.55,0.55
6055,0.55,0.55,0.55,0.55,0.55
6056,0.55,0.55,0.55,0.55,0.55
6057,0.55,0.55,0.55,0.55,0.55
6058,0.55,0.55,0.55,0.55,0.55
6059,0.55,0.55,0.55,0.55,0.55
6060,0.55,0.55,0.55,0.55,0.55
6061,0.55,0.55,0.55,0.55,0.55
6062,0.55,0.55,0.55,0.55,0.55
6063,0.55,0.55,0.55,0.55,0.55
6064,0.55,0.55,0.55,0.55,0.55
6065,0.55,0.55,0.55,0.55,0.55
6066,0.55,0.55,0.55,0.55,0.55
6067,0.55,0.55,0.55,0.55,0.55
6068,0.55,0.55,0.55,0.55,0.55
6069,0.55,0.55,0.55,0.55,0.55
6070,0.55,0.55,0.55,0.55,0.55
6071,0.55,0.55,0.55,0.55,0.55
6072,0.55,0.55,0.55,0.55,0.55
6073,0.55,0.55,0.55,0.55,0.55
6074,0.55,0.55,0.55,0.55,0.55
6075,0.55,0.55,0.55,0.55,0.55
6076,0.55,0.55,0.55,0.55,0.55
6077,0.55,0.55,0.55,0.55,0.55
6078,0.55,0.55,0.55,0.55,0.55
6079,0.55,0.55,0.55,0.55,0.55
6080,0.55,0.55,0.55,0.55,0.55
6081,0.55,0.55,0.55,0.55,0.55
6082,0.55,0.55,0.55,0.55,0.55
6083,0.55,0.55,0.55,0.55,0.55
6084,0.55,0.55,0.55,0.55,0.55
6085,0.55,0.55,0.55,0.55,0.55
6086,0.55,0.55,0.55,0.55,0.55
6087,0.55,0.55,0.55,0.55,0.55
6088,0.55,0.55,0.55,0.55,0.55
6089,0.55,0.55,0.55,0.55,0.55
6090,0.55,0.55,0.55,0.55,0.55
6091,0.55,0.55,0.55,0.55,0.55
6092,0.55,0.55,0.55,0.55,0.55
6093,0.55,0.55,0.55,0.55,0.55
6094,0.55,0.55,0.55,0.55,0.55
6095,0.55,0.55,0.55,0.55,0.55
6096,0.55,0.55,0.55,0.55,0.55
6097,0.55,0.55,0.55,0.55,0.55
6098,0.55,0.55,0.55,0.55,0.55
6099,0.55,0.55,0.55,0.55,0.55
6100,0.55,0.55,0.55,0.55,0.55
6101,0.55,0.55,0.55,0.55,0.55
6102,0.55,0.55,0.55,0.55,0.55
6103,0.55,0.55,0.55,0.55,0.55
6104,0.55,0.55,0.55,0.55,0.55
6105,0.55,0.55,0.55,0.55,0.55
6106,0.55,0.55,0.55,0.55,0.55
6107,0.55,0.55,0.55,0.55,0.55
6108,0.55,0.55,0.55,0.55,0.55
6109,0.55,0.55,0.55,0.55,0.55
6110,0.55,0.55,0.55,0.55,0.55
6111,0.55,0.55,0.55,0.55,0.55
6112,0.55,0.55,0.55,0.55,0.55
6113,0.55,0.55,0.55,0.55,0.55
6114,0.55,0.55,0.55,0.55,0.55
6115,0.55,0.55,0.55,0.55,0.55
6116,0.55,0.55,0.55,0.55,0.55
6117,0.55,0.55,0.55,0.55,0.55
6118,0.55,0.55,0.55,0.55,0.55
6119,0.55,0.55,0.55,0.55,0.55
6120,0.55,0.55,0.55,0.55,0.55
6121,0.55,0.55,0.55,0.55,0.55
6122,0.55,0.55,0.55,0.55,0.55
6123,0.55,0.55,0.55,0.55,0.55
6124,0.55,0.55,0.55,0.55,0.55
6125,0.55,0.55,0.55,0.55,0.55
6126,0.55,0.55,0.55,0.55,0.55
6127,0.55,0.55,0.55,0.55,0.55
6128,0.55,0.55,0.55,0.55,0.55
6129,0.55,0.55,0.55,0.55,0.55
6130,0.55,0.55,0.55,0.55,0.55
6131,0.55,0.55,0.55,0.55,0.55
6132,0.55,0.55,0.55,0.55,0.55
6133,0.55,0.55,0.55,0.55,0.55
6134,0.55,0.55,0.55,0.55,0.55
6135,0.55,0.55,0.55,0.55,0.55
6136,0.55,0.55,0.55,0.55,0.55
6137,0.55,0.55,0.55,0.55,0.55
6138,0.55,0.55,0.55,0.55,0.55
6139,0.55,0.55,0.55,0.55,0.55
6140,0.55,0.55,0.55,0.55,0.55
6141,0.55,0.55,0.55,0.55,0.55
6142,0.55,0.55,0.55,0.55,0.55
6143,0.55,0.55,0.55,0.55,0.55
6144,0.55,0.55,0.55,0.55,0.55
6145,0.55,0.55,0.55,0.55,0.55
6146,0.55,0.55,0.55,0.55,0.55
6147,0.55,0.55,0.55,0.55,0.55
6148,0.55,0.55,0.55,0.55,0.55
6149,0.55,0.55,0.55,0.55,0.55
6150,0.55,0.55,0.55,0.55,0.55
6151,0.55,0.55,0.55,0.55,0.55
6152,0.55,0.55,0.55,0.55,0.55
6153,0.55,0.55,0.55,0.55,0.55
6154,0.55,0.55,0.55,0.55,0.55
6155,0.55,0.55,0.55,0.55,0.55
6156,0.55,0.55,0.55,0.55,0.55
6157,0.55,0.55,0.55,0.55,0.55
6158,0.55,0.55,0.55,0.55,0.55
6159,0.55,0.55,0.55,0.55,0.55
6160,0.55,0.55,0.55,0.55,0.55
6161,0.55,0.55,0.55,0.55,0.55
6162,0.55,0.55,0.55,0.55,0.55
6163,0.55,0.55,0.55,0.55,0.55
6164,0.55,0.55,0.55,0.55,0.55
6165,0.55,0.55,0.55,0.55,0.55
6166,0.55,0.55,0.55,0.55,0.55
6167,0.55,0.55,0.55,0.55,0.55
6168,0.55,0.55,0.55,0.55,0.55
6169,0.55,0.55,0.55,0.55,0.55
6170,0.55,0.55,0.55,0.55,0.55
6171,0.55,0.55,0.55,0.55,0.55
6172,0.55,0.55,0.55,0.55,0.55
6173,0.55,0.55,0.55,0.55,0.55
6174,0.55,0.55,0.55,0.55,0.55
6175,0.55,0.55,0.55,0.55,0.55
6176,0.55,0.55,0.55,0.55,0.55
6177,0.55,0.55,0.55,0.55,0.55
6178,0.55,0.55,0.55,0.55,0.55
6179,0.55,0.55,0.55,0.55,0.55
6180,0.55,0.55,0.55,0.55,0.55
6181,0.55,0.55,0.55,0.55,0.55
6182,0.55,0.55,0.55,0.55,0.55
6183,0.55,0.55,0.55,0.55,0.55
6184,0.55,0.55,0.55,0.55,0.55
6185,0.55,0.55,0.55,0.55,0.55
6186,0.55,0.55,0.55,0.55,0.55
6187,0.55,0.55,0.55,0.55,0.55
6188,0.55,0.55,0.55,0.55,0.55
6189,0.55,0.55,0.55,0.55,0.55
6190,0.55,0.55,0.55,0.55,0.55
6191,0.55,0.55,0.55,0.55,0.55
6192,0.55,0.55,0.55,0.55,0.55
6193,0.55,0.55,0.55,0.55,0.55
6194,0.55,0.55,0.55,0.55,0.55
6195,0.55,0.55,0.55,0.55,0.55
6196,0.55,0.55,0.55,0.55,0.55
6197,0.55,0.55,0.55,0.55,0.55
6198,0.55,0.55,0.55,0.55,0.55
6199,0.55,0.55,0.55,0.55,0.55
6200,0.55,0.55,0.55,0.55,0.55
6201,0.55,0.55,0.55,0.55,0.55
6202,0.55,0.55,0.55,0.55,0.55
6203,0.55,0.55,0.55,0.55,0.55
6204,0.55,0.55,0.55,0.55,0.55
6205,0.55,0.55,0.55,0.55,0.55
6206,0.55,0.55,0.55,0.55,0.55
6207,0.55,0.55,0.55,0.55,0.55
6208,0.55,0.55,0.55,0.55,0.55
6209,0.55,0.55,0.55,0.55,0.55
6210,0.55,0.55,0.55,0.55,0.55
6211,0.55,0.55,0.55,0.55,0.55
6212,0.55,0.55,0.55,0.55,0.55
6213,0.55,0.55,0.55,0.55,0.55
6214,0.55,0.55,0.55,0.55,0.55
6215,0.55,0.55,0.55,0.55,0.55
6216,0.55,0.55,0.55,0.55,0.55
6217,0.55,0.55,0.55,0.55,0.55
6218,0.55,0.55,0.55,0.55,0.55
6219,0.55,0.55,0.55,0.55,0.55
6220,0.55,0.55,0.55,0.55,0.55
6221,0.55,0.55,0.55,0.55,0.55
6222,0.55,0.55,0.55,0.55,0.55
6223,0.55,0.55,0.55,0.55,0.55
6224,0.55,0.55,0.55,0.55,0.55
6225,0.55,0.55,0.55,0.55,0.55
6226,0.55,0.55,0.55,0.55,0.55
6227,0.55,0.55,0.55,0.55,0.55
6228,0.55,0.55,0.55,0.55,0.55
6229,0.55,0.55,0.55,0.55,0.55
6230,0.55,0.55,0.55,0.55,0.55
6231,0.55,0.55,0.55,0.55,0.55
6232,0.55,0.55,0.55,0.55,0.55
6233,0.55,0.55,0.55,0.55,0.55
6234,0.55,0.55,0.55,0.55,0.55
6235,0.55,0.55,0.55,0.55,0.55
6236,0.55,0.55,0.55,0.55,0.55
6237,0.55,0.55,0.55,0.55,0.55
6238,0.55,0.55,0.55,0.55,0.55
6239,0.55,0.55,0.55,0.55,0.55
6240,0.55,0.55,0.55,0.55,0.55
6241,0.55,0.55,0.55,0.55,0.55
6242,0.55,0.55,0.55,0.55,0.55
6243,0.55,0.55,0.55,0.55,0.55
6244,0.55,0.55,0.55,0.55,0.55
6245,0.55,0.55,0.55,0.55,0.55
6246,0.55,0.55,0.55,0.55,0.55
6247,0.55,0.55,0.55,0.55,0.55
6248,0.55,0.55,0.55,0.55,0.55
6249,0.55,0.55,0.55,0.55,0.55
6250,0.55,0.55,0.55,0.55,0.55
6251,0.55,0.55,0.55,0.55,0.55
6252,0.55,0.55,0.55,0.55,0.55
6253,0.55,0.55,0.55,0.55,0.55
6254,0.55,0.55,0.55,0.55,0.55
6255,0.55,0.55,0.55,0.55,0.55
6256,0.55,0.55,0.55,0.55,0.55
6257,0.55,0.55,0.55,0.55,0.55
6258,0.55,0.55,0.55,0.55,0.55
6259,0.55,0.55,0.55,0.55,0.55
6260,0.55,0.55,0.55,0.55,0.55
6261,0.55,0.55,0.55,0.55,0.55
6262,0.55,0.55,0.55,0.55,0.55
6263,0.55,0.55,0.55,0.55,0.55
6264,0.55,0.55,0.55,0.55,0.55
6265,0.55,0.55,0.55,0.55,0.55
6266,0.55,0.55,0.55,0.55,0.55
6267,0.55,0.55,0.55,0.55,0.55
6268,0.55,0.55,0.55,0.55,0.55
6269,0.55,0.55,0.55,0.55,0.55
6270,0.55,0.55,0.55,0.55,0.55
6271,0.55,0.55,0.55,0.55,0.55
6272,0.55,0.55,0.55,0.55,0.55
6273,0.55,0.55,0.55,0.55,0.55
6274,0.55,0.55,0.55,0.55,0.55
6275,0.55,0.55,0.55,0.55,0.55
6276,0.55,0.55,0.55,0.55,0.55
6277,0.55,0.55,0.55,0.55,0.55
6278,0.55,0.55,0.55,0.55,0.55
6279,0.55,0.55,0.55,0.55,0.55
6280,0.55,0.55,0.55,0.55,0.55
6281,0.55,0.55,0.55,0.55,0.55
6282,0.55,0.55,0.55,0.55,0.55
6283,0.55,0.55,0.55,0.55,0.55
6284,0.55,0.55,0.55,0.55,0.55
6285,0.55,0.55,0.55,0.55,0.55
6286,0.55,0.55,0.55,0.55,0.55
6287,0.55,0.55,0.55,0.55,0.55
6288,0.55,0.55,0.55,0.55,0.55
6289,0.55,0.55,0.55,0.55,0.55
6290,0.55,0.55,0.55,0.55,0.55
6291,0.55,0.55,0.55,0.55,0.55
6292,0.55,0.55,0.55,0.55,0.55
6293,0.55,0.55,0.55,0.55,0.55
6294,0.55,0.55,0.55,0.55,0.55
6295,0.55,0.55,0.55,0.55,0.55
6296,0.55,0.55,0.55,0.55,0.55
6297,0.55,0.55,0.55,0.55,0.55
6298,0.55,0.55,0.55,0.55,0.55
6299,0.55,0.55,0.55,0.55,0.55
6300,0.55,0.55,0.55,0.55,0.55
6301,0.55,0.55,0.55,0.55,0.55
6302,0.55,0.55,0.55,0.55,0.55
6303,0.55,0.55,0.55,0.55,0.55
6304,0.55,0.55,0.55,0.55,0.55
6305,0.55,0.55,0.55,0.55,0.55
6306,0.55,0.55,0.55,0.55,0.55
6307,0.55,0.55,0.55,0.55,0.55
6308,0.55,0.55,0.55,0.55,0.55
6309,0.55,0.55,0.55,0.55,0.55
6310,0.55,0.55,0.55,0.55,0.55
6311,0.55,0.55,0.55,0.55,0.55
6312,0.55,0.55,0.55,0.55,0.55
6313,0.55,0.55,0.55,0.55,0.55
6314,0.55,0.55,0.55,0.55,0.55
6315,0.55,0.55,0.55,0.55,0.55
6316,0.55,0.55,0.55,0.55,0.55
6317,0.55,0.55,0.55,0.55,0.55
6318,0.55,0.55,0.55,0.55,0.55
6319,0.55,0.55,0.55,0.55,0.55
6320,0.55,0.55,0.55,0.55,0.55
6321,0.55,0.55,0.55,0.55,0.55
6322,0.55,0.55,0.55,0.55,0.55
6323,0.55,0.55,0.55,0.55,0.55
6324,0.55,0.55,0.55,0.55,0.55
6325,0.55,0.55,0.55,0.55,0.55
6326,0.55,0.55,0.55,0.55,0.55
6327,0.55,0.55,0.55,0.55,0.55
6328,0.55,0.55,0.55,0.55,0.55
6329,0.55,0.55,0.55,0.55,0.55
6330,0.55,0.55,0.55,0.55,0.55
6331,0.55,0.55,0.55,0.55,0.55
6332,0.55,0.55,0.55,0.55,0.55
6333,0.55,0.55,0.55,0.55,0.55
6334,0.55,0.55,0.55,0.55,0.55
6335,0.55,0.55,0.55,0.55,0.55
6336,0.55,0.55,0.55,0.55,0.55
6337,0.55,0.55,0.55,0.55,0.55
6338,0.55,0.55,0.55,0.55,0.55
6339,0.55,0.55,0.55,0.55,0.55
6340,0.55,0.55,0.55,0.55,0.55
6341,0.55,0.55,0.55,0.55,0.55
6342,0.55,0.55,0.55,0.55,0.55
6343,0.55,0.55,0.55,0.55,0.55
6344,0.55,0.55,0.55,0.55,0.55
6345,0.55,0.55,0.55,0.55,0.55
6346,0.55,0.55,0.55,0.55,0.55
6347,0.55,0.55,0.55,0.55,0.55
6348,0.55,0.55,0.55,0.55,0.55
6349,0.55,0.55,0.55,0.55,0.55
6350,0.55,0.55,0.55,0.55,0.55
6351,0.55,0.55,0.55,0.55,0.55
6352,0.55,0.55,0.55,0.55,0.55
6353,0.55,0.55,0.55,0.55,0.55
6354,0.55,0.55,0.55,0.55,0.55
6355,0.55,0.55,0.55,0.55,0.55
6356,0.55,0.55,0.55,0.55,0.55
6357,0.55,0.55,0.55,0.55,0.55
6358,0.55,0.55,0.55,0.55,0.55
6359,0.55,0.55,0.55,0.55,0.55
6360,0.55,0.55,0.55,0.55,0.55
6361,0.55,0.55,0.55,0.55,0.55
6362,0.55,0.55,0.55,0.55,0.55
6363,0.55,0.55,0.55,0.55,0.55
6364,0.55,0.55,0.55,0.55,0.55
6365,0.55,0.55,0.55,0.55,0.55
6366,0.55,0.55,0.55,0.55,0.55
6367,0.55,0.55,0.55,0.55,0.55
6368,0.55,0.55,0.55,0.55,0.55
6369,0.55,0.55,0.55,0.55,0.55
6370,0.55,0.55,0.55,0.55,0.55
6371,0.55,0.55,0.55,0.55,0.55
6372,0.55,0.55,0.55,0.55,0.55
6373,0.55,0.55,0.55,0.55,0.55
6374,0.55,0.55,0.55,0.55,0.55
6375,0.55,0.55,0.55,0.55,0.55
6376,0.55,0.55,0.55,0.55,0.55
6377,0.55,0.55,0.55,0.55,0.55
6378,0.55,0.55,0.55,0.55,0.55
6379,0.55,0.55,0.55,0.55,0.55
6380,0.55,0.55,0.55,0.55,0.55
6381,0.55,0.55,0.55,0.55,0.55
6382,0.55,0.55,0.55,0.55,0.55
6383,0.55,0.55,0.55,0.55,0.55
6384,0.55,0.55,0.55,0.55,0.55
6385,0.55,0.55,0.55,0.55,0.55
6386,0.55,0.55,0.55,0.55,0.55
6387,0.55,0.55,0.55,0.55,0.55
6388,0.55,0.55,0.55,0.55,0.55
6389,0.55,0.55,0.55,0.55,0.55
6390,0.55,0.55,0.55,0.55,0.55
6391,0.55,0.55,0.55,0.55,0.55
6392,0.55,0.55,0.55,0.55,0.55
6393,0.55,0.55,0.55,0.55,0.55
6394,0.55,0.55,0.55,0.55,0.55
6395,0.55,0.55,0.55,0.55,0.55
6396,0.55,0.55,0.55,0.55,0.55
6397,0.55,0.55,0.55,0.55,0.55
6398,0.55,0.55,0.55,0.55,0.55
6399,0.55,0.55,0.55,0.55,0.55
6400,0.55,0.55,0.55,0.55,0.55
6401,0.55,0.55,0.55,0.55,0.55
6402,0.55,0.55,0.55,0.55,0.55
6403,0.55,0.55,0.55,0.55,0.55
6404,0.55,0.55,0.55,0.55,0.55
6405,0.55,0.55,0.55,0.55,0.55
6406,0.55,0.55,0.55,0.55,0.55
6407,0.55,0.55,0.55,0.55,0.55
6408,0.55,0.55,0.55,0.55,0.55
6409,0.55,0.55,0.55,0.55,0.55
6410,0.55,0.55,0.55,0.55,0.55
6411,0.55,0.55,0.55,0.55,0.55
6412,0.55,0.55,0.55,0.55,0.55
6413,0.55,0.55,0.55,0.55,0.55
6414,0.55,0.55,0.55,0.55,0.55
6415,0.55,0.55,0.55,0.55,0.55
6416,0.55,0.55,0.55,0.55,0.55
6417,0.55,0.55,0.55,0.55,0.55
6418,0.55,0.55,0.55,0.55,0.55
6419,0.55,0.55,0.55,0.55,0.55
6420,0.55,0.55,0.55,0.55,0.55
6421,0.55,0.55,0.55,0.55,0.55
6422,0.55,0.55,0.55,0.55,0.55
6423,0.55,0.55,0.55,0.55,0.55
6424,0.55,0.55,0.55,0.55,0.55
6425,0.55,0.55,0.55,0.55,0.55
6426,0.55,0.55,0.55,0.55,0.55
6427,0.55,0.55,0.55,0.55,0.55
6428,0.55,0.55,0.55,0.55,0.55
6429,0.55,0.55,0.55,0.55,0.55
6430,0.55,0.55,0.55,0.55,0.55
6431,0.55,0.55,0.55,0.55,0.55
6432,0.55,0.55,0.55,0.55,0.55
6433,0.55,0.55,0.55,0.55,0.55
6434,0.55,0.55,0.55,0.55,0.55
6435,0.55,0.55,0.55,0.55,0.55
6436,0.55,0.55,0.55,0.55,0.55
6437,0.55,0.55,0.55,0.55,0.55
6438,0.55,0.55,0.55,0.55,0.55
6439,0.55,0.55,0.55,0.55,0.55
6440,0.55,0.55,0.55,0.55,0.55
6441,0.55,0.55,0.55,0.55,0.55
6442,0.55,0.55,0.55,0.55,0.55
6443,0.55,0.55,0.55,0.55,0.55
6444,0.55,0.55,0.55,0.55,0.55
6445,0.55,0.55,0.55,0.55,0.55
6446,0.55,0.55,0.55,0.55,0.55
6447,0.55,0.55,0.55,0.55,0.55
6448,0.55,0.55,0.55,0.55,0.55
6449,0.55,0.55,0.55,0.55,0.55
6450,0.55,0.55,0.55,0.55,0.55
6451,0.55,0.55,0.55,0.55,0.55
6452,0.55,0.55,0.55,0.55,0.55
6453,0.55,0.55,0.55,0.55,0.55
6454,0.55,0.55,0.55,0.55,0.55
6455,0.55,0.55,0.55,0.55,0.55
6456,0.55,0.55,0.55,0.55,0.55
6457,0.55,0.55,0.55,0.55,0.55
6458,0.55,0.55,0.55,0.55,0.55
6459,0.55,0.55,0.55,0.55,0.55
6460,0.55,0.55,0.55,0.55,0.55
6461,0.55,0.55,0.55,0.55,0.55
6462,0.55,0.55,0.55,0.55,0.55
6463,0.55,0.55,0.55,0.55,0.55
6464,0.55,0.55,0.55,0.55,0.55
6465,0.55,0.55,0.55,0.55,0.55
6466,0.55,0.55,0.55,0.55,0.55
6467,0.55,0.55,0.55,0.55,0.55
6468,0.55,0.55,0.55,0.55,0.55
6469,0.55,0.55,0.55,0.55,0.55
6470,0.55,0.55,0.55,0.55,0.55
6471,0.55,0.55,0.55,0.55,0.55
6472,0.55,0.55,0.55,0.55,0.55
6473,0.55,0.55,0.55,0.55,0.55
6474,0.55,0.55,0.55,0.55,0.55
6475,0.55,0.55,0.55,0.55,0.55
6476,0.55,0.55,0.55,0.55,0.55
6477,0.55,0.55,0.55,0.55,0.55
6478,0.55,0.55,0.55,0.55,0.55
6479,0.55,0.55,0.55,0.55,0.55
6480,0.55,0.55,0.55,0.55,0.55
6481,0.55,0.55,0.55,0.55,0.55
6482,0.55,0.55,0.55,0.55,0.55
6483,0.55,0.55,0.55,0.55,0.55
6484,0.55,0.55,0.55,0.55,0.55
6485,0.55,0.55,0.55,0.55,0.55
6486,0.55,0.55,0.55,0.55,0.55
6487,0.55,0.55,0.55,0.55,0.55
6488,0.55,0.55,0.55,0.55,0.55
6489,0.55,0.55,0.55,0.55,0.55
6490,0.55,0.55,0.55,0.55,0.55
6491,0.55,0.55,0.55,0.55,0.55
6492,0.55,0.55,0.55,0.55,0.55
6493,0.55,0.55,0.55,0.55,0.55
6494,0.55,0.55,0.55,0.55,0.55
6495,0.55,0.55,0.55,0.55,0.55
6496,0.55,0.55,0.55,0.55,0.55
6497,0.55,0.55,0.55,0.55,0.55
6498,0.55,0.55,0.55,0.55,0.55
6499,0.55,0.55,0.55,0.55,0.55
6500,0.55,0.55,0.55,0.55,0.55
6501,0.55,0.55,0.55,0.55,0.55
6502,0.55,0.55,0.55,0.55,0.55
6503,0.55,0.55,0.55,0.55,0.55
6504,0.55,0.55,0.55,0.55,0.55
6505,0.55,0.55,0.55,0.55,0.55
6506,0.55,0.55,0.55,0.55,0.55
6507,0.55,0.55,0.55,0.55,0.55
6508,0.55,0.55,0.55,0.55,0.55
6509,0.55,0.55,0.55,0.55,0.55
6510,0.55,0.55,0.55,0.55,0.55
6511,0.55,0.55,0.55,0.55,0.55
6512,0.55,0.55,0.55,0.55,0.55
6513,0.55,0.55,0.55,0.55,0.55
6514,0.55,0.55,0.55,0.55,0.55
6515,0.55,0.55,0.55,0.55,0.55
6516,0.55,0.55,0.55,0.55,0.55
6517,0.55,0.55,0.55,0.55,0.55
6518,0.55,0.55,0.55,0.55,0.55
6519,0.55,0.55,0.55,0.55,0.55
6520,0.55,0.55,0.55,0.55,0.55
6521,0.55,0.55,0.55,0.55,0.55
6522,0.55,0.55,0.55,0.55,0.55
6523,0.55,0.55,0.55,0.55,0.55
6524,0.55,0.55,0.55,0.55,0.55
6525,0.55,0.55,0.55,0.55,0.55
6526,0.55,0.55,0.55,0.55,0.55
6527,0.55,0.55,0.55,0.55,0.55
6528,0.55,0.55,0.55,0.55,0.55
6529,0.55,0.55,0.55,0.55,0.55
6530,0.55,0.55,0.55,0.55,0.55
6531,0.55,0.55,0.55,0.55,0.55
6532,0.55,0.55,0.55,0.55,0.55
6533,0.55,0.55,0.55,0.55,0.55
6534,0.55,0.55,0.55,0.55,0.55
6535,0.55,0.55,0.55,0.55,0.55
6536,0.55,0.55,0.55,0.55,0.55
6537,0.55,0.55,0.55,0.55,0.55
6538,0.55,0.55,0.55,0.55,0.55
6539,0.55,0.55,0.55,0.55,0.55
6540,0.55,0.55,0.55,0.55,0.55
6541,0.55,0.55,0.55,0.55,0.55
6542,0.55,0.55,0.55,0.55,0.55
6543,0.55,0.55,0.55,0.55,0.55
6544,0.55,0.55,0.55,0.55,0.55
6545,0.55,0.55,0.55,0.55,0.55
6546,0.55,0.55,0.55,0.55,0.55
6547,0.55,0.55,0.55,0.55,0.55
6548,0.55,0.55,0.55,0.55,0.55
6549,0.55,0.55,0.55,0.55,0.55
6550,0.55,0.55,0.55,0.55,0.55
6551,0.55,0.55,0.55,0.55,0.55
6552,0.55,0.55,0.55,0.55,0.55
6553,0.55,0.55,0.55,0.55,0.55
6554,0.55,0.55,0.55,0.55,0.55
6555,0.55,0.55,0.55,0.55,0.55
6556,0.55,0.55,0.55,0.55,0.55
6557,0.55,0.55,0.55,0.55,0.55
6558,0.55,0.55,0.55,0.55,0.55
6559,0.55,0.55,0.55,0.55,0.55
6560,0.55,0.55,0.55,0.55,0.55
6561,0.55,0.55,0.55,0.55,0.55
6562,0.55,0.55,0.55,0.55,0.55
6563,0.55,0.55,0.55,0.55,0.55
6564,0.55,0.55,0.55,0.55,0.55
6565,0.55,0.55,0.55,0.55,0.55
6566,0.55,0.55,0.55,0.55,0.55
6567,0.55,0.55,0.55,0.55,0.55
6568,0.55,0.55,0.55,0.55,0.55
6569,0.55,0.55,0.55,0.55,0.55
6570,0.55,0.55,0.55,0.55,0.55
6571,0.55,0.55,0.55,0.55,0.55
6572,0.55,0.55,0.55,0.55,0.55
6573,0.55,0.55,0.55,0.55,0.55
6574,0.55,0.55,0.55,0.55,0.55
6575,0.55,0.55,0.55,0.55,0.55
6576,0.55,0.55,0.55,0.55,0.55
6577,0.55,0.55,0.55,0.55,0.55
6578,0.55,0.55,0.55,0.55,0.55
6579,0.55,0.55,0.55,0.55,0.55
6580,0.55,0.55,0.55,0.55,0.55
6581,0.55,0.55,0.55,0.55,0.55
6582,0.55,0.55,0.55,0.55,0.55
6583,0.55,0.55,0.55,0.55,0.55
6584,0.55,0.55,0.55,0.55,0.55
6585,0.55,0.55,0.55,0.55,0.55
6586,0.55,0.55,0.55,0.55,0.55
6587,0.55,0.55,0.55,0.55,0.55
6588,0.55,0.55,0.55,0.55,0.55
6589,0.55,0.55,0.55,0.55,0.55
6590,0.55,0.55,0.55,0.55,0.55
6591,0.55,0.55,0.55,0.55,0.55
6592,0.55,0.55,0.55,0.55,0.55
6593,0.55,0.55,0.55,0.55,0.55
6594,0.55,0.55,0.55,0.55,0.55
6595,0.55,0.55,0.55,0.55,0.55
6596,0.55,0.55,0.55,0.55,0.55
6597,0.55,0.55,0.55,0.55,0.55
6598,0.55,0.55,0.55,0.55,0.55
6599,0.55,0.55,0.55,0.55,0.55
6600,0.55,0.55,0.55,0.55,0.55
6601,0.55,0.55,0.55,0.55,0.55
6602,0.55,0.55,0.55,0.55,0.55
6603,0.55,0.55,0.55,0.55,0.55
6604,0.55,0.55,0.55,0.55,0.55
6605,0.55,0.55,0.55,0.55,0.55
6606,0.55,0.55,0.55,0.55,0.55
6607,0.55,0.55,0.55,0.55,0.55
6608,0.55,0.55,0.55,0.55,0.55
6609,0.55,0.55,0.55,0.55,0.55
6610,0.55,0.55,0.55,0.55,0.55
6611,0.55,0.55,0.55,0.55,0.55
6612,0.55,0.55,0.55,0.55,0.55
6613,0.55,0.55,0.55,0.55,0.55
6614,0.55,0.55,0.55,0.55,0.55
6615,0.55,0.55,0.55,0.55,0.55
6616,0.55,0.55,0.55,0.55,0.55
6617,0.55,0.55,0.55,0.55,0.55
6618,0.55,0.55,0.55,0.55,0.55
6619,0.55,0.55,0.55,0.55,0.55
6620,0.55,0.55,0.55,0.55,0.55
6621,0.55,0.55,0.55,0.55,0.55
6622,0.55,0.55,0.55,0.55,0.55
6623,0.55,0.55,0.55,0.55,0.55
6624,0.55,0.55,0.55,0.55,0.55
6625,0.55,0.55,0.55,0.55,0.55
6626,0.55,0.55,0.55,0.55,0.55
6627,0.55,0.55,0.55,0.55,0.55
6628,0.55,0.55,0.55,0.55,0.55
6629,0.55,0.55,0.55,0.55,0.55
6630,0.55,0.55,0.55,0.55,0.55
6631,0.55,0.55,0.55,0.55,0.55
6632,0.55,0.55,0.55,0.55,0.55
6633,0.55,0.55,0.55,0.55,0.55
6634,0.55,0.55,0.55,0.55,0.55
6635,0.55,0.55,0.55,0.55,0.55
6636,0.55,0.55,0.55,0.55,0.55
6637,0.55,0.55,0.55,0.55,0.55
6638,0.55,0.55,0.55,0.55,0.55
6639,0.55,0.55,0.55,0.55,0.55
6640,0.55,0.55,0.55,0.55,0.55
6641,0.55,0.55,0.55,0.55,0.55
6642,0.55,0.55,0.55,0.55,0.55
6643,0.55,0.55,0.55,0.55,0.55
6644,0.55,0.55,0.55,0.55,0.55
6645,0.55,0.55,0.55,0.55,0.55
6646,0.55,0.55,0.55,0.55,0.55
6647,0.55,0.55,0.55,0.55,0.55
6648,0.55,0.55,0.55,0.55,0.55
6649,0.55,0.55,0.55,0.55,0.55
6650,0.55,0.55,0.55,0.55,0.55
6651,0.55,0.55,0.55,0.55,0.55
6652,0.55,0.55,0.55,0.55,0.55
6653,0.55,0.55,0.55,0.55,0.55
6654,0.55,0.55,0.55,0.55,0.55
6655,0.55,0.55,0.55,0.55,0.55
6656,0.55,0.55,0.55,0.55,0.55
6657,0.55,0.55,0.55,0.55,0.55
6658,0.55,0.55,0.55,0.55,0.55
6659,0.55,0.55,0.55,0.55,0.55
6660,0.55,0.55,0.55,0.55,0.55
6661,0.55,0.55,0.55,0.55,0.55
6662,0.55,0.55,0.55,0.55,0.55
6663,0.55,0.55,0.55,0.55,0.55
6664,0.55,0.55,0.55,0.55,0.55
6665,0.55,0.55,0.55,0.55,0.55
6666,0.55,0.55,0.55,0.55,0.55
6667,0.55,0.55,0.55,0.55,0.55
6668,0.55,0.55,0.55,0.55,0.55
6669,0.55,0.55,0.55,0.55,0.55
6670,0.55,0.55,0.55,0.55,0.55
6671,0.55,0.55,0.55,0.55,0.55
6672,0.55,0.55,0.55,0.55,0.55
6673,0.55,0.55,0.55,0.55,0.55
6674,0.55,0.55,0.55,0.55,0.55
6675,0.55,0.55,0.55,0.55,0.55
6676,0.55,0.55,0.55,0.55,0.55
6677,0.55,0.55,0.55,0.55,0.55
6678,0.55,0.55,0.55,0.55,0.55
6679,0.55,0.55,0.55,0.55,0.55
6680,0.55,0.55,0.55,0.55,0.55
6681,0.55,0.55,0.55,0.55,0.55
6682,0.55,0.55,0.55,0.55,0.55
6683,0.55,0.55,0.55,0.55,0.55
6684,0.55,0.55,0.55,0.55,0.55
6685,0.55,0.55,0.55,0.55,0.55
6686,0.55,0.55,0.55,0.55,0.55
6687,0.55,0.55,0.55,0.55,0.55
6688,0.55,0.55,0.55,0.55,0.55
6689,0.55,0.55,0.55,0.55,0.55
6690,0.55,0.55,0.55,0.55,0.55
6691,0.55,0.55,0.55,0.55,0.55
6692,0.55,0.55,0.55,0.55,0.55
6693,0.55,0.55,0.55,0.55,0.55
6694,0.55,0.55,0.55,0.55,0.55
6695,0.55,0.55,0.55,0.55,0.55
6696,0.55,0.55,0.55,0.55,0.55
6697,0.55,0.55,0.55,0.55,0.55
6698,0.55,0.55,0.55,0.55,0.55
6699,0.55,0.55,0.55,0.55,0.55
6700,0.55,0.55,0.55,0.55,0.55
6701,0.55,0.55,0.55,0.55,0.55
6702,0.55,0.55,0.55,0.55,0.55
6703,0.55,0.55,0.55,0.55,0.55
6704,0.55,0.55,0.55,0.55,0.55
6705,0.55,0.55,0.55,0.55,0.55
6706,0.55,0.55,0.55,0.55,0.55
6707,0.55,0.55,0.55,0.55,0.55
6708,0.55,0.55,0.55,0.55,0.55
6709,0.55,0.55,0.55,0.55,0.55
6710,0.55,0.55,0.55,0.55,0.55
6711,0.55,0.55,0.55,0.55,0.55
6712,0.55,0.55,0.55,0.55,0.55
6713,0.55,0.55,0.55,0.55,0.55
6714,0.55,0.55,0.55,0.55,0.55
6715,0.55,0.55,0.55,0.55,0.55
6716,0.55,0.55,0.55,0.55,0.55
6717,0.55,0.55,0.55,0.55,0.55
6718,0.55,0.55,0.55,0.55,0.55
6719,0.55,0.55,0.55,0.55,0.55
6720,0.55,0.55,0.55,0.55,0.55
6721,0.55,0.55,0.55,0.55,0.55
6722,0.55,0.55,0.55,0.55,0.55
6723,0.55,0.55,0.55,0.55,0.55
6724,0.55,0.55,0.55,0.55,0.55
6725,0.55,0.55,0.55,0.55,0.55
6726,0.55,0.55,0.55,0.55,0.55
6727,0.55,0.55,0.55,0.55,0.55
6728,0.55,0.55,0.55,0.55,0.55
6729,0.55,0.55,0.55,0.55,0.55
6730,0.55,0.55,0.55,0.55,0.55
6731,0.55,0.55,0.55,0.55,0.55
6732,0.55,0.55,0.55,0.55,0.55
6733,0.55,0.55,0.55,0.55,0.55
6734,0.55,0.55,0.55,0.55,0.55
6735,0.55,0.55,0.55,0.55,0.55
6736,0.55,0.55,0.55,0.55,0.55
6737,0.55,0.55,0.55,0.55,0.55
6738,0.55,0.55,0.55,0.55,0.55
6739,0.55,0.55,0.55,0.55,0.55
6740,0.55,0.55,0.55,0.55,0.55
6741,0.55,0.55,0.55,0.55,0.55
6742,0.55,0.55,0.55,0.55,0.55
6743,0.55,0.55,0.55,0.55,0.55
6744,0.55,0.55,0.55,0.55,0.55
6745,0.55,0.55,0.55,0.55,0.55
6746,0.55,0.55,0.55,0.55,0.55
6747,0.55,0.55,0.55,0.55,0.55
6748,0.55,0.55,0.55,0.55,0.55
6749,0.55,0.55,0.55,0.55,0.55
6750,0.55,0.55,0.55,0.55,0.55
6751,0.55,0.55,0.55,0.55,0.55
6752,0.55,0.55,0.55,0.55,0.55
6753,0.55,0.55,0.55,0.55,0.55
6754,0.55,0.55,0.55,0.55,0.55
6755,0.55,0.55,0.55,0.55,0.55
6756,0.55,0.55,0.55,0.55,0.55
6757,0.55,0.55,0.55,0.55,0.55
6758,0.55,0.55,0.55,0.55,0.55
6759,0.55,0.55,0.55,0.55,0.55
6760,0.55,0.55,0.55,0.55,0.55
6761,0.55,0.55,0.55,0.55,0.55
6762,0.55,0.55,0.55,0.55,0.55
6763,0.55,0.55,0.55,0.55,0.55
6764,0.55,0.55,0.55,0.55,0.55
6765,0.55,0.55,0.55,0.55,0.55
6766,0.55,0.55,0.55,0.55,0.55
6767,0.55,0.55,0.55,0.55,0.55
6768,0.55,0.55,0.55,0.55,0.55
6769,0.55,0.55,0.55,0.55,0.55
6770,0.55,0.55,0.55,0.55,0.55
6771,0.55,0.55,0.55,0.55,0.55
6772,0.55,0.55,0.55,0.55,0.55
6773,0.55,0.55,0.55,0.55,0.55
6774,0.55,0.55,0.55,0.55,0.55
6775,0.55,0.55,0.55,0.55,0.55
6776,0.55,0.55,0.55,0.55,0.55
6777,0.55,0.55,0.55,0.55,0.55
6778,0.55,0.55,0.55,0.55,0.55
6779,0.55,0.55,0.55,0.55,0.55
6780,0.55,0.55,0.55,0.55,0.55
6781,0.55,0.55,0.55,0.55,0.55
6782,0.55,0.55,0.55,0.55,0.55
6783,0.55,0.55,0.55,0.55,0.55
6784,0.55,0.55,0.55,0.55,0.55
6785,0.55,0.55,0.55,0.55,0.55
6786,0.55,0.55,0.55,0.55,0.55
6787,0.55,0.55,0.55,0.55,0.55
6788,0.55,0.55,0.55,0.55,0.55
6789,0.55,0.55,0.55,0.55,0.55
6790,0.55,0.55,0.55,0.55,0.55
6791,0.55,0.55,0.55,0.55,0.55
6792,0.55,0.55,0.55,0.55,0.55
6793,0.55,0.55,0.55,0.55,0.55
6794,0.55,0.55,0.55,0.55,0.55
6795,0.55,0.55,0.55,0.55,0.55
6796,0.55,0.55,0.55,0.55,0.55
6797,0.55,0.55,0.55,0.55,0.55
6798,0.55,0.55,0.55,0.55,0.55
6799,0.55,0.55,0.55,0.55,0.55
6800,0.55,0.55,0.55,0.55,0.55
6801,0.55,0.55,0.55,0.55,0.55
6802,0.55,0.55,0.55,0.55,0.55
6803,0.55,0.55,0.55,0.55,0.55
6804,0.55,0.55,0.55,0.55,0.55
6805,0.55,0.55,0.55,0.55,0.55
6806,0.55,0.55,0.55,0.55,0.55
6807,0.55,0.55,0.55,0.55,0.55
6808,0.55,0.55,0.55,0.55,0.55
6809,0.55,0.55,0.55,0.55,0.55
6810,0.55,0.55,0.55,0.55,0.55
6811,0.55,0.55,0.55,0.55,0.55
6812,0.55,0.55,0.55,0.55,0.55
6813,0.55,0.55,0.55,0.55,0.55
6814,0.55,0.55,0.55,0.55,0.55
6815,0.55,0.55,0.55,0.55,0.55
6816,0.55,0.55,0.55,0.55,0.55
6817,0.55,0.55,0.55,0.55,0.55
6818,0.55,0.55,0.55,0.55,0.55
6819,0.55,0.55,0.55,0.55,0.55
6820,0.55,0.55,0.55,0.55,0.55
6821,0.55,0.55,0.55,0.55,0.55
6822,0.55,0.55,0.55,0.55,0.55
6823,0.55,0.55,0.55,0.55,0.55
6824,0.55,0.55,0.55,0.55,0.55
6825,0.55,0.55,0.55,0.55,0.55
6826,0.55,0.55,0.55,0.55,0.55
6827,0.55,0.55,0.55,0.55,0.55
6828,0.55,0.55,0.55,0.55,0.55
6829,0.55,0.55,0.55,0.55,0.55
6830,0.55,0.55,0.55,0.55,0.55
6831,0.55,0.55,0.55,0.55,0.55
6832,0.55,0.55,0.55,0.55,0.55
6833,0.55,0.55,0.55,0.55,0.55
6834,0.55,0.55,0.55,0.55,0.55
6835,0.55,0.55,0.55,0.55,0.55
6836,0.55,0.55,0.55,0.55,0.55
6837,0.55,0.55,0.55,0.55,0.55
6838,0.55,0.55,0.55,0.55,0.55
6839,0.55,0.55,0.55,0.55,0.55
6840,0.55,0.55,0.55,0.55,0.55
6841,0.55,0.55,0.55,0.55,0.55
6842,0.55,0.55,0.55,0.55,0.55
6843,0.55,0.55,0.55,0.55,0.55
6844,0.55,0.55,0.55,0.55,0.55
6845,0.55,0.55,0.55,0.55,0.55
6846,0.55,0.55,0.55,0.55,0.55
6847,0.55,0.55,0.55,0.55,0.55
6848,0.55,0.55,0.55,0.55,0.55
6849,0.55,0.55,0.55,0.55,0.55
6850,0.55,0.55,0.55,0.55,0.55
6851,0.55,0.55,0.55,0.55,0.55
6852,0.55,0.55,0.55,0.55,0.55
6853,0.55,0.55,0.55,0.55,0.55
6854,0.55,0.55,0.55,0.55,0.55
6855,0.55,0.55,0.55,0.55,0.55
6856,0.55,0.55,0.55,0.55,0.55
6857,0.55,0.55,0.55,0.55,0.55
6858,0.55,0.55,0.55,0.55,0.55
6859,0.55,0.55,0.55,0.55,0.55
6860,0.55,0.55,0.55,0.55,0.55
6861,0.55,0.55,0.55,0.55,0.55
6862,0.55,0.55,0.55,0.55,0.55
6863,0.55,0.55,0.55,0.55,0.55
6864,0.55,0.55,0.55,0.55,0.55
6865,0.55,0.55,0.55,0.55,0.55
6866,0.55,0.55,0.55,0.55,0.55
6867,0.55,0.55,0.55,0.55,0.55
6868,0.55,0.55,0.55,0.55,0.55
6869,0.55,0.55,0.55,0.55,0.55
6870,0.55,0.55,0.55,0.55,0.55
6871,0.55,0.55,0.55,0.55,0.55
6872,0.55,0.55,0.55,0.55,0.55
6873,0.55,0.55,0.55,0.55,0.55
6874,0.55,0.55,0.55,0.55,0.55
6875,0.55,0.55,0.55,0.55,0.55
6876,0.55,0.55,0.55,0.55,0.55
6877,0.55,0.55,0.55,0.55,0.55
6878,0.55,0.55,0.55,0.55,0.55
6879,0.55,0.55,0.55,0.55,0.55
6880,0.55,0.55,0.55,0.55,0.55
6881,0.55,0.55,0.55,0.55,0.55
6882,0.55,0.55,0.55,0.55,0.55
6883,0.55,0.55,0.55,0.55,0.55
6884,0.55,0.55,0.55,0.55,0.55
6885,0.55,0.55,0.55,0.55,0.55
6886,0.55,0.55,0.55,0.55,0.55
6887,0.55,0.55,0.55,0.55,0.55
6888,0.55,0.55,0.55,0.55,0.55
6889,0.55,0.55,0.55,0.55,0.55
6890,0.55,0.55,0.55,0.55,0.55
6891,0.55,0.55,0.55,0.55,0.55
6892,0.55,0.55,0.55,0.55,0.55
6893,0.55,0.55,0.55,0.55,0.55
6894,0.55,0.55,0.55,0.55,0.55
6895,0.55,0.55,0.55,0.55,0.55
6896,0.55,0.55,0.55,0.55,0.55
6897,0.55,0.55,0.55,0.55,0.55
6898,0.55,0.55,0.55,0.55,0.55
6899,0.55,0.55,0.55,0.55,0.55
6900,0.55,0.55,0.55,0.55,0.55
6901,0.55,0.55,0.55,0.55,0.55
6902,0.55,0.55,0.55,0.55,0.55
6903,0.55,0.55,0.55,0.55,0.55
6904,0.55,0.55,0.55,0.55,0.55
6905,0.55,0.55,0.55,0.55,0.55
6906,0.55,0.55,0.55,0.55,0.55
6907,0.55,0.55,0.55,0.55,0.55
6908,0.55,0.55,0.55,0.55,0.55
6909,0.55,0.55,0.55,0.55,0.55
6910,0.55,0.55,0.55,0.55,0.55
6911,0.55,0.55,0.55,0.55,0.55
6912,0.55,0.55,0.55,0.55,0.55
6913,0.55,0.55,0.55,0.55,0.55
6914,0.55,0.55,0.55,0.55,0.55
6915,0.55,0.55,0.55,0.55,0.55
6916,0.55,0.55,0.55,0.55,0.55
6917,0.55,0.55,0.55,0.55,0.55
6918,0.55,0.55,0.55,0.55,0.55
6919,0.55,0.55,0.55,0.55,0.55
6920,0.55,0.55,0.55,0.55,0.55
6921,0.55,0.55,0.55,0.55,0.55
6922,0.55,0.55,0.55,0.55,0.55
6923,0.55,0.55,0.55,0.55,0.55
6924,0.55,0.55,0.55,0.55,0.55
6925,0.55,0.55,0.55,0.55,0.55
6926,0.55,0.55,0.55,0.55,0.55
6927,0.55,0.55,0.55,0.55,0.55
6928,0.55,0.55,0.55,0.55,0.55
6929,0.55,0.55,0.55,0.55,0.55
6930,0.55,0.55,0.55,0.55,0.55
6931,0.55,0.55,0.55,0.55,0.55
6932,0.55,0.55,0.55,0.55,0.55
6933,0.55,0.55,0.55,0.55,0.55
6934,0.55,0.55,0.55,0.55,0.55
6935,0.55,0.55,0.55,0.55,0.55
6936,0.55,0.55,0.55,0.55,0.55
6937,0.55,0.55,0.55,0.55,0.55
6938,0.55,0.55,0.55,0.55,0.55
6939,0.55,0.55,0.55,0.55,0.55
6940,0.55,0.55,0.55,0.55,0.55
6941,0.55,0.55,0.55,0.55,0.55
6942,0.55,0.55,0.55,0.55,0.55
6943,0.55,0.55,0.55,0.55,0.55
6944,0.55,0.55,0.55,0.55,0.55
6945,0.55,0.55,0.55,0.55,0.55
6946,0.55,0.55,0.55,0.55,0.55
6947,0.55,0.55,0.55,0.55,0.55
6948,0.55,0.55,0.55,0.55,0.55
6949,0.55,0.55,0.55,0.55,0.55
6950,0.55,0.55,0.55,0.55,0.55
6951,0.55,0.55,0.55,0.55,0.55
6952,0.55,0.55,0.55,0.55,0.55
6953,0.55,0.55,0.55,0.55,0.55
6954,0.55,0.55,0.55,0.55,0.55
6955,0.55,0.55,0.55,0.55,0.55
6956,0.55,0.55,0.55,0.55,0.55
6957,0.55,0.55,0.55,0.55,0.55
6958,0.55,0.55,0.55,0.55,0.55
6959,0.55,0.55,0.55,0.55,0.55
6960,0.55,0.55,0.55,0.55,0.55
6961,0.55,0.55,0.55,0.55,0.55
6962,0.55,0.55,0.55,0.55,0.55
6963,0.55,0.55,0.55,0.55,0.55
6964,0.55,0.55,0.55,0.55,0.55
6965,0.55,0.55,0.55,0.55,0.55
6966,0.55,0.55,0.55,0.55,0.55
6967,0.55,0.55,0.55,0.55,0.55
6968,0.55,0.55,0.55,0.55,0.55
6969,0.55,0.55,0.55,0.55,0.55
6970,0.55,0.55,0.55,0.55,0.55
6971,0.55,0.55,0.55,0.55,0.55
6972,0.55,0.55,0.55,0.55,0.55
6973,0.55,0.55,0.55,0.55,0.55
6974,0.55,0.55,0.55,0.55,0.55
6975,0.55,0.55,0.55,0.55,0.55
6976,0.55,0.55,0.55,0.55,0.55
6977,0.55,0.55,0.55,0.55,0.55
6978,0.55,0.55,0.55,0.55,0.55
6979,0.55,0.55,0.55,0.55,0.55
6980,0.55,0.55,0.55,0.55,0.55
6981,0.55,0.55,0.55,0.55,0.55
6982,0.55,0.55,0.55,0.55,0.55
6983,0.55,0.55,0.55,0.55,0.55
6984,0.55,0.55,0.55,0.55,0.55
6985,0.55,0.55,0.55,0.55,0.55
6986,0.55,0.55,0.55,0.55,0.55
6987,0.55,0.55,0.55,0.55,0.55
6988,0.55,0.55,0.55,0.55,0.55
6989,0.55,0.55,0.55,0.55,0.55
6990,0.55,0.55,0.55,0.55,0.55
6991,0.55,0.55,0.55,0.55,0.55
6992,0.55,0.55,0.55,0.55,0.55
6993,0.55,0.55,0.55,0.55,0.55
6994,0.55,0.55,0.55,0.55,0.55
6995,0.55,0.55,0.55,0.55,0.55
6996,0.55,0.55,0.55,0.55,0.55
6997,0.55,0.55,0.55,0.55,0.55
6998,0.55,0.55,0.55,0.55,0.55
6999,0.55,0.55,0.55,0.55,0.55
7000,0.55,0.55,0.55,0.55,0.55
7001,0.55,0.55,0.55,0.55,0.55
7002,0.55,0.55,0.55,0.55,0.55
7003,0.55,0.55,0.55,0.55,0.55
7004,0.55,0.55,0.55,0.55,0.55
7005,0.55,0.55,0.55,0.55,0.55
7006,0.55,0.55,0.55,0.55,0.55
7007,0.55,0.55,0.55,0.55,0.55
7008,0.55,0.55,0.55,0.55,0.55
7009,0.55,0.55,0.55,0.55,0.55
7010,0.55,0.55,0.55,0.55,0.55
7011,0.55,0.55,0.55,0.55,0.55
7012,0.55,0.55,0.55,0.55,0.55
7013,0.55,0.55,0.55,0.55,0.55
7014,0.55,0.55,0.55,0.55,0.55
7015,0.55,0.55,0.55,0.55,0.55
7016,0.55,0.55,0.55,0.55,0.55
7017,0.55,0.55,0.55,0.55,0.55
7018,0.55,0.55,0.55,0.55,0.55
7019,0.55,0.55,0.55,0.55,0.55
7020,0.55,0.55,0.55,0.55,0.55
7021,0.55,0.55,0.55,0.55,0.55
7022,0.55,0.55,0.55,0.55,0.55
7023,0.55,0.55,0.55,0.55,0.55
7024,0.55,0.55,0.55,0.55,0.55
7025,0.55,0.55,0.55,0.55,0.55
7026,0.55,0.55,0.55,0.55,0.55
7027,0.55,0.55,0.55,0.55,0.55
7028,0.55,0.55,0.55,0.55,0.55
7029,0.55,0.55,0.55,0.55,0.55
7030,0.55,0.55,0.55,0.55,0.55
7031,0.55,0.55,0.55,0.55,0.55
7032,0.55,0.55,0.55,0.55,0.55
7033,0.55,0.55,0.55,0.55,0.55
7034,0.55,0.55,0.55,0.55,0.55
7035,0.55,0.55,0.55,0.55,0.55
7036,0.55,0.55,0.55,0.55,0.55
7037,0.55,0.55,0.55,0.55,0.55
7038,0.55,0.55,0.55,0.55,0.55
7039,0.55,0.55,0.55,0.55,0.55
7040,0.55,0.55,0.55,0.55,0.55
7041,0.55,0.55,0.55,0.55,0.55
7042,0.55,0.55,0.55,0.55,0.55
7043,0.55,0.55,0.55,0.55,0.55
7044,0.55,0.55,0.55,0.55,0.55
7045,0.55,0.55,0.55,0.55,0.55
7046,0.55,0.55,0.55,0.55,0.55
7047,0.55,0.55,0.55,0.55,0.55
7048,0.55,0.55,0.55,0.55,0.55
7049,0.55,0.55,0.55,0.55,0.55
7050,0.55,0.55,0.55,0.55,0.55
7051,0.55,0.55,0.55,0.55,0.55
7052,0.55,0.55,0.55,0.55,0.55
7053,0.55,0.55,0.55,0.55,0.55
7054,0.55,0.55,0.55,0.55,0.55
7055,0.55,0.55,0.55,0.55,0.55
7056,0.55,0.55,0.55,0.55,0.55
7057,0.55,0.55,0.55,0.55,0.55
7058,0.55,0.55,0.55,0.55,0.55
7059,0.55,0.55,0.55,0.55,0.55
7060,0.55,0.55,0.55,0.55,0.55
7061,0.55,0.55,0.55,0.55,0.55
7062,0.55,0.55,0.55,0.55,0.55
7063,0.55,0.55,0.55,0.55,0.55
7064,0.55,0.55,0.55,0.55,0.55
7065,0.55,0.55,0.55,0.55,0.55
7066,0.55,0.55,0.55,0.55,0.55
7067,0.55,0.55,0.55,0.55,0.55
7068,0.55,0.55,0.55,0.55,0.55
7069,0.55,0.55,0.55,0.55,0.55
7070,0.55,0.55,0.55,0.55,0.55
7071,0.55,0.55,0.55,0.55,0.55
7072,0.55,0.55,0.55,0.55,0.55
7073,0.55,0.55,0.55,0.55,0.55
7074,0.55,0.55,0.55,0.55,0.55
7075,0.55,0.55,0.55,0.55,0.55
7076,0.55,0.55,0.55,0.55,0.55
7077,0.55,0.55,0.55,0.55,0.55
7078,0.55,0.55,0.55,0.55,0.55
7079,0.55,0.55,0.55,0.55,0.55
7080,0.55,0.55,0.55,0.55,0.55
7081,0.55,0.55,0.55,0.55,0.55
7082,0.55,0.55,0.55,0.55,0.55
7083,0.55,0.55,0.55,0.55,0.55
7084,0.55,0.55,0.55,0.55,0.55
7085,0.55,0.55,0.55,0.55,0.55
7086,0.55,0.55,0.55,0.55,0.55
7087,0.55,0.55,0.55,0.55,0.55
7088,0.55,0.55,0.55,0.55,0.55
7089,0.55,0.55,0.55,0.55,0.55
7090,0.55,0.55,0.55,0.55,0.55
7091,0.55,0.55,0.55,0.55,0.55
7092,0.55,0.55,0.55,0.55,0.55
7093,0.55,0.55,0.55,0.55,0.55
7094,0.55,0.55,0.55,0.55,0.55
7095,0.55,0.55,0.55,0.55,0.55
7096,0.55,0.55,0.55,0.55,0.55
7097,0.55,0.55,0.55,0.55,0.55
7098,0.55,0.55,0.55,0.55,0.55
7099,0.55,0.55,0.55,0.55,0.55
7100,0.55,0.55,0.55,0.55,0.55
7101,0.55,0.55,0.55,0.55,0.55
7102,0.55,0.55,0.55,0.55,0.55
7103,0.55,0.55,0.55,0.55,0.55
7104,0.55,0.55,0.55,0.55,0.55
7105,0.55,0.55,0.55,0.55,0.55
7106,0.55,0.55,0.55,0.55,0.55
7107,0.55,0.55,0.55,0.55,0.55
7108,0.55,0.55,0.55,0.55,0.55
7109,0.55,0.55,0.55,0.55,0.55
7110,0.55,0.55,0.55,0.55,0.55
7111,0.55,0.55,0.55,0.55,0.55
7112,0.55,0.55,0.55,0.55,0.55
7113,0.55,0.55,0.55,0.55,0.55
7114,0.55,0.55,0.55,0.55,0.55
7115,0.55,0.55,0.55,0.55,0.55
7116,0.55,0.55,0.55,0.55,0.55
7117,0.55,0.55,0.55,0.55,0.55
7118,0.55,0.55,0.55,0.55,0.55
7119,0.55,0.55,0.55,0.55,0.55
7120,0.55,0.55,0.55,0.55,0.55
7121,0.55,0.55,0.55,0.55,0.55
7122,0.55,0.55,0.55,0.55,0.55
7123,0.55,0.55,0.55,0.55,0.55
7124,0.55,0.55,0.55,0.55,0.55
7125,0.55,0.55,0.55,0.55,0.55
7126,0.55,0.55,0.55,0.55,0.55
7127,0.55,0.55,0.55,0.55,0.55
7128,0.55,0.55,0.55,0.55,0.55
7129,0.55,0.55,0.55,0.55,0.55
7130,0.55,0.55,0.55,0.55,0.55
7131,0.55,0.55,0.55,0.55,0.55
7132,0.55,0.55,0.55,0.55,0.55
7133,0.55,0.55,0.55,0.55,0.55
7134,0.55,0.55,0.55,0.55,0.55
7135,0.55,0.55,0.55,0.55,0.55
7136,0.55,0.55,0.55,0.55,0.55
7137,0.55,0.55,0.55,0.55,0.55
7138,0.55,0.55,0.55,0.55,0.55
7139,0.55,0.55,0.55,0.55,0.55
7140,0.55,0.55,0.55,0.55,0.55
7141,0.55,0.55,0.55,0.55,0.55
7142,0.55,0.55,0.55,0.55,0.55
7143,0.55,0.55,0.55,0.55,0.55
7144,0.55,0.55,0.55,0.55,0.55
7145,0.55,0.55,0.55,0.55,0.55
7146,0.55,0.55,0.55,0.55,0.55
7147,0.55,0.55,0.55,0.55,0.55
7148,0.55,0.55,0.55,0.55,0.55
7149,0.55,0.55,0.55,0.55,0.55
7150,0.55,0.55,0.55,0.55,0.55
7151,0.55,0.55,0.55,0.55,0.55
7152,0.55,0.55,0.55,0.55,0.55
7153,0.55,0.55,0.55,0.55,0.55
7154,0.55,0.55,0.55,0.55,0.55
7155,0.55,0.55,0.55,0.55,0.55
7156,0.55,0.55,0.55,0.55,0.55
7157,0.55,0.55,0.55,0.55,0.55
7158,0.55,0.55,0.55,0.55,0.55
7159,0.55,0.55,0.55,0.55,0.55
7160,0.55,0.55,0.55,0.55,0.55
7161,0.55,0.55,0.55,0.55,0.55
7162,0.55,0.55,0.55,0.55,0.55
7163,0.55,0.55,0.55,0.55,0.55
7164,0.55,0.55,0.55,0.55,0.55
7165,0.55,0.55,0.55,0.55,0.55
7166,0.55,0.55,0.55,0.55,0.55
7167,0.55,0.55,0.55,0.55,0.55
7168,0.55,0.55,0.55,0.55,0.55
7169,0.55,0.55,0.55,0.55,0.55
7170,0.55,0.55,0.55,0.55,0.55
7171,0.55,0.55,0.55,0.55,0.55
7172,0.55,0.55,0.55,0.55,0.55
7173,0.55,0.55,0.55,0.55,0.55
7174,0.55,0.55,0.55,0.55,0.55
7175,0.55,0.55,0.55,0.55,0.55
7176,0.55,0.55,0.55,0.55,0.55
7177,0.55,0.55,0.55,0.55,0.55
7178,0.55,0.55,0.55,0.55,0.55
7179,0.55,0.55,0.55,0.55,0.55
7180,0.55,0.55,0.55,0.55,0.55
7181,0.55,0.55,0.55,0.55,0.55
7182,0.55,0.55,0.55,0.55,0.55
7183,0.55,0.55,0.55,0.55,0.55
7184,0.55,0.55,0.55,0.55,0.55
7185,0.55,0.55,0.55,0.55,0.55
7186,0.55,0.55,0.55,0.55,0.55
7187,0.55,0.55,0.55,0.55,0.55
7188,0.55,0.55,0.55,0.55,0.55
7189,0.55,0.55,0.55,0.55,0.55
7190,0.55,0.55,0.55,0.55,0.55
7191,0.55,0.55,0.55,0.55,0.55
7192,0.55,0.55,0.55,0.55,0.55
7193,0.55,0.55,0.55,0.55,0.55
7194,0.55,0.55,0.55,0.55,0.55
7195,0.55,0.55,0.55,0.55,0.55
7196,0.55,0.55,0.55,0.55,0.55
7197,0.55,0.55,0.55,0.55,0.55
7198,0.55,0.55,0.55,0.55,0.55
7199,0.55,0.55,0.55,0.55,0.55
7200,0.55,0.55,0.55,0.55,0.55
7201,0.55,0.55,0.55,0.55,0.55
7202,0.55,0.55,0.55,0.55,0.55
7203,0.55,0.55,0.55,0.55,0.55
7204,0.55,0.55,0.55,0.55,0.55
7205,0.55,0.55,0.55,0.55,0.55
7206,0.55,0.55,0.55,0.55,0.55
7207,0.55,0.55,0.55,0.55,0.55
7208,0.55,0.55,0.55,0.55,0.55
7209,0.55,0.55,0.55,0.55,0.55
7210,0.55,0.55,0.55,0.55,0.55
7211,0.55,0.55,0.55,0.55,0.55
7212,0.55,0.55,0.55,0.55,0.55
7213,0.55,0.55,0.55,0.55,0.55
7214,0.55,0.55,0.55,0.55,0.55
7215,0.55,0.55,0.55,0.55,0.55
7216,0.55,0.55,0.55,0.55,0.55
7217,0.55,0.55,0.55,0.55,0.55
7218,0.55,0.55,0.55,0.55,0.55
7219,0.55,0.55,0.55,0.55,0.55
7220,0.55,0.55,0.55,0.55,0.55
7221,0.55,0.55,0.55,0.55,0.55
7222,0.55,0.55,0.55,0.55,0.55
7223,0.55,0.55,0.55,0.55,0.55
7224,0.55,0.55,0.55,0.55,0.55
7225,0.55,0.55,0.55,0.55,0.55
7226,0.55,0.55,0.55,0.55,0.55
7227,0.55,0.55,0.55,0.55,0.55
7228,0.55,0.55,0.55,0.55,0.55
7229,0.55,0.55,0.55,0.55,0.55
7230,0.55,0.55,0.55,0.55,0.55
7231,0.55,0.55,0.55,0.55,0.55
7232,0.55,0.55,0.55,0.55,0.55
7233,0.55,0.55,0.55,0.55,0.55
7234,0.55,0.55,0.55,0.55,0.55
7235,0.55,0.55,0.55,0.55,0.55
7236,0.55,0.55,0.55,0.55,0.55
7237,0.55,0.55,0.55,0.55,0.55
7238,0.55,0.55,0.55,0.55,0.55
7239,0.55,0.55,0.55,0.55,0.55
7240,0.55,0.55,0.55,0.55,0.55
7241,0.55,0.55,0.55,0.55,0.55
7242,0.55,0.55,0.55,0.55,0.55
7243,0.55,0.55,0.55,0.55,0.55
7244,0.55,0.55,0.55,0.55,0.55
7245,0.55,0.55,0.55,0.55,0.55
7246,0.55,0.55,0.55,0.55,0.55
7247,0.55,0.55,0.55,0.55,0.55
7248,0.55,0.55,0.55,0.55,0.55
7249,0.55,0.55,0.55,0.55,0.55
7250,0.55,0.55,0.55,0.55,0.55
7251,0.55,0.55,0.55,0.55,0.55
7252,0.55,0.55,0.55,0.55,0.55
7253,0.55,0.55,0.55,0.55,0.55
7254,0.55,0.55,0.55,0.55,0.55
7255,0.55,0.55,0.55,0.55,0.55
7256,0.55,0.55,0.55,0.55,0.55
7257,0.55,0.55,0.55,0.55,0.55
7258,0.55,0.55,0.55,0.55,0.55
7259,0.55,0.55,0.55,0.55,0.55
7260,0.55,0.55,0.55,0.55,0.55
7261,0.55,0.55,0.55,0.55,0.55
7262,0.55,0.55,0.55,0.55,0.55
7263,0.55,0.55,0.55,0.55,0.55
7264,0.55,0.55,0.55,0.55,0.55
7265,0.55,0.55,0.55,0.55,0.55
7266,0.55,0.55,0.55,0.55,0.55
7267,0.55,0.55,0.55,0.55,0.55
7268,0.55,0.55,0.55,0.55,0.55
7269,0.55,0.55,0.55,0.55,0.55
7270,0.55,0.55,0.55,0.55,0.55
7271,0.55,0.55,0.55,0.55,0.55
7272,0.55,0.55,0.55,0.55,0.55
7273,0.55,0.55,0.55,0.55,0.55
7274,0.55,0.55,0.55,0.55,0.55
7275,0.55,0.55,0.55,0.55,0.55
7276,0.55,0.55,0.55,0.55,0.55
7277,0.55,0.55,0.55,0.55,0.55
7278,0.55,0.55,0.55,0.55,0.55
7279,0.55,0.55,0.55,0.55,0.55
7280,0.55,0.55,0.55,0.55,0.55
7281,0.55,0.55,0.55,0.55,0.55
7282,0.55,0.55,0.55,0.55,0.55
7283,0.55,0.55,0.55,0.55,0.55
7284,0.55,0.55,0.55,0.55,0.55
7285,0.55,0.55,0.55,0.55,0.55
7286,0.55,0.55,0.55,0.55,0.55
7287,0.55,0.55,0.55,0.55,0.55
7288,0.55,0.55,0.55,0.55,0.55
7289,0.55,0.55,0.55,0.55,0.55
7290,0.55,0.55,0.55,0.55,0.55
7291,0.55,0.55,0.55,0.55,0.55
7292,0.55,0.55,0.55,0.55,0.55
7293,0.55,0.55,0.55,0.55,0.55
7294,0.55,0.55,0.55,0.55,0.55
7295,0.55,0.55,0.55,0.55,0.55
7296,0.55,0.55,0.55,0.55,0.55
7297,0.55,0.55,0.55,0.55,0.55
7298,0.55,0.55,0.55,0.55,0.55
7299,0.55,0.55,0.55,0.55,0.55
7300,0.55,0.55,0.55,0.55,0.55
7301,0.55,0.55,0.55,0.55,0.55
7302,0.55,0.55,0.55,0.55,0.55
7303,0.55,0.55,0.55,0.55,0.55
7304,0.55,0.55,0.55,0.55,0.55
7305,0.55,0.55,0.55,0.55,0.55
7306,0.55,0.55,0.55,0.55,0.55
7307,0.55,0.55,0.55,0.55,0.55
7308,0.55,0.55,0.55,0.55,0.55
7309,0.55,0.55,0.55,0.55,0.55
7310,0.55,0.55,0.55,0.55,0.55
7311,0.55,0.55,0.55,0.55,0.55
7312,0.55,0.55,0.55,0.55,0.55
7313,0.55,0.55,0.55,0.55,0.55
7314,0.55,0.55,0.55,0.55,0.55
7315,0.55,0.55,0.55,0.55,0.55
7316,0.55,0.55,0.55,0.55,0.55
7317,0.55,0.55,0.55,0.55,0.55
7318,0.55,0.55,0.55,0.55,0.55
7319,0.55,0.55,0.55,0.55,0.55
7320,0.55,0.55,0.55,0.55,0.55
7321,0.55,0.55,0.55,0.55,0.55
7322,0.55,0.55,0.55,0.55,0.55
7323,0.55,0.55,0.55,0.55,0.55
7324,0.55,0.55,0.55,0.55,0.55
7325,0.55,0.55,0.55,0.55,0.55
7326,0.55,0.55,0.55,0.55,0.55
7327,0.55,0.55,0.55,0.55,0.55
7328,0.55,0.55,0.55,0.55,0.55
7329,0.55,0.55,0.55,0.55,0.55
7330,0.55,0.55,0.55,0.55,0.55
7331,0.55,0.55,0.55,0.55,0.55
7332,0.55,0.55,0.55,0.55,0.55
7333,0.55,0.55,0.55,0.55,0.55
7334,0.55,0.55,0.55,0.55,0.55
7335,0.55,0.55,0.55,0.55,0.55
7336,0.55,0.55,0.55,0.55,0.55
7337,0.55,0.55,0.55,0.55,0.55
7338,0.55,0.55,0.55,0.55,0.55
7339,0.55,0.55,0.55,0.55,0.55
7340,0.55,0.55,0.55,0.55,0.55
7341,0.55,0.55,0.55,0.55,0.55
7342,0.55,0.55,0.55,0.55,0.55
7343,0.55,0.55,0.55,0.55,0.55
7344,0.55,0.55,0.55,0.55,0.55
7345,0.55,0.55,0.55,0.55,0.55
7346,0.55,0.55,0.55,0.55,0.55
7347,0.55,0.55,0.55,0.55,0.55
7348,0.55,0.55,0.55,0.55,0.55
7349,0.55,0.55,0.55,0.55,0.55
7350,0.55,0.55,0.55,0.55,0.55
7351,0.55,0.55,0.55,0.55,0.55
7352,0.55,0.55,0.55,0.55,0.55
7353,0.55,0.55,0.55,0.55,0.55
7354,0.55,0.55,0.55,0.55,0.55
7355,0.55,0.55,0.55,0.55,0.55
7356,0.55,0.55,0.55,0.55,0.55
7357,0.55,0.55,0.55,0.55,0.55
7358,0.55,0.55,0.55,0.55,0.55
7359,0.55,0.55,0.55,0.55,0.55
7360,0.55,0.55,0.55,0.55,0.55
7361,0.55,0.55,0.55,0.55,0.55
7362,0.55,0.55,0.55,0.55,0.55
7363,0.55,0.55,0.55,0.55,0.55
7364,0.55,0.55,0.55,0.55,0.55
7365,0.55,0.55,0.55,0.55,0.55
7366,0.55,0.55,0.55,0.55,0.55
7367,0.55,0.55,0.55,0.55,0.55
7368,0.55,0.55,0.55,0.55,0.55
7369,0.55,0.55,0.55,0.55,0.55
7370,0.55,0.55,0.55,0.55,0.55
7371,0.55,0.55,0.55,0.55,0.55
7372,0.55,0.55,0.55,0.55,0.55
7373,0.55,0.55,0.55,0.55,0.55
7374,0.55,0.55,0.55,0.55,0.55
7375,0.55,0.55,0.55,0.55,0.55
7376,0.55,0.55,0.55,0.55,0.55
7377,0.55,0.55,0.55,0.55,0.55
7378,0.55,0.55,0.55,0.55,0.55
7379,0.55,0.55,0.55,0.55,0.55
7380,0.55,0.55,0.55,0.55,0.55
7381,0.55,0.55,0.55,0.55,0.55
7382,0.55,0.55,0.55,0.55,0.55
7383,0.55,0.55,0.55,0.55,0.55
7384,0.55,0.55,0.55,0.55,0.55
7385,0.55,0.55,0.55,0.55,0.55
7386,0.55,0.55,0.55,0.55,0.55
7387,0.55,0.55,0.55,0.55,0.55
7388,0.55,0.55,0.55,0.55,0.55
7389,0.55,0.55,0.55,0.55,0.55
7390,0.55,0.55,0.55,0.55,0.55
7391,0.55,0.55,0.55,0.55,0.55
7392,0.55,0.55,0.55,0.55,0.55
7393,0.55,0.55,0.55,0.55,0.55
7394,0.55,0.55,0.55,0.55,0.55
7395,0.55,0.55,0.55,0.55,0.55
7396,0.55,0.55,0.55,0.55,0.55
7397,0.55,0.55,0.55,0.55,0.55
7398,0.55,0.55,0.55,0.55,0.55
7399,0.55,0.55,0.55,0.55,0.55
7400,0.55,0.55,0.55,0.55,0.55
7401,0.55,0.55,0.55,0.55,0.55
7402,0.55,0.55,0.55,0.55,0.55
7403,0.55,0.55,0.55,0.55,0.55
7404,0.55,0.55,0.55,0.55,0.55
7405,0.55,0.55,0.55,0.55,0.55
7406,0.55,0.55,0.55,0.55,0.55
7407,0.55,0.55,0.55,0.55,0.55
7408,0.55,0.55,0.55,0.55,0.55
7409,0.55,0.55,0.55,0.55,0.55
7410,0.55,0.55,0.55,0.55,0.55
7411,0.55,0.55,0.55,0.55,0.55
7412,0.55,0.55,0.55,0.55,0.55
7413,0.55,0.55,0.55,0.55,0.55
7414,0.55,0.55,0.55,0.55,0.55
7415,0.55,0.55,0.55,0.55,0.55
7416,0.55,0.55,0.55,0.55,0.55
7417,0.55,0.55,0.55,0.55,0.55
7418,0.55,0.55,0.55,0.55,0.55
7419,0.55,0.55,0.55,0.55,0.55
7420,0.55,0.55,0.55,0.55,0.55
7421,0.55,0.55,0.55,0.55,0.55
7422,0.55,0.55,0.55,0.55,0.55
7423,0.55,0.55,0.55,0.55,0.55
7424,0.55,0.55,0.55,0.55,0.55
7425,0.55,0.55,0.55,0.55,0.55
7426,0.55,0.55,0.55,0.55,0.55
7427,0.55,0.55,0.55,0.55,0.55
7428,0.55,0.55,0.55,0.55,0.55
7429,0.55,0.55,0.55,0.55,0.55
7430,0.55,0.55,0.55,0.55,0.55
7431,0.55,0.55,0.55,0.55,0.55
7432,0.55,0.55,0.55,0.55,0.55
7433,0.55,0.55,0.55,0.55,0.55
7434,0.55,0.55,0.55,0.55,0.55
7435,0.55,0.55,0.55,0.55,0.55
7436,0.55,0.55,0.55,0.55,0.55
7437,0.55,0.55,0.55,0.55,0.55
7438,0.55,0.55,0.55,0.55,0.55
7439,0.55,0.55,0.55,0.55,0.55
7440,0.55,0.55,0.55,0.55,0.55
7441,0.55,0.55,0.55,0.55,0.55
7442,0.55,0.55,0.55,0.55,0.55
7443,0.55,0.55,0.55,0.55,0.55
7444,0.55,0.55,0.55,0.55,0.55
7445,0.55,0.55,0.55,0.55,0.55
7446,0.55,0.55,0.55,0.55,0.55
7447,0.55,0.55,0.55,0.55,0.55
7448,0.55,0.55,0.55,0.55,0.55
7449,0.55,0.55,0.55,0.55,0.55
7450,0.55,0.55,0.55,0.55,0.55
7451,0.55,0.55,0.55,0.55,0.55
7452,0.55,0.55,0.55,0.55,0.55
7453,0.55,0.55,0.55,0.55,0.55
7454,0.55,0.55,0.55,0.55,0.55
7455,0.55,0.55,0.55,0.55,0.55
7456,0.55,0.55,0.55,0.55,0.55
7457,0.55,0.55,0.55,0.55,0.55
7458,0.55,0.55,0.55,0.55,0.55
7459,0.55,0.55,0.55,0.55,0.55
7460,0.55,0.55,0.55,0.55,0.55
7461,0.55,0.55,0.55,0.55,0.55
7462,0.55,0.55,0.55,0.55,0.55
7463,0.55,0.55,0.55,0.55,0.55
7464,0.55,0.55,0.55,0.55,0.55
7465,0.55,0.55,0.55,0.55,0.55
7466,0.55,0.55,0.55,0.55,0.55
7467,0.55,0.55,0.55,0.55,0.55
7468,0.55,0.55,0.55,0.55,0.55
7469,0.55,0.55,0.55,0.55,0.55
7470,0.55,0.55,0.55,0.55,0.55
7471,0.55,0.55,0.55,0.55,0.55
7472,0.55,0.55,0.55,0.55,0.55
7473,0.55,0.55,0.55,0.55,0.55
7474,0.55,0.55,0.55,0.55,0.55
7475,0.55,0.55,0.55,0.55,0.55
7476,0.55,0.55,0.55,0.55,0.55
7477,0.55,0.55,0.55,0.55,0.55
7478,0.55,0.55,0.55,0.55,0.55
7479,0.55,0.55,0.55,0.55,0.55
7480,0.55,0.55,0.55,0.55,0.55
7481,0.55,0.55,0.55,0.55,0.55
7482,0.55,0.55,0.55,0.55,0.55
7483,0.55,0.55,0.55,0.55,0.55
7484,0.55,0.55,0.55,0.55,0.55
7485,0.55,0.55,0.55,0.55,0.55
7486,0.55,0.55,0.55,0.55,0.55
7487,0.55,0.55,0.55,0.55,0.55
7488,0.55,0.55,0.55,0.55,0.55
7489,0.55,0.55,0.55,0.55,0.55
7490,0.55,0.55,0.55,0.55,0.55
7491,0.55,0.55,0.55,0.55,0.55
7492,0.55,0.55,0.55,0.55,0.55
7493,0.55,0.55,0.55,0.55,0.55
7494,0.55,0.55,0.55,0.55,0.55
7495,0.55,0.55,0.55,0.55,0.55
7496,0.55,0.55,0.55,0.55,0.55
7497,0.55,0.55,0.55,0.55,0.55
7498,0.55,0.55,0.55,0.55,0.55
7499,0.55,0.55,0.55,0.55,0.55
7500,0.55,0.55,0.55,0.55,0.55
7501,0.55,0.55,0.55,0.55,0.55
7502,0.55,0.55,0.55,0.55,0.55
7503,0.55,0.55,0.55,0.55,0.55
7504,0.55,0.55,0.55,0.55,0.55
7505,0.55,0.55,0.55,0.55,0.55
7506,0.55,0.55,0.55,0.55,0.55
7507,0.55,0.55,0.55,0.55,0.55
7508,0.55,0.55,0.55,0.55,0.55
7509,0.55,0.55,0.55,0.55,0.55
7510,0.55,0.55,0.55,0.55,0.55
7511,0.55,0.55,0.55,0.55,0.55
7512,0.55,0.55,0.55,0.55,0.55
7513,0.55,0.55,0.55,0.55,0.55
7514,0.55,0.55,0.55,0.55,0.55
7515,0.55,0.55,0.55,0.55,0.55
7516,0.55,0.55,0.55,0.55,0.55
7517,0.55,0.55,0.55,0.55,0.55
7518,0.55,0.55,0.55,0.55,0.55
7519,0.55,0.55,0.55,0.55,0.55
7520,0.55,0.55,0.55,0.55,0.55
7521,0.55,0.55,0.55,0.55,0.55
7522,0.55,0.55,0.55,0.55,0.55
7523,0.55,0.55,0.55,0.55,0.55
7524,0.55,0.55,0.55,0.55,0.55
7525,0.55,0.55,0.55,0.55,0.55
7526,0.55,0.55,0.55,0.55,0.55
7527,0.55,0.55,0.55,0.55,0.55
7528,0.55,0.55,0.55,0.55,0.55
7529,0.55,0.55,0.55,0.55,0.55
7530,0.55,0.55,0.55,0.55,0.55
7531,0.55,0.55,0.55,0.55,0.55
7532,0.55,0.55,0.55,0.55,0.55
7533,0.55,0.55,0.55,0.55,0.55
7534,0.55,0.55,0.55,0.55,0.55
7535,0.55,0.55,0.55,0.55,0.55
7536,0.55,0.55,0.55,0.55,0.55
7537,0.55,0.55,0.55,0.55,0.55
7538,0.55,0.55,0.55,0.55,0.55
7539,0.55,0.55,0.55,0.55,0.55
7540,0.55,0.55,0.55,0.55,0.55
7541,0.55,0.55,0.55,0.55,0.55
7542,0.55,0.55,0.55,0.55,0.55
7543,0.55,0.55,0.55,0.55,0.55
7544,0.55,0.55,0.55,0.55,0.55
7545,0.55,0.55,0.55,0.55,0.55
7546,0.55,0.55,0.55,0.55,0.55
7547,0.55,0.55,0.55,0.55,0.55
7548,0.55,0.55,0.55,0.55,0.55
7549,0.55,0.55,0.55,0.55,0.55
7550,0.55,0.55,0.55,0.55,0.55
7551,0.55,0.55,0.55,0.55,0.55
7552,0.55,0.55,0.55,0.55,0.55
7553,0.55,0.55,0.55,0.55,0.55
7554,0.55,0.55,0.55,0.55,0.55
7555,0.55,0.55,0.55,0.55,0.55
7556,0.55,0.55,0.55,0.55,0.55
7557,0.55,0.55,0.55,0.55,0.55
7558,0.55,0.55,0.55,0.55,0.55
7559,0.55,0.55,0.55,0.55,0.55
7560,0.55,0.55,0.55,0.55,0.55
7561,0.55,0.55,0.55,0.55,0.55
7562,0.55,0.55,0.55,0.55,0.55
7563,0.55,0.55,0.55,0.55,0.55
7564,0.55,0.55,0.55,0.55,0.55
7565,0.55,0.55,0.55,0.55,0.55
7566,0.55,0.55,0.55,0.55,0.55
7567,0.55,0.55,0.55,0.55,0.55
7568,0.55,0.55,0.55,0.55,0.55
7569,0.55,0.55,0.55,0.55,0.55
7570,0.55,0.55,0.55,0.55,0.55
7571,0.55,0.55,0.55,0.55,0.55
7572,0.55,0.55,0.55,0.55,0.55
7573,0.55,0.55,0.55,0.55,0.55
7574,0.55,0.55,0.55,0.55,0.55
7575,0.55,0.55,0.55,0.55,0.55
7576,0.55,0.55,0.55,0.55,0.55
7577,0.55,0.55,0.55,0.55,0.55
7578,0.55,0.55,0.55,0.55,0.55
7579,0.55,0.55,0.55,0.55,0.55
7580,0.55,0.55,0.55,0.55,0.55
7581,0.55,0.55,0.55,0.55,0.55
7582,0.55,0.55,0.55,0.55,0.55
7583,0.55,0.55,0.55,0.55,0.55
7584,0.55,0.55,0.55,0.55,0.55
7585,0.55,0.55,0.55,0.55,0.55
7586,0.55,0.55,0.55,0.55,0.55
7587,0.55,0.55,0.55,0.55,0.55
7588,0.55,0.55,0.55,0.55,0.55
7589,0.55,0.55,0.55,0.55,0.55
7590,0.55,0.55,0.55,0.55,0.55
7591,0.55,0.55,0.55,0.55,0.55
7592,0.55,0.55,0.55,0.55,0.55
7593,0.55,0.55,0.55,0.55,0.55
7594,0.55,0.55,0.55,0.55,0.55
7595,0.55,0.55,0.55,0.55,0.55
7596,0.55,0.55,0.55,0.55,0.55
7597,0.55,0.55,0.55,0.55,0.55
7598,0.55,0.55,0.55,0.55,0.55
7599,0.55,0.55,0.55,0.55,0.55
7600,0.55,0.55,0.55,0.55,0.55
7601,0.55,0.55,0.55,0.55,0.55
7602,0.55,0.55,0.55,0.55,0.55
7603,0.55,0.55,0.55,0.55,0.55
7604,0.55,0.55,0.55,0.55,0.55
7605,0.55,0.55,0.55,0.55,0.55
7606,0.55,0.55,0.55,0.55,0.55
7607,0.55,0.55,0.55,0.55,0.55
7608,0.55,0.55,0.55,0.55,0.55
7609,0.55,0.55,0.55,0.55,0.55
7610,0.55,0.55,0.55,0.55,0.55
7611,0.55,0.55,0.55,0.55,0.55
7612,0.55,0.55,0.55,0.55,0.55
7613,0.55,0.55,0.55,0.55,0.55
7614,0.55,0.55,0.55,0.55,0.55
7615,0.55,0.55,0.55,0.55,0.55
7616,0.55,0.55,0.55,0.55,0.55
7617,0.55,0.55,0.55,0.55,0.55
7618,0.55,0.55,0.55,0.55,0.55
7619,0.55,0.55,0.55,0.55,0.55
7620,0.55,0.55,0.55,0.55,0.55
7621,0.55,0.55,0.55,0.55,0.55
7622,0.55,0.55,0.55,0.55,0.55
7623,0.55,0.55,0.55,0.55,0.55
7624,0.55,0.55,0.55,0.55,0.55
7625,0.55,0.55,0.55,0.55,0.55
7626,0.55,0.55,0.55,0.55,0.55
7627,0.55,0.55,0.55,0.55,0.55
7628,0.55,0.55,0.55,0.55,0.55
7629,0.55,0.55,0.55,0.55,0.55
7630,0.55,0.55,0.55,0.55,0.55
7631,0.55,0.55,0.55,0.55,0.55
7632,0.55,0.55,0.55,0.55,0.55
7633,0.55,0.55,0.55,0.55,0.55
7634,0.55,0.55,0.55,0.55,0.55
7635,0.55,0.55,0.55,0.55,0.55
7636,0.55,0.55,0.55,0.55,0.55
7637,0.55,0.55,0.55,0.55,0.55
7638,0.55,0.55,0.55,0.55,0.55
7639,0.55,0.55,0.55,0.55,0.55
7640,0.55,0.55,0.55,0.55,0.55
7641,0.55,0.55,0.55,0.55,0.55
7642,0.55,0.55,0.55,0.55,0.55
7643,0.55,0.55,0.55,0.55,0.55
7644,0.55,0.55,0.55,0.55,0.55
7645,0.55,0.55,0.55,0.55,0.55
7646,0.55,0.55,0.55,0.55,0.55
7647,0.55,0.55,0.55,0.55,0.55
7648,0.55,0.55,0.55,0.55,0.55
7649,0.55,0.55,0.55,0.55,0.55
7650,0.55,0.55,0.55,0.55,0.55
7651,0.55,0.55,0.55,0.55,0.55
7652,0.55,0.55,0.55,0.55,0.55
7653,0.55,0.55,0.55,0.55,0.55
7654,0.55,0.55,0.55,0.55,0.55
7655,0.55,0.55,0.55,0.55,0.55
7656,0.55,0.55,0.55,0.55,0.55
7657,0.55,0.55,0.55,0.55,0.55
7658,0.55,0.55,0.55,0.55,0.55
7659,0.55,0.55,0.55,0.55,0.55
7660,0.55,0.55,0.55,0.55,0.55
7661,0.55,0.55,0.55,0.55,0.55
7662,0.55,0.55,0.55,0.55,0.55
7663,0.55,0.55,0.55,0.55,0.55
7664,0.55,0.55,0.55,0.55,0.55
7665,0.55,0.55,0.55,0.55,0.55
7666,0.55,0.55,0.55,0.55,0.55
7667,0.55,0.55,0.55,0.55,0.55
7668,0.55,0.55,0.55,0.55,0.55
7669,0.55,0.55,0.55,0.55,0.55
7670,0.55,0.55,0.55,0.55,0.55
7671,0.55,0.55,0.55,0.55,0.55
7672,0.55,0.55,0.55,0.55,0.55
7673,0.55,0.55,0.55,0.55,0.55
7674,0.55,0.55,0.55,0.55,0.55
7675,0.55,0.55,0.55,0.55,0.55
7676,0.55,0.55,0.55,0.55,0.55
7677,0.55,0.55,0.55,0.55,0.55
7678,0.55,0.55,0.55,0.55,0.55
7679,0.55,0.55,0.55,0.55,0.55
7680,0.55,0.55,0.55,0.55,0.55
7681,0.55,0.55,0.55,0.55,0.55
7682,0.55,0.55,0.55,0.55,0.55
7683,0.55,0.55,0.55,0.55,0.55
7684,0.55,0.55,0.55,0.55,0.55
7685,0.55,0.55,0.55,0.55,0.55
7686,0.55,0.55,0.55,0.55,0.55
7687,0.55,0.55,0.55,0.55,0.55
7688,0.55,0.55,0.55,0.55,0.55
7689,0.55,0.55,0.55,0.55,0.55
7690,0.55,0.55,0.55,0.55,0.55
7691,0.55,0.55,0.55,0.55,0.55
7692,0.55,0.55,0.55,0.55,0.55
7693,0.55,0.55,0.55,0.55,0.55
7694,0.55,0.55,0.55,0.55,0.55
7695,0.55,0.55,0.55,0.55,0.55
7696,0.55,0.55,0.55,0.55,0.55
7697,0.55,0.55,0.55,0.55,0.55
7698,0.55,0.55,0.55,0.55,0.55
7699,0.55,0.55,0.55,0.55,0.55
7700,0.55,0.55,0.55,0.55,0.55
7701,0.55,0.55,0.55,0.55,0.55
7702,0.55,0.55,0.55,0.55,0.55
7703,0.55,0.55,0.55,0.55,0.55
7704,0.55,0.55,0.55,0.55,0.55
7705,0.55,0.55,0.55,0.55,0.55
7706,0.55,0.55,0.55,0.55,0.55
7707,0.55,0.55,0.55,0.55,0.55
7708,0.55,0.55,0.55,0.55,0.55
7709,0.55,0.55,0.55,0.55,0.55
7710,0.55,0.55,0.55,0.55,0.55
7711,0.55,0.55,0.55,0.55,0.55
7712,0.55,0.55,0.55,0.55,0.55
7713,0.55,0.55,0.55,0.55,0.55
7714,0.55,0.55,0.55,0.55,0.55
7715,0.55,0.55,0.55,0.55,0.55
7716,0.55,0.55,0.55,0.55,0.55
7717,0.55,0.55,0.55,0.55,0.55
7718,0.55,0.55,0.55,0.55,0.55
7719,0.55,0.55,0.55,0.55,0.55
7720,0.55,0.55,0.55,0.55,0.55
7721,0.55,0.55,0.55,0.55,0.55
7722,0.55,0.55,0.55,0.55,0.55
7723,0.55,0.55,0.55,0.55,0.55
7724,0.55,0.55,0.55,0.55,0.55
7725,0.55,0.55,0.55,0.55,0.55
7726,0.55,0.55,0.55,0.55,0.55
7727,0.55,0.55,0.55,0.55,0.55
7728,0.55,0.55,0.55,0.55,0.55
7729,0.55,0.55,0.55,0.55,0.55
7730,0.55,0.55,0.55,0.55,0.55
7731,0.55,0.55,0.55,0.55,0.55
7732,0.55,0.55,0.55,0.55,0.55
7733,0.55,0.55,0.55,0.55,0.55
7734,0.55,0.55,0.55,0.55,0.55
7735,0.55,0.55,0.55,0.55,0.55
7736,0.55,0.55,0.55,0.55,0.55
7737,0.55,0.55,0.55,0.55,0.55
7738,0.55,0.55,0.55,0.55,0.55
7739,0.55,0.55,0.55,0.55,0.55
7740,0.55,0.55,0.55,0.55,0.55
7741,0.55,0.55,0.55,0.55,0.55
7742,0.55,0.55,0.55,0.55,0.55
7743,0.55,0.55,0.55,0.55,0.55
7744,0.55,0.55,0.55,0.55,0.55
7745,0.55,0.55,0.55,0.55,0.55
7746,0.55,0.55,0.55,0.55,0.55
7747,0.55,0.55,0.55,0.55,0.55
7748,0.55,0.55,0.55,0.55,0.55
7749,0.55,0.55,0.55,0.55,0.55
7750,0.55,0.55,0.55,0.55,0.55
7751,0.55,0.55,0.55,0.55,0.55
7752,0.55,0.55,0.55,0.55,0.55
7753,0.55,0.55,0.55,0.55,0.55
7754,0.55,0.55,0.55,0.55,0.55
7755,0.55,0.55,0.55,0.55,0.55
7756,0.55,0.55,0.55,0.55,0.55
7757,0.55,0.55,0.55,0.55,0.55
7758,0.55,0.55,0.55,0.55,0.55
7759,0.55,0.55,0.55,0.55,0.55
7760,0.55,0.55,0.55,0.55,0.55
7761,0.55,0.55,0.55,0.55,0.55
7762,0.55,0.55,0.55,0.55,0.55
7763,0.55,0.55,0.55,0.55,0.55
7764,0.55,0.55,0.55,0.55,0.55
7765,0.55,0.55,0.55,0.55,0.55
7766,0.55,0.55,0.55,0.55,0.55
7767,0.55,0.55,0.55,0.55,0.55
7768,0.55,0.55,0.55,0.55,0.55
7769,0.55,0.55,0.55,0.55,0.55
7770,0.55,0.55,0.55,0.55,0.55
7771,0.55,0.55,0.55,0.55,0.55
7772,0.55,0.55,0.55,0.55,0.55
7773,0.55,0.55,0.55,0.55,0.55
7774,0.55,0.55,0.55,0.55,0.55
7775,0.55,0.55,0.55,0.55,0.55
7776,0.55,0.55,0.55,0.55,0.55
7777,0.55,0.55,0.55,0.55,0.55
7778,0.55,0.55,0.55,0.55,0.55
7779,0.55,0.55,0.55,0.55,0.55
7780,0.55,0.55,0.55,0.55,0.55
7781,0.55,0.55,0.55,0.55,0.55
7782,0.55,0.55,0.55,0.55,0.55
7783,0.55,0.55,0.55,0.55,0.55
7784,0.55,0.55,0.55,0.55,0.55
7785,0.55,0.55,0.55,0.55,0.55
7786,0.55,0.55,0.55,0.55,0.55
7787,0.55,0.55,0.55,0.55,0.55
7788,0.55,0.55,0.55,0.55,0.55
7789,0.55,0.55,0.55,0.55,0.55
7790,0.55,0.55,0.55,0.55,0.55
7791,0.55,0.55,0.55,0.55,0.55
7792,0.55,0.55,0.55,0.55,0.55
7793,0.55,0.55,0.55,0.55,0.55
7794,0.55,0.55,0.55,0.55,0.55
7795,0.55,0.55,0.55,0.55,0.55
7796,0.55,0.55,0.55,0.55,0.55
7797,0.55,0.55,0.55,0.55,0.55
7798,0.55,0.55,0.55,0.55,0.55
7799,0.55,0.55,0.55,0.55,0.55
7800,0.55,0.55,0.55,0.55,0.55
7801,0.55,0.55,0.55,0.55,0.55
7802,0.55,0.55,0.55,0.55,0.55
7803,0.55,0.55,0.55,0.55,0.55
7804,0.55,0.55,0.55,0.55,0.55
7805,0.55,0.55,0.55,0.55,0.55
7806,0.55,0.55,0.55,0.55,0.55
7807,0.55,0.55,0.55,0.55,0.55
7808,0.55,0.55,0.55,0.55,0.55
7809,0.55,0.55,0.55,0.55,0.55
7810,0.55,0.55,0.55,0.55,0.55
7811,0.55,0.55,0.55,0.55,0.55
7812,0.55,0.55,0.55,0.55,0.55
7813,0.55,0.55,0.55,0.55,0.55
7814,0.55,0.55,0.55,0.55,0.55
7815,0.55,0.55,0.55,0.55,0.55
7816,0.55,0.55,0.55,0.55,0.55
7817,0.55,0.55,0.55,0.55,0.55
7818,0.55,0.55,0.55,0.55,0.55
7819,0.55,0.55,0.55,0.55,0.55
7820,0.55,0.55,0.55,0.55,0.55
7821,0.55,0.55,0.55,0.55,0.55
7822,0.55,0.55,0.55,0.55,0.55
7823,0.55,0.55,0.55,0.55,0.55
7824,0.55,0.55,0.55,0.55,0.55
7825,0.55,0.55,0.55,0.55,0.55
7826,0.55,0.55,0.55,0.55,0.55
7827,0.55,0.55,0.55,0.55,0.55
7828,0.55,0.55,0.55,0.55,0.55
7829,0.55,0.55,0.55,0.55,0.55
7830,0.55,0.55,0.55,0.55,0.55
7831,0.55,0.55,0.55,0.55,0.55
7832,0.55,0.55,0.55,0.55,0.55
7833,0.55,0.55,0.55,0.55,0.55
7834,0.55,0.55,0.55,0.55,0.55
7835,0.55,0.55,0.55,0.55,0.55
7836,0.55,0.55,0.55,0.55,0.55
7837,0.55,0.55,0.55,0.55,0.55
7838,0.55,0.55,0.55,0.55,0.55
7839,0.55,0.55,0.55,0.55,0.55
7840,0.55,0.55,0.55,0.55,0.55
7841,0.55,0.55,0.55,0.55,0.55
7842,0.55,0.55,0.55,0.55,0.55
7843,0.55,0.55,0.55,0.55,0.55
7844,0.55,0.55,0.55,0.55,0.55
7845,0.55,0.55,0.55,0.55,0.55
7846,0.55,0.55,0.55,0.55,0.55
7847,0.55,0.55,0.55,0.55,0.55
7848,0.55,0.55,0.55,0.55,0.55
7849,0.55,0.55,0.55,0.55,0.55
7850,0.55,0.55,0.55,0.55,0.55
7851,0.55,0.55,0.55,0.55,0.55
7852,0.55,0.55,0.55,0.55,0.55
7853,0.55,0.55,0.55,0.55,0.55
7854,0.55,0.55,0.55,0.55,0.55
7855,0.55,0.55,0.55,0.55,0.55
7856,0.55,0.55,0.55,0.55,0.55
7857,0.55,0.55,0.55,0.55,0.55
7858,0.55,0.55,0.55,0.55,0.55
7859,0.55,0.55,0.55,0.55,0.55
7860,0.55,0.55,0.55,0.55,0.55
7861,0.55,0.55,0.55,0.55,0.55
7862,0.55,0.55,0.55,0.55,0.55
7863,0.55,0.55,0.55,0.55,0.55
7864,0.55,0.55,0.55,0.55,0.55
7865,0.55,0.55,0.55,0.55,0.55
7866,0.55,0.55,0.55,0.55,0.55
7867,0.55,0.55,0.55,0.55,0.55
7868,0.55,0.55,0.55,0.55,0.55
7869,0.55,0.55,0.55,0.55,0.55
7870,0.55,0.55,0.55,0.55,0.55
7871,0.55,0.55,0.55,0.55,0.55
7872,0.55,0.55,0.55,0.55,0.55
7873,0.55,0.55,0.55,0.55,0.55
7874,0.55,0.55,0.55,0.55,0.55
7875,0.55,0.55,0.55,0.55,0.55
7876,0.55,0.55,0.55,0.55,0.55
7877,0.55,0.55,0.55,0.55,0.55
7878,0.55,0.55,0.55,0.55,0.55
7879,0.55,0.55,0.55,0.55,0.55
7880,0.55,0.55,0.55,0.55,0.55
7881,0.55,0.55,0.55,0.55,0.55
7882,0.55,0.55,0.55,0.55,0.55
7883,0.55,0.55,0.55,0.55,0.55
7884,0.55,0.55,0.55,0.55,0.55
7885,0.55,0.55,0.55,0.55,0.55
7886,0.55,0.55,0.55,0.55,0.55
7887,0.55,0.55,0.55,0.55,0.55
7888,0.55,0.55,0.55,0.55,0.55
7889,0.55,0.55,0.55,0.55,0.55
7890,0.55,0.55,0.55,0.55,0.55
7891,0.55,0.55,0.55,0.55,0.55
7892,0.55,0.55,0.55,0.55,0.55
7893,0.55,0.55,0.55,0.55,0.55
7894,0.55,0.55,0.55,0.55,0.55
7895,0.55,0.55,0.55,0.55,0.55
7896,0.55,0.55,0.55,0.55,0.55
7897,0.55,0.55,0.55,0.55,0.55
7898,0.55,0.55,0.55,0.55,0.55
7899,0.55,0.55,0.55,0.55,0.55
7900,0.55,0.55,0.55,0.55,0.55
7901,0.55,0.55,0.55,0.55,0.55
7902,0.55,0.55,0.55,0.55,0.55
7903,0.55,0.55,0.55,0.55,0.55
7904,0.55,0.55,0.55,0.55,0.55
7905,0.55,0.55,0.55,0.55,0.55
7906,0.55,0.55,0.55,0.55,0.55
7907,0.55,0.55,0.55,0.55,0.55
7908,0.55,0.55,0.55,0.55,0.55
7909,0.55,0.55,0.55,0.55,0.55
7910,0.55,0.55,0.55,0.55,0.55
7911,0.55,0.55,0.55,0.55,0.55
7912,0.55,0.55,0.55,0.55,0.55
7913,0.55,0.55,0.55,0.55,0.55
7914,0.55,0.55,0.55,0.55,0.55
7915,0.55,0.55,0.55,0.55,0.55
7916,0.55,0.55,0.55,0.55,0.55
7917,0.55,0.55,0.55,0.55,0.55
7918,0.55,0.55,0.55,0.55,0.55
7919,0.55,0.55,0.55,0.55,0.55
7920,0.55,0.55,0.55,0.55,0.55
7921,0.55,0.55,0.55,0.55,0.55
7922,0.55,0.55,0.55,0.55,0.55
7923,0.55,0.55,0.55,0.55,0.55
7924,0.55,0.55,0.55,0.55,0.55
7925,0.55,0.55,0.55,0.55,0.55
7926,0.55,0.55,0.55,0.55,0.55
7927,0.55,0.55,0.55,0.55,0.55
7928,0.55,0.55,0.55,0.55,0.55
7929,0.55,0.55,0.55,0.55,0.55
7930,0.55,0.55,0.55,0.55,0.55
7931,0.55,0.55,0.55,0.55,0.55
7932,0.55,0.55,0.55,0.55,0.55
7933,0.55,0.55,0.55,0.55,0.55
7934,0.55,0.55,0.55,0.55,0.55
7935,0.55,0.55,0.55,0.55,0.55
7936,0.55,0.55,0.55,0.55,0.55
7937,0.55,0.55,0.55,0.55,0.55
7938,0.55,0.55,0.55,0.55,0.55
7939,0.55,0.55,0.55,0.55,0.55
7940,0.55,0.55,0.55,0.55,0.55
7941,0.55,0.55,0.55,0.55,0.55
7942,0.55,0.55,0.55,0.55,0.55
7943,0.55,0.55,0.55,0.55,0.55
7944,0.55,0.55,0.55,0.55,0.55
7945,0.55,0.55,0.55,0.55,0.55
7946,0.55,0.55,0.55,0.55,0.55
7947,0.55,0.55,0.55,0.55,0.55
7948,0.55,0.55,0.55,0.55,0.55
7949,0.55,0.55,0.55,0.55,0.55
7950,0.55,0.55,0.55,0.55,0.55
7951,0.55,0.55,0.55,0.55,0.55
7952,0.55,0.55,0.55,0.55,0.55
7953,0.55,0.55,0.55,0.55,0.55
7954,0.55,0.55,0.55,0.55,0.55
7955,0.55,0.55,0.55,0.55,0.55
7956,0.55,0.55,0.55,0.55,0.55
7957,0.55,0.55,0.55,0.55,0.55
7958,0.55,0.55,0.55,0.55,0.55
7959,0.55,0.55,0.55,0.55,0.55
7960,0.55,0.55,0.55,0.55,0.55
7961,0.55,0.55,0.55,0.55,0.55
7962,0.55,0.55,0.55,0.55,0.55
7963,0.55,0.55,0.55,0.55,0.55
7964,0.55,0.55,0.55,0.55,0.55
7965,0.55,0.55,0.55,0.55,0.55
7966,0.55,0.55,0.55,0.55,0.55
7967,0.55,0.55,0.55,0.55,0.55
7968,0.55,0.55,0.55,0.55,0.55
7969,0.55,0.55,0.55,0.55,0.55
7970,0.55,0.55,0.55,0.55,0.55
7971,0.55,0.55,0.55,0.55,0.55
7972,0.55,0.55,0.55,0.55,0.55
7973,0.55,0.55,0.55,0.55,0.55
7974,0.55,0.55,0.55,0.55,0.55
7975,0.55,0.55,0.55,0.55,0.55
7976,0.55,0.55,0.55,0.55,0.55
7977,0.55,0.55,0.55,0.55,0.55
7978,0.55,0.55,0.55,0.55,0.55
7979,0.55,0.55,0.55,0.55,0.55
7980,0.55,0.55,0.55,0.55,0.55
7981,0.55,0.55,0.55,0.55,0.55
7982,0.55,0.55,0.55,0.55,0.55
7983,0.55,0.55,0.55,0.55,0.55
7984,0.55,0.55,0.55,0.55,0.55
7985,0.55,0.55,0.55,0.55,0.55
7986,0.55,0.55,0.55,0.55,0.55
7987,0.55,0.55,0.55,0.55,0.55
7988,0.55,0.55,0.55,0.55,0.55
7989,0.55,0.55,0.55,0.55,0.55
7990,0.55,0.55,0.55,0.55,0.55
7991,0.55,0.55,0.55,0.55,0.55
7992,0.55,0.55,0.55,0.55,0.55
7993,0.55,0.55,0.55,0.55,0.55
7994,0.55,0.55,0.55,0.55,0.55
7995,0.55,0.55,0.55,0.55,0.55
7996,0.55,0.55,0.55,0.55,0.55
7997,0.55,0.55,0.55,0.55,0.55
7998,0.55,0.55,0.55,0.55,0.55
7999,0.55,0.55,0.55,0.55,0.55
8000,0.55,0.55,0.55,0.55,0.55
8001,0.55,0.55,0.55,0.55,0.55
8002,0.55,0.55,0.55,0.55,0.55
8003,0.55,0.55,0.55,0.55,0.55
8004,0.55,0.55,0.55,0.55,0.55
8005,0.55,0.55,0.55,0.55,0.55
8006,0.55,0.55,0.55,0.55,0.55
8007,0.55,0.55,0.55,0.55,0.55
8008,0.55,0.55,0.55,0.55,0.55
8009,0.55,0.55,0.55,0.55,0.55
8010,0.55,0.55,0.55,0.55,0.55
8011,0.55,0.55,0.55,0.55,0.55
8012,0.55,0.55,0.55,0.55,0.55
8013,0.55,0.55,0.55,0.55,0.55
8014,0.55,0.55,0.55,0.55,0.55
8015,0.55,0.55,0.55,0.55,0.55
8016,0.55,0.55,0.55,0.55,0.55
8017,0.55,0.55,0.55,0.55,0.55
8018,0.55,0.55,0.55,0.55,0.55
8019,0.55,0.55,0.55,0.55,0.55
8020,0.55,0.55,0.55,0.55,0.55
8021,0.55,0.55,0.55,0.55,0.55
8022,0.55,0.55,0.55,0.55,0.55
8023,0.55,0.55,0.55,0.55,0.55
8024,0.55,0.55,0.55,0.55,0.55
8025,0.55,0.55,0.55,0.55,0.55
8026,0.55,0.55,0.55,0.55,0.55
8027,0.55,0.55,0.55,0.55,0.55
8028,0.55,0.55,0.55,0.55,0.55
8029,0.55,0.55,0.55,0.55,0.55
8030,0.55,0.55,0.55,0.55,0.55
8031,0.55,0.55,0.55,0.55,0.55
8032,0.55,0.55,0.55,0.55,0.55
8033,0.55,0.55,0.55,0.55,0.55
8034,0.55,0.55,0.55,0.55,0.55
8035,0.55,0.55,0.55,0.55,0.55
8036,0.55,0.55,0.55,0.55,0.55
8037,0.55,0.55,0.55,0.55,0.55
8038,0.55,0.55,0.55,0.55,0.55
8039,0.55,0.55,0.55,0.55,0.55
8040,0.55,0.55,0.55,0.55,0.55
8041,0.55,0.55,0.55,0.55,0.55
8042,0.55,0.55,0.55,0.55,0.55
8043,0.55,0.55,0.55,0.55,0.55
8044,0.55,0.55,0.55,0.55,0.55
8045,0.55,0.55,0.55,0.55,0.55
8046,0.55,0.55,0.55,0.55,0.55
8047,0.55,0.55,0.55,0.55,0.55
8048,0.55,0.55,0.55,0.55,0.55
8049,0.55,0.55,0.55,0.55,0.55
8050,0.55,0.55,0.55,0.55,0.55
8051,0.55,0.55,0.55,0.55,0.55
8052,0.55,0.55,0.55,0.55,0.55
8053,0.55,0.55,0.55,0.55,0.55
8054,0.55,0.55,0.55,0.55,0.55
8055,0.55,0.55,0.55,0.55,0.55
8056,0.55,0.55,0.55,0.55,0.55
8057,0.55,0.55,0.55,0.55,0.55
8058,0.55,0.55,0.55,0.55,0.55
8059,0.55,0.55,0.55,0.55,0.55
8060,0.55,0.55,0.55,0.55,0.55
8061,0.55,0.55,0.55,0.55,0.55
8062,0.55,0.55,0.55,0.55,0.55
8063,0.55,0.55,0.55,0.55,0.55
8064,0.55,0.55,0.55,0.55,0.55
8065,0.55,0.55,0.55,0.55,0.55
8066,0.55,0.55,0.55,0.55,0.55
8067,0.55,0.55,0.55,0.55,0.55
8068,0.55,0.55,0.55,0.55,0.55
8069,0.55,0.55,0.55,0.55,0.55
8070,0.55,0.55,0.55,0.55,0.55
8071,0.55,0.55,0.55,0.55,0.55
8072,0.55,0.55,0.55,0.55,0.55
8073,0.55,0.55,0.55,0.55,0.55
8074,0.55,0.55,0.55,0.55,0.55
8075,0.55,0.55,0.55,0.55,0.55
8076,0.55,0.55,0.55,0.55,0.55
8077,0.55,0.55,0.55,0.55,0.55
8078,0.55,0.55,0.55,0.55,0.55
8079,0.55,0.55,0.55,0.55,0.55
8080,0.55,0.55,0.55,0.55,0.55
8081,0.55,0.55,0.55,0.55,0.55
8082,0.55,0.55,0.55,0.55,0.55
8083,0.55,0.55,0.55,0.55,0.55
8084,0.55,0.55,0.55,0.55,0.55
8085,0.55,0.55,0.55,0.55,0.55
8086,0.55,0.55,0.55,0.55,0.55
8087,0.55,0.55,0.55,0.55,0.55
8088,0.55,0.55,0.55,0.55,0.55
8089,0.55,0.55,0.55,0.55,0.55
8090,0.55,0.55,0.55,0.55,0.55
8091,0.55,0.55,0.55,0.55,0.55
8092,0.55,0.55,0.55,0.55,0.55
8093,0.55,0.55,0.55,0.55,0.55
8094,0.55,0.55,0.55,0.55,0.55
8095,0.55,0.55,0.55,0.55,0.55
8096,0.55,0.55,0.55,0.55,0.55
8097,0.55,0.55,0.55,0.55,0.55
8098,0.55,0.55,0.55,0.55,0.55
8099,0.55,0.55,0.55,0.55,0.55
8100,0.55,0.55,0.55,0.55,0.55
8101,0.55,0.55,0.55,0.55,0.55
8102,0.55,0.55,0.55,0.55,0.55
8103,0.55,0.55,0.55,0.55,0.55
8104,0.55,0.55,0.55,0.55,0.55
8105,0.55,0.55,0.55,0.55,0.55
8106,0.55,0.55,0.55,0.55,0.55
8107,0.55,0.55,0.55,0.55,0.55
8108,0.55,0.55,0.55,0.55,0.55
8109,0.55,0.55,0.55,0.55,0.55
8110,0.55,0.55,0.55,0.55,0.55
8111,0.55,0.55,0.55,0.55,0.55
8112,0.55,0.55,0.55,0.55,0.55
8113,0.55,0.55,0.55,0.55,0.55
8114,0.55,0.55,0.55,0.55,0.55
8115,0.55,0.55,0.55,0.55,0.55
8116,0.55,0.55,0.55,0.55,0.55
8117,0.55,0.55,0.55,0.55,0.55
8118,0.55,0.55,0.55,0.55,0.55
8119,0.55,0.55,0.55,0.55,0.55
8120,0.55,0.55,0.55,0.55,0.55
8121,0.55,0.55,0.55,0.55,0.55
8122,0.55,0.55,0.55,0.55,0.55
8123,0.55,0.55,0.55,0.55,0.55
8124,0.55,0.55,0.55,0.55,0.55
8125,0.55,0.55,0.55,0.55,0.55
8126,0.55,0.55,0.55,0.55,0.55
8127,0.55,0.55,0.55,0.55,0.55
8128,0.55,0.55,0.55,0.55,0.55
8129,0.55,0.55,0.55,0.55,0.55
8130,0.55,0.55,0.55,0.55,0.55
8131,0.55,0.55,0.55,0.55,0.55
8132,0.55,0.55,0.55,0.55,0.55
8133,0.55,0.55,0.55,0.55,0.55
8134,0.55,0.55,0.55,0.55,0.55
8135,0.55,0.55,0.55,0.55,0.55
8136,0.55,0.55,0.55,0.55,0.55
8137,0.55,0.55,0.55,0.55,0.55
8138,0.55,0.55,0.55,0.55,0.55
8139,0.55,0.55,0.55,0.55,0.55
8140,0.55,0.55,0.55,0.55,0.55
8141,0.55,0.55,0.55,0.55,0.55
8142,0.55,0.55,0.55,0.55,0.55
8143,0.55,0.55,0.55,0.55,0.55
8144,0.55,0.55,0.55,0.55,0.55
8145,0.55,0.55,0.55,0.55,0.55
8146,0.55,0.55,0.55,0.55,0.55
8147,0.55,0.55,0.55,0.55,0.55
8148,0.55,0.55,0.55,0.55,0.55
8149,0.55,0.55,0.55,0.55,0.55
8150,0.55,0.55,0.55,0.55,0.55
8151,0.55,0.55,0.55,0.55,0.55
8152,0.55,0.55,0.55,0.55,0.55
8153,0.55,0.55,0.55,0.55,0.55
8154,0.55,0.55,0.55,0.55,0.55
8155,0.55,0.55,0.55,0.55,0.55
8156,0.55,0.55,0.55,0.55,0.55
8157,0.55,0.55,0.55,0.55,0.55
8158,0.55,0.55,0.55,0.55,0.55
8159,0.55,0.55,0.55,0.55,0.55
8160,0.55,0.55,0.55,0.55,0.55
8161,0.55,0.55,0.55,0.55,0.55
8162,0.55,0.55,0.55,0.55,0.55
8163,0.55,0.55,0.55,0.55,0.55
8164,0.55,0.55,0.55,0.55,0.55
8165,0.55,0.55,0.55,0.55,0.55
8166,0.55,0.55,0.55,0.55,0.55
8167,0.55,0.55,0.55,0.55,0.55
8168,0.55,0.55,0.55,0.55,0.55
8169,0.55,0.55,0.55,0.55,0.55
8170,0.55,0.55,0.55,0.55,0.55
8171,0.55,0.55,0.55,0.55,0.55
8172,0.55,0.55,0.55,0.55,0.55
8173,0.55,0.55,0.55,0.55,0.55
8174,0.55,0.55,0.55,0.55,0.55
8175,0.55,0.55,0.55,0.55,0.55
8176,0.55,0.55,0.55,0.55,0.55
8177,0.55,0.55,0.55,0.55,0.55
8178,0.55,0.55,0.55,0.55,0.55
8179,0.55,0.55,0.55,0.55,0.55
8180,0.55,0.55,0.55,0.55,0.55
8181,0.55,0.55,0.55,0.55,0.55
8182,0.55,0.55,0.55,0.55,0.55
8183,0.55,0.55,0.55,0.55,0.55
8184,0.55,0.55,0.55,0.55,0.55
8185,0.55,0.55,0.55,0.55,0.55
8186,0.55,0.55,0.55,0.55,0.55
8187,0.55,0.55,0.55,0.55,0.55
8188,0.55,0.55,0.55,0.55,0.55
8189,0.55,0.55,0.55,0.55,0.55
8190,0.55,0.55,0.55,0.55,0.55
8191,0.55,0.55,0.55,0.55,0.55
8192,0.55,0.55,0.55,0.55,0.55
8193,0.55,0.55,0.55,0.55,0.55
8194,0.55,0.55,0.55,0.55,0.55
8195,0.55,0.55,0.55,0.55,0.55
8196,0.55,0.55,0.55,0.55,0.55
8197,0.55,0.55,0.55,0.55,0.55
8198,0.55,0.55,0.55,0.55,0.55
8199,0.55,0.55,0.55,0.55,0.55
8200,0.55,0.55,0.55,0.55,0.55
8201,0.55,0.55,0.55,0.55,0.55
8202,0.55,0.55,0.55,0.55,0.55
8203,0.55,0.55,0.55,0.55,0.55
8204,0.55,0.55,0.55,0.55,0.55
8205,0.55,0.55,0.55,0.55,0.55
8206,0.55,0.55,0.55,0.55,0.55
8207,0.55,0.55,0.55,0.55,0.55
8208,0.55,0.55,0.55,0.55,0.55
8209,0.55,0.55,0.55,0.55,0.55
8210,0.55,0.55,0.55,0.55,0.55
8211,0.55,0.55,0.55,0.55,0.55
8212,0.55,0.55,0.55,0.55,0.55
8213,0.55,0.55,0.55,0.55,0.55
8214,0.55,0.55,0.55,0.55,0.55
8215,0.55,0.55,0.55,0.55,0.55
8216,0.55,0.55,0.55,0.55,0.55
8217,0.55,0.55,0.55,0.55,0.55
8218,0.55,0.55,0.55,0.55,0.55
8219,0.55,0.55,0.55,0.55,0.55
8220,0.55,0.55,0.55,0.55,0.55
8221,0.55,0.55,0.55,0.55,0.55
8222,0.55,0.55,0.55,0.55,0.55
8223,0.55,0.55,0.55,0.55,0.55
8224,0.55,0.55,0.55,0.55,0.55
8225,0.55,0.55,0.55,0.55,0.55
8226,0.55,0.55,0.55,0.55,0.55
8227,0.55,0.55,0.55,0.55,0.55
8228,0.55,0.55,0.55,0.55,0.55
8229,0.55,0.55,0.55,0.55,0.55
8230,0.55,0.55,0.55,0.55,0.55
8231,0.55,0.55,0.55,0.55,0.55
8232,0.55,0.55,0.55,0.55,0.55
8233,0.55,0.55,0.55,0.55,0.55
8234,0.55,0.55,0.55,0.55,0.55
8235,0.55,0.55,0.55,0.55,0.55
8236,0.55,0.55,0.55,0.55,0.55
8237,0.55,0.55,0.55,0.55,0.55
8238,0.55,0.55,0.55,0.55,0.55
8239,0.55,0.55,0.55,0.55,0.55
8240,0.55,0.55,0.55,0.55,0.55
8241,0.55,0.55,0.55,0.55,0.55
8242,0.55,0.55,0.55,0.55,0.55
8243,0.55,0.55,0.55,0.55,0.55
8244,0.55,0.55,0.55,0.55,0.55
8245,0.55,0.55,0.55,0.55,0.55
8246,0.55,0.55,0.55,0.55,0.55
8247,0.55,0.55,0.55,0.55,0.55
8248,0.55,0.55,0.55,0.55,0.55
8249,0.55,0.55,0.55,0.55,0.55
8250,0.55,0.55,0.55,0.55,0.55
8251,0.55,0.55,0.55,0.55,0.55
8252,0.55,0.55,0.55,0.55,0.55
8253,0.55,0.55,0.55,0.55,0.55
8254,0.55,0.55,0.55,0.55,0.55
8255,0.55,0.55,0.55,0.55,0.55
8256,0.55,0.55,0.55,0.55,0.55
8257,0.55,0.55,0.55,0.55,0.55
8258,0.55,0.55,0.55,0.55,0.55
8259,0.55,0.55,0.55,0.55,0.55
8260,0.55,0.55,0.55,0.55,0.55
8261,0.55,0.55,0.55,0.55,0.55
8262,0.55,0.55,0.55,0.55,0.55
8263,0.55,0.55,0.55,0.55,0.55
8264,0.55,0.55,0.55,0.55,0.55
8265,0.55,0.55,0.55,0.55,0.55
8266,0.55,0.55,0.55,0.55,0.55
8267,0.55,0.55,0.55,0.55,0.55
8268,0.55,0.55,0.55,0.55,0.55
8269,0.55,0.55,0.55,0.55,0.55
8270,0.55,0.55,0.55,0.55,0.55
8271,0.55,0.55,0.55,0.55,0.55
8272,0.55,0.55,0.55,0.55,0.55
8273,0.55,0.55,0.55,0.55,0.55
8274,0.55,0.55,0.55,0.55,0.55
8275,0.55,0.55,0.55,0.55,0.55
8276,0.55,0.55,0.55,0.55,0.55
8277,0.55,0.55,0.55,0.55,0.55
8278,0.55,0.55,0.55,0.55,0.55
8279,0.55,0.55,0.55,0.55,0.55
8280,0.55,0.55,0.55,0.55,0.55
8281,0.55,0.55,0.55,0.55,0.55
8282,0.55,0.55,0.55,0.55,0.55
8283,0.55,0.55,0.55,0.55,0.55
8284,0.55,0.55,0.55,0.55,0.55
8285,0.55,0.55,0.55,0.55,0.55
8286,0.55,0.55,0.55,0.55,0.55
8287,0.55,0.55,0.55,0.55,0.55
8288,0.55,0.55,0.55,0.55,0.55
8289,0.55,0.55,0.55,0.55,0.55
8290,0.55,0.55,0.55,0.55,0.55
8291,0.55,0.55,0.55,0.55,0.55
8292,0.55,0.55,0.55,0.55,0.55
8293,0.55,0.55,0.55,0.55,0.55
8294,0.55,0.55,0.55,0.55,0.55
8295,0.55,0.55,0.55,0.55,0.55
8296,0.55,0.55,0.55,0.55,0.55
8297,0.55,0.55,0.55,0.55,0.55
8298,0.55,0.55,0.55,0.55,0.55
8299,0.55,0.55,0.55,0.55,0.55
8300,0.55,0.55,0.55,0.55,0.55
8301,0.55,0.55,0.55,0.55,0.55
8302,0.55,0.55,0.55,0.55,0.55
8303,0.55,0.55,0.55,0.55,0.55
8304,0.55,0.55,0.55,0.55,0.55
8305,0.55,0.55,0.55,0.55,0.55
8306,0.55,0.55,0.55,0.55,0.55
8307,0.55,0.55,0.55,0.55,0.55
8308,0.55,0.55,0.55,0.55,0.55
8309,0.55,0.55,0.55,0.55,0.55
8310,0.55,0.55,0.55,0.55,0.55
8311,0.55,0.55,0.55,0.55,0.55
8312,0.55,0.55,0.55,0.55,0.55
8313,0.55,0.55,0.55,0.55,0.55
8314,0.55,0.55,0.55,0.55,0.55
8315,0.55,0.55,0.55,0.55,0.55
8316,0.55,0.55,0.55,0.55,0.55
8317,0.55,0.55,0.55,0.55,0.55
8318,0.55,0.55,0.55,0.55,0.55
8319,0.55,0.55,0.55,0.55,0.55
8320,0.55,0.55,0.55,0.55,0.55
8321,0.55,0.55,0.55,0.55,0.55
8322,0.55,0.55,0.55,0.55,0.55
8323,0.55,0.55,0.55,0.55,0.55
8324,0.55,0.55,0.55,0.55,0.55
8325,0.55,0.55,0.55,0.55,0.55
8326,0.55,0.55,0.55,0.55,0.55
8327,0.55,0.55,0.55,0.55,0.55
8328,0.55,0.55,0.55,0.55,0.55
8329,0.55,0.55,0.55,0.55,0.55
8330,0.55,0.55,0.55,0.55,0.55
8331,0.55,0.55,0.55,0.55,0.55
8332,0.55,0.55,0.55,0.55,0.55
8333,0.55,0.55,0.55,0.55,0.55
8334,0.55,0.55,0.55,0.55,0.55
8335,0.55,0.55,0.55,0.55,0.55
8336,0.55,0.55,0.55,0.55,0.55
8337,0.55,0.55,0.55,0.55,0.55
8338,0.55,0.55,0.55,0.55,0.55
8339,0.55,0.55,0.55,0.55,0.55
8340,0.55,0.55,0.55,0.55,0.55
8341,0.55,0.55,0.55,0.55,0.55
8342,0.55,0.55,0.55,0.55,0.55
8343,0.55,0.55,0.55,0.55,0.55
8344,0.55,0.55,0.55,0.55,0.55
8345,0.55,0.55,0.55,0.55,0.55
8346,0.55,0.55,0.55,0.55,0.55
8347,0.55,0.55,0.55,0.55,0.55
8348,0.55,0.55,0.55,0.55,0.55
8349,0.55,0.55,0.55,0.55,0.55
8350,0.55,0.55,0.55,0.55,0.55
8351,0.55,0.55,0.55,0.55,0.55
8352,0.55,0.55,0.55,0.55,0.55
8353,0.55,0.55,0.55,0.55,0.55
8354,0.55,0.55,0.55,0.55,0.55
8355,0.55,0.55,0.55,0.55,0.55
8356,0.55,0.55,0.55,0.55,0.55
8357,0.55,0.55,0.55,0.55,0.55
8358,0.55,0.55,0.55,0.55,0.55
8359,0.55,0.55,0.55,0.55,0.55
8360,0.55,0.55,0.55,0.55,0.55
8361,0.55,0.55,0.55,0.55,0.55
8362,0.55,0.55,0.55,0.55,0.55
8363,0.55,0.55,0.55,0.55,0.55
8364,0.55,0.55,0.55,0.55,0.55
8365,0.55,0.55,0.55,0.55,0.55
8366,0.55,0.55,0.55,0.55,0.55
8367,0.55,0.55,0.55,0.55,0.55
8368,0.55,0.55,0.55,0.55,0.55
8369,0.55,0.55,0.55,0.55,0.55
8370,0.55,0.55,0.55,0.55,0.55
8371,0.55,0.55,0.55,0.55,0.55
8372,0.55,0.55,0.55,0.55,0.55
8373,0.55,0.55,0.55,0.55,0.55
8374,0.55,0.55,0.55,0.55,0.55
8375,0.55,0.55,0.55,0.55,0.55
8376,0.55,0.55,0.55,0.55,0.55
8377,0.55,0.55,0.55,0.55,0.55
8378,0.55,0.55,0.55,0.55,0.55
8379,0.55,0.55,0.55,0.55,0.55
8380,0.55,0.55,0.55,0.55,0.55
8381,0.55,0.55,0.55,0.55,0.55
8382,0.55,0.55,0.55,0.55,0.55
8383,0.55,0.55,0.55,0.55,0.55
8384,0.55,0.55,0.55,0.55,0.55
8385,0.55,0.55,0.55,0.55,0.55
8386,0.55,0.55,0.55,0.55,0.55
8387,0.55,0.55,0.55,0.55,0.55
8388,0.55,0.55,0.55,0.55,0.55
8389,0.55,0.55,0.55,0.55,0.55
8390,0.55,0.55,0.55,0.55,0.55
8391,0.55,0.55,0.55,0.55,0.55
8392,0.55,0.55,0.55,0.55,0.55
8393,0.55,0.55,0.55,0.55,0.55
8394,0.55,0.55,0.55,0.55,0.55
8395,0.55,0.55,0.55,0.55,0.55
8396,0.55,0.55,0.55,0.55,0.55
8397,0.55,0.55,0.55,0.55,0.55
8398,0.55,0.55,0.55,0.55,0.55
8399,0.55,0.55,0.55,0.55,0.55
8400,0.55,0.55,0.55,0.55,0.55
8401,0.55,0.55,0.55,0.55,0.55
8402,0.55,0.55,0.55,0.55,0.55
8403,0.55,0.55,0.55,0.55,0.55
8404,0.55,0.55,0.55,0.55,0.55
8405,0.55,0.55,0.55,0.55,0.55
8406,0.55,0.55,0.55,0.55,0.55
8407,0.55,0.55,0.55,0.55,0.55
8408,0.55,0.55,0.55,0.55,0.55
8409,0.55,0.55,0.55,0.55,0.55
8410,0.55,0.55,0.55,0.55,0.55
8411,0.55,0.55,0.55,0.55,0.55
8412,0.55,0.55,0.55,0.55,0.55
8413,0.55,0.55,0.55,0.55,0.55
8414,0.55,0.55,0.55,0.55,0.55
8415,0.55,0.55,0.55,0.55,0.55
8416,0.55,0.55,0.55,0.55,0.55
8417,0.55,0.55,0.55,0.55,0.55
8418,0.55,0.55,0.55,0.55,0.55
8419,0.55,0.55,0.55,0.55,0.55
8420,0.55,0.55,0.55,0.55,0.55
8421,0.55,0.55,0.55,0.55,0.55
8422,0.55,0.55,0.55,0.55,0.55
8423,0.55,0.55,0.55,0.55,0.55
8424,0.55,0.55,0.55,0.55,0.55
8425,0.55,0.55,0.55,0.55,0.55
8426,0.55,0.55,0.55,0.55,0.55
8427,0.55,0.55,0.55,0.55,0.55
8428,0.55,0.55,0.55,0.55,0.55
8429,0.55,0.55,0.55,0.55,0.55
8430,0.55,0.55,0.55,0.55,0.55
8431,0.55,0.55,0.55,0.55,0.55
8432,0.55,0.55,0.55,0.55,0.55
8433,0.55,0.55,0.55,0.55,0.55
8434,0.55,0.55,0.55,0.55,0.55
8435,0.55,0.55,0.55,0.55,0.55
8436,0.55,0.55,0.55,0.55,0.55
8437,0.55,0.55,0.55,0.55,0.55
8438,0.55,0.55,0.55,0.55,0.55
8439,0.55,0.55,0.55,0.55,0.55
8440,0.55,0.55,0.55,0.55,0.55
8441,0.55,0.55,0.55,0.55,0.55
8442,0.55,0.55,0.55,0.55,0.55
8443,0.55,0.55,0.55,0.55,0.55
8444,0.55,0.55,0.55,0.55,0.55
8445,0.55,0.55,0.55,0.55,0.55
8446,0.55,0.55,0.55,0.55,0.55
8447,0.55,0.55,0.55,0.55,0.55
8448,0.55,0.55,0.55,0.55,0.55
8449,0.55,0.55,0.55,0.55,0.55
8450,0.55,0.55,0.55,0.55,0.55
8451,0.55,0.55,0.55,0.55,0.55
8452,0.55,0.55,0.55,0.55,0.55
8453,0.55,0.55,0.55,0.55,0.55
8454,0.55,0.55,0.55,0.55,0.55
8455,0.55,0.55,0.55,0.55,0.55
8456,0.55,0.55,0.55,0.55,0.55
8457,0.55,0.55,0.55,0.55,0.55
8458,0.55,0.55,0.55,0.55,0.55
8459,0.55,0.55,0.55,0.55,0.55
8460,0.55,0.55,0.55,0.55,0.55
8461,0.55,0.55,0.55,0.55,0.55
8462,0.55,0.55,0.55,0.55,0.55
8463,0.55,0.55,0.55,0.55,0.55
8464,0.55,0.55,0.55,0.55,0.55
8465,0.55,0.55,0.55,0.55,0.55
8466,0.55,0.55,0.55,0.55,0.55
8467,0.55,0.55,0.55,0.55,0.55
8468,0.55,0.55,0.55,0.55,0.55
8469,0.55,0.55,0.55,0.55,0.55
8470,0.55,0.55,0.55,0.55,0.55
8471,0.55,0.55,0.55,0.55,0.55
8472,0.55,0.55,0.55,0.55,0.55
8473,0.55,0.55,0.55,0.55,0.55
8474,0.55,0.55,0.55,0.55,0.55
8475,0.55,0.55,0.55,0.55,0.55
8476,0.55,0.55,0.55,0.55,0.55
8477,0.55,0.55,0.55,0.55,0.55
8478,0.55,0.55,0.55,0.55,0.55
8479,0.55,0.55,0.55,0.55,0.55
8480,0.55,0.55,0.55,0.55,0.55
8481,0.55,0.55,0.55,0.55,0.55
8482,0.55,0.55,0.55,0.55,0.55
8483,0.55,0.55,0.55,0.55,0.55
8484,0.55,0.55,0.55,0.55,0.55
8485,0.55,0.55,0.55,0.55,0.55
8486,0.55,0.55,0.55,0.55,0.55
8487,0.55,0.55,0.55,0.55,0.55
8488,0.55,0.55,0.55,0.55,0.55
8489,0.55,0.55,0.55,0.55,0.55
8490,0.55,0.55,0.55,0.55,0.55
8491,0.55,0.55,0.55,0.55,0.55
8492,0.55,0.55,0.55,0.55,0.55
8493,0.55,0.55,0.55,0.55,0.55
8494,0.55,0.55,0.55,0.55,0.55
8495,0.55,0.55,0.55,0.55,0.55
8496,0.55,0.55,0.55,0.55,0.55
8497,0.55,0.55,0.55,0.55,0.55
8498,0.55,0.55,0.55,0.55,0.55
8499,0.55,0.55,0.55,0.55,0.55
8500,0.55,0.55,0.55,0.55,0.55
8501,0.55,0.55,0.55,0.55,0.55
8502,0.55,0.55,0.55,0.55,0.55
8503,0.55,0.55,0.55,0.55,0.55
8504,0.55,0.55,0.55,0.55,0.55
8505,0.55,0.55,0.55,0.55,0.55
8506,0.55,0.55,0.55,0.55,0.55
8507,0.55,0.55,0.55,0.55,0.55
8508,0.55,0.55,0.55,0.55,0.55
8509,0.55,0.55,0.55,0.55,0.55
8510,0.55,0.55,0.55,0.55,0.55
8511,0.55,0.55,0.55,0.55,0.55
8512,0.55,0.55,0.55,0.55,0.55
8513,0.55,0.55,0.55,0.55,0.55
8514,0.55,0.55,0.55,0.55,0.55
8515,0.55,0.55,0.55,0.55,0.55
8516,0.55,0.55,0.55,0.55,0.55
8517,0.55,0.55,0.55,0.55,0.55
8518,0.55,0.55,0.55,0.55,0.55
8519,0.55,0.55,0.55,0.55,0.55
8520,0.55,0.55,0.55,0.55,0.55
8521,0.55,0.55,0.55,0.55,0.55
8522,0.55,0.55,0.55,0.55,0.55
8523,0.55,0.55,0.55,0.55,0.55
8524,0.55,0.55,0.55,0.55,0.55
8525,0.55,0.55,0.55,0.55,0.55
8526,0.55,0.55,0.55,0.55,0.55
8527,0.55,0.55,0.55,0.55,0.55
8528,0.55,0.55,0.55,0.55,0.55
8529,0.55,0.55,0.55,0.55,0.55
8530,0.55,0.55,0.55,0.55,0.55
8531,0.55,0.55,0.55,0.55,0.55
8532,0.55,0.55,0.55,0.55,0.55
8533,0.55,0.55,0.55,0.55,0.55
8534,0.55,0.55,0.55,0.55,0.55
8535,0.55,0.55,0.55,0.55,0.55
8536,0.55,0.55,0.55,0.55,0.55
8537,0.55,0.55,0.55,0.55,0.55
8538,0.55,0.55,0.55,0.55,0.55
8539,0.55,0.55,0.55,0.55,0.55
8540,0.55,0.55,0.55,0.55,0.55
8541,0.55,0.55,0.55,0.55,0.55
8542,0.55,0.55,0.55,0.55,0.55
8543,0.55,0.55,0.55,0.55,0.55
8544,0.55,0.55,0.55,0.55,0.55
8545,0.55,0.55,0.55,0.55,0.55
8546,0.55,0.55,0.55,0.55,0.55
8547,0.55,0.55,0.55,0.55,0.55
8548,0.55,0.55,0.55,0.55,0.55
8549,0.55,0.55,0.55,0.55,0.55
8550,0.55,0.55,0.55,0.55,0.55
8551,0.55,0.55,0.55,0.55,0.55
8552,0.55,0.55,0.55,0.55,0.55
8553,0.55,0.55,0.55,0.55,0.55
8554,0.55,0.55,0.55,0.55,0.55
8555,0.55,0.55,0.55,0.55,0.55
8556,0.55,0.55,0.55,0.55,0.55
8557,0.55,0.55,0.55,0.55,0.55
8558,0.55,0.55,0.55,0.55,0.55
8559,0.55,0.55,0.55,0.55,0.55
8560,0.55,0.55,0.55,0.55,0.55
8561,0.55,0.55,0.55,0.55,0.55
8562,0.55,0.55,0.55,0.55,0.55
8563,0.55,0.55,0.55,0.55,0.55
8564,0.55,0.55,0.55,0.55,0.55
8565,0.55,0.55,0.55,0.55,0.55
8566,0.55,0.55,0.55,0.55,0.55
8567,0.55,0.55,0.55,0.55,0.55
8568,0.55,0.55,0.55,0.55,0.55
8569,0.55,0.55,0.55,0.55,0.55
8570,0.55,0.55,0.55,0.55,0.55
8571,0.55,0.55,0.55,0.55,0.55
8572,0.55,0.55,0.55,0.55,0.55
8573,0.55,0.55,0.55,0.55,0.55
8574,0.55,0.55,0.55,0.55,0.55
8575,0.55,0.55,0.55,0.55,0.55
8576,0.55,0.55,0.55,0.55,0.55
8577,0.55,0.55,0.55,0.55,0.55
8578,0.55,0.55,0.55,0.55,0.55
8579,0.55,0.55,0.55,0.55,0.55
8580,0.55,0.55,0.55,0.55,0.55
8581,0.55,0.55,0.55,0.55,0.55
8582,0.55,0.55,0.55,0.55,0.55
8583,0.55,0.55,0.55,0.55,0.55
8584,0.55,0.55,0.55,0.55,0.55
8585,0.55,0.55,0.55,0.55,0.55
8586,0.55,0.55,0.55,0.55,0.55
8587,0.55,0.55,0.55,0.55,0.55
8588,0.55,0.55,0.55,0.55,0.55
8589,0.55,0.55,0.55,0.55,0.55
8590,0.55,0.55,0.55,0.55,0.55
8591,0.55,0.55,0.55,0.55,0.55
8592,0.55,0.55,0.55,0.55,0.55
8593,0.55,0.55,0.55,0.55,0.55
8594,0.55,0.55,0.55,0.55,0.55
8595,0.55,0.55,0.55,0.55,0.55
8596,0.55,0.55,0.55,0.55,0.55
8597,0.55,0.55,0.55,0.55,0.55
8598,0.55,0.55,0.55,0.55,0.55
8599,0.55,0.55,0.55,0.55,0.55
8600,0.55,0.55,0.55,0.55,0.55
8601,0.55,0.55,0.55,0.55,0.55
8602,0.55,0.55,0.55,0.55,0.55
8603,0.55,0.55,0.55,0.55,0.55
8604,0.55,0.55,0.55,0.55,0.55
8605,0.55,0.55,0.55,0.55,0.55
8606,0.55,0.55,0.55,0.55,0.55
8607,0.55,0.55,0.55,0.55,0.55
8608,0.55,0.55,0.55,0.55,0.55
8609,0.55,0.55,0.55,0.55,0.55
8610,0.55,0.55,0.55,0.55,0.55
8611,0.55,0.55,0.55,0.55,0.55
8612,0.55,0.55,0.55,0.55,0.55
8613,0.55,0.55,0.55,0.55,0.55
8614,0.55,0.55,0.55,0.55,0.55
8615,0.55,0.55,0.55,0.55,0.55
8616,0.55,0.55,0.55,0.55,0.55
8617,0.55,0.55,0.55,0.55,0.55
8618,0.55,0.55,0.55,0.55,0.55
8619,0.55,0.55,0.55,0.55,0.55
8620,0.55,0.55,0.55,0.55,0.55
8621,0.55,0.55,0.55,0.55,0.55
8622,0.55,0.55,0.55,0.55,0.55
8623,0.55,0.55,0.55,0.55,0.55
8624,0.55,0.55,0.55,0.55,0.55
8625,0.55,0.55,0.55,0.55,0.55
8626,0.55,0.55,0.55,0.55,0.55
8627,0.55,0.55,0.55,0.55,0.55
8628,0.55,0.55,0.55,0.55,0.55
8629,0.55,0.55,0.55,0.55,0.55
8630,0.55,0.55,0.55,0.55,0.55
8631,0.55,0.55,0.55,0.55,0.55
8632,0.55,0.55,0.55,0.55,0.55
8633,0.55,0.55,0.55,0.55,0.55
8634,0.55,0.55,0.55,0.55,0.55
8635,0.55,0.55,0.55,0.55,0.55
8636,0.55,0.55,0.55,0.55,0.55
8637,0.55,0.55,0.55,0.55,0.55
8638,0.55,0.55,0.55,0.55,0.55
8639,0.55,0.55,0.55,0.55,0.55
8640,0.55,0.55,0.55,0.55,0.55
8641,0.55,0.55,0.55,0.55,0.55
8642,0.55,0.55,0.55,0.55,0.55
8643,0.55,0.55,0.55,0.55,0.55
8644,0.55,0.55,0.55,0.55,0.55
8645,0.55,0.55,0.55,0.55,0.55
8646,0.55,0.55,0.55,0.55,0.55
8647,0.55,0.55,0.55,0.55,0.55
8648,0.55,0.55,0.55,0.55,0.55
8649,0.55,0.55,0.55,0.55,0.55
8650,0.55,0.55,0.55,0.55,0.55
8651,0.55,0.55,0.55,0.55,0.55
8652,0.55,0.55,0.55,0.55,0.55
8653,0.55,0.55,0.55,0.55,0.55
8654,0.55,0.55,0.55,0.55,0.55
8655,0.55,0.55,0.55,0.55,0.55
8656,0.55,0.55,0.55,0.55,0.55
8657,0.55,0.55,0.55,0.55,0.55
8658,0.55,0.55,0.55,0.55,0.55
8659,0.55,0.55,0.55,0.55,0.55
8660,0.55,0.55,0.55,0.55,0.55
8661,0.55,0.55,0.55,0.55,0.55
8662,0.55,0.55,0.55,0.55,0.55
8663,0.55,0.55,0.55,0.55,0.55
8664,0.55,0.55,0.55,0.55,0.55
8665,0.55,0.55,0.55,0.55,0.55
8666,0.55,0.55,0.55,0.55,0.55
8667,0.55,0.55,0.55,0.55,0.55
8668,0.55,0.55,0.55,0.55,0.55
8669,0.55,0.55,0.55,0.55,0.55
8670,0.55,0.55,0.55,0.55,0.55
8671,0.55,0.55,0.55,0.55,0.55
8672,0.55,0.55,0.55,0.55,0.55
8673,0.55,0.55,0.55,0.55,0.55
8674,0.55,0.55,0.55,0.55,0.55
8675,0.55,0.55,0.55,0.55,0.55
8676,0.55,0.55,0.55,0.55,0.55
8677,0.55,0.55,0.55,0.55,0.55
8678,0.55,0.55,0.55,0.55,0.55
8679,0.55,0.55,0.55,0.55,0.55
8680,0.55,0.55,0.55,0.55,0.55
8681,0.55,0.55,0.55,0.55,0.55
8682,0.55,0.55,0.55,0.55,0.55
8683,0.55,0.55,0.55,0.55,0.55
8684,0.55,0.55,0.55,0.55,0.55
8685,0.55,0.55,0.55,0.55,0.55
8686,0.55,0.55,0.55,0.55,0.55
8687,0.55,0.55,0.55,0.55,0.55
8688,0.55,0.55,0.55,0.55,0.55
8689,0.55,0.55,0.55,0.55,0.55
8690,0.55,0.55,0.55,0.55,0.55
8691,0.55,0.55,0.55,0.55,0.55
8692,0.55,0.55,0.55,0.55,0.55
8693,0.55,0.55,0.55,0.55,0.55
8694,0.55,0.55,0.55,0.55,0.55
8695,0.55,0.55,0.55,0.55,0.55
8696,0.55,0.55,0.55,0.55,0.55
8697,0.55,0.55,0.55,0.55,0.55
8698,0.55,0.55,0.55,0.55,0.55
8699,0.55,0.55,0.55,0.55,0.55
8700,0.55,0.55,0.55,0.55,0.55
8701,0.55,0.55,0.55,0.55,0.55
8702,0.55,0.55,0.55,0.55,0.55
8703,0.55,0.55,0.55,0.55,0.55
8704,0.55,0.55,0.55,0.55,0.55
8705,0.55,0.55,0.55,0.55,0.55
8706,0.55,0.55,0.55,0.55,0.55
8707,0.55,0.55,0.55,0.55,0.55
8708,0.55,0.55,0.55,0.55,0.55
8709,0.55,0.55,0.55,0.55,0.55
8710,0.55,0.55,0.55,0.55,0.55
8711,0.55,0.55,0.55,0.55,0.55
8712,0.55,0.55,0.55,0.55,0.55
8713,0.55,0.55,0.55,0.55,0.55
8714,0.55,0.55,0.55,0.55,0.55
8715,0.55,0.55,0.55,0.55,0.55
8716,0.55,0.55,0.55,0.55,0.55
8717,0.55,0.55,0.55,0.55,0.55
8718,0.55,0.55,0.55,0.55,0.55
8719,0.55,0.55,0.55,0.55,0.55
8720,0.55,0.55,0.55,0.55,0.55
8721,0.55,0.55,0.55,0.55,0.55
8722,0.55,0.55,0.55,0.55,0.55
8723,0.55,0.55,0.55,0.55,0.55
8724,0.55,0.55,0.55,0.55,0.55
8725,0.55,0.55,0.55,0.55,0.55
8726,0.55,0.55,0.55,0.55,0.55
8727,0.55,0.55,0.55,0.55,0.55
8728,0.55,0.55,0.55,0.55,0.55
8729,0.55,0.55,0.55,0.55,0.55
8730,0.55,0.55,0.55,0.55,0.55
8731,0.55,0.55,0.55,0.55,0.55
8732,0.55,0.55,0.55,0.55,0.55
8733,0.55,0.55,0.55,0.55,0.55
8734,0.55,0.55,0.55,0.55,0.55
8735,0.55,0.55,0.55,0.55,0.55
8736,0.55,0.55,0.55,0.55,0.55
8737,0.55,0.55,0.55,0.55,0.55
8738,0.55,0.55,0.55,0.55,0.55
8739,0.55,0.55,0.55,0.55,0.55
8740,0.55,0.55,0.55,0.55,0.55
8741,0.55,0.55,0.55,0.55,0.55
8742,0.55,0.55,0.55,0.55,0.55
8743,0.55,0.55,0.55,0.55,0.55
8744,0.55,0.55,0.55,0.55,0.55
8745,0.55,0.55,0.55,0.55,0.55
8746,0.55,0.55,0.55,0.55,0.55
8747,0.55,0.55,0.55,0.55,0.55
8748,0.55,0.55,0.55,0.55,0.55
8749,0.55,0.55,0.55,0.55,0.55
8750,0.55,0.55,0.55,0.55,0.55
8751,0.55,0.55,0.55,0.55,0.55
8752,0.55,0.55,0.55,0.55,0.55
8753,0.55,0.55,0.55,0.55,0.55
8754,0.55,0.55,0.55,0.55,0.55
8755,0.55,0.55,0.55,0.55,0.55
8756,0.55,0.55,0.55,0.55,0.55
8757,0.55,0.55,0.55,0.55,0.55
8758,0.55,0.55,0.55,0.55,0.55
8759,0.55,0.55,0.55,0.55,0.55