seed,solution,objective_1,objective_2,cfe_score,type,SGPXX-bioenergy-unspecified,SGPXX-open-cycle-gas-turbine,SGPXX-oil-unspecified,SGPXX-photovoltaic-unspecified,SGPXX-waste,SGPXX-battery
1,1,2336311607404056.5,0.0,0.0,feasible,999344.7886175594,197691.88158234907,248140.56085888698,554714.4997687244,413219.2718522972,640484.2462861098
1,2,2391110861238966.0,0.0,0.0,feasible,816014.3395196373,893495.9431896629,955390.6984681133,522705.6632066133,22000.04331853938,655542.5201937932
1,3,846098207120281.5,0.0,0.0,feasible,17609.061469055843,830491.2793685142,806583.8443121372,475007.9464500817,241082.7612631173,230988.8610026314
1,4,2747737469340521.0,0.0,0.0,feasible,590567.7783726413,746701.4329309602,435167.6636348792,582080.431704994,994916.152888045,753539.8608827691
1,5,1262431577459648.0,0.0,0.0,feasible,867612.7798426059,449639.8296093391,5572.498625618711,78013.71007338261,401843.78354014317,345393.0086643173
1,6,1378759859157881.5,0.0,0.0,feasible,569912.9959335268,686322.2322512419,165037.00443215502,978410.6861088052,638902.5508185576,377358.8294818674
1,7,2713775040793017.0,0.0,0.0,feasible,826663.7185364349,492757.96839703416,72032.27067387204,500182.6342801105,261321.90979125816,744207.3332323169
1,8,1222807131701845.2,0.0,0.0,feasible,172253.86067638057,326917.7696997386,604714.310243455,453196.21995487454,158938.65816694335,334504.61665338394
1,9,1111247404617936.9,0.0,0.0,feasible,879182.0699389026,793208.8534332406,505798.17120251217,297607.79492905777,182576.75288189529,303849.1458223972
1,10,2823604665873017.0,0.0,0.0,feasible,38332.20059047446,883327.1220972425,148193.7567062144,990313.5024474626,880435.7155743473,774387.3897457735
1,11,2025291069638288.8,0.0,0.0,feasible,181831.71759299384,162049.36614484174,107860.75935971455,231030.19884728992,772460.5635293227,555018.9868009819
1,12,1566909110544521.0,0.0,0.0,feasible,88597.7653306547,16401.20533462177,884389.8034726918,4430.247523559187,947840.0717172709,429060.31745177717
1,13,1216202681227744.5,0.0,0.0,feasible,275452.381260858,418837.1922524566,324825.11929422914,883724.1616501671,446989.7440571225,332689.7812808376
1,14,995350365721673.6,0.0,0.0,feasible,678679.7040081307,482555.8000917944,161659.0768211958,338654.58471414563,706483.3202883997,272001.8261116751
1,15,1389516067103664.5,0.0,0.0,feasible,965400.2365277769,960214.7364496952,683037.0089004795,694508.8648338151,71694.56918514996,380314.5253010761
1,16,367411294988656.25,0.0,0.0,feasible,416000.8306172237,17232.96652096061,908962.2583732686,621995.400239705,598454.3993598839,99450.59844495263
1,17,1618520921511088.8,0.0,0.0,feasible,120833.00720001609,361323.33078366885,868132.4506971677,706206.9520794377,440896.3859600872,443242.71469294286
1,18,2952062474452180.0,0.0,0.0,feasible,784918.7007491682,355473.73440212564,748634.4784785056,891112.5152951886,471409.8158928232,809686.2803655859
1,19,3106601121497472.0,0.0,0.0,feasible,572893.8015606127,289562.6992730795,746428.6962698299,744090.4456496086,684514.2743186696,852151.918374846
1,20,1699982637677282.2,0.0,0.0,feasible,946451.9081932943,863688.0385940694,84033.30330820056,63547.641902568466,474316.00642580906,465627.5602734325
1,21,1139247754503969.8,0.0,0.0,feasible,49484.33526956241,385660.07694855577,816423.2874664796,175776.38096328254,459032.8749565339,311543.3552976776
1,22,851727347353983.4,0.0,0.0,feasible,460272.2804417268,276690.1894131457,986191.4466051846,831619.2646585123,922873.5942965002,232535.69110654504
1,23,2350567907432496.5,0.0,0.0,feasible,206489.52363201577,671645.5781174025,87399.92132324608,655168.8546008291,991835.0594816646,644401.7315749625
1,24,2550498733101845.5,0.0,0.0,feasible,132764.41893772242,350242.91539527645,772714.0874823112,138160.92307900378,169312.54178226928,699340.6755355549
1,25,506996377556948.94,0.0,0.0,feasible,441553.9268524139,384867.95516818954,53131.25002684019,599169.4909251174,47629.44045046847,137807.15003363419
1,26,212575541609760.94,0.0,0.0,feasible,182904.95366909512,932310.5968225438,927105.3072459176,498230.83379197045,783669.7326046608,56903.31865705478
1,27,347385151068932.56,0.0,0.0,feasible,328609.80542630743,554886.0116000717,516528.8091357752,884794.4561116636,984884.0209985285,93947.61912763605
1,28,1190722210327508.8,0.0,0.0,feasible,954624.9477823012,253158.4632347631,284249.38287789345,806683.9129507275,16147.928641691085,325688.0087518095
1,29,2995354446185837.0,0.0,0.0,feasible,654712.0118302862,447153.55407424667,562622.8820531054,70090.10789789223,182822.77381319014,821582.4709657909
1,30,1287978430285071.5,0.0,0.0,feasible,70407.27723291494,324699.00204422825,654595.5206197761,32019.735240392278,735477.9438959874,352413.02226675506
1,31,2165903722920987.5,0.0,0.0,feasible,641163.5505719894,874483.5898139806,787136.5453696724,874868.4355901295,350585.6861613575,593657.9043014997
1,32,1018722321605750.8,0.0,0.0,feasible,402304.41195773677,202127.8188354487,397550.5953033701,871942.4277895001,595191.7839232805,278424.2003016778
1,33,2270711194276107.5,0.0,0.0,feasible,823227.8837028068,171946.5624391951,655909.5203173042,514883.7186057775,113209.81620484733,622457.9243892127
1,34,400868216291972.1,0.0,0.0,feasible,690316.7756419422,32275.856263975995,992692.1347189498,959415.4288496743,335548.6150377794,108644.21788019019
1,35,1222751632578911.5,0.0,0.0,feasible,885133.48443193,231763.49103420996,988680.8418676206,865989.1361961027,915229.8282320433,334489.36606261326
1,36,1410803080225897.2,0.0,0.0,feasible,793029.947407718,252173.03105932273,689208.8051596881,930091.8131428605,837427.2264628888,386163.97856620123
1,37,380336624176767.6,0.0,0.0,feasible,671597.4124331772,760434.5554163177,470638.6348834199,210135.98326191228,57373.53869966052,103002.34657363915
1,38,1711865097290431.5,0.0,0.0,feasible,539317.3774125698,985240.2861421538,924284.1629401435,886196.5960318003,788444.0797961212,468892.7385200349
1,39,2577937591694750.0,0.0,0.0,feasible,218937.13883133998,932847.0178628516,854341.6110729019,22145.51359275863,202629.1979569567,706880.592952148
1,40,2116405412889858.2,0.0,0.0,feasible,659829.8469861066,216329.2441108122,176282.89527406267,463077.96878047317,42180.92111598361,580056.2754789307
1,41,2801886835135126.0,0.0,0.0,feasible,187665.7182167951,16483.397772050725,448073.48742875934,945290.1374053573,836975.9177682704,768419.5522106658
1,42,3583591608493882.0,0.0,0.0,feasible,112647.52584543986,529157.5824515957,412933.9190574279,113831.3347170676,675326.6513288916,983224.0206737206
1,43,1414911446127592.0,0.0,0.0,feasible,627068.9465224373,574560.9177986642,959358.8063535901,568372.2471319479,230188.37037889424,387292.91545368306
1,44,1844101954900065.0,0.0,0.0,feasible,255462.85775662563,340996.8833494741,466302.4186810068,724029.6865491691,11078.899950667586,505230.0731227312
1,45,306228011082831.0,0.0,0.0,feasible,257292.52217191597,574781.0432894609,281413.7786735996,33427.696864045654,62838.518237524455,82638.0584348082
1,46,1433834496558569.2,0.0,0.0,feasible,738991.1044739417,714373.8551437077,398025.3215969543,557781.5014773101,993899.1675042453,392492.7759739925
1,47,1699774559261017.0,0.0,0.0,feasible,326518.7124006523,297480.0982023648,766028.4912020745,805815.2067235672,566920.0676198538,465570.3824549929
1,48,1680141873536817.8,0.0,0.0,feasible,940942.1604459531,84158.14903740626,78524.76136541927,512494.07150424534,448867.5327639618,460175.52142149967
1,49,2993073886711456.5,0.0,0.0,feasible,907527.5890411849,263700.14719695033,103412.66786783334,256417.02347635018,661455.267747139,820955.796571073
1,50,1043103721248885.1,0.0,0.0,feasible,617815.0505119824,137320.94523379303,234541.93483468812,324338.9720390274,816621.8103381209,285123.9593017744
1,51,772723272820438.6,0.0,0.0,feasible,455422.03034495935,547519.4251570442,316905.4944085595,971629.2309161343,327067.29967344494,210826.18028486145
1,52,2022510992602050.5,0.0,0.0,feasible,940286.7686031769,772486.207017788,803996.8460165161,336030.0994614056,816279.6411275486,554255.0500944301
1,53,2084907953449086.5,0.0,0.0,feasible,131475.68454473242,405926.43741409306,661123.9699025912,467428.372162332,427947.6566157387,571401.0961021425
1,54,2733231531590016.5,0.0,0.0,feasible,454539.783975038,491776.5232680707,513909.2773046647,783872.6906331434,673744.307487222,749553.777703736
1,55,1910950537180811.0,0.0,0.0,feasible,870366.9959248134,154130.40923545448,970027.754920198,19139.27743914261,725922.4966385176,523599.3791238017
1,56,180849271531869.28,0.0,0.0,feasible,539870.6547776631,915124.9340043776,679427.6252295703,553312.0982171941,54840.21990145449,48185.264459796876
1,57,336978696102197.0,0.0,0.0,feasible,781734.7517184854,204351.5349635852,39186.86231418351,410110.44150795037,999388.5137697968,91088.03184622583
1,58,2579471282564078.5,0.0,0.0,feasible,212737.71477399505,558128.2197190877,763492.6577867679,78416.36006428205,703148.3872593184,707302.0355007937
1,59,3283265104296313.5,0.0,0.0,feasible,984509.9182565328,178155.58313572552,507595.2550174469,447213.40325013944,438166.95926289074,900697.3721253957
1,60,217459091545595.5,0.0,0.0,feasible,312420.4952057682,288998.44001034595,928202.0885848147,730325.5327139337,307904.04652653047,58245.26818062292
1,61,833363946824152.9,0.0,0.0,feasible,439735.8262142578,976318.5007004228,401418.70006412826,942133.2182497128,831897.0754288717,227489.6166492587
1,62,1658141052283657.8,0.0,0.0,feasible,865057.4647803695,235347.97025477423,909085.5171787271,915389.1619070683,175040.6464470928,454129.9209901117
1,63,3159965924099378.0,0.0,0.0,feasible,655270.2803356802,825896.0201086695,122455.31274567964,441907.279199969,731871.0326144373,866816.0197699099
1,64,2411659030515203.0,0.0,0.0,feasible,517279.2175857047,26438.3725812093,676496.9084345675,711667.8328708522,690792.3652015409,661188.9467344757
1,65,419750617784442.5,0.0,0.0,feasible,246654.08125908652,908268.5653284284,542198.7533845919,678289.3506947764,922479.981856107,113832.90848837025
1,66,3012479974923679.5,0.0,0.0,feasible,391382.9380823,632773.7742106376,781311.4058263104,858874.3629126123,218287.75755917508,826288.3909282276
1,67,3016210893613197.0,0.0,0.0,feasible,613638.455367097,365357.7158639722,84098.09855276065,338118.7637164392,284599.9654250761,827313.6091861861
1,68,2663307755643163.0,0.0,0.0,feasible,790395.3590948351,931681.8658353206,862175.0239785063,848821.0712503636,793410.1866399973,730339.4399676911
1,69,3400618580907650.5,0.0,0.0,feasible,437580.5499763521,955644.6732880292,94669.42261603562,484346.1960055822,933970.6518345444,932944.906008908
1,70,1845385195349207.8,0.0,0.0,feasible,971694.8181613461,569114.8899583773,333500.71300127066,268416.1508243999,578852.0842851263,505582.6944600732
1,71,2735202517411163.0,0.0,0.0,feasible,99902.37745405031,307846.18602812174,156405.37275509167,351009.5413893426,655943.9210762104,750095.3844280246
1,72,2417143688984425.5,0.0,0.0,feasible,166464.76329537967,292572.59843183757,536306.0749158802,444719.90550177,822684.6965898878,662696.0747287447
1,73,1263767639037583.8,0.0,0.0,feasible,389488.235833298,943109.3937807576,312419.3729682157,480912.0037802497,155141.3803486869,345760.144707058
1,74,3376758007251338.0,0.0,0.0,feasible,260921.22177287494,669830.2519434912,778910.7408850543,663712.5419629398,315319.71895677154,926388.2646576653
1,75,3528054356228573.0,0.0,0.0,feasible,175876.4328725844,896721.8343774889,302394.3111507756,548696.8682859067,278588.15061858384,967962.9523531448
1,76,1456593075288741.0,0.0,0.0,feasible,140278.55884979462,445460.2509162125,909510.3623771755,822586.8501991406,814323.4519698379,398746.6004019847
1,77,2193499535856384.8,0.0,0.0,feasible,840406.9870175999,199820.95573562002,758122.972680479,474690.6432070478,702911.995161563,601240.9511644788
1,78,1224350871345443.8,0.0,0.0,feasible,796462.5135030423,975200.3450464905,133924.45601009866,962099.2820387722,644927.8141870868,334928.8205023175
1,79,634633774450591.2,0.0,0.0,feasible,331249.07245371584,754532.4268765457,304986.39261346695,952520.5623444951,565959.9804626937,172880.59992181082
1,80,1923676700198639.5,0.0,0.0,feasible,634257.1781105417,308719.22159529594,913857.0548021543,379026.23073283676,337748.5244913291,527096.3984279991
1,81,840462414916232.5,0.0,0.0,feasible,812360.9053469008,447575.17408597935,26401.11373606159,877740.3087886913,769441.721596961,229440.2030053706
1,82,467451139368344.6,0.0,0.0,feasible,7338.200450756719,536641.5916113734,326154.4751845162,722653.165897044,77638.03307999969,126940.52345177298
1,83,1251913799891749.8,0.0,0.0,feasible,550439.6811279063,489027.88861237245,313365.5837226503,742255.2147782685,239853.47258142522,342502.83107185154
1,84,2369574772198941.5,0.0,0.0,feasible,29443.665789571627,632662.843194591,934365.6434059126,456296.51088801207,972001.2381999808,649624.62341655
1,85,444181377633707.7,0.0,0.0,feasible,962271.9447668208,499406.59588287584,653197.3483997512,540269.3433617107,353763.02648323536,120546.23116775154
1,86,2167683428454053.5,0.0,0.0,feasible,40034.75166250292,649766.2900727924,92980.14245769674,117206.656249848,550919.1925262403,594146.9491609911
1,87,605073460349975.0,0.0,0.0,feasible,71121.8633331667,302671.22238920775,676575.2271572375,638192.4677088199,126467.06746497814,164757.72825160073
1,88,110322960785666.4,0.0,0.0,non-dominated,155647.941881273,473736.5530016908,833559.079241823,352266.8475390618,989249.039178282,28805.35632976722
1,89,796413989214510.5,0.0,0.0,feasible,237240.48920794838,295217.00831623585,337566.2451795013,656231.4791381295,679230.0164492807,217336.1465994743
1,90,478226444435180.6,0.0,0.0,feasible,934074.9148603927,246083.80089729585,820502.4072722262,884205.9794664464,702801.2513861984,129901.4669643268
1,91,2463443266058036.0,0.0,0.0,feasible,346796.33227648,704011.0248663359,4391.298647098249,159400.59853414295,637427.702452273,675418.7244838803
1,92,3052983735897557.0,0.0,0.0,feasible,708757.863598701,993663.075699089,472069.4375718987,131956.44590100856,829458.1282474137,837418.4097579264
1,93,3176434922739824.5,0.0,0.0,feasible,712578.1112372639,619920.2955466389,45429.56362612812,189531.15068317542,552844.3830575435,871341.5319832737
1,94,2396967101083378.0,0.0,0.0,feasible,220778.96785623083,630111.0879543431,812268.7063559638,423336.95990284893,104612.2037492494,657151.7549456371
1,95,1843384060439700.2,0.0,0.0,feasible,390331.2294722501,32430.82934910548,489126.4866188345,59479.19962925638,283721.7528488992,505032.8030749757
1,96,652218989475479.2,0.0,0.0,feasible,947745.8275301481,303484.60419604013,204768.4585558651,388135.6033428406,546556.3520107117,177712.83696956385
1,97,909560075571550.4,0.0,0.0,feasible,500654.5226135353,265102.67309764284,171213.98604692172,161141.30571308313,348096.71994480403,248427.53271724161
1,98,679060032511658.0,0.0,0.0,feasible,885011.5972880777,713564.7575880754,595381.7628061683,396150.7407812319,780032.0180728621,185088.4807917288
1,99,2884658558479022.5,0.0,0.0,feasible,537877.2852575256,77358.30286624355,625602.4143693299,479852.920193775,701966.9186810218,791164.3743514625
1,100,3581250621378519.0,0.0,0.0,feasible,371320.78937705746,288549.15004524105,116966.3557494885,906411.4901247195,181165.4362882494,982580.7413819316
2,1,46442126938708.51,4.053923968589759,0.0,non-dominated,547732.9276034381,223146.76809477623,659430.9094821494,647585.986953033,560670.9469452503,11251.557213864171
2,2,651385405361140.1,0.0,0.0,feasible,892890.5283373618,58814.91285006939,691473.8172164432,200313.83170286412,657240.4605176368,177483.7765893509
2,3,3537969863171484.5,0.0,0.0,feasible,97603.69874124097,51811.07176166498,945624.5578202073,698735.7476507177,132212.7842552352,970687.632144036
2,4,1464917982509122.8,0.0,0.0,feasible,315028.6789550416,505496.2992857497,344008.4597364991,51919.05930792717,874853.1874363109,401034.19967401534
2,5,2557152369735194.0,0.0,0.0,feasible,174805.11864789965,849036.9323823954,132491.89195275048,470476.63621227327,307075.15282126126,701169.0267610843
2,6,223324318924411.28,0.0,0.0,feasible,611674.9492373925,213032.5240572697,821711.8680793354,894201.4058380292,455831.8790212058,59856.97261490463
2,7,2107851558761537.8,0.0,0.0,feasible,123415.572456163,716288.4776898314,278084.8952109469,603068.1962261944,205755.05716557123,577705.7639406045
2,8,1562509778410106.5,0.0,0.0,feasible,885931.6672277517,548640.52859983,480001.3620633873,18597.674122949284,364573.4268369875,427851.4260225168
2,9,1451979823837896.0,0.0,0.0,feasible,962069.5991380245,272795.9245519461,805783.1447794196,750421.3970839033,40017.57480453206,397478.9261347197
2,10,3390960307664958.5,0.0,0.0,feasible,119500.18209606431,412470.43350930023,435773.4573052868,309374.31606473506,663587.2787218405,930290.9114052249
2,11,1204892088338713.8,0.0,0.0,feasible,732701.400103366,693255.1892271494,216095.9750980872,928853.7057184253,905431.6449700132,329581.7461551326
2,12,1538601855812943.8,0.0,0.0,feasible,699949.189809809,541447.6445203444,789071.2840239316,406119.0085943156,828941.5701462326,421281.77366709674
2,13,3168387788113374.5,0.0,0.0,feasible,659509.6070009803,91092.61298838971,173006.92863872985,606376.6846723305,689480.9136704301,869130.2617761621
2,14,3141358160121632.5,0.0,0.0,feasible,136527.92210951884,217596.78062000233,119403.26642817773,606244.791594042,235340.29678665168,861702.7967389803
2,15,2348803417892042.5,0.0,0.0,feasible,104278.90394965679,202539.9637003697,582307.0188711075,740559.7294309706,89670.49907132442,643916.8679144564
2,16,3163125269965374.5,0.0,0.0,feasible,963851.1072036033,712766.3715097456,856791.3977260333,245568.71764656476,424026.5526494976,867684.1756678461
2,17,1900771663069016.5,0.0,0.0,feasible,763050.9976224215,645651.1610319703,324037.271837171,498551.64166099386,28773.47393725424,520802.32873130916
2,18,1919211297300109.5,0.0,0.0,feasible,340334.52389564767,723677.3447512867,723309.7184644121,207147.3584004606,35381.58066259128,525869.351429206
2,19,2132949474762129.0,0.0,0.0,feasible,407720.7828971561,618736.5966462629,635665.8402958643,247513.82746869355,97585.44136996541,584602.4142998869
2,20,3382076554532417.0,0.0,0.0,feasible,153061.34421519257,469785.97528481646,667585.7465026684,842565.3803394953,834144.1741609292,927849.7469981133
2,21,2563629387374700.5,0.0,0.0,feasible,198683.47561023998,426691.1877028629,48673.541617009185,524180.0597073343,426849.3652364715,702948.844895368
2,22,1326560747846553.5,0.0,0.0,feasible,43488.909023183885,486146.96472452336,494883.75033601624,207235.0089441134,782019.8735443898,363015.04811886454
2,23,2900446043760222.5,0.0,0.0,feasible,182635.0600521506,709167.1988200591,578663.8881163632,585439.5239486768,946245.0609712438,795502.6136711808
2,24,3257718066179471.0,0.0,0.0,feasible,707758.5872826448,884612.7535707263,625219.5277381988,445635.0040544012,367561.3401380229,893677.307606773
2,25,3011900952995312.0,0.0,0.0,feasible,224299.56908912057,604031.1148567861,870177.5961079162,183387.6612616789,987553.0112236144,826129.281630459
2,26,1566566597301991.0,0.0,0.0,feasible,972714.1292034569,95447.88468296044,544439.1902006436,251154.03642666925,765019.5537118596,428966.1983194517
2,27,2338239952224309.5,0.0,0.0,feasible,771764.2135725978,490634.69349350594,484740.16529824276,515484.8800496975,667178.8558215196,641014.1356999204
2,28,2056544102186193.8,0.0,0.0,feasible,582055.9784721212,668702.2818704434,560279.7702133883,423449.1265530179,432393.7354189884,563607.0001701036
2,29,1580378296757512.2,0.0,0.0,feasible,759342.3560533456,334455.9700384481,611991.3667844776,588243.801530244,49914.315282690986,432761.51192277943
2,30,404540281632164.1,0.0,0.0,feasible,287703.5084241436,364377.05748568394,834813.6730286696,453814.2808550946,661163.4460986318,109653.26384030683
2,31,2801321219537926.0,0.0,0.0,feasible,392076.7401029777,242506.53920223474,901928.8545849797,495575.0871754465,608861.8048196231,768264.1268354452
2,32,1150824561115683.8,0.0,0.0,feasible,549109.0893153278,93665.69413287967,19259.071272330326,970820.2506633262,776990.2631840857,314724.5432288245
2,33,1760019795651356.0,0.0,0.0,feasible,190455.79936129373,210020.07135481818,703361.0945639664,409084.1771695758,933139.904332401,482125.1566118071
2,34,2223752812863512.0,0.0,0.0,feasible,780618.2738888493,555559.7749584736,521330.516070312,908216.4481405213,951739.7418731705,609554.2419466998
2,35,1876780348604335.0,0.0,0.0,feasible,738688.0149024006,357598.55694676813,659474.5659460045,954044.5305587052,164796.1142729401,514209.76114447834
2,36,1418873265989251.0,0.0,0.0,feasible,291170.50453451363,454481.25597849215,868526.7142895383,705445.399144224,41035.147406548924,388381.5829897318
2,37,3555327022286682.0,0.0,0.0,feasible,613589.8051119177,896567.097865028,278918.96899980766,171892.444804219,98181.79779354404,975457.20176269
2,38,579291899219348.1,0.0,0.0,feasible,840200.2321907958,672098.6998156135,373111.92404018436,741397.8008054593,374042.35829142056,157673.21920988552
2,39,232587575368896.6,0.0,0.0,feasible,705021.8492726333,589437.3175952407,282932.0533361808,430747.3714134207,606007.8346086367,62402.42064670454
2,40,2215210746991629.8,0.0,0.0,feasible,85464.42158698673,61649.36426156461,498004.83194026677,935366.4673034351,756050.4023891889,607206.9697005523
2,41,664559190572011.8,0.0,0.0,feasible,918254.8679283641,205683.71309577717,676509.1359913335,775990.9166633273,657402.7154635149,181103.7978893475
2,42,1262360172273335.0,0.0,0.0,feasible,137562.23071395632,274619.8684075276,322372.48530987336,49346.846107768244,970196.901230165,345373.38725017966
2,43,1161435139488729.0,0.0,0.0,feasible,528684.4774124601,899129.790853936,155614.4545044137,447522.9511625523,905372.6176913389,317640.2215324308
2,44,1585887912298633.8,0.0,0.0,feasible,814720.6051838598,267878.7371247967,126850.16262576998,79144.32464881832,524447.240394826,434275.4978648906
2,45,2309114162425572.0,0.0,0.0,feasible,741994.4846259974,101123.18561099785,111272.30367835095,467807.0675395198,455937.2149415707,633010.6668591164
2,46,2764584128556967.0,0.0,0.0,feasible,937639.0764320601,42610.75387440841,564571.6484150401,695068.3732856662,790889.5579973182,758169.1503558502
2,47,2815923931774173.0,0.0,0.0,feasible,372009.57919276104,173703.46498052755,285213.91178512585,965097.3435015499,302754.0895833516,772276.8026523632
2,48,1128631653842484.0,0.0,0.0,feasible,885572.4868176271,909853.3493466742,168195.94994543807,759238.1480807675,124646.03528253168,308626.15952574625
2,49,260244251878623.94,0.0,0.0,feasible,565944.306029347,438828.78790406545,469721.8971809081,594063.3469405673,57775.25227563108,70002.19219677562
2,50,2411294342160945.0,0.0,0.0,feasible,507362.5095699509,924279.8445068599,837337.0461712962,687137.4568871607,391025.96285600384,661088.7341084806
2,51,1517385387353190.2,0.0,0.0,feasible,310178.31265109096,587896.858420905,395051.12597974046,761818.241160308,732473.4192602612,415451.70535297005
2,52,816845166759164.5,0.0,0.0,feasible,347581.5682699617,640095.6757205067,674682.92869979,712617.4615503936,562015.8268580657,222950.42501010332
2,53,1856910661291619.5,0.0,0.0,feasible,774715.9671211077,954164.0743141439,225914.18707531007,471774.35510178027,475516.1845804714,508749.7745009323
2,54,1293918651721489.8,0.0,0.0,feasible,210418.99744108878,955475.6020708943,455796.62454840995,592427.094101759,829913.6007059756,354045.33430026117
2,55,722399835986505.0,0.0,0.0,feasible,248458.15313422534,954727.5844071534,486217.58096397336,294019.0970601664,165978.08646241552,196997.81506470148
2,56,2690255474472194.0,0.0,0.0,feasible,268391.4176682309,442346.5485917857,331659.0456896733,787838.0126651418,566232.9493569683,737744.3972055629
2,57,727063567411245.6,0.0,0.0,feasible,794734.4432036079,174083.90803253514,85927.91587841616,221781.00101952942,593341.3927472224,198279.36071196862
2,58,883763259091252.8,0.0,0.0,feasible,710027.226737757,969732.9213518504,110747.91261124154,666227.2737590352,308202.8240374,241338.83166162428
2,59,2373671030316804.5,0.0,0.0,feasible,407153.20130226156,737023.5705066958,179261.04429219675,719174.9447763468,427584.5033945956,650750.2332089967
2,60,1971974969801916.8,0.0,0.0,feasible,169348.30589892835,820180.3348201535,29714.71230700867,235822.92276962454,785202.195948735,540368.2684272577
2,61,813233163169386.8,0.0,0.0,feasible,681693.873045984,842374.1856575044,483004.9309402146,222926.29874064287,676474.4985369553,221957.88340407584
2,62,2168473889380878.0,0.0,0.0,feasible,924914.0067596444,175143.77692084483,595070.2267160697,880833.9662132578,502284.50182091893,594364.1597307792
2,63,988280882922945.6,0.0,0.0,feasible,117289.74434143146,332559.0640444932,611572.4317890244,892805.2157889738,518874.9664249358,270059.2046174188
2,64,2369958886002381.5,0.0,0.0,feasible,747147.0046379925,475716.2378409484,767089.7829562079,453474.3225920031,167640.18443701058,649730.1739570983
2,65,2141579889558507.2,0.0,0.0,feasible,174799.9739063861,54325.321646448036,536385.8436304085,786524.6221609542,324088.5340444913,586973.9639259513
2,66,1813362103833050.5,0.0,0.0,feasible,493992.5019845344,771372.9759690767,121467.67380004068,656157.1903656117,798364.7058341091,496783.07677049947
2,67,2984685309888389.5,0.0,0.0,feasible,942937.4348775899,170900.67423642025,243618.1588182181,33773.233084617714,780830.1939696148,818650.701544087
2,68,2427247981953259.5,0.0,0.0,feasible,473567.886398629,644054.4467645648,988536.6673098743,664838.9985717653,102406.1036078386,665472.6309867288
2,69,2630822145369622.0,0.0,0.0,feasible,384013.9363823112,219651.8531186306,880639.61780773,732558.1660205419,439325.5226856261,721412.7268589514
2,70,3035983493957245.0,0.0,0.0,feasible,217198.32654426643,750943.0078828216,835713.262792287,6470.904623360727,913699.4781330519,832746.9173247388
2,71,1729128587063164.8,0.0,0.0,feasible,791923.97251524,930723.7230088641,331400.0620459879,507462.8467921693,622136.8112969509,473636.5687623858
2,72,430959912648656.1,0.0,0.0,feasible,875880.7087706961,889393.6945491773,964445.479920532,936941.7987921395,779845.1418689738,116913.10795396571
2,73,3498881013924400.5,0.0,0.0,feasible,319824.1267808358,406597.93988323846,5575.235850301781,542612.8983229302,348042.889906616,959946.4165706998
2,74,725928539081722.1,0.0,0.0,feasible,106045.60180460224,226355.2624398323,356626.8735788493,171037.67606415137,67766.89627824558,197967.4665476715
2,75,377875581405286.5,0.0,0.0,feasible,327341.1188666811,930210.0309572413,831722.8915537777,743134.2840987606,343807.06122071727,102326.0772167035
2,76,3303918257251633.0,0.0,0.0,feasible,613249.1510998332,813500.587277615,998605.2716954899,962238.5831893724,72190.95335592065,906372.6471062452
2,77,2299843628441932.0,0.0,0.0,feasible,622778.9280248337,602552.241747585,797695.0920022586,991089.9221606615,287486.67068004404,630463.2190340657
2,78,2321325303849257.5,0.0,0.0,feasible,202814.84109140412,538971.5670911394,630049.6445914535,908362.0556547485,213676.20140798533,636366.1635021415
2,79,2210362122079198.2,0.0,0.0,feasible,538509.3055729188,612184.4799254484,94616.39245669542,345569.24361304723,362243.1410990259,605874.6172158456
2,80,1753559498216145.8,0.0,0.0,feasible,175480.23198240157,51055.54989478931,670344.519815166,221569.4715012715,153404.80775187723,480349.93301847915
2,81,3521381754643275.5,0.0,0.0,feasible,918829.7533614858,402538.65387949464,145506.48800788049,23157.91600814955,91753.72865558897,966129.3897529868
2,82,1117056302558959.5,0.0,0.0,feasible,899656.7695369142,786395.8638562034,841294.6251985513,724938.4640109777,449474.0964117661,305445.37150388584
2,83,3324492542716965.5,0.0,0.0,feasible,881165.0499224926,614529.242136782,194712.4597275546,564622.3198446576,394284.64384896314,912026.2501083079
2,84,2643010232876808.0,0.0,0.0,feasible,122395.04341846073,944469.3168390936,620205.5058749962,40651.45930878956,710223.2433857088,724761.8885217533
2,85,2326595871180199.0,0.0,0.0,feasible,990253.2916971482,445869.5217742929,36153.75122787075,563089.2260384994,426089.0135729022,637814.4614435205
2,86,1681177582923950.5,0.0,0.0,feasible,729296.5259508344,241894.25680645785,549345.2490021209,723703.8822408527,825560.7716687204,460460.12375727575
2,87,2464139185071308.5,0.0,0.0,feasible,297665.29600285616,263949.64098662825,244907.3736192619,835845.2080212594,455710.30298884836,675609.9559037641
2,88,954557251075615.6,0.0,0.0,feasible,795652.4345273324,563635.3038750881,547319.7132126412,216690.44717638678,540667.7781305455,260792.29585532416
2,89,715941168399926.4,0.0,0.0,feasible,514811.21348430926,396608.4122860253,350376.65580600925,380009.57810015004,775475.2224390417,195223.03933709074
2,90,701994671948590.1,0.0,0.0,feasible,504486.2684492044,855809.634837587,754459.6931709299,120999.66673561148,228110.1875767014,191390.6848993927
2,91,51192385196526.04,0.0,0.0,non-dominated,444824.5322700399,522515.50097935006,841392.2355673725,23533.412929849557,34083.0044287285,12556.879548993427
2,92,2626940217118003.5,0.0,0.0,feasible,360029.07033005526,104201.92617617853,924563.7511451934,865074.0829593195,83196.43475278176,720346.0127193949
2,93,2832173846951647.0,0.0,0.0,feasible,285670.95397909445,487826.70994379406,805481.9685707933,622963.8899925798,995992.9415277733,776742.1129731243
2,94,1903103832038748.2,0.0,0.0,feasible,206111.1986872675,904437.7961064549,458816.6940651917,950008.3579674575,26769.40656576439,521443.18488696084
2,95,1820655448525073.0,0.0,0.0,feasible,909686.4899922188,556585.6784179737,664548.7887582282,801724.0621586206,351000.547257561,498787.2132210885
2,96,2119204597489520.5,0.0,0.0,feasible,38583.91270032947,302875.6439249935,144250.42183597988,103300.2192633832,898505.6527972782,580825.4627482842
2,97,469863176449161.5,0.0,0.0,feasible,164696.41017839604,158010.3912014435,81474.81388246834,918121.5309377478,683201.3150580759,127603.32654664453
2,98,1461447154961844.5,0.0,0.0,feasible,439821.12883997033,931345.4759915273,247912.73532656537,132420.70219746654,583199.9355861713,400080.45179907704
2,99,2583398839650818.0,0.0,0.0,feasible,981221.8115059666,237603.98403255577,549070.1654469607,636337.1535820444,23296.582184553146,708381.287977084
2,100,1968716158807015.2,0.0,0.0,feasible,46459.45901220646,129060.44833428646,151221.56893168823,936767.6232279616,334997.04571583343,539472.780530243
3,1,1059948979632941.1,0.0,0.0,feasible,761269.4908395713,905124.4419362163,136337.6182863435,111410.50698977962,718471.2108838832,289752.8638404567
3,2,659803812409959.0,0.0,0.0,feasible,562436.4117114792,444312.05676016625,802181.5915251538,627096.6418218537,371380.6195251544,179797.06865696533
3,3,2508942605711651.5,0.0,0.0,feasible,235942.4565626738,184486.54444342444,973739.4245982404,513220.8045239038,666668.8611587533,687921.4771889984
3,4,2510744006786903.0,0.0,0.0,feasible,551921.9859074642,731920.959369951,535770.8180883881,157971.902026264,772079.4066115594,688416.4837613589
3,5,2288966306296767.5,0.0,0.0,feasible,210158.00840445753,255301.3256975743,922583.1512529524,817656.3457716055,115220.56381548836,627474.2422728593
3,6,245463459489185.7,0.0,0.0,feasible,73226.35659446457,762168.9284390995,537628.8755510258,297281.0293438754,244642.76338337088,65940.58177698236
3,7,767854071576187.0,0.0,0.0,feasible,906562.9957041774,845135.4820662758,865520.3515652574,457298.6500144479,541781.7451682095,209488.1736348354
3,8,1182516176818311.8,0.0,0.0,feasible,311089.7997591509,214177.54704395746,259757.1799740269,583491.2425806922,410829.7911381577,323433.07475855865
3,9,2014272330160999.5,0.0,0.0,feasible,723857.853289851,593440.2532856939,47514.168489882795,350341.32624688634,142704.16824690887,551991.1500047676
3,10,1889879696656096.0,0.0,0.0,feasible,635690.4732369655,988574.0563750948,519128.13668920373,34751.93666852369,253688.11047241458,517809.32787525444
3,11,1699587539643602.8,0.0,0.0,feasible,601076.694279497,242343.38529609574,151087.76629251888,563100.5269353463,579138.2289498835,465518.9913788732
3,12,102702132782597.67,0.0,0.0,feasible,106662.79891249798,539904.2036338537,350609.04035230924,220234.17664838766,547560.5116708328,26711.23081814486
3,13,1929418219945871.5,0.0,0.0,feasible,757050.3759198359,11630.92827215646,278989.96772265737,639411.663330126,986872.5046543295,528674.109271666
3,14,311051885545879.9,0.0,0.0,feasible,259829.25461826276,765762.2018551829,142313.62893612415,485879.4182234222,487637.0261619917,83963.60974942474
3,15,311276384347609.0,0.0,0.0,feasible,109685.15612841165,817418.3649493518,33440.75655781222,429877.5204473256,176480.16248872486,84025.2997216745
3,16,246599442520270.47,0.0,0.0,feasible,115172.83431083955,973080.6163050592,735094.1675849361,429656.1486144086,958301.4674838992,66252.7382834941
3,17,852261567646725.1,0.0,0.0,feasible,13394.43862304327,267881.70155770227,403895.05448470905,448189.7418068493,732096.994914813,232682.4893735321
3,18,2781709744837001.5,0.0,0.0,feasible,866176.901882389,194491.8532068713,767618.530497548,487783.98553778406,367706.08077568543,762875.0943739851
3,19,2399768047005872.5,0.0,0.0,feasible,892114.5502108845,463436.2202696278,726398.0823662446,191109.38426571683,720194.6014454461,657921.426208472
3,20,1962050856221739.2,0.0,0.0,feasible,394204.99153349095,745176.3721620801,536518.9069969575,198457.9578688952,848629.1805920186,537641.2236205622
3,21,3073431942097517.5,0.0,0.0,feasible,597042.5757749592,488914.7309134534,924791.1376920709,821749.0659978796,114720.55378684727,843037.3674686907
3,22,3487926890792961.0,0.0,0.0,feasible,546993.42372198,681470.2885796888,143529.31522694675,295628.385159466,629901.0517005523,956936.3356847694
3,23,2744435988005180.5,0.0,0.0,feasible,740681.5749213117,69087.17376683796,438536.6102251422,794404.0745519573,524295.7618202507,752632.6476130696
3,24,3055630012442440.0,0.0,0.0,feasible,210245.74773199478,607664.3510279035,875483.9701827621,94894.17176940493,285351.70217624295,838145.579459331
3,25,1462317324227195.5,0.0,0.0,feasible,310394.3549933106,264346.1805009659,646575.849848845,307905.9436766511,923176.690188015,400319.56540422176
3,26,3136892175788123.0,0.0,0.0,feasible,903788.2876393406,251711.1651317709,575704.6127288112,235343.29328335103,367921.65917436447,860475.5899678076
3,27,550275193337655.9,0.0,0.0,feasible,979803.9547632966,84655.16897600549,631884.7836926803,679704.8941731363,905845.571214159,149699.72551266185
3,28,1275491417955128.0,0.0,0.0,feasible,145217.32394165287,742840.1029588567,962743.8336754317,989569.3621163766,169458.3036016773,348981.719123114
3,29,3432263719307452.5,0.0,0.0,feasible,731423.265025665,900789.1843128831,128625.81764104233,751076.7793657645,454080.67900911655,941640.6660516697
3,30,2528092254441002.0,0.0,0.0,feasible,766012.4387295217,524572.582892464,570886.0788006138,893513.6273255142,460883.5492338692,693183.6046017403
3,31,1282741635288848.2,0.0,0.0,feasible,646145.8915283799,910017.3516760418,531676.5829323161,387751.9573084808,669191.5993964532,350974.0046171884
3,32,3301292385058521.5,0.0,0.0,feasible,746022.9094516867,495040.65541676874,639858.1949187771,453952.6316155539,350287.33296062413,905651.0843118033
3,33,2651537021113522.5,0.0,0.0,feasible,796504.7473857861,102750.83291161545,181721.98065398293,185208.60343023657,280732.7048219182,727104.9626301723
3,34,1227053083152536.0,0.0,0.0,feasible,921873.2336303402,78765.16591144643,123807.43883076213,195774.63467461144,926836.1897291988,335671.3606411004
3,35,1041651522676521.9,0.0,0.0,feasible,947377.1911279032,613199.7169092369,410197.9199260579,614343.3706196509,699847.4407811044,284724.91000199976
3,36,552973810494380.56,0.0,0.0,feasible,83556.92795189473,172313.44225963874,215034.1976323197,830425.9598853489,766517.9356193224,150441.2778783265
3,37,1156158745788028.5,0.0,0.0,feasible,963187.2383233106,952684.9520759521,667553.0942403403,243771.40125726737,840346.3193433048,316190.3225642936
3,38,2931869132031073.0,0.0,0.0,feasible,596810.2466738615,242618.0590486386,518216.1612387475,546157.0658971467,95330.72192769212,804137.3566119021
3,39,365300667426213.5,0.0,0.0,feasible,334630.784255001,490800.60093242675,665439.4764288034,220727.9717524052,728509.431266265,98870.61959983701
3,40,3585065341951020.0,0.0,0.0,feasible,971929.2052728175,157370.33098617906,855057.1426512488,987688.2266834098,668768.2507206235,983628.9875393528
3,41,1384447931876997.8,0.0,0.0,feasible,616950.8136697524,358643.4016922893,388537.4567089186,583203.5582279781,675017.2654755097,378921.85362940986
3,42,2298880709121774.0,0.0,0.0,feasible,622504.0805748502,92623.99860950735,746813.88625586,515743.9782870986,764036.0836945332,630198.6186634544
3,43,1630576406763809.2,0.0,0.0,feasible,781452.6194966137,492935.8449360948,181512.69771191262,944822.0508631725,415851.68663971126,446555.43861382693
3,44,997961649139490.6,0.0,0.0,feasible,48782.29839602464,710274.4281848848,741358.5507930602,683079.076907074,168643.13269430614,272719.3800600289
3,45,2353054580802356.0,0.0,0.0,feasible,672576.6231237428,457977.248674916,320003.935290703,61200.8273063456,683523.7236853592,645085.0439579212
3,46,3428437856277337.0,0.0,0.0,feasible,404872.8930077727,576205.0378406955,324129.50730912195,494939.6568536237,893492.021239649,940589.3580609749
3,47,759635840824753.0,0.0,0.0,feasible,138252.6729114551,62887.28637327951,477698.32250389043,933359.9288533118,50488.942135856036,207229.88796429575
3,48,1656310038179566.2,0.0,0.0,feasible,111444.92258550476,497950.9944491643,146156.2380789732,922737.4279692279,628644.3869456669,453626.7770606103
3,49,1416382222848266.2,0.0,0.0,feasible,523839.8750401763,471336.6468770694,160210.2105562857,281583.570633097,500096.6486222636,387697.0698384066
3,50,902567832128215.8,0.0,0.0,feasible,569110.8366493683,225292.5487858501,101423.32342502524,58339.01991147389,709762.0307938427,246506.13580705482
3,51,554895492109246.9,0.0,0.0,feasible,180855.96260030792,421722.4695377363,895174.6177997183,713891.0422818476,965934.8481845802,150969.336311516
3,52,1502826225429264.5,0.0,0.0,feasible,205339.3286344365,165563.03950117508,182910.44394733923,769550.004614635,311091.375164699,411450.99671600084
3,53,403396246544009.5,0.0,0.0,feasible,525607.1225530097,814345.4967760224,556331.3512003474,567581.3786687638,449686.2838191369,109338.89471095093
3,54,1699266316309736.5,0.0,0.0,feasible,162037.78532559724,815532.8017989255,513129.0043170173,382787.78794269095,668964.8748310917,465430.722495478
3,55,80406496794533.61,0.0,0.0,feasible,742674.7820609313,612147.4025409304,246173.6416661044,429095.2489681572,799281.3152005648,20584.6183159798
3,56,3124526205738410.5,0.0,0.0,feasible,146555.14345990014,593640.5462348411,896014.617166851,46909.839225706106,803530.8343580363,857077.548003518
3,57,2340825912157908.5,0.0,0.0,feasible,103813.20337942355,905121.6086962529,713015.1097933205,989999.700316317,80618.28135925082,641724.731014078
3,58,2783084539960832.5,0.0,0.0,feasible,324750.65250356816,926729.131766781,254014.00640658723,615194.4156151963,563591.4234593948,763252.8739985756
3,59,2769038405563130.0,0.0,0.0,feasible,34792.332316135806,447257.28082638816,22451.257247378464,712403.2285821565,493200.5853707765,759393.1400733301
3,60,2395644913429270.0,0.0,0.0,feasible,941888.9939791409,860176.0459707204,616286.0334833179,923075.1846941446,178341.1197526103,656788.4313151202
3,61,2817337907600944.0,0.0,0.0,feasible,517853.3025806911,627827.391031869,635613.9284279876,174777.37571183807,599614.1046468095,772665.3487329815
3,62,2516176213387786.5,0.0,0.0,feasible,478682.99842212,538234.4469835818,970094.7553031471,777475.9545479269,447038.1715115174,689909.1985192215
3,63,1938104961964631.0,0.0,0.0,feasible,380358.1579357049,266347.6828415995,532270.7371527943,161726.4269614931,430502.75953147945,531061.137041751
3,64,1968185062172011.8,0.0,0.0,feasible,987306.7290694322,219050.65965990428,530896.4576781198,507453.3710101413,823775.7297300909,539326.8406124217
3,65,2976578586864365.0,0.0,0.0,feasible,278680.97865407256,805556.6084906823,112137.55225171332,383471.84123325284,490383.4538684335,816423.0570554002
3,66,688414796180285.1,0.0,0.0,feasible,422553.5443090776,868252.6921694655,431385.43421640294,256943.65203144815,742789.8261849522,187659.0740718529
3,67,74979135441512.75,0.0,0.0,non-dominated,389063.8899409993,200838.08878968906,758147.4624655047,126630.07861812206,949665.0882283817,19093.234982623166
3,68,2260597986032015.5,0.0,0.0,feasible,643865.2787180168,328660.1163275139,788582.7856522162,837319.8840827466,70542.72147928058,619678.9183048641
3,69,1513890645131379.5,0.0,0.0,feasible,985580.4298667737,116771.07555035222,246701.48312185094,320970.37758611655,432257.5040078902,414491.3859703136
3,70,1470751624051179.2,0.0,0.0,feasible,966788.7143223073,31161.456319370445,593682.028256674,562271.478376852,13999.219236407356,402637.22464373795
3,71,3389825120456641.5,0.0,0.0,feasible,898058.3412799865,929445.2835216237,314955.8243103482,463316.27917474473,793224.0958501574,929978.973582662
3,72,2071444478688437.0,0.0,0.0,feasible,34187.02298586288,912112.9167309917,26359.791656568825,115933.2946758315,406572.68485728605,567701.4710797687
3,73,241068021983028.2,0.0,0.0,feasible,583142.637109312,756003.135072784,524113.7115983538,526434.7570244344,475851.29567090305,64732.76055169297
3,74,2723773501095900.5,0.0,0.0,feasible,263519.06504576094,991748.0283896866,375898.8582808819,642300.6792687082,512546.5737665227,746954.8077572348
3,75,300513035434236.94,0.0,0.0,feasible,807349.1286728015,236503.6506782193,586876.4026866491,113938.61370542429,439.14107513567853,81067.64163768299
3,76,3246287536813882.5,0.0,0.0,feasible,130917.97831567185,728342.3598364586,309756.4652839609,223444.88733996634,45400.448544719504,890536.3151652445
3,77,2609842879114893.5,0.0,0.0,feasible,529520.2912792502,961378.8872501664,860514.3343456313,134978.15531326926,340243.3946524707,715647.83928224
3,78,2953155873748618.0,0.0,0.0,feasible,386298.12550048763,129524.39584978014,171649.7075861609,418999.4856264566,695116.3991655984,809986.7352977978
3,79,1859382961328478.0,0.0,0.0,feasible,489342.2160698962,533766.8990452999,336234.5532933078,3358.7888175225025,865697.0722076462,509429.1372391394
3,80,2007849566830869.0,0.0,0.0,feasible,404087.2176783631,660371.5911846197,139688.70085338343,675776.3520399854,636954.9371250705,550226.2403992335
3,81,382384009633319.8,0.0,0.0,feasible,9852.416284397303,951526.1092965394,538649.7339982691,232685.80650134935,16736.10458557454,103564.94713554188
3,82,852873315679356.4,0.0,0.0,feasible,772520.6128851493,816110.6329906438,226202.06916909255,441190.7998492603,88484.17696924371,232850.59146969568
3,83,1166835817754522.2,0.0,0.0,feasible,599480.0813196616,558250.0680106601,887462.1190817775,812721.9642894234,282532.6296175238,319124.27262660424
3,84,3263528733165380.5,0.0,0.0,feasible,18344.087160023562,662533.5508998648,572945.5601852087,94005.51196806763,485181.02014129795,895274.0194036847
3,85,1108131560262562.1,0.0,0.0,feasible,354533.2549563155,35677.31155229286,755918.5658844598,186153.64253763508,700482.2770889882,302992.9436942023
3,86,2536593454535770.0,0.0,0.0,feasible,102591.32682149038,382708.62749433523,611592.2981807453,261985.02751656325,472889.80874140986,695519.6473507292
3,87,3295039793480270.0,0.0,0.0,feasible,485574.16783305275,94397.05837434044,681365.3635953065,547872.011338173,195665.95878641057,903932.9361614318
3,88,108071047593200.89,0.0,0.0,feasible,3442.131273106914,210031.74749920875,793660.0150730216,682609.8974112038,299011.85163794487,28186.553640032973
3,89,310358350100143.4,0.0,0.0,feasible,649364.0248121064,307014.19841082837,463027.6606947597,323841.91742296354,54783.56561901228,83773.03330949637
3,90,126022980718441.05,0.0,0.0,feasible,441259.8530110263,199207.58375320432,532253.3282710951,582335.1220678114,412429.54581076035,33119.561067226685
3,91,734171430797791.4,0.0,0.0,feasible,361922.7742652226,842565.4842154116,473130.60328599333,24076.800072311966,915675.8602167825,200232.5287988088
3,92,2132051991569982.5,0.0,0.0,feasible,754428.4246219358,945450.9073746095,599846.0203286579,89889.4924883659,219218.44244842883,584355.7951073045
3,93,118651767413866.36,0.0,0.0,feasible,766115.955946623,105488.68823613496,179167.35503278187,350439.9492841154,626630.3951418421,31094.02711914333
3,94,583281018036913.8,0.0,0.0,feasible,561407.5253412306,209738.45511664837,3943.2643609460956,693420.5069174464,816966.482689122,158769.38821952502
3,95,1994144089935060.8,0.0,0.0,feasible,263047.257177088,246856.84106301327,793432.5432148168,174689.02476104847,791364.2102661553,546460.1156677863
3,96,2520156727908480.5,0.0,0.0,feasible,571831.3723454116,591645.8517327079,315731.63922415324,864908.799123112,116011.669028512,691003.0031561733
3,97,856382388114893.8,0.0,0.0,feasible,539702.2517228462,900157.2771195655,247218.35272128656,159127.53390768377,653392.6631297268,233814.84864836844
3,98,598528153369043.0,0.0,0.0,feasible,974352.095964421,941135.2314589419,120372.00371419589,427612.56391375733,713183.009492233,162959.1449054538
3,99,2575426951446355.5,0.0,0.0,feasible,338390.95337103,481879.42634096486,577071.1533575447,981691.6359363596,410790.6092412265,706190.694716346
3,100,2125602822480326.0,0.0,0.0,feasible,223399.05251480575,773379.936980623,173333.61945871834,40980.546768643275,960460.953311922,582583.6294694004
4,1,3221462527716044.0,0.0,0.0,feasible,384634.31257461867,125143.77417244995,311765.25561181165,526932.2332469578,7130.284477466931,883714.656828761
4,2,1921518278775262.5,0.0,0.0,feasible,332531.03809638845,676049.6658374149,96551.0272240998,765096.6624761586,904308.074962139,526503.2863192222
4,3,1237141275150349.2,0.0,0.0,feasible,520932.0865795934,351232.7900612068,840861.9356264459,710093.5882846504,345070.40133810905,338443.49251709314
4,4,2197724663775819.0,0.0,0.0,feasible,875066.0891917273,454476.96332784684,738646.9019633512,19712.224906575633,5896.283211521721,602401.9730590016
4,5,1519352437087934.8,0.0,0.0,feasible,780995.2005492101,776454.8423508164,963312.6151429839,149111.57035982268,384103.7670934725,415992.23048101383
4,6,1093051889215087.4,0.0,0.0,feasible,144024.0549069433,274912.6665780261,759458.6524972584,877904.857062741,812130.2451804036,298849.2044791624
4,7,446606163325130.2,0.0,0.0,feasible,179719.34293321992,854079.2854733234,539415.8696050309,704185.4223369022,474061.878678148,121212.53745029459
4,8,2960508791681156.5,0.0,0.0,feasible,491521.33144750766,112879.4198082644,808337.8467783837,655144.2414258663,54600.3312463733,812007.2418649575
4,9,1110601527295544.8,0.0,0.0,feasible,168374.48386367052,440585.17565734737,520171.5004493567,774072.3346921125,481854.8288122837,303671.6653468301
4,10,2958544505741671.0,0.0,0.0,feasible,968007.1101338537,558148.4390982107,481536.26173455536,593857.7726957136,930102.9914482316,811467.4761995545
4,11,32789110643094.297,409317.1268931326,0.0,non-dominated,528308.3432191602,764732.8386697007,440001.6088788586,655956.2718348532,896460.8575700301,7499.846877808692
4,12,3104181390648244.5,0.0,0.0,feasible,2502.4237907951447,432139.3301188813,834201.3460858845,379714.22703319817,853277.538231004,851487.0011111855
4,13,2325784664855907.0,0.0,0.0,feasible,846395.0947236341,741736.2561067156,302993.3231519755,404411.0788741044,156824.79387569995,637591.5502509039
4,14,122933227616276.1,0.0,0.0,feasible,63249.69498477337,927260.0956680932,592529.6571527912,449957.58776996285,336145.19794086355,32270.52854828616
4,15,456605130534676.5,0.0,0.0,feasible,139624.40323859022,688407.0987335332,473060.283306183,833935.7522430805,952970.3029512762,123960.15126797355
4,16,1399063411200276.8,0.0,0.0,feasible,207569.56126779068,639799.604624728,243898.53778598324,451223.8674506703,301059.78593170765,382938.0377111321
4,17,1760265242817687.8,0.0,0.0,feasible,616191.7278298,756444.557310204,425158.79035795905,77820.57667592925,16143.289727705123,482192.602980176
4,18,1150781121888632.2,0.0,0.0,feasible,442976.4550395329,492905.63762275985,198469.55345455988,806349.4112821413,58041.380150377205,314712.6065739706
4,19,3172235925404218.0,0.0,0.0,feasible,555134.623881888,663186.3204448037,337282.28873682,346602.31669529557,526852.9302251985,870187.6905056565
4,20,1562935031163291.2,0.0,0.0,feasible,874423.8136965712,264735.67257801676,879380.9468404602,466790.8214954689,224491.61420164918,427968.2811252659
4,21,1400221891145957.2,0.0,0.0,feasible,43124.05506208447,781674.3289113801,393064.0239832051,263915.60084878135,336670.106437154,383256.3761394466
4,22,2636628250348972.5,0.0,0.0,feasible,869455.3435081055,592801.9416493006,897503.1754643634,814223.6494306294,206745.17634652168,723008.1850631675
4,23,2877952390984888.0,0.0,0.0,feasible,280009.4586734593,531340.922772719,705138.4761187081,960220.594908278,70417.31887257347,789321.5881832109
4,24,3049994408716800.5,0.0,0.0,feasible,862650.1871156963,71633.33358433904,167109.79988943407,752018.8549601951,415350.83768056426,836596.9732540074
4,25,955830687580673.4,0.0,0.0,feasible,263850.27002755733,769079.6048547609,137827.324038173,681543.3668001547,467769.20802218956,261142.22316920644
4,26,2292395401191208.5,0.0,0.0,feasible,656207.611633869,348322.1000936367,100305.5890619033,472115.0832988411,112975.21594255816,628416.5224420655
4,27,2908369556520855.5,0.0,0.0,feasible,31984.685234639506,628996.49436985,240654.7007875898,317124.6203433916,721536.9919603912,797679.9138552324
4,28,2502947514189154.5,0.0,0.0,feasible,503375.5204994895,764788.3443481972,631281.9290209768,516392.80903347157,941577.2072059851,686274.0874176092
4,29,918750063675608.1,0.0,0.0,feasible,806435.9801609863,542278.840515682,946826.9072480983,281196.57847328344,925117.1526942353,250952.8473592285
4,30,406401087730058.0,0.0,0.0,feasible,621856.3477526928,637461.9941962225,749979.3963810506,660032.0228635776,126800.64723580444,110164.59430468851
4,31,1006713888163700.4,0.0,0.0,feasible,49972.6858180662,878065.5080973175,837609.1471889713,158267.52513465108,217730.73066750963,275124.40573663963
4,32,1117239901014360.9,0.0,0.0,feasible,825442.7880383555,532760.6689540234,568126.9345533797,46102.77093075643,431703.30821331294,305495.822479711
4,33,564519569509722.4,0.0,0.0,feasible,428871.97584261384,504765.7433394662,547293.7952389526,862730.2116607036,650128.6259597891,153613.93424786208
4,34,3627565150057853.0,0.0,0.0,feasible,365192.97322891024,198481.228875141,18707.000415606115,811027.7972204115,845812.4885028283,995307.4996852424
4,35,1204079934670452.2,0.0,0.0,feasible,817206.3900782953,912033.023454484,352413.802448728,372204.0552236909,199924.73104300728,329358.5746420924
4,36,3066086617242283.5,0.0,0.0,feasible,755416.3232004363,964475.3946186361,91770.53658136519,432653.65693288745,233833.09163324884,841018.9474014349
4,37,3528120115611244.0,0.0,0.0,feasible,404299.08299896197,323768.6140200029,36698.135300951784,977269.341088589,64909.16903073073,967981.0223582445
4,38,2330752077816387.5,0.0,0.0,feasible,127666.43708952564,910740.9060196864,424967.4698932805,645746.2938765564,421413.5962410027,638956.5444750377
4,39,2700847178827166.0,0.0,0.0,feasible,521785.3705794777,572932.0134481996,759401.9123239818,206611.3570047567,945145.36702181,740654.8891222387
4,40,2716828391767810.5,0.0,0.0,feasible,875721.7171636256,106740.05247157023,515201.6098916037,51729.14443441411,210624.31843516452,745046.3628193483
4,41,1843248704159511.8,0.0,0.0,feasible,877654.2457468874,577445.7569411827,647997.2730585516,225201.55682634495,896519.5262926504,504995.6085549856
4,42,3570908024912696.0,0.0,0.0,feasible,1076.5981758188495,844613.556753184,834381.8350906961,526803.591341347,106186.22722792442,979738.7017627755
4,43,822648598303140.5,0.0,0.0,feasible,258540.58624580692,150619.32297845077,225274.75036253314,890533.8509052702,751147.7066745159,224545.14858164964
4,44,1710642150373725.5,0.0,0.0,feasible,386737.85554670496,963261.9592478339,84400.8454179302,788706.1464422338,926002.3776653664,468556.6852281088
4,45,122948433744166.72,0.0,0.0,feasible,478454.38891542563,470402.0439054291,691712.5078538427,306299.84226703347,129889.63919799525,32274.707036547003
4,46,3604494411363015.5,0.0,0.0,feasible,623658.1461296807,156223.75704819662,84190.66055675707,647594.9265063148,102301.5616969261,988967.8968949186
4,47,3372542656091382.0,0.0,0.0,feasible,121355.22497060442,623088.8216397852,899355.7256811615,122772.54981001338,323436.1633363196,925229.9293165506
4,48,827355860920479.8,0.0,0.0,feasible,981457.0968000512,770451.8858962272,703353.1192288094,612219.0402874585,273910.57160925615,225838.65615496147
4,49,506166363075872.25,0.0,0.0,feasible,782899.6663654003,580791.8322901012,277688.07812924805,139546.30965956915,579455.5108092218,137579.07055209507
4,50,3274936411315724.0,0.0,0.0,feasible,106821.13089224149,547555.8488093152,777593.9180513276,266119.4311223986,987615.713529936,898408.7325652193
4,51,359063583202033.8,0.0,0.0,feasible,194266.0976832578,655634.9901356933,55015.26099979484,420026.6985941873,145835.79435171108,97156.73271159697
4,52,3546649715854056.0,0.0,0.0,feasible,352862.4822064243,153906.85925917103,546710.2594868288,807079.9843065559,323892.15117423795,973072.766795071
4,53,3602190871232581.5,0.0,0.0,feasible,451655.26702129474,641792.5764293533,336971.3295589734,442167.24820458214,494736.25488494063,988334.9076511979
4,54,2620054242092093.5,0.0,0.0,feasible,106689.29773699003,361284.48004455876,995723.5301842967,659503.090055144,252817.90885963922,718453.8172823183
4,55,492877897438894.1,0.0,0.0,feasible,677249.9267143856,287767.70923823037,490593.4833737343,528459.1420887574,635990.3366465085,133927.53624512642
4,56,3251776487627159.0,0.0,0.0,feasible,768324.4988793967,332995.1210110377,72872.97827632693,530158.6442093683,170986.61704620885,892044.6226517138
4,57,1318925282721745.2,0.0,0.0,feasible,649191.0194148456,527529.2043092054,91939.26874120743,272763.5882264195,929689.2285352445,360916.9004760461
4,58,2781218234754775.0,0.0,0.0,feasible,646457.2989569997,216490.90673700813,514421.12473169906,10333.344489869654,819824.1083342279,762740.0324355715
4,59,2465730775665853.0,0.0,0.0,feasible,840625.5703306731,745540.7057604729,493697.459488015,730323.7499047717,583564.6312933944,676047.3087041096
4,60,420944684838938.25,0.0,0.0,feasible,73427.54143578056,946024.1035500525,876963.3313781655,975187.2520051554,894429.9058393002,114161.025889839
4,61,546791376705100.44,0.0,0.0,feasible,54406.28962572375,531174.9441794534,184461.41619869307,133787.22667675075,204121.09950426285,148742.40837007435
4,62,2312608591376499.0,0.0,0.0,feasible,114394.66476870075,540758.6759192705,79291.51633426714,949543.213595951,918444.7639236571,633970.9001581413
4,63,2721878002814363.5,0.0,0.0,feasible,206727.228253354,897122.0627906116,92947.13696570139,545407.0394199832,880206.6336864704,746433.9442359738
4,64,1568512466813427.5,0.0,0.0,feasible,559577.261347505,293559.80536669504,962214.996328409,410628.0797832967,854056.0680630289,429500.90333897795
4,65,1177044996283299.8,0.0,0.0,feasible,680568.6315881732,747775.0106870545,161612.54872449106,7924.428410421493,499500.498022852,321929.65036262077
4,66,1232843089465163.8,0.0,0.0,feasible,162538.07958856123,195325.28554779149,23494.896830189064,248204.57858331135,93655.4030167297,337262.39509652246
4,67,1480943699669107.5,0.0,0.0,feasible,528571.3650802772,617212.8577989213,47449.56462397224,482951.2307239961,809331.7086329422,405437.90267495625
4,68,2056130364264331.2,0.0,0.0,feasible,988714.7872860372,951064.0549582638,363766.1037982922,835105.5388207381,294119.7614452897,563493.3092251107
4,69,2042897807413024.5,0.0,0.0,feasible,993415.7008991018,562341.8687763982,597071.6796299303,248807.90506424606,466576.20142036193,559857.1380800387
4,70,980028045463116.8,0.0,0.0,feasible,85183.06056918201,741173.2459739109,993736.8257604814,202668.09057350844,125018.7456802117,267791.40937772294
4,71,2817726368825904.0,0.0,0.0,feasible,6476.362817657076,78727.84205510162,723133.6697316228,260108.16953926816,66470.75206411278,772772.0939004536
4,72,2304942443322634.0,0.0,0.0,feasible,133429.57235443062,824470.6975881174,365598.39289946394,593031.6880893047,567112.5856810877,631864.3211605562
4,73,338445697748400.4,0.0,0.0,feasible,651063.7910608988,512509.78949811065,822828.5026173445,482060.3505511559,22706.179268780957,91491.14887913478
4,74,1414103358377282.0,0.0,0.0,feasible,371529.65981253784,348177.3910146058,37018.394682070786,151750.92934233186,298682.85174268094,387070.8612132682
4,75,75570799191446.0,0.0,0.0,non-dominated,903440.4795792819,513257.26891926565,558508.1145442573,881292.3544806298,685712.2705790093,19255.81812352839
4,76,2300597596038397.0,0.0,0.0,feasible,79351.43200107946,297547.8719599031,257557.40383745433,634598.4651612199,143074.50251375147,630670.4016102974
4,77,171153695565243.7,0.0,0.0,feasible,366612.4439640425,522744.76576598134,23358.75123802555,867529.7299850641,937726.6081753233,45521.01944948994
4,78,3459275718376385.5,0.0,0.0,feasible,499098.0101543936,381957.5081470776,252920.97976580076,991869.2016813562,282248.8963869648,949063.2868413522
4,79,272924594941037.2,0.0,0.0,feasible,407646.9867769156,923108.5721148488,898375.345733038,553542.7064728903,317227.7989147983,73486.62064633916
4,80,2962035721143923.5,0.0,0.0,feasible,824927.3280733726,612196.3694014571,999117.2441636354,599622.9956744665,37452.25645210587,812426.8264483047
4,81,1544720179259849.5,0.0,0.0,feasible,217931.91574064712,361709.48440433806,545491.8810694884,405278.0061339103,5686.704143852635,422963.02630963945
4,82,1880397520910291.0,0.0,0.0,feasible,6991.977012853745,743016.993681674,79576.69669957497,245945.06224470193,745438.3701500173,515203.7230607932
4,83,2070028909799809.8,0.0,0.0,feasible,868974.779861839,442504.1183686844,222988.18935109238,707726.0954262058,423942.85495435505,567312.4872420625
4,84,2148936959323228.0,0.0,0.0,feasible,342175.7727552942,255926.7557488769,203078.55981480758,811048.4516239755,833439.8125258305,588995.6113740873
4,85,245697359053018.06,0.0,0.0,feasible,708336.1095009637,320120.08864450554,853951.0898274777,623740.4579136086,905409.4400563375,66004.85498241115
4,86,3178175592516137.5,0.0,0.0,feasible,786740.0451994992,837467.8192536645,974962.4249935983,435288.21115550597,828329.2337325794,871819.8502164657
4,87,622792197687826.6,0.0,0.0,feasible,332007.57678685116,191417.20697872143,797693.9630609947,113205.23596476314,352871.54242849344,169626.655863927
4,88,1177922618216320.2,0.0,0.0,feasible,491707.1400740844,401062.9652477991,498248.8406079144,656689.3251993114,292110.8453441929,322170.811884539
4,89,692348923716734.4,0.0,0.0,feasible,166361.19046603394,226206.8765264476,875679.3567940155,193986.3722964236,286070.2661121226,188740.1320404538
4,90,2271256624992677.0,0.0,0.0,feasible,131948.89360322073,597999.464495478,144922.32376105723,737879.3416282935,440590.4053477862,622607.803165893
4,91,1036935050798656.4,0.0,0.0,feasible,823892.7864311341,196427.16383825926,553268.3765606604,164548.5566608745,150400.51515104,283428.87181818165
4,92,2698137979803530.5,0.0,0.0,feasible,811026.0776132911,603320.5378235854,125343.7843018951,246785.21786475708,109281.65192362963,739910.4289678864
4,93,1341274722535862.2,0.0,0.0,feasible,636838.7329925182,811006.348407563,734227.20058706,273453.8022271173,334279.21676515293,367058.2977187557
4,94,301542685627392.06,0.0,0.0,feasible,481041.1977714109,351268.2256479636,791281.1219556318,345695.5463450269,796093.0887031222,81350.57896898934
4,95,1085670114853774.6,0.0,0.0,feasible,785392.6795112464,167666.33576877473,895750.9750684563,804649.6906271755,936169.6134272316,296820.76846081374
4,96,3561976422305529.0,0.0,0.0,feasible,984968.384951153,484690.99514367344,609024.8876488401,352604.5647406568,64780.92120676922,977284.3888099297
4,97,2569375816236469.5,0.0,0.0,feasible,509946.1613455655,310950.8305333338,937134.3437147228,174479.4266333888,109429.171832346,704527.9047134492
4,98,1899773283303021.2,0.0,0.0,feasible,546497.5186000322,36940.80961611282,274253.4659133008,804660.607031609,723600.0217616892,520527.9841932332
4,99,1791255613337761.8,0.0,0.0,feasible,26651.268433690857,937476.9137520004,408079.0838950002,822567.2373382892,76969.1199999813,490708.43951323826
4,100,830425388246001.1,0.0,0.0,feasible,846114.007211968,574837.8294105225,930036.9233136203,50725.084241369994,948796.0940912708,226682.13083755606
5,1,1390360153746034.5,0.0,0.0,feasible,296047.318433557,578132.4685768646,411882.7906072427,448888.84714413265,615950.9962513692,380546.4716684649
5,2,561631593564454.4,0.0,0.0,feasible,688972.3011193039,936925.2382446955,790884.4425780827,284295.83137528755,137776.12493876164,152820.34802580037
5,3,2549280014010616.5,0.0,0.0,feasible,376046.66140286886,959376.3821403178,757659.5108840826,23227.300521489236,885110.7260317628,699005.7840067844
5,4,728888672944515.6,0.0,0.0,feasible,354187.2854075907,258439.6541020656,45371.95906152495,281392.0683385576,976329.2503040453,198780.88102670145
5,5,2355494155674145.0,0.0,0.0,feasible,971116.8708949165,729848.6325142833,823311.7097977026,322618.7716567475,828474.0064385249,645755.4141558142
5,6,2558440727840921.5,0.0,0.0,feasible,679412.5156185458,809078.3663118529,622411.7559325681,311502.08536516526,138030.90411544865,701523.0543780602
5,7,2983058093444546.5,0.0,0.0,feasible,639965.928375463,394686.7159385817,602931.5515345979,837471.6711054826,35451.740480253065,818203.5591250991
5,8,3581960840518906.5,0.0,0.0,feasible,111789.75450809005,791804.8597012168,46795.92617161536,41728.86127052738,887574.5107201027,982775.9023303388
5,9,752547643364580.9,0.0,0.0,feasible,905684.4480996903,61862.03198438372,330372.7957736173,971995.9230177546,308224.6055217652,205282.1238726792
5,10,3106082793499917.0,0.0,0.0,feasible,532291.9399611981,348712.45239224046,124680.63021270554,822526.9105622127,492926.6471114296,852009.4871478676
5,11,2130824732080635.2,0.0,0.0,feasible,841871.4616609288,42585.34936806261,15563.510939078518,978136.6965588997,700329.3857558105,584018.5567645696
5,12,3150002761641020.5,0.0,0.0,feasible,71414.64501245899,257539.27593023237,29844.063168516976,721745.3764518669,368480.6325079295,864078.2447312811
5,13,2165483973446534.0,0.0,0.0,feasible,833424.2502358281,219208.76171684152,121936.23481100301,674498.0406225662,142432.74996275824,593542.5614434022
5,14,2529558487767115.0,0.0,0.0,feasible,492166.6006033804,656489.7414026336,323007.6145353842,317957.3461661301,58397.553635510245,693586.5105081546
5,15,2477824021927855.0,0.0,0.0,feasible,385751.1696045023,409201.82407193305,51357.80758245028,442771.60778325883,694380.1312310736,679370.4089637392
5,16,626258250890436.0,0.0,0.0,feasible,560726.9571802319,414289.4666560034,514538.11583240755,988950.73740592,914958.8412697383,170579.09179783103
5,17,928865936103378.8,0.0,0.0,feasible,855720.4035769629,110100.85739968879,8864.764599216907,373747.18050659006,42168.5120717672,253732.5855339756
5,18,2789064165408398.0,0.0,0.0,feasible,197268.22385530532,781465.4348052688,222302.44851585806,427446.6840490913,550475.1725142233,764896.0138509185
5,19,775759332930558.2,0.0,0.0,feasible,419833.27297939104,123234.68216686761,86164.0566528328,713912.2476751826,579921.2693787221,211660.45851930793
5,20,1648694390624212.0,0.0,0.0,feasible,898478.7245207671,836347.3152473144,908593.9993588944,723658.9926623934,230615.66295117594,451534.0750829814
5,21,3605794876074286.0,0.0,0.0,feasible,41442.373942142505,33973.441072027636,624851.8070476424,948935.2464038341,172240.59984617482,989325.2512831477
5,22,399246678552154.2,0.0,0.0,feasible,573689.0750502371,27369.002833724535,687372.2111914587,590495.4569457277,446437.67569341586,108198.6359109286
5,23,1157858199748071.8,0.0,0.0,feasible,203469.9001267167,686021.3450767813,354943.81474245223,916304.3544150485,962242.0231315929,316657.31511315063
5,24,2777059951090418.0,0.0,0.0,feasible,634600.0256433554,569492.8943843335,374029.6143451511,419539.61147093866,578527.5661243304,761597.3786579786
5,25,3563625890479731.5,0.0,0.0,feasible,417722.8092596462,184668.19102502722,292101.8024008319,12325.9764919772,372064.3702616571,977737.6457766027
5,26,2104657262306627.0,0.0,0.0,feasible,135745.83150967438,397444.7076757152,812308.8976476735,95205.38492454244,785592.2898963895,576828.003978666
5,27,3456272203385952.0,0.0,0.0,feasible,649685.2346649611,197523.14136015193,174972.6927152453,406538.0879427318,961484.7111504351,948237.9516725917
5,28,2320224024287104.5,0.0,0.0,feasible,449847.20386045455,977860.912615264,740371.4869295483,780823.2072001975,544665.2354126861,636063.5431535909
5,29,2652027804950987.0,0.0,0.0,feasible,216415.1297565053,642203.5662040219,938194.0398786366,383925.0075075756,62509.87829537651,727239.8250039606
5,30,3074810176609585.0,0.0,0.0,feasible,503643.83799772395,342579.6947346369,399065.1687520231,614618.6490429669,735861.8074166473,843416.0922019555
5,31,927323847532622.4,0.0,0.0,feasible,514279.47009629145,498021.0629505189,452247.69085913635,763924.9530360198,388865.2804345257,253308.835382955
5,32,2768307815112875.0,0.0,0.0,feasible,563425.4822988849,998648.854365938,414157.91818748176,766705.1613599784,966020.3380281645,759192.3812975369
5,33,1074971564201806.9,0.0,0.0,feasible,17495.027338582266,435255.9378309848,864635.5897383336,194807.7253067352,818097.0649605803,293880.91627563804
5,34,2035066249908579.2,0.0,0.0,feasible,329557.57202165795,875168.0767799715,610878.887701931,603559.6415972495,379059.97001304256,557705.1062589305
5,35,2088369975600220.8,0.0,0.0,feasible,467693.2213901127,434866.52510309423,619882.313233265,632490.0075020797,961503.5847867231,572352.4243443719
5,36,1733911919883198.5,0.0,0.0,feasible,770176.7169949933,323582.518115684,785828.2318579978,14517.661204359922,558223.8857624436,474950.9796485756
5,37,1246497598413815.0,0.0,0.0,feasible,694352.1510413024,41946.74306131875,264220.6638129913,605439.7692415299,639915.8333888621,341014.5143579114
5,38,755143577159341.9,0.0,0.0,feasible,200363.427873553,525195.1713907047,501698.70050307957,49875.910757561585,828184.7697771763,205995.45990176982
5,39,1791696249656158.8,0.0,0.0,feasible,69662.31560861488,658247.3993979687,847026.3873123231,110609.78156376927,971106.8337457886,490829.5218622075
5,40,2579184033320234.0,0.0,0.0,feasible,411161.12078918004,882175.0723097124,607784.1384120506,959946.7226123096,616071.0056721747,707223.1023495027
5,41,1866527077980459.0,0.0,0.0,feasible,302090.32671178714,187812.83019111643,493439.1768556455,51025.7226970459,934630.2703448145,511392.2673521528
5,42,2754546869949824.0,0.0,0.0,feasible,866669.458381468,94783.17819332442,728406.2837852415,675081.6779508168,101809.17751551534,755411.014454147
5,43,2313570023878383.0,0.0,0.0,feasible,710871.1927772855,135041.84107409228,497053.5973807907,957763.4106360415,291930.9511278251,634235.0919663133
5,44,512939219586940.6,0.0,0.0,feasible,942617.1515107686,581330.9521501033,78266.96013583061,87145.99819082952,913601.6257688964,139440.1821794241
5,45,1198855811316188.8,0.0,0.0,feasible,618758.59902245,404358.3538266972,226775.66057361226,741.4890552339239,456776.73149189784,327923.03903000144
5,46,294296361726962.94,0.0,0.0,feasible,253859.4798539909,91083.32294712524,687150.4526068217,872643.8135199598,443578.56675810355,79359.36335052151
5,47,307462918243070.3,0.0,0.0,feasible,369098.3323372383,639670.4435963264,985844.3450436449,423938.3386360567,617043.0270386002,82977.39827920581
5,48,2498084157184923.5,0.0,0.0,feasible,950362.0847317943,289065.0575696758,490242.01490156545,119255.98482984265,909787.6134413629,684937.6867049062
5,49,3114226813437551.5,0.0,0.0,feasible,38993.97952327421,179889.28012161996,415314.30989061185,377419.05024884245,845854.7804921425,854247.3804465608
5,50,1627494065172382.2,0.0,0.0,feasible,176083.61927142527,459514.04498435644,106071.23669659109,458293.4548726959,573690.3896753223,445708.4427021566
5,51,2207243036933138.5,0.0,0.0,feasible,840648.7519745346,370363.0938213466,464757.0263830319,815963.32879074,654259.9954167479,605017.5245515504
5,52,3579838984165040.0,0.0,0.0,feasible,551951.2447415907,802486.3135685002,350287.6198878454,81198.67238271901,898154.4166406777,982192.8379283027
5,53,91114158213150.28,0.0,0.0,non-dominated,529060.0396878928,535493.539728812,801913.031167517,322299.09515230317,820387.5163948938,23526.974046552685
5,54,1481643910569560.5,0.0,0.0,feasible,97516.8342339517,100552.12293004082,891947.3268589253,316192.90064670035,626179.9127491058,405630.313461496
5,55,2706649126771434.0,0.0,0.0,feasible,752830.0327343829,526222.066918261,362539.13509690523,444832.2324334672,252752.15389524415,742249.2050157747
5,56,424100836588696.8,0.0,0.0,feasible,3711.4157205130455,626612.7794433235,20450.270258064247,21149.32426445991,340293.17658137536,115028.30407733511
5,57,2318599330219560.0,0.0,0.0,feasible,852277.7922974156,618434.5115429661,892493.3257698898,6027.985513951454,208610.8145592721,635617.0938577851
5,58,2193888136970472.0,0.0,0.0,feasible,733728.9030836904,563534.100364067,185412.79424528877,742757.1266875598,650136.8012608393,601347.734772051
5,59,362501150279761.3,0.0,0.0,feasible,950906.1184561485,268173.857381144,412121.0318128418,7765.471126584119,837264.317765844,98101.34095003031
5,60,3137554223777270.5,0.0,0.0,feasible,197315.77087181172,245112.16979906734,792279.3095257864,351021.7053443987,804403.391391274,860657.5139770404
5,61,408639565840896.4,0.0,0.0,feasible,208174.69054645675,820890.9894562718,274013.04547935596,815192.9079134471,614981.9633418248,110779.70517154278
5,62,1621704510836942.8,0.0,0.0,feasible,362746.7146926514,447611.2520297714,368590.1151590411,696463.5569368857,404621.49722710554,444117.5324454384
5,63,609177257833892.1,0.0,0.0,feasible,606262.9193802134,152488.33129815763,853776.1385414473,841175.9937102618,927713.9771205117,165885.40978464962
5,64,2695290628312026.5,0.0,0.0,feasible,675011.1978548988,129321.6798117521,587494.8031447246,876138.6880928923,172375.5942102954,739128.0059297973
5,65,3482363001741799.5,0.0,0.0,feasible,837915.7163491443,384092.11843077606,428491.6404081889,611131.4443293597,754949.7204945724,955407.4359377627
5,66,366105019994293.6,0.0,0.0,feasible,820021.0047229042,665763.9988578882,711544.4137480482,296753.48245211085,52220.45916392813,99091.64745041665
5,67,2351419314763535.0,0.0,0.0,feasible,756699.9979702145,720545.0344965555,396118.86652613006,451687.5561184291,542714.6049422071,644635.6895926467
5,68,778052717035415.8,0.0,0.0,feasible,160770.89341335304,305726.32696878136,579233.200801177,547962.286957901,544336.9238428961,212290.65699117965
5,69,1513761812344376.2,0.0,0.0,feasible,468608.38880095835,721720.9709361877,372040.76216243714,978970.3708367562,71658.72232041857,414455.98403946194
5,70,1693373838135036.2,0.0,0.0,feasible,491366.2580808006,576534.5786241035,192382.29021915334,894536.4636212821,678404.9255777587,463811.52982148656
5,71,3605673631468808.0,0.0,0.0,feasible,126845.06917191944,46903.904463708255,551069.9401241393,806637.1417460816,220980.5431522649,989291.9345068898
5,72,157728193160754.84,0.0,0.0,feasible,329926.87950428494,174646.68266210615,801484.2603188918,275891.0834658406,519052.04386404797,41831.82884182024
5,73,2145918156616058.0,0.0,0.0,feasible,944975.6487959535,180508.97209650805,75696.17900874394,558515.3496363638,683134.2508550376,588166.0752972865
5,74,668009314921240.4,0.0,0.0,feasible,907355.8830196321,775095.2909408819,371940.4473650048,797705.6212134168,154534.66361443326,182051.8567374254
5,75,3167507863065137.0,0.0,0.0,feasible,658417.524995872,116069.98451466007,118833.99547454696,276086.59227711085,221259.44590873973,868888.4673817619
5,76,3277502966006022.5,0.0,0.0,feasible,407201.6980439547,326750.9528770062,827543.6166549699,51579.623724209145,164523.70674129736,899113.995517193
5,77,3383999157064649.0,0.0,0.0,feasible,52750.07906865655,880240.5234267296,633486.5563067956,523031.3688940406,927825.8336433487,928378.0584899664
5,78,2909804362502293.0,0.0,0.0,feasible,69515.32376951358,687530.1145118183,353819.6067627204,377188.0148805477,148695.9375468383,798074.1838490895
5,79,3232556950353933.5,0.0,0.0,feasible,908469.7192272953,117452.77937893085,828228.8620113746,579782.0343557544,537483.3250995824,886763.2905826484
5,80,339869527534551.06,0.0,0.0,feasible,580594.153510643,840956.5451778345,839160.9500355753,884799.0688087174,573466.8921689751,91882.40272690373
5,81,1637328488843790.2,0.0,0.0,feasible,447254.98359148763,852085.2629338042,269156.2803634158,351851.6385803208,294150.7119470598,448410.8416401861
5,82,3344721304663910.5,0.0,0.0,feasible,934913.9813419196,925702.7260657174,689066.2147890151,949500.1655412725,838708.5921201532,917584.9067850595
5,83,3014849195730716.5,0.0,0.0,feasible,842307.0110881908,311588.6031220591,93441.94365158233,879366.8104688828,82762.91739687457,826939.4285494264
5,84,1290776546888764.8,0.0,0.0,feasible,658825.800430354,94632.40343616948,878888.466527736,268190.5887230523,990438.2249113772,353181.9160617507
5,85,1588139112860830.2,0.0,0.0,feasible,688670.3178677427,641103.3758673817,836336.0272798425,681531.4462523741,690912.6166514873,434894.104731123
5,86,1763741742205090.8,0.0,0.0,feasible,455841.5257451609,740459.2439113948,201760.53482532725,65037.908825996536,473467.1997513008,483147.9094187111
5,87,1565833362692134.8,0.0,0.0,feasible,555002.5765167227,658378.3438932445,92955.77280413348,618720.9710621507,861343.1845339742,428764.71295567154
5,88,846071947892698.2,0.0,0.0,feasible,446009.40368609055,316357.29215793737,972453.052395639,55616.189578359896,490859.8547630235,230981.64523573895
5,89,1418558929572541.0,0.0,0.0,feasible,503594.165597016,95421.12073979939,543882.2850931984,946350.4083063285,362254.4161523283,388295.20656066143
5,90,201208386000714.84,0.0,0.0,feasible,214325.12940410915,46327.3487846245,862693.1033959461,707487.9546252739,56886.81212462588,53779.74067499047
5,91,1755231732396073.0,0.0,0.0,feasible,759092.0564802212,359181.5745417594,151873.29904300434,615821.442815512,173670.90732561768,480809.44585044205
5,92,2760479036932243.5,0.0,0.0,feasible,548770.2554328735,773796.0629900779,105440.14043795136,180728.3650298243,345864.7885170193,757041.1132061575
5,93,701380148019465.5,0.0,0.0,feasible,27479.778887397068,994320.1767032776,64646.06138132267,150928.83632698504,99222.96526535171,191221.82001529296
5,94,405073401922681.8,0.0,0.0,feasible,861365.2312476333,107316.02363059828,960822.5814543021,157957.11114124232,164075.67699207907,109799.75983794476
5,95,1289614475534379.2,0.0,0.0,feasible,655565.0617146364,479267.71670043014,236533.94957673535,192084.32584339034,932099.598339586,352862.5907510935
5,96,309481344851328.06,0.0,0.0,feasible,632659.4550051537,847438.7065387577,23127.430352521696,279725.8729154324,899121.7461803489,83532.04124608393
5,97,2604337423704760.0,0.0,0.0,feasible,269530.5455534862,337483.72885723924,17751.99447362748,925901.230696127,500055.95516555925,714134.996501532
5,98,1213365683380286.5,0.0,0.0,feasible,199049.52549693894,66609.41441389242,397613.8848716134,330862.8308432874,68151.6255990279,331910.2033181297
5,99,537078434918707.0,0.0,0.0,feasible,964010.5261975342,648024.5809085352,736033.7064556939,868225.4465228489,828283.3806623628,146073.3914102901
5,100,1924823365730376.5,0.0,0.0,feasible,193644.87316377985,753055.3381210659,7037.774288521991,729095.5759795222,934261.912040956,527411.4903763204
6,1,2514968190160997.5,0.0,0.0,feasible,12296.599237987752,275191.3406173689,868949.043144466,965673.6189247295,825897.4488445173,689577.2461044928
6,2,962078462119966.1,0.0,0.0,feasible,757078.6745174624,348086.79333719856,275317.93220744224,400498.47904109803,645421.8636488693,262859.04764658987
6,3,1288033865997418.8,0.0,0.0,feasible,231584.67653759327,216189.47496223176,673101.5163325119,13330.676151277521,89982.25288433401,352428.25543294573
6,4,113127095382123.38,0.0,0.0,feasible,594887.0976945983,429644.91311912186,298959.8607156675,706120.6470589737,385874.31797947217,29575.90380756081
6,5,1844725258242346.2,0.0,0.0,feasible,617610.5392957856,73252.53166798307,521857.3637219432,478043.2645593627,601515.8651730648,505401.3504996809
6,6,3567347742137949.5,0.0,0.0,feasible,201441.8863048173,844347.6001275162,403770.8462243497,254913.74853725807,379736.1249626041,978760.3725071902
6,7,1421488943896919.0,0.0,0.0,feasible,366815.87633786764,55693.52373173785,56910.350413848486,149160.89039324812,382431.9282515194,389100.34449890495
6,8,2343863229489499.0,0.0,0.0,feasible,757934.5625714619,486584.2765737929,907761.3730937559,686417.0275732989,712850.6694989451,642559.3547201131
6,9,758360220894041.5,0.0,0.0,feasible,168677.82353713698,66211.98406267555,930665.0182771265,414764.60300972336,315099.8148967877,206879.3606673982
6,10,3296613542354795.5,0.0,0.0,feasible,407904.0926179847,312852.21074114816,690067.8465710304,102109.21562076817,369396.2255163949,904365.3862397835
6,11,2542607966155352.0,0.0,0.0,feasible,811210.5017106631,96308.94451847541,715031.3202469733,203763.4067279031,288447.3893206473,697172.3735659703
6,12,2861980621645035.0,0.0,0.0,feasible,178783.29734255726,302222.240294267,290765.65157009737,264919.1438477204,556093.3906394759,784932.7094909132
6,13,1051004012634948.1,0.0,0.0,feasible,469820.92007558193,255648.66331345632,513566.26731379697,650955.3183200149,989455.4421631191,287294.8784898394
6,14,3041991453066615.0,0.0,0.0,feasible,533972.8604067455,188500.18376008447,161402.58951320814,362638.67627291573,440161.11492247495,834397.8429772597
6,15,610328496985343.2,0.0,0.0,feasible,990246.143529557,521671.6562506563,356780.3972992269,808235.8081157374,965679.7513173053,166201.7585168427
6,16,3452929754174882.0,0.0,0.0,feasible,123720.91831970167,504338.2335774839,291551.2217232887,480452.41847137094,778245.8427216028,947319.4808500794
6,17,1131113251572662.5,0.0,0.0,feasible,873789.8245596578,137868.42188847187,454345.41504201863,33413.835738353606,413382.19864341617,309308.07717488596
6,18,1127160225674447.5,0.0,0.0,feasible,20058.346094079854,702006.7603199562,989055.4664944953,556075.4336458553,111147.17752062812,308221.82612995716
6,19,1818773559279919.0,0.0,0.0,feasible,358786.08919512114,648774.6435136109,768535.7819829219,989139.3856102987,798244.2329646212,498270.0893236934
6,20,617142900095436.2,0.0,0.0,feasible,260772.1285823375,313591.8160751501,702675.1436217957,37636.10402585083,357102.95720100193,168074.286724221
6,21,3321928232081146.5,0.0,0.0,feasible,929000.5862138728,496915.97501392063,450663.3275787892,334445.65008802863,384325.11349707394,911321.6037995302
6,22,2540911186545263.5,0.0,0.0,feasible,462419.77995384124,679733.8871443842,367875.2686068294,292932.876634033,756460.1812425158,696706.1159011003
6,23,26611148416843.89,1701861.6330027578,0.0,non-dominated,2511.297636919522,392770.9576250815,975676.6092488029,807491.6615161588,968848.1477861297,5802.202192190409
6,24,567919761083790.4,0.0,0.0,feasible,472238.32849802094,85973.60303503164,263796.6271427816,907413.7779032289,299780.35739732004,154548.272080548
6,25,2332225658611980.0,0.0,0.0,feasible,703684.280919616,664949.2234550165,738157.7286228888,663703.7629409569,334055.81631061295,639361.4693908402
6,26,1868037714661151.0,0.0,0.0,feasible,501840.1385231784,952182.0147667445,827615.3642830126,534655.4653443171,73886.22840474534,511807.37484579463
6,27,261439593849498.56,0.0,0.0,feasible,298899.02626429783,159385.76742646337,511525.6958057007,201975.732708674,485086.98670155654,70330.65993221244
6,28,1703529584238649.2,0.0,0.0,feasible,194830.0906101876,301056.42773521034,273382.19537203584,956606.5198797492,711422.1519072261,466602.22487412015
6,29,171967520912861.66,0.0,0.0,feasible,235260.86153554413,470008.0600831638,310475.46836210956,677161.3473102638,163579.75779648815,45744.650322902315
6,30,980673730140912.1,0.0,0.0,feasible,280712.72734194517,664001.5019361154,206178.52287587654,279250.1976606825,129946.36713014661,267968.8369165272
6,31,2245899881569471.5,0.0,0.0,feasible,729272.5494430888,81642.22239017462,731130.4695569628,679455.4772637042,983293.4606792717,615640.0296808053
6,32,1793070818974988.2,0.0,0.0,feasible,603202.0403858505,525653.763387077,504199.6613284182,757024.8569128665,550477.214417294,491207.2394378955
6,33,2656572282659203.0,0.0,0.0,feasible,28961.006987278462,327046.49255271634,494163.2362887691,622476.8326257895,74743.56949715046,728488.600950871
6,34,716871435141143.0,0.0,0.0,feasible,103909.11734328384,530781.4558562064,699426.3190954499,370188.7248958134,190701.7741970634,195478.66711331284
6,35,1559805529219194.5,0.0,0.0,feasible,83956.10943016365,579720.0627163961,109759.78923099805,412238.8957056105,27381.191848604918,427108.3260315194
6,36,181850069995297.28,0.0,0.0,feasible,88807.88473268668,843167.1869908641,54855.34510388862,116030.87537366759,225637.19543107547,48460.27363116423
6,37,824038460940154.0,0.0,0.0,feasible,571693.3901615792,646985.7000182653,47081.35307490079,525103.0831353077,827084.425436849,224927.06860459843
6,38,3477957436177879.5,0.0,0.0,feasible,824683.8525867313,22928.000552835743,550773.6759692988,631146.3870815249,943394.5555589014,954196.8316258934
6,39,2401989688526982.5,0.0,0.0,feasible,812240.7991457946,179594.93871532477,228622.40958939833,400422.7515766479,827259.687713396,658531.9105528455
6,40,1096611089171707.2,0.0,0.0,feasible,617529.7744872237,338617.9109458846,360835.622344053,606526.12992171,378693.6606223876,299827.2361874127
6,41,218111268483832.06,0.0,0.0,feasible,454477.00308226474,103632.45581678873,349180.0622580889,694562.708059172,257137.35379297647,58424.4797261273
6,42,3537869407199906.5,0.0,0.0,feasible,955693.377863629,343123.1905248877,489531.1365446809,919588.9799548455,467015.88157408935,970660.0278715355
6,43,3188146070234620.5,0.0,0.0,feasible,405696.39064958564,11429.7031957358,545124.9607514278,42532.255312287794,916077.9250466044,874559.6354136817
6,44,436574696456710.5,0.0,0.0,feasible,110650.36838059018,576261.4019850724,627707.866075791,650398.8805349355,327669.4575609272,118455.99305909549
6,45,1275067381453653.5,0.0,0.0,feasible,112530.60040752374,531290.786401024,739499.8464558662,213187.92893320948,456776.20909959404,348865.1982338826
6,46,2065550339215568.8,0.0,0.0,feasible,254575.3507512448,965516.1960256217,860883.745056611,551777.0248413862,354198.6727275148,566081.8218980494
6,47,3553423727207900.0,0.0,0.0,feasible,336209.55770517496,656702.9207290807,936888.3053892407,161270.18294968503,319814.3724504317,974934.1957613712
6,48,874781721197729.5,0.0,0.0,feasible,414048.6569815644,469941.3057122955,133765.5151140323,483493.0229170131,49813.70454692059,238870.7970033357
6,49,85091772645416.53,0.0,0.0,feasible,25764.720439052002,400003.15585122496,972662.5849910224,967997.8366721709,617959.1296237882,21872.084150974526
6,50,2580532909572744.5,0.0,0.0,feasible,774637.620443265,604734.9225655171,229292.56867805845,28614.439128177284,759193.4979866,707593.7597336172
6,51,1627804918818985.5,0.0,0.0,feasible,342483.2245265446,699084.8162472539,276101.04733430204,152892.0714726437,847854.6722241344,445793.86210165895
6,52,1690749298227070.8,0.0,0.0,feasible,998078.8221284606,524315.7999929119,632380.6922677731,316625.61352885974,222442.27572742,463090.33312536264
6,53,1485282954763843.0,0.0,0.0,feasible,30400.827826124965,971442.7948920123,582681.6475728315,821482.6828762222,599879.7802963211,406630.2855487941
6,54,1284224486338682.2,0.0,0.0,feasible,320626.03943758237,15701.444845469276,951596.632889776,803.2578087140811,345547.89646899083,351381.4769039456
6,55,633403662251505.4,0.0,0.0,feasible,252341.7598781326,182190.33660860584,320148.4865176885,198904.18947457496,880186.5095495145,172542.57768364635
6,56,1594755430331533.8,0.0,0.0,feasible,751640.8444770749,924995.2840359118,743814.8963326986,139487.6348085684,666666.2841010301,436712.201032839
6,57,211489631554455.1,0.0,0.0,feasible,40310.45949173485,621126.2556093145,718819.8111665653,124562.84424265593,526124.5350305297,56604.92169162956
6,58,2725890159962783.5,0.0,0.0,feasible,320589.7148637366,363094.3203329969,414895.6859755771,556819.7375575382,4637.562177661256,747536.4439430608
6,59,1763208444857616.8,0.0,0.0,feasible,131595.52621090045,509860.5191632655,859056.7871913594,506866.6316375686,569648.8095795522,483001.3647676343
6,60,2122497087607381.0,0.0,0.0,feasible,698588.460857639,410707.0571729699,934914.9178476381,802036.3290913876,20390.46204936927,581730.2053234741
6,61,1651016670353179.5,0.0,0.0,feasible,609059.4109438722,144978.30821425573,79971.7270565176,441339.2890624049,696256.2443518199,452172.2137765192
6,62,137095742719232.69,0.0,0.0,feasible,823227.3565912964,687319.6837309996,381588.9199711621,852301.365414619,204637.0333703768,36162.24269980561
6,63,2366636075535308.5,0.0,0.0,feasible,665550.1600871186,492327.0889453511,324976.3769543927,636717.7191877678,170635.37610244894,648817.0996603707
6,64,3570546189051244.5,0.0,0.0,feasible,977604.5862785995,544398.6058359168,320907.1550590193,692819.2118398761,304841.82117707306,979639.2729725994
6,65,3195451667748741.5,0.0,0.0,feasible,66149.65736079168,927168.994708493,560895.7284641408,648780.5833645061,683322.6299088662,876567.1388143365
6,66,1120102580869838.9,0.0,0.0,feasible,529681.1533581236,126207.54673953136,830624.5424836482,73065.60101317633,987013.3615078029,306282.457595285
6,67,3473683330153317.5,0.0,0.0,feasible,522092.033657302,222888.3907409411,132982.56701896348,364271.35085610714,839583.2970021366,953022.3510495294
6,68,2559263162547964.5,0.0,0.0,feasible,68119.38377813225,44299.00779600587,751999.1090407461,35478.386459125126,540523.597402376,701749.0510152981
6,69,1460477587592603.8,0.0,0.0,feasible,74458.20734059729,763265.0351862025,580702.6757374606,864539.9813136276,312659.8995175901,399814.02461264195
6,70,1680561407027656.5,0.0,0.0,feasible,352961.4698266263,485987.9890778029,151310.3972659969,342241.2359777526,295823.2943340184,460290.80492951104
6,71,1102665402213046.2,0.0,0.0,feasible,732890.1316123068,913355.7887128372,885670.231887104,483964.0886361075,837055.1023889225,301490.89942585747
6,72,2803604213172129.5,0.0,0.0,feasible,430614.4531017177,267922.21358109894,108950.99160895898,584840.5840459646,953129.6439399531,768891.470112361
6,73,3148523137666261.5,0.0,0.0,feasible,646832.5373874264,394547.26693620125,461472.34776536864,579344.6972585847,134345.320575495,863671.6592117151
6,74,2296671992001675.0,0.0,0.0,feasible,979550.5733702346,675522.7124447336,430891.48057960806,83393.82969920692,855915.3678849153,629591.6858121562
6,75,2696170968186076.0,0.0,0.0,feasible,975264.6104027064,663401.7136283832,236757.84633781886,955445.3536352001,127140.2034155794,739369.9143140835
6,76,3457457695289452.0,0.0,0.0,feasible,440518.88650051045,328348.6364789745,531517.6689920825,171649.3495233947,278391.38114497985,948563.7127103611
6,77,509643601473467.9,0.0,0.0,feasible,558014.4119051368,82525.2670990519,225221.477937377,793598.9686057575,125192.21377609753,138534.58006306496
6,78,2742570499681068.5,0.0,0.0,feasible,935493.471836963,189954.9469734473,254736.33017773653,862056.0651273743,258827.13786382062,752120.0305208608
6,79,875703482444600.0,0.0,0.0,feasible,462028.171842603,91381.92526697683,215632.9452652058,942522.4599054654,645947.7170608812,239124.08755679248
6,80,1377570911764990.0,0.0,0.0,feasible,126051.10880877747,610064.0303911449,426123.61065419286,362026.28901660326,60397.98335694635,377032.1189109913
6,81,3277624411192485.0,0.0,0.0,feasible,666237.882512937,399557.3059935482,223878.0486064044,57095.575960398,642868.1589402588,899147.3674110519
6,82,3097287241008503.5,0.0,0.0,feasible,554545.5033635461,388329.9533738613,108859.94826383251,319072.9426927318,324931.92491306964,849592.5593739216
6,83,1993149762921249.0,0.0,0.0,feasible,473104.5454308602,117064.71791091394,430917.44713260874,58607.986005814215,916820.1196652567,546186.8847845175
6,84,3102731489962422.0,0.0,0.0,feasible,604346.9160807412,557847.4648782081,543183.970051556,575176.5911718685,490806.02530998236,851088.583247106
6,85,82727321891011.33,0.0,0.0,non-dominated,738413.5337441826,184504.96554815889,890914.923532547,74241.83990385104,279742.1715504682,21222.357291402204
6,86,3357492329827509.5,0.0,0.0,feasible,575661.5316866273,699831.3571331417,290075.62824152526,456461.1143754389,735992.527474243,921094.2537476066
6,87,2758686310112636.0,0.0,0.0,feasible,85948.33056132897,699556.8372373056,687515.444289525,554537.1662479069,306813.16057259723,756548.490230439
6,88,291245916929423.44,0.0,0.0,feasible,67829.47170771415,470133.2501547156,448812.94478574273,631930.2630161014,192215.82656958347,78521.13235124547
6,89,2466221556820048.5,0.0,0.0,feasible,945339.2788385241,713017.7017918574,875757.124440727,137070.92185814862,873536.3397175587,676182.170340563
6,90,1990626735413293.2,0.0,0.0,feasible,446239.68581309007,275741.8024084229,754202.6354405485,725156.4549886344,41591.561188565116,545493.5826566112
6,91,272841601728684.12,0.0,0.0,feasible,288316.4963544363,170476.01866463464,988402.7867512498,430745.0933802912,732599.640527023,73463.81496128629
6,92,2692623618373045.5,0.0,0.0,feasible,139214.73917625734,760399.1276962032,970563.5443807861,436509.33197736344,890451.5057989288,738395.1389039675
6,93,3320637216177817.5,0.0,0.0,feasible,178063.1859987514,99814.23298185515,972072.9402421389,711763.9336403171,741972.4735651173,910966.8458469844
6,94,932695650815509.1,0.0,0.0,feasible,397139.61746572005,145642.78941570068,180911.76668696987,543494.2003184997,312199.4575125789,254784.95192745386
6,95,1754659861702271.5,0.0,0.0,feasible,155615.44257608912,927507.0997895839,298171.8584738136,27837.59426795963,204036.13442060727,480652.3016387164
6,96,428907248538031.56,0.0,0.0,feasible,213184.71502940534,60041.91908960471,54353.65263787236,222580.27280201306,307820.59635123523,116349.05687196784
6,97,2060973338640765.2,0.0,0.0,feasible,702871.9050132991,69257.03455339702,389971.2526789207,313227.99194117286,907724.1342141676,564824.1090003765
6,98,2373078481126800.0,0.0,0.0,feasible,310205.2764578606,148293.81085549723,286915.0725981757,427043.5060982446,148543.27444461454,650587.4067582253
6,99,2211075991383818.8,0.0,0.0,feasible,346325.6825262289,993093.3002642615,579029.5269066894,169597.6211277828,3548.19578078126,606070.7811920131
6,100,686717029427494.2,0.0,0.0,feasible,477239.9070739685,209502.3808672613,778283.5035837372,496508.7268582143,463141.35005558876,187192.54515027485
7,1,3627641990784280.5,0.0,0.0,feasible,421335.1678589909,662337.3636901838,9006.909123989315,543199.4273958233,352058.1876590034,995328.6147301533
7,2,43085875085163.93,77.83501583047735,0.0,non-dominated,960381.4140499891,25850.313868710567,384078.7043768886,193099.36781289542,123325.90589042801,10329.293566290531
7,3,1980303876327124.8,0.0,0.0,feasible,537274.9368957821,319174.66531761555,245099.55839930222,882947.7342097528,592460.8348870968,542656.9666673088
7,4,1503860015063666.2,0.0,0.0,feasible,44643.27138729035,138322.85620799792,550481.3922865288,51562.17617082443,563869.8389647459,411735.0715233813
7,5,3354480298537119.5,0.0,0.0,feasible,626157.424027533,575399.0107650601,919364.2027467443,306116.41316972364,248665.83851258017,920266.5783868098
7,6,3607708369289575.5,0.0,0.0,feasible,503298.70994661277,846333.2494824175,327593.7424793331,143218.29321330687,867929.7768616698,989851.059627968
7,7,255023699978346.88,0.0,0.0,feasible,818894.8915857836,778723.8736325676,834726.8155457914,782477.1698204265,57404.224781202756,68567.63798367482
7,8,3486396202305656.0,0.0,0.0,feasible,334938.69356666895,367758.42743376957,802653.0214644048,324332.78067650425,496334.1737862724,956515.7181599649
7,9,721540579359609.2,0.0,0.0,feasible,281748.6300351436,470479.2188666315,329059.296815779,285306.5958745971,256503.94755583024,196761.70014087847
7,10,3043695749680407.5,0.0,0.0,feasible,686455.1303061837,765416.619559344,807716.5717544333,4114.978264889252,391741.28910555603,834866.1662377869
7,11,433801664521036.8,0.0,0.0,feasible,215801.35670259767,567984.0190344029,352529.4452947129,351189.21936897095,723290.1268133193,117693.99227404964
7,12,1967967860775450.8,0.0,0.0,feasible,610199.8085762606,145235.86120340612,592532.2476225977,489404.15270548884,264062.4102090045,539267.1558923998
7,13,609084095846023.5,0.0,0.0,feasible,565830.4828982715,772441.7344261595,487025.92797059106,839956.5375415372,275284.1647057081,165859.80982419514
7,14,570156055594609.6,0.0,0.0,feasible,694868.4594598322,205879.9012783663,179474.9352413771,36416.177988599,860042.6389604334,155162.7829164731
7,15,325648897215596.4,0.0,0.0,feasible,566170.3009380535,167642.8589222226,62186.125787226825,364569.2440716549,784981.755619746,87974.71910902366
7,16,2150291893784191.5,0.0,0.0,feasible,730389.7828440033,211048.69218505855,550736.6371545562,384275.1186189588,945402.0989609803,589367.9334918595
7,17,274190186003501.3,0.0,0.0,feasible,699306.10315414,533867.7716807467,944603.8328084247,675796.3502795892,452428.0576846582,73834.39211291997
7,18,856154222358846.9,0.0,0.0,feasible,670391.0700926523,174769.60583284384,603044.6802355105,901444.3923743978,910335.1087838763,233752.1510346152
7,19,2290120891928515.0,0.0,0.0,feasible,839273.94877644,914322.0627527259,198986.0751369402,550891.761449105,362962.0341767402,627791.5105835758
7,20,3594572673273743.5,0.0,0.0,feasible,280532.4093434824,345747.3343821601,898189.7424574029,155957.45464254537,240376.80680844546,986241.5048488033
7,21,3349596400744928.0,0.0,0.0,feasible,673617.3404774162,722505.6384732637,687159.1566634356,67999.99660925438,110300.17050619163,918924.5332758763
7,22,298603101691979.25,0.0,0.0,feasible,597356.3181432872,301073.71872137603,567629.0156534131,629675.744854371,360473.1530879139,80542.81139960917
7,23,1451916031758448.5,0.0,0.0,feasible,39777.78822722709,799041.998564274,229464.2355578195,442583.74448769266,591126.7027243808,397461.39672440407
7,24,1330644443644652.0,0.0,0.0,feasible,928407.9275190397,10996.116682122198,175011.66740615194,573801.7737822544,486414.318397426,364137.20591445576
7,25,1741420185480168.2,0.0,0.0,feasible,250384.26903929265,504063.7398987484,606064.4287577249,5815.388365763295,519534.928038842,477014.17416343925
7,26,284462024101419.0,0.0,0.0,feasible,495448.4934150362,244668.71220266586,821762.0018204922,939695.2123229299,781113.093104306,76656.98805701449
7,27,1921234263017397.2,0.0,0.0,feasible,825535.0620435146,117439.48981987433,827405.514054891,712219.8965423742,739867.0565172901,526425.2416967732
7,28,3091033494756584.5,0.0,0.0,feasible,216208.6702169492,761558.7749152037,454786.5800802349,68441.30900435014,754872.0735273665,847874.0939310481
7,29,1687733359067738.0,0.0,0.0,feasible,942135.4374447543,974956.0943638053,894504.402997678,438225.4670560221,748408.9817390372,462261.58392218995
7,30,7945440675323.397,10104958.267827265,0.0,non-dominated,629786.2543812495,722183.0460983448,24492.813481767098,724367.8428719661,214015.16304966982,673.0313422196322
7,31,829502993565480.8,0.0,0.0,feasible,797139.4928399414,763364.1505566377,614744.8160185759,779561.7065193591,470295.0845969323,226428.6662230175
7,32,3083251152703938.5,0.0,0.0,feasible,176272.70351758847,855601.878114017,599639.9706180718,954796.8753539635,73856.61633264933,845735.5860122163
7,33,1305471254625226.2,0.0,0.0,feasible,446678.9914057879,787569.2183830997,767585.5212228323,690710.7066635008,883016.3391837183,357219.87130025844
7,34,112677660968790.4,0.0,0.0,feasible,138650.99459895823,931223.9207716391,380660.7200168126,831095.53509714,434334.13525065663,29452.40383217984
7,35,2345349077009181.5,0.0,0.0,feasible,893572.7718015017,929540.4774060795,132680.27154362923,603172.0285208843,19121.905865691053,642967.6504061061
7,36,1886557483136613.2,0.0,0.0,feasible,343639.9677975188,670647.5199495947,421787.22889899724,490286.66442932026,664789.0281042536,516896.41761361307
7,37,2272732350226595.5,0.0,0.0,feasible,788011.0738888952,648926.9519513482,97183.00035862248,913886.9932701951,352650.2319145682,623013.3173513922
7,38,491634288704349.44,0.0,0.0,feasible,40149.05601555713,729294.9522406065,856669.5569180682,807665.2492123201,795677.6461221951,133585.8052971982
7,39,3236044989231720.0,0.0,0.0,feasible,855598.7719717843,15545.584401124055,827012.1160198489,451939.9512425561,571579.9825381153,887721.7679549971
7,40,2739871355413059.0,0.0,0.0,feasible,329665.3615079749,897771.6915681752,861535.7834938843,14163.419107499327,160884.17662540186,751378.3333104118
7,41,2876203147505883.0,0.0,0.0,feasible,585193.1136630446,355821.1913552655,875718.2210076777,296979.0553647049,782366.227312746,788840.9139842986
7,42,253952423581921.16,0.0,0.0,feasible,866270.5441963285,864856.6754662443,292188.648343001,204122.21877556405,32615.40948598108,68273.26219788742
7,43,1845992919789142.0,0.0,0.0,feasible,878499.4030444542,115449.72058479313,741490.9627619187,820587.1886765216,956043.6516736305,505749.690914158
7,44,2950786603479145.0,0.0,0.0,feasible,678674.5020311079,454680.3127905586,530073.4111775333,666735.4879524043,99211.6751586755,809335.6840848281
7,45,117168407514770.83,0.0,0.0,feasible,161646.7724543994,249386.50980082277,91649.9735598225,139504.4104277177,445792.9170223599,30686.415005818813
7,46,205335702976601.12,0.0,0.0,feasible,245358.27211288232,317465.45903859276,559365.766700967,560532.1245458216,678745.7180044005,54913.885123635046
7,47,565019151351512.9,0.0,0.0,feasible,964944.5791133555,791033.969516305,75637.34811952956,179583.42449593442,599458.591346728,153751.2142231634
7,48,347592525451009.9,0.0,0.0,feasible,197742.02066472068,923636.8350146235,840688.6535388532,609294.6996830507,219229.25407676064,94004.60348468887
7,49,2184046919013964.2,0.0,0.0,feasible,200203.96238340452,553157.9372394475,921111.6625170236,383473.5630150071,799282.0049015628,598643.4688340374
7,50,1309911663746315.0,0.0,0.0,feasible,981346.1004843081,254885.37889974998,841497.2444835859,784494.7613379252,325102.9067782009,358440.05026490224
7,51,1310905994934748.8,0.0,0.0,feasible,936915.8523224791,654120.2444460301,694000.8132176462,307476.17018013156,865937.5763745976,358713.2822953144
7,52,75206182300246.81,0.0,0.0,feasible,988116.582387652,400759.3996374117,479154.84137645335,195456.75418641706,513691.62260463083,19155.62513485036
7,53,199184633759473.0,0.0,0.0,feasible,57386.10155981283,437228.69096627773,878444.7037957524,511455.6016576232,588256.3228495881,53223.63427869326
7,54,1117923247961552.8,0.0,0.0,feasible,959337.4077753086,357358.36699734867,276155.45731665014,74942.38184490654,278052.8123451407,305683.59922455123
7,55,1548585138301439.0,0.0,0.0,feasible,353332.3413536395,83987.64198209044,493326.9469414195,983124.669620322,518118.00078944105,424025.0774840143
7,56,2855420116228901.5,0.0,0.0,feasible,675467.4482812881,662452.5781222495,595807.2173671247,278053.14781356393,769228.8116734946,783129.9497703776
7,57,2103424533066405.5,0.0,0.0,feasible,844619.1671372118,333707.4944578365,969168.1823602472,913621.4166299159,790563.3210120824,576489.2626043913
7,58,2661210278180241.5,0.0,0.0,feasible,987594.4114852747,585205.3196157963,845098.6216401062,786524.6980948905,170922.33553998318,729763.0746352904
7,59,2249188394241828.8,0.0,0.0,feasible,572567.8379125232,262888.5890309761,905165.8573738071,784000.3545478628,465497.74691661465,616543.6792946928
7,60,2615499963620621.0,0.0,0.0,feasible,899086.2147352704,519378.0040475553,162680.8651418706,696149.9103881831,637647.303741853,717202.3481860071
7,61,3579091916635822.5,0.0,0.0,feasible,675266.4093441293,832394.8870491533,578114.7195107965,791240.0633177495,679484.4347407438,981987.5514199063
7,62,2223643950364143.0,0.0,0.0,feasible,162683.37145514198,688461.642437309,20934.948853724378,907302.4086007187,715051.6825180693,609524.3276464301
7,63,2224812869378022.8,0.0,0.0,feasible,194906.9314532597,185567.60432475308,889112.9058422906,607685.5396476004,123457.26526561455,609845.5346238085
7,64,2994092217684927.5,0.0,0.0,feasible,858955.182525491,459394.8970006541,784269.9641675284,524795.1986542001,999899.1212565597,821235.6234966987
7,65,677795284016244.9,0.0,0.0,feasible,573778.8138704479,520949.65026682784,972915.8836840249,400820.1683541652,825548.1498358385,184740.94085394722
7,66,390383756938016.56,0.0,0.0,feasible,918.1127923646893,665237.8343215168,383663.7997828006,688364.6407064926,787914.0557076323,105763.19579179704
7,67,551310626183689.44,0.0,0.0,feasible,499537.3624761683,317111.76160210173,51293.07794528824,187168.4655860397,652215.4533796181,149984.2518577752
7,68,139280700855999.4,0.0,0.0,feasible,833932.5655358429,177193.76710721274,26697.338406312894,679338.5721605648,950965.1166611122,36762.6468257336
7,69,1355709987658294.5,0.0,0.0,feasible,260117.0894154215,30077.94733858639,763981.422541591,110867.66452618939,634633.5643487134,371024.9607831557
7,70,845206578770661.0,0.0,0.0,feasible,487031.8773338416,189156.01033479662,679506.8872989737,565542.825206568,134459.26092564603,230743.85066083202
7,71,2011157854524434.5,0.0,0.0,feasible,137549.362681187,233654.5676556803,374205.880536967,929009.7047496043,695633.3356336066,551135.3239864884
7,72,527589159303066.7,0.0,0.0,feasible,218994.34230187177,497453.83623052354,83892.67677466819,764741.5967404401,14653.076840951811,143465.83562428804
7,73,211101292423762.3,0.0,0.0,feasible,264542.08151430415,367049.20456521114,371109.2933996848,273814.6629528563,335860.62955928023,56498.210074411916
7,74,3338375704465857.0,0.0,0.0,feasible,139359.5203395284,59258.45676643701,354435.9634092172,7763.546714253111,95485.83730911365,915841.200818208
7,75,55673187790334.11,0.0,0.0,non-dominated,643147.5196810107,716507.5370921717,935094.4387264395,915468.1018649593,707390.4200559694,13788.158226383684
7,76,2230042198436949.5,0.0,0.0,feasible,838952.4288811256,840781.6730119566,462246.3969040284,799498.0400336733,106651.31237864573,611282.5007102438
7,77,811545596804340.2,0.0,0.0,feasible,521165.3916309496,127531.00749497826,474711.7280250236,557983.0888167929,560584.8349209693,221494.1574446162
7,78,887935300961525.2,0.0,0.0,feasible,754379.5469599144,653436.5864220056,975326.2673224027,647609.8220305743,398031.80836937967,242485.26605334342
7,79,2931011841642794.0,0.0,0.0,feasible,401173.87994496006,153287.364491716,213843.53042793262,369020.94628123986,222292.39895307444,803901.7819903203
7,80,1527839252080689.5,0.0,0.0,feasible,359147.86675936956,707430.7254631094,302611.4360168599,197613.98663099846,859698.7396897821,418324.3203512471
7,81,1276264473063499.0,0.0,0.0,feasible,247883.91704887187,129123.11839553248,827033.3063187178,609411.2431510746,55296.300531263565,349194.1467521955
7,82,2291555690055021.5,0.0,0.0,feasible,662400.1305660226,568672.8398071217,199011.75538846813,697336.0206832361,954569.0692031442,628185.7784189784
7,83,2973071974973630.0,0.0,0.0,feasible,173582.36225117685,325463.7446854007,297120.90795982175,834184.1496962646,495738.7631898956,815459.4760092476
7,84,2857654814099171.0,0.0,0.0,feasible,103636.04834909177,624633.7421471732,184526.03859544953,451034.2871778374,690330.1389174586,783744.0218658264
7,85,70688996447787.64,0.0,0.0,feasible,386777.4088779598,984137.7279552273,104430.79370135476,675951.3218123966,548347.2966055904,17914.348710482143
7,86,2650648362096704.0,0.0,0.0,feasible,64861.12048088232,318977.08944786777,500827.3574611395,513195.9874279731,391755.8952192403,726860.7682306262
7,87,1746984547373644.2,0.0,0.0,feasible,792168.9073881262,631325.3975580481,840301.1073992262,13970.766348664534,123238.50430013065,478543.2038426729
7,88,734098935729869.8,0.0,0.0,feasible,996785.6113156208,631150.1164414856,695284.7138420288,388424.3557438873,641374.1306121646,200212.60789636354
7,89,488178023117437.4,0.0,0.0,feasible,582609.5150175823,727307.4841903759,586179.9919303742,485491.4239546701,340559.8783769637,132636.05889988018
7,90,1133997848084091.8,0.0,0.0,feasible,526844.954525081,354451.6644177132,551970.1721031034,120560.97123787299,512265.330841793,310100.73476312816
7,91,2548114057472102.5,0.0,0.0,feasible,193586.5482998018,617243.2627747545,402959.1831260275,945519.9359407345,553179.1394268523,698685.3910873062
7,92,3387396081284341.0,0.0,0.0,feasible,182323.23439539302,365548.16055086156,763835.0969694791,528282.2721606706,593175.4006454456,929311.4984871217
7,93,2360479663385827.0,0.0,0.0,feasible,872448.4729421802,366016.87366283854,103197.70552924165,903710.5809219619,563278.439853587,647125.3806323203
7,94,1218845301158126.2,0.0,0.0,feasible,892269.9070932857,128203.70687100281,781732.4693100356,557083.3296727722,619889.7659869795,333415.9461820144
7,95,190182824475679.22,0.0,0.0,feasible,778861.5088471058,470429.18271897617,261769.8504586875,755664.1412721234,84858.49028474605,50750.02924990102
7,96,3358896628392355.5,0.0,0.0,feasible,821374.5409974379,230091.60980114114,926488.9801920991,586715.8368450747,498347.0390191251,921480.1406157258
7,97,137963197368644.31,0.0,0.0,feasible,116101.68320434871,861388.5100112979,153513.26771570343,477303.9569362242,463838.47663633066,36400.610356282945
7,98,1333257420798389.0,0.0,0.0,feasible,219689.89080293424,754689.1506351181,310721.1653412719,615917.7695185315,208406.72584368722,364855.2252840995
7,99,3636806763103455.5,0.0,0.0,feasible,696291.164997091,156646.28876016912,236701.04638457598,141586.90824623647,464132.6701798428,997847.0003326188
7,100,1619875615081619.0,0.0,0.0,feasible,714796.4216097858,510260.83594334306,202218.15018669423,899594.652970225,129146.62830561976,443614.97061649023
8,1,785590121858335.2,0.0,0.0,feasible,907124.4761459731,807126.0761247369,163885.20245463224,332721.71644160175,150419.61337222252,214361.85866700087
8,2,319141631627305.6,0.0,0.0,feasible,502353.868823395,135891.760211785,794085.8258191685,142391.52907585452,373886.4626908492,86186.58914809885
8,3,2223655992097206.2,0.0,0.0,feasible,33091.091250910766,257064.31685429392,808889.4157375178,111284.83181209897,232691.06595034988,609527.6365913901
8,4,2623664351741265.5,0.0,0.0,feasible,255427.79018363645,82752.64802066032,736313.9748509923,938895.2986236686,976373.6958196567,719445.8384528578
8,5,2863095666888625.5,0.0,0.0,feasible,898238.4235517894,829969.700816145,903071.3458916913,236740.55285305393,804416.176666381,785239.112507787
8,6,50004237416805.14,0.0,0.0,non-dominated,634886.3380315893,206622.1149991299,504783.7523033471,563495.7032896891,295230.1755080633,12230.388703630024
8,7,137406282846059.38,0.0,0.0,feasible,155030.31962481688,161361.28529006286,231449.22471953675,442352.13157222676,298084.9938079578,36247.57594728323
8,8,1219255619549514.2,0.0,0.0,feasible,869391.9320196895,473386.4907518901,304296.4880080922,632116.36882435,714157.3242923071,333528.6974750429
8,9,2348908670745158.0,0.0,0.0,feasible,202225.80273368285,450602.61543053965,894262.5199803901,295938.53942146734,748595.3027823349,643945.790320892
8,10,2291893047531073.0,0.0,0.0,feasible,362322.3586716385,660513.2287624304,77631.87151434408,38341.17682415794,437118.481535614,628278.4807994614
8,11,3386635689995353.0,0.0,0.0,feasible,334028.2112237776,343194.59709348314,206239.61124971486,716950.1930981805,898961.1677361046,929102.5507459518
8,12,459860770599025.8,0.0,0.0,feasible,873185.72250123,592429.6003015381,774077.6672870234,718003.4260911534,359551.8958904372,124854.76782573713
8,13,713333982619667.2,0.0,0.0,feasible,135700.01817349409,263261.48858679924,697329.3148647185,81337.99523848467,57702.853590752944,194506.61137758542
8,14,3500872516262179.0,0.0,0.0,feasible,503012.9247202199,473894.451443642,702614.6926744357,521883.7554974592,884259.0875923561,960493.6610237064
8,15,1330989502139426.0,0.0,0.0,feasible,29571.77753223688,875280.0575779023,924057.2557165906,651451.5995482932,674311.2132709554,364232.0244560391
8,16,166772901009013.88,0.0,0.0,feasible,879111.3578327778,765009.745109023,858230.7882341354,711871.5108087809,70628.80268428795,44317.22195692312
8,17,3609281606796104.0,0.0,0.0,feasible,936880.9186617794,729459.0452217021,453499.3467958884,340020.81450540497,186606.52327229694,990283.3691876295
8,18,2606315503898438.0,0.0,0.0,feasible,647257.6194616354,721543.1063653459,539940.6966445456,607860.0534094695,422359.4415879434,714678.5526867587
8,19,2550790481165301.0,0.0,0.0,feasible,88732.77885602391,897650.2535472818,569490.4503376404,275799.26152811106,593592.3763487537,699420.844916415
8,20,1512788649828253.0,0.0,0.0,feasible,974139.6561201473,53421.30216218934,337920.27331494103,87389.72914106422,135776.02805425387,414188.56894347136
8,21,940245554661336.1,0.0,0.0,feasible,889935.4728868138,683324.7639705256,217840.99354763786,765942.3274215157,801471.9792541093,256859.58820680244
8,22,1036070162685635.9,0.0,0.0,feasible,893555.1910054021,66037.48737166933,998422.3375976093,633045.7691396597,444736.0623746075,283191.20941962785
8,23,910325326704627.9,0.0,0.0,feasible,494791.0954495313,819737.1566485876,871424.2184873698,829212.133290057,292483.14283616585,248637.81589381117
8,24,1590531450708334.0,0.0,0.0,feasible,810755.9134363118,726906.8298363975,49140.892723199395,122224.07526945946,670806.0990812167,435551.49467836495
8,25,2503655378466079.0,0.0,0.0,feasible,387243.471870459,102211.75571200858,308502.51404004736,971990.1199794478,784017.7286901936,686468.6012736465
8,26,23147911885088.71,2966699.025188103,0.0,non-dominated,232057.0450520457,252678.92300499286,377138.8573723527,108881.43845473051,372722.9286275511,4850.536417461027
8,27,430364913480825.9,0.0,0.0,feasible,184420.67118770958,280120.5173489916,835094.7221466592,814114.0940948201,806786.0186783476,116749.60827437109
8,28,2849703415362721.5,0.0,0.0,feasible,68820.17885550097,851237.1157665143,847285.7596459272,284297.4017427855,101630.78738587367,781559.0589011229
8,29,123966136808237.9,0.0,0.0,feasible,819552.9895814478,669576.673086713,616197.282271423,676214.7435550377,287286.0945284,32554.361419098288
8,30,634555294594097.8,0.0,0.0,feasible,917717.4279137099,839694.1459257879,336140.63457051694,833513.3771062532,379313.8451712435,172859.03446073947
8,31,2226787623845802.8,0.0,0.0,feasible,242258.6301457605,329255.2320388749,94041.96155569117,933620.3689870889,987294.9656343426,610388.1769336078
8,32,2760455910505832.5,0.0,0.0,feasible,665225.8237148284,446143.57403393823,36782.3821075571,267986.04841523315,75981.1074547798,757034.7583009528
8,33,149637928989779.66,0.0,0.0,feasible,630604.6305335882,73595.92067221986,773246.0597052658,572175.479836915,300618.2029989917,39608.70707744224
8,34,1191076423164413.5,0.0,0.0,feasible,555789.3514106418,256759.7088696322,551069.4351833843,69315.28037420035,130334.25857370271,325785.3428128863
8,35,896568774067676.0,0.0,0.0,feasible,80696.6579280957,180303.82547248402,621788.940631983,708794.7903607632,589467.3356931733,244857.6560716217
8,36,2678851807861555.0,0.0,0.0,feasible,702537.6975932424,900427.1872088584,851307.7000619054,97123.44846849439,1985.752138592723,734610.786374068
8,37,1771138350642736.8,0.0,0.0,feasible,805154.62886636,454623.63093694457,767742.6799200494,609349.3395342015,535664.7222156613,485180.4216893618
8,38,2879832373161671.5,0.0,0.0,feasible,359659.39018615015,406428.4158363812,267750.75417288573,768796.3888676699,571536.1410353098,789838.1880377427
8,39,2791946944356447.5,0.0,0.0,feasible,402720.8860788252,252886.9014534113,463222.3748794838,940089.6290588072,350580.21945620974,765688.1719913526
8,40,116498793202635.25,0.0,0.0,feasible,922782.5892562066,144978.26996048997,596422.7035090937,87277.83277933874,290979.90295816504,30502.41184849445
8,41,1965984739263697.0,0.0,0.0,feasible,546393.4163229845,141391.83709626234,672477.6558158495,230305.4415396987,171376.73679556092,538722.2144045801
8,42,2851780872173874.0,0.0,0.0,feasible,816029.0677756497,120618.29083983363,81142.64265612402,391154.43683749036,711201.7653515969,782129.922763393
8,43,2540711946110010.5,0.0,0.0,feasible,880987.495605255,854717.3007232074,792534.2198436706,223358.16793477687,221781.4679569371,696651.3666693579
8,44,834101245927559.5,0.0,0.0,feasible,276702.9459966398,28193.26384566378,865625.2111053191,42223.20902312129,905319.8418446237,227692.2188942534
8,45,1719204370639072.8,0.0,0.0,feasible,90202.3716062789,51572.51989647791,432550.7777275391,741336.5511216919,447118.20199742116,470909.4956952357
8,46,2719800489643594.0,0.0,0.0,feasible,229355.69568436802,578918.8141156815,174034.3634671587,739499.367841239,136010.38523247294,745863.0648866579
8,47,3286139411509272.0,0.0,0.0,feasible,320435.4243431832,355824.56669397856,650231.581307948,533555.8144238471,360895.5842417303,901487.2023197621
8,48,744962327977965.2,0.0,0.0,feasible,570160.8851378745,969855.0812854987,940797.585162543,196045.49456896042,517473.25145511597,203197.7568644726
8,49,3588960225237401.0,0.0,0.0,feasible,24609.197711859637,221918.0957905494,696509.8884349549,555110.6903020365,705701.2257986942,984699.2615898257
8,50,197955976783846.6,0.0,0.0,feasible,637581.6027316276,781992.4228173426,698460.3809373553,428712.19044895587,732097.4573908047,52886.01192103659
8,51,1578682347304258.2,0.0,0.0,feasible,163533.84270706325,160202.54109507328,125676.0514683052,938800.2349024346,477880.7880645508,432295.4823765082
8,52,3326292748575752.5,0.0,0.0,feasible,838466.8392165909,649258.314039015,526021.4543758257,489588.82336683135,767035.9023317856,912520.9282474209
8,53,2844306437356365.5,0.0,0.0,feasible,976200.7325733915,608077.6659599706,362387.55144797015,355335.77987344656,293379.57370619016,780076.0246003588
8,54,362197862399328.5,0.0,0.0,feasible,957674.8396518845,429804.7219683825,414361.1740372491,194969.83684410498,654478.7367389578,98018.00054561172
8,55,1755168251649739.8,0.0,0.0,feasible,172850.18423219668,994374.6873958139,948295.9714835768,575465.12788871,97576.33026179597,480792.0019912788
8,56,880379918469367.6,0.0,0.0,feasible,488653.84396686737,853650.3100685928,658747.0275688239,672615.3816846174,898500.6672990173,240409.12429807472
8,57,3038202201201933.0,0.0,0.0,feasible,168317.2236957472,97845.50361960055,516755.2583166785,699527.8309895354,677924.4254026623,833356.5953599932
8,58,1298815830599370.2,0.0,0.0,feasible,101962.14552845286,927144.4256937491,185725.18165829344,54842.882058259136,284587.7049162054,355391.0289175676
8,59,1896030177845643.0,0.0,0.0,feasible,778013.8074275095,272405.97596471844,920328.1922607078,641674.3768672823,331443.04325885937,519499.41713623726
8,60,128976101497341.7,0.0,0.0,feasible,699900.498859407,669180.0551925864,219385.76599836414,392524.9968265819,169535.64937928776,33931.048422604305
8,61,133561795125185.52,0.0,0.0,feasible,600494.9059775776,704332.5184709072,260478.57403226715,352415.8335412423,458519.7151878349,35191.15008225138
8,62,2877291370095671.5,0.0,0.0,feasible,982782.1233559115,708938.4785865331,978051.1434286986,650156.4230881113,967063.2429016872,789139.9464105234
8,63,2425408415665560.5,0.0,0.0,feasible,470368.59363381955,364356.6776212953,928776.5312568062,240762.03744215475,238185.42854317836,664967.1370047311
8,64,3279593855178658.0,0.0,0.0,feasible,881052.8756556762,458981.46392100945,9058.123637909126,395755.23404834646,676288.3913376225,899688.5504548753
8,65,985737953706099.6,0.0,0.0,feasible,821906.46914862,238383.9033676274,437318.9935357233,66420.97206666213,894253.1023797911,269360.43370366737
8,66,2881545467719329.0,0.0,0.0,feasible,633673.8433955759,577047.3575276645,593736.1446649247,474746.9344420746,938128.2818768366,790308.9288831688
8,67,2961288321344627.5,0.0,0.0,feasible,650877.6959554241,207611.39206124193,811040.6934909081,169367.48960303992,465108.6541069567,812221.4486354926
8,68,801294197837825.4,0.0,0.0,feasible,875026.6550091443,426558.18637208943,746059.5814113991,64158.58667045615,193039.80894677024,218677.17796457108
8,69,1651537879367670.5,0.0,0.0,feasible,772410.1632538053,62464.05236947398,610966.3611893634,659224.5434799389,624660.5206377123,452315.4366774551
8,70,3480180905451136.0,0.0,0.0,feasible,713641.8529254504,409821.4125886154,445906.00522398355,46275.33856155628,995525.082546855,954807.8182178437
8,71,2617622906977515.5,0.0,0.0,feasible,132069.82854865733,160257.22364562718,764098.7211746381,844222.3161369914,698318.9375994767,717785.7112853464
8,72,3059945320565923.5,0.0,0.0,feasible,484236.1239290079,856630.7596034247,738381.6893989615,845003.7026390929,517321.80209916434,839331.3819506428
8,73,308671764114080.75,0.0,0.0,feasible,309529.1747891862,644141.8691013205,991523.3147519691,815498.6158182675,380933.4579818776,83309.57674814422
8,74,591106741789348.4,0.0,0.0,feasible,223071.76861958785,846346.6814552579,743667.7031101267,337347.69614278997,224814.2041389847,160919.81698530787
8,75,2919530865533699.0,0.0,0.0,feasible,181030.38722643175,296729.2690465757,461337.6486819748,373578.0220965737,556081.0236893684,800746.9273001604
8,76,3400550285122150.5,0.0,0.0,feasible,695362.9639068574,924885.6626026366,316847.3365180716,404395.24902205856,446381.9016550781,932926.139026279
8,77,2724084580342957.0,0.0,0.0,feasible,800892.6854735065,786839.823932077,441488.8988131991,39796.3223142365,918709.5087160319,747040.2891494319
8,78,1337520068868553.5,0.0,0.0,feasible,797816.7825678887,990425.2438436173,842783.6643362611,358425.33600289054,308416.95923588646,366026.55733190384
8,79,1691051056597077.0,0.0,0.0,feasible,575361.6364211751,495106.94481147407,924447.1611187453,438245.11611890735,888284.6211371616,463173.25323597546
8,80,1090384176572089.0,0.0,0.0,feasible,143606.3400304721,571374.1228141322,864820.3339700886,305299.22383459064,749418.1958635435,298116.14435746294
8,81,1532301269527497.8,0.0,0.0,feasible,522236.8365866507,488045.1042058994,921763.4493170971,84556.78662167543,356652.8514289017,419550.43706256803
8,82,3368840727249792.5,0.0,0.0,feasible,24628.965754026212,752552.0744506182,378150.52894372685,922918.3486343472,546598.4596652417,924212.6771719988
8,83,163746017355631.16,0.0,0.0,feasible,134133.33356911002,874311.2150070312,741868.8482035011,330826.52702234924,182250.35227519766,43485.46531883746
8,84,3421195728873582.0,0.0,0.0,feasible,891214.6608290649,666059.9079846343,229479.33103902458,215263.02018776434,423302.3222293916,938599.2955968285
8,85,1968726429376069.0,0.0,0.0,feasible,984482.4165809188,408289.6262081388,67981.71746947638,390782.941380047,278051.6495384527,539475.6027774668
8,86,1846623957302643.8,0.0,0.0,feasible,41355.2139089258,709168.6144268815,969875.6920168803,166880.15436079886,298302.21775333147,505923.0935621751
8,87,2760598336255777.5,0.0,0.0,feasible,254773.76978482318,479630.33462348644,74282.90263186261,964048.4940979796,300964.9592288593,757073.8954388533
8,88,1169678408808240.0,0.0,0.0,feasible,860848.4674658544,392216.40861650166,341695.3986607353,46729.9528212836,452687.8885770468,319905.3875451279
8,89,1999020381057224.2,0.0,0.0,feasible,452508.3650552556,848118.8310032014,346758.8339930262,581959.535075401,296894.80449659383,547800.0705436749
8,90,1131052352081636.5,0.0,0.0,feasible,91809.25902857282,100130.2541322383,975834.0341292279,652182.0237681249,528064.9346336445,309291.34261825366
8,91,2046897788675265.8,0.0,0.0,feasible,953554.2540070133,426389.5323682078,646194.729425813,608366.1168091965,909971.9784438185,560956.2919782632
8,92,3004958732161433.5,0.0,0.0,feasible,994790.1350547203,817180.7226777899,603515.9132958825,5755.444563553332,663615.1310855822,824221.6304212089
8,93,3201062425186227.5,0.0,0.0,feasible,256959.99642852656,509291.61386839143,825495.1867116849,684169.5431057744,258683.1615547608,878108.9175140569
8,94,2090623516603313.5,0.0,0.0,feasible,695510.2633612249,349476.0346752879,376149.0775316732,772960.8086166129,502096.36377384805,572971.6743398006
8,95,2202362880081747.0,0.0,0.0,feasible,584118.5198281531,736639.6912436681,979761.7541068033,784460.2177732786,385598.84834176145,603676.5074128481
8,96,1386081922660728.8,0.0,0.0,feasible,988864.0421522604,622986.1359249927,971360.982977738,677325.463790104,85313.48287774285,379370.8575676419
8,97,3301768117769204.0,0.0,0.0,feasible,53862.232987355856,846066.4663628362,686789.6114277212,661251.8130682616,66243.7077006453,905781.8107900486
8,98,3164316207570086.5,0.0,0.0,feasible,488920.57732820103,21067.507433193856,407187.9391678095,179720.83073570445,160094.68378592443,868011.4331285543
8,99,2443971212900077.0,0.0,0.0,feasible,898929.569772996,423979.0383513234,661693.9780830562,178222.9181960223,978646.1936949268,670068.0036350003
8,100,2023033997355165.8,0.0,0.0,feasible,141107.11878726404,883113.4797950034,88556.42905972141,682608.990226025,332258.9901463774,554398.7664459548
9,1,866489790368653.6,0.0,0.0,feasible,440246.20513825933,449570.7297475379,972826.7136652683,820029.4239439254,728163.6842680582,236592.2593060168
9,2,1214915298898227.2,0.0,0.0,feasible,130684.96489104058,826895.2718885418,602335.928990836,154847.07925501393,617134.7595867089,332336.0217971741
9,3,1377184785436921.5,0.0,0.0,feasible,235335.05556027617,341328.2903059787,58802.3697974803,995414.1782939172,595497.2828639244,376926.0153492796
9,4,2994888306322725.5,0.0,0.0,feasible,716039.2992996635,334491.8183492628,134713.24163191707,384739.03820818075,240345.04824608294,821454.3805038446
9,5,1519926993076501.5,0.0,0.0,feasible,119065.88111349852,102854.17626656478,343324.4419160739,499721.2480204232,408943.23907947756,416150.11258424836
9,6,3486344269159736.0,0.0,0.0,feasible,891341.7308542596,766218.2827762532,936259.6460862124,335801.0971320343,649338.7691466555,956501.4474631684
9,7,3148427235069682.0,0.0,0.0,feasible,403164.7158878737,194268.01633998202,129156.23174624275,686712.1198825832,701479.9045954086,863645.3061600458
9,8,1067259866167599.1,0.0,0.0,feasible,929717.0809076194,520403.5664532909,765977.1348101636,795261.4522972743,666616.8558060897,291761.82060980494
9,9,1192168096711500.2,0.0,0.0,feasible,273884.93872104114,201285.93733363107,143780.97119145794,229878.93945199487,448378.3144707404,326085.323526845
9,10,2455359206528766.0,0.0,0.0,feasible,584168.5983625768,759203.9744511413,924131.8054560994,9179.526868890305,84450.70681826226,673197.3076915185
9,11,992919941321849.5,0.0,0.0,feasible,1706.597407342666,149742.41894239423,960267.8368424759,474174.9492019983,102918.77922930813,271333.9703697936
9,12,3421839021970731.0,0.0,0.0,feasible,401584.41863633343,93347.95465548459,988590.9730650921,509105.02228718577,506648.4069270377,938776.0659537567
9,13,1487077129638689.8,0.0,0.0,feasible,598535.4811794162,294219.28402306436,536906.7338914511,949511.7946556747,542033.098955667,407123.30643526674
9,14,1364265888582671.0,0.0,0.0,feasible,807027.4072935601,712552.3403693425,383665.42171343457,225855.5638190108,43770.76314025166,373376.03476008255
9,15,1187381691196619.8,0.0,0.0,feasible,922538.7132433389,615532.8805677578,749539.5484863037,109459.26820352093,413761.8190147864,324770.0682955703
9,16,754347914886628.5,0.0,0.0,feasible,727715.7300526347,214706.64439907527,20115.811898754637,254113.864743276,436026.09709135833,205776.8200553839
9,17,436886655882202.6,0.0,0.0,feasible,354871.6317415331,927095.5945683988,599365.9495879435,97980.02148123983,934974.1017364387,118541.7163153153
9,18,2505734700287868.0,0.0,0.0,feasible,349993.4812750895,894940.7875193686,142001.3971941796,562764.7004918411,392998.90408321994,687039.9776217451
9,19,1714743567034398.0,0.0,0.0,feasible,189305.65627279953,900156.9111566481,923671.757826163,80052.22218137271,812845.9966547481,469683.7125353054
9,20,3011397608250537.5,0.0,0.0,feasible,299833.0051976917,454095.47681224684,128273.62034962578,394983.4656751597,149371.96996063922,825990.9676479431
9,21,3334523528450219.5,0.0,0.0,feasible,581375.7766671942,492142.26287857164,244204.6104505111,832283.6693190244,672713.3351195458,914782.6622884895
9,22,709929231055450.2,0.0,0.0,feasible,482131.63599714276,750329.312170121,800030.5978777749,943881.3781113385,479902.0192645816,193571.0205062927
9,23,1511532173851064.5,0.0,0.0,feasible,635935.6510775738,685019.5951805209,939759.2889549474,676881.1903980606,838587.7547787299,413843.30220900214
9,24,2467559331401902.0,0.0,0.0,feasible,760721.0690448276,343050.1676572159,189819.68139642142,915526.7197183277,520171.8612151711,676549.7770992422
9,25,1701350981381779.0,0.0,0.0,feasible,166900.2812323713,319564.5260946132,850182.6477660952,532994.4803778937,758459.6318280199,466003.567114041
9,26,2991847862311737.5,0.0,0.0,feasible,871435.26708119,768515.2758641772,614649.8914113664,898429.1002936813,141902.98086186836,820618.8976183229
9,27,650319281653634.2,0.0,0.0,feasible,37629.46203535463,997871.8030361588,587047.1349885054,479305.9389160749,333507.0004469559,177190.81670972437
9,28,2954696270393622.0,0.0,0.0,feasible,572269.2878908959,689931.4417066383,371824.5624965524,309552.4942770066,777532.8451026089,810410.020524944
9,29,1454143471463115.2,0.0,0.0,feasible,1257.8004193024033,133974.63864323494,321246.92373920727,454251.59975594,181024.2934250265,398073.47435025586
9,30,3328776586802105.0,0.0,0.0,feasible,275159.0095635399,437515.98826142965,67811.96695958756,834482.4169408523,538020.7077565937,913203.4615619706
9,31,2633171680193992.5,0.0,0.0,feasible,894605.8014649161,271621.4884282393,438145.25052851246,552149.4535308745,736582.3737939678,722058.3549736626
9,32,3448957896035782.5,0.0,0.0,feasible,971051.5655811969,985487.7743616883,565870.3158699214,647047.4165573736,564158.3045000084,946228.054898164
9,33,1766529807760748.5,0.0,0.0,feasible,571161.8955926333,134758.43063662856,520143.01040646085,942513.7289372426,664747.2308224924,483914.04128861125
9,34,3355261900934165.5,0.0,0.0,feasible,51713.92257520205,404567.59010729095,27233.019256932857,968630.4543280596,154416.5271492499,920481.3547233103
9,35,96764960743447.38,0.0,0.0,feasible,315591.14454903384,563388.7961545805,446262.7420462628,944696.4295723635,149788.9952244671,25079.756727787615
9,36,1128998748423563.5,0.0,0.0,feasible,324691.3193728069,933932.4848584102,760557.49659602,805156.0070210547,234503.31060442002,308727.03335823625
9,37,2378140486178776.5,0.0,0.0,feasible,205484.75548790977,851928.1610703958,659666.4481250496,908602.386563238,794273.4889634411,651978.3939206486
9,38,462627432556772.5,0.0,0.0,feasible,381031.96690687275,356098.56505375257,895681.6077721908,631459.7947785775,373876.08076522604,125615.0182060658
9,39,202329714940283.5,0.0,0.0,feasible,357909.3718264167,106002.8954875918,780934.5512564959,316945.0571066685,33279.4034712127,54087.87038718521
9,40,2074708631386485.8,0.0,0.0,feasible,864408.4998940664,971090.7913611721,914480.5896999637,660803.0413835701,726596.960874981,568598.4268221188
9,41,637283161419083.0,0.0,0.0,feasible,837263.0094001109,864195.1471445644,417161.14574925514,87729.60541820244,449181.10016183415,173608.62433577795
9,42,927749553642888.5,0.0,0.0,feasible,381779.6500559514,137825.42826693394,446205.7222268372,523873.0079677724,797186.9060939773,253425.81506358852
9,43,374825079185450.94,0.0,0.0,feasible,160034.55823647152,665841.6333566884,204326.46694109036,561174.2343848763,772842.6539129601,101487.8304383684
9,44,2005521844460372.2,0.0,0.0,feasible,206121.49393855143,679842.5995681436,814997.792412355,735682.4889184926,308311.3319919418,549586.6061235265
9,45,2742327653272363.5,0.0,0.0,feasible,61298.12914269092,96328.14685541387,629930.1771021793,460286.62371964764,576894.2049766923,752053.2988140607
9,46,1490385940102071.8,0.0,0.0,feasible,208402.19889825603,800113.7459726257,524737.7254825925,76958.0522273602,91705.87239909657,408032.5336743149
9,47,1650434254585949.2,0.0,0.0,feasible,39596.04766163186,737785.4898984088,961606.5027718566,390891.4920662892,85121.4466730077,452012.17188657797
9,48,287685417389287.2,0.0,0.0,feasible,828416.1984303534,164587.69571251137,514037.9906584788,618479.7005540219,8443.189687013284,77542.7435307503
9,49,2039846459240791.8,0.0,0.0,feasible,619769.7996552286,797937.7129179036,939410.8596519677,621477.9641656319,119699.96154048867,559018.6588426459
9,50,2801537470582293.0,0.0,0.0,feasible,570885.2881973634,804511.6665827008,334260.2188114607,42465.893069134065,501948.6331936243,768323.5504084142
9,51,1455165578874733.2,0.0,0.0,feasible,225792.15321927337,470836.2013403419,226708.90423858765,725563.4369175793,209788.45786981552,398354.33900242037
9,52,1061519517287811.2,0.0,0.0,feasible,500767.22969431075,384992.0676466999,507493.390353741,851218.1986284042,281705.8288790061,290184.4315085241
9,53,1687559765514455.8,0.0,0.0,feasible,99173.69720504861,776901.7329247697,533960.2240235158,324335.1882896352,644695.9025783858,462213.88219103485
9,54,3005389307469130.0,0.0,0.0,feasible,141949.50480143234,877548.6394319308,659789.64568072,253511.93216349644,498859.7693281771,824339.9481074444
9,55,459885366039102.25,0.0,0.0,feasible,102242.30861923934,605618.3353264407,733377.5604712726,937540.8754560432,315354.8411288693,124861.5264008569
9,56,185312185641310.72,0.0,0.0,feasible,384564.6041242509,937130.8559377636,257826.30587904624,6069.794776351924,390657.02122098673,49411.6275648292
9,57,1024358081069793.9,0.0,0.0,feasible,530149.079494009,291982.1193817231,516220.1429081494,309647.45549275767,817754.5031688251,279972.84930232016
9,58,39630233064915.99,4916.42073769683,0.0,non-dominated,390795.6425750577,962908.6046560947,3613.6767881274586,371003.6320134584,492398.1038915169,9379.718504044065
9,59,582665294966266.0,0.0,0.0,feasible,917361.1063369982,230182.9973217062,885944.0996052141,621837.6100085992,636615.8403717164,158600.1938236118
9,60,1970573476201132.0,0.0,0.0,feasible,487645.52447694703,166934.29201063098,430509.5883842997,696196.3563790409,640526.1989667661,539983.1523345448
9,61,89298598474406.73,0.0,0.0,feasible,50290.265722977565,14907.900699132006,686160.77976561,310307.8644391985,262694.83464290935,23028.07681842389
9,62,2068797509611200.8,0.0,0.0,feasible,209476.80605560847,829104.9428962586,868811.797398468,859194.2261706052,899762.5166301705,566974.1110775637
9,63,2807168553373718.5,0.0,0.0,feasible,675291.6277707005,371687.5165125966,502318.14389995637,371027.7341250606,177218.0112133451,769870.914307302
9,64,142935564630668.56,0.0,0.0,feasible,295195.6188114312,937539.1978431824,43104.39941432702,887635.4795184614,232982.51633097648,37766.965971757774
9,65,3559585088485991.0,0.0,0.0,feasible,451224.6027347242,789800.8120029757,791588.681540396,918323.6912627567,90406.84399646526,976627.2747592933
9,66,682168118979329.8,0.0,0.0,feasible,347364.1856273621,967889.637237112,565441.7445971847,293770.12839823065,878152.4472873636,185942.5511318098
9,67,3540534327969402.5,0.0,0.0,feasible,184575.0712928646,461241.476140196,811621.535050598,815904.9413960634,765231.8842021672,971392.3208149803
9,68,57065532195843.15,0.0,0.0,non-dominated,551082.533669522,244324.93697253577,216347.06323026415,243410.174314425,590168.1063889974,14170.760213906175
9,69,319581011710439.06,0.0,0.0,feasible,319348.81567748485,514540.8703964151,873443.4250878498,702595.4004071644,247734.80489145184,86307.32629647931
9,70,2896582624156086.0,0.0,0.0,feasible,187309.2424787811,968014.5466916584,726964.7460422318,233060.70668839975,751349.3134134248,794440.9855184569
9,71,380956121349807.6,0.0,0.0,feasible,309889.93887180765,100025.70334532428,935656.9362518105,550977.3245400209,441587.0841483439,103172.57805424974
9,72,3470062604811192.5,0.0,0.0,feasible,948926.0954426508,772372.8125586212,261316.96567568553,837903.3277870435,782489.0231917562,952027.412795252
9,73,2384409077860359.5,0.0,0.0,feasible,71348.34040036499,980718.3731329541,727638.9045454971,608694.7832007265,457379.36188643536,653700.9387356032
9,74,2984487629201239.5,0.0,0.0,feasible,905436.2925367876,962557.3322346219,162114.89818277163,977715.2633229461,260989.20877545103,818596.3809151542
9,75,626845041475821.8,0.0,0.0,feasible,365106.61230353167,794583.3678010022,340205.96043492685,811415.860574406,7072.283163188426,170740.33584301107
9,76,939676770893542.9,0.0,0.0,feasible,215854.26287253867,758561.7683375751,335746.4240440121,576132.504267511,642790.8273068032,256703.2922507393
9,77,1334912351716807.8,0.0,0.0,feasible,673594.6816310856,272860.2803089502,884993.6631044197,662793.1196894684,690453.638415705,365309.9833569543
9,78,2890000035923659.0,0.0,0.0,feasible,52387.76424017057,987713.9757282161,727816.6971328576,68280.79820273136,525667.9916725436,792632.1576660924
9,79,1177679038083365.0,0.0,0.0,feasible,170936.65692174362,213197.3698784152,359191.1184045954,563481.5987833202,35696.539987798846,322103.878557827
9,80,1246869495142444.0,0.0,0.0,feasible,278789.902119656,75543.59834973668,680952.4561131878,304240.5945328592,841375.7310805779,341116.7077713827
9,81,2551435807249476.0,0.0,0.0,feasible,921159.1697049995,137084.9678680392,451905.3124361781,498253.52728176885,208327.768679715,699598.1739173639
9,82,1361480626556837.5,0.0,0.0,feasible,741136.6613447263,942802.7647255248,561238.5682311985,276435.0565759002,478411.9671521319,372610.673271475
9,83,1943155780101792.5,0.0,0.0,feasible,1240.2324992961107,523620.545157605,690057.412723866,734356.3410876975,929048.5326363061,532449.0501545172
9,84,844406410398586.8,0.0,0.0,feasible,996285.6029434047,832816.3200594682,587603.1166961131,875880.7765894858,889582.3205947191,230523.9725844761
9,85,364689927534567.75,0.0,0.0,feasible,481740.70192098245,288198.63998369226,350537.06131195434,953048.6449490411,979809.0776781286,98702.79453049469
9,86,2206252131065670.8,0.0,0.0,feasible,773302.147206092,494438.3032523742,367360.29328797164,428911.7123505365,853232.2066477409,604745.2337642704
9,87,1969677035061546.0,0.0,0.0,feasible,481697.5074115705,540405.1944715664,498432.4145247011,169466.93510394802,619341.7043379085,539736.8194873373
9,88,1356427052877889.8,0.0,0.0,feasible,643026.827864133,35039.41333365056,910475.6314926794,762143.070885369,600126.674703243,371222.00296403776
9,89,851197763673061.5,0.0,0.0,feasible,853619.8296465802,388764.934816483,996385.4496464403,504528.4747387181,19261.447496329278,232390.1669330155
9,90,1068184670582442.2,0.0,0.0,feasible,854171.6430830382,157458.55408421686,808986.4703711421,608062.4013182708,548502.6876156064,292015.94739466405
9,91,123376107688947.78,0.0,0.0,feasible,910856.1535675548,650640.1542060081,726014.722192126,214243.47306954788,725965.1631875801,32392.22745795811
9,92,2295985972130273.0,0.0,0.0,feasible,504027.34480140323,671413.6071630673,748084.3272348068,212937.8110983779,911593.0282614866,629403.1745751089
9,93,77844247186347.98,0.0,0.0,feasible,773078.4806816858,726924.26303418,515692.84231902333,829284.4350481738,534911.1994566303,19880.53835649439
9,94,2095065800696215.0,0.0,0.0,feasible,276101.75863841554,226781.68860414837,403120.54694035754,483876.5243964689,851567.865602141,574192.3685275022
9,95,949168666189491.8,0.0,0.0,feasible,658461.2967676935,673827.2461582999,322340.8932587832,193245.40998463426,477266.8427130765,259311.5678980693
9,96,1445788650335349.2,0.0,0.0,feasible,495152.16326376016,873693.6163876922,618476.2357073842,601794.2342722795,644132.370143955,395777.65504274087
9,97,595316163324727.4,0.0,0.0,feasible,570296.5618540837,968433.8474699331,962086.8904455011,49432.61241863897,96810.1340942048,162076.52292629748
9,98,1223480844897003.0,0.0,0.0,feasible,755509.3047482499,779646.5830914356,544709.6774660674,673258.716828529,696031.1631466099,334689.7461417976
9,99,234969096125232.94,0.0,0.0,feasible,737219.5217953182,201717.21614384407,334312.8681907883,770577.1327404245,506234.99639966385,63056.83816804131
9,100,2881434035074889.0,0.0,0.0,feasible,283364.16759755433,347580.8126792752,78448.48402769609,75934.48522042914,701640.3225633675,790278.3083333473
10,1,143268188421127.03,0.0,0.0,feasible,314721.2934488335,12821.31118428506,211184.11998360985,199463.38895283517,247984.92184765637,37858.36758390426
10,2,1575925195568341.0,0.0,0.0,feasible,247685.78155932802,44295.81372049457,475835.89646361483,444932.5464940075,734242.6425466912,431537.8453077706
10,3,2707416995095074.0,0.0,0.0,feasible,794686.6490729067,433831.8409959406,863234.5738987053,212396.1737555031,877210.7531985191,742460.2073695154
10,4,1964903738430436.5,0.0,0.0,feasible,977306.9694076214,370706.91682420194,970639.3358123777,903719.5559813236,142373.56769560516,538425.1664431113
10,5,733525358463783.9,0.0,0.0,feasible,978049.1830580832,439573.2524571113,82054.3493310879,351423.18625103903,557139.438281285,200054.99473604638
10,6,2842145043903370.5,0.0,0.0,feasible,411500.4976729365,972784.3961032869,352153.5847387124,31328.52851062751,438871.6331835953,779482.0958082711
10,7,1302820986011405.5,0.0,0.0,feasible,870284.9696552497,449683.71654343547,378000.0596787689,107062.18844339521,737355.2592204835,356491.60461918137
10,8,732253789877696.1,0.0,0.0,feasible,603984.4455965898,917137.2159539075,440872.0972199808,765493.5579754193,436650.74016898725,199705.58070717292
10,9,274323834670944.25,0.0,0.0,feasible,419828.32133517467,902418.3371033765,189117.51533525082,821737.969462849,780832.0159024704,73871.11739841045
10,10,1211098014009451.5,0.0,0.0,feasible,3736.4341337244755,36435.75005408967,81224.0438608327,659923.9038608312,11105.421060035618,331287.0709918946
10,11,1685603275313075.8,0.0,0.0,feasible,999985.0303906802,978135.2611544844,397152.8569714904,71527.752530033,216734.45637892903,461676.2587146489
10,12,162665618221419.56,0.0,0.0,feasible,475146.5973050308,516749.0227118466,814687.2387196232,605175.6898950647,432754.9360986141,43188.58269810699
10,13,1835913457757510.2,0.0,0.0,feasible,340723.66075564746,942541.6489696421,71923.99871883406,348522.0861122201,631816.5603178928,502979.9579434927
10,14,554907176937501.25,0.0,0.0,feasible,182694.54412679208,41498.60927333076,417163.0337285236,646371.149748355,80395.1776481025,150972.5471826886
10,15,52545696157245.68,0.0,0.0,non-dominated,353324.2251787894,26495.535329261416,623765.3553891098,934615.2869279557,47272.48180625126,12928.75554552031
10,16,1715092155863141.0,0.0,0.0,feasible,990854.4747205717,18713.564964668287,143783.98689932068,240320.41644366403,677730.947019788,469779.50117651914
10,17,974636717603396.8,0.0,0.0,feasible,183323.66157697106,976093.5005201853,451782.6603656469,210776.32771768523,970287.1697565466,266309.927679407
10,18,1505941859018261.5,0.0,0.0,feasible,242333.98876627535,653314.0627044031,305660.2431703263,838623.0558031586,245095.99405026197,412307.140927753
10,19,718774731765409.0,0.0,0.0,feasible,792154.051998265,257169.7214049687,983065.0891353121,790965.2023936098,442639.8887705728,196001.67353931474
10,20,3591008084271888.0,0.0,0.0,feasible,983809.3878509477,208932.26802497872,483131.63496776076,547155.5298495617,844061.794397548,985261.9922860963
10,21,3494597406771208.0,0.0,0.0,feasible,611601.3522780116,322921.77363313927,970871.1561998908,851310.222839134,779024.792356874,958769.3251814628
10,22,459254904353980.25,0.0,0.0,feasible,667006.6355293347,658124.6276946366,736932.4744185657,477028.2094653938,145520.49653370108,124688.28198458315
10,23,1038511466548214.2,0.0,0.0,feasible,885795.0972041049,492846.19326226524,982226.2367244733,700505.2704827577,981321.4343987989,283862.0547264881
10,24,1882305515367844.0,0.0,0.0,feasible,571575.4195107614,849645.1760128085,929034.5584700842,636266.4854971786,118424.11419198911,515728.0204032849
10,25,858662791268133.1,0.0,0.0,feasible,972166.0536682331,253175.5069433009,533343.6694385962,62853.85054397849,765744.0532567159,234441.4800876372
10,26,1278369340386596.5,0.0,0.0,feasible,32035.91214883121,926227.917471945,868235.6162937236,733440.9536559916,656580.2361860395,349772.5427425136
10,27,309367870197322.5,0.0,0.0,feasible,127836.2516048866,41130.0480375605,185304.89761992666,285734.85879338824,63466.91473656376,83500.85957294029
10,28,2963798420156656.0,0.0,0.0,feasible,884352.35425664,550995.6231019346,326345.6030069825,513197.88829726947,54679.469747894225,812911.1980901248
10,29,3470037280967838.5,0.0,0.0,feasible,443634.0854731412,54082.307262423055,73635.35083981605,819088.177474968,706603.3814115674,952020.4540623691
10,30,1352041769058112.2,0.0,0.0,feasible,222237.67880856228,816532.6464231443,456338.3832005667,823582.1434084781,960840.747307495,370016.97186781
10,31,1507518706039755.5,0.0,0.0,feasible,334498.12282228825,864854.9024850129,561086.2421578058,937862.8521448097,643966.2951775372,412740.44234517205
10,32,932358501308779.0,0.0,0.0,feasible,188524.49055614346,574078.7991154591,978620.0713042582,439587.8355215897,602957.8024965008,254692.30669481112
10,33,2181046005730474.2,0.0,0.0,feasible,718218.3378786007,263748.96606817876,695268.3141384977,519569.1606198977,47471.145479580395,597818.8485877082
10,34,1326662902249557.2,0.0,0.0,feasible,494725.24746189796,616999.4483805203,375008.3862535887,900024.5677364125,672622.0176311142,363043.119102932
10,35,3635884530485530.0,0.0,0.0,feasible,801665.9248752403,669800.0424477357,81982.44719479352,997048.622594779,592057.4946479693,997593.5802512222
10,36,1249122995585347.0,0.0,0.0,feasible,29268.119537458504,129029.80536403766,3927.27629762117,83817.72553285454,59033.78432708721,341735.9466212865
10,37,814154176570805.1,0.0,0.0,feasible,531707.3962598491,865080.19293113,216158.20554788256,720587.369812644,804697.9603020379,222210.96845725898
10,38,1542423942162344.0,0.0,0.0,feasible,234239.3054904504,628297.4603600682,855658.3517207656,896916.8713073827,439648.37888978154,422332.04386459757
10,39,220667545265630.22,0.0,0.0,feasible,172160.96381697274,729069.6047358407,469239.63099213294,732073.3061668469,84105.49252287847,59126.91841407247
10,40,2363399437304652.5,0.0,0.0,feasible,970275.3748617239,427848.4075654234,645437.7237582252,633762.5487224555,19184.651172170612,647927.7046119614
10,41,3475930495898920.0,0.0,0.0,feasible,854283.287421535,685030.8619951067,229574.3537535684,258482.76777852417,135489.85923417643,953639.8491894711
10,42,1200246813256175.0,0.0,0.0,feasible,271736.13431216794,72378.68859936456,474912.7408627655,329064.33291119337,1992.4418106997055,328305.27212174266
10,43,1187830319543865.5,0.0,0.0,feasible,659366.6739980615,778049.3274075919,624415.3545978995,351099.0728852735,602670.4209395403,324893.34677224315
10,44,1785058639908146.5,0.0,0.0,feasible,809679.0166146898,850488.5696736679,857682.7388717717,731592.5368714655,802572.0272367409,489005.5746606818
10,45,2141019033972069.2,0.0,0.0,feasible,904303.2783309415,358270.92632396665,568253.0328740611,833383.3896737484,618529.4771979689,586819.8465529542
10,46,2407074133003592.5,0.0,0.0,feasible,16355.799787943943,959687.5937222757,132901.46188055814,644787.3748406005,783583.2621766345,659929.0638394186
10,47,3274532134210198.5,0.0,0.0,feasible,742424.2063151238,847975.0062115182,45893.046450097696,261455.45549043294,302111.48025800433,898297.6413556939
10,48,1120803157307406.5,0.0,0.0,feasible,681567.5880198327,579765.3466727557,748898.9782407812,458010.3396891702,756868.1044558669,306474.96882768144
10,49,3286828912941703.5,0.0,0.0,feasible,343895.8514748069,233132.3964393851,306162.8578140184,236333.56137778942,417002.1011293573,901676.6702541353
10,50,2398851514358162.5,0.0,0.0,feasible,500622.31437231886,490625.9070419525,853527.2160443736,657782.4178695267,393178.56139089895,657669.572420533
10,51,816885242226976.8,0.0,0.0,feasible,137279.31624518777,457804.4511972216,517502.9917422852,734552.0875999905,821041.9416028291,222961.43733835715
10,52,2270955680496147.0,0.0,0.0,feasible,457613.29442691966,105649.64346943665,45290.16580002028,580715.0401211788,397625.636755483,622525.1066993788
10,53,151242367197919.66,0.0,0.0,feasible,878918.2196781603,298490.26760789263,479802.72456933215,625895.1772313773,230731.23930471673,40049.590270467284
10,54,1729149943479168.8,0.0,0.0,feasible,835652.459039931,210745.09027046792,797136.2126141981,533417.820123771,423910.4640370105,473642.4372868523
10,55,1189242752064229.2,0.0,0.0,feasible,891716.0179923063,741277.7367492748,289661.192286204,810801.6299001705,103131.0691795172,325281.46876806143
10,56,3087256835962849.5,0.0,0.0,feasible,426168.8984223855,305707.7089707512,597273.1979327032,280041.9781974183,668824.3003336772,846836.3067607473
10,57,3489245134163234.5,0.0,0.0,feasible,997738.2124988413,104868.32757446713,528899.520541668,654473.9766145532,379900.8405636338,957298.5754664709
10,58,2029842795380504.5,0.0,0.0,feasible,825776.4937652295,936057.1913016643,287502.5968529302,822510.1609572677,526602.1169444876,556269.7544334286
10,59,3634449648345575.5,0.0,0.0,feasible,525723.637608221,118605.32960768978,313766.1407226945,819104.7908102423,352855.57039732,997199.2893297842
10,60,2312205664297213.5,0.0,0.0,feasible,673826.3353019457,576898.4076361898,419259.8492156769,397576.94807242,209346.03282415643,633860.1799220048
10,61,3035273696521243.5,0.0,0.0,feasible,402365.16860763496,177623.15890170177,36950.889991861826,913946.928671635,512907.93993808614,832551.8722563792
10,62,2383709920520952.5,0.0,0.0,feasible,618918.6218953953,982294.8125549366,579907.1639608063,99601.25088836295,983913.6918260567,653508.8174568523
10,63,857341975748895.0,0.0,0.0,feasible,277988.66667577496,956057.4527877689,770036.8036016074,563795.0280946482,900900.7742924212,234078.53350573438
10,64,2968024710299236.0,0.0,0.0,feasible,842067.2556718537,256800.56176930034,838717.9634526742,670110.8780261353,60863.55719494979,814072.5393516688
10,65,2682426591903553.5,0.0,0.0,feasible,255510.08753585626,652676.4964431453,770090.8829822296,541436.0196211314,67176.1772356858,735593.1004294272
10,66,3323140320007191.5,0.0,0.0,feasible,60515.07698015451,321444.27120631014,142399.76446793767,209935.83733293018,644081.6659278902,911654.6731519992
10,67,3527288274547400.5,0.0,0.0,feasible,465013.574590563,326624.7433149688,676537.8088191726,652273.6505405603,37799.033241129604,967752.440950462
10,68,3388107359683410.5,0.0,0.0,feasible,293164.9616989184,622955.5084617255,287551.1212966728,327548.37295689946,373851.3689722193,929506.95050897
10,69,1016862374780430.0,0.0,0.0,feasible,543565.0196920915,744143.846959693,944908.3271352989,998390.6826489079,372042.2785680375,277913.1059566018
10,70,3387349509324992.0,0.0,0.0,feasible,162332.90950263644,819796.9560916917,269726.6247489494,832387.5952018448,361282.62751512404,929298.700989506
10,71,1962321332213128.5,0.0,0.0,feasible,983224.5474964735,201689.2794638954,816711.5792739077,315396.9010539743,471122.588503118,537715.5476538066
10,72,744205815439152.5,0.0,0.0,feasible,218798.5260011578,245969.07899519062,140715.13363895178,9028.215487483902,673260.9294735814,202989.87496413945
10,73,2215718724561130.5,0.0,0.0,feasible,735778.6216220695,815735.7823573907,807067.9572244495,79803.99834503673,356275.8819732064,607346.5567358711
10,74,1146644307949632.2,0.0,0.0,feasible,737065.6427682475,773238.0133215886,843284.9364338218,456757.37725606945,918186.1769570633,313575.8524570943
10,75,3285023027170114.0,0.0,0.0,feasible,295533.43446215114,196803.98057416241,132255.89989613567,156778.2443040719,781099.8347985458,901180.4313331363
10,76,620793267050235.8,0.0,0.0,feasible,978426.8583261605,424569.66823656217,430227.8939728801,278424.81396867766,764303.5876029663,169077.37019018433
10,77,3124925862534861.0,0.0,0.0,feasible,977062.5124847209,593820.5142842964,807852.9428967062,605575.0737174139,798024.0695541032,857187.3695994132
10,78,1638728583740914.2,0.0,0.0,feasible,895804.8706165259,874837.2203243327,436384.0192547906,827181.561000227,339500.0725114255,448795.57338345324
10,79,1940172811381387.2,0.0,0.0,feasible,110722.53540185028,175263.10852932034,864240.5181612005,187826.2189248892,170653.79807706148,531629.3608904035
10,80,2652796684176020.5,0.0,0.0,feasible,514082.03085438313,893112.5026120127,670187.4712190082,991419.6157493094,222118.95592424748,727451.1051430545
10,81,401373491273249.4,0.0,0.0,feasible,587170.8993148288,78332.7098248225,973324.8725642284,482956.2764978181,798879.4059920682,108783.0622719349
10,82,2951206608697330.5,0.0,0.0,feasible,628397.8448776491,637647.8768720442,618373.3557123212,636739.4917213364,598573.7866535,809451.0972186847
10,83,1467856017133094.8,0.0,0.0,feasible,603426.7308589513,774298.6405141747,384013.66698484163,77015.97655315908,760374.5018622278,401841.54150847375
10,84,780154100092808.2,0.0,0.0,feasible,270592.68519471923,958899.3301210905,258711.67452354613,755603.0469367111,746501.437962619,212868.09554095464
10,85,2507545783987406.5,0.0,0.0,feasible,95400.82281495407,174392.09735004438,384386.3781085232,281880.65246510104,97711.73001255676,687537.6448801269
10,86,1253901331441046.0,0.0,0.0,feasible,79872.56097766699,988556.2621534985,541456.9160227231,77052.81630668587,86623.75744927785,343048.98439283704
10,87,2001242947793880.8,0.0,0.0,feasible,547520.9801002108,741139.023189769,834843.3249382701,310297.43530099053,403593.6480816126,548410.809127808
10,88,2317384796317340.5,0.0,0.0,feasible,610000.3870199721,64722.3368193076,167218.09930860085,878774.725300861,929143.6996254625,635283.3523761057
10,89,3359424685946911.5,0.0,0.0,feasible,571848.6820691817,726654.392481211,245079.03833665999,726491.999045959,463310.2638148987,921625.2454253548
10,90,357747306592720.6,0.0,0.0,feasible,854053.824055189,259347.16072373197,479451.3178010494,621127.8126623197,985484.014000391,96795.03337567119
10,91,2489769847553003.0,0.0,0.0,feasible,24785.311469486838,782097.6764349643,597273.7300229574,444413.9883013034,32391.789106477387,682652.9995416844
10,92,290451075512754.7,0.0,0.0,feasible,517538.85045222344,474570.2278532938,734214.8097612924,24819.715915002045,738408.7984594712,78302.7180676965
10,93,3524476620142139.5,0.0,0.0,feasible,66634.4959193039,944495.240456419,498856.71470573003,409527.2065365147,51613.74346874613,966979.8271061984
10,94,3148015997100494.5,0.0,0.0,feasible,706193.9463384169,313493.1233227455,333208.62727403926,376266.17736346816,352123.41082531714,863532.3021764528
10,95,2156089319993974.0,0.0,0.0,feasible,520892.90299599123,912248.9078878553,899269.8118111544,425298.7236420048,443456.7698231719,590961.0068590533
10,96,2845258485222660.0,0.0,0.0,feasible,206435.55387356793,883960.2441194925,863231.6625343728,525985.8727484305,828523.6422350534,780337.6376067526
10,97,3090270589949194.0,0.0,0.0,feasible,84989.09172504669,41127.30115226249,750422.1638730483,895851.9816239033,34953.991140975246,847664.4555007551
10,98,3636256598932688.5,0.0,0.0,feasible,412109.01217176515,316967.80213854887,814388.2739972487,600832.7497215319,732528.2134674636,997695.8208511872
10,99,3191252578377745.0,0.0,0.0,feasible,571980.1101816688,422372.3324638705,681855.4995375202,527725.5539266154,533030.8356715268,875413.2720463363
10,100,3606572491184788.0,0.0,0.0,feasible,61816.86879434167,511322.320255047,814075.9111437814,572588.2029380047,922052.2790036516,989538.9319541286
11,1,2608248269813624.0,0.0,0.0,feasible,683183.773101047,120907.07345100728,358458.4689178703,724467.0759964273,309885.6039029427,715209.6569721927
11,2,3246012049585235.0,0.0,0.0,feasible,338427.90971378266,673567.965323831,195176.34007225372,591589.5449399041,254101.52251213818,890460.6140953078
11,3,2452014581076201.5,0.0,0.0,feasible,882546.3682749888,141900.9965163192,763379.074422828,315006.2860181655,521071.1125549068,672278.2388601243
11,4,3075387047716303.5,0.0,0.0,feasible,242815.14705561023,951700.0579523537,87023.47713319572,3130.9727716817006,912853.8612734436,843574.6104759554
11,5,393930133802044.0,0.0,0.0,feasible,650742.9390751439,270575.4701032203,670708.9061078118,573758.6457283848,132819.60719136332,106737.70384548842
11,6,3316393055413466.5,0.0,0.0,feasible,818667.416326285,703544.661349371,137965.23319668736,644669.6654158147,455901.0937511646,909800.5939215408
11,7,1576686327678862.0,0.0,0.0,feasible,513710.5792033202,441972.97055065003,187019.42139502167,652334.8273928326,804995.906961117,431746.9966191131
11,8,1964090511056806.5,0.0,0.0,feasible,932169.359601424,305433.0709902624,712172.2504816289,972940.1526760326,322858.1251266999,538201.6998868287
11,9,24553028582858.125,2414445.698661941,0.0,non-dominated,357766.1845618863,675793.8867168163,462311.7126645596,874096.9892600618,363367.40432473994,5236.649773756263
11,10,1853517298454958.0,0.0,0.0,feasible,101644.1595436975,737926.8427123259,464164.19856549456,630488.7564599853,853348.2076705246,507817.3131353717
11,11,601525840853981.2,0.0,0.0,feasible,783913.6257779155,91994.95549718691,512566.73851202783,142283.87628480236,816839.7875592911,163782.87873536735
11,12,2718007203057260.5,0.0,0.0,feasible,588322.9381989677,194240.0700419241,566672.5848476194,620916.7037167434,194837.88557325662,745370.2880927742
11,13,1583320629746410.0,0.0,0.0,feasible,514239.32780731504,966830.0943686416,264141.1134978938,793166.7399667352,175620.13629885804,433570.0349039119
11,14,575584312288815.9,0.0,0.0,feasible,297536.69140654535,379033.7164271486,841823.6496712744,444542.2957648102,148446.96392638382,156654.41228042077
11,15,301814887334611.25,0.0,0.0,feasible,615177.0828949389,656127.2760914487,212235.5149403246,314881.37839817785,437058.1783338684,81425.37721127553
11,16,3158266041053552.0,0.0,0.0,feasible,473631.7042101855,629846.30492061,280126.00185574655,790918.92481687,241857.68904026115,866348.9093126728
11,17,3225876240758573.5,0.0,0.0,feasible,4137.438190546984,416144.1857730126,968942.2098933416,871929.3540639043,167890.01989826953,884927.4999843368
11,18,351220031878631.25,0.0,0.0,feasible,592190.2777164167,756012.3703060566,564791.5355854969,419101.43143414817,252455.5131393522,95001.40511183452
11,19,1446186578055644.8,0.0,0.0,feasible,94291.68783574196,349551.68722793803,902723.8754461227,2027.3770809778846,194596.15424645887,395887.00150621135
11,20,8457206857763.566,9858581.361665653,0.0,non-dominated,692267.5866167587,543332.7825246851,836894.3421765981,394009.4149901279,958454.0713523641,813.6601963284473
11,21,126633221901690.7,0.0,0.0,feasible,83894.74651065127,706999.5139038914,961911.0839015291,950995.2830786499,236038.6409240256,33287.24909660763
11,22,2733779953860909.5,0.0,0.0,feasible,243602.14694037323,501793.305855657,708306.10498388,960358.6634132054,292032.7003424093,749704.4785289163
11,23,2329057410956289.0,0.0,0.0,feasible,437757.09827985225,411626.3297370004,208421.29904413997,289387.4522379759,595860.5745466661,638490.8673722342
11,24,1613852881580717.2,0.0,0.0,feasible,48536.79317041539,969636.9634460548,973364.0469103869,299509.54003545275,272855.7472633146,441959.9851124397
11,25,3205207640448260.0,0.0,0.0,feasible,509351.0836706671,91139.7970908804,602050.112691706,28573.112767701452,464216.6708629511,879247.9802284881
11,26,2313357858297828.0,0.0,0.0,feasible,263348.02287244727,62911.177414300866,709479.4035741587,599434.6011492306,130183.20285389372,634176.7910369721
11,27,1729569978492495.5,0.0,0.0,feasible,640369.5967221768,49497.54773265554,987399.492004306,964770.7270830177,37228.07121381543,473757.8586081087
11,28,1448312716870304.0,0.0,0.0,feasible,124935.91883697193,131242.91847488482,414521.4902038714,711058.2459171755,621771.3823947166,396471.24268462864
11,29,2230889792610018.0,0.0,0.0,feasible,391784.6966260836,678276.5099939589,75125.93096547444,702793.327171114,496565.5194987832,611515.4109111577
11,30,2478203827296061.5,0.0,0.0,feasible,926140.0054146936,42517.17896089656,919797.9429589265,385580.0008651422,705433.8729785167,679474.775590396
11,31,3505435797062888.0,0.0,0.0,feasible,327418.79269490484,14324.744287354142,530420.7385052955,945250.6988911929,76713.31462561882,961747.6038679241
11,32,3227193292638648.0,0.0,0.0,feasible,598263.3661269135,413230.49256126914,73131.50684118747,566615.5691870145,104480.40472517423,885289.4123567303
11,33,2828540548284913.5,0.0,0.0,feasible,660076.7946362436,582339.8263340323,115740.69349687864,734946.6981864484,71982.09620318694,775743.7196979726
11,34,3322722211534809.0,0.0,0.0,feasible,367391.4085817368,660642.1567313642,728322.7944019848,688371.7597501923,219000.16155245676,911539.7812244699
11,35,1769436384901274.0,0.0,0.0,feasible,97620.65424251444,355336.25914615585,311429.9177609629,532931.3183276966,635573.3944656787,484712.7389286868
11,36,2599206504032290.0,0.0,0.0,feasible,148575.36777350545,792946.5121170058,712394.1870295848,53053.966645490545,544880.1390059671,712725.0723069593
11,37,1957202037294480.0,0.0,0.0,feasible,550931.4956760885,235006.82384617295,845142.5242443425,758535.1453795291,397809.2789074234,536308.8178225673
11,38,3174655011519787.5,0.0,0.0,feasible,618388.818064348,985424.251119684,615123.20510091,318421.87809290213,662106.4396312663,870852.4306031086
11,39,325939476422844.56,0.0,0.0,feasible,974972.0623715409,188987.13817848382,771471.3553474793,519322.25537432625,639282.0278419807,88054.56730016514
11,40,1690062424599453.2,0.0,0.0,feasible,947546.409725692,862421.5266284118,77978.6446035887,33448.73080660282,537068.8881008243,462901.5872848483
11,41,1581035956243689.2,0.0,0.0,feasible,847816.3315688173,143407.25622011707,949970.4893855612,120289.01887802957,374826.84937330714,432942.23001632636
11,42,3172140586941293.0,0.0,0.0,feasible,953515.437457694,466726.0668110425,272027.2928546949,344543.16712049517,229533.15624022522,870161.4924721397
11,43,355878670700368.56,0.0,0.0,feasible,404971.7462049202,915612.3814199608,810272.7849458136,133672.4869857,632456.3900539703,96281.55136393546
11,44,600758752044150.5,0.0,0.0,feasible,282410.6258026619,950589.5090585165,432773.17892452073,889809.9535308437,40877.88178754308,163572.09058404053
11,45,2239282169361718.2,0.0,0.0,feasible,23994.61070675505,546358.6208969905,19411.809308519125,823616.9708161458,780258.0089297635,613821.5501196276
11,46,1061637922686020.9,0.0,0.0,feasible,929219.8103804478,223914.78653146003,830262.6666930823,432517.36963431933,960866.6298273135,290216.968099693
11,47,1403961846621342.0,0.0,0.0,feasible,766024.5865416204,123106.86483735904,823620.652554535,160424.13993203398,231510.9673541214,384284.0776136409
11,48,3142422046874799.5,0.0,0.0,feasible,366810.6185743881,709884.5186986576,320170.3636676447,401743.7062275334,460479.9266025424,861995.1419264568
11,49,1020721225585962.4,0.0,0.0,feasible,46146.06006690818,931934.2348541568,276838.93128870684,907240.490297788,598792.1450407918,278973.4786502456
11,50,767403314605096.1,0.0,0.0,feasible,460658.51107440016,74367.84681201709,476658.38438559347,712092.737773205,355966.09868686774,209364.31023412317
11,51,1251485884785487.2,0.0,0.0,feasible,326565.50980645383,351695.1269440532,175279.16868473563,239092.133235803,249584.54073685923,342385.24438173434
11,52,1145986686743524.2,0.0,0.0,feasible,833882.0678374986,52153.315878457,597197.140321288,808376.9837832468,195416.50727646213,313395.1448825184
11,53,3260072954742259.0,0.0,0.0,feasible,867657.5410496013,697923.5660381974,69796.90636477167,899822.0805188469,162584.77946858836,894324.4068739886
11,54,1746249366452200.0,0.0,0.0,feasible,950625.2074718678,610684.6596643899,483014.15871792135,599329.4003941739,502262.1390311352,478341.1836523951
11,55,528270799721518.56,0.0,0.0,feasible,946330.0071688622,969493.0297805341,491416.277708165,688599.8733647527,850687.3268805357,143653.14343250234
11,56,2102141410821990.2,0.0,0.0,feasible,623327.8764058319,658413.2171283951,472859.9837223103,425614.894001629,501917.27532329905,576136.6737484982
11,57,2183443401384593.2,0.0,0.0,feasible,623897.1637047749,545647.4993732244,14794.59724296426,589359.1791059078,493406.46819012973,598477.6283684252
11,58,154732701224862.22,0.0,0.0,feasible,131582.46793490855,798846.3276452227,252761.06859677663,588993.5385506424,256805.80884402466,41008.69832630594
11,59,130295704062609.28,0.0,0.0,feasible,706992.3407515605,754754.0884103192,452209.07395436213,425915.14867390157,415406.0673998006,34293.66169717452
11,60,695007416890532.0,0.0,0.0,feasible,121825.69901848692,315384.5982373166,817905.6831694852,78805.0258784018,230554.57148022985,189470.65874640777
11,61,399483361403997.9,0.0,0.0,feasible,145061.55188313583,644949.0153616295,9861.769319258347,678790.0745977499,271828.50104785786,108263.67393540703
11,62,1995214211880734.5,0.0,0.0,feasible,979922.5799231092,323381.7431770718,778760.5962800104,459320.55554429756,840288.9900293313,546754.1742223266
11,63,390153084943824.94,0.0,0.0,feasible,154855.94872241982,250842.5792323606,715238.3395018845,899029.6983094484,222008.69335927806,105699.80948946101
11,64,188110759646473.56,0.0,0.0,feasible,957416.851730404,181916.5745818761,905324.632786832,522933.30242408207,913174.6726619757,50180.647049065665
11,65,2049177486189921.5,0.0,0.0,feasible,825906.1895703798,450813.7933870609,333748.9504915111,527930.482042291,735107.836662686,561582.7295152736
11,66,496383627117013.44,0.0,0.0,feasible,397742.8813130492,878321.217621101,350804.52371454315,826113.9503155724,307163.4320136996,134890.87486828456
11,67,1609525121723224.0,0.0,0.0,feasible,30035.71745046861,58003.9783463904,253392.8081016826,214975.94718754024,24774.777955604604,440770.76101210545
11,68,2585989217428427.0,0.0,0.0,feasible,586057.7064878587,276867.7150672424,332850.21806412475,192707.69273354154,943592.21386918,709093.097269545
11,69,1995688009599073.8,0.0,0.0,feasible,845792.9438832066,434921.7402958952,309457.4004189764,717884.1654288331,523570.86899924313,546884.3689844867
11,70,1869787387441520.0,0.0,0.0,feasible,859674.2646440447,440786.7433608241,183271.95904011736,606728.0890066404,927420.098694036,512288.1670123265
11,71,615483498113334.5,0.0,0.0,feasible,436778.4716550556,157781.26827809637,409640.91408886254,121184.06441995915,742346.5409813572,167618.3000488418
11,72,3451359042029120.0,0.0,0.0,feasible,341219.33522394317,567117.492412842,208728.7168709323,737484.411924313,272582.3879352168,946887.8652337014
11,73,1653338495579427.2,0.0,0.0,feasible,785244.9836447816,461382.5212616592,744449.7888635324,897619.7223323447,354381.8573076251,452810.2275773628
11,74,3418521847772840.0,0.0,0.0,feasible,835621.064632808,910736.3648995024,91552.56485182677,558714.3329202089,382769.7978529245,937864.540446095
11,75,3388277724936395.5,0.0,0.0,feasible,778333.1269630684,55711.2272077667,963023.3452778462,433631.8044896322,956077.0547986896,929553.7651362553
11,76,1295675856236840.8,0.0,0.0,feasible,995035.205522449,277681.80853980937,266888.8329028528,932994.5722874826,499584.6560260013,354528.1961104546
11,77,1499767676040530.2,0.0,0.0,feasible,522020.2151809313,265224.25747463625,544503.2083109609,754054.945292419,254686.0259612979,410610.538658041
11,78,1645032831450626.5,0.0,0.0,feasible,561704.3579741347,216496.8894539972,130020.11902028015,985217.6498866022,965026.1591678328,450527.91610988387
11,79,2068831884414241.5,0.0,0.0,feasible,715432.6940958659,378790.99989655876,759442.3773194292,904943.0827401542,660155.0246105937,566983.5569215029
11,80,2742725806324751.0,0.0,0.0,feasible,120222.44174945135,895533.6822520273,683626.8361706549,509321.06954895303,346220.0812262552,752162.7071964832
11,81,2991492613313049.5,0.0,0.0,feasible,380148.83726805646,360568.58275524946,551956.9397362334,535040.9311578386,925945.4387238943,820521.2788305964
11,82,28282020803052.1,1223541.9849395151,0.0,non-dominated,191508.54464848514,812977.3401276252,716780.5667197339,302721.9583284863,568570.4407869237,6261.3422667477935
11,83,3470231878938520.5,0.0,0.0,feasible,981101.1761676084,668333.6550251315,480053.78262816224,507885.07673541346,415710.62557547895,952073.9275923781
11,84,3013204745510330.0,0.0,0.0,feasible,303385.98855799163,880516.867844842,892949.8748759711,255362.32547559048,836316.9128270759,826487.5504650873
11,85,3108943843586165.0,0.0,0.0,feasible,357868.96502811415,877626.0885146031,861556.6184696801,626737.7688469591,662627.879365968,852795.6744195431
11,86,2050697310046945.8,0.0,0.0,feasible,791460.173994388,978419.8845354555,145465.09736516318,914605.6021054257,710588.261318773,562000.3615509113
11,87,461747563850844.6,0.0,0.0,feasible,338300.18367023754,814389.0309673396,488686.03069440415,750662.2787508476,377763.68113134475,125373.2392939555
11,88,659303557162076.5,0.0,0.0,feasible,652889.0816357264,684913.8044817057,118283.81232967034,872278.0416554768,838086.7689202225,179659.60363656442
11,89,3174156528027645.0,0.0,0.0,feasible,967187.5495122683,504055.82953872305,85347.92540958653,762561.9878608286,4856.6507202009325,870715.4524430454
11,90,1621447822379466.0,0.0,0.0,feasible,381625.9344857542,451896.9501311098,937675.0154469772,183008.8537488955,16128.932120898784,444046.99708535353
11,91,1574479785872984.5,0.0,0.0,feasible,803901.8006181729,22842.031309246377,808529.8230187411,899519.5501445909,847521.6699265692,431140.66152189154
11,92,2740747325745207.5,0.0,0.0,feasible,855828.2788793966,825808.7351407458,319694.5631794757,113648.0312936206,470957.71582250623,751619.0409893199
11,93,1778920380484044.8,0.0,0.0,feasible,724751.691772586,350322.59352658386,844684.0839520335,841120.7801367212,152057.88276222412,487318.84381571435
11,94,142835884783583.8,0.0,0.0,feasible,763570.0988222073,19244.02467921596,12957.914789326385,628178.6756334868,842222.9799754039,37739.574970321875
11,95,1883053803501570.0,0.0,0.0,feasible,134799.32022114357,924026.6829545228,192561.92970818613,946560.9182904885,208127.18529860637,515933.6423213034
11,96,94551214633699.89,0.0,0.0,non-dominated,710898.1066626732,292596.22735804325,661182.9212255116,299514.07539510366,113818.23866897484,24471.441961621764
11,97,3356709937576046.5,0.0,0.0,feasible,821103.0904872903,546358.6506846906,904944.0968237714,636376.1844167496,487522.9815939013,920879.2603671992
11,98,1586609181420712.0,0.0,0.0,feasible,771908.2061785851,653333.3679688807,922741.8219886568,607816.3683699381,314792.0039507437,434473.69523513457
11,99,1571307898442314.8,0.0,0.0,feasible,675115.9974379516,588870.96961528,173310.02460100566,298549.6979547903,919035.822611631,430269.05933038617
11,100,9270609351566.395,9466981.567461811,0.0,non-dominated,218305.05587263624,163247.946660521,22744.829596843418,552685.9536770326,966207.3608577054,1037.1760605999425
12,1,1975146817726481.0,0.0,0.0,feasible,329151.97681362735,436283.96511693264,568908.8314280071,493136.77376918116,222381.93741231947,541239.8597628897
12,2,3532414943049689.5,0.0,0.0,feasible,532078.9107680588,817698.5075426159,226941.48480639965,451062.5847707123,879939.6173668046,969161.1969669934
12,3,108752614585395.27,0.0,0.0,feasible,893931.7227527231,451218.5979989174,837356.1542539053,47468.49108483235,538563.6898689093,28373.841271463472
12,4,2294783513195570.5,0.0,0.0,feasible,179595.98293096738,850934.6310404747,962797.6145988189,730684.6646515825,27442.50853145225,629072.7511708771
12,5,965607582695179.2,0.0,0.0,feasible,991814.1576689963,708792.0554376667,521074.0930388653,695375.8642949428,850422.9812063843,263828.81384878856
12,6,872283696691057.1,0.0,0.0,feasible,593559.0801803082,479023.81762105215,131448.3889872877,536369.427938085,756814.8611983993,238184.36544419618
12,7,2205305069959952.8,0.0,0.0,feasible,897950.9088016263,694934.8212484103,433365.6261916832,950522.264147979,626399.7303239793,604484.9910686276
12,8,3184841902778595.5,0.0,0.0,feasible,103852.49835162563,605930.0891597793,496435.9131917064,686998.2320189998,558867.2705592975,873651.6840255192
12,9,504855495731032.9,0.0,0.0,feasible,650220.8110065461,573087.9404304132,211574.70472221405,284729.73643081175,116605.21935257279,137218.85762666553
12,10,3503649278105135.5,0.0,0.0,feasible,439865.0843087648,236433.85356736282,744559.9445101668,801284.8398505886,891885.9309362886,961256.686749086
12,11,3284075442691235.0,0.0,0.0,feasible,637428.9163833008,562921.8354836047,630971.2255709667,457036.03199873056,257287.76693544668,900920.0448199072
12,12,1344796557440689.0,0.0,0.0,feasible,123548.9213350122,319399.9804767222,560056.8782999124,750379.5610366827,78425.84180039789,368026.0618933244
12,13,1148194586544489.2,0.0,0.0,feasible,195457.55233649473,789689.1792417078,146676.34116363493,91041.87536678207,749608.8314534102,314001.85314288654
12,14,718344083639401.4,0.0,0.0,feasible,310374.5533917488,549423.8709538078,983133.9785045292,629102.665897826,714752.2921645914,195883.33584335283
12,15,3319136867885537.5,0.0,0.0,feasible,182331.42866281266,549365.8609075584,962548.0883462885,193021.4303570821,473321.7206954316,910554.5654971435
12,16,1640561546219915.8,0.0,0.0,feasible,498294.94004097034,338427.07546033664,372075.74944999954,511948.07516418834,702277.4935578897,449299.252706432
12,17,1362677931346769.8,0.0,0.0,feasible,601433.1831418574,577910.649038183,950245.1850214659,218569.30994088468,14629.121047006167,372939.6803694931
12,18,774841618802641.6,0.0,0.0,feasible,969062.2946486417,678659.6086613275,999968.5647684671,324960.03491872555,526202.6018938597,211408.2800727044
12,19,2092399610393604.8,0.0,0.0,feasible,561454.116708577,666046.7019326565,338412.6052411743,977751.0884903879,224009.4644625967,573459.7267293553
12,20,3018349774892222.5,0.0,0.0,feasible,152813.8506426744,634601.1049523165,733893.7045588668,89247.13098811157,949788.8510217088,827901.3518633512
12,21,1541254134386446.8,0.0,0.0,feasible,191179.91397688756,227327.9779615913,696471.9519951453,574226.2789448728,139363.09832855884,422010.5926645161
12,22,2869498225638720.5,0.0,0.0,feasible,740141.6985837152,329054.7659151977,885277.3602925905,989468.2750977104,383755.95135963225,786998.4701015858
12,23,2923310533537169.5,0.0,0.0,feasible,434713.5247647185,930355.8775597889,713917.6512051615,915941.0351231564,757087.2834726301,801785.5413704877
12,24,3546129634480558.0,0.0,0.0,feasible,644265.2564795449,181324.4882000509,515972.44273925887,891180.1151460644,33282.933437016094,972929.8537583349
12,25,347006259622627.25,0.0,0.0,feasible,527544.4956169521,648728.9051239351,488196.9419898454,805907.3985482348,728735.4742332408,93843.50363736071
12,26,587775889104161.5,0.0,0.0,feasible,427800.69907897,397453.8686773326,572607.1555260832,948074.5332176478,812461.5465332585,160004.53276938054
12,27,1758178785172397.5,0.0,0.0,feasible,381631.139436031,959727.6766831476,99576.48875125471,322341.9958177039,342689.8872973973,481619.2657808373
12,28,2110548192452113.5,0.0,0.0,feasible,138079.1657515098,546520.6725962962,785785.0194711048,564248.5458321874,325033.91662098246,578446.7712700786
12,29,2305035618827751.5,0.0,0.0,feasible,625060.9635764573,815973.5618047353,494842.7429154123,223994.59891033536,28256.98049608856,631889.9248354123
12,30,3072002304245219.0,0.0,0.0,feasible,338467.69109226903,398381.0700286589,499919.8302525201,978291.6720868306,744768.4660181147,842644.5176238085
12,31,2541779816758177.5,0.0,0.0,feasible,879311.2253109307,960470.6510227416,365116.17117916717,689088.044424506,939264.4605965177,696944.8065903925
12,32,2250688775542120.2,0.0,0.0,feasible,868271.4863292851,674505.5616642056,464954.7025039527,950598.9436750589,205201.42337108753,616955.9687147974
12,33,1963516327751004.8,0.0,0.0,feasible,840569.8890406477,78513.52115836475,586373.4900374953,66678.50257785374,642876.4414075743,538043.9201930023
12,34,3229063247527263.5,0.0,0.0,feasible,337226.22522902995,914504.9930436084,960795.0779584673,542667.540458399,785048.8972168717,885803.2568151351
12,35,2557511577698858.0,0.0,0.0,feasible,766433.9546047132,117540.14354984247,768939.3562294809,612048.2604509938,316946.0114117427,701267.7334318535
12,36,782382489488079.1,0.0,0.0,feasible,993191.869739559,69552.16612859475,234375.69973463152,61960.39730360938,108100.59184905086,213480.43413206132
12,37,370235942463101.7,0.0,0.0,feasible,324395.58311382175,336814.624952818,476937.39622628334,250171.70935081824,132667.04858858467,100226.78265160235
12,38,1123071516183747.9,0.0,0.0,feasible,392519.45441583346,807210.2618348679,445295.6875696701,61464.800872367574,290613.92807364406,307098.29062297044
12,39,2383279539614960.0,0.0,0.0,feasible,658999.2873999795,724907.0425507945,400604.906522069,793083.2554912512,425548.6185249657,653390.5531902148
12,40,1725979208967943.8,0.0,0.0,feasible,998639.2685264532,819181.4640912868,404800.8383424391,943717.6434131255,356590.7378786127,472771.15190580656
12,41,2236876833071833.8,0.0,0.0,feasible,158255.14118487973,822827.9825028232,932810.9108692447,956365.8800237168,81898.86386389933,613160.5883335002
12,42,2609283929899147.0,0.0,0.0,feasible,551771.4811261876,272543.44611832855,87094.75814631673,653031.2234625685,806726.0809611522,715494.2457603912
12,43,1422601977988485.8,0.0,0.0,feasible,711808.9301220007,176709.3652032782,788848.8229174974,692793.5264694218,958035.5078377416,389406.1948717931
12,44,839153162511551.9,0.0,0.0,feasible,674592.9568472098,693739.4961321771,525971.2053065058,63002.02350198662,771490.4905028709,229080.4338489626
12,45,3143042872606687.0,0.0,0.0,feasible,431815.7949546151,285247.6581888302,322519.4373129891,349346.9953310851,376860.918550622,862165.7384814367
12,46,964733311803706.6,0.0,0.0,feasible,196503.76343070582,339385.5584622087,703025.396477508,184424.11891371914,709991.2603561652,263588.57315877895
12,47,2442598597373037.5,0.0,0.0,feasible,914554.5864725731,599340.8266547117,799809.7126253557,541896.0896545695,946220.9871084855,669690.8229412929
12,48,3132547396759591.0,0.0,0.0,feasible,890843.985333008,453293.6084503568,748459.9163279078,502180.26296739315,636936.1856578136,859281.6891735177
12,49,84972203020563.8,0.0,0.0,non-dominated,831336.4424165506,896769.434445565,224477.16884027267,478049.34593085886,127808.89308685645,21839.227642243663
12,50,1984363151283722.5,0.0,0.0,feasible,524200.5660432212,551697.9034356199,433633.0273129494,761030.5060446343,675775.4701913191,543772.4138656813
12,51,3386383069100270.0,0.0,0.0,feasible,97189.24783644463,905176.8374336512,62942.5075280703,99735.32570060858,960273.551935932,929033.1331103683
12,52,2642413083964071.0,0.0,0.0,feasible,610712.5845925516,959714.0096030661,276407.4931799915,927202.9478507261,994963.8776937183,724597.7981142678
12,53,769939710585763.0,0.0,0.0,feasible,774449.9082863277,448151.4110603348,879805.0442412072,230521.17348146465,352580.4330017104,210061.28588146123
12,54,3535719166639943.0,0.0,0.0,feasible,402288.7132854439,195714.14644738028,683505.6633205833,947386.4312615696,602153.2498972492,970069.1637802672
12,55,2042040179257586.0,0.0,0.0,feasible,142968.18187845015,227179.31183053888,552276.1579997834,511213.14911524975,341492.29862231814,559621.4706434995
12,56,3208855458730190.0,0.0,0.0,feasible,952002.8312689008,231002.2500315818,154875.67033583764,398189.4899833188,704451.5022867465,880250.3633452407
12,57,2561429451735283.0,0.0,0.0,feasible,829177.8640997482,592240.3474660207,868352.3888583804,950951.1436768863,29999.41631724221,702344.3251050544
12,58,3450310895942305.5,0.0,0.0,feasible,527201.1380451267,591663.0869025079,915115.327817432,352410.47548982006,389417.90192231216,946599.8454201822
12,59,172041638880606.84,0.0,0.0,feasible,321170.9674246364,922931.408125179,854633.9840009988,32680.21397812411,14568.02517879964,45765.01718160353
12,60,684229312896117.0,0.0,0.0,feasible,408339.65427705867,379327.4296873553,8195.763710493246,420437.10642874666,31615.953418312838,186508.94611721125
12,61,2312160847537801.5,0.0,0.0,feasible,238229.72158751785,433253.62099297624,494274.9506890597,896854.5674826025,991069.238627518,633847.8647353617
12,62,553998046165065.44,0.0,0.0,feasible,194023.79056626017,652930.4405886865,600079.4393763434,541242.1748714694,519526.2558509099,150722.72735429305
12,63,2587409954346802.0,0.0,0.0,feasible,218394.1348790628,772538.2787864497,281373.5259213437,875698.3056306691,173135.44946492874,709483.5012289145
12,64,675020087273473.0,0.0,0.0,feasible,997188.4218590012,361879.97592489276,83251.03621503124,516901.0104521191,886275.1541891497,183978.34520207456
12,65,2322949729104212.5,0.0,0.0,feasible,283240.49739854515,640946.1539498152,387969.18658532156,205771.09343870642,811821.6345968976,636812.5389309997
12,66,2238527388417509.8,0.0,0.0,feasible,530505.0340571722,332486.95454190345,518018.5736630127,149637.67584127822,129463.94331933954,613614.1440437633
12,67,2246438037499184.8,0.0,0.0,feasible,731960.6710949151,99248.87261963509,296669.46433832357,787883.0125374072,276933.3704353746,615787.9094205382
12,68,3596414473310829.5,0.0,0.0,feasible,390561.6375308288,225312.4589739242,45988.21902056696,69962.65982325531,106013.60791980603,986747.612642263
12,69,903442952231944.2,0.0,0.0,feasible,813126.0334775541,499998.44802466774,70557.90211135933,932771.2286695257,300067.3707644799,246746.6098518979
12,70,719739606135863.4,0.0,0.0,feasible,626044.8246782797,213396.07723640298,235038.29932656657,302631.0750674318,596689.2217815113,196266.81113773125
12,71,1006038844253647.0,0.0,0.0,feasible,77694.10807044878,551481.3403672384,66689.92368898855,389313.1990618986,715269.8438843925,274938.91058139683
12,72,603940583642861.8,0.0,0.0,feasible,580086.3065979725,409412.91109234665,290723.52591245266,90802.94972228995,208669.52352529162,164446.4253311132
12,73,2422731407297111.5,0.0,0.0,feasible,760047.574600831,962723.2174196523,652778.884226854,759879.1824398008,950979.4753520412,664231.5225128494
12,74,866843625171360.6,0.0,0.0,feasible,529753.2932053319,569025.2786578938,74551.9129404274,851429.5511374751,605161.0504552122,236689.4894871664
12,75,1253355116249514.8,0.0,0.0,feasible,890324.0404539121,220507.1296232523,806197.3846602177,200510.8770029592,81016.0149754006,342898.8900504689
12,76,2325947675960528.5,0.0,0.0,feasible,206020.82642691798,546275.2866195987,191625.35761982985,585045.41768835,86600.9066018843,637636.3440335124
12,77,971353976892014.9,0.0,0.0,feasible,946744.8179187013,133093.58129784188,550566.3320840206,256654.38648692003,168570.99096055326,265407.8641413009
12,78,750285519305686.1,0.0,0.0,feasible,617311.8400668012,214781.69644119858,788561.6910588349,576258.3185511158,48466.45485239126,204660.51534139118
12,79,3325628730103200.0,0.0,0.0,feasible,810129.7106704969,772932.1846435947,772003.3045426137,662008.5857727356,989101.6494037763,912338.4627695227
12,80,1205223947641815.2,0.0,0.0,feasible,955405.499595371,352057.2826121559,455844.0836923656,901043.1016451042,913235.037858479,329672.9376939804
12,81,1022896683184873.2,0.0,0.0,feasible,166828.73735780665,705146.5202815572,741353.0935785924,977577.144149112,810840.3803392218,279571.27212563925
12,82,2716774758032009.0,0.0,0.0,feasible,208636.76118270826,574418.7970834887,527721.5621862825,385214.06234221987,734818.3373301225,745031.6248178635
12,83,115175187570226.55,0.0,0.0,feasible,132220.69368979914,589835.9504245345,498750.8786771297,879759.553633064,351515.03294887015,30138.698572058085
12,84,825670568413005.6,0.0,0.0,feasible,227135.21220419914,886036.7464272178,174132.3512703497,403578.8922168997,527221.620718791,225375.55502828254
12,85,1133363770553074.0,0.0,0.0,feasible,355176.2883070939,364789.56821603933,846038.402693114,950090.8046432143,684111.7119994363,309926.49674942205
12,86,285783393201985.06,0.0,0.0,feasible,237368.23262498155,578109.6752563554,996595.0721880986,418669.2123215985,484347.59671138495,77020.08675739857
12,87,3152146454329798.5,0.0,0.0,feasible,535448.0468821236,805380.9982709928,481729.0855446811,755106.687253172,882046.4154525389,864667.309534586
12,88,3540341641174928.5,0.0,0.0,feasible,946283.8167070694,145738.67059714277,314993.3706180616,461230.68348382245,855978.7653491317,971339.3724566263
12,89,2802260796825969.0,0.0,0.0,feasible,281256.23385784094,608901.2132238888,606593.1523633022,590383.252385352,516246.79299678217,768522.3130546119
12,90,1480398279587309.0,0.0,0.0,feasible,793300.9935221862,613652.1796901986,998557.5856243038,961833.1429045806,463683.5361187411,405288.0268206022
12,91,1380079123058258.5,0.0,0.0,feasible,794214.9982553535,655202.784713121,542547.6198652046,498687.8707684516,815256.94032381,377721.349694793
12,92,3352120888926674.0,0.0,0.0,feasible,580003.181275602,781039.3196002087,711588.6349678207,221962.33408522527,517559.2447396462,919618.2367819854
12,93,3628058650691948.5,0.0,0.0,feasible,635253.3068095128,116066.61610997128,277780.3956485496,427861.0112127686,843540.0732827316,995443.1086069298
12,94,490738778609527.06,0.0,0.0,feasible,288416.7891552816,94639.51068758947,122252.62877473622,165559.6326743225,677703.1061563445,133339.7282915595
12,95,2849164068260871.0,0.0,0.0,feasible,574133.5762423058,896327.0382550793,288805.69139713893,87316.12595148044,132501.81758286213,781410.8518394821
12,96,257775719694195.34,0.0,0.0,feasible,962805.1835425864,490960.79347434425,241578.71738497342,237849.85965241297,438418.2024089774,69323.86482584018
12,97,3119483869760518.0,0.0,0.0,feasible,927650.6157052118,334842.3549583342,366560.41326449043,419768.88097528316,148266.06611532436,855691.9657012769
12,98,1219256854756491.8,0.0,0.0,feasible,295214.14537105366,429408.80592783075,365300.0759868208,743363.6489519007,630599.9105179798,333529.03689727397
12,99,1065402288886240.2,0.0,0.0,feasible,118250.13927684433,217195.0089836101,240855.20435742894,838532.2394234762,70116.54948919502,291251.3773911498
12,100,2307508721482150.5,0.0,0.0,feasible,507244.5785912305,373017.9686844258,321794.94764973863,149999.00383155138,777669.0993697431,632569.5081247023
13,1,3524317423165188.5,0.0,0.0,feasible,434553.56758324074,913049.6056053641,858378.8276012876,64776.69998184548,681450.0618934396,966936.081406824
13,2,1131652713831727.8,0.0,0.0,feasible,370377.3512668748,698771.7788761536,214889.32796308704,632885.9049529722,480830.87810815504,309456.3158805504
13,3,1903507417852162.5,0.0,0.0,feasible,981954.3125706811,229375.24120689902,555143.0691848495,105303.45002770591,918197.4240666662,521554.0861364917
13,4,3185202036474208.5,0.0,0.0,feasible,280077.76340071927,837740.4174301942,633143.6303000405,470393.6650316555,203335.5221032806,873750.64507795
13,5,1630137706423417.2,0.0,0.0,feasible,315461.47432562854,150717.5727080046,873443.3206868801,213154.6509392413,648186.3342744369,446434.88825179246
13,6,1992343732448986.0,0.0,0.0,feasible,905510.154516728,155999.4594431871,844940.5501688364,302428.40431365976,149645.26139458976,545965.3958630471
13,7,3608841283272748.0,0.0,0.0,feasible,912357.296930169,888552.8702259284,765210.3761834317,109194.36611870369,91166.70060991767,990162.372791535
13,8,2903403262818042.5,0.0,0.0,feasible,30966.553925103002,274322.89287335245,884842.7799091528,442525.1002499074,708726.661109737,796315.2271916465
13,9,1793902246174586.2,0.0,0.0,feasible,381424.46061057027,375429.5060409147,352421.3145065904,200006.4151990766,197506.3856684405,491435.7071200206
13,10,2301209337904318.5,0.0,0.0,feasible,422254.0836995207,993372.9480427747,409714.1873440579,242161.80420913454,942690.5779811791,630838.5020119122
13,11,1776545530567076.2,0.0,0.0,feasible,916956.9137500605,225343.07419852776,350400.843457159,10365.105343602427,848900.3708278761,486666.2593727384
13,12,2225469768383229.2,0.0,0.0,feasible,875412.6836953188,337633.55046898656,250463.149920008,390783.4438136997,851435.2764801218,610026.0437449707
13,13,2966573231042358.0,0.0,0.0,feasible,703913.2577222413,933139.243928295,767106.7279297194,843719.5591035053,16925.485236084536,813673.687712425
13,14,748153096975230.8,0.0,0.0,feasible,626939.192812862,502124.9362056972,83177.01418508534,336190.81911237,573525.2489127853,204074.54751716502
13,15,1786857694302991.5,0.0,0.0,feasible,440075.18109529366,851172.6126533679,32081.85269644382,667467.6760093778,373904.19980892295,489499.9363892925
13,16,2198567206124658.8,0.0,0.0,feasible,775447.922539104,234542.51986837958,69405.97707881148,213154.17075683575,473218.4729588864,602633.4950703391
13,17,1057739082838335.1,0.0,0.0,feasible,367823.8662200426,549097.7427389671,787192.9866325306,895544.3869513316,548235.2191659188,289145.60682668164
13,18,3386190233078348.5,0.0,0.0,feasible,292446.22819584975,297790.3269458151,207534.58659832252,520410.3906502432,160800.01913184754,928980.1437458395
13,19,985902673476785.8,0.0,0.0,feasible,290378.13108208316,676383.9977236582,969437.450690222,294757.02241808345,521500.6827656719,269405.69701021665
13,20,2806541475988782.5,0.0,0.0,feasible,783458.6648216024,150716.35934204308,119607.50819986519,310790.2634049119,864109.4451108827,769698.5998620702
13,21,670536970264418.6,0.0,0.0,feasible,631921.0088770824,163894.81030191728,252189.51710503653,582683.6941223517,151513.17077097236,182746.43054707008
13,22,3130749961584270.0,0.0,0.0,feasible,720204.0010315068,282760.5377304074,90253.35910548989,695421.129823483,91211.44166922149,858787.7723898544
13,23,702567690874315.2,0.0,0.0,feasible,87826.55612699888,32625.893820991583,107874.33061069953,183310.31484565328,836545.5715959708,191548.14463349513
13,24,3138293949944438.0,0.0,0.0,feasible,991831.4699622701,793964.4583922031,86502.73267814738,108498.95203047845,973849.6907970101,860860.7831543079
13,25,2878609509347155.0,0.0,0.0,feasible,1598.7278070701884,780432.0367900835,348037.7604810816,311855.81262941315,5587.181146095311,789502.1575814475
13,26,1310160971365542.0,0.0,0.0,feasible,249447.46044734004,314585.6809475492,939122.6270162462,785055.8074340285,2287.5500835079647,358508.55744620255
13,27,2686262074727660.5,0.0,0.0,feasible,735850.1753868553,634222.1653145165,593921.7426206629,856473.183971316,809786.4723536167,736647.0518410216
13,28,601525233809184.1,0.0,0.0,feasible,133443.01315545954,11784.667553649795,667718.4890931901,961443.5483281704,827754.1373614434,163782.71192567216
13,29,2387584580837538.5,0.0,0.0,feasible,225831.5631364904,516967.8244876708,879311.8437460155,640073.7149478695,354649.8856771144,654573.5344422726
13,30,140029665161180.27,0.0,0.0,non-dominated,693398.2655148202,639651.9121954042,447836.285700871,361603.1924035523,440282.95287323487,36968.45454874509
13,31,1433092344492320.8,0.0,0.0,feasible,756291.3024362255,75539.08151208503,788452.5230134693,350366.21379321784,262294.1827252436,392288.8401844945
13,32,2379204510350696.0,0.0,0.0,feasible,447042.615487742,399652.6324452619,702698.0198467299,316596.7874420954,370912.78121054027,652270.7768693916
13,33,3488169450805502.0,0.0,0.0,feasible,337890.47466305,39610.95984143621,843392.5353764214,822211.9846869011,609710.7219808127,957002.9886928358
13,34,1727960773481147.2,0.0,0.0,feasible,171067.72576865202,661134.8012685095,503769.718614733,899708.4842095035,343547.23603207926,473315.6655463656
13,35,3169060337642089.0,0.0,0.0,feasible,612225.8881889802,500858.19436120184,969846.0981687271,678356.9542946235,64829.35222920676,869315.071500951
13,36,1669166981543617.0,0.0,0.0,feasible,138684.16618797585,975271.0758737231,66877.14264762268,678507.5224748077,96123.16670804974,457159.7334649932
13,37,2532247065970396.5,0.0,0.0,feasible,872625.11606255,629698.1827937245,330773.0968713172,461758.88061879796,514914.04191295325,694325.304272194
13,38,701871805627436.1,0.0,0.0,feasible,877907.3573637125,563293.0649107997,629200.1842618671,720245.8634239676,947123.9265269339,191356.92249227053
13,39,759816417172345.8,0.0,0.0,feasible,863137.8165912791,232664.1908306672,568479.1624315337,685649.1861614345,243706.1374953729,207279.50849583608
13,40,1868822429249358.0,0.0,0.0,feasible,869132.7159629756,335123.8380552425,374662.8243742915,845814.9647540725,273348.1109312498,512023.00638056285
13,41,3051607247176253.5,0.0,0.0,feasible,881538.1546629012,317161.87377069925,890379.193992317,912048.2149091105,711646.5562048868,837040.1647500898
13,42,1763601264104659.2,0.0,0.0,feasible,69628.49713465195,653479.7641095091,873705.2707619555,201368.96715524464,360441.9990335147,483109.3074749565
13,43,3140573910666995.5,0.0,0.0,feasible,415978.0467231477,811589.9427080395,832685.8177759275,712754.3514723488,220800.14790199476,861487.2930181549
13,44,2895526454489719.0,0.0,0.0,feasible,122238.98772479431,863993.6971484585,302634.8625409884,381936.55514673283,215440.1602011294,794150.7609074239
13,45,720927081244159.0,0.0,0.0,feasible,184097.54619055413,602789.2795218881,862630.215261565,978113.9925512682,374585.8239443925,196593.11713987394
13,46,1228882092664309.8,0.0,0.0,feasible,923385.6882894257,459887.9878583388,656167.4779121453,890624.6317313188,689115.6609935148,336173.9537291563
13,47,2635880575799091.5,0.0,0.0,feasible,611469.2019790955,861976.3970802883,486831.8824115468,972483.1263319188,40096.12002850979,722802.7317517076
13,48,2602749986179998.5,0.0,0.0,feasible,706083.6304129672,493192.8409828279,41785.840057118985,812896.2336359362,60026.49139608492,713698.7849222429
13,49,899563327236403.4,0.0,0.0,feasible,623664.1844434859,797197.4680501078,796685.1801259846,233726.26446292247,812486.0481522345,245680.5286235303
13,50,758096914261101.8,0.0,0.0,feasible,632225.8290179877,623376.8299605433,778315.1069396788,155901.48119610868,862307.4192713356,206807.00670045437
13,51,2206143991217707.5,0.0,0.0,feasible,915841.3368844137,986877.0458903875,577069.2898395138,411667.04730065126,297368.2083802592,604715.5180412084
13,52,3607902708518224.0,0.0,0.0,feasible,410347.43198648415,551311.8808426947,199802.56878687872,791021.3331679867,137893.8075109891,989904.4620583153
13,53,3465416762108497.0,0.0,0.0,feasible,941487.2423669434,612149.9709708982,387375.0654730636,835374.3803776151,209764.06282178484,950750.7827856544
13,54,3526450781252465.0,0.0,0.0,feasible,485029.4343955239,415562.56748716824,941163.2491468528,518903.3995977242,708940.2563470468,967522.3063674442
13,55,2769622237065998.5,0.0,0.0,feasible,919675.0183866173,199134.62185605624,588260.1245905726,257471.24809011826,245976.86701629095,759553.5709929301
13,56,908193513713825.8,0.0,0.0,feasible,666096.4271381169,475911.3324527887,868341.2142761113,127574.1975410508,874364.5590798205,248052.0155098832
13,57,2150189408567315.0,0.0,0.0,feasible,374033.8246244968,745910.8846827208,197993.43433499348,573685.9112563325,580127.1875968185,589339.7716035268
13,58,3546048707427527.0,0.0,0.0,feasible,182611.4993547628,203270.77907880867,917578.462564717,992234.1416065926,258696.56554742847,972907.6158327099
13,59,1113770130124280.1,0.0,0.0,feasible,180660.38499278022,492648.04782209964,958553.7058907438,241138.2561360554,302067.209375568,304542.3649633523
13,60,621175662090395.0,0.0,0.0,feasible,145792.2196518758,700483.0286936123,956156.9032542406,361083.14711584675,497773.09328656,169182.44843218022
13,61,1981334439981038.2,0.0,0.0,feasible,541154.3749929518,821696.7200802971,137875.13152395134,61626.06973903252,551847.8100197393,542940.1550082794
13,62,2603792241155186.0,0.0,0.0,feasible,354032.6014735703,19637.215121216163,172043.24000612332,558899.9580579557,208946.25324681768,713985.1859186013
13,63,1230364394153038.0,0.0,0.0,feasible,192054.08082191655,840896.3413367799,995154.9527523803,524900.5371963476,646709.8844424702,336581.27500214806
13,64,2009400424549323.5,0.0,0.0,feasible,590563.7171158565,821481.8710630892,332201.99293170864,796319.9787553145,455966.9199487605,550652.4002222612
13,65,3222544451942004.0,0.0,0.0,feasible,935016.3513445046,501344.8825154099,895224.8757594523,132117.37959356088,179903.5117335204,884011.9585290898
13,66,514861096762216.94,0.0,0.0,feasible,498644.7614760597,843548.4408990515,629833.806604164,924552.7426165288,932686.3119663853,139968.2943506121
13,67,2271732812286951.5,0.0,0.0,feasible,555652.5626462126,332341.66072915733,478852.1945335643,904341.6088280695,616969.266475003,622738.6545590552
13,68,2366291128304201.0,0.0,0.0,feasible,361997.9102503691,139984.4069003622,328431.62914093875,857496.73754648,441334.3108819682,648722.3116929039
13,69,2332829432121104.5,0.0,0.0,feasible,657326.7924319636,813389.241952696,109831.2299998934,40842.61015291735,252294.13804590842,639527.3801695888
13,70,2841552707008891.5,0.0,0.0,feasible,736468.8774208447,999531.1741715043,143251.4953686992,990379.0027845736,613575.2256204828,779319.3276941365
13,71,1519560098358136.0,0.0,0.0,feasible,461969.25543738814,824809.6284448801,9783.213572034416,891380.5200576935,910668.8973153481,416049.29367198586
13,72,2755132180787609.5,0.0,0.0,feasible,88140.57725249114,855167.227560935,397626.39750002447,708477.0091815089,148097.6009708141,755571.8518798364
13,73,3642236732790134.0,0.0,0.0,feasible,748465.4127582066,584571.9413204927,124076.97881424018,813244.4762822054,373743.27067297534,999339.10040936
13,74,2575159455353759.0,0.0,0.0,feasible,393272.2078768536,861400.9948119612,973048.8562887381,176510.5059000688,14072.665288508184,706117.189528781
13,75,655695658299377.4,0.0,0.0,feasible,512481.08865674026,356854.7013778471,392656.0805068484,890046.3138074004,290979.68288248323,178668.1899675131
13,76,3289486414980328.5,0.0,0.0,feasible,620802.4020588564,139165.2696796829,900427.7315708105,197318.04147783451,238356.62574017767,902406.9246062912
13,77,1715655513829871.0,0.0,0.0,feasible,305719.5964010563,500898.1630380227,950927.4173340698,188812.66893308415,592209.5767455733,469934.3061780006
13,78,3442323368272693.5,0.0,0.0,feasible,904418.5523745944,841595.0246708369,196187.35234781686,970464.3252835573,909760.121858819,944404.9545945412
13,79,1342172223290446.8,0.0,0.0,feasible,459249.61062832794,788161.7017823916,69558.12031259395,478743.96132475266,8015.466844852936,367304.9217373163
13,80,277661802615402.56,0.0,0.0,feasible,151955.096828105,859166.0755725629,681428.4245122256,307226.8418642643,5052.658987077579,74788.35681473806
13,81,1297595765238444.0,0.0,0.0,feasible,558974.8403567125,527559.3059053542,647766.5033230635,950492.194617158,25921.403376616163,355055.7674476678
13,82,1439797772561924.8,0.0,0.0,feasible,528854.304674579,345991.22437785764,747607.395952994,63552.6015380081,676313.1315384525,394131.4231664555
13,83,1539388295391651.0,0.0,0.0,feasible,521676.14473671565,156785.50694201092,933746.5713292023,776713.6391910958,880732.5393025603,421497.87921159365
13,84,2468787627371444.0,0.0,0.0,feasible,732142.5843102555,978295.3482179738,858620.3584447023,224095.00574224212,224599.89288474628,676887.300256123
13,85,1427743209363787.0,0.0,0.0,feasible,984.3030022661775,902293.2805546562,493714.34756800364,315494.9505890902,675303.3315429513,390818.9526167306
13,86,3165666793227427.5,0.0,0.0,feasible,445399.6697299194,895715.8098776476,59628.250258659726,107858.70372120029,210112.31605563866,868382.5602396149
13,87,865691175646260.4,0.0,0.0,feasible,598902.4374737251,22987.28516442405,403259.2712429539,593718.3273261876,982927.6892147262,236372.8081566866
13,88,1750618355509683.2,0.0,0.0,feasible,757336.5426648653,904065.4748876388,213383.84530333645,713124.9391500227,838639.6673645122,479541.73711477354
13,89,2821274038673731.0,0.0,0.0,feasible,772779.2428006697,261183.40753577638,870272.1548813058,380019.07552816113,36554.95133411404,773746.9572528554
13,90,1102090857441323.2,0.0,0.0,feasible,253355.64337284394,958895.8678775451,405259.0518295105,51553.22903516976,602378.2432253091,301333.02040489676
13,91,1308093856786290.0,0.0,0.0,feasible,130427.46302781538,926325.7957239045,625342.4890063605,248439.7901750417,848581.1685873584,357940.5355233728
13,92,3605308252422550.0,0.0,0.0,feasible,981306.860808163,711266.5730579268,719599.3837454689,460631.3580032941,611656.521140663,989191.5320858047
13,93,1192841803925255.0,0.0,0.0,feasible,219949.7619962564,845538.850048873,66336.08124009598,9362.995722019277,37884.978008466904,326270.45137163036
13,94,1515527231128418.2,0.0,0.0,feasible,653087.1360862334,268911.8853846242,460942.1202687487,577285.3853264716,224090.1732877962,414941.10304659227
13,95,3307664287471782.5,0.0,0.0,feasible,374130.7449710389,142145.90490599867,555922.685106049,39786.52333547543,928271.7117975381,907402.0178581063
13,96,1123048138050185.0,0.0,0.0,feasible,455044.5364185164,18382.62713104075,550037.9978050407,492180.3184752625,27187.396387788605,307091.86655121756
13,97,556003533792944.6,0.0,0.0,feasible,879460.602741955,179294.05188718584,252724.23593353346,2105.2177379056557,469941.5765067837,151273.8148218351
13,98,2571559086794644.0,0.0,0.0,feasible,723595.4703290386,613620.012597322,180737.18557417538,66062.07113143569,274021.86972053075,705127.8451100577
13,99,760912746016911.2,0.0,0.0,feasible,455407.4336645003,802562.79250441,651375.354402104,282148.5803314387,509510.53767862276,207580.7684378801
13,100,2602731638901168.0,0.0,0.0,feasible,770677.1386649597,157319.82557859103,526178.5878810108,762706.0747463756,737743.7402618343,713693.7432778636
14,1,38933788492783.62,8988.898834618423,0.0,non-dominated,595049.3897844203,567888.3362243391,663587.2648273016,502760.5032811597,558495.2870095946,9188.342653624559
14,2,2959781724081439.0,0.0,0.0,feasible,678735.0185910289,699973.7523120509,273023.7186296457,108297.66342002698,854537.4907010872,811807.4511324243
14,3,1000240303291172.9,0.0,0.0,feasible,5113.076770624034,143604.6938012816,835523.3689412226,998765.9098313393,812751.2859627744,273345.53089157643
14,4,1013876019648967.8,0.0,0.0,feasible,335304.94549369236,227239.9709925224,482230.01881429553,475938.6695850453,679421.8596037026,277092.48614140047
14,5,948763507176518.9,0.0,0.0,feasible,743399.6319997822,756666.1994136592,847858.2803898318,242220.4393415357,491768.2821550349,259200.23434940653
14,6,2219080428563298.8,0.0,0.0,feasible,436573.1239357237,37527.99205708176,118743.29058075676,933663.1963529438,851685.4041989627,608270.3185778428
14,7,3507670007690454.5,0.0,0.0,feasible,721462.1656240303,506853.5741915776,180177.59571004147,875447.8491085024,973383.0671225311,962361.5420740666
14,8,2198654610449085.5,0.0,0.0,feasible,614690.4473733498,237405.81505694374,822905.9550749488,932614.760494615,569025.3278584672,602657.5128838279
14,9,3622431109755948.5,0.0,0.0,feasible,600603.6458552447,842686.6308448813,902646.0558770712,782381.7203238463,767356.9096450267,993896.7179736507
14,10,447843757292533.9,0.0,0.0,feasible,374077.52730721247,843574.5712968324,67917.01676099324,543123.6237011257,792787.641935426,121552.61560179287
14,11,929684033134823.9,0.0,0.0,feasible,161058.53531520162,997082.8977579644,99916.84042862218,665866.9182480178,121928.65444242042,253957.3902223693
14,12,2000360108484002.2,0.0,0.0,feasible,655259.2436968471,186662.22220237815,54573.70762438538,706371.4036874133,826206.0559005789,548168.2139241457
14,13,376613127643249.56,0.0,0.0,feasible,499205.0210771981,569591.0155523554,969136.6822149314,257912.946198606,984652.6242998524,101979.16784815975
14,14,3249192139560643.0,0.0,0.0,feasible,588365.3170554247,654990.5258239056,156868.45414004492,196253.25230466283,639339.982464358,891334.4702621277
14,15,2472409603954885.0,0.0,0.0,feasible,940221.1985301259,813688.7062988649,824144.2295343063,884620.6974274794,991427.347056745,677882.5823387036
14,16,3394104062786684.0,0.0,0.0,feasible,898738.5385350464,123069.4669111746,771830.7386800682,263012.6604879731,867224.7148284008,931154.7831262568
14,17,772133711159928.4,0.0,0.0,feasible,213340.27302942064,186496.27048666874,209087.05300072697,320300.26625449205,232911.81476858468,210664.17477660804
14,18,2030495253894028.0,0.0,0.0,feasible,61996.16437483282,993462.1144331844,348587.66394361795,394921.55983885843,700992.4889453945,556449.0433529391
14,19,1040131970729282.0,0.0,0.0,feasible,841519.3836658724,118930.37740281988,270765.361678735,299182.7643822153,785467.0158174193,284307.3526843869
14,20,342859034360030.9,0.0,0.0,feasible,958582.036393183,46032.00176329678,714995.2341305186,768604.3919665398,75946.5924117111,92703.88859535339
14,21,2274153725591859.0,0.0,0.0,feasible,104674.965781756,403639.95461634424,126559.997725777,261317.38220684178,150456.36982726865,623403.8967494302
14,22,1924075269619453.2,0.0,0.0,feasible,636294.9626407638,86273.95118765518,286626.9198470152,440969.13283304457,854238.5629114172,527205.9212242021
14,23,3023191488092708.0,0.0,0.0,feasible,405832.5292603622,745540.5896730284,631099.5754061474,272545.2750551771,252983.60172224668,829231.8050803785
14,24,41455643002579.88,221.54696564461608,0.0,non-dominated,394650.9830508409,841738.4926714979,541905.1344541267,373514.1354337698,440375.49628137954,9881.322480215782
14,25,448167051511408.1,0.0,0.0,feasible,894316.366620818,593470.6884436384,750925.1846019992,22971.310657427734,822462.4017393223,121641.45354318611
14,26,676742613319357.0,0.0,0.0,feasible,369316.5603791484,217211.96797173287,405545.26464762137,470387.98756777984,537211.8818077856,184451.67772390382
14,27,3560599881713646.0,0.0,0.0,feasible,691361.2990235798,519132.8327240284,562544.0076476029,528904.6310337109,73308.78761053437,976906.129548589
14,28,1021815429582488.2,0.0,0.0,feasible,968461.5147667784,44679.06674752866,23291.27655531564,200173.35432853852,701124.9917019258,279274.15470580297
14,29,1592692390614186.2,0.0,0.0,feasible,49001.55249412182,36659.85857800736,844308.7680185729,428067.0807179067,832116.3822682945,436145.2988403413
14,30,2451311606962965.5,0.0,0.0,feasible,262070.580420113,165407.3662675132,632370.5347415351,525325.2250218228,785352.9915987506,672085.0687710021
14,31,279984617649581.5,0.0,0.0,feasible,336533.01802559826,182049.62116474667,161197.83934155587,86392.05078341694,503948.3357267913,75426.64260466736
14,32,1072545578547051.9,0.0,0.0,feasible,51024.48210084991,582919.9992538202,529348.382379322,221.2611825659237,986298.5864931263,293214.2802554567
14,33,404611270341102.4,0.0,0.0,feasible,550130.3645523598,532874.4287026479,490422.0250003551,585163.9283563531,916074.7761510223,109672.77081072591
14,34,553635916692739.7,0.0,0.0,feasible,992834.5204228933,620559.726783502,143210.58122868725,507372.3774198886,4515.846320933523,150623.21788285472
14,35,465066326725294.06,0.0,0.0,feasible,767497.235345443,138976.81878709947,91727.73838468897,318486.75870776654,547594.7534468517,126285.20135367016
14,36,2158434717910466.5,0.0,0.0,feasible,548133.6997064815,248617.22901959906,590122.6052501353,910080.2418877437,798286.2899851477,591605.4981938341
14,37,793996835223304.4,0.0,0.0,feasible,320254.4489646483,601464.253660661,216205.76681523758,619894.6695858904,897733.1261326905,216671.9374300158
14,38,2026913298804162.5,0.0,0.0,feasible,791783.638675254,877519.0663574927,766836.3169963537,281109.78312138334,42615.83700905164,555464.7587670446
14,39,320848844658693.2,0.0,0.0,feasible,950459.379877022,716930.7976199876,985801.9648155182,713928.90634785,544221.0864117526,86655.71381032233
14,40,1534378836272681.8,0.0,0.0,feasible,523438.0621339344,108658.01464575421,959809.3161474868,174602.37214874895,543321.3568506682,420121.3311335845
14,41,1015894603276738.1,0.0,0.0,feasible,746785.8912901111,474445.9522199707,40584.44408528307,457163.46306052303,203497.2594121478,277647.17225563305
14,42,681621151860771.5,0.0,0.0,feasible,688288.6240071536,728430.8650313072,960873.6839152015,561354.0292079545,448261.4076666289,185792.25016759304
14,43,1421479988235078.8,0.0,0.0,feasible,965038.0346011542,124009.31726050137,656440.4886646539,714520.2544904995,711039.0440526044,389097.88357472117
14,44,871877885630808.6,0.0,0.0,feasible,184205.28425947836,801755.845355983,719228.160735816,358838.141957923,324139.4552924067,238072.85271961786
14,45,2906063228916416.5,0.0,0.0,feasible,654322.9887255235,506374.8640760111,258199.71620056813,894368.7115293349,522026.2463208322,797046.1586421939
14,46,1574662333153671.5,0.0,0.0,feasible,643321.360947885,303106.41585591924,29003.755845811946,508604.6702809669,949983.2391273545,431190.8236456673
14,47,851809627406811.9,0.0,0.0,feasible,43557.64754125849,834306.9763430496,243412.16455881586,890169.8283763404,352241.52561992954,232558.30082266204
14,48,1061403763438920.6,0.0,0.0,feasible,805772.9165463923,749231.6949850101,732309.7836871733,646080.2261083103,16306.219597936724,290152.6235359609
14,49,2722128457947905.5,0.0,0.0,feasible,637094.9615726748,484973.83823490154,624612.9385852502,981395.8457483196,320404.8167681146,746502.7667424594
14,50,1347216524867604.8,0.0,0.0,feasible,501690.5511229535,249062.9531862776,909238.6614353234,566333.4003972771,191765.61960012958,368691.04416611145
14,51,2238833811160127.8,0.0,0.0,feasible,189809.40186382248,415725.2328277084,519748.67627325887,110920.2813829623,461300.0034080817,613698.345876215
14,52,648240438233749.8,0.0,0.0,feasible,93871.20570544786,538926.9773292254,483826.9124909008,807456.0378087952,133804.1218451614,176619.57182157107
14,53,3375018130990202.5,0.0,0.0,feasible,55988.64594676483,179554.77664713154,970295.023478716,178124.01428937327,105854.0990111306,925910.16447432
14,54,2634264453061213.5,0.0,0.0,feasible,956410.9549472482,340081.87334845716,323595.00924165134,749514.7996653323,423645.0493342994,722358.6377695393
14,55,1116750465347549.5,0.0,0.0,feasible,826912.1429223369,487180.77843515755,140078.40533377117,132207.37772022065,194784.3912801625,305361.3305694153
14,56,3103576079883493.5,0.0,0.0,feasible,442093.51517469774,28113.465344364937,563648.1609416736,814243.8544468725,8500.260591102427,851320.6679103294
14,57,2080423037684104.2,0.0,0.0,feasible,948843.4616783092,791243.8029034853,661679.2931094402,850847.3447991114,36864.67070739805,570168.687167425
14,58,1574289525772403.5,0.0,0.0,feasible,140392.78855804793,544931.1921158568,347471.2610397588,865239.5456222473,360953.3583386027,431088.3799941743
14,59,3452744027237598.0,0.0,0.0,feasible,540818.5710874564,483395.2836884589,871154.6681534752,691707.1270084091,119253.43098418444,947268.4449892248
14,60,2887978620973996.0,0.0,0.0,feasible,948445.4442290086,383029.8561760193,272395.4040099028,182217.05902839577,627079.2002382121,792076.6935335913
14,61,880922135896940.4,0.0,0.0,feasible,457866.8501161779,884344.6794919206,770275.9599549031,845965.3043922966,706512.1198817153,240558.120095837
14,62,256084199134451.7,0.0,0.0,feasible,722916.4854708228,526490.2184748678,743973.8186949277,862054.0057734408,825632.6215635955,68859.05229416167
14,63,1586097561100601.5,0.0,0.0,feasible,161701.71460243058,564227.6050107563,7471.914462327656,402940.2389173243,182120.51228011717,434333.10720924335
14,64,176400446297496.44,0.0,0.0,feasible,415534.06329035084,565490.7075798408,246039.3705209416,494638.6564911547,980234.5892336541,46962.77283338857
14,65,2540872865281383.0,0.0,0.0,feasible,658986.1788199487,891234.155690249,876841.6897341089,81218.8779378089,413582.6625702059,696695.5856101271
14,66,2373662753776364.5,0.0,0.0,feasible,457426.096750743,716640.9330731566,246449.7162347663,501771.4658615872,115270.41563146132,650747.9589004208
14,67,53262670513533.7,0.0,0.0,feasible,40939.723343271406,214943.54164938987,321234.1489793297,216310.60942547055,360256.650701858,13125.772758095789
14,68,1296360541367930.8,0.0,0.0,feasible,238865.276592023,667200.2674366519,339733.3252956393,830151.4829198193,328739.4974708543,354716.3405745295
14,69,1847791323522756.2,0.0,0.0,feasible,604937.5783351157,577004.2478757177,764683.9890733237,131568.48357269642,772187.5889890136,506243.87384772405
14,70,2244975022852728.8,0.0,0.0,feasible,130899.90051700553,479950.5304547454,932573.9588209454,126695.1824656604,750850.0894565665,615385.8879743401
14,71,3334600506769360.5,0.0,0.0,feasible,196687.62665521764,338157.2993806224,690866.1865889964,61667.27663057402,100954.13184422202,914803.8151424695
14,72,3033984818145800.0,0.0,0.0,feasible,48809.46139134203,172366.76502463332,565101.0791715493,250429.94606338537,857301.4558860282,832197.701674612
14,73,1786783191487955.5,0.0,0.0,feasible,637803.9972518316,113184.03940017062,232298.85896811,123721.48866978732,792854.4276750593,489479.46377849585
14,74,1606954849908617.2,0.0,0.0,feasible,296104.9778927151,945812.9135541779,386477.748198944,594855.8120734855,875008.2136648303,440064.47663242853
14,75,2192104177087808.5,0.0,0.0,feasible,689483.5393646793,724193.8017485385,234552.31688203613,442932.6558160894,370013.07440978533,600857.5208608471
14,76,1799640582120127.0,0.0,0.0,feasible,611001.7171122787,358433.3966356131,772660.9966642268,175011.44413862706,312141.2586169542,493012.54308757914
14,77,219082814148891.03,0.0,0.0,feasible,277802.4519485019,430235.5679009847,746103.913249466,210691.09144075174,536470.0844428309,58691.45052799907
14,78,49924382601869.016,0.0,0.0,non-dominated,774730.2884941958,261860.12966234292,786356.3028157451,874199.3820664247,180916.12299775876,12208.44541805577
14,79,1559314926535292.8,0.0,0.0,feasible,78437.09817166347,213612.33284557395,444558.3363847193,84110.96376850939,613505.1171294136,426973.5134368754
14,80,3572553424899926.5,0.0,0.0,feasible,966541.4943004886,12545.880176344392,151051.38605307444,256616.31707328145,286678.60117983544,980190.8408333195
14,81,1042647533125280.6,0.0,0.0,feasible,147374.45243667494,651584.2309889618,963009.2749580793,395059.98365795764,217736.76706390624,284998.6034759567
14,82,3105496033804300.0,0.0,0.0,feasible,309935.8469760537,867747.9122741673,106652.66231827956,771406.3014333469,451614.65297991113,851848.2515908798
14,83,620781795081967.8,0.0,0.0,feasible,598327.5462513074,574943.7133148803,512457.37823190814,388443.1313304054,25771.505865834988,169074.2178107567
14,84,1898903675643758.0,0.0,0.0,feasible,262221.0788601264,798041.1564562712,462300.20796118357,976174.0983683253,974595.9803538409,520289.0249116916
14,85,1172660710256235.2,0.0,0.0,feasible,904780.318269199,943089.0460729533,537909.4875815962,977172.9560308518,585950.4210779042,320724.893449615
14,86,3085357834789198.5,0.0,0.0,feasible,982128.1747011376,33879.24592126011,24766.59619059411,411067.74978586234,63077.67274708444,846314.4806805967
14,87,2717191110114430.0,0.0,0.0,feasible,599897.383988041,830077.3067239999,782547.0443253095,802892.491249946,968370.5399094992,745146.0341074136
14,88,1335831620350276.2,0.0,0.0,feasible,818711.1269776721,393037.6953446467,914547.7140379739,420159.21806177835,289092.9296372277,365562.5889657681
14,89,2814052233890043.0,0.0,0.0,feasible,182115.54517018847,750208.2872385781,727052.5736502139,796666.3429218683,798675.872031734,771762.4792366362
14,90,2099989287247890.2,0.0,0.0,feasible,925069.8315885192,315104.1743838081,291501.3807013183,732646.6312899735,232354.71071838256,575545.292224224
14,91,2991827065643317.5,0.0,0.0,feasible,307760.9455482422,510718.4245671826,213086.0517825431,768786.4730928825,677370.5885945616,820613.1829067615
14,92,1854932200302238.2,0.0,0.0,feasible,866119.0518282752,468585.80288580526,226021.80470016916,383885.89123217063,215047.59720072022,508206.11367694516
14,93,1659555151012353.8,0.0,0.0,feasible,837930.1732408823,969211.1727453214,737023.2234424666,696424.281544323,358872.98792823346,454518.5008429207
14,94,1605320230000416.8,0.0,0.0,feasible,345477.86595180887,233297.7050786871,65042.8792549216,251949.4566874167,245892.02398233366,439615.29981723335
14,95,1306331642625999.2,0.0,0.0,feasible,507877.0909826384,254456.60157139084,844304.4618507808,287037.8828804491,857266.9642752372,357456.2971140397
14,96,1097978132797809.1,0.0,0.0,feasible,369419.1655176574,936020.0249530158,733921.8674810468,649776.4126178334,294713.86408580316,300202.8857797887
14,97,110626719475203.77,0.0,0.0,feasible,520527.50348153565,246038.2293110705,863576.6565574416,493868.09891987365,635722.5857388796,28888.82610770749
14,98,2320152424810982.5,0.0,0.0,feasible,363401.98510630557,951654.5521279038,228283.90670658523,909421.2654098361,254327.7436051326,636043.8683506028
14,99,1852296010186970.5,0.0,0.0,feasible,216497.71295597567,680554.7529423264,927549.2376991197,56985.028734084626,152620.22474872845,507481.71562313184
14,100,1723024927748598.0,0.0,0.0,feasible,740984.7698873582,187288.95842131067,490562.2072083013,444885.3959391177,813558.7702720882,471959.3456732755
15,1,187843988495697.12,0.0,0.0,feasible,793199.0849211243,349868.5420110599,627634.0474180083,778416.4478676787,86408.89283360443,50107.341068090784
15,2,1591104168076463.8,0.0,0.0,feasible,212397.3340621171,222918.98628843576,505442.13087352144,18321.986347329534,131194.9307605831,435708.87154752755
15,3,3172998063545224.0,0.0,0.0,feasible,382310.6940310942,211066.7051293798,516151.3058344205,706806.2369859779,66144.35858477741,870397.1182638762
15,4,754854665654272.4,0.0,0.0,feasible,288876.8852035876,622513.2184052097,485651.50122038275,929730.9216388484,989694.8032390804,205916.06997811273
15,5,1698803113742445.8,0.0,0.0,feasible,896743.8932172136,927927.0146586163,642390.1569231908,611371.0030899006,147182.46704365316,465303.4391723506
15,6,1349409820744898.8,0.0,0.0,feasible,734098.4934502109,682982.6255945705,513317.83368016087,497199.0550862616,348078.2707702042,369293.7394177728
15,7,3188309278969140.0,0.0,0.0,feasible,220191.92422642373,249089.35240252613,286217.73461596185,207051.7858902486,90657.35727090864,874604.4835029627
15,8,1234616952259444.8,0.0,0.0,feasible,95288.38356477315,687202.8492533045,410286.7206095368,102992.83482211482,183472.64286406848,337749.83443121496
15,9,1540161784263752.5,0.0,0.0,feasible,89515.22592140663,234266.79002451143,737907.3014602207,735253.803591672,323453.69451681356,421710.42603450734
15,10,1047461844273504.2,0.0,0.0,feasible,804085.06997677,606236.5125711531,716104.0830412891,611534.1632230313,722364.1256255343,286321.52688957046
15,11,2585469303259028.0,0.0,0.0,feasible,667852.0478144619,358958.8205886811,808830.567558161,626161.2064845568,908215.4531370348,708950.2301787834
15,12,3056486451745037.5,0.0,0.0,feasible,444724.9449113309,883821.3469100752,796212.3653934641,743698.6550212621,721824.5592075184,838380.9202112812
15,13,1792654985027128.5,0.0,0.0,feasible,132481.02146810992,72234.74753414335,968553.4068678799,451158.04986374395,983129.9754604277,491092.97252641805
15,14,3299098860564593.5,0.0,0.0,feasible,45922.946468813294,700163.7872054832,427952.52623295,542837.1491893094,403584.0491871785,905048.3262386316
15,15,2649138156071523.5,0.0,0.0,feasible,527985.5624718576,935615.7525082194,614964.963495591,624751.845379774,275716.32578207547,726445.7790767098
15,16,857295963276353.2,0.0,0.0,feasible,200506.6185401314,202889.1601533735,118949.33883389963,860645.4960732688,78206.16231550892,234065.88974936516
15,17,188688468459477.6,0.0,0.0,feasible,302804.2145766783,262690.60811174155,840867.3019002598,41209.95086135644,337241.03450797114,50339.39551617628
15,18,1140871415925215.8,0.0,0.0,feasible,703394.2256956693,464338.71832420264,442948.54187159776,768211.1302402942,525310.4081715818,311989.5208328529
15,19,556625992270171.4,0.0,0.0,feasible,766534.5482961586,204668.05096349498,815226.7595957022,472054.3243487271,867970.5586745902,151444.86003851777
15,20,638503321587177.8,0.0,0.0,feasible,655700.1893141309,184445.49703688506,943623.176972629,104300.63100844651,649236.7006188197,173943.91185771697
15,21,54960758587937.1,0.0,0.0,feasible,864885.0239548631,924049.16492122,966371.081100113,562805.8796649893,496638.2598654696,13592.389975563225
15,22,3447974674866234.5,0.0,0.0,feasible,347350.71368158056,825166.4393717829,943638.1259592003,202670.65075314074,445930.7010633558,945957.8757871948
15,23,2975787748246854.0,0.0,0.0,feasible,448547.6989848501,419899.5006982952,304916.6001000447,432205.7624935513,988442.9313097063,816205.7427000784
15,24,1822154612885850.5,0.0,0.0,feasible,979548.1089564776,556068.2104237422,370205.10813232046,393553.2307136177,543848.3147064032,499199.16823867394
15,25,2875866081193086.5,0.0,0.0,feasible,285686.95831663697,378380.5099397782,431137.96290713054,380597.7357810049,982375.0653634373,788748.2916124971
15,26,1834470781612227.2,0.0,0.0,feasible,770414.5705470281,572310.6762177397,581145.3536464304,634024.9883978555,528479.8789568472,502583.5253091871
15,27,1786298863649782.8,0.0,0.0,feasible,40060.195044466556,843232.0345360296,145093.2085042123,889445.1544121611,553614.426926941,489346.37544721505
15,28,2518652507697488.5,0.0,0.0,feasible,488816.23233429313,251058.42138368456,618861.7184324318,318947.6988518767,738140.9208136232,690589.6588427118
15,29,1129942222336733.2,0.0,0.0,feasible,520169.21004111925,550155.3843199933,354628.3881157824,333635.832733368,484416.8134185241,308986.2903300933
15,30,2804807283925616.0,0.0,0.0,feasible,853729.9598263955,719481.3222497968,473250.3951269558,271860.7205883368,318455.6239404702,769222.0616381308
15,31,143237949250442.3,0.0,0.0,feasible,277042.6142357645,182639.84641900525,90908.42443252364,876929.5063629114,879182.679188362,37850.058169395015
15,32,394994106884805.94,0.0,0.0,feasible,566096.6322720647,709772.3368060382,797407.7871246812,405277.0617382603,439765.95385629556,107030.07275545385
15,33,2306314949727801.5,0.0,0.0,feasible,680426.1303620153,750192.5531968112,518006.4666970644,438942.90968395036,363878.9895506977,632241.4718686905
15,34,1110097813974149.8,0.0,0.0,feasible,973528.1888827622,798867.469782548,906850.0520479609,669202.9816234809,521450.349720884,303533.2500832324
15,35,690098498319115.6,0.0,0.0,feasible,931963.8220667968,956763.0812136609,720716.1704357127,377942.1070166175,610422.4138112981,188121.73818151111
15,36,3544957910377564.5,0.0,0.0,feasible,212922.2301268097,362051.0695963024,318005.1573315283,91327.34833532307,684124.8143927994,972607.8759711871
15,37,3195792430243984.5,0.0,0.0,feasible,197546.77361146876,912020.2753474799,974017.1002921496,215567.35223107884,591691.8273300501,876660.776859232
15,38,3386448770356383.0,0.0,0.0,feasible,831699.648350149,297226.1209369672,623690.3046288117,402247.5645975373,496284.73902680504,929051.1871428849
15,39,3628946946193032.5,0.0,0.0,feasible,512655.53717553103,284792.6642583821,608398.3122855572,358258.2599083132,155595.81096073624,995687.2031160736
15,40,893860264020878.5,0.0,0.0,feasible,484952.46758479933,814075.8651112937,357526.48713380116,181294.80265641495,514728.177376735,244113.38524105054
15,41,1298007384423841.0,0.0,0.0,feasible,882987.5010946597,311341.4098582924,265340.6554865654,446709.47284360806,754909.246970428,355168.8761855721
15,42,797695527367459.0,0.0,0.0,feasible,823221.051511173,898566.3794432299,661602.5282532567,840110.4508936133,136101.06131290138,217688.3001632506
15,43,2887192084171758.0,0.0,0.0,feasible,349416.6584994766,388161.32479974005,19881.17914322884,759239.6765728825,948672.6561014304,791860.5612730636
15,44,2530203455242712.0,0.0,0.0,feasible,347246.4059399406,250507.75846573676,429625.5978323373,117701.88153905072,389941.36276057153,693763.7409671376
15,45,3542398244602630.5,0.0,0.0,feasible,627852.345180574,327974.27409568144,575573.6101441435,604621.3693454163,679613.9013226127,971904.5060226255
15,46,2073270019678577.8,0.0,0.0,feasible,857772.8575053143,898854.1551298347,697612.540376707,319117.7948094373,320013.6419010207,568203.1110535914
15,47,305353130518329.2,0.0,0.0,feasible,781418.0210923597,427216.80559050344,71409.61101645732,555075.0273864866,536332.9456153408,82397.65021289214
15,48,1793897782597885.0,0.0,0.0,feasible,658189.1970213172,87592.63794920563,576181.4247414836,202026.50414183488,34239.19336001539,491434.4805748421
15,49,585818471116965.1,0.0,0.0,feasible,549398.5805395411,995655.8781531164,863777.5657249787,930564.22567357,247029.47429528888,159466.65434695117
15,50,2893762508348533.0,0.0,0.0,feasible,405409.39705213637,146904.44058142748,611638.8874731716,419745.1461079653,21651.79616731892,793666.0465674731
15,51,2116582357160294.5,0.0,0.0,feasible,59460.93628638315,463476.3166544967,124360.8448293316,612849.160737824,867808.9168798041,580104.8979528544
15,52,788124009398310.0,0.0,0.0,feasible,997641.2080964717,210864.20712210148,989463.9807938604,522387.3637532405,934642.6350801951,215058.14502051868
15,53,1702674604127657.2,0.0,0.0,feasible,503493.14850366535,807772.1885050577,617177.1440414814,622000.1742037379,349771.8249096989,466367.28509308357
15,54,2359091420539935.5,0.0,0.0,feasible,854648.9213635694,321754.3283404439,942043.2971848864,602772.9587974893,367105.9221806784,646743.9057113881
15,55,776603710699945.5,0.0,0.0,feasible,330087.7866020369,605862.6303917767,380957.7622318225,829784.0385033938,392416.4319337387,211892.48488542045
15,56,3010295633697557.5,0.0,0.0,feasible,229690.71333030303,538751.4750257737,566209.5125423501,604056.9803513173,165969.79438751825,825688.1563230287
15,57,568039776509984.0,0.0,0.0,feasible,483314.10661029554,832941.988780997,202610.60156295224,428196.61453126644,659689.2953115604,154581.25109092312
15,58,2341957482539276.5,0.0,0.0,feasible,242155.82076062006,223139.03509431827,987008.2185412038,366264.2877737562,205927.75881335637,642035.6749696252
15,59,2704413477499445.5,0.0,0.0,feasible,823929.6803826063,705085.3040815118,723021.8390661731,822570.8566385817,929956.1967711934,741634.8714848742
15,60,3567779012387260.5,0.0,0.0,feasible,348368.57647726574,855397.4373253734,621823.2287681163,128220.15387907306,315000.56231060985,978878.8811562663
15,61,1684762721320783.0,0.0,0.0,feasible,260401.57652702366,342010.62605514866,645665.5626844811,588514.4508693796,287665.86531207315,461445.28308333334
15,62,3550791545095976.0,0.0,0.0,feasible,777766.661848635,475182.7417363707,347891.25294876186,536656.691844978,388669.54405711853,974210.899065842
15,63,3461738563871382.5,0.0,0.0,feasible,521208.9200474779,814623.3137257124,965169.8477376447,79783.0370385678,872251.9212872442,949740.0515682534
15,64,2148040763767374.2,0.0,0.0,feasible,718079.8090653018,683941.3515645387,505710.8010325297,260990.5805394359,548709.9284128102,588749.3460107751
15,65,1723293799808201.2,0.0,0.0,feasible,453756.49809745734,745674.9470788115,514339.83557383635,995400.6116971095,513786.5396479781,472033.22896248644
15,66,3132912366763962.5,0.0,0.0,feasible,984093.9682620489,896124.8585490059,127142.22661095033,859547.0186936646,114148.7904953766,859381.9791940802
15,67,2220982669132700.2,0.0,0.0,feasible,936429.37250206,379925.5326893391,218971.80279825002,156593.81638064157,556985.1907200462,608793.03481078
15,68,3488838443624169.5,0.0,0.0,feasible,577142.2649208335,693382.9465652474,244452.4989551989,578571.7877393117,942529.8273833251,957186.8210701182
15,69,2582938643906338.5,0.0,0.0,feasible,568720.6435711127,997870.8649134926,53552.84638586745,156230.23136564766,635607.2670067768,708254.8308980807
15,70,360404094082047.0,0.0,0.0,feasible,610371.5016540532,464559.08485782694,562850.0062042713,166807.3621997091,306873.44366434234,97525.09137699561
15,71,2690493411261753.0,0.0,0.0,feasible,651922.2196995844,947508.3290500797,913644.5990404611,886989.825327469,355650.40293488634,737809.7797992873
15,72,3577527404397275.5,0.0,0.0,feasible,412938.3473192661,484849.55509340134,513585.07841691497,484212.63966532575,375588.2141981524,981557.6394745552
15,73,2168835156602550.2,0.0,0.0,feasible,736525.3450972761,810087.5686427909,786317.41860023,323711.44130860426,830675.1515932844,594463.4322645658
15,74,597637754820722.2,0.0,0.0,feasible,689339.7339376771,200142.16793432372,921794.6568414888,827284.6809236718,709899.4861978255,162714.47250046066
15,75,1648361601706904.5,0.0,0.0,feasible,156431.64348819014,96380.38836787263,199238.21211819962,271362.1006073389,754230.0657516473,451442.6280956674
15,76,2366056864982524.0,0.0,0.0,feasible,277904.98717477993,554157.2638176947,173952.4246876483,169042.41378273838,407247.3080374679,648657.9385305436
15,77,1809224042963839.0,0.0,0.0,feasible,530170.8738340874,201648.34463095057,770071.5179743127,74870.85102329488,239362.97849738723,495645.9800099674
15,78,1559928303304153.5,0.0,0.0,feasible,259652.25565076564,454953.1322711586,129449.63971874057,578643.874910506,350788.6054864299,427142.06309307955
15,79,3457276483548554.5,0.0,0.0,feasible,291841.422854855,517214.74748965073,898984.3952229439,471640.5184571397,873708.1847455553,948513.917579246
15,80,1365712933369178.8,0.0,0.0,feasible,867440.4596027745,403682.3337596361,281974.88095678407,588895.7257927642,959839.5662296305,373773.6678522696
15,81,2927291974523866.0,0.0,0.0,feasible,32956.74685374813,571999.3044150687,880631.3788174698,690979.1349621308,866126.2744132589,802879.6005908116
15,82,3369677958502584.5,0.0,0.0,feasible,577816.1737023051,298528.2096652782,996306.1173054926,684523.7220200652,276846.88543256035,924442.7397485183
15,83,1718905492706368.8,0.0,0.0,feasible,77606.8320704126,663828.6379450472,683094.9422379993,674848.6050515749,185409.91988798694,470827.36709930294
15,84,2035241488277177.2,0.0,0.0,feasible,273006.15461507044,259960.82768319076,323160.0987682931,382065.15340433887,35058.71135391034,557753.2599684944
15,85,1507298367808067.5,0.0,0.0,feasible,757903.7047186742,437595.1717997751,660514.1476292614,27007.937607581498,543408.4071178583,412679.89565497276
15,86,3422878272262220.5,0.0,0.0,feasible,943824.9775661035,233497.89684216218,282445.7597898251,318129.7442838823,896525.570582504,939061.6412937975
15,87,1467085070168587.8,0.0,0.0,feasible,389049.49375744484,37083.24823361763,766584.3296988736,635964.2869409972,168593.3922151571,401629.69317574246
15,88,1183702717455004.5,0.0,0.0,feasible,143740.31888325853,473158.8561933024,32856.01128256087,449185.6913583688,228908.83300514118,323759.1239774722
15,89,1125650819124625.0,0.0,0.0,feasible,283141.53903003037,772568.1933071953,637331.5716651651,456161.2395357994,713479.172317892,307807.0566636839
15,90,53168456431277.65,0.0,0.0,non-dominated,104095.16458441071,99233.6115414121,408581.19632013876,62524.29699750672,155408.9391191624,13099.88369287518
15,91,2322191227494711.0,0.0,0.0,feasible,131224.1887390421,397830.4368945936,352331.21891115577,958689.6303783059,394453.3685239532,636604.1104544058
15,92,1826450461161185.8,0.0,0.0,feasible,546502.7517392286,572422.6254761708,976432.2461171005,908076.0564663437,983742.65865896,500379.6233629486
15,93,3285384662171896.5,0.0,0.0,feasible,607355.1336988753,553456.9682897462,248665.60232036674,781113.8981482297,70802.43155786136,901279.8049291319
15,94,347066477752253.25,0.0,0.0,feasible,737547.6967598166,386803.9543130381,733976.0168036361,978403.5932647391,231592.80337030586,93860.05096285621
15,95,2227867282423847.0,0.0,0.0,feasible,350674.0853183149,312094.29720455495,648371.44508887,411641.8506959954,216624.14660749878,610684.8560570854
15,96,553191643261753.0,0.0,0.0,feasible,6071.170631449096,626804.8614581552,69163.5437141624,620927.9261732076,174630.05160423505,150501.1360925833
15,97,1768762738915143.2,0.0,0.0,feasible,419516.88066188386,574534.9752456851,321425.6903341201,495488.074625939,102699.46399718653,484527.6279086257
15,98,1396161628750486.2,0.0,0.0,feasible,504402.919650618,966162.5325360574,52808.24102813087,167018.53796099743,374801.6378507334,382140.65760298143
15,99,3083416642159891.0,0.0,0.0,feasible,337789.0183601797,81458.3970921428,547545.1489485559,840046.4136646962,347119.3368485876,845781.0608203966
15,100,1792733050069712.8,0.0,0.0,feasible,642276.3127003758,991074.3888521009,765260.3591928472,11446.108804269896,232244.78748112533,491114.42400087405
16,1,2010285921230138.2,0.0,0.0,feasible,623929.8989874123,446631.44269209856,519719.8515375218,497817.2132531464,536920.2769301754,550895.72564425
16,2,2121142220225786.8,0.0,0.0,feasible,263077.30143053277,185720.9858012233,715975.3468813382,594021.6225688963,189430.77241719453,581357.9016384259
16,3,2489326714451582.0,0.0,0.0,feasible,625883.1699411409,87816.8779121107,427466.2734556081,142883.23059831088,51668.2351366219,682531.2311023028
16,4,1839677965086386.5,0.0,0.0,feasible,840606.1564401205,270841.4018910821,51110.87811502895,912657.3194415962,820894.7317252002,504014.4060156595
16,5,3374066983715638.0,0.0,0.0,feasible,525913.4277366919,942576.4984356563,502661.74222560605,803098.0718543392,459470.95995616145,925648.7989413132
16,6,2350634920689187.0,0.0,0.0,feasible,195937.29077990598,527416.6383219878,963957.317419009,478764.90065944445,394229.48754488013,644420.1461318054
16,7,2450247478561372.5,0.0,0.0,feasible,618157.1832154428,404283.6099860306,828107.8738375524,316219.6204526094,185182.52876411306,671792.6571810121
16,8,2036421006258856.5,0.0,0.0,feasible,227861.9487937935,142408.465235569,922174.4009764367,49762.07556601259,380715.20765159215,558077.3794337097
16,9,2688743264228788.5,0.0,0.0,feasible,365399.82747172914,827024.4805100204,321555.1827873503,33898.15359614959,514774.68766653456,737328.8573129978
16,10,2533816682866032.5,0.0,0.0,feasible,631405.8584448232,961257.5627902162,617049.9142660997,282578.97100596066,346029.059646569,694756.6189250508
16,11,2297099773288488.0,0.0,0.0,feasible,162009.35569533272,178581.50260727864,806701.5051598763,199023.49359255578,244710.09104846048,629709.2357300586
16,12,1817242434647068.8,0.0,0.0,feasible,698314.8992965833,438968.83909646916,712127.199420215,249010.1756370016,707152.1074593839,497849.35195055837
16,13,959423731593458.2,0.0,0.0,feasible,773754.6359739216,655000.4477696762,920819.2984843185,976960.2944424292,587383.3838440712,262129.55487758838
16,14,1625965535229574.5,0.0,0.0,feasible,374603.89331299375,617663.0826591876,792864.1019322227,392655.63080548105,249815.82645635537,445288.41832328023
16,15,421109273771114.56,0.0,0.0,feasible,191145.43558392377,335968.01467256714,477479.0215466196,466173.37957387656,862165.4209236766,114206.25324330536
16,16,2986009698759795.0,0.0,0.0,feasible,138629.50417817794,167942.55127034098,423732.1023735575,853450.3256818481,631838.4928168186,819014.6300465808
16,17,76197861548386.17,0.0,0.0,non-dominated,203434.62203940866,786445.9713377525,464537.4010749828,329002.8411799755,997437.257379457,19428.128439220814
16,18,167521985301250.72,0.0,0.0,feasible,927009.5707663785,457657.5532371836,943385.6740013267,212610.07642501377,897229.7718873752,44523.062651149135
16,19,1380559467480125.0,0.0,0.0,feasible,120044.83329998696,701714.9087164553,194026.54977172025,236709.04925000248,856645.3437638108,377853.34342405584
16,20,829134669776763.8,0.0,0.0,feasible,921231.143598801,643407.9834691322,7922.6518022114415,724971.8069761986,207266.0009724417,226327.45461685356
16,21,1438663229465244.2,0.0,0.0,feasible,921413.2278064908,44411.68826745216,664102.7840035544,328615.78622162534,564499.0460385758,393819.66233917576
16,22,3466795192650469.0,0.0,0.0,feasible,893018.592261845,852361.52263075,115795.89277708258,705807.6273672541,67359.07365866401,951129.5613859299
16,23,2148688600481172.5,0.0,0.0,feasible,417117.724521075,532442.3023120405,909172.979783488,410587.1864764932,238884.45583581933,588927.3649070399
16,24,1562170750219590.5,0.0,0.0,feasible,24382.7423247729,446937.36721321143,120034.69866600347,700009.4969433838,280208.28349981975,427758.264546804
16,25,2642975210524810.0,0.0,0.0,feasible,578654.935024943,40801.3600523731,602997.8314546453,56337.8104491258,514425.37351868703,724752.2647379902
16,26,928996898619364.2,0.0,0.0,feasible,379565.0240980355,248264.32348671358,908529.5047686688,826234.2232786341,826818.4232850051,253768.57269254694
16,27,561273938202210.1,0.0,0.0,feasible,457553.63684251375,91663.05655444723,382242.5249102533,407679.43547497806,575482.821611336,152722.06799400557
16,28,2809354499463025.5,0.0,0.0,feasible,919002.4526143686,183409.97498851392,797462.9005824786,921699.2597399094,652810.8959323447,770471.5899124732
16,29,509331790331015.44,0.0,0.0,feasible,669377.9227987252,719620.1467775876,659142.0512842768,602358.1096925351,1718.09185889953,138448.8975535063
16,30,340770891867156.8,0.0,0.0,feasible,730248.0685451154,167466.51165173698,635775.7496148066,538641.0656835419,870513.7706361568,92130.08841714842
16,31,349197902409357.6,0.0,0.0,feasible,707081.6775897768,400100.780108345,121280.4135365941,787778.9012817959,359141.7511114559,94445.74463665989
16,32,3535796823504610.5,0.0,0.0,feasible,665366.7748904505,482069.9051869612,852399.4097576162,790517.3494161793,959736.3579464565,970090.5030916107
16,33,514288673293713.9,0.0,0.0,feasible,868530.8633860366,335312.6109362232,441487.8423240298,794597.9214907394,386884.3701786016,139810.9982420579
16,34,3031593424023587.0,0.0,0.0,feasible,59156.0704754424,898199.1490202653,286437.1435859251,183780.48312716428,262348.7405111984,831540.5710534179
16,35,517637489194443.25,0.0,0.0,feasible,322062.7488960592,364501.33192406874,997191.7641567959,654115.1349063881,930168.7970123232,140731.21856570515
16,36,395193054265288.44,0.0,0.0,feasible,846104.5457139018,905685.3848616863,127236.70395616327,243507.280746718,543377.1918071546,107084.7414587458
16,37,3072765794165570.5,0.0,0.0,feasible,529686.7636472235,101340.36291563064,883911.5776255323,238156.87608990713,624696.7543657492,842854.3168371527
16,38,3566037580657412.5,0.0,0.0,feasible,393815.3715625588,421866.23565459426,326389.0482369662,466120.90585470054,254893.35225918272,978400.3535460441
16,39,2516315725271853.5,0.0,0.0,feasible,124659.02755678589,402447.8029499652,877726.1907229288,662340.7213789172,632982.4766773363,689947.5349566115
16,40,961526850444199.9,0.0,0.0,feasible,184103.2408500136,791070.8874357293,731621.8630603176,711096.0172273834,540829.3367081835,262707.4704056043
16,41,2071685223113430.8,0.0,0.0,feasible,611537.0537145939,806322.8526473562,334698.4935267157,955272.9949312143,155920.243066526,567767.6251829655
16,42,1724072631908184.0,0.0,0.0,feasible,155864.8472810053,766745.9564942933,438584.37462641223,357242.39721793914,356633.8756188246,472247.24404971674
16,43,2250075352125591.0,0.0,0.0,feasible,158719.7599807035,308517.01840092643,4690.812867829291,670154.1313400455,739687.417803391,616787.4062402915
16,44,1071811332758974.5,0.0,0.0,feasible,370208.09570170596,542446.2707816836,411501.55244432477,3465.719349347711,882781.562501243,293012.517030254
16,45,3184328056809844.0,0.0,0.0,feasible,827486.6855255272,374003.94960635627,272730.0028759148,16297.46623364732,92077.12990102932,873510.484414168
16,46,955072888051635.5,0.0,0.0,feasible,170475.94278212317,912412.4707249632,45083.62035781569,628138.5973133025,959732.1354073602,260933.98761713592
16,47,3233549484356716.0,0.0,0.0,feasible,747730.5367453484,798672.9232641329,779718.9639861755,768909.2083560565,144356.29818751576,887036.0287648436
16,48,1989263305758249.0,0.0,0.0,feasible,103324.26637711485,513360.68635865534,632936.4996071074,57982.40531280248,638996.0522825074,545118.9261464812
16,49,3154623422083303.5,0.0,0.0,feasible,828762.741361136,226554.63445545477,979395.5642919524,312170.8788839672,472011.34011057316,865347.9549135386
16,50,2455869954947351.5,0.0,0.0,feasible,285502.55229627516,349345.8679273923,600353.3381093051,465301.57104719913,260949.24532249427,673337.6561277973
16,51,503184022153293.5,0.0,0.0,feasible,991961.785688089,296511.77797489875,888774.7791015214,419422.52447902824,523252.43501295516,136759.55380039662
16,52,3190874676250599.5,0.0,0.0,feasible,693670.364770056,927457.0485983948,334993.92116523004,582854.3047284095,848119.3895620987,875309.4284108373
16,53,1769854928547261.8,0.0,0.0,feasible,264146.5400245274,229296.71509084554,917777.9121718933,626022.9268230023,497065.50755497767,484827.7504374674
16,54,1475328253562078.0,0.0,0.0,feasible,57458.02372365117,452879.8008563651,935819.2750774915,511677.753257841,788178.8700477984,403894.8355768488
16,55,3409205711380401.5,0.0,0.0,feasible,378011.0191494365,214818.7279405456,205937.82729918516,884509.4094437647,11034.215235823889,935304.5615459936
16,56,332750535209864.8,0.0,0.0,feasible,454348.3622975482,717501.4873511251,673342.509129942,227170.25174211792,759835.6338830472,89926.1765218029
16,57,3434225777242350.0,0.0,0.0,feasible,69690.51173173414,831775.3740534013,845600.1042142871,498181.64179566124,797431.6698495174,942179.8194842227
16,58,3555656518901101.0,0.0,0.0,feasible,197242.65218288917,330479.0352259494,407346.3398263412,255598.81630671522,875669.7659832502,975547.7440588775
16,59,1410737423570319.0,0.0,0.0,feasible,91970.6595685452,609685.5966313753,995375.6097125584,199407.23647306502,276193.69217487855,386145.93678945483
16,60,1231970907294652.5,0.0,0.0,feasible,939071.6728000595,950146.2378557072,175298.03461031432,597016.984764669,320110.3284454713,337022.7283656483
16,61,3142711636704727.5,0.0,0.0,feasible,666762.8877598555,568563.8518666524,374936.64734780614,134286.14454636257,408697.8985039995,862074.7182468402
16,62,868184040373701.6,0.0,0.0,feasible,807711.0953204581,290153.82039724017,249845.1813461606,214051.73064847325,220411.68942454283,237057.8218613203
16,63,3361544770876829.0,0.0,0.0,feasible,939652.5459750976,424415.5989757448,667642.9406496122,98326.0914608349,943344.3901071199,922207.823058226
16,64,838976207146572.9,0.0,0.0,feasible,602871.8572811713,588926.2611399787,492939.6026226222,910100.2409672893,987323.321217011,229031.80832637215
16,65,3181583692348950.0,0.0,0.0,feasible,565422.004419247,774121.2670559228,17556.339420075114,150082.78183750375,869550.7002658653,872756.3611576881
16,66,2209617473561599.5,0.0,0.0,feasible,51093.78901677016,156581.88862797135,976464.2462987807,395838.05008307536,786289.5688928345,605669.9954270758
16,67,574192268082083.5,0.0,0.0,feasible,708311.8854757677,697026.8692948445,716989.5283781454,621880.0096290627,568736.7253467717,156271.89278444863
16,68,946686294361948.1,0.0,0.0,feasible,550172.3126369606,349516.8612330662,238497.0101335444,628501.5991746045,732734.9653359023,258629.43753489899
16,69,2101376587100878.2,0.0,0.0,feasible,691713.4645922062,424815.98901030637,932403.9994107815,500463.927831518,296520.8068390072,575926.5080203608
16,70,193604668528647.9,0.0,0.0,feasible,11592.985289404549,810849.3475309999,827371.0246628956,655866.4610073838,380356.6726459568,51690.31696210624
16,71,1934714003291022.8,0.0,0.0,feasible,796646.7895088854,697119.7030297542,454170.63372871693,53558.26306267662,322054.87368262646,530129.3363155831
16,72,3468804027882419.5,0.0,0.0,feasible,919783.095564758,832471.5170493464,148582.13525389458,869557.0654488708,84640.30071482045,951681.5687407973
16,73,524514894430457.6,0.0,0.0,feasible,706663.8265704806,884773.2745276175,810441.1350857475,463449.66658944025,599882.0422730622,142621.05911225776
16,74,1911496538915361.5,0.0,0.0,feasible,951907.6005900524,345476.2082419577,991964.916298899,476858.88004929794,477145.0244528011,523749.41481037694
16,75,1669143572281444.5,0.0,0.0,feasible,719242.5972182817,43670.46401861998,796494.8572205357,113983.70734215711,927238.0326521966,457153.3008394171
16,76,2096446720933446.0,0.0,0.0,feasible,688556.232855355,919948.8532917227,628713.1687881032,975745.4722738623,679592.821951088,574571.8312705449
16,77,147481054664877.25,0.0,0.0,feasible,129274.54578743468,506693.6404118446,307737.41644100135,664073.161136154,326559.77242380223,39016.02009548666
16,78,2370361712592395.5,0.0,0.0,feasible,799761.8729407896,597413.3752171922,872455.9202280508,440871.8538636386,158160.74561314014,649840.8665798118
16,79,3147635947241823.5,0.0,0.0,feasible,356268.03637429804,723368.5574151693,565545.5614302087,728854.754787964,774944.9406471255,863427.8683663196
16,80,2854042832130704.5,0.0,0.0,feasible,298923.6131779676,424787.79075166024,513086.840675454,754066.0525219886,151019.69207539575,782751.4862011139
16,81,3543075858886920.5,0.0,0.0,feasible,144584.89182256022,512999.20744740515,571800.3727690177,305665.3231416068,263639.5989140154,972090.7074903925
16,82,1734164554908914.0,0.0,0.0,feasible,600747.813811292,552830.0499933072,231292.47517751702,991985.8539431645,163835.69713043424,475020.4011671123
16,83,2941095985982882.0,0.0,0.0,feasible,743556.4435862802,121424.44382467723,599586.7228338337,584154.6869795056,355463.27546444087,806672.8016114109
16,84,3181578063439141.0,0.0,0.0,feasible,315486.7541834354,401729.0312657664,526433.6584298634,823801.9733890843,77042.22673485681,872754.8143909025
16,85,2612341521578399.5,0.0,0.0,feasible,247262.80182140687,168490.26158001143,422777.85323229845,271596.673584244,217026.39121519876,716334.4406495907
16,86,629496715225958.9,0.0,0.0,feasible,434924.0400270393,535099.8829751825,194820.4122657559,824030.6892752226,414493.93163617916,171468.9886411618
16,87,2917215878357275.5,0.0,0.0,feasible,790440.2271583794,174154.72264897783,664494.4680490777,699656.4808882544,435834.75222845335,800110.7925253991
16,88,2732840937657481.5,0.0,0.0,feasible,49734.54160824166,301520.5042828409,371019.6086541024,434390.28032040916,363314.2752605438,749446.4464900573
16,89,1048896231037193.6,0.0,0.0,feasible,521558.3680639787,667610.2234211045,966158.4248399412,327652.1907211099,817267.9874817565,286715.6816866825
16,90,3438585111067347.5,0.0,0.0,feasible,287657.9429600999,624458.0046493491,982342.1286294084,390430.9412185122,309782.59553457744,943377.7197875663
16,91,1015882713632579.2,0.0,0.0,feasible,810879.3377478207,434796.6874593022,387705.41601851396,840724.6184742767,651507.0278342308,277643.90510314686
16,92,2395347797670406.0,0.0,0.0,feasible,253359.80363179636,44167.51545164028,377083.8601918804,240744.1991200586,124774.91010877678,656706.7869465172
16,93,764226411343843.0,0.0,0.0,feasible,186458.7955638201,206892.58377457148,34039.69205866655,509696.885460694,340327.1547065594,208491.32974372664
16,94,729372592778589.1,0.0,0.0,feasible,800687.2727495518,877243.0136121603,843361.9041806471,305784.2304370006,42809.56163235487,198913.857242633
16,95,613110349778820.6,0.0,0.0,feasible,242819.99008523914,46954.639368645614,402042.2311354119,628698.5127615334,162542.45131433735,166966.18318330325
16,96,3253587000111421.0,0.0,0.0,feasible,743570.4979193722,502349.09686838824,796941.0539704169,605062.7394354502,404694.73793019145,892542.1329459859
16,97,1580751140522414.5,0.0,0.0,feasible,102827.5244726654,982620.8765530571,3757.2405683400593,921294.3267183191,296504.6038486891,432863.9655721226
16,98,2540538337925051.0,0.0,0.0,feasible,717106.8716541013,407903.8577245477,211227.9388330008,728942.2991520435,80279.5656507168,696603.6609175676
16,99,3022423261019378.0,0.0,0.0,feasible,421321.6246822147,214682.44657769997,475973.94096287026,664713.9463270967,278544.0206325508,829020.704145896
16,100,2794116598373665.5,0.0,0.0,feasible,916334.6207770682,947351.5036046628,535481.7330739128,590433.7675821711,17015.169992816514,766284.3707019152
