
Gurobi 12.0.1 (linux64) logging started Wed Jan 21 19:02:56 2026

Set parameter LogFile to value "gurobi_dispatch.log"
Gurobi Optimizer version 12.0.1 build v12.0.1rc0 (linux64 - "Debian GNU/Linux 12 (bookworm)")

CPU model: INTEL(R) XEON(R) PLATINUM 8581C CPU @ 2.30GHz, instruction set [SSE2|AVX|AVX2|AVX512]
Thread count: 8 physical cores, 16 logical processors, using up to 8 threads

Non-default parameters:
Method  2
BarConvTol  1e-06
Crossover  0
AggFill  0
PreDual  0
Seed  123
Threads  8

WLS license 2526863 - registered to TransitionZero
Optimize a model with 9337933 rows, 4607760 columns and 21163572 nonzeros
Model fingerprint: 0xa574c73b
Coefficient statistics:
  Matrix range     [5e-01, 1e+00]
  Objective range  [1e+00, 4e+02]
  Bounds range     [0e+00, 0e+00]
  RHS range        [4e-01, 1e+05]
Presolve removed 7174422 rows and 1664530 columns (presolve time = 5s)...
Presolve removed 7813829 rows and 1664530 columns
Presolve time: 7.40s
Presolved: 1524104 rows, 3582637 columns, 8803321 nonzeros
Elapsed ordering time = 5s
Elapsed ordering time = 10s
Ordering time: 10.96s

Barrier statistics:
 AA' NZ     : 8.479e+06
 Factor NZ  : 5.586e+07 (roughly 2.5 GB of memory)
 Factor Ops : 9.356e+09 (less than 1 second per iteration)
 Threads    : 8

                  Objective                Residual
Iter       Primal          Dual         Primal    Dual     Compl     Time
   0   1.59080479e+14 -1.18122452e+12  2.76e+11 3.92e+00  8.21e+07    21s
   1   1.64691810e+13 -1.12578655e+12  2.31e+10 2.45e-13  7.40e+06    22s
   2   3.01502027e+11 -7.59148241e+11  3.56e+08 1.85e-13  2.42e+05    23s
   3   4.22416388e+10 -8.98777005e+10  4.42e+06 6.54e-13  2.33e+04    25s
   4   2.46746771e+10 -7.76373518e+09  1.65e+01 6.96e-13  5.42e+03    26s
   5   2.15812972e+10  1.13782079e+10  4.93e+00 1.99e-13  1.70e+03    27s
   6   1.99813547e+10  1.66224647e+10  1.92e+00 1.14e-13  5.60e+02    27s
   7   1.91037825e+10  1.83619790e+10  4.51e-01 8.53e-14  1.23e+02    28s
   8   1.89198938e+10  1.88050714e+10  6.67e-02 8.53e-14  1.90e+01    29s
   9   1.88817390e+10  1.88495429e+10  2.16e-02 8.53e-14  5.33e+00    30s
  10   1.88675508e+10  1.88599057e+10  5.27e-03 8.53e-14  1.27e+00    31s
  11   1.88652448e+10  1.88613328e+10  2.77e-03 8.53e-14  6.48e-01    32s
  12   1.88634948e+10  1.88621370e+10  8.41e-04 8.53e-14  2.25e-01    33s
  13   1.88630505e+10  1.88626083e+10  3.61e-04 8.53e-14  7.32e-02    34s
  14   1.88630246e+10  1.88626276e+10  3.38e-04 8.53e-14  6.57e-02    36s
  15   1.88629355e+10  1.88626323e+10  2.49e-04 8.53e-14  5.02e-02    36s
  16   1.88629010e+10  1.88626459e+10  2.14e-04 8.53e-14  4.22e-02    37s
  17   1.88628669e+10  1.88626601e+10  1.79e-04 5.68e-14  3.42e-02    38s
  18   1.88628349e+10  1.88626678e+10  1.47e-04 5.68e-14  2.76e-02    39s
  19   1.88627947e+10  1.88626711e+10  1.06e-04 5.68e-14  2.04e-02    40s
  20   1.88627596e+10  1.88626814e+10  7.02e-05 5.68e-14  1.29e-02    42s
  21   1.88627259e+10  1.88626848e+10  3.62e-05 5.68e-14  6.81e-03    45s
  22   1.88627217e+10  1.88626868e+10  3.19e-05 5.68e-14  5.77e-03    46s
  23   1.88627102e+10  1.88626871e+10  2.09e-05 5.68e-14  3.82e-03    47s
  24   1.88627069e+10  1.88626878e+10  1.75e-05 5.68e-14  3.15e-03    48s
  25   1.88627024e+10  1.88626881e+10  1.39e-05 2.12e-11  2.37e-03    49s
  26   1.88626972e+10  1.88626886e+10  1.21e-05 2.46e-11  1.43e-03    51s

Barrier solved model in 26 iterations and 50.57 seconds (51.28 work units)
Optimal objective 1.88626972e+10


Gurobi 12.0.1 (linux64) logging started Wed Jan 21 21:52:32 2026

Set parameter LogFile to value "gurobi_dispatch.log"
Gurobi Optimizer version 12.0.1 build v12.0.1rc0 (linux64 - "Debian GNU/Linux 12 (bookworm)")

CPU model: INTEL(R) XEON(R) PLATINUM 8581C CPU @ 2.30GHz, instruction set [SSE2|AVX|AVX2|AVX512]
Thread count: 8 physical cores, 16 logical processors, using up to 8 threads

Non-default parameters:
Method  2
BarConvTol  1e-06
Crossover  0
AggFill  0
PreDual  0
Seed  123
Threads  8

WLS license 2526863 - registered to TransitionZero
Optimize a model with 5404792 rows, 2680560 columns and 12351264 nonzeros
Model fingerprint: 0x3e79f05d
Coefficient statistics:
  Matrix range     [5e-01, 1e+00]
  Objective range  [5e+01, 4e+02]
  Bounds range     [0e+00, 0e+00]
  RHS range        [4e+00, 1e+05]
Presolve removed 4514084 rows and 934474 columns
Presolve time: 4.54s
Presolved: 890708 rows, 2148997 columns, 5451160 nonzeros
Ordering time: 4.37s

Barrier statistics:
 AA' NZ     : 5.081e+06
 Factor NZ  : 3.085e+07 (roughly 1.5 GB of memory)
 Factor Ops : 3.231e+09 (less than 1 second per iteration)
 Threads    : 8

                  Objective                Residual
Iter       Primal          Dual         Primal    Dual     Compl     Time
   0   2.10421081e+14 -6.82140212e+11  3.83e+11 3.36e+00  1.70e+08    10s
   1   1.38180781e+13 -6.68950992e+11  2.13e+10 1.63e-13  1.00e+07    11s
   2   9.08235639e+11 -5.00567754e+11  1.31e+09 3.14e-12  7.43e+05    12s
   3   3.40172545e+11 -3.14425233e+11  4.40e+08 2.96e-12  2.83e+05    12s
   4   3.28484020e+11 -2.92290429e+11  4.29e+08 2.53e-12  2.61e+05    13s
   5   3.07704040e+11 -1.95910512e+11  3.98e+08 1.93e-12  2.10e+05    13s
   6   2.62882941e+11 -1.46965681e+11  3.30e+08 2.10e-12  1.67e+05    14s
   7   2.39950517e+11 -9.17507616e+10  2.96e+08 2.27e-12  1.40e+05    14s
   8   2.04944087e+11 -3.04850769e+10  2.46e+08 4.55e-12  1.10e+05    15s
   9   1.78406843e+11  9.92767028e+10  2.07e+08 1.32e-11  8.68e+04    16s
  10   1.67917004e+11  3.94873084e+11  1.93e+08 4.64e-11  8.20e+04    17s
  11   1.62238355e+11  1.45189936e+12  1.85e+08 8.00e-11  8.60e+04    18s
  12   1.59766450e+11  1.04832407e+13  1.81e+08 3.78e-10  1.31e+05    19s
  13   1.58520828e+11  1.76226518e+13  1.79e+08 4.66e-10  1.22e+05    19s
  14   1.57736149e+11  6.33766516e+13  1.78e+08 3.03e-09  1.45e+05    20s
  15   2.11707084e+14 -7.18190823e+12  3.85e+11 1.14e-13  1.51e+09    21s
  16   2.39749873e+14 -1.50979751e+13  6.79e+09 1.75e-12  1.17e+08    22s
  17   3.39455856e+13 -8.95616236e+12  9.52e+08 3.64e-11  1.78e+07    23s
  18   1.35596471e+13 -7.42852254e+12  3.76e+08 3.18e-11  8.00e+06    24s
  19   1.03621309e+13 -4.44097243e+12  2.93e+08 3.64e-11  5.70e+06    24s
  20   8.88573327e+12 -2.28972736e+12  2.50e+08 1.24e-10  4.78e+06    25s
  21   7.46239827e+12 -4.81303350e+11  2.09e+08 3.13e-10  3.92e+06    25s
  22   7.02230890e+12  5.78515161e+12  1.97e+08 9.31e-10  3.57e+06    26s
  23   6.61658273e+12  1.36699813e+13  1.85e+08 1.51e-09  3.31e+06    26s
  24   6.50559423e+12  2.88734442e+13  1.82e+08 2.56e-09  3.29e+06    27s
  25   6.43093408e+12  5.99119285e+13  1.80e+08 3.73e-09  3.29e+06    27s
  26   6.39510421e+12  2.83277163e+14  1.79e+08 1.58e-08  3.74e+06    28s
  27   6.35951344e+12  9.52089210e+14  1.78e+08 4.66e-08  3.97e+06    28s
  28   6.34870249e+12  3.10261549e+15  1.78e+08 8.20e-08  4.71e+06    28s
  29   6.34617586e+12  5.56317302e+15  1.78e+08 7.45e-08  5.47e+06    29s
  30   6.34425670e+12  1.47573071e+16  1.78e+08 2.09e-07  8.36e+06    30s
  31   6.34330379e+12  3.04698202e+16  1.78e+08 3.58e-07  1.28e+07    31s
  32   6.34295153e+12  5.96117542e+16  1.78e+08 5.96e-07  2.13e+07    31s
  33   6.34278914e+12  9.23188624e+16  1.78e+08 7.15e-07  3.07e+07    32s
  34   6.34250078e+12  1.27361181e+17  1.78e+08 9.54e-07  3.96e+07    33s
  35   6.34167669e+12  2.55584302e+17  1.78e+08 2.86e-06  6.69e+07    34s
  36   6.34141546e+12  4.19193159e+17  1.78e+08 2.86e-06  1.02e+08    35s
  37   6.34120006e+12  5.77772079e+17  1.78e+08 4.12e-06  1.34e+08    36s
  38   6.34099398e+12  8.80159498e+17  1.78e+08 5.77e-06  1.93e+08    36s
  39   6.34043210e+12  1.39981968e+18  1.78e+08 8.05e-06  2.69e+08    37s
  40   6.34022355e+12  2.68080600e+18  1.78e+08 2.29e-05  4.54e+08    38s
  41   2.11707084e+14 -7.18190823e+12  3.85e+11 1.14e-13  1.51e+09    39s
  42   3.60086977e+12 -9.04544864e+11  8.35e+09 1.60e-13  4.85e+06    40s
  43   1.70954291e+11 -2.28407161e+11  6.49e+08 2.36e-13  2.32e+05    42s
  44   1.04273697e+11 -1.69204919e+11  3.51e+08 9.24e-13  1.31e+05    43s
  45   8.75199294e+10 -2.96077459e+10  2.63e+08 4.79e-12  5.47e+04    45s
  46   9.60048603e+10  9.64264305e+09  2.37e+08 2.23e-11  6.40e+04    46s
  47   2.36617479e+11  9.27628955e+10  2.33e+08 1.12e-09  2.77e+05    47s
  48   4.62910196e+12  9.37962984e+11  2.39e+08 1.09e-08  2.80e+06    48s
  49*  3.08593240e+13  4.15489197e+13  2.88e+06 1.45e-06  1.86e+03    49s
  50*  2.00925416e+15  5.48232473e+15  5.51e+04 5.70e-08  8.08e+01    50s
  51*  9.04219802e+15  2.66988523e+16  1.52e+04 5.67e-08  5.23e+01    50s
  52*  1.37646198e+17  3.37531436e+17  1.04e+03 9.80e-08  7.60e+00    51s
  53*  7.23397505e+18  3.11595725e+18  3.00e+01 4.75e-08  9.46e-02    51s

Barrier performed 53 iterations in 51.22 seconds (61.27 work units)
Infeasible model


Gurobi 12.0.1 (linux64) logging started Wed Jan 21 22:08:05 2026

Set parameter LogFile to value "gurobi_dispatch.log"
Gurobi Optimizer version 12.0.1 build v12.0.1rc0 (linux64 - "Debian GNU/Linux 12 (bookworm)")

CPU model: INTEL(R) XEON(R) PLATINUM 8581C CPU @ 2.30GHz, instruction set [SSE2|AVX|AVX2|AVX512]
Thread count: 8 physical cores, 16 logical processors, using up to 8 threads

Non-default parameters:
Method  2
BarConvTol  1e-06
Crossover  0
AggFill  0
PreDual  0
Seed  123
Threads  8

WLS license 2526863 - registered to TransitionZero
Optimize a model with 5956573 rows, 2995920 columns and 13770132 nonzeros
Model fingerprint: 0xedf9b026
Coefficient statistics:
  Matrix range     [5e-01, 1e+00]
  Objective range  [1e+00, 4e+02]
  Bounds range     [0e+00, 0e+00]
  RHS range        [4e-01, 1e+05]
Presolve removed 3871902 rows and 569530 columns (presolve time = 5s)...
Presolve removed 4511309 rows and 569530 columns
Presolve time: 5.30s
Presolved: 1445264 rows, 3065797 columns, 7489321 nonzeros
Elapsed ordering time = 6s
Elapsed ordering time = 10s
Ordering time: 10.68s

Barrier statistics:
 AA' NZ     : 8.321e+06
 Factor NZ  : 5.223e+07 (roughly 2.2 GB of memory)
 Factor Ops : 7.999e+09 (less than 1 second per iteration)
 Threads    : 8

                  Objective                Residual
Iter       Primal          Dual         Primal    Dual     Compl     Time
   0   2.56406543e+14 -4.79788730e+11  2.98e+11 1.12e+00  1.18e+08    19s
   1   1.23047873e+13 -4.75420006e+11  1.27e+10 1.21e-13  5.34e+06    19s
   2   3.81981187e+11 -3.15809907e+11  3.47e+08 1.71e-13  2.13e+05    20s
   3   3.80338703e+10 -5.50646731e+10  9.58e+05 1.58e-12  2.00e+04    22s
   4   2.68949881e+10 -6.20655736e+09  4.14e+01 6.04e-13  6.74e+03    22s
   5   2.47214491e+10  8.17437215e+09  8.38e+00 2.77e-13  3.34e+03    23s
   6   2.37167173e+10  1.73253215e+10  1.88e+00 1.07e-13  1.28e+03    24s
   7   2.31943252e+10  2.14355564e+10  5.42e-01 1.14e-13  3.53e+02    25s
   8   2.28379211e+10  2.26820610e+10  2.93e-03 8.53e-14  3.12e+01    26s
   9   2.28241223e+10  2.27775234e+10  3.59e-04 8.53e-14  9.33e+00    26s
  10   2.28197450e+10  2.28168770e+10  6.10e-06 8.53e-14  5.74e-01    27s
  11   2.28188928e+10  2.28188305e+10  3.89e-08 8.53e-14  1.25e-02    28s
  12   2.28188742e+10  2.28188734e+10  5.79e-09 1.14e-13  1.52e-04    29s
  13   2.28188739e+10  2.28188739e+10  1.35e-08 2.78e-13  6.78e-08    30s

Barrier solved model in 13 iterations and 30.13 seconds (28.04 work units)
Optimal objective 2.28188739e+10


Gurobi 12.0.1 (linux64) logging started Wed Jan 21 22:19:05 2026

Set parameter LogFile to value "gurobi_dispatch.log"
Gurobi Optimizer version 12.0.1 build v12.0.1rc0 (linux64 - "Debian GNU/Linux 12 (bookworm)")

CPU model: INTEL(R) XEON(R) PLATINUM 8581C CPU @ 2.30GHz, instruction set [SSE2|AVX|AVX2|AVX512]
Thread count: 8 physical cores, 16 logical processors, using up to 8 threads

Non-default parameters:
Method  2
BarConvTol  1e-06
Crossover  0
AggFill  0
PreDual  0
Seed  123
Threads  8

WLS license 2526863 - registered to TransitionZero
Optimize a model with 5957313 rows, 2995920 columns and 15679812 nonzeros
Model fingerprint: 0x351e6163
Coefficient statistics:
  Matrix range     [5e-01, 1e+00]
  Objective range  [1e+00, 4e+02]
  Bounds range     [0e+00, 0e+00]
  RHS range        [4e-01, 1e+08]
Presolve removed 3871932 rows and 516970 columns (presolve time = 5s)...
Presolve removed 4511666 rows and 516970 columns
Presolve time: 5.71s
Presolved: 1445647 rows, 3118684 columns, 8663488 nonzeros
Elapsed ordering time = 6s
Elapsed ordering time = 10s
Ordering time: 11.11s

Barrier statistics:
 AA' NZ     : 1.092e+07
 Factor NZ  : 7.248e+07 (roughly 2.4 GB of memory)
 Factor Ops : 2.410e+10 (less than 1 second per iteration)
 Threads    : 8

                  Objective                Residual
Iter       Primal          Dual         Primal    Dual     Compl     Time
   0   6.45380716e+14 -6.97325967e+11  7.50e+11 1.60e+01  3.64e+08    20s
   1   3.39656964e+13 -6.90821321e+11  2.30e+10 5.21e+01  1.44e+07    21s
   2   4.30741520e+12 -5.59044035e+11  1.72e+09 1.62e+01  1.51e+06    22s
   3   1.29164092e+12 -3.05866095e+11  4.69e+08 4.10e+00  4.47e+05    23s
   4   5.35744475e+11 -1.75341479e+11  1.76e+08 1.58e+00  1.85e+05    24s
   5   2.35914927e+11 -1.01421401e+11  6.34e+07 7.68e-01  8.20e+04    25s
   6   1.28662760e+11 -5.87783573e+10  2.58e+07 4.55e-01  4.34e+04    26s
   7   5.05940843e+10 -1.62812542e+10  2.87e+05 1.95e-01  1.44e+04    27s
   8   2.96888362e+10 -9.94714338e+08  5.58e+04 1.19e-01  6.24e+03    28s
   9   2.63199528e+10  1.02340292e+10  2.11e+04 6.51e-02  3.23e+03    29s
  10   2.53471379e+10  1.39306718e+10  1.13e+04 4.66e-02  2.28e+03    31s
  11   2.52782481e+10  1.76209246e+10  1.07e+04 2.83e-02  1.53e+03    31s
  12   2.52386217e+10  1.83228686e+10  1.03e+04 2.52e-02  1.39e+03    32s
  13   2.51840292e+10  1.97404040e+10  9.87e+03 1.83e-02  1.09e+03    33s
  14   2.44163108e+10  2.10518406e+10  3.15e+03 1.23e-02  6.67e+02    34s
  15   2.43665981e+10  2.29947091e+10  2.73e+03 4.17e-03  2.71e+02    36s
  16   2.41561083e+10  2.33276514e+10  9.06e+02 2.77e-03  1.63e+02    37s
  17   2.41510729e+10  2.36651309e+10  8.68e+02 1.40e-03  9.54e+01    38s
  18   2.41190104e+10  2.39305340e+10  6.27e+02 3.78e-04  3.67e+01    40s
  19   2.41044918e+10  2.39397516e+10  4.65e+02 3.46e-04  3.21e+01    40s
  20   2.40944171e+10  2.39651076e+10  3.95e+02 2.51e-04  2.52e+01    41s
  21   2.40805426e+10  2.40007512e+10  3.03e+02 1.19e-04  1.55e+01    42s
  22   2.40630452e+10  2.40075670e+10  1.81e+02 9.50e-05  1.08e+01    44s
  23   2.40546120e+10  2.40185635e+10  1.19e+02 5.97e-05  7.00e+00    45s
  24   2.40501300e+10  2.40248548e+10  8.55e+01 4.11e-05  4.90e+00    47s
  25   2.40464815e+10  2.40272945e+10  6.02e+01 3.29e-05  3.72e+00    48s
  26   2.40427390e+10  2.40301971e+10  3.42e+01 2.25e-05  2.44e+00    50s
  27   2.40419184e+10  2.40332639e+10  2.91e+01 1.30e-05  1.68e+00    52s
  28   2.40409665e+10  2.40346274e+10  2.25e+01 8.88e-06  1.23e+00    53s
  29   2.40400790e+10  2.40353006e+10  1.71e+01 6.83e-06  9.26e-01    55s
  30   2.40393370e+10  2.40362726e+10  1.22e+01 3.69e-06  5.93e-01    57s
  31   2.40384797e+10  2.40368855e+10  6.05e+00 1.84e-06  3.09e-01    58s
  32   2.40382659e+10  2.40373309e+10  4.62e+00 7.56e-07  1.80e-01    60s
  33   2.40380398e+10  2.40374820e+10  2.92e+00 3.86e-07  1.07e-01    62s
  34   2.40379343e+10  2.40375662e+10  2.08e+00 2.03e-07  7.08e-02    63s
  35   2.40378493e+10  2.40376222e+10  1.42e+00 9.00e-08  4.36e-02    63s
  36   2.40377169e+10  2.40376408e+10  4.01e-01 5.27e-08  1.46e-02    64s
  37   2.40376703e+10  2.40376631e+10  4.67e-02 3.37e-09  1.38e-03    65s
  38   2.40376642e+10  2.40376640e+10  2.45e-04 3.35e-09  3.27e-05    66s
  39   2.40376640e+10  2.40376640e+10  1.33e-03 5.54e-13  8.64e-08    67s

Barrier solved model in 39 iterations and 66.94 seconds (72.91 work units)
Optimal objective 2.40376640e+10


Gurobi 12.0.1 (linux64) logging started Wed Jan 21 22:38:29 2026

Set parameter LogFile to value "gurobi_dispatch.log"
Gurobi Optimizer version 12.0.1 build v12.0.1rc0 (linux64 - "Debian GNU/Linux 12 (bookworm)")

CPU model: INTEL(R) XEON(R) PLATINUM 8581C CPU @ 2.30GHz, instruction set [SSE2|AVX|AVX2|AVX512]
Thread count: 8 physical cores, 16 logical processors, using up to 8 threads

Non-default parameters:
Method  2
BarConvTol  1e-06
Crossover  0
AggFill  0
PreDual  0
Seed  123
Threads  8

WLS license 2526863 - registered to TransitionZero
Optimize a model with 5957313 rows, 2995920 columns and 15679812 nonzeros
Model fingerprint: 0xe2a9b74d
Coefficient statistics:
  Matrix range     [5e-01, 1e+00]
  Objective range  [1e+00, 4e+02]
  Bounds range     [0e+00, 0e+00]
  RHS range        [4e-01, 1e+08]
Presolve removed 4432016 rows and 517925 columns (presolve time = 5s)...
Presolve removed 4511691 rows and 517925 columns
Presolve time: 5.29s
Presolved: 1445622 rows, 3117670 columns, 8660514 nonzeros
Elapsed ordering time = 6s
Elapsed ordering time = 10s
Ordering time: 11.19s

Barrier statistics:
 AA' NZ     : 1.092e+07
 Factor NZ  : 7.272e+07 (roughly 2.4 GB of memory)
 Factor Ops : 2.435e+10 (less than 1 second per iteration)
 Threads    : 8

                  Objective                Residual
Iter       Primal          Dual         Primal    Dual     Compl     Time
   0   2.95130568e+14 -8.42341302e+11  3.44e+11 1.61e+01  1.67e+08    20s
   1   2.29685620e+13 -7.80437337e+11  2.03e+10 1.51e+01  1.09e+07    21s
   2   1.58332295e+12 -6.52080793e+11  1.22e+09 4.12e+00  8.00e+05    22s
   3   4.87693120e+11 -3.23833087e+11  3.42e+08 1.08e+00  2.46e+05    23s
   4   4.39221620e+11 -1.94237846e+11  3.14e+08 4.68e-01  1.90e+05    24s
   5   3.90553812e+11 -1.23256253e+11  2.68e+08 2.46e-01  1.52e+05    25s
   6   1.82748588e+11 -9.24391242e+10  1.11e+08 1.70e-01  7.41e+04    26s
   7   1.06032394e+11 -5.85826354e+10  5.61e+07 1.06e-01  4.10e+04    27s
   8   6.29293989e+10 -1.94793104e+10  2.51e+07 4.54e-02  1.91e+04    28s
   9   3.89163595e+10  5.50980704e+09  7.91e+06 1.60e-02  7.25e+03    30s
  10   3.33234491e+10  1.31458738e+10  2.86e+06 9.09e-03  4.28e+03    31s
  11   3.22855911e+10  1.64132414e+10  1.67e+06 6.29e-03  3.36e+03    32s
  12   3.12305540e+10  1.78391077e+10  2.74e+05 5.10e-03  2.82e+03    32s
  13   2.98717225e+10  1.84517710e+10  1.15e+05 4.60e-03  2.39e+03    33s
  14   2.83276481e+10  1.96260849e+10  8.13e+04 3.67e-03  1.80e+03    35s
  15   2.74661917e+10  2.02680695e+10  6.15e+04 3.18e-03  1.48e+03    36s
  16   2.69697491e+10  2.12312357e+10  5.03e+04 2.43e-03  1.18e+03    38s
  17   2.65272185e+10  2.18073583e+10  4.03e+04 2.00e-03  9.64e+02    40s
  18   2.64786230e+10  2.23222998e+10  3.93e+04 1.63e-03  8.49e+02    41s
  19   2.58739851e+10  2.32624111e+10  2.60e+04 9.08e-04  5.30e+02    43s
  20   2.55725110e+10  2.35191306e+10  1.96e+04 7.25e-04  4.15e+02    45s
  21   2.54653911e+10  2.38311200e+10  1.73e+04 5.02e-04  3.29e+02    46s
  22   2.52302252e+10  2.40034896e+10  1.26e+04 3.84e-04  2.46e+02    48s
  23   2.50695881e+10  2.41063118e+10  9.34e+03 3.16e-04  1.92e+02    50s
  24   2.49731951e+10  2.41588675e+10  7.34e+03 2.79e-04  1.62e+02    52s
  25   2.49631026e+10  2.42016411e+10  7.13e+03 2.51e-04  1.51e+02    53s
  26   2.48684308e+10  2.42772941e+10  5.20e+03 2.02e-04  1.17e+02    55s
  27   2.48230765e+10  2.43264201e+10  4.27e+03 1.71e-04  9.79e+01    57s
  28   2.47945324e+10  2.43818895e+10  3.69e+03 1.37e-04  8.11e+01    58s
  29   2.47744800e+10  2.44099044e+10  3.29e+03 1.19e-04  7.15e+01    60s
  30   2.47449831e+10  2.44244734e+10  2.71e+03 1.10e-04  6.28e+01    62s
  31   2.47311067e+10  2.44566104e+10  2.44e+03 9.04e-05  5.37e+01    64s
  32   2.47083814e+10  2.44718959e+10  1.99e+03 8.10e-05  4.62e+01    65s
  33   2.46970883e+10  2.44894402e+10  1.77e+03 7.01e-05  4.05e+01    67s
  34   2.46845238e+10  2.45047388e+10  1.52e+03 6.06e-05  3.50e+01    69s
  35   2.46780714e+10  2.45107395e+10  1.40e+03 5.69e-05  3.26e+01    70s
  36   2.46696027e+10  2.45242164e+10  1.24e+03 4.85e-05  2.82e+01    72s
  37   2.46596427e+10  2.45345420e+10  1.04e+03 4.17e-05  2.43e+01    74s
  38   2.46503757e+10  2.45432677e+10  8.67e+02 3.63e-05  2.08e+01    76s
  39   2.46443632e+10  2.45559378e+10  7.52e+02 2.84e-05  1.71e+01    77s
  40   2.46406821e+10  2.45605733e+10  6.84e+02 2.57e-05  1.55e+01    79s
  41   2.46381342e+10  2.45652097e+10  6.36e+02 2.29e-05  1.41e+01    81s
  42   2.46352572e+10  2.45698145e+10  5.83e+02 2.00e-05  1.26e+01    82s
  43   2.46318399e+10  2.45742510e+10  5.20e+02 1.74e-05  1.11e+01    84s
  44   2.46277691e+10  2.45782580e+10  4.46e+02 1.49e-05  9.55e+00    86s
  45   2.46244563e+10  2.45788001e+10  3.86e+02 1.46e-05  8.81e+00    88s
  46   2.46222811e+10  2.45843371e+10  3.46e+02 1.12e-05  7.31e+00    90s
  47   2.46198761e+10  2.45874621e+10  3.03e+02 9.26e-06  6.24e+00    91s
  48   2.46171567e+10  2.45894252e+10  2.55e+02 8.03e-06  5.34e+00    93s
  49   2.46163939e+10  2.45915780e+10  2.42e+02 6.73e-06  4.77e+00    95s
  50   2.46153927e+10  2.45919426e+10  2.24e+02 6.51e-06  4.51e+00    96s
  51   2.46142235e+10  2.45929456e+10  2.03e+02 5.90e-06  4.09e+00    98s
  52   2.46126789e+10  2.45942421e+10  1.76e+02 5.09e-06  3.54e+00   100s
  53   2.46115172e+10  2.45951842e+10  1.55e+02 4.51e-06  3.14e+00   101s
  54   2.46102985e+10  2.45960674e+10  1.34e+02 3.96e-06  2.73e+00   103s
  55   2.46095696e+10  2.45968276e+10  1.21e+02 3.49e-06  2.45e+00   105s
  56   2.46088072e+10  2.45975083e+10  1.08e+02 3.07e-06  2.17e+00   106s
  57   2.46083283e+10  2.45976278e+10  9.92e+01 3.00e-06  2.06e+00   108s
  58   2.46076136e+10  2.45984801e+10  8.64e+01 2.48e-06  1.75e+00   110s
  59   2.46070498e+10  2.45990247e+10  7.64e+01 2.14e-06  1.54e+00   112s
  60   2.46061973e+10  2.45995591e+10  6.13e+01 1.82e-06  1.28e+00   113s
  61   2.46061397e+10  2.45997458e+10  6.03e+01 1.71e-06  1.23e+00   115s
  62   2.46059659e+10  2.45998569e+10  5.73e+01 1.64e-06  1.17e+00   117s
  63   2.46053617e+10  2.46002165e+10  4.68e+01 1.43e-06  9.89e-01   118s
  64   2.46048569e+10  2.46006341e+10  3.79e+01 1.18e-06  8.12e-01   120s
  65   2.46045861e+10  2.46009875e+10  3.32e+01 9.66e-07  6.91e-01   122s
  66   2.46042069e+10  2.46011760e+10  2.67e+01 8.55e-07  5.83e-01   124s
  67   2.46039124e+10  2.46015455e+10  2.15e+01 6.37e-07  4.55e-01   125s
  68   2.46038083e+10  2.46018065e+10  1.97e+01 4.90e-07  3.84e-01   127s
  69   2.46034916e+10  2.46018575e+10  1.44e+01 4.56e-07  3.14e-01   129s
  70   2.46033617e+10  2.46020128e+10  1.21e+01 3.67e-07  2.59e-01   131s
  71   2.46032213e+10  2.46021531e+10  9.70e+00 2.87e-07  2.05e-01   132s
  72   2.46030902e+10  2.46022470e+10  7.44e+00 2.32e-07  1.62e-01   134s
  73   2.46030405e+10  2.46023241e+10  6.56e+00 1.87e-07  1.38e-01   136s
  74   2.46029778e+10  2.46024198e+10  5.50e+00 1.33e-07  1.07e-01   138s
  75   2.46029307e+10  2.46024724e+10  4.71e+00 1.03e-07  8.78e-02   140s
  76   2.46028710e+10  2.46025174e+10  3.70e+00 7.61e-08  6.77e-02   141s
  77   2.46028053e+10  2.46025542e+10  2.64e+00 5.38e-08  4.81e-02   143s
  78   2.46027747e+10  2.46025704e+10  2.13e+00 4.42e-08  3.91e-02   145s
  79   2.46027572e+10  2.46025860e+10  1.84e+00 3.56e-08  3.28e-02   146s
  80   2.46027394e+10  2.46025964e+10  1.54e+00 2.95e-08  2.74e-02   148s
  81   2.46027307e+10  2.46026021e+10  1.40e+00 2.63e-08  2.46e-02   150s
  82   2.46027132e+10  2.46026109e+10  1.13e+00 2.11e-08  1.96e-02   152s
  83   2.46027036e+10  2.46026172e+10  9.65e-01 1.74e-08  1.65e-02   153s
  84   2.46026987e+10  2.46026214e+10  8.89e-01 1.50e-08  1.48e-02   155s
  85   2.46026868e+10  2.46026244e+10  6.87e-01 1.30e-08  1.19e-02   157s
  86   2.46026784e+10  2.46026296e+10  5.44e-01 9.94e-09  9.33e-03   159s
  87   2.46026727e+10  2.46026335e+10  4.48e-01 7.59e-09  7.49e-03   161s
  88   2.46026671e+10  2.46026357e+10  3.54e-01 6.18e-09  6.00e-03   162s
  89   2.46026623e+10  2.46026385e+10  2.72e-01 4.92e-09  4.54e-03   164s

Barrier solved model in 89 iterations and 164.21 seconds (192.39 work units)
Optimal objective 2.46026623e+10


Gurobi 12.0.1 (linux64) logging started Thu Jan 22 10:32:21 2026

Set parameter LogFile to value "gurobi_dispatch.log"
Gurobi Optimizer version 12.0.1 build v12.0.1rc0 (linux64 - "Debian GNU/Linux 12 (bookworm)")

CPU model: INTEL(R) XEON(R) PLATINUM 8581C CPU @ 2.30GHz, instruction set [SSE2|AVX|AVX2|AVX512]
Thread count: 8 physical cores, 16 logical processors, using up to 8 threads

Non-default parameters:
Method  2
BarConvTol  1e-06
Crossover  0
AggFill  0
PreDual  0
Seed  123
Threads  8

WLS license 2526863 - registered to TransitionZero
Optimize a model with 5957313 rows, 2995920 columns and 15679812 nonzeros
Model fingerprint: 0xdb5b07e2
Coefficient statistics:
  Matrix range     [5e-01, 1e+00]
  Objective range  [1e+00, 4e+02]
  Bounds range     [0e+00, 0e+00]
  RHS range        [4e-01, 1e+08]
Presolve removed 4432016 rows and 517925 columns (presolve time = 5s)...
Presolve removed 4511691 rows and 517925 columns
Presolve time: 5.28s
Presolved: 1445622 rows, 3117670 columns, 8660514 nonzeros
Elapsed ordering time = 6s
Elapsed ordering time = 10s
Ordering time: 11.13s

Barrier statistics:
 AA' NZ     : 1.092e+07
 Factor NZ  : 7.272e+07 (roughly 2.4 GB of memory)
 Factor Ops : 2.435e+10 (less than 1 second per iteration)
 Threads    : 8

                  Objective                Residual
Iter       Primal          Dual         Primal    Dual     Compl     Time
   0   2.95130568e+14 -8.42341302e+11  3.44e+11 1.61e+01  1.67e+08    20s
   1   2.29685620e+13 -7.80437337e+11  2.03e+10 1.51e+01  1.09e+07    21s
   2   1.58332295e+12 -6.52080793e+11  1.22e+09 4.12e+00  8.00e+05    22s
   3   4.87693120e+11 -3.23833087e+11  3.42e+08 1.08e+00  2.46e+05    23s
   4   4.39221620e+11 -1.94237846e+11  3.14e+08 4.68e-01  1.90e+05    24s
   5   3.90553812e+11 -1.23256253e+11  2.68e+08 2.46e-01  1.52e+05    25s
   6   1.82748588e+11 -9.24391242e+10  1.11e+08 1.70e-01  7.41e+04    26s
   7   1.06032394e+11 -5.85826355e+10  5.61e+07 1.06e-01  4.10e+04    27s
   8   6.29293988e+10 -1.94793104e+10  2.51e+07 4.54e-02  1.91e+04    28s
   9   3.89163595e+10  5.50980704e+09  7.91e+06 1.60e-02  7.25e+03    30s
  10   3.33234491e+10  1.31458738e+10  2.86e+06 9.09e-03  4.28e+03    31s
  11   3.22855911e+10  1.64132414e+10  1.67e+06 6.29e-03  3.36e+03    32s
  12   3.12305540e+10  1.78391077e+10  2.74e+05 5.10e-03  2.82e+03    33s
  13   2.98717225e+10  1.84517710e+10  1.15e+05 4.60e-03  2.39e+03    34s
  14   2.83276481e+10  1.96260849e+10  8.13e+04 3.67e-03  1.80e+03    35s
  15   2.74661917e+10  2.02680695e+10  6.15e+04 3.18e-03  1.48e+03    36s
  16   2.69697491e+10  2.12312358e+10  5.03e+04 2.43e-03  1.18e+03    38s
  17   2.65272184e+10  2.18073583e+10  4.03e+04 2.00e-03  9.64e+02    40s
  18   2.64786230e+10  2.23223007e+10  3.93e+04 1.63e-03  8.49e+02    41s
  19   2.58739829e+10  2.32624114e+10  2.60e+04 9.08e-04  5.30e+02    43s
  20   2.55725099e+10  2.35191306e+10  1.96e+04 7.25e-04  4.15e+02    45s
  21   2.54653897e+10  2.38311203e+10  1.73e+04 5.02e-04  3.29e+02    47s
  22   2.52302389e+10  2.40034910e+10  1.26e+04 3.84e-04  2.46e+02    49s
  23   2.50696061e+10  2.41063159e+10  9.34e+03 3.16e-04  1.92e+02    50s
  24   2.49732023e+10  2.41588645e+10  7.34e+03 2.79e-04  1.62e+02    52s
  25   2.49631116e+10  2.42016436e+10  7.13e+03 2.51e-04  1.51e+02    54s
  26   2.48684449e+10  2.42772747e+10  5.20e+03 2.02e-04  1.17e+02    55s
  27   2.48230626e+10  2.43256438e+10  4.27e+03 1.71e-04  9.81e+01    57s
  28   2.47945674e+10  2.43818508e+10  3.69e+03 1.37e-04  8.11e+01    59s
  29   2.47744254e+10  2.44093703e+10  3.29e+03 1.20e-04  7.16e+01    61s
  30   2.47517581e+10  2.44338050e+10  2.84e+03 1.04e-04  6.23e+01    63s
  31   2.47275590e+10  2.44557079e+10  2.37e+03 9.07e-05  5.32e+01    64s
  32   2.47145976e+10  2.44879778e+10  2.12e+03 7.10e-05  4.42e+01    66s
  33   2.46999264e+10  2.45007310e+10  1.83e+03 6.29e-05  3.88e+01    68s
  34   2.46864492e+10  2.45104521e+10  1.57e+03 5.70e-05  3.42e+01    70s
  35   2.46775209e+10  2.45171758e+10  1.40e+03 5.28e-05  3.12e+01    71s
  36   2.46699774e+10  2.45356180e+10  1.25e+03 4.16e-05  2.61e+01    73s
  37   2.46611470e+10  2.45479771e+10  1.08e+03 3.37e-05  2.19e+01    75s
  38   2.46531822e+10  2.45541824e+10  9.34e+02 2.98e-05  1.91e+01    77s
  39   2.46450006e+10  2.45602127e+10  7.79e+02 2.60e-05  1.64e+01    79s
  40   2.46412078e+10  2.45635621e+10  7.07e+02 2.40e-05  1.50e+01    80s
  41   2.46382112e+10  2.45670386e+10  6.50e+02 2.18e-05  1.37e+01    82s
  42   2.46330409e+10  2.45697594e+10  5.52e+02 2.02e-05  1.22e+01    84s
  43   2.46295718e+10  2.45740371e+10  4.87e+02 1.76e-05  1.07e+01    86s
  44   2.46266834e+10  2.45775143e+10  4.32e+02 1.55e-05  9.49e+00    88s
  45   2.46230670e+10  2.45807896e+10  3.65e+02 1.34e-05  8.16e+00    89s
  46   2.46215809e+10  2.45812648e+10  3.37e+02 1.31e-05  7.78e+00    91s
  47   2.46183963e+10  2.45851261e+10  2.79e+02 1.08e-05  6.42e+00    93s
  48   2.46168107e+10  2.45890271e+10  2.50e+02 8.43e-06  5.35e+00    95s
  49   2.46153532e+10  2.45905197e+10  2.24e+02 7.48e-06  4.78e+00    97s
  50   2.46135739e+10  2.45925443e+10  1.91e+02 6.20e-06  4.05e+00    98s
  51   2.46119915e+10  2.45931485e+10  1.63e+02 5.83e-06  3.63e+00   100s
  52   2.46108097e+10  2.45941313e+10  1.42e+02 5.21e-06  3.21e+00   102s
  53   2.46099145e+10  2.45962510e+10  1.26e+02 3.94e-06  2.63e+00   104s
  54   2.46084304e+10  2.45968463e+10  9.98e+01 3.57e-06  2.23e+00   106s
  55   2.46073467e+10  2.45983319e+10  8.05e+01 2.66e-06  1.73e+00   107s
  56   2.46065559e+10  2.45989340e+10  6.69e+01 2.28e-06  1.47e+00   109s
  57   2.46060596e+10  2.45994638e+10  5.82e+01 1.95e-06  1.27e+00   111s
  58   2.46057392e+10  2.45997750e+10  5.26e+01 1.75e-06  1.15e+00   113s
  59   2.46052816e+10  2.46003439e+10  4.46e+01 1.40e-06  9.49e-01   114s
  60   2.46046622e+10  2.46007533e+10  3.40e+01 1.15e-06  7.52e-01   116s
  61   2.46044950e+10  2.46009893e+10  3.12e+01 1.00e-06  6.74e-01   118s
  62   2.46041970e+10  2.46013335e+10  2.60e+01 7.93e-07  5.50e-01   120s
  63   2.46039023e+10  2.46016533e+10  2.10e+01 5.97e-07  4.32e-01   121s
  64   2.46036816e+10  2.46018832e+10  1.72e+01 4.57e-07  3.45e-01   123s
  65   2.46034895e+10  2.46020237e+10  1.40e+01 3.74e-07  2.81e-01   125s
  66   2.46033498e+10  2.46021256e+10  1.16e+01 3.15e-07  2.35e-01   127s
  67   2.46032291e+10  2.46022050e+10  9.58e+00 2.70e-07  1.97e-01   129s
  68   2.46030916e+10  2.46023194e+10  7.28e+00 1.98e-07  1.48e-01   130s
  69   2.46030181e+10  2.46023879e+10  6.05e+00 1.57e-07  1.21e-01   132s
  70   2.46029533e+10  2.46024197e+10  4.98e+00 1.38e-07  1.02e-01   134s
  71   2.46029070e+10  2.46024826e+10  4.22e+00 1.01e-07  8.13e-02   136s
  72   2.46028511e+10  2.46025113e+10  3.34e+00 8.41e-08  6.51e-02   137s
  73   2.46028051e+10  2.46025420e+10  2.58e+00 6.48e-08  5.04e-02   139s
  74   2.46027809e+10  2.46025708e+10  2.18e+00 4.64e-08  4.02e-02   141s
  75   2.46027539e+10  2.46025859e+10  1.75e+00 3.72e-08  3.22e-02   143s
  76   2.46027250e+10  2.46025927e+10  1.28e+00 3.29e-08  2.54e-02   145s
  77   2.46027194e+10  2.46026041e+10  1.19e+00 2.62e-08  2.21e-02   147s
  78   2.46027065e+10  2.46026096e+10  9.82e-01 2.28e-08  1.85e-02   148s
  79   2.46026996e+10  2.46026143e+10  8.71e-01 1.99e-08  1.63e-02   149s
  80   2.46026899e+10  2.46026212e+10  7.10e-01 1.56e-08  1.31e-02   151s
  81   2.46026795e+10  2.46026264e+10  5.47e-01 1.24e-08  1.02e-02   153s
  82   2.46026730e+10  2.46026292e+10  4.44e-01 1.06e-08  8.40e-03   155s
  83   2.46026706e+10  2.46026320e+10  4.04e-01 8.89e-09  7.38e-03   156s
  84   2.46026683e+10  2.46026323e+10  3.68e-01 8.70e-09  6.90e-03   158s
  85   2.46026673e+10  2.46026339e+10  3.51e-01 7.74e-09  6.39e-03   160s
  86   2.46026607e+10  2.46026370e+10  2.43e-01 5.62e-09  4.53e-03   162s

Barrier solved model in 86 iterations and 161.61 seconds (185.07 work units)
Optimal objective 2.46026607e+10


Gurobi 12.0.1 (linux64) logging started Thu Jan 22 11:02:44 2026

Set parameter LogFile to value "gurobi_dispatch.log"
Gurobi Optimizer version 12.0.1 build v12.0.1rc0 (linux64 - "Debian GNU/Linux 12 (bookworm)")

CPU model: INTEL(R) XEON(R) PLATINUM 8581C CPU @ 2.30GHz, instruction set [SSE2|AVX|AVX2|AVX512]
Thread count: 8 physical cores, 16 logical processors, using up to 8 threads

Non-default parameters:
Method  2
BarConvTol  1e-06
Crossover  0
AggFill  0
PreDual  0
Seed  123
Threads  8

WLS license 2526863 - registered to TransitionZero
Optimize a model with 5957313 rows, 2995920 columns and 15679812 nonzeros
Model fingerprint: 0x43ba53ad
Coefficient statistics:
  Matrix range     [5e-01, 1e+00]
  Objective range  [1e+00, 4e+02]
  Bounds range     [0e+00, 0e+00]
  RHS range        [4e-01, 1e+08]
Presolve removed 4511691 rows and 517925 columns
Presolve time: 5.22s
Presolved: 1445622 rows, 3117670 columns, 8660514 nonzeros
Elapsed ordering time = 6s
Elapsed ordering time = 10s
Ordering time: 10.96s

Barrier statistics:
 AA' NZ     : 1.092e+07
 Factor NZ  : 7.272e+07 (roughly 2.4 GB of memory)
 Factor Ops : 2.435e+10 (less than 1 second per iteration)
 Threads    : 8

                  Objective                Residual
Iter       Primal          Dual         Primal    Dual     Compl     Time
   0   2.95129631e+14 -8.42317451e+11  3.44e+11 1.61e+01  1.67e+08    19s
   1   2.29685291e+13 -7.80414507e+11  2.03e+10 1.51e+01  1.09e+07    20s
   2   1.58332408e+12 -6.52063512e+11  1.22e+09 4.12e+00  8.00e+05    21s
   3   4.87779710e+11 -3.23809322e+11  3.42e+08 1.08e+00  2.47e+05    23s
   4   4.39294669e+11 -1.94036025e+11  3.14e+08 4.67e-01  1.90e+05    24s
   5   3.90393345e+11 -1.22945790e+11  2.68e+08 2.45e-01  1.52e+05    25s
   6   1.82510466e+11 -9.21947017e+10  1.11e+08 1.69e-01  7.40e+04    26s
   7   1.06056693e+11 -5.84295897e+10  5.61e+07 1.06e-01  4.10e+04    27s
   8   6.29472441e+10 -1.93898254e+10  2.51e+07 4.52e-02  1.91e+04    28s
   9   3.89092178e+10  5.53439504e+09  7.90e+06 1.59e-02  7.24e+03    29s
  10   3.33413669e+10  1.31517296e+10  2.87e+06 9.05e-03  4.28e+03    31s
  11   3.22927409e+10  1.64228628e+10  1.67e+06 6.26e-03  3.36e+03    32s
  12   3.12462445e+10  1.78427382e+10  2.85e+05 5.08e-03  2.83e+03    32s
  13   2.98852944e+10  1.84440392e+10  1.16e+05 4.59e-03  2.39e+03    33s
  14   2.83603736e+10  1.95808993e+10  8.20e+04 3.69e-03  1.82e+03    35s
  15   2.74803668e+10  2.02701064e+10  6.18e+04 3.17e-03  1.48e+03    36s
  16   2.68534816e+10  2.07565626e+10  4.76e+04 2.60e-03  1.25e+03    38s
  17   2.62808418e+10  2.13124630e+10  3.47e+04 2.20e-03  1.01e+03    40s
  18   2.60336359e+10  2.21571752e+10  2.91e+04 1.62e-03  7.86e+02    41s
  19   2.56204196e+10  2.30355658e+10  2.01e+04 1.04e-03  5.21e+02    43s
  20   2.53283141e+10  2.33337545e+10  1.40e+04 8.50e-04  4.00e+02    45s
  21   2.51924199e+10  2.36820805e+10  1.12e+04 6.17e-04  3.02e+02    47s
  22   2.50790405e+10  2.38565592e+10  8.94e+03 4.98e-04  2.43e+02    49s
  23   2.49878721e+10  2.40263895e+10  7.13e+03 3.83e-04  1.91e+02    51s
  24   2.49081706e+10  2.40900075e+10  5.57e+03 3.41e-04  1.62e+02    52s
  25   2.48531079e+10  2.42076195e+10  4.52e+03 2.62e-04  1.27e+02    54s
  26   2.48138598e+10  2.42543353e+10  3.77e+03 2.32e-04  1.10e+02    56s
  27   2.47722347e+10  2.43203479e+10  2.98e+03 1.88e-04  8.88e+01    58s
  28   2.47602944e+10  2.43425210e+10  2.76e+03 1.74e-04  8.20e+01    59s
  29   2.47453512e+10  2.43777921e+10  2.48e+03 1.50e-04  7.20e+01    61s
  30   2.47108291e+10  2.43945479e+10  1.85e+03 1.38e-04  6.19e+01    63s
  31   2.46989746e+10  2.44240572e+10  1.64e+03 1.19e-04  5.38e+01    65s
  32   2.46870881e+10  2.44603601e+10  1.42e+03 9.50e-05  4.43e+01    66s
  33   2.46729580e+10  2.44769370e+10  1.17e+03 8.43e-05  3.82e+01    68s
  34   2.46652726e+10  2.44990705e+10  1.04e+03 7.00e-05  3.24e+01    70s
  35   2.46572131e+10  2.45178301e+10  8.97e+02 5.76e-05  2.71e+01    72s
  36   2.46496038e+10  2.45331830e+10  7.68e+02 4.74e-05  2.26e+01    74s
  37   2.46424516e+10  2.45413054e+10  6.46e+02 4.18e-05  1.96e+01    76s
  38   2.46343140e+10  2.45501409e+10  5.07e+02 3.58e-05  1.63e+01    77s
  39   2.46306921e+10  2.45562017e+10  4.47e+02 3.18e-05  1.45e+01    79s
  40   2.46270974e+10  2.45597958e+10  3.87e+02 2.94e-05  1.31e+01    81s
  41   2.46239143e+10  2.45634899e+10  3.34e+02 2.68e-05  1.17e+01    83s
  42   2.46221143e+10  2.45692347e+10  3.04e+02 2.30e-05  1.03e+01    85s
  43   2.46186118e+10  2.45723388e+10  2.47e+02 2.09e-05  8.98e+00    87s
  44   2.46164874e+10  2.45766708e+10  2.12e+02 1.79e-05  7.73e+00    88s
  45   2.46144099e+10  2.45823531e+10  1.79e+02 1.39e-05  6.22e+00    90s
  46   2.46127062e+10  2.45843308e+10  1.52e+02 1.25e-05  5.51e+00    92s
  47   2.46111306e+10  2.45865633e+10  1.27e+02 1.10e-05  4.77e+00    94s
  48   2.46098777e+10  2.45890216e+10  1.07e+02 9.34e-06  4.05e+00    96s
  49   2.46088857e+10  2.45903658e+10  9.14e+01 8.41e-06  3.59e+00    98s
  50   2.46081320e+10  2.45935893e+10  7.97e+01 6.25e-06  2.82e+00    99s
  51   2.46073647e+10  2.45949832e+10  6.81e+01 5.28e-06  2.40e+00   101s
  52   2.46067171e+10  2.45968276e+10  5.83e+01 4.03e-06  1.91e+00   103s
  53   2.46058624e+10  2.45977014e+10  4.56e+01 3.42e-06  1.58e+00   105s
  54   2.46054625e+10  2.45985355e+10  3.96e+01 2.83e-06  1.34e+00   107s
  55   2.46049673e+10  2.45991529e+10  3.25e+01 2.40e-06  1.13e+00   108s
  56   2.46045233e+10  2.45999108e+10  2.60e+01 1.88e-06  8.93e-01   110s
  57   2.46041943e+10  2.46003666e+10  2.12e+01 1.56e-06  7.42e-01   112s
  58   2.46039175e+10  2.46008950e+10  1.72e+01 1.20e-06  5.85e-01   114s
  59   2.46037444e+10  2.46011864e+10  1.47e+01 1.00e-06  4.95e-01   116s
  60   2.46035247e+10  2.46015501e+10  1.16e+01 7.51e-07  3.82e-01   118s
  61   2.46033296e+10  2.46017988e+10  8.82e+00 5.82e-07  2.96e-01   120s
  62   2.46032104e+10  2.46019572e+10  7.15e+00 4.75e-07  2.43e-01   121s
  63   2.46031238e+10  2.46020847e+10  5.97e+00 3.92e-07  2.01e-01   123s
  64   2.46030153e+10  2.46022295e+10  4.46e+00 2.95e-07  1.52e-01   125s
  65   2.46029632e+10  2.46023404e+10  3.73e+00 2.23e-07  1.20e-01   127s
  66   2.46029258e+10  2.46024251e+10  3.23e+00 1.66e-07  9.68e-02   128s
  67   2.46029017e+10  2.46024391e+10  2.91e+00 1.57e-07  8.94e-02   130s
  68   2.46028574e+10  2.46024833e+10  2.32e+00 1.28e-07  7.23e-02   132s
  69   2.46028300e+10  2.46025124e+10  1.95e+00 1.08e-07  6.14e-02   134s
  70   2.46027954e+10  2.46025629e+10  1.48e+00 7.48e-08  4.50e-02   136s
  71   2.46027735e+10  2.46025930e+10  1.19e+00 5.53e-08  3.49e-02   137s
  72   2.46027489e+10  2.46026085e+10  8.67e-01 4.54e-08  2.72e-02   139s
  73   2.46027394e+10  2.46026339e+10  7.42e-01 3.02e-08  2.04e-02   141s
  74   2.46027197e+10  2.46026448e+10  4.89e-01 2.34e-08  1.45e-02   143s
  75   2.46027158e+10  2.46026496e+10  4.37e-01 2.04e-08  1.28e-02   145s
  76   2.46027077e+10  2.46026578e+10  3.31e-01 1.52e-08  9.63e-03   146s
  77   2.46027027e+10  2.46026619e+10  2.68e-01 1.26e-08  7.89e-03   148s
  78   2.46026970e+10  2.46026653e+10  1.95e-01 1.04e-08  6.11e-03   150s
  79   2.46026930e+10  2.46026702e+10  1.45e-01 7.40e-09  4.42e-03   152s

Barrier solved model in 79 iterations and 152.04 seconds (172.50 work units)
Optimal objective 2.46026930e+10


Gurobi 12.0.1 (linux64) logging started Thu Jan 22 11:48:36 2026

Set parameter LogFile to value "gurobi_dispatch.log"
Gurobi Optimizer version 12.0.1 build v12.0.1rc0 (linux64 - "Debian GNU/Linux 12 (bookworm)")

CPU model: INTEL(R) XEON(R) PLATINUM 8581C CPU @ 2.30GHz, instruction set [SSE2|AVX|AVX2|AVX512]
Thread count: 8 physical cores, 16 logical processors, using up to 8 threads

Non-default parameters:
Method  2
BarConvTol  1e-06
Crossover  0
AggFill  0
PreDual  0
Seed  123
Threads  8

WLS license 2526863 - registered to TransitionZero
Optimize a model with 6027383 rows, 3136080 columns and 13577380 nonzeros
Model fingerprint: 0x3e48456a
Coefficient statistics:
  Matrix range     [8e-01, 1e+00]
  Objective range  [1e+00, 3e+02]
  Bounds range     [0e+00, 0e+00]
  RHS range        [4e-01, 1e+08]
Presolve removed 3871918 rows and 474199 columns (presolve time = 5s)...
Presolve removed 4511661 rows and 474199 columns
Presolve time: 5.32s
Presolved: 1515722 rows, 3301624 columns, 7637532 nonzeros
Elapsed ordering time = 6s
Elapsed ordering time = 10s
Ordering time: 10.67s

Barrier statistics:
 AA' NZ     : 8.921e+06
 Factor NZ  : 6.996e+07 (roughly 2.5 GB of memory)
 Factor Ops : 2.442e+10 (less than 1 second per iteration)
 Threads    : 8

                  Objective                Residual
Iter       Primal          Dual         Primal    Dual     Compl     Time
   0   3.34952680e+14 -1.50544837e+12  1.45e+09 2.27e-13  3.07e+08    19s
   1   5.32126925e+13 -1.39226192e+12  8.39e+07 2.21e+01  2.25e+07    20s
   2   1.75717717e+13 -1.14875329e+12  2.61e+07 5.23e-12  7.43e+06    21s
   3   3.86680326e+12 -8.10515774e+11  5.47e+06 3.55e-01  1.68e+06    22s
   4   1.43937367e+12 -4.42237661e+11  1.96e+06 3.18e-12  6.06e+05    24s
   5   9.30929423e+11 -3.51489783e+11  1.24e+06 2.50e-12  3.90e+05    24s
   6   4.65803327e+11 -2.74948206e+11  5.80e+05 2.05e-12  2.04e+05    25s
   7   2.97407534e+11 -1.93895693e+11  3.47e+05 2.73e-12  1.27e+05    26s
   8   2.16725577e+11 -1.70334319e+11  2.45e+05 2.73e-12  9.57e+04    27s
   9   1.47014266e+11 -1.04413215e+11  1.52e+05 4.09e-12  5.91e+04    28s
  10   1.28755093e+11 -7.90236379e+10  1.29e+05 5.46e-12  4.80e+04    29s
  11   9.84938641e+10 -5.58705902e+10  8.99e+04 4.21e-12  3.45e+04    30s
  12   8.07040804e+10 -2.81902200e+10  6.72e+04 5.23e-12  2.38e+04    31s
  13   7.22336303e+10 -2.14591771e+10  5.70e+04 4.77e-12  2.03e+04    33s
  14   4.50840580e+10 -4.03095576e+09  2.31e+04 5.23e-12  1.01e+04    34s
  15   4.06796216e+10  3.95047847e+09  1.80e+04 5.23e-12  7.46e+03    36s
  16   3.53510812e+10  1.01340617e+10  1.18e+04 5.12e-12  5.03e+03    38s
  17   3.42024503e+10  1.42369000e+10  1.05e+04 3.41e-12  3.97e+03    39s
  18   3.30427029e+10  1.52992921e+10  9.15e+03 3.52e-12  3.51e+03    39s
  19   3.16721494e+10  1.74802805e+10  7.62e+03 3.07e-12  2.79e+03    41s
  20   3.04982774e+10  1.91387124e+10  6.33e+03 3.18e-12  2.22e+03    42s
  21   2.90420128e+10  2.06570599e+10  4.78e+03 2.61e-12  1.62e+03    44s
  22   2.77944855e+10  2.21240304e+10  3.39e+03 3.18e-12  1.08e+03    45s
  23   2.72592708e+10  2.24241352e+10  2.83e+03 3.18e-12  9.22e+02    47s
  24   2.65178290e+10  2.29501429e+10  2.03e+03 2.27e-12  6.76e+02    49s
  25   2.60978528e+10  2.34556038e+10  1.58e+03 1.82e-12  4.98e+02    51s
  26   2.56357882e+10  2.38928440e+10  1.07e+03 2.27e-12  3.26e+02    52s
  27   2.54274442e+10  2.41253420e+10  8.44e+02 1.82e-12  2.42e+02    54s
  28   2.52995325e+10  2.42802716e+10  7.14e+02 1.82e-12  1.89e+02    56s
  29   2.52130399e+10  2.43233441e+10  6.16e+02 1.71e-12  1.64e+02    58s
  30   2.51326056e+10  2.43474643e+10  5.28e+02 1.82e-12  1.45e+02    59s
  31   2.50900018e+10  2.43803282e+10  4.86e+02 2.27e-12  1.31e+02    61s
  32   2.50482950e+10  2.44157424e+10  4.42e+02 2.27e-12  1.17e+02    63s
  33   2.50353849e+10  2.44476925e+10  4.29e+02 2.73e-12  1.08e+02    65s
  34   2.49956200e+10  2.44731340e+10  3.91e+02 2.73e-12  9.60e+01    66s
  35   2.49447596e+10  2.45041458e+10  3.38e+02 2.27e-12  8.08e+01    68s
  36   2.49383262e+10  2.45154094e+10  3.30e+02 2.27e-12  7.75e+01    69s
  37   2.48721778e+10  2.45402007e+10  2.56e+02 1.82e-12  6.08e+01    71s
  38   2.48484805e+10  2.45672933e+10  2.29e+02 1.82e-12  5.13e+01    73s
  39   2.48142005e+10  2.45808089e+10  1.90e+02 1.82e-12  4.26e+01    75s
  40   2.48091952e+10  2.45866398e+10  1.84e+02 1.82e-12  4.06e+01    76s
  41   2.47941419e+10  2.45933301e+10  1.66e+02 2.27e-12  3.66e+01    78s
  42   2.47847053e+10  2.46037491e+10  1.56e+02 2.27e-12  3.29e+01    79s
  43   2.47701987e+10  2.46111557e+10  1.40e+02 2.27e-12  2.89e+01    81s
  44   2.47640245e+10  2.46121874e+10  1.32e+02 2.27e-12  2.76e+01    82s
  45   2.47547962e+10  2.46198957e+10  1.21e+02 2.27e-12  2.45e+01    84s
  46   2.47439322e+10  2.46249780e+10  1.08e+02 2.27e-12  2.16e+01    86s
  47   2.47351010e+10  2.46320119e+10  9.77e+01 1.82e-12  1.87e+01    87s
  48   2.47271917e+10  2.46370063e+10  8.90e+01 2.27e-12  1.63e+01    89s
  49   2.47122068e+10  2.46402763e+10  7.03e+01 2.27e-12  1.30e+01    91s
  50   2.47041175e+10  2.46435729e+10  5.97e+01 2.27e-12  1.09e+01    93s
  51   2.47000108e+10  2.46458469e+10  5.46e+01 1.82e-12  9.77e+00    94s
  52   2.46942400e+10  2.46477867e+10  4.76e+01 1.82e-12  8.37e+00    96s
  53   2.46898214e+10  2.46511829e+10  4.21e+01 1.82e-12  6.94e+00    98s
  54   2.46856957e+10  2.46525945e+10  3.66e+01 1.82e-12  5.94e+00   100s
  55   2.46830672e+10  2.46540269e+10  3.32e+01 1.82e-12  5.21e+00   101s
  56   2.46798070e+10  2.46548167e+10  2.86e+01 1.82e-12  4.48e+00   103s
  57   2.46763957e+10  2.46554320e+10  2.39e+01 1.82e-12  3.76e+00   105s
  58   2.46740166e+10  2.46561407e+10  2.07e+01 1.82e-12  3.20e+00   107s
  59   2.46713899e+10  2.46564714e+10  1.70e+01 2.27e-12  2.67e+00   108s
  60   2.46703472e+10  2.46569839e+10  1.55e+01 2.27e-12  2.39e+00   110s
  61   2.46694198e+10  2.46573771e+10  1.41e+01 2.27e-12  2.16e+00   112s
  62   2.46687652e+10  2.46579730e+10  1.33e+01 2.27e-12  1.93e+00   114s
  63   2.46672426e+10  2.46584373e+10  1.10e+01 1.82e-12  1.57e+00   115s
  64   2.46661986e+10  2.46586760e+10  9.36e+00 1.82e-12  1.34e+00   117s
  65   2.46656935e+10  2.46589902e+10  8.60e+00 1.82e-12  1.19e+00   119s
  66   2.46650133e+10  2.46591454e+10  7.59e+00 1.82e-12  1.04e+00   120s
  67   2.46648596e+10  2.46592631e+10  7.37e+00 2.27e-12  9.95e-01   122s
  68   2.46642115e+10  2.46594976e+10  6.29e+00 1.82e-12  8.38e-01   124s
  69   2.46637459e+10  2.46596200e+10  5.52e+00 1.82e-12  7.33e-01   126s
  70   2.46630906e+10  2.46597338e+10  4.47e+00 2.27e-12  5.97e-01   127s
  71   2.46628596e+10  2.46598037e+10  4.11e+00 2.27e-12  5.43e-01   129s
  72   2.46625655e+10  2.46599159e+10  3.61e+00 1.82e-12  4.70e-01   131s
  73   2.46624760e+10  2.46599535e+10  3.46e+00 6.77e-12  4.48e-01   132s
  74   2.46621699e+10  2.46600325e+10  2.95e+00 2.03e-11  3.79e-01   134s
  75   2.46619183e+10  2.46601340e+10  2.53e+00 1.58e-11  3.16e-01   136s
  76   2.46616672e+10  2.46602083e+10  2.07e+00 4.36e-11  2.58e-01   137s
  77   2.46615055e+10  2.46602922e+10  1.80e+00 5.28e-11  2.14e-01   139s
  78   2.46613534e+10  2.46603399e+10  1.54e+00 8.44e-11  1.79e-01   141s
  79   2.46612050e+10  2.46603843e+10  1.27e+00 1.16e-10  1.45e-01   143s
  80   2.46610850e+10  2.46604070e+10  1.05e+00 1.07e-10  1.19e-01   144s
  81   2.46610289e+10  2.46604208e+10  9.57e-01 1.06e-10  1.07e-01   146s
  82   2.46610108e+10  2.46604387e+10  9.28e-01 1.06e-10  1.00e-01   148s
  83   2.46609207e+10  2.46604544e+10  7.64e-01 1.15e-10  8.18e-02   150s
  84   2.46608719e+10  2.46604675e+10  6.75e-01 1.38e-10  7.08e-02   151s
  85   2.46608062e+10  2.46604842e+10  5.50e-01 1.47e-10  5.63e-02   153s
  86   2.46607730e+10  2.46604899e+10  4.86e-01 1.70e-10  4.95e-02   155s
  87   2.46607285e+10  2.46605003e+10  4.04e-01 1.74e-10  3.98e-02   157s
  88   2.46607058e+10  2.46605075e+10  3.59e-01 1.52e-10  3.45e-02   158s
  89   2.46606513e+10  2.46605132e+10  2.53e-01 1.69e-10  2.40e-02   160s
  90   2.46606238e+10  2.46605173e+10  1.97e-01 1.82e-10  1.85e-02   162s
  91   2.46606104e+10  2.46605207e+10  1.67e-01 1.66e-10  1.56e-02   163s
  92   2.46606004e+10  2.46605229e+10  1.45e-01 1.70e-10  1.35e-02   165s
  93   2.46605895e+10  2.46605256e+10  1.21e-01 1.71e-10  1.11e-02   167s
  94   2.46605832e+10  2.46605281e+10  1.08e-01 1.66e-10  9.54e-03   169s
  95   2.46605721e+10  2.46605297e+10  8.37e-02 1.94e-10  7.33e-03   170s
  96   2.46605670e+10  2.46605305e+10  7.20e-02 2.09e-10  6.31e-03   172s
  97   2.46605655e+10  2.46605319e+10  6.87e-02 2.50e-10  5.79e-03   174s
  98   2.46605627e+10  2.46605327e+10  6.20e-02 2.71e-10  5.16e-03   176s
  99   2.46605565e+10  2.46605333e+10  4.74e-02 2.96e-10  3.99e-03   177s

Barrier solved model in 99 iterations and 177.45 seconds (213.39 work units)
Optimal objective 2.46605565e+10


Gurobi 12.0.1 (linux64) logging started Thu Jan 22 12:18:59 2026

Set parameter LogFile to value "gurobi_dispatch.log"
Gurobi Optimizer version 12.0.1 build v12.0.1rc0 (linux64 - "Debian GNU/Linux 12 (bookworm)")

CPU model: INTEL(R) XEON(R) PLATINUM 8581C CPU @ 2.30GHz, instruction set [SSE2|AVX|AVX2|AVX512]
Thread count: 8 physical cores, 16 logical processors, using up to 8 threads

Non-default parameters:
Method  2
BarConvTol  1e-06
Crossover  0
AggFill  0
PreDual  0
Seed  123
Threads  8

WLS license 2526863 - registered to TransitionZero
Optimize a model with 6027383 rows, 3136080 columns and 13577380 nonzeros
Model fingerprint: 0x35efd13b
Coefficient statistics:
  Matrix range     [8e-01, 1e+00]
  Objective range  [1e+00, 3e+02]
  Bounds range     [0e+00, 0e+00]
  RHS range        [4e-01, 1e+08]
Presolve removed 3872018 rows and 518064 columns (presolve time = 5s)...
Presolve removed 4511698 rows and 518064 columns
Presolve time: 5.42s
Presolved: 1515685 rows, 3257696 columns, 7505940 nonzeros
Elapsed ordering time = 5s
Elapsed ordering time = 10s
Ordering time: 10.69s

Barrier statistics:
 AA' NZ     : 8.834e+06
 Factor NZ  : 6.954e+07 (roughly 2.5 GB of memory)
 Factor Ops : 2.383e+10 (less than 1 second per iteration)
 Threads    : 8

                  Objective                Residual
Iter       Primal          Dual         Primal    Dual     Compl     Time
   0   3.08078218e+14 -1.64096363e+12  1.34e+09 2.27e-13  3.19e+08    19s
   1   6.04980282e+13 -1.51536897e+12  1.03e+08 2.19e+01  2.89e+07    20s
   2   2.07139850e+13 -1.25805449e+12  3.37e+07 4.09e-12  9.78e+06    21s
   3   3.67782923e+12 -9.09446818e+11  5.61e+06 4.78e-01  1.78e+06    23s
   4   1.62431513e+12 -6.18737204e+11  2.38e+06 2.73e-12  7.83e+05    24s
   5   1.14771199e+12 -4.10840556e+11  1.65e+06 3.07e-12  5.19e+05    25s
   6   6.41843357e+11 -2.85913891e+11  8.76e+05 3.64e-12  2.84e+05    26s
   7   5.38196294e+11 -2.06436256e+11  7.25e+05 3.64e-12  2.22e+05    27s
   8   3.39407037e+11 -1.53035883e+11  4.30e+05 2.73e-12  1.38e+05    28s
   9   2.17051244e+11 -8.95062026e+10  2.51e+05 3.64e-12  8.02e+04    29s
  10   1.79487472e+11 -6.53240610e+10  1.97e+05 5.46e-12  6.23e+04    30s
  11   1.08382672e+11 -3.75557225e+10  9.82e+04 4.55e-12  3.45e+04    31s
  12   8.72142534e+10 -1.69828102e+10  6.91e+04 4.55e-12  2.39e+04    32s
  13   7.15140453e+10 -1.53351313e+09  4.75e+04 4.43e-12  1.62e+04    33s
  14   6.57699231e+10  4.48347569e+09  4.05e+04 3.75e-12  1.35e+04    34s
  15   5.83124117e+10  1.14933879e+10  3.07e+04 3.75e-12  1.01e+04    35s
  16   5.45770953e+10  1.55501598e+10  2.61e+04 3.52e-12  8.37e+03    36s
  17   5.08862813e+10  1.93692953e+10  2.16e+04 3.64e-12  6.69e+03    38s
  18   4.63115027e+10  2.46035741e+10  1.57e+04 3.64e-12  4.54e+03    39s
  19   4.38058497e+10  2.67232092e+10  1.26e+04 3.07e-12  3.53e+03    41s
  20   4.23355555e+10  2.78311428e+10  1.09e+04 2.73e-12  2.98e+03    43s
  21   4.06299114e+10  2.93607736e+10  8.89e+03 2.61e-12  2.29e+03    45s
  22   3.93361161e+10  3.02753124e+10  7.20e+03 3.18e-12  1.83e+03    47s
  23   3.76351442e+10  3.14940234e+10  4.94e+03 2.73e-12  1.22e+03    48s
  24   3.73633448e+10  3.19850923e+10  4.61e+03 2.61e-12  1.06e+03    50s
  25   3.61731360e+10  3.23476864e+10  3.12e+03 2.05e-12  7.50e+02    52s
  26   3.55803505e+10  3.26604634e+10  2.41e+03 1.82e-12  5.68e+02    54s
  27   3.52721023e+10  3.29301294e+10  2.06e+03 1.82e-12  4.52e+02    55s
  28   3.48376120e+10  3.30474104e+10  1.57e+03 1.82e-12  3.44e+02    57s
  29   3.47145724e+10  3.31321488e+10  1.40e+03 1.82e-12  3.03e+02    59s
  30   3.46247949e+10  3.31932636e+10  1.27e+03 1.93e-12  2.73e+02    61s
  31   3.44952487e+10  3.32838087e+10  1.10e+03 2.27e-12  2.30e+02    63s
  32   3.43754081e+10  3.33629610e+10  9.22e+02 1.82e-12  1.91e+02    64s
  33   3.43033877e+10  3.34512646e+10  8.15e+02 1.82e-12  1.60e+02    66s
  34   3.42070958e+10  3.34892813e+10  6.83e+02 1.82e-12  1.35e+02    68s
  35   3.41853521e+10  3.35170948e+10  6.51e+02 1.82e-12  1.25e+02    70s
  36   3.41612469e+10  3.35262076e+10  6.14e+02 2.27e-12  1.19e+02    71s
  37   3.40916086e+10  3.35606570e+10  5.09e+02 1.82e-12  9.91e+01    73s
  38   3.40627479e+10  3.35969989e+10  4.68e+02 1.82e-12  8.66e+01    75s
  39   3.40498802e+10  3.36088140e+10  4.52e+02 1.82e-12  8.19e+01    77s
  40   3.40131481e+10  3.36450389e+10  3.95e+02 2.27e-12  6.80e+01    78s
  41   3.39799168e+10  3.36650572e+10  3.47e+02 2.27e-12  5.80e+01    80s
  42   3.39362599e+10  3.36762140e+10  2.82e+02 1.93e-12  4.79e+01    82s
  43   3.39285075e+10  3.36877546e+10  2.72e+02 1.82e-12  4.42e+01    84s
  44   3.39153124e+10  3.36947435e+10  2.54e+02 2.27e-12  4.04e+01    86s
  45   3.38843655e+10  3.37024642e+10  2.07e+02 1.82e-12  3.33e+01    87s
  46   3.38796717e+10  3.37057330e+10  2.00e+02 2.27e-12  3.18e+01    89s
  47   3.38605446e+10  3.37117515e+10  1.70e+02 2.27e-12  2.72e+01    91s
  48   3.38450905e+10  3.37200341e+10  1.46e+02 1.82e-12  2.28e+01    93s
  49   3.38360815e+10  3.37272890e+10  1.32e+02 1.82e-12  1.98e+01    94s
  50   3.38249326e+10  3.37320421e+10  1.15e+02 1.82e-12  1.69e+01    96s
  51   3.38162575e+10  3.37358111e+10  1.00e+02 1.82e-12  1.46e+01    98s
  52   3.38102247e+10  3.37400562e+10  9.15e+01 1.82e-12  1.27e+01   100s
  53   3.38065847e+10  3.37409276e+10  8.49e+01 1.82e-12  1.19e+01   101s
  54   3.38031081e+10  3.37427559e+10  7.95e+01 1.82e-12  1.09e+01   103s
  55   3.37989891e+10  3.37434736e+10  7.23e+01 2.73e-12  1.01e+01   104s
  56   3.37952037e+10  3.37438136e+10  6.56e+01 2.27e-12  9.31e+00   106s
  57   3.37918117e+10  3.37471716e+10  6.00e+01 1.82e-12  8.06e+00   108s
  58   3.37874099e+10  3.37481445e+10  5.31e+01 2.27e-12  7.09e+00   109s
  59   3.37854129e+10  3.37502335e+10  4.94e+01 1.82e-12  6.34e+00   111s
  60   3.37822697e+10  3.37511056e+10  4.38e+01 1.82e-12  5.61e+00   113s
  61   3.37798692e+10  3.37520701e+10  3.94e+01 1.82e-12  5.00e+00   115s
  62   3.37777994e+10  3.37532257e+10  3.57e+01 2.27e-12  4.41e+00   116s
  63   3.37758251e+10  3.37535242e+10  3.24e+01 2.73e-12  4.01e+00   118s
  64   3.37741915e+10  3.37541629e+10  2.95e+01 2.73e-12  3.59e+00   120s
  65   3.37718340e+10  3.37547148e+10  2.54e+01 2.73e-12  3.07e+00   122s
  66   3.37711939e+10  3.37553388e+10  2.43e+01 2.27e-12  2.84e+00   124s
  67   3.37695019e+10  3.37557234e+10  2.12e+01 2.27e-12  2.46e+00   126s
  68   3.37690208e+10  3.37560933e+10  2.04e+01 2.27e-12  2.31e+00   127s
  69   3.37674921e+10  3.37564363e+10  1.76e+01 1.82e-12  1.97e+00   129s
  70   3.37668182e+10  3.37569193e+10  1.63e+01 1.82e-12  1.76e+00   131s
  71   3.37655130e+10  3.37570145e+10  1.39e+01 1.82e-12  1.51e+00   133s
  72   3.37651560e+10  3.37572023e+10  1.32e+01 1.82e-12  1.41e+00   135s
  73   3.37642801e+10  3.37573122e+10  1.15e+01 2.27e-12  1.24e+00   136s
  74   3.37640749e+10  3.37573936e+10  1.11e+01 2.27e-12  1.19e+00   138s
  75   3.37634397e+10  3.37575587e+10  9.87e+00 2.27e-12  1.05e+00   139s
  76   3.37630764e+10  3.37576886e+10  9.10e+00 2.27e-12  9.57e-01   141s
  77   3.37628707e+10  3.37577591e+10  8.68e+00 2.27e-12  9.08e-01   143s
  78   3.37624153e+10  3.37578728e+10  7.77e+00 2.27e-12  8.06e-01   145s
  79   3.37619776e+10  3.37579995e+10  6.92e+00 2.27e-12  7.05e-01   146s
  80   3.37615661e+10  3.37581575e+10  6.14e+00 1.82e-12  6.02e-01   148s
  81   3.37611527e+10  3.37582562e+10  5.31e+00 1.82e-12  5.11e-01   150s
  82   3.37606829e+10  3.37583325e+10  4.36e+00 2.59e-11  4.14e-01   152s
  83   3.37604297e+10  3.37584003e+10  3.83e+00 6.68e-11  3.57e-01   154s
  84   3.37600166e+10  3.37584491e+10  3.03e+00 1.45e-10  2.75e-01   155s
  85   3.37598951e+10  3.37584748e+10  2.77e+00 1.70e-10  2.49e-01   157s
  86   3.37597840e+10  3.37585149e+10  2.54e+00 2.20e-10  2.22e-01   159s
  87   3.37596189e+10  3.37585496e+10  2.21e+00 2.60e-10  1.87e-01   161s
  88   3.37593739e+10  3.37585738e+10  1.66e+00 1.99e-10  1.40e-01   163s
  89   3.37592749e+10  3.37585872e+10  1.44e+00 2.39e-10  1.20e-01   164s
  90   3.37591603e+10  3.37586073e+10  1.16e+00 2.60e-10  9.65e-02   166s
  91   3.37591149e+10  3.37586241e+10  1.04e+00 2.43e-10  8.55e-02   167s
  92   3.37590527e+10  3.37586365e+10  8.91e-01 2.19e-10  7.24e-02   169s
  93   3.37589981e+10  3.37586439e+10  7.58e-01 1.98e-10  6.17e-02   171s
  94   3.37589443e+10  3.37586536e+10  6.30e-01 1.45e-10  5.05e-02   172s
  95   3.37588904e+10  3.37586641e+10  4.95e-01 9.83e-11  3.93e-02   174s
  96   3.37588437e+10  3.37586711e+10  3.82e-01 5.83e-11  2.99e-02   176s
  97   3.37588121e+10  3.37586768e+10  3.00e-01 6.75e-11  2.35e-02   178s
  98   3.37587967e+10  3.37586811e+10  2.61e-01 8.97e-11  2.00e-02   180s
  99   3.37587811e+10  3.37586851e+10  2.24e-01 1.42e-10  1.66e-02   182s
 100   3.37587654e+10  3.37586873e+10  1.86e-01 1.45e-10  1.34e-02   184s
 101   3.37587488e+10  3.37586897e+10  1.41e-01 1.64e-10  1.02e-02   185s
 102   3.37587407e+10  3.37586910e+10  1.21e-01 1.47e-10  8.54e-03   187s
 103   3.37587325e+10  3.37586920e+10  1.00e-01 2.00e-09  6.94e-03   189s
 104   3.37587235e+10  3.37586934e+10  7.56e-02 5.78e-09  5.16e-03   191s
 105   3.37587134e+10  3.37586941e+10  4.99e-02 9.86e-09  3.27e-03   193s

Barrier solved model in 105 iterations and 192.98 seconds (221.22 work units)
Optimal objective 3.37587134e+10


Gurobi 12.0.1 (linux64) logging started Thu Jan 22 13:50:53 2026

Set parameter LogFile to value "gurobi_dispatch.log"
Gurobi Optimizer version 12.0.1 build v12.0.1rc0 (linux64 - "Debian GNU/Linux 12 (bookworm)")

CPU model: INTEL(R) XEON(R) PLATINUM 8581C CPU @ 2.30GHz, instruction set [SSE2|AVX|AVX2|AVX512]
Thread count: 8 physical cores, 16 logical processors, using up to 8 threads

Non-default parameters:
Method  2
BarConvTol  1e-06
Crossover  0
AggFill  0
PreDual  0
Seed  123
Threads  8

WLS license 2526863 - registered to TransitionZero
Optimize a model with 6026807 rows, 3136080 columns and 13104340 nonzeros
Model fingerprint: 0xe6d9deb7
Coefficient statistics:
  Matrix range     [8e-01, 1e+00]
  Objective range  [1e+00, 3e+02]
  Bounds range     [0e+00, 0e+00]
  RHS range        [4e-01, 9e+07]
Presolve removed 4432016 rows and 518064 columns (presolve time = 5s)...
Presolve removed 4511419 rows and 518064 columns
Presolve time: 5.28s
Presolved: 1515388 rows, 3257419 columns, 7190303 nonzeros
Elapsed ordering time = 6s
Elapsed ordering time = 10s
Ordering time: 10.80s

Barrier statistics:
 AA' NZ     : 8.277e+06
 Factor NZ  : 5.619e+07 (roughly 2.4 GB of memory)
 Factor Ops : 1.128e+10 (less than 1 second per iteration)
 Threads    : 8

                  Objective                Residual
Iter       Primal          Dual         Primal    Dual     Compl     Time
   0   3.24760244e+14 -1.59297777e+12  1.41e+09 2.27e-13  3.37e+08    19s
   1   6.38727193e+13 -1.50193915e+12  1.09e+08 2.84e+01  3.06e+07    20s
   2   1.70821162e+13 -1.25916152e+12  2.68e+07 3.18e-12  7.91e+06    21s
   3   3.16607282e+12 -8.84967183e+11  4.62e+06 3.59e-01  1.51e+06    22s
   4   7.65597993e+11 -6.47345120e+11  1.01e+06 2.30e-01  4.19e+05    23s
   5   4.01681465e+11 -4.58524386e+11  4.87e+05 1.07e-01  2.28e+05    24s
   6   2.05081565e+11 -3.84946211e+11  2.14e+05 8.90e-02  1.39e+05    25s
   7   1.53503523e+11 -3.34766120e+11  1.47e+05 7.53e-02  1.10e+05    26s
   8   1.30754967e+11 -2.46610912e+11  1.17e+05 5.87e-02  8.36e+04    27s
   9   1.25000219e+11 -2.21614691e+11  1.09e+05 5.21e-02  7.65e+04    27s
  10   8.00357526e+10 -1.44563982e+11  4.97e+04 3.17e-02  4.68e+04    29s
  11   5.67456398e+10 -7.49681536e+10  2.09e+04 1.44e-02  2.64e+04    30s
  12   4.50649058e+10 -6.90350749e+08  7.77e+03 3.48e-03  9.02e+03    32s
  13   4.22868065e+10  1.34699101e+10  5.71e+03 2.20e-03  5.66e+03    33s
  14   4.11922891e+10  1.60286435e+10  4.92e+03 1.89e-03  4.93e+03    34s
  15   3.95352233e+10  1.98191692e+10  3.78e+03 1.34e-03  3.84e+03    35s
  16   3.87651918e+10  2.34788073e+10  3.25e+03 9.38e-04  2.97e+03    35s
  17   3.80559722e+10  2.60666928e+10  2.78e+03 5.72e-04  2.32e+03    37s
  18   3.72135442e+10  2.72143022e+10  2.24e+03 4.39e-04  1.93e+03    38s
  19   3.59231210e+10  3.01988395e+10  1.35e+03 2.27e-04  1.10e+03    40s
  20   3.56589749e+10  3.12025587e+10  1.20e+03 1.68e-04  8.54e+02    41s
  21   3.50953110e+10  3.21632634e+10  8.49e+02 9.35e-05  5.59e+02    43s
  22   3.50143141e+10  3.25894754e+10  8.05e+02 6.91e-05  4.61e+02    44s
  23   3.46731101e+10  3.28378579e+10  5.96e+02 4.92e-05  3.49e+02    46s
  24   3.44699502e+10  3.31776431e+10  4.75e+02 2.42e-05  2.45e+02    47s
  25   3.43006297e+10  3.32892283e+10  3.75e+02 1.41e-05  1.91e+02    48s
  26   3.41195543e+10  3.33544419e+10  2.72e+02 1.04e-05  1.45e+02    50s
  27   3.40446934e+10  3.34033505e+10  2.25e+02 7.97e-06  1.21e+02    51s
  28   3.39980091e+10  3.34431754e+10  1.97e+02 6.11e-06  1.05e+02    52s
  29   3.39505479e+10  3.34829554e+10  1.68e+02 5.12e-06  8.82e+01    54s
  30   3.39276394e+10  3.35115683e+10  1.54e+02 4.40e-06  7.84e+01    55s
  31   3.38897131e+10  3.35577657e+10  1.30e+02 3.18e-06  6.25e+01    56s
  32   3.38484163e+10  3.35802997e+10  1.06e+02 2.11e-06  5.05e+01    58s
  33   3.38336833e+10  3.35912256e+10  9.68e+01 1.66e-06  4.56e+01    59s
  34   3.38228488e+10  3.36172266e+10  8.99e+01 1.18e-06  3.86e+01    60s
  35   3.37937161e+10  3.36214487e+10  7.20e+01 9.94e-07  3.24e+01    62s
  36   3.37873392e+10  3.36291109e+10  6.81e+01 8.67e-07  2.97e+01    63s
  37   3.37768353e+10  3.36375632e+10  6.18e+01 7.26e-07  2.61e+01    64s
  38   3.37604705e+10  3.36408186e+10  5.20e+01 5.88e-07  2.25e+01    66s
  39   3.37533257e+10  3.36497125e+10  4.77e+01 4.56e-07  1.94e+01    67s
  40   3.37492442e+10  3.36513252e+10  4.51e+01 3.91e-07  1.84e+01    68s
  41   3.37470875e+10  3.36545748e+10  4.38e+01 3.47e-07  1.73e+01    70s
  42   3.37403275e+10  3.36595066e+10  3.93e+01 2.81e-07  1.51e+01    71s
  43   3.37349107e+10  3.36621487e+10  3.63e+01 2.45e-07  1.36e+01    72s
  44   3.37278626e+10  3.36654336e+10  3.19e+01 2.01e-07  1.17e+01    74s
  45   3.37219416e+10  3.36678505e+10  2.83e+01 9.54e-08  1.01e+01    75s
  46   3.37167520e+10  3.36696634e+10  2.52e+01 2.68e-08  8.80e+00    76s
  47   3.37147146e+10  3.36715505e+10  2.40e+01 2.09e-08  8.06e+00    78s
  48   3.37098237e+10  3.36722675e+10  2.08e+01 1.82e-12  7.01e+00    79s
  49   3.37085297e+10  3.36743288e+10  1.98e+01 1.82e-12  6.38e+00    80s
  50   3.37013506e+10  3.36750097e+10  1.51e+01 1.82e-12  4.91e+00    82s
  51   3.36990199e+10  3.36765784e+10  1.35e+01 1.82e-12  4.18e+00    83s
  52   3.36953411e+10  3.36771043e+10  1.10e+01 1.82e-12  3.40e+00    84s
  53   3.36929226e+10  3.36778924e+10  9.19e+00 1.82e-12  2.80e+00    86s
  54   3.36919663e+10  3.36787773e+10  8.45e+00 1.82e-12  2.45e+00    87s
  55   3.36900712e+10  3.36791219e+10  7.09e+00 1.82e-12  2.04e+00    89s
  56   3.36886293e+10  3.36793882e+10  6.01e+00 1.82e-12  1.72e+00    90s
  57   3.36877265e+10  3.36797941e+10  5.36e+00 1.82e-12  1.47e+00    91s
  58   3.36869180e+10  3.36801286e+10  4.75e+00 1.82e-12  1.26e+00    93s
  59   3.36858372e+10  3.36802874e+10  3.86e+00 1.82e-12  1.03e+00    94s
  60   3.36852916e+10  3.36804369e+10  3.43e+00 2.27e-12  9.00e-01    95s
  61   3.36846155e+10  3.36805037e+10  2.88e+00 2.27e-12  7.63e-01    97s
  62   3.36841582e+10  3.36806081e+10  2.52e+00 2.27e-12  6.58e-01    98s
  63   3.36839865e+10  3.36807341e+10  2.38e+00 1.82e-12  6.03e-01    99s
  64   3.36835870e+10  3.36807932e+10  2.04e+00 1.82e-12  5.18e-01   101s
  65   3.36831847e+10  3.36808818e+10  1.70e+00 1.82e-12  4.27e-01   102s
  66   3.36829736e+10  3.36809205e+10  1.52e+00 2.27e-12  3.80e-01   103s
  67   3.36827531e+10  3.36809533e+10  1.35e+00 2.27e-12  3.33e-01   105s
  68   3.36824446e+10  3.36809858e+10  1.10e+00 2.73e-12  2.70e-01   106s
  69   3.36824064e+10  3.36810139e+10  1.06e+00 2.62e-12  2.58e-01   107s
  70   3.36821494e+10  3.36810580e+10  8.32e-01 1.42e-11  2.02e-01   108s
  71   3.36819181e+10  3.36810915e+10  6.23e-01 1.70e-11  1.53e-01   110s
  72   3.36818354e+10  3.36811199e+10  5.48e-01 2.41e-11  1.32e-01   111s
  73   3.36817813e+10  3.36811565e+10  4.99e-01 3.88e-11  1.15e-01   112s
  74   3.36817208e+10  3.36811790e+10  4.45e-01 5.27e-11  1.00e-01   114s
  75   3.36815995e+10  3.36811916e+10  3.25e-01 5.58e-11  7.53e-02   115s
  76   3.36815417e+10  3.36812065e+10  2.70e-01 5.64e-11  6.19e-02   116s
  77   3.36815005e+10  3.36812153e+10  2.28e-01 5.69e-11  5.27e-02   118s
  78   3.36814667e+10  3.36812287e+10  1.94e-01 6.05e-11  4.39e-02   119s
  79   3.36814189e+10  3.36812386e+10  1.46e-01 4.98e-11  3.33e-02   120s
  80   3.36813947e+10  3.36812451e+10  1.20e-01 4.67e-11  2.76e-02   122s
  81   3.36813791e+10  3.36812548e+10  1.03e-01 4.30e-11  2.29e-02   123s
  82   3.36813637e+10  3.36812613e+10  8.64e-02 4.00e-11  1.89e-02   124s
  83   3.36813468e+10  3.36812646e+10  6.84e-02 4.17e-11  1.52e-02   126s
  84   3.36813286e+10  3.36812695e+10  4.92e-02 4.39e-11  1.09e-02   127s
  85   3.36813182e+10  3.36812714e+10  3.76e-02 4.38e-11  8.64e-03   128s
  86   3.36813137e+10  3.36812748e+10  3.23e-02 4.31e-11  7.19e-03   130s
  87   3.36813097e+10  3.36812771e+10  2.78e-02 3.89e-11  6.00e-03   131s
  88   3.36813052e+10  3.36812789e+10  2.27e-02 3.51e-11  4.84e-03   132s
  89   3.36813012e+10  3.36812795e+10  1.81e-02 3.28e-11  3.99e-03   134s

Barrier solved model in 89 iterations and 133.82 seconds (147.06 work units)
Optimal objective 3.36813012e+10


Gurobi 12.0.1 (linux64) logging started Thu Jan 22 14:08:29 2026

Set parameter LogFile to value "gurobi_dispatch.log"
Gurobi Optimizer version 12.0.1 build v12.0.1rc0 (linux64 - "Debian GNU/Linux 12 (bookworm)")

CPU model: INTEL(R) XEON(R) PLATINUM 8581C CPU @ 2.30GHz, instruction set [SSE2|AVX|AVX2|AVX512]
Thread count: 8 physical cores, 16 logical processors, using up to 8 threads

Non-default parameters:
Method  2
BarConvTol  1e-06
Crossover  0
AggFill  0
PreDual  0
Seed  123
Threads  8

WLS license 2526863 - registered to TransitionZero
Optimize a model with 6027351 rows, 3136080 columns and 13297060 nonzeros
Model fingerprint: 0xcaab4b12
Coefficient statistics:
  Matrix range     [8e-01, 1e+00]
  Objective range  [1e+00, 3e+02]
  Bounds range     [0e+00, 0e+00]
  RHS range        [4e-01, 1e+08]
Presolve removed 3872170 rows and 570950 columns (presolve time = 5s)...
Presolve removed 4511872 rows and 570950 columns
Presolve time: 5.69s
Presolved: 1515479 rows, 3204755 columns, 7251302 nonzeros
Elapsed ordering time = 7s
Elapsed ordering time = 10s
Ordering time: 11.51s

Barrier statistics:
 AA' NZ     : 8.535e+06
 Factor NZ  : 6.892e+07 (roughly 2.5 GB of memory)
 Factor Ops : 2.319e+10 (less than 1 second per iteration)
 Threads    : 8

                  Objective                Residual
Iter       Primal          Dual         Primal    Dual     Compl     Time
   0   3.96075609e+14 -1.64655465e+12  1.72e+09 2.27e-13  4.11e+08    20s
   1   8.78235240e+13 -1.56181542e+12  1.78e+08 3.25e+02  5.12e+07    21s
   2   1.80614851e+13 -1.33147765e+12  1.09e+07 2.27e-12  5.71e+06    23s
   3   3.82563734e+12 -8.18708902e+11  2.03e+06 1.90e-11  1.21e+06    24s
   4   2.41969913e+12 -6.46175200e+11  1.27e+06 9.89e-12  7.76e+05    25s
   5   1.50404794e+12 -4.03950948e+11  7.75e+05 1.35e-11  4.66e+05    26s
   6   7.51609571e+11 -3.20012671e+11  3.72e+05 1.17e-11  2.50e+05    27s
   7   4.83654702e+11 -2.56925658e+11  2.29e+05 1.26e-11  1.68e+05    28s
   8   2.61031715e+11 -1.62359740e+11  1.12e+05 6.37e-12  9.23e+04    29s
   9   1.15472163e+11 -8.37200215e+10  3.84e+04 9.09e-12  4.15e+04    30s
  10   8.22248172e+10 -3.81524877e+10  2.21e+04 1.21e-11  2.46e+04    31s
  11   6.44036952e+10 -2.80285616e+10  1.37e+04 9.32e-12  1.87e+04    32s
  12   5.34685010e+10 -1.14277935e+10  8.59e+03 8.19e-12  1.30e+04    33s
  13   4.58150933e+10  4.46692458e+09  5.12e+03 6.93e-12  8.22e+03    34s
  14   4.18636160e+10  9.44553708e+09  3.42e+03 9.75e-04  6.41e+03    35s
  15   4.00337267e+10  1.67672812e+10  2.63e+03 1.31e-03  4.59e+03    36s
  16   3.79234818e+10  2.30993668e+10  1.75e+03 1.49e-03  2.91e+03    37s
  17   3.67691552e+10  2.71941096e+10  1.29e+03 1.75e-03  1.88e+03    38s
  18   3.54739853e+10  2.86198521e+10  8.07e+02 1.99e-03  1.34e+03    40s
  19   3.48822817e+10  3.00909355e+10  5.97e+02 1.59e-03  9.35e+02    42s
  20   3.47230374e+10  3.07565776e+10  5.43e+02 1.22e-03  7.73e+02    43s
  21   3.42513505e+10  3.15465060e+10  3.79e+02 9.28e-04  5.26e+02    44s
  22   3.39265402e+10  3.19209030e+10  2.70e+02 7.73e-04  3.90e+02    46s
  23   3.37585004e+10  3.22942458e+10  2.14e+02 6.11e-04  2.84e+02    48s
  24   3.36299134e+10  3.24917237e+10  1.71e+02 4.79e-04  2.21e+02    50s
  25   3.34958098e+10  3.26178681e+10  1.28e+02 4.09e-04  1.70e+02    51s
  26   3.34433614e+10  3.27315201e+10  1.12e+02 3.39e-04  1.38e+02    53s
  27   3.33825216e+10  3.28168077e+10  9.19e+01 2.62e-04  1.10e+02    55s
  28   3.33555842e+10  3.28642261e+10  8.31e+01 2.18e-04  9.52e+01    56s
  29   3.33173838e+10  3.28956309e+10  7.09e+01 1.94e-04  8.17e+01    58s
  30   3.32764334e+10  3.29249889e+10  5.73e+01 1.67e-04  6.81e+01    60s
  31   3.32613945e+10  3.29443751e+10  5.24e+01 1.51e-04  6.14e+01    62s
  32   3.32343073e+10  3.29819918e+10  4.38e+01 1.18e-04  4.89e+01    64s
  33   3.32091076e+10  3.30126032e+10  3.57e+01 8.71e-05  3.80e+01    65s
  34   3.31868437e+10  3.30283411e+10  2.83e+01 7.17e-05  3.07e+01    67s
  35   3.31723974e+10  3.30479286e+10  2.34e+01 5.24e-05  2.41e+01    69s
  36   3.31516690e+10  3.30574873e+10  1.65e+01 4.26e-05  1.82e+01    71s
  37   3.31424602e+10  3.30691858e+10  1.34e+01 3.25e-05  1.42e+01    73s
  38   3.31359899e+10  3.30769979e+10  1.11e+01 2.62e-05  1.14e+01    74s
  39   3.31297763e+10  3.30812345e+10  9.04e+00 2.24e-05  9.39e+00    76s
  40   3.31271344e+10  3.30837835e+10  8.12e+00 2.02e-05  8.39e+00    78s
  41   3.31239499e+10  3.30880092e+10  7.04e+00 1.60e-05  6.95e+00    79s
  42   3.31186536e+10  3.30907594e+10  5.24e+00 1.32e-05  5.40e+00    81s
  43   3.31166795e+10  3.30932683e+10  4.59e+00 1.05e-05  4.53e+00    83s
  44   3.31142369e+10  3.30956812e+10  3.74e+00 8.21e-06  3.59e+00    85s
  45   3.31111114e+10  3.30973906e+10  2.69e+00 6.39e-06  2.65e+00    87s
  46   3.31097512e+10  3.30987485e+10  2.22e+00 5.05e-06  2.13e+00    88s
  47   3.31088283e+10  3.30993460e+10  1.89e+00 4.48e-06  1.83e+00    90s
  48   3.31078361e+10  3.31003166e+10  1.54e+00 3.45e-06  1.45e+00    92s
  49   3.31068636e+10  3.31014370e+10  1.18e+00 2.22e-06  1.05e+00    94s
  50   3.31061070e+10  3.31019296e+10  9.07e-01 1.66e-06  8.07e-01    96s
  51   3.31054087e+10  3.31022862e+10  6.62e-01 1.28e-06  6.03e-01    97s
  52   3.31049915e+10  3.31026287e+10  5.09e-01 9.27e-07  4.57e-01    99s
  53   3.31046550e+10  3.31029712e+10  3.91e-01 5.95e-07  3.25e-01   101s
  54   3.31043948e+10  3.31031157e+10  2.95e-01 4.46e-07  2.47e-01   103s
  55   3.31041696e+10  3.31032618e+10  2.15e-01 2.99e-07  1.75e-01   105s
  56   3.31040296e+10  3.31033722e+10  1.68e-01 1.90e-07  1.27e-01   106s
  57   3.31038378e+10  3.31034305e+10  9.56e-02 1.34e-07  7.86e-02   108s
  58   3.31037654e+10  3.31034792e+10  6.85e-02 8.81e-08  5.53e-02   110s
  59   3.31036993e+10  3.31035180e+10  4.43e-02 5.24e-08  3.50e-02   112s
  60   3.31036851e+10  3.31035389e+10  3.88e-02 3.48e-08  2.82e-02   114s
  61   3.31036638e+10  3.31035476e+10  3.11e-02 2.64e-08  2.24e-02   115s
  62   3.31036497e+10  3.31035571e+10  2.59e-02 1.76e-08  1.79e-02   116s
  63   3.31036371e+10  3.31035609e+10  2.11e-02 1.42e-08  1.47e-02   117s
  64   3.31036229e+10  3.31035642e+10  1.56e-02 1.13e-08  1.13e-02   118s
  65   3.31036112e+10  3.31035692e+10  1.13e-02 7.18e-09  8.09e-03   119s
  66   3.31036082e+10  3.31035717e+10  1.03e-02 5.57e-09  7.04e-03   120s
  67   3.31036016e+10  3.31035741e+10  7.86e-03 3.95e-09  5.31e-03   121s
  68   3.31035981e+10  3.31035749e+10  6.73e-03 3.39e-09  4.46e-03   123s

Barrier solved model in 68 iterations and 122.59 seconds (134.79 work units)
Optimal objective 3.31035981e+10


Gurobi 12.0.1 (linux64) logging started Thu Jan 22 14:39:35 2026

Set parameter LogFile to value "gurobi_dispatch.log"
Gurobi Optimizer version 12.0.1 build v12.0.1rc0 (linux64 - "Debian GNU/Linux 12 (bookworm)")

CPU model: INTEL(R) XEON(R) PLATINUM 8581C CPU @ 2.30GHz, instruction set [SSE2|AVX|AVX2|AVX512]
Thread count: 8 physical cores, 16 logical processors, using up to 8 threads

Non-default parameters:
Method  2
BarConvTol  1e-06
Crossover  0
AggFill  0
PreDual  0
Seed  123
Threads  8

WLS license 2526863 - registered to TransitionZero
Optimize a model with 6368996 rows, 3451440 columns and 14470816 nonzeros
Model fingerprint: 0x7be150da
Coefficient statistics:
  Matrix range     [8e-01, 1e+00]
  Objective range  [1e+00, 3e+02]
  Bounds range     [0e+00, 0e+00]
  RHS range        [4e-01, 1e+08]
Presolve removed 4213631 rows and 833424 columns (presolve time = 5s)...
Presolve removed 4853311 rows and 833424 columns
Presolve time: 5.63s
Presolved: 1515685 rows, 3257696 columns, 7505940 nonzeros
Elapsed ordering time = 5s
Elapsed ordering time = 10s
Ordering time: 10.60s

Barrier statistics:
 AA' NZ     : 8.834e+06
 Factor NZ  : 6.954e+07 (roughly 2.5 GB of memory)
 Factor Ops : 2.383e+10 (less than 1 second per iteration)
 Threads    : 8

                  Objective                Residual
Iter       Primal          Dual         Primal    Dual     Compl     Time
   0   3.08082371e+14 -1.64085160e+12  1.34e+09 2.27e-13  3.19e+08    19s
   1   6.04989389e+13 -1.51525798e+12  1.03e+08 2.19e+01  2.89e+07    20s
   2   2.07148657e+13 -1.25794623e+12  3.37e+07 4.55e-12  9.78e+06    21s
   3   3.67778187e+12 -9.09336754e+11  5.61e+06 4.78e-01  1.78e+06    23s
   4   1.62427001e+12 -6.18627754e+11  2.38e+06 2.73e-12  7.83e+05    24s
   5   1.14784240e+12 -4.10710148e+11  1.65e+06 2.36e-12  5.19e+05    25s
   6   6.41946834e+11 -2.85783449e+11  8.76e+05 2.27e-12  2.84e+05    26s
   7   5.41524332e+11 -1.98039873e+11  7.30e+05 2.27e-12  2.21e+05    27s
   8   3.62614080e+11 -1.52880025e+11  4.65e+05 2.73e-12  1.45e+05    28s
   9   2.35826530e+11 -8.71215586e+10  2.77e+05 4.55e-12  8.55e+04    29s
  10   1.90983216e+11 -6.52759183e+10  2.13e+05 4.55e-12  6.58e+04    30s
  11   1.16185486e+11 -3.52263331e+10  1.09e+05 5.46e-12  3.62e+04    31s
  12   9.20812395e+10 -1.42822273e+10  7.54e+04 4.55e-12  2.46e+04    32s
  13   7.35654015e+10 -7.27523693e+08  5.02e+04 4.43e-12  1.66e+04    33s
  14   6.78107609e+10  6.97251505e+09  4.32e+04 3.64e-12  1.35e+04    34s
  15   6.24925665e+10  1.50561662e+10  3.62e+04 3.64e-12  1.04e+04    35s
  16   5.73551018e+10  1.91541634e+10  2.98e+04 3.52e-12  8.28e+03    36s
  17   5.05090516e+10  2.39204546e+10  2.09e+04 3.64e-12  5.65e+03    38s
  18   4.76648852e+10  2.65165482e+10  1.77e+04 3.52e-12  4.46e+03    39s
  19   4.51435880e+10  2.78478357e+10  1.47e+04 2.73e-12  3.62e+03    41s
  20   4.25345732e+10  2.92026119e+10  1.16e+04 2.61e-12  2.76e+03    43s
  21   4.12867222e+10  2.98286629e+10  1.00e+04 2.39e-12  2.36e+03    45s
  22   3.94885837e+10  3.12845712e+10  7.67e+03 2.73e-12  1.67e+03    47s
  23   3.81812711e+10  3.17780836e+10  6.07e+03 2.73e-12  1.29e+03    49s
  24   3.67829686e+10  3.24708811e+10  4.08e+03 2.27e-12  8.53e+02    50s
  25   3.61625708e+10  3.28039789e+10  3.28e+03 2.16e-12  6.57e+02    52s
  26   3.52908509e+10  3.29415698e+10  2.09e+03 1.82e-12  4.56e+02    54s
  27   3.51036450e+10  3.30768483e+10  1.83e+03 1.82e-12  3.91e+02    56s
  28   3.50019662e+10  3.32434250e+10  1.70e+03 1.71e-12  3.37e+02    58s
  29   3.47647302e+10  3.33421396e+10  1.36e+03 2.16e-12  2.71e+02    60s
  30   3.45618628e+10  3.34319520e+10  1.06e+03 1.82e-12  2.14e+02    61s
  31   3.44645893e+10  3.35007478e+10  9.22e+02 1.82e-12  1.82e+02    63s
  32   3.44225325e+10  3.35362993e+10  8.67e+02 1.82e-12  1.67e+02    65s
  33   3.43204823e+10  3.35793570e+10  7.20e+02 2.05e-12  1.39e+02    67s
  34   3.42723369e+10  3.36286418e+10  6.47e+02 1.82e-12  1.20e+02    68s
  35   3.42188401e+10  3.36599415e+10  5.75e+02 1.82e-12  1.04e+02    70s
  36   3.41799762e+10  3.36824911e+10  5.17e+02 1.82e-12  9.25e+01    72s
  37   3.41239723e+10  3.37115213e+10  4.38e+02 1.93e-12  7.64e+01    74s
  38   3.41017879e+10  3.37356321e+10  4.04e+02 2.16e-12  6.76e+01    75s
  39   3.40534113e+10  3.37477164e+10  3.31e+02 1.82e-12  5.64e+01    77s
  40   3.40275235e+10  3.37612676e+10  2.92e+02 2.16e-12  4.90e+01    79s
  41   3.40118016e+10  3.37716352e+10  2.67e+02 2.27e-12  4.42e+01    81s
  42   3.39936296e+10  3.37869847e+10  2.42e+02 2.27e-12  3.79e+01    82s
  43   3.39645892e+10  3.37959576e+10  1.93e+02 1.82e-12  3.09e+01    84s
  44   3.39525725e+10  3.38060631e+10  1.75e+02 2.10e-12  2.68e+01    86s
  45   3.39372893e+10  3.38149565e+10  1.51e+02 1.82e-12  2.23e+01    88s
  46   3.39232256e+10  3.38206096e+10  1.29e+02 1.82e-12  1.87e+01    90s
  47   3.39136221e+10  3.38271607e+10  1.13e+02 1.82e-12  1.57e+01    91s
  48   3.39006336e+10  3.38312873e+10  9.22e+01 1.36e-12  1.26e+01    93s
  49   3.38937875e+10  3.38335013e+10  8.03e+01 1.82e-12  1.09e+01    95s
  50   3.38886296e+10  3.38364298e+10  7.13e+01 1.82e-12  9.43e+00    97s
  51   3.38843118e+10  3.38380085e+10  6.40e+01 1.82e-12  8.35e+00    99s
  52   3.38829419e+10  3.38392186e+10  6.18e+01 1.82e-12  7.88e+00   100s
  53   3.38786535e+10  3.38412450e+10  5.36e+01 1.82e-12  6.73e+00   102s
  54   3.38742407e+10  3.38425756e+10  4.59e+01 1.82e-12  5.69e+00   104s
  55   3.38715891e+10  3.38441652e+10  4.11e+01 1.82e-12  4.92e+00   106s
  56   3.38676025e+10  3.38450621e+10  3.37e+01 1.82e-12  4.04e+00   107s
  57   3.38658920e+10  3.38460872e+10  3.06e+01 1.82e-12  3.54e+00   109s
  58   3.38644800e+10  3.38470625e+10  2.77e+01 1.82e-12  3.11e+00   111s
  59   3.38635954e+10  3.38473354e+10  2.60e+01 1.82e-12  2.90e+00   113s
  60   3.38613748e+10  3.38478167e+10  2.18e+01 1.82e-12  2.42e+00   115s
  61   3.38604109e+10  3.38482665e+10  1.99e+01 2.27e-12  2.16e+00   116s
  62   3.38595870e+10  3.38487122e+10  1.82e+01 1.82e-12  1.93e+00   118s
  63   3.38585014e+10  3.38489710e+10  1.60e+01 1.82e-12  1.69e+00   120s
  64   3.38577329e+10  3.38492052e+10  1.44e+01 2.27e-12  1.51e+00   122s
  65   3.38570204e+10  3.38494928e+10  1.29e+01 2.27e-12  1.34e+00   123s
  66   3.38556772e+10  3.38496841e+10  1.03e+01 1.82e-12  1.06e+00   125s
  67   3.38552002e+10  3.38499729e+10  9.30e+00 1.82e-12  9.25e-01   127s
  68   3.38547014e+10  3.38502325e+10  8.32e+00 1.82e-12  7.88e-01   129s
  69   3.38539397e+10  3.38504063e+10  6.73e+00 1.82e-12  6.22e-01   130s
  70   3.38533739e+10  3.38504851e+10  5.53e+00 1.82e-12  5.08e-01   132s
  71   3.38532938e+10  3.38505495e+10  5.34e+00 1.82e-12  4.82e-01   133s
  72   3.38529327e+10  3.38506369e+10  4.55e+00 1.15e-11  4.02e-01   135s
  73   3.38526007e+10  3.38507024e+10  3.78e+00 5.02e-11  3.33e-01   137s
  74   3.38523162e+10  3.38507777e+10  3.14e+00 1.17e-10  2.69e-01   139s
  75   3.38520632e+10  3.38508116e+10  2.61e+00 1.57e-10  2.18e-01   141s
  76   3.38517906e+10  3.38508573e+10  1.99e+00 2.03e-10  1.63e-01   142s
  77   3.38516837e+10  3.38508921e+10  1.72e+00 1.24e-10  1.38e-01   144s
  78   3.38516130e+10  3.38509107e+10  1.55e+00 1.26e-10  1.22e-01   146s
  79   3.38514397e+10  3.38509292e+10  1.14e+00 1.61e-10  8.85e-02   148s
  80   3.38513828e+10  3.38509435e+10  9.99e-01 1.85e-10  7.60e-02   150s
  81   3.38512999e+10  3.38509554e+10  7.97e-01 1.42e-10  5.95e-02   151s
  82   3.38512341e+10  3.38509701e+10  6.20e-01 1.27e-10  4.55e-02   153s
  83   3.38511636e+10  3.38509804e+10  4.34e-01 9.15e-11  3.16e-02   155s
  84   3.38511369e+10  3.38509900e+10  3.58e-01 7.89e-11  2.52e-02   157s
  85   3.38511015e+10  3.38509926e+10  2.63e-01 1.07e-10  1.87e-02   159s
  86   3.38510928e+10  3.38509969e+10  2.38e-01 1.59e-10  1.64e-02   161s
  87   3.38510696e+10  3.38509995e+10  1.75e-01 1.76e-10  1.20e-02   162s
  88   3.38510616e+10  3.38510025e+10  1.51e-01 1.78e-10  1.01e-02   164s
  89   3.38510495e+10  3.38510037e+10  1.18e-01 1.39e-09  7.82e-03   166s
  90   3.38510430e+10  3.38510058e+10  1.01e-01 5.91e-09  6.32e-03   168s
  91   3.38510308e+10  3.38510065e+10  6.51e-02 8.86e-09  4.14e-03   170s

Barrier solved model in 91 iterations and 169.76 seconds (193.09 work units)
Optimal objective 3.38510308e+10


Gurobi 12.0.1 (linux64) logging started Thu Jan 22 15:00:55 2026

Set parameter LogFile to value "gurobi_dispatch.log"
Gurobi Optimizer version 12.0.1 build v12.0.1rc0 (linux64 - "Debian GNU/Linux 12 (bookworm)")

CPU model: INTEL(R) XEON(R) PLATINUM 8581C CPU @ 2.30GHz, instruction set [SSE2|AVX|AVX2|AVX512]
Thread count: 8 physical cores, 16 logical processors, using up to 8 threads

Non-default parameters:
Method  2
BarConvTol  1e-06
Crossover  0
AggFill  0
PreDual  0
Seed  123
Threads  8

WLS license 2526863 - registered to TransitionZero
Optimize a model with 6369011 rows, 3451440 columns and 14602216 nonzeros
Model fingerprint: 0x4b007431
Coefficient statistics:
  Matrix range     [8e-01, 1e+00]
  Objective range  [1e+00, 3e+02]
  Bounds range     [0e+00, 0e+00]
  RHS range        [4e-01, 1e+08]
Presolve removed 3819418 rows and 439159 columns (presolve time = 5s)...
Presolve removed 4590519 rows and 439159 columns
Presolve time: 6.04s
Presolved: 1778492 rows, 3783382 columns, 8688610 nonzeros
Elapsed ordering time = 8s
Elapsed ordering time = 10s
Ordering time: 14.13s

Barrier statistics:
 AA' NZ     : 1.041e+07
 Factor NZ  : 8.034e+07 (roughly 3.0 GB of memory)
 Factor Ops : 3.034e+10 (less than 1 second per iteration)
 Threads    : 8

                  Objective                Residual
Iter       Primal          Dual         Primal    Dual     Compl     Time
   0   3.82799600e+14 -1.77222223e+12  1.62e+09 2.27e-13  3.82e+08    24s
   1   7.71827794e+13 -1.65681867e+12  1.11e+08 1.95e+01  3.13e+07    25s
   2   2.04043028e+13 -1.39652821e+12  2.71e+07 2.36e+00  8.06e+06    27s
   3   3.85380250e+12 -1.05215455e+12  4.74e+06 3.01e-01  1.58e+06    28s
   4   2.15745312e+12 -6.79400016e+11  2.59e+06 2.36e-12  8.43e+05    30s
   5   1.44185122e+12 -5.02777291e+11  1.69e+06 2.27e-12  5.45e+05    31s
   6   7.87196863e+11 -3.48826050e+11  8.78e+05 2.27e-12  2.92e+05    32s
   7   6.24227989e+11 -2.44557035e+11  6.87e+05 2.27e-12  2.15e+05    33s
   8   5.04511134e+11 -2.22621491e+11  5.42e+05 2.27e-12  1.75e+05    34s
   9   4.03869622e+11 -1.40303795e+11  4.23e+05 2.73e-12  1.27e+05    36s
  10   2.90602017e+11 -1.01366260e+11  2.90e+05 2.73e-12  8.74e+04    37s
  11   1.34155783e+11 -5.08866359e+10  1.06e+05 2.73e-12  3.74e+04    39s
  12   8.65687912e+10 -1.05435155e+10  5.40e+04 2.73e-12  1.86e+04    41s
  13   7.36370582e+10  1.81643199e+09  4.09e+04 2.05e-12  1.36e+04    42s
  14   7.14988382e+10  9.01784842e+09  3.87e+04 1.90e-12  1.17e+04    44s
  15   6.73615096e+10  1.16546597e+10  3.44e+04 1.82e-12  1.04e+04    45s
  16   6.29601448e+10  1.55050650e+10  2.98e+04 1.99e-12  8.79e+03    46s
  17   5.72249376e+10  2.02644392e+10  2.47e+04 2.27e-12  6.79e+03    47s
  18   5.08125838e+10  2.21391515e+10  1.86e+04 2.36e-12  5.21e+03    49s
  19   4.52180115e+10  2.62218131e+10  1.25e+04 2.05e-12  3.39e+03    51s
  20   4.09350689e+10  2.78431197e+10  8.38e+03 1.82e-12  2.31e+03    53s
  21   4.02931150e+10  2.91267159e+10  7.73e+03 1.82e-12  1.96e+03    55s
  22   3.69427720e+10  2.99329973e+10  3.87e+03 1.59e-12  1.21e+03    57s
  23   3.65703314e+10  3.08594396e+10  3.47e+03 1.59e-12  9.78e+02    59s
  24   3.58644174e+10  3.10716509e+10  2.66e+03 1.59e-12  8.16e+02    61s
  25   3.54886996e+10  3.15986063e+10  2.23e+03 1.14e-12  6.57e+02    64s
  26   3.48563959e+10  3.20944817e+10  1.56e+03 1.14e-12  4.63e+02    66s
  27   3.46505058e+10  3.26944512e+10  1.33e+03 1.36e-12  3.24e+02    68s
  28   3.44223327e+10  3.29684516e+10  1.06e+03 1.36e-12  2.39e+02    70s
  29   3.41331103e+10  3.31054169e+10  7.30e+02 1.36e-12  1.68e+02    72s
  30   3.40390826e+10  3.32180052e+10  6.26e+02 1.36e-12  1.33e+02    74s
  31   3.38443783e+10  3.32677961e+10  4.05e+02 1.36e-12  9.37e+01    76s
  32   3.38238517e+10  3.32740903e+10  3.82e+02 1.82e-12  8.93e+01    78s
  33   3.37298567e+10  3.33530946e+10  2.76e+02 1.82e-12  6.09e+01    80s
  34   3.36950084e+10  3.34032866e+10  2.36e+02 1.36e-12  4.69e+01    82s
  35   3.36614073e+10  3.34271876e+10  1.95e+02 1.36e-12  3.76e+01    84s
  36   3.36291868e+10  3.34392808e+10  1.57e+02 1.36e-12  3.04e+01    86s
  37   3.36064277e+10  3.34578093e+10  1.29e+02 1.36e-12  2.38e+01    88s
  38   3.35869846e+10  3.34652242e+10  1.06e+02 1.36e-12  1.94e+01    91s
  39   3.35727024e+10  3.34713176e+10  9.01e+01 1.82e-12  1.62e+01    93s
  40   3.35598717e+10  3.34763391e+10  7.28e+01 1.82e-12  1.33e+01    94s
  41   3.35532289e+10  3.34834889e+10  6.42e+01 1.82e-12  1.11e+01    97s
  42   3.35437722e+10  3.34867795e+10  5.15e+01 1.82e-12  9.08e+00    99s
  43   3.35362309e+10  3.34888709e+10  4.15e+01 1.82e-12  7.55e+00   101s
  44   3.35316331e+10  3.34928224e+10  3.59e+01 1.82e-12  6.17e+00   103s
  45   3.35274513e+10  3.34949283e+10  3.02e+01 1.82e-12  5.17e+00   105s
  46   3.35232901e+10  3.34964438e+10  2.43e+01 2.27e-12  4.27e+00   107s
  47   3.35211058e+10  3.34985994e+10  2.13e+01 2.27e-12  3.57e+00   109s
  48   3.35191784e+10  3.35003233e+10  1.88e+01 1.82e-12  2.99e+00   111s
  49   3.35170571e+10  3.35010260e+10  1.60e+01 1.82e-12  2.54e+00   114s
  50   3.35155038e+10  3.35015955e+10  1.40e+01 1.82e-12  2.20e+00   116s
  51   3.35139970e+10  3.35024511e+10  1.18e+01 1.82e-12  1.83e+00   118s
  52   3.35126562e+10  3.35031712e+10  9.99e+00 1.82e-12  1.50e+00   120s
  53   3.35116088e+10  3.35036634e+10  8.46e+00 1.82e-12  1.25e+00   122s
  54   3.35111526e+10  3.35037060e+10  7.82e+00 2.27e-12  1.18e+00   124s
  55   3.35102792e+10  3.35040092e+10  6.59e+00 2.27e-12  9.90e-01   126s
  56   3.35095078e+10  3.35043646e+10  5.53e+00 2.27e-12  8.11e-01   128s
  57   3.35088384e+10  3.35046326e+10  4.58e+00 1.82e-12  6.63e-01   131s
  58   3.35083253e+10  3.35048376e+10  3.79e+00 1.82e-12  5.50e-01   133s
  59   3.35078863e+10  3.35051076e+10  3.12e+00 1.82e-12  4.37e-01   135s
  60   3.35076845e+10  3.35052119e+10  2.81e+00 1.82e-12  3.89e-01   137s
  61   3.35075003e+10  3.35052404e+10  2.52e+00 1.82e-12  3.56e-01   139s
  62   3.35072663e+10  3.35053194e+10  2.16e+00 1.82e-12  3.07e-01   141s
  63   3.35069277e+10  3.35054639e+10  1.61e+00 1.82e-12  2.31e-01   143s
  64   3.35067293e+10  3.35055697e+10  1.29e+00 6.43e-12  1.83e-01   145s
  65   3.35065870e+10  3.35056619e+10  1.07e+00 1.97e-11  1.45e-01   148s
  66   3.35064351e+10  3.35056816e+10  8.51e-01 2.25e-11  1.19e-01   150s
  67   3.35063972e+10  3.35057219e+10  7.93e-01 2.88e-11  1.06e-01   152s
  68   3.35063616e+10  3.35057393e+10  7.40e-01 3.27e-11  9.76e-02   154s
  69   3.35063127e+10  3.35057625e+10  6.60e-01 3.66e-11  8.63e-02   156s
  70   3.35063025e+10  3.35057668e+10  6.44e-01 3.72e-11  8.40e-02   158s
  71   3.35062340e+10  3.35057841e+10  5.32e-01 4.21e-11  7.06e-02   160s
  72   3.35062181e+10  3.35057959e+10  5.06e-01 4.32e-11  6.62e-02   162s
  73   3.35061548e+10  3.35058222e+10  3.97e-01 4.79e-11  5.22e-02   164s
  74   3.35061071e+10  3.35058369e+10  3.18e-01 4.74e-11  4.24e-02   166s
  75   3.35060985e+10  3.35058412e+10  3.04e-01 4.73e-11  4.04e-02   168s
  76   3.35060618e+10  3.35058500e+10  2.44e-01 8.33e-11  3.33e-02   170s
  77   3.35060377e+10  3.35058565e+10  2.02e-01 4.59e-11  2.85e-02   172s
  78   3.35060248e+10  3.35058748e+10  1.80e-01 4.15e-11  2.35e-02   175s
  79   3.35060073e+10  3.35058855e+10  1.51e-01 3.64e-11  1.91e-02   177s
  80   3.35060009e+10  3.35058894e+10  1.40e-01 3.47e-11  1.74e-02   178s
  81   3.35059809e+10  3.35058947e+10  1.07e-01 3.43e-11  1.35e-02   180s
  82   3.35059740e+10  3.35058959e+10  9.57e-02 3.32e-11  1.22e-02   182s
  83   3.35059565e+10  3.35058996e+10  6.36e-02 3.02e-11  8.95e-03   184s
  84   3.35059518e+10  3.35059021e+10  5.52e-02 2.66e-11  7.83e-03   186s
  85   3.35059451e+10  3.35059047e+10  4.33e-02 2.29e-11  6.36e-03   188s
  86   3.35059404e+10  3.35059073e+10  3.50e-02 1.97e-11  5.21e-03   191s
  87   3.35059378e+10  3.35059100e+10  3.04e-02 1.66e-11  4.39e-03   193s

Barrier solved model in 87 iterations and 192.71 seconds (218.16 work units)
Optimal objective 3.35059378e+10


Gurobi 12.0.1 (linux64) logging started Thu Jan 22 15:29:02 2026

Set parameter LogFile to value "gurobi_dispatch.log"
Gurobi Optimizer version 12.0.1 build v12.0.1rc0 (linux64 - "Debian GNU/Linux 12 (bookworm)")

CPU model: INTEL(R) XEON(R) PLATINUM 8581C CPU @ 2.30GHz, instruction set [SSE2|AVX|AVX2|AVX512]
Thread count: 8 physical cores, 16 logical processors, using up to 8 threads

Non-default parameters:
Method  2
BarConvTol  1e-06
Crossover  0
AggFill  0
PreDual  0
Seed  123
Threads  8

WLS license 2526863 - registered to TransitionZero
Optimize a model with 6150011 rows, 3320040 columns and 13989056 nonzeros
Model fingerprint: 0x8e520cdf
Coefficient statistics:
  Matrix range     [8e-01, 1e+00]
  Objective range  [1e+00, 3e+02]
  Bounds range     [0e+00, 0e+00]
  RHS range        [4e-01, 1e+08]
Presolve removed 3994680 rows and 702272 columns (presolve time = 5s)...
Presolve removed 4634337 rows and 702272 columns
Presolve time: 5.57s
Presolved: 1515674 rows, 3257425 columns, 7505647 nonzeros
Elapsed ordering time = 6s
Elapsed ordering time = 10s
Ordering time: 11.04s

Barrier statistics:
 AA' NZ     : 8.833e+06
 Factor NZ  : 6.967e+07 (roughly 2.5 GB of memory)
 Factor Ops : 2.408e+10 (less than 1 second per iteration)
 Threads    : 8

                  Objective                Residual
Iter       Primal          Dual         Primal    Dual     Compl     Time
   0   3.04357794e+14 -1.68719340e+12  1.30e+09 2.27e-13  3.10e+08    20s
   1   7.10729025e+13 -1.55490630e+12  1.50e+08 2.08e+01  3.86e+07    21s
   2   1.35044917e+13 -1.32008580e+12  2.63e+07 2.27e-12  7.14e+06    22s
   3   3.81530389e+12 -9.74578868e+11  6.73e+06 2.50e-12  1.97e+06    23s
   4   2.07646228e+12 -6.48159066e+11  3.54e+06 2.27e-12  1.04e+06    25s
   5   9.97441949e+11 -4.57686240e+11  1.63e+06 2.05e-12  4.95e+05    25s
   6   5.83179530e+11 -3.11413178e+11  9.06e+05 2.73e-12  2.78e+05    26s
   7   3.93260203e+11 -2.19282440e+11  5.77e+05 2.73e-12  1.78e+05    27s
   8   2.56175564e+11 -1.86664305e+11  3.44e+05 2.73e-12  1.19e+05    28s
   9   2.01106524e+11 -1.03971157e+11  2.52e+05 3.64e-12  7.89e+04    30s
  10   1.55509872e+11 -7.02306253e+10  1.79e+05 3.64e-12  5.59e+04    31s
  11   9.70909855e+10 -4.34858727e+10  8.46e+04 3.52e-12  3.21e+04    32s
  12   7.59544019e+10 -2.49649071e+10  5.18e+04 4.43e-12  2.21e+04    33s
  13   6.86871425e+10 -3.55276281e+09  4.03e+04 4.43e-12  1.55e+04    34s
  14   6.22115950e+10  4.42430543e+09  3.10e+04 3.75e-12  1.22e+04    34s
  15   5.49546869e+10  9.55244516e+09  2.05e+04 3.64e-12  9.37e+03    35s
  16   5.23071065e+10  2.16612744e+10  1.67e+04 5.00e-12  6.27e+03    36s
  17   4.97430431e+10  2.75035945e+10  1.32e+04 3.98e-12  4.50e+03    38s
  18   4.73396825e+10  3.04618230e+10  9.94e+03 3.52e-12  3.38e+03    40s
  19   4.50928333e+10  3.34261341e+10  6.97e+03 3.64e-12  2.31e+03    41s
  20   4.43206596e+10  3.49069922e+10  5.97e+03 3.18e-12  1.86e+03    43s
  21   4.33015003e+10  3.66750158e+10  4.65e+03 2.84e-12  1.29e+03    45s
  22   4.30061001e+10  3.73540795e+10  4.28e+03 2.73e-12  1.10e+03    46s
  23   4.15056061e+10  3.76089718e+10  2.34e+03 2.73e-12  7.53e+02    48s
  24   4.14776977e+10  3.76748444e+10  2.31e+03 2.73e-12  7.34e+02    50s
  25   4.10700637e+10  3.79118262e+10  1.80e+03 2.73e-12  6.07e+02    52s
  26   4.10316717e+10  3.80818924e+10  1.76e+03 2.73e-12  5.66e+02    53s
  27   4.07375858e+10  3.87150320e+10  1.39e+03 2.27e-12  3.84e+02    55s
  28   4.04249837e+10  3.88745172e+10  1.00e+03 1.82e-12  2.94e+02    57s
  29   4.03372090e+10  3.89490476e+10  8.96e+02 1.82e-12  2.63e+02    59s
  30   4.02234689e+10  3.91171052e+10  7.61e+02 2.05e-12  2.08e+02    61s
  31   4.00637731e+10  3.92196231e+10  5.57e+02 1.59e-12  1.59e+02    62s
  32   3.99670657e+10  3.93681971e+10  4.37e+02 1.82e-12  1.12e+02    64s
  33   3.99170915e+10  3.94267457e+10  3.75e+02 1.82e-12  9.13e+01    66s
  34   3.98480106e+10  3.94736650e+10  3.02e+02 1.48e-12  6.95e+01    68s
  35   3.98069657e+10  3.95015065e+10  2.52e+02 1.36e-12  5.66e+01    69s
  36   3.97662758e+10  3.95187005e+10  2.00e+02 1.82e-12  4.58e+01    71s
  37   3.97459119e+10  3.95368823e+10  1.72e+02 1.82e-12  3.86e+01    73s
  38   3.97427939e+10  3.95405319e+10  1.68e+02 1.82e-12  3.74e+01    74s
  39   3.97301192e+10  3.95516638e+10  1.51e+02 1.82e-12  3.29e+01    76s
  40   3.97181162e+10  3.95622884e+10  1.35e+02 1.82e-12  2.87e+01    78s
  41   3.97034981e+10  3.95710045e+10  1.14e+02 1.82e-12  2.44e+01    80s
  42   3.96962565e+10  3.95789288e+10  1.05e+02 1.82e-12  2.16e+01    82s
  43   3.96791139e+10  3.95851646e+10  8.16e+01 1.82e-12  1.73e+01    84s
  44   3.96727958e+10  3.95914279e+10  7.31e+01 1.82e-12  1.50e+01    86s
  45   3.96680816e+10  3.95951680e+10  6.62e+01 1.82e-12  1.34e+01    87s
  46   3.96668985e+10  3.95971515e+10  6.45e+01 2.27e-12  1.28e+01    89s
  47   3.96617072e+10  3.96027347e+10  5.76e+01 2.27e-12  1.08e+01    91s
  48   3.96575499e+10  3.96038388e+10  5.16e+01 2.73e-12  9.84e+00    92s
  49   3.96553683e+10  3.96052413e+10  4.85e+01 2.27e-12  9.18e+00    94s
  50   3.96498414e+10  3.96078635e+10  4.12e+01 2.27e-12  7.68e+00    96s
  51   3.96454796e+10  3.96100902e+10  3.50e+01 1.82e-12  6.47e+00    98s
  52   3.96428268e+10  3.96124325e+10  3.12e+01 1.82e-12  5.55e+00   100s
  53   3.96399572e+10  3.96138860e+10  2.73e+01 2.27e-12  4.75e+00   101s
  54   3.96364857e+10  3.96144059e+10  2.23e+01 2.27e-12  4.03e+00   103s
  55   3.96343809e+10  3.96157168e+10  1.91e+01 1.82e-12  3.41e+00   105s
  56   3.96326746e+10  3.96166783e+10  1.67e+01 1.82e-12  2.92e+00   107s
  57   3.96312607e+10  3.96177334e+10  1.46e+01 1.82e-12  2.46e+00   109s
  58   3.96293653e+10  3.96183685e+10  1.18e+01 2.27e-12  2.00e+00   111s
  59   3.96283850e+10  3.96188743e+10  1.04e+01 1.82e-12  1.73e+00   113s
  60   3.96272564e+10  3.96192592e+10  8.77e+00 1.82e-12  1.45e+00   115s
  61   3.96266895e+10  3.96198429e+10  7.95e+00 1.82e-12  1.24e+00   116s
  62   3.96263250e+10  3.96200404e+10  7.39e+00 1.82e-12  1.14e+00   118s
  63   3.96257881e+10  3.96201994e+10  6.62e+00 1.82e-12  1.01e+00   120s
  64   3.96249620e+10  3.96204191e+10  5.41e+00 1.82e-12  8.22e-01   122s
  65   3.96245880e+10  3.96205778e+10  4.86e+00 1.82e-12  7.25e-01   123s
  66   3.96241587e+10  3.96207074e+10  4.19e+00 1.82e-12  6.24e-01   125s
  67   3.96238053e+10  3.96208676e+10  3.66e+00 1.82e-12  5.30e-01   127s
  68   3.96235847e+10  3.96208921e+10  3.31e+00 2.27e-12  4.86e-01   129s
  69   3.96232628e+10  3.96210052e+10  2.80e+00 1.82e-12  4.08e-01   131s
  70   3.96231208e+10  3.96211223e+10  2.57e+00 1.82e-12  3.60e-01   132s
  71   3.96229636e+10  3.96211900e+10  2.31e+00 1.82e-12  3.19e-01   134s
  72   3.96228280e+10  3.96212075e+10  2.07e+00 1.82e-12  2.92e-01   135s
  73   3.96227424e+10  3.96212961e+10  1.96e+00 1.82e-12  2.60e-01   137s
  74   3.96225563e+10  3.96213460e+10  1.68e+00 1.82e-12  2.17e-01   139s
  75   3.96223401e+10  3.96213849e+10  1.30e+00 1.82e-12  1.72e-01   141s
  76   3.96222013e+10  3.96214448e+10  1.05e+00 1.82e-12  1.36e-01   143s
  77   3.96220991e+10  3.96214751e+10  8.70e-01 1.82e-12  1.12e-01   144s
  78   3.96219867e+10  3.96215097e+10  6.74e-01 2.19e-12  8.54e-02   146s
  79   3.96219374e+10  3.96215277e+10  5.96e-01 3.81e-12  7.32e-02   148s
  80   3.96218555e+10  3.96215439e+10  4.58e-01 5.20e-12  5.57e-02   150s
  81   3.96218249e+10  3.96215557e+10  4.07e-01 6.41e-12  4.80e-02   152s
  82   3.96217761e+10  3.96215665e+10  3.17e-01 7.82e-12  3.74e-02   154s
  83   3.96217510e+10  3.96215751e+10  2.73e-01 7.95e-12  3.13e-02   156s
  84   3.96217302e+10  3.96215848e+10  2.35e-01 7.14e-12  2.58e-02   157s
  85   3.96217043e+10  3.96215903e+10  1.88e-01 6.54e-12  2.02e-02   159s
  86   3.96216897e+10  3.96215944e+10  1.62e-01 4.77e-11  1.68e-02   161s
  87   3.96216715e+10  3.96215969e+10  1.30e-01 9.30e-10  1.32e-02   163s
  88   3.96216610e+10  3.96215989e+10  1.10e-01 1.89e-09  1.09e-02   165s
  89   3.96216511e+10  3.96216003e+10  9.17e-02 2.42e-09  8.92e-03   166s
  90   3.96216364e+10  3.96216013e+10  6.37e-02 2.72e-09  6.18e-03   168s
  91   3.96216349e+10  3.96216016e+10  6.14e-02 2.79e-09  5.85e-03   170s

Barrier solved model in 91 iterations and 169.96 seconds (192.19 work units)
Optimal objective 3.96216349e+10


Gurobi 12.0.1 (linux64) logging started Thu Jan 22 15:43:02 2026

Set parameter LogFile to value "gurobi_dispatch.log"
Gurobi Optimizer version 12.0.1 build v12.0.1rc0 (linux64 - "Debian GNU/Linux 12 (bookworm)")

CPU model: INTEL(R) XEON(R) PLATINUM 8581C CPU @ 2.30GHz, instruction set [SSE2|AVX|AVX2|AVX512]
Thread count: 8 physical cores, 16 logical processors, using up to 8 threads

Non-default parameters:
Method  2
BarConvTol  1e-06
Crossover  0
AggFill  0
PreDual  0
Seed  123
Threads  8

WLS license 2526863 - registered to TransitionZero
Optimize a model with 6149435 rows, 3320040 columns and 13516016 nonzeros
Model fingerprint: 0x1a771da7
Coefficient statistics:
  Matrix range     [8e-01, 1e+00]
  Objective range  [1e+00, 3e+02]
  Bounds range     [0e+00, 0e+00]
  RHS range        [4e-01, 9e+07]
Presolve removed 3994678 rows and 702272 columns (presolve time = 5s)...
Presolve removed 4634058 rows and 702272 columns
Presolve time: 5.40s
Presolved: 1515377 rows, 3257148 columns, 7190010 nonzeros
Elapsed ordering time = 5s
Elapsed ordering time = 10s
Ordering time: 10.41s

Barrier statistics:
 AA' NZ     : 8.277e+06
 Factor NZ  : 5.585e+07 (roughly 2.4 GB of memory)
 Factor Ops : 1.111e+10 (less than 1 second per iteration)
 Threads    : 8

                  Objective                Residual
Iter       Primal          Dual         Primal    Dual     Compl     Time
   0   3.23531110e+14 -1.63951745e+12  1.38e+09 2.27e-13  3.30e+08    19s
   1   7.56798054e+13 -1.54187569e+12  1.60e+08 2.71e+01  4.12e+07    20s
   2   1.57612785e+13 -1.30968321e+12  3.05e+07 4.11e+00  8.21e+06    21s
   3   4.51463713e+12 -1.01086008e+12  8.16e+06 2.73e-12  2.34e+06    22s
   4   2.13845797e+12 -6.70453525e+11  3.74e+06 2.27e-12  1.08e+06    23s
   5   9.62636725e+11 -4.47553602e+11  1.57e+06 2.27e-12  4.76e+05    24s
   6   5.97097458e+11 -3.71719858e+11  9.30e+05 2.27e-12  3.00e+05    25s
   7   3.72125054e+11 -3.10629032e+11  5.36e+05 2.27e-12  1.93e+05    26s
   8   1.81834422e+11 -1.93734753e+11  2.22e+05 2.26e-11  9.32e+04    27s
   9   1.23180574e+11 -1.79503606e+11  1.24e+05 2.63e-11  6.94e+04    27s
  10   1.14429530e+11 -1.25197245e+11  1.09e+05 2.26e-11  5.44e+04    28s
  11   9.61473396e+10 -9.70361271e+10  8.10e+04 1.53e-11  4.26e+04    30s
  12   6.65561009e+10 -5.26908649e+10  3.42e+04 2.26e-11  2.47e+04    31s
  13   5.21421780e+10 -8.77591079e+09  1.30e+04 1.35e-11  1.21e+04    32s
  14   4.71298222e+10  1.21255412e+10  7.20e+03 7.16e-12  6.87e+03    34s
  15   4.53029059e+10  2.77691467e+10  5.20e+03 7.28e-12  3.42e+03    35s
  16   4.42488278e+10  2.94833809e+10  4.21e+03 6.37e-12  2.87e+03    36s
  17   4.39341195e+10  3.06421665e+10  3.90e+03 5.46e-12  2.58e+03    37s
  18   4.27543874e+10  3.32159185e+10  2.79e+03 4.66e-12  1.84e+03    38s
  19   4.26475700e+10  3.43348490e+10  2.69e+03 4.21e-12  1.60e+03    39s
  20   4.19687164e+10  3.65906808e+10  2.08e+03 4.43e-12  1.03e+03    40s
  21   4.15014443e+10  3.77364169e+10  1.68e+03 4.43e-12  7.18e+02    42s
  22   4.08274989e+10  3.85240277e+10  1.09e+03 3.41e-12  4.36e+02    44s
  23   4.05151661e+10  3.89579734e+10  8.43e+02 2.84e-12  2.93e+02    45s
  24   4.02942525e+10  3.91224812e+10  6.59e+02 2.39e-12  2.20e+02    47s
  25   4.01525278e+10  3.91990284e+10  5.44e+02 2.84e-12  1.79e+02    48s
  26   4.01042588e+10  3.92293883e+10  5.02e+02 2.16e-12  1.64e+02    48s
  27   4.00849567e+10  3.92445763e+10  4.86e+02 2.39e-12  1.57e+02    49s
  28   4.00379769e+10  3.92682537e+10  4.46e+02 2.16e-12  1.44e+02    50s
  29   3.99733351e+10  3.92988037e+10  3.91e+02 2.16e-12  1.26e+02    51s
  30   3.99166948e+10  3.93234000e+10  3.43e+02 2.16e-12  1.11e+02    52s
  31   3.98855227e+10  3.93567340e+10  3.15e+02 1.82e-12  9.88e+01    53s
  32   3.98126425e+10  3.93808288e+10  2.58e+02 1.82e-12  8.06e+01    54s
  33   3.97523001e+10  3.94111604e+10  2.09e+02 1.82e-12  6.36e+01    56s
  34   3.97209356e+10  3.94215726e+10  1.83e+02 1.82e-12  5.58e+01    57s
  35   3.97054162e+10  3.94305748e+10  1.70e+02 1.82e-12  5.12e+01    59s
  36   3.96781336e+10  3.94397655e+10  1.48e+02 1.82e-12  4.44e+01    61s
  37   3.96656054e+10  3.94549237e+10  1.38e+02 1.82e-12  3.92e+01    62s
  38   3.96487402e+10  3.94635233e+10  1.25e+02 1.82e-12  3.44e+01    64s
  39   3.96311675e+10  3.94722786e+10  1.10e+02 1.82e-12  2.95e+01    66s
  40   3.96116099e+10  3.94767671e+10  9.32e+01 1.82e-12  2.50e+01    67s
  41   3.96076949e+10  3.94787065e+10  8.95e+01 1.82e-12  2.39e+01    69s
  42   3.95986570e+10  3.94810806e+10  8.08e+01 1.82e-12  2.18e+01    70s
  43   3.95910394e+10  3.94847427e+10  7.36e+01 1.82e-12  1.97e+01    72s
  44   3.95808972e+10  3.94901999e+10  6.41e+01 1.82e-12  1.68e+01    73s
  45   3.95768351e+10  3.94926488e+10  6.04e+01 1.82e-12  1.56e+01    75s
  46   3.95712533e+10  3.94958804e+10  5.59e+01 1.82e-12  1.39e+01    77s
  47   3.95617998e+10  3.94982115e+10  4.73e+01 1.82e-12  1.18e+01    78s
  48   3.95521223e+10  3.94995058e+10  3.83e+01 1.82e-12  9.74e+00    80s
  49   3.95485397e+10  3.95013174e+10  3.50e+01 1.82e-12  8.74e+00    82s
  50   3.95455441e+10  3.95022158e+10  3.23e+01 2.27e-12  8.01e+00    83s
  51   3.95437811e+10  3.95035434e+10  3.07e+01 2.27e-12  7.44e+00    85s
  52   3.95389786e+10  3.95047928e+10  2.64e+01 1.82e-12  6.31e+00    86s
  53   3.95360147e+10  3.95054443e+10  2.36e+01 2.27e-12  5.65e+00    88s
  54   3.95341303e+10  3.95064154e+10  2.16e+01 1.82e-12  5.12e+00    89s
  55   3.95333640e+10  3.95065037e+10  2.08e+01 2.27e-12  4.96e+00    91s
  56   3.95305288e+10  3.95077363e+10  1.84e+01 1.82e-12  4.20e+00    92s
  57   3.95284483e+10  3.95084786e+10  1.64e+01 2.27e-12  3.68e+00    94s
  58   3.95270395e+10  3.95095176e+10  1.51e+01 1.82e-12  3.22e+00    96s
  59   3.95243990e+10  3.95098226e+10  1.24e+01 1.82e-12  2.68e+00    97s
  60   3.95229763e+10  3.95104357e+10  1.10e+01 1.82e-12  2.30e+00    99s
  61   3.95222020e+10  3.95106619e+10  1.02e+01 2.27e-12  2.12e+00   101s
  62   3.95212677e+10  3.95109089e+10  9.19e+00 2.27e-12  1.90e+00   102s
  63   3.95204617e+10  3.95112628e+10  8.34e+00 1.82e-12  1.69e+00   104s
  64   3.95194496e+10  3.95114261e+10  7.26e+00 1.82e-12  1.47e+00   106s
  65   3.95187104e+10  3.95116749e+10  6.54e+00 2.27e-12  1.29e+00   108s
  66   3.95176870e+10  3.95119018e+10  5.43e+00 1.82e-12  1.06e+00   109s
  67   3.95171880e+10  3.95120384e+10  4.91e+00 2.27e-12  9.43e-01   111s
  68   3.95166676e+10  3.95121596e+10  4.30e+00 2.27e-12  8.26e-01   113s
  69   3.95162743e+10  3.95122585e+10  3.87e+00 2.27e-12  7.35e-01   114s
  70   3.95160479e+10  3.95123884e+10  3.59e+00 2.27e-12  6.69e-01   116s
  71   3.95155820e+10  3.95124922e+10  3.08e+00 2.73e-12  5.65e-01   118s
  72   3.95153236e+10  3.95126655e+10  2.80e+00 1.82e-12  4.85e-01   119s
  73   3.95148874e+10  3.95127198e+10  2.29e+00 2.51e-12  3.95e-01   121s
  74   3.95146109e+10  3.95128048e+10  1.96e+00 8.15e-12  3.29e-01   123s
  75   3.95143024e+10  3.95128416e+10  1.60e+00 1.12e-11  2.66e-01   125s
  76   3.95142042e+10  3.95128892e+10  1.48e+00 1.34e-11  2.39e-01   126s
  77   3.95139815e+10  3.95129205e+10  1.19e+00 7.66e-12  1.93e-01   128s
  78   3.95138513e+10  3.95129691e+10  1.02e+00 1.28e-11  1.60e-01   130s
  79   3.95137055e+10  3.95130017e+10  8.23e-01 3.62e-11  1.28e-01   132s
  80   3.95136145e+10  3.95130314e+10  6.96e-01 3.16e-11  1.06e-01   133s
  81   3.95134818e+10  3.95130612e+10  5.16e-01 5.14e-11  7.61e-02   135s
  82   3.95133693e+10  3.95130811e+10  3.57e-01 5.88e-11  5.21e-02   137s
  83   3.95133187e+10  3.95130950e+10  2.91e-01 6.26e-11  4.03e-02   139s
  84   3.95132647e+10  3.95131027e+10  2.15e-01 6.13e-11  2.92e-02   140s
  85   3.95132165e+10  3.95131078e+10  1.45e-01 6.03e-11  1.96e-02   142s
  86   3.95131923e+10  3.95131138e+10  1.06e-01 5.59e-11  1.41e-02   144s
  87   3.95131693e+10  3.95131172e+10  7.12e-02 4.75e-11  9.37e-03   145s
  88   3.95131579e+10  3.95131200e+10  5.30e-02 3.29e-11  6.80e-03   147s
  89   3.95131482e+10  3.95131208e+10  3.81e-02 2.48e-11  4.92e-03   148s

Barrier solved model in 89 iterations and 148.46 seconds (164.43 work units)
Optimal objective 3.95131482e+10


Gurobi 12.0.1 (linux64) logging started Thu Jan 22 15:51:23 2026

Set parameter LogFile to value "gurobi_dispatch.log"
Gurobi Optimizer version 12.0.1 build v12.0.1rc0 (linux64 - "Debian GNU/Linux 12 (bookworm)")

CPU model: INTEL(R) XEON(R) PLATINUM 8581C CPU @ 2.30GHz, instruction set [SSE2|AVX|AVX2|AVX512]
Thread count: 8 physical cores, 16 logical processors, using up to 8 threads

Non-default parameters:
Method  2
BarConvTol  1e-06
Crossover  0
AggFill  0
PreDual  0
Seed  123
Threads  8

WLS license 2526863 - registered to TransitionZero
Optimize a model with 6149979 rows, 3320040 columns and 13708736 nonzeros
Model fingerprint: 0x377e3535
Coefficient statistics:
  Matrix range     [8e-01, 1e+00]
  Objective range  [1e+00, 3e+02]
  Bounds range     [0e+00, 0e+00]
  RHS range        [4e-01, 1e+08]
Presolve removed 3994973 rows and 755447 columns (presolve time = 5s)...
Presolve removed 4634661 rows and 755447 columns
Presolve time: 5.79s
Presolved: 1515318 rows, 3204185 columns, 7250554 nonzeros
Elapsed ordering time = 6s
Elapsed ordering time = 10s
Ordering time: 11.47s

Barrier statistics:
 AA' NZ     : 8.535e+06
 Factor NZ  : 6.873e+07 (roughly 2.5 GB of memory)
 Factor Ops : 2.298e+10 (less than 1 second per iteration)
 Threads    : 8

                  Objective                Residual
Iter       Primal          Dual         Primal    Dual     Compl     Time
   0   3.97670545e+14 -1.69356437e+12  1.70e+09 2.27e-13  4.06e+08    21s
   1   1.02026574e+14 -1.60236109e+12  2.37e+08 3.08e+02  6.31e+07    22s
   2   1.90771573e+13 -1.41241253e+12  1.40e+07 2.27e-12  6.44e+06    23s
   3   6.07664616e+12 -9.45604836e+11  4.04e+06 1.44e-11  2.00e+06    24s
   4   3.68976749e+12 -8.35934761e+11  2.42e+06 8.98e-12  1.25e+06    25s
   5   1.74047245e+12 -5.82159010e+11  1.10e+06 3.34e+00  6.03e+05    26s
   6   9.18302406e+11 -4.69002915e+11  5.57e+05 2.56e+00  3.41e+05    27s
   7   5.81344120e+11 -3.47039193e+11  3.38e+05 1.78e+00  2.19e+05    28s
   8   3.42428391e+11 -2.36240270e+11  1.85e+05 1.16e+00  1.31e+05    29s
   9   1.59386366e+11 -1.10166805e+11  6.92e+04 5.48e-01  5.75e+04    30s
  10   9.77466148e+10 -5.65100768e+10  3.24e+04 3.37e-01  3.19e+04    32s
  11   7.69428468e+10 -2.91713927e+10  2.03e+04 2.33e-01  2.16e+04    32s
  12   6.30006144e+10 -1.01179275e+10  1.26e+04 1.64e-01  1.47e+04    33s
  13   5.57459509e+10 -7.30489849e+08  8.51e+03 1.31e-01  1.13e+04    34s
  14   5.50063167e+10  7.55080101e+09  8.09e+03 1.05e-01  9.47e+03    35s
  15   4.81597560e+10  1.86675269e+10  4.39e+03 6.53e-02  5.84e+03    37s
  16   4.43860825e+10  2.48011770e+10  2.43e+03 4.53e-02  3.85e+03    38s
  17   4.35352481e+10  3.13572406e+10  2.02e+03 2.47e-02  2.39e+03    40s
  18   4.21476880e+10  3.43939898e+10  1.35e+03 1.49e-02  1.52e+03    42s
  19   4.11597007e+10  3.53924992e+10  8.92e+02 1.14e-02  1.13e+03    43s
  20   4.08362657e+10  3.61572806e+10  7.40e+02 8.94e-03  9.12e+02    44s
  21   4.02931222e+10  3.65980369e+10  4.88e+02 7.66e-03  7.20e+02    45s
  22   4.02589557e+10  3.70268819e+10  4.72e+02 6.45e-03  6.29e+02    46s
  23   3.99147015e+10  3.78038991e+10  3.14e+02 4.17e-03  4.10e+02    48s
  24   3.97284621e+10  3.81455086e+10  2.29e+02 3.13e-03  3.08e+02    50s
  25   3.96788769e+10  3.84391918e+10  2.08e+02 2.24e-03  2.41e+02    51s
  26   3.95195918e+10  3.86374628e+10  1.38e+02 1.62e-03  1.71e+02    53s
  27   3.94227438e+10  3.88138265e+10  9.62e+01 1.09e-03  1.18e+02    55s
  28   3.93964723e+10  3.88643747e+10  8.52e+01 9.44e-04  1.03e+02    56s
  29   3.93597951e+10  3.89184956e+10  6.95e+01 7.86e-04  8.55e+01    58s
  30   3.93267721e+10  3.89871775e+10  5.52e+01 5.83e-04  6.58e+01    60s
  31   3.92956916e+10  3.90236519e+10  4.22e+01 4.71e-04  5.27e+01    62s
  32   3.92712452e+10  3.90662286e+10  3.23e+01 3.41e-04  3.97e+01    63s
  33   3.92563911e+10  3.90975111e+10  2.62e+01 2.54e-04  3.08e+01    65s
  34   3.92407680e+10  3.91197672e+10  1.99e+01 1.91e-04  2.34e+01    67s
  35   3.92331044e+10  3.91299312e+10  1.69e+01 1.62e-04  2.00e+01    69s
  36   3.92249655e+10  3.91450160e+10  1.37e+01 1.20e-04  1.55e+01    70s
  37   3.92180999e+10  3.91546813e+10  1.11e+01 9.30e-05  1.23e+01    72s
  38   3.92134824e+10  3.91619246e+10  9.30e+00 7.27e-05  9.97e+00    74s
  39   3.92085929e+10  3.91664260e+10  7.43e+00 5.98e-05  8.16e+00    76s
  40   3.92037499e+10  3.91708938e+10  5.59e+00 4.75e-05  6.36e+00    77s
  41   3.92005450e+10  3.91743933e+10  4.39e+00 3.79e-05  5.06e+00    79s
  42   3.91999626e+10  3.91757415e+10  4.17e+00 3.43e-05  4.69e+00    81s
  43   3.91969149e+10  3.91781246e+10  3.07e+00 2.78e-05  3.64e+00    83s
  44   3.91952610e+10  3.91804226e+10  2.45e+00 2.16e-05  2.87e+00    84s
  45   3.91946093e+10  3.91807337e+10  2.20e+00 2.07e-05  2.69e+00    86s
  46   3.91932201e+10  3.91833239e+10  1.72e+00 1.39e-05  1.91e+00    88s
  47   3.91928533e+10  3.91836910e+10  1.59e+00 1.29e-05  1.77e+00    89s
  48   3.91921459e+10  3.91847911e+10  1.32e+00 9.89e-06  1.42e+00    91s
  49   3.91913132e+10  3.91857090e+10  1.01e+00 7.38e-06  1.08e+00    93s
  50   3.91906658e+10  3.91861886e+10  7.72e-01 6.08e-06  8.66e-01    94s
  51   3.91901335e+10  3.91867452e+10  5.76e-01 4.59e-06  6.56e-01    96s
  52   3.91897406e+10  3.91873121e+10  4.34e-01 3.12e-06  4.70e-01    98s
  53   3.91894376e+10  3.91876121e+10  3.26e-01 2.29e-06  3.53e-01   100s
  54   3.91892530e+10  3.91877866e+10  2.60e-01 1.82e-06  2.84e-01   101s
  55   3.91890830e+10  3.91879189e+10  2.00e-01 1.48e-06  2.25e-01   103s
  56   3.91889855e+10  3.91880713e+10  1.65e-01 1.10e-06  1.77e-01   105s
  57   3.91888771e+10  3.91881914e+10  1.26e-01 7.94e-07  1.33e-01   106s
  58   3.91887888e+10  3.91882327e+10  9.58e-02 6.90e-07  1.08e-01   108s
  59   3.91887347e+10  3.91882682e+10  7.66e-02 6.00e-07  9.03e-02   110s
  60   3.91886955e+10  3.91883887e+10  6.32e-02 3.06e-07  5.93e-02   112s
  61   3.91886806e+10  3.91884050e+10  5.80e-02 2.66e-07  5.32e-02   113s
  62   3.91886750e+10  3.91884222e+10  5.60e-02 2.23e-07  4.88e-02   115s
  63   3.91886243e+10  3.91884377e+10  3.87e-02 1.84e-07  3.60e-02   116s
  64   3.91886114e+10  3.91884611e+10  3.44e-02 1.26e-07  2.90e-02   118s
  65   3.91885704e+10  3.91884758e+10  1.99e-02 8.96e-08  1.83e-02   120s
  66   3.91885603e+10  3.91884851e+10  1.63e-02 6.71e-08  1.45e-02   121s
  67   3.91885463e+10  3.91884968e+10  1.13e-02 3.90e-08  9.56e-03   123s
  68   3.91885367e+10  3.91885053e+10  7.85e-03 2.01e-08  6.07e-03   125s

Barrier solved model in 68 iterations and 125.01 seconds (140.69 work units)
Optimal objective 3.91885367e+10


Gurobi 12.0.1 (linux64) logging started Thu Jan 22 16:09:47 2026

Set parameter LogFile to value "gurobi_dispatch.log"
Gurobi Optimizer version 12.0.1 build v12.0.1rc0 (linux64 - "Debian GNU/Linux 12 (bookworm)")

CPU model: INTEL(R) XEON(R) PLATINUM 8581C CPU @ 2.30GHz, instruction set [SSE2|AVX|AVX2|AVX512]
Thread count: 8 physical cores, 16 logical processors, using up to 8 threads

Non-default parameters:
Method  2
BarConvTol  1e-06
Crossover  0
AggFill  0
PreDual  0
Seed  123
Threads  8

WLS license 2526863 - registered to TransitionZero
Optimize a model with 6150021 rows, 3320040 columns and 14076656 nonzeros
Model fingerprint: 0xa2cd5c11
Coefficient statistics:
  Matrix range     [8e-01, 1e+00]
  Objective range  [1e+00, 3e+02]
  Bounds range     [0e+00, 0e+00]
  RHS range        [4e-01, 1e+08]
Presolve removed 3731870 rows and 439236 columns (presolve time = 5s)...
Presolve removed 4459144 rows and 439236 columns
Presolve time: 5.80s
Presolved: 1690877 rows, 3608078 columns, 8294286 nonzeros
Elapsed ordering time = 6s
Elapsed ordering time = 10s
Ordering time: 12.40s

Barrier statistics:
 AA' NZ     : 9.885e+06
 Factor NZ  : 7.671e+07 (roughly 3.0 GB of memory)
 Factor Ops : 2.786e+10 (less than 1 second per iteration)
 Threads    : 8

                  Objective                Residual
Iter       Primal          Dual         Primal    Dual     Compl     Time
   0   3.64898664e+14 -1.76739784e+12  1.53e+09 2.27e-13  3.63e+08    22s
   1   7.30069580e+13 -1.64156753e+12  1.06e+08 5.71e+01  3.09e+07    23s
   2   4.63559521e+13 -1.46644458e+12  6.52e+07 2.83e+01  1.91e+07    24s
   3   1.09698012e+13 -1.24104402e+12  1.33e+07 4.09e-12  4.38e+06    26s
   4   3.39567794e+12 -8.35442458e+11  3.92e+06 5.43e-01  1.36e+06    27s
   5   1.15090397e+12 -6.48971614e+11  1.21e+06 8.67e-02  4.92e+05    28s
   6   8.50617110e+11 -4.93265149e+11  8.80e+05 2.52e-02  3.50e+05    29s
   7   4.85601753e+11 -3.10990204e+11  4.62e+05 2.73e-12  1.90e+05    30s
   8   2.25474720e+11 -1.93853547e+11  1.90e+05 2.73e-12  9.07e+04    31s
   9   8.60535254e+10 -1.26889099e+11  4.17e+04 3.64e-12  4.02e+04    32s
  10   6.26627877e+10 -7.08961021e+10  1.86e+04 6.81e-04  2.43e+04    34s
  11   5.78541840e+10 -3.28546772e+10  1.44e+04 1.73e-03  1.64e+04    35s
  12   5.05498771e+10 -1.09713527e+10  8.06e+03 8.80e-04  1.10e+04    36s
  13   4.82824583e+10  1.52408582e+09  6.20e+03 3.09e-04  8.29e+03    36s
  14   4.69947681e+10  1.25282446e+10  5.20e+03 1.59e-12  6.09e+03    38s
  15   4.49646773e+10  1.89474526e+10  3.69e+03 2.57e-03  4.58e+03    39s
  16   4.40075655e+10  2.39740292e+10  2.99e+03 1.56e-03  3.52e+03    41s
  17   4.25438608e+10  2.94660932e+10  1.98e+03 1.59e-04  2.29e+03    43s
  18   4.19167178e+10  3.06398278e+10  1.57e+03 1.47e-04  1.97e+03    45s
  19   4.16939921e+10  3.20029340e+10  1.41e+03 7.58e-05  1.69e+03    46s
  20   4.16232110e+10  3.25782883e+10  1.36e+03 7.08e-05  1.58e+03    48s
  21   4.06560970e+10  3.43771190e+10  7.30e+02 3.60e-05  1.09e+03    50s
  22   4.05561887e+10  3.51125716e+10  6.67e+02 2.20e-05  9.45e+02    51s
  23   4.02844518e+10  3.63086737e+10  5.02e+02 2.24e-05  6.89e+02    53s
  24   4.00448338e+10  3.77171366e+10  3.55e+02 1.82e-12  4.03e+02    54s
  25   3.98688466e+10  3.84742455e+10  2.55e+02 1.36e-12  2.41e+02    56s
  26   3.97533056e+10  3.86581082e+10  1.92e+02 1.36e-12  1.89e+02    58s
  27   3.97074903e+10  3.88204697e+10  1.69e+02 1.36e-12  1.53e+02    60s
  28   3.96594832e+10  3.89188036e+10  1.43e+02 1.36e-12  1.28e+02    61s
  29   3.95984824e+10  3.90020287e+10  1.11e+02 1.82e-12  1.03e+02    62s
  30   3.95823070e+10  3.90761336e+10  1.02e+02 1.36e-12  8.71e+01    63s
  31   3.95377420e+10  3.91322139e+10  7.93e+01 1.36e-12  6.98e+01    65s
  32   3.95077040e+10  3.91574092e+10  6.38e+01 1.82e-12  6.03e+01    66s
  33   3.94948232e+10  3.91887567e+10  5.70e+01 1.82e-12  5.27e+01    67s
  34   3.94776930e+10  3.92319846e+10  4.80e+01 1.36e-12  4.23e+01    68s
  35   3.94644210e+10  3.92493022e+10  4.11e+01 1.82e-12  3.70e+01    69s
  36   3.94429781e+10  3.92735757e+10  3.03e+01 1.82e-12  2.92e+01    71s
  37   3.94321249e+10  3.92854238e+10  2.47e+01 1.82e-12  2.53e+01    72s
  38   3.94230515e+10  3.93068835e+10  2.00e+01 1.82e-12  2.00e+01    73s
  39   3.94154458e+10  3.93165786e+10  1.62e+01 1.82e-12  1.70e+01    74s
  40   3.94114617e+10  3.93227771e+10  1.42e+01 1.82e-12  1.53e+01    75s
  41   3.94055046e+10  3.93325119e+10  1.13e+01 2.27e-12  1.26e+01    77s
  42   3.94025458e+10  3.93412907e+10  9.89e+00 1.82e-12  1.06e+01    78s
  43   3.93998693e+10  3.93441772e+10  8.65e+00 2.27e-12  9.60e+00    79s
  44   3.93972102e+10  3.93508140e+10  7.39e+00 1.82e-12  7.99e+00    80s
  45   3.93937020e+10  3.93548859e+10  5.81e+00 1.82e-12  6.69e+00    81s
  46   3.93923935e+10  3.93584267e+10  5.20e+00 1.82e-12  5.85e+00    83s
  47   3.93906632e+10  3.93629445e+10  4.41e+00 1.82e-12  4.77e+00    84s
  48   3.93880594e+10  3.93646955e+10  3.27e+00 2.27e-12  4.03e+00    85s
  49   3.93877437e+10  3.93656598e+10  3.13e+00 2.73e-12  3.81e+00    86s
  50   3.93871432e+10  3.93662942e+10  2.86e+00 2.73e-12  3.60e+00    87s
  51   3.93863515e+10  3.93695330e+10  2.51e+00 2.27e-12  2.90e+00    88s
  52   3.93859029e+10  3.93715183e+10  2.31e+00 2.27e-12  2.48e+00    90s
  53   3.93852178e+10  3.93727847e+10  2.01e+00 2.27e-12  2.14e+00    91s
  54   3.93844220e+10  3.93731873e+10  1.68e+00 2.27e-12  1.94e+00    92s
  55   3.93840692e+10  3.93738790e+10  1.53e+00 2.27e-12  1.76e+00    93s
  56   3.93838384e+10  3.93748506e+10  1.44e+00 1.82e-12  1.55e+00    94s
  57   3.93830855e+10  3.93753084e+10  1.13e+00 1.82e-12  1.34e+00    96s
  58   3.93829982e+10  3.93757191e+10  1.09e+00 2.27e-12  1.25e+00    97s
  59   3.93826392e+10  3.93765741e+10  9.44e-01 2.27e-12  1.04e+00    98s
  60   3.93824880e+10  3.93768505e+10  8.83e-01 1.82e-12  9.71e-01    99s
  61   3.93822699e+10  3.93772149e+10  7.91e-01 2.27e-12  8.71e-01   100s
  62   3.93819795e+10  3.93774627e+10  6.73e-01 2.27e-12  7.78e-01   101s
  63   3.93817242e+10  3.93779621e+10  5.67e-01 1.82e-12  6.48e-01   103s
  64   3.93814940e+10  3.93783060e+10  4.76e-01 2.27e-12  5.49e-01   105s
  65   3.93813294e+10  3.93786804e+10  4.08e-01 1.82e-12  4.56e-01   106s
  66   3.93811673e+10  3.93789497e+10  3.43e-01 1.82e-12  3.82e-01   108s
  67   3.93810683e+10  3.93790931e+10  3.03e-01 2.27e-12  3.40e-01   109s
  68   3.93809276e+10  3.93792122e+10  2.48e-01 1.82e-12  2.96e-01   111s
  69   3.93808358e+10  3.93792958e+10  2.11e-01 2.27e-12  2.66e-01   112s
  70   3.93807537e+10  3.93795702e+10  1.78e-01 1.82e-12  2.04e-01   114s
  71   3.93806997e+10  3.93796658e+10  1.57e-01 1.82e-12  1.78e-01   115s
  72   3.93806027e+10  3.93797751e+10  1.19e-01 1.82e-12  1.43e-01   117s
  73   3.93805586e+10  3.93798352e+10  1.02e-01 1.82e-12  1.25e-01   118s
  74   3.93805221e+10  3.93798687e+10  8.79e-02 2.27e-12  1.13e-01   120s
  75   3.93804952e+10  3.93799602e+10  7.75e-02 1.82e-12  9.22e-02   121s
  76   3.93804596e+10  3.93800599e+10  6.39e-02 1.82e-12  6.88e-02   123s
  77   3.93804387e+10  3.93800779e+10  5.60e-02 2.27e-12  6.22e-02   124s
  78   3.93804085e+10  3.93801089e+10  4.47e-02 1.82e-12  5.16e-02   126s
  79   3.93803878e+10  3.93801284e+10  3.69e-02 2.27e-12  4.47e-02   127s
  80   3.93803763e+10  3.93801599e+10  3.27e-02 1.82e-12  3.73e-02   129s
  81   3.93803618e+10  3.93801843e+10  2.73e-02 2.83e-11  3.06e-02   130s
  82   3.93803486e+10  3.93801955e+10  2.24e-02 1.59e-10  2.64e-02   132s
  83   3.93803373e+10  3.93802052e+10  1.83e-02 4.39e-10  2.28e-02   133s
  84   3.93803316e+10  3.93802189e+10  1.62e-02 5.17e-10  1.94e-02   135s
  85   3.93803231e+10  3.93802258e+10  1.32e-02 6.84e-10  1.68e-02   136s
  86   3.93803214e+10  3.93802334e+10  1.26e-02 7.17e-10  1.52e-02   138s
  87   3.93803139e+10  3.93802412e+10  9.95e-03 7.63e-10  1.25e-02   139s
  88   3.93803094e+10  3.93802467e+10  8.35e-03 6.60e-10  1.08e-02   141s
  89   3.93803046e+10  3.93802534e+10  6.61e-03 4.90e-10  8.83e-03   142s
  90   3.93803029e+10  3.93802594e+10  6.03e-03 5.84e-10  7.50e-03   144s
  91   3.93802981e+10  3.93802636e+10  4.37e-03 9.00e-10  5.95e-03   145s
  92   3.93802970e+10  3.93802667e+10  3.97e-03 1.03e-09  5.22e-03   147s

Barrier solved model in 92 iterations and 147.10 seconds (165.77 work units)
Optimal objective 3.93802970e+10


Gurobi 12.0.1 (linux64) logging started Thu Jan 22 16:30:18 2026

Set parameter LogFile to value "gurobi_dispatch.log"
Gurobi Optimizer version 12.0.1 build v12.0.1rc0 (linux64 - "Debian GNU/Linux 12 (bookworm)")

CPU model: INTEL(R) XEON(R) PLATINUM 8581C CPU @ 2.30GHz, instruction set [SSE2|AVX|AVX2|AVX512]
Thread count: 8 physical cores, 16 logical processors, using up to 8 threads

Non-default parameters:
Method  2
BarConvTol  1e-06
Crossover  0
AggFill  0
PreDual  0
Seed  123
Threads  8

WLS license 2526863 - registered to TransitionZero
Optimize a model with 6281402 rows, 3398880 columns and 14278112 nonzeros
Model fingerprint: 0xfc2914f2
Coefficient statistics:
  Matrix range     [8e-01, 1e+00]
  Objective range  [1e+00, 3e+02]
  Bounds range     [0e+00, 0e+00]
  RHS range        [4e-01, 1e+08]
Presolve removed 4125951 rows and 781033 columns (presolve time = 5s)...
Presolve removed 4765685 rows and 781033 columns
Presolve time: 5.55s
Presolved: 1515717 rows, 3257581 columns, 7505889 nonzeros
Elapsed ordering time = 6s
Elapsed ordering time = 10s
Ordering time: 10.67s

Barrier statistics:
 AA' NZ     : 8.834e+06
 Factor NZ  : 6.966e+07 (roughly 2.5 GB of memory)
 Factor Ops : 2.409e+10 (less than 1 second per iteration)
 Threads    : 8

                  Objective                Residual
Iter       Primal          Dual         Primal    Dual     Compl     Time
   0   2.63602426e+14 -2.97281294e+12  1.26e+09 2.27e-13  2.97e+08    19s
   1   4.44128695e+13 -2.79507479e+12  7.73e+07 3.32e+01  2.20e+07    20s
   2   3.27579814e+13 -2.33193761e+12  5.73e+07 1.55e+01  1.63e+07    21s
   3   7.71893489e+12 -1.49746670e+12  1.22e+07 2.41e-11  3.76e+06    23s
   4   2.89501837e+12 -8.79850385e+11  4.44e+06 5.91e-12  1.40e+06    24s
   5   1.05577291e+12 -6.34350083e+11  1.47e+06 5.00e-12  5.32e+05    25s
   6   8.64277637e+11 -5.10823316e+11  1.19e+06 4.55e-12  4.23e+05    25s
   7   7.67918328e+11 -4.08933186e+11  1.05e+06 3.18e-12  3.59e+05    26s
   8   4.49969059e+11 -3.32340121e+11  5.86e+05 3.64e-12  2.21e+05    27s
   9   3.59138768e+11 -2.21161672e+11  4.57e+05 3.64e-12  1.61e+05    29s
  10   1.77796339e+11 -1.88324113e+11  2.08e+05 2.73e-12  9.15e+04    30s
  11   1.06757372e+11 -9.01505581e+10  1.06e+05 9.09e-12  4.64e+04    32s
  12   4.51377241e+10 -3.59043707e+10  2.78e+04 6.37e-12  1.73e+04    34s
  13   3.87449925e+10 -1.95982407e+10  2.05e+04 4.55e-12  1.23e+04    35s
  14   3.73945407e+10 -1.07849492e+10  1.91e+04 3.18e-12  1.01e+04    36s
  15   3.49321529e+10 -7.20481198e+09  1.65e+04 2.73e-12  8.80e+03    37s
  16   3.06648430e+10 -1.08697599e+09  1.22e+04 2.73e-12  6.55e+03    38s
  17   3.02702038e+10  1.07044088e+09  1.18e+04 2.50e-12  6.02e+03    39s
  18   2.92228836e+10  6.26277605e+09  1.07e+04 1.82e-12  4.72e+03    40s
  19   2.66778590e+10  1.01193580e+10  8.28e+03 1.82e-12  3.37e+03    41s
  20   2.57329942e+10  1.17256282e+10  7.40e+03 1.48e-12  2.84e+03    43s
  21   2.43227625e+10  1.20261373e+10  6.09e+03 1.59e-12  2.48e+03    44s
  22   2.32045962e+10  1.38620135e+10  5.06e+03 1.36e-12  1.87e+03    46s
  23   2.18994893e+10  1.52799587e+10  3.88e+03 1.36e-12  1.31e+03    48s
  24   2.09723088e+10  1.58394079e+10  3.12e+03 1.36e-12  1.01e+03    49s
  25   2.06304522e+10  1.61609061e+10  2.80e+03 1.36e-12  8.76e+02    51s
  26   2.02070135e+10  1.63990017e+10  2.41e+03 1.82e-12  7.43e+02    53s
  27   1.99092335e+10  1.66264168e+10  2.13e+03 1.82e-12  6.38e+02    54s
  28   1.95118780e+10  1.68021918e+10  1.74e+03 1.82e-12  5.24e+02    56s
  29   1.94013301e+10  1.68635310e+10  1.63e+03 2.27e-12  4.90e+02    58s
  30   1.92274732e+10  1.69964016e+10  1.45e+03 1.82e-12  4.29e+02    60s
  31   1.90203648e+10  1.70828597e+10  1.24e+03 1.82e-12  3.72e+02    61s
  32   1.89156019e+10  1.71599584e+10  1.13e+03 1.82e-12  3.36e+02    63s
  33   1.88920411e+10  1.72289192e+10  1.11e+03 1.82e-12  3.18e+02    64s
  34   1.87845248e+10  1.73068738e+10  9.99e+02 1.82e-12  2.82e+02    66s
  35   1.86488767e+10  1.73715105e+10  8.54e+02 1.82e-12  2.43e+02    68s
  36   1.85417106e+10  1.74529822e+10  7.38e+02 1.82e-12  2.07e+02    70s
  37   1.85106034e+10  1.74770339e+10  7.05e+02 1.82e-12  1.96e+02    71s
  38   1.84663216e+10  1.75279965e+10  6.57e+02 1.82e-12  1.78e+02    73s
  39   1.84105560e+10  1.75698712e+10  5.97e+02 1.82e-12  1.59e+02    75s
  40   1.83476794e+10  1.76136803e+10  5.27e+02 2.27e-12  1.38e+02    77s
  41   1.82791600e+10  1.76459935e+10  4.54e+02 1.82e-12  1.19e+02    78s
  42   1.82506029e+10  1.76768697e+10  4.28e+02 1.82e-12  1.08e+02    80s
  43   1.81998693e+10  1.77084381e+10  3.71e+02 2.27e-12  9.21e+01    82s
  44   1.81738751e+10  1.77277416e+10  3.47e+02 2.27e-12  8.35e+01    84s
  45   1.81459596e+10  1.77430900e+10  3.18e+02 1.82e-12  7.53e+01    85s
  46   1.81372211e+10  1.77598713e+10  3.07e+02 1.82e-12  7.05e+01    86s
  47   1.81004064e+10  1.77697949e+10  2.65e+02 2.27e-12  6.17e+01    88s
  48   1.80880922e+10  1.77743179e+10  2.52e+02 2.27e-12  5.86e+01    90s
  49   1.80680014e+10  1.77899027e+10  2.30e+02 2.27e-12  5.18e+01    92s
  50   1.80309012e+10  1.78005488e+10  1.87e+02 2.73e-12  4.29e+01    93s
  51   1.80240757e+10  1.78065948e+10  1.79e+02 2.27e-12  4.05e+01    95s
  52   1.80123517e+10  1.78154066e+10  1.66e+02 2.27e-12  3.66e+01    97s
  53   1.79884500e+10  1.78232246e+10  1.37e+02 1.82e-12  3.07e+01    98s
  54   1.79707838e+10  1.78277882e+10  1.17e+02 2.27e-12  2.66e+01   100s
  55   1.79638697e+10  1.78353096e+10  1.09e+02 2.27e-12  2.39e+01   102s
  56   1.79586550e+10  1.78371369e+10  1.03e+02 2.27e-12  2.26e+01   104s
  57   1.79502048e+10  1.78419037e+10  9.31e+01 2.27e-12  2.01e+01   105s
  58   1.79387523e+10  1.78462517e+10  7.96e+01 1.82e-12  1.72e+01   107s
  59   1.79342299e+10  1.78490869e+10  7.44e+01 2.27e-12  1.58e+01   109s
  60   1.79266814e+10  1.78522200e+10  6.57e+01 2.73e-12  1.38e+01   110s
  61   1.79190978e+10  1.78546385e+10  5.64e+01 2.27e-12  1.19e+01   112s
  62   1.79113203e+10  1.78577547e+10  4.70e+01 1.82e-12  9.92e+00   114s
  63   1.79094156e+10  1.78594395e+10  4.47e+01 2.27e-12  9.24e+00   116s
  64   1.79049051e+10  1.78609160e+10  3.92e+01 2.27e-12  8.14e+00   117s
  65   1.79015175e+10  1.78627421e+10  3.49e+01 2.27e-12  7.17e+00   119s
  66   1.78982981e+10  1.78642335e+10  3.09e+01 1.93e-12  6.30e+00   121s
  67   1.78951553e+10  1.78659992e+10  2.70e+01 1.82e-12  5.38e+00   123s
  68   1.78933559e+10  1.78671370e+10  2.47e+01 1.82e-12  4.84e+00   124s
  69   1.78916338e+10  1.78676238e+10  2.24e+01 2.27e-12  4.43e+00   126s
  70   1.78893202e+10  1.78688456e+10  1.92e+01 1.82e-12  3.78e+00   127s
  71   1.78875944e+10  1.78699346e+10  1.72e+01 1.82e-12  3.25e+00   129s
  72   1.78856090e+10  1.78706426e+10  1.45e+01 2.27e-12  2.76e+00   131s
  73   1.78831760e+10  1.78711509e+10  1.14e+01 2.27e-12  2.22e+00   132s
  74   1.78822269e+10  1.78717049e+10  1.02e+01 2.27e-12  1.94e+00   134s
  75   1.78815680e+10  1.78720678e+10  9.30e+00 2.27e-12  1.75e+00   136s
  76   1.78811301e+10  1.78722240e+10  8.71e+00 2.27e-12  1.64e+00   137s
  77   1.78800136e+10  1.78728613e+10  7.14e+00 1.82e-12  1.32e+00   139s
  78   1.78792693e+10  1.78731910e+10  6.13e+00 2.27e-12  1.12e+00   141s
  79   1.78784045e+10  1.78735592e+10  4.95e+00 1.82e-12  8.91e-01   143s
  80   1.78778062e+10  1.78738866e+10  4.17e+00 1.82e-12  7.19e-01   144s
  81   1.78771405e+10  1.78740708e+10  3.24e+00 2.27e-12  5.64e-01   146s
  82   1.78766976e+10  1.78742111e+10  2.62e+00 1.82e-12  4.57e-01   148s
  83   1.78764823e+10  1.78742969e+10  2.30e+00 1.82e-12  4.01e-01   150s
  84   1.78761609e+10  1.78744257e+10  1.84e+00 1.82e-12  3.19e-01   151s
  85   1.78758755e+10  1.78745409e+10  1.43e+00 1.82e-12  2.45e-01   153s
  86   1.78757192e+10  1.78746305e+10  1.22e+00 1.48e-12  1.99e-01   155s
  87   1.78755425e+10  1.78747023e+10  9.53e-01 1.36e-12  1.54e-01   157s
  88   1.78754455e+10  1.78747410e+10  8.12e-01 1.82e-12  1.29e-01   158s
  89   1.78752851e+10  1.78747761e+10  5.82e-01 1.82e-12  9.31e-02   160s
  90   1.78751761e+10  1.78747992e+10  4.28e-01 1.82e-12  6.90e-02   162s
  91   1.78751255e+10  1.78748235e+10  3.52e-01 1.82e-12  5.52e-02   164s
  92   1.78750638e+10  1.78748481e+10  2.58e-01 1.82e-12  3.94e-02   165s
  93   1.78750253e+10  1.78748676e+10  1.98e-01 1.82e-12  2.87e-02   167s
  94   1.78749865e+10  1.78748763e+10  1.42e-01 1.82e-12  2.01e-02   169s
  95   1.78749626e+10  1.78748810e+10  1.04e-01 1.82e-12  1.49e-02   171s
  96   1.78749411e+10  1.78748851e+10  7.17e-02 1.82e-12  1.02e-02   172s
  97   1.78749275e+10  1.78748899e+10  4.90e-02 1.82e-12  6.83e-03   174s
  98   1.78749169e+10  1.78748933e+10  3.18e-02 1.82e-12  4.29e-03   176s
  99   1.78749102e+10  1.78748948e+10  2.09e-02 7.14e-12  2.80e-03   177s
 100   1.78749064e+10  1.78748955e+10  1.45e-02 1.82e-12  1.97e-03   179s
 101   1.78749031e+10  1.78748961e+10  9.25e-03 6.32e-10  1.28e-03   180s

Barrier solved model in 101 iterations and 180.10 seconds (214.93 work units)
Optimal objective 1.78749031e+10


Gurobi 12.0.1 (linux64) logging started Thu Jan 22 16:39:49 2026

Set parameter LogFile to value "gurobi_dispatch.log"
Gurobi Optimizer version 12.0.1 build v12.0.1rc0 (linux64 - "Debian GNU/Linux 12 (bookworm)")

CPU model: INTEL(R) XEON(R) PLATINUM 8581C CPU @ 2.30GHz, instruction set [SSE2|AVX|AVX2|AVX512]
Thread count: 8 physical cores, 16 logical processors, using up to 8 threads

Non-default parameters:
Method  2
BarConvTol  1e-06
Crossover  0
AggFill  0
PreDual  0
Seed  123
Threads  8

WLS license 2526863 - registered to TransitionZero
Optimize a model with 6280826 rows, 3398880 columns and 13805072 nonzeros
Model fingerprint: 0xf7e2e08a
Coefficient statistics:
  Matrix range     [8e-01, 1e+00]
  Objective range  [1e+00, 3e+02]
  Bounds range     [0e+00, 0e+00]
  RHS range        [4e-01, 9e+07]
Presolve removed 4125949 rows and 781033 columns (presolve time = 5s)...
Presolve removed 4765406 rows and 781033 columns
Presolve time: 5.48s
Presolved: 1515420 rows, 3257304 columns, 7190252 nonzeros
Elapsed ordering time = 7s
Elapsed ordering time = 10s
Ordering time: 11.18s

Barrier statistics:
 AA' NZ     : 8.277e+06
 Factor NZ  : 5.585e+07 (roughly 2.4 GB of memory)
 Factor Ops : 1.112e+10 (less than 1 second per iteration)
 Threads    : 8

                  Objective                Residual
Iter       Primal          Dual         Primal    Dual     Compl     Time
   0   2.87601397e+14 -2.92936062e+12  1.38e+09 2.27e-13  3.24e+08    20s
   1   4.85089797e+13 -2.79352500e+12  8.43e+07 3.30e+01  2.40e+07    20s
   2   3.65095023e+13 -2.36618624e+12  6.32e+07 1.46e+01  1.80e+07    21s
   3   8.33678508e+12 -1.62759477e+12  1.30e+07 1.14e-11  4.05e+06    23s
   4   1.28413750e+12 -7.16399635e+11  1.74e+06 1.00e-11  6.50e+05    24s
   5   1.02807054e+12 -6.15848068e+11  1.37e+06 8.64e-12  5.16e+05    25s
   6   4.73855932e+11 -5.81502787e+11  5.85e+05 8.64e-12  2.86e+05    25s
   7   4.04643328e+11 -4.66475346e+11  4.90e+05 6.37e-12  2.32e+05    26s
   8   2.63353758e+11 -3.28438379e+11  2.95e+05 3.64e-12  1.48e+05    27s
   9   1.32100868e+11 -9.63979715e+10  1.21e+05 8.19e-12  5.40e+04    28s
  10   4.82493243e+10 -6.35414659e+10  2.70e+04 6.37e-12  2.34e+04    30s
  11   3.33230461e+10 -1.97287621e+10  1.22e+04 5.46e-12  1.08e+04    31s
  12   3.19837299e+10 -1.39664190e+10  1.10e+04 3.87e-12  9.30e+03    32s
  13   2.92104012e+10 -1.74967039e+09  8.63e+03 2.73e-12  6.23e+03    33s
  14   2.64815864e+10  2.87510327e+09  6.44e+03 2.16e-12  4.71e+03    34s
  15   2.62685122e+10  4.68230375e+09  6.28e+03 2.16e-12  4.31e+03    35s
  16   2.49598544e+10  9.61877853e+09  5.30e+03 1.59e-12  3.05e+03    36s
  17   2.39952372e+10  1.20994787e+10  4.58e+03 1.59e-12  2.35e+03    37s
  18   2.26431747e+10  1.34143799e+10  3.61e+03 1.36e-12  1.81e+03    39s
  19   2.18362029e+10  1.45110726e+10  3.03e+03 1.36e-12  1.43e+03    41s
  20   2.08898796e+10  1.54323799e+10  2.33e+03 1.36e-12  1.06e+03    42s
  21   2.03508748e+10  1.59105924e+10  1.97e+03 1.82e-12  8.60e+02    44s
  22   1.99488249e+10  1.62499332e+10  1.66e+03 1.36e-12  7.14e+02    46s
  23   1.94805472e+10  1.65595025e+10  1.30e+03 1.82e-12  5.61e+02    47s
  24   1.92073164e+10  1.67506122e+10  1.09e+03 1.82e-12  4.71e+02    49s
  25   1.89986738e+10  1.70754467e+10  9.22e+02 1.82e-12  3.67e+02    51s
  26   1.88584023e+10  1.72008746e+10  8.07e+02 1.82e-12  3.16e+02    52s
  27   1.86243786e+10  1.73109843e+10  6.31e+02 1.82e-12  2.50e+02    54s
  28   1.85635024e+10  1.74154906e+10  5.81e+02 1.82e-12  2.18e+02    55s
  29   1.84274650e+10  1.74848530e+10  4.71e+02 1.82e-12  1.78e+02    57s
  30   1.84092322e+10  1.75101170e+10  4.58e+02 1.82e-12  1.70e+02    59s
  31   1.83367012e+10  1.75649612e+10  3.98e+02 1.82e-12  1.46e+02    60s
  32   1.82640100e+10  1.76187463e+10  3.39e+02 1.82e-12  1.22e+02    62s
  33   1.82242155e+10  1.76639707e+10  3.06e+02 1.82e-12  1.06e+02    64s
  34   1.81417618e+10  1.76919835e+10  2.39e+02 1.82e-12  8.47e+01    65s
  35   1.80785530e+10  1.77129769e+10  1.87e+02 1.82e-12  6.88e+01    67s
  36   1.80574251e+10  1.77307512e+10  1.69e+02 1.82e-12  6.15e+01    69s
  37   1.80298911e+10  1.77442256e+10  1.46e+02 1.82e-12  5.37e+01    70s
  38   1.80092547e+10  1.77567010e+10  1.28e+02 1.82e-12  4.75e+01    72s
  39   1.79977730e+10  1.77694055e+10  1.19e+02 1.82e-12  4.29e+01    74s
  40   1.79748624e+10  1.77810628e+10  9.91e+01 1.82e-12  3.64e+01    75s
  41   1.79676410e+10  1.77917253e+10  9.29e+01 1.82e-12  3.30e+01    77s
  42   1.79484482e+10  1.78020738e+10  7.69e+01 1.82e-12  2.75e+01    79s
  43   1.79311114e+10  1.78107609e+10  6.21e+01 1.82e-12  2.26e+01    80s
  44   1.79246973e+10  1.78148182e+10  5.67e+01 1.82e-12  2.06e+01    82s
  45   1.79217408e+10  1.78169067e+10  5.42e+01 2.27e-12  1.97e+01    84s
  46   1.79125629e+10  1.78228489e+10  4.66e+01 2.27e-12  1.68e+01    86s
  47   1.79048375e+10  1.78275101e+10  3.99e+01 2.27e-12  1.45e+01    87s
  48   1.78984767e+10  1.78323853e+10  3.45e+01 1.82e-12  1.24e+01    89s
  49   1.78962038e+10  1.78351884e+10  3.25e+01 2.27e-12  1.14e+01    91s
  50   1.78899585e+10  1.78368518e+10  2.72e+01 2.27e-12  9.96e+00    92s
  51   1.78864485e+10  1.78408199e+10  2.43e+01 2.27e-12  8.55e+00    94s
  52   1.78814297e+10  1.78434914e+10  2.00e+01 1.82e-12  7.11e+00    96s
  53   1.78786147e+10  1.78458183e+10  1.76e+01 1.82e-12  6.15e+00    97s
  54   1.78755042e+10  1.78476950e+10  1.49e+01 1.82e-12  5.21e+00    99s
  55   1.78722361e+10  1.78492668e+10  1.21e+01 1.82e-12  4.31e+00   100s
  56   1.78699436e+10  1.78509700e+10  1.01e+01 1.82e-12  3.56e+00   102s
  57   1.78688120e+10  1.78517247e+10  9.12e+00 1.82e-12  3.20e+00   104s
  58   1.78674667e+10  1.78529308e+10  8.01e+00 1.82e-12  2.72e+00   106s
  59   1.78668380e+10  1.78532586e+10  7.47e+00 1.82e-12  2.54e+00   107s
  60   1.78660222e+10  1.78539441e+10  6.77e+00 2.27e-12  2.26e+00   109s
  61   1.78658488e+10  1.78542196e+10  6.62e+00 2.73e-12  2.18e+00   110s
  62   1.78648350e+10  1.78549144e+10  5.73e+00 2.27e-12  1.86e+00   111s
  63   1.78636598e+10  1.78552696e+10  4.78e+00 2.27e-12  1.57e+00   113s
  64   1.78630647e+10  1.78556532e+10  4.27e+00 2.27e-12  1.39e+00   115s
  65   1.78619103e+10  1.78560719e+10  3.25e+00 2.27e-12  1.09e+00   116s
  66   1.78616471e+10  1.78562910e+10  3.03e+00 1.82e-12  1.00e+00   118s
  67   1.78610114e+10  1.78566137e+10  2.50e+00 1.82e-12  8.23e-01   120s
  68   1.78605584e+10  1.78568829e+10  2.09e+00 1.82e-12  6.88e-01   121s
  69   1.78601308e+10  1.78571157e+10  1.74e+00 1.82e-12  5.64e-01   123s
  70   1.78598783e+10  1.78574061e+10  1.52e+00 1.82e-12  4.62e-01   125s
  71   1.78596451e+10  1.78574747e+10  1.33e+00 1.82e-12  4.05e-01   126s
  72   1.78594387e+10  1.78575813e+10  1.15e+00 1.82e-12  3.47e-01   128s
  73   1.78593469e+10  1.78576470e+10  1.07e+00 2.27e-12  3.17e-01   129s
  74   1.78592493e+10  1.78576746e+10  9.89e-01 2.73e-12  2.94e-01   131s
  75   1.78590262e+10  1.78577417e+10  7.98e-01 2.73e-12  2.40e-01   133s
  76   1.78588882e+10  1.78577939e+10  6.70e-01 2.27e-12  2.04e-01   134s
  77   1.78587861e+10  1.78578637e+10  5.80e-01 2.27e-12  1.72e-01   136s
  78   1.78586934e+10  1.78579151e+10  4.94e-01 1.82e-12  1.45e-01   138s
  79   1.78585996e+10  1.78579979e+10  4.13e-01 1.82e-12  1.12e-01   140s
  80   1.78585261e+10  1.78580190e+10  3.47e-01 1.82e-12  9.45e-02   141s
  81   1.78584731e+10  1.78580414e+10  3.02e-01 1.82e-12  8.04e-02   143s
  82   1.78584005e+10  1.78580840e+10  2.36e-01 1.82e-12  5.88e-02   145s
  83   1.78582985e+10  1.78581056e+10  1.38e-01 1.82e-12  3.59e-02   147s
  84   1.78582340e+10  1.78581214e+10  7.70e-02 1.82e-12  2.10e-02   148s
  85   1.78582038e+10  1.78581383e+10  4.86e-02 1.82e-12  1.22e-02   150s
  86   1.78581878e+10  1.78581432e+10  3.40e-02 1.82e-12  8.29e-03   151s
  87   1.78581791e+10  1.78581457e+10  2.59e-02 1.82e-12  6.20e-03   152s
  88   1.78581736e+10  1.78581462e+10  2.10e-02 1.82e-12  5.09e-03   153s
  89   1.78581667e+10  1.78581468e+10  1.45e-02 1.82e-12  3.69e-03   154s
  90   1.78581607e+10  1.78581475e+10  9.02e-03 1.82e-12  2.45e-03   155s
  91   1.78581579e+10  1.78581486e+10  6.60e-03 1.82e-12  1.73e-03   156s

Barrier solved model in 91 iterations and 155.96 seconds (175.56 work units)
Optimal objective 1.78581579e+10


Gurobi 12.0.1 (linux64) logging started Thu Jan 22 16:54:08 2026

Set parameter LogFile to value "gurobi_dispatch.log"
Gurobi Optimizer version 12.0.1 build v12.0.1rc0 (linux64 - "Debian GNU/Linux 12 (bookworm)")

CPU model: INTEL(R) XEON(R) PLATINUM 8581C CPU @ 2.30GHz, instruction set [SSE2|AVX|AVX2|AVX512]
Thread count: 8 physical cores, 16 logical processors, using up to 8 threads

Non-default parameters:
Method  2
BarConvTol  1e-06
Crossover  0
AggFill  0
PreDual  0
Seed  123
Threads  8

WLS license 2526863 - registered to TransitionZero
Optimize a model with 6281343 rows, 3398880 columns and 13761272 nonzeros
Model fingerprint: 0x23064dfa
Coefficient statistics:
  Matrix range     [8e-01, 1e+00]
  Objective range  [1e+00, 3e+02]
  Bounds range     [0e+00, 0e+00]
  RHS range        [4e-01, 1e+08]
Presolve removed 4125943 rows and 782978 columns (presolve time = 5s)...
Presolve removed 4765628 rows and 782978 columns
Presolve time: 5.54s
Presolved: 1515715 rows, 3255587 columns, 7486375 nonzeros
Elapsed ordering time = 6s
Elapsed ordering time = 10s
Ordering time: 11.32s

Barrier statistics:
 AA' NZ     : 8.781e+06
 Factor NZ  : 6.956e+07 (roughly 2.5 GB of memory)
 Factor Ops : 2.400e+10 (less than 1 second per iteration)
 Threads    : 8

                  Objective                Residual
Iter       Primal          Dual         Primal    Dual     Compl     Time
   0   2.66206396e+14 -2.34865802e+12  1.24e+09 2.27e-13  2.92e+08    20s
   1   4.64945883e+13 -2.28090948e+12  7.72e+07 4.96e+02  2.78e+07    21s
   2   7.92627362e+12 -1.79979028e+12  4.08e+06 1.09e+02  3.04e+06    22s
   3   2.69713714e+12 -6.09048807e+11  1.05e+06 1.37e+01  8.10e+05    23s
   4   8.54491541e+11 -3.92173295e+11  2.99e+05 7.26e+00  2.81e+05    24s
   5   7.02619669e+11 -2.41858889e+11  2.42e+05 4.12e+00  2.08e+05    25s
   6   3.89285588e+11 -1.58451211e+11  1.28e+05 2.60e+00  1.17e+05    26s
   7   2.34301758e+11 -8.86093989e+10  7.29e+04 1.46e+00  6.72e+04    27s
   8   9.73232614e+10 -5.54464163e+10  2.52e+04 9.60e-01  3.08e+04    28s
   9   5.41361324e+10 -2.15415932e+10  1.09e+04 4.63e-01  1.50e+04    29s
  10   3.84787862e+10 -9.81014894e+09  6.06e+03 3.16e-01  9.47e+03    30s
  11   3.30060846e+10 -3.24428408e+09  4.41e+03 2.35e-01  7.08e+03    31s
  12   2.85162408e+10  2.67612621e+09  3.10e+03 1.61e-01  5.02e+03    32s
  13   2.51949325e+10  4.63697846e+09  2.15e+03 1.38e-01  3.98e+03    33s
  14   2.24655990e+10  9.04549690e+09  1.41e+03 8.73e-02  2.59e+03    34s
  15   2.07138128e+10  1.15830541e+10  9.32e+02 5.89e-02  1.76e+03    35s
  16   1.94709835e+10  1.36067330e+10  6.10e+02 3.67e-02  1.12e+03    37s
  17   1.85355818e+10  1.46248748e+10  3.67e+02 2.56e-02  7.49e+02    39s
  18   1.82513329e+10  1.51112419e+10  2.96e+02 2.04e-02  6.01e+02    40s
  19   1.79123902e+10  1.52361365e+10  2.13e+02 1.90e-02  5.12e+02    41s
  20   1.77622792e+10  1.58580628e+10  1.76e+02 1.24e-02  3.64e+02    42s
  21   1.74741542e+10  1.61484327e+10  1.06e+02 9.27e-03  2.53e+02    44s
  22   1.73267632e+10  1.63385256e+10  7.12e+01 7.26e-03  1.89e+02    46s
  23   1.72541594e+10  1.64656598e+10  5.41e+01 5.89e-03  1.51e+02    48s
  24   1.72030112e+10  1.65828478e+10  4.18e+01 4.62e-03  1.18e+02    49s
  25   1.71450148e+10  1.66892091e+10  2.82e+01 3.48e-03  8.70e+01    51s
  26   1.71124930e+10  1.67647586e+10  2.08e+01 2.67e-03  6.64e+01    53s
  27   1.70902160e+10  1.68389194e+10  1.58e+01 1.90e-03  4.80e+01    55s
  28   1.70651762e+10  1.68725445e+10  1.04e+01 1.53e-03  3.68e+01    56s
  29   1.70515907e+10  1.69135770e+10  7.49e+00 1.08e-03  2.63e+01    58s
  30   1.70406995e+10  1.69362225e+10  5.19e+00 8.45e-04  1.99e+01    60s
  31   1.70339503e+10  1.69607677e+10  3.79e+00 5.86e-04  1.40e+01    62s
  32   1.70292692e+10  1.69767017e+10  2.85e+00 4.10e-04  1.00e+01    63s
  33   1.70242735e+10  1.69866756e+10  1.85e+00 3.00e-04  7.18e+00    65s
  34   1.70218719e+10  1.69935412e+10  1.38e+00 2.24e-04  5.41e+00    66s
  35   1.70193824e+10  1.69977324e+10  9.17e-01 1.79e-04  4.13e+00    68s
  36   1.70179915e+10  1.70016641e+10  6.48e-01 1.36e-04  3.12e+00    70s
  37   1.70171807e+10  1.70045020e+10  4.96e-01 1.06e-04  2.42e+00    71s
  38   1.70163077e+10  1.70074745e+10  3.34e-01 7.36e-05  1.69e+00    73s
  39   1.70155468e+10  1.70095560e+10  1.96e-01 5.13e-05  1.14e+00    75s
  40   1.70152205e+10  1.70114380e+10  1.37e-01 3.09e-05  7.22e-01    77s
  41   1.70149817e+10  1.70123287e+10  9.71e-02 2.14e-05  5.07e-01    79s
  42   1.70148236e+10  1.70130442e+10  7.12e-02 1.37e-05  3.40e-01    80s
  43   1.70147597e+10  1.70131432e+10  6.13e-02 1.27e-05  3.09e-01    81s
  44   1.70146673e+10  1.70134435e+10  4.62e-02 9.51e-06  2.34e-01    82s
  45   1.70146021e+10  1.70137053e+10  3.58e-02 6.71e-06  1.71e-01    83s
  46   1.70145341e+10  1.70138914e+10  2.57e-02 4.74e-06  1.23e-01    84s
  47   1.70145035e+10  1.70139653e+10  2.09e-02 3.97e-06  1.03e-01    85s
  48   1.70144739e+10  1.70140781e+10  1.64e-02 2.79e-06  7.56e-02    85s
  49   1.70144409e+10  1.70141603e+10  1.14e-02 1.95e-06  5.36e-02    86s
  50   1.70144234e+10  1.70141898e+10  8.87e-03 1.64e-06  4.46e-02    87s
  51   1.70144045e+10  1.70142276e+10  6.13e-03 1.26e-06  3.38e-02    88s
  52   1.70143866e+10  1.70142693e+10  3.64e-03 8.42e-07  2.24e-02    89s
  53   1.70143798e+10  1.70142949e+10  2.72e-03 5.91e-07  1.62e-02    90s
  54   1.70143731e+10  1.70143163e+10  1.84e-03 3.84e-07  1.08e-02    91s
  55   1.70143679e+10  1.70143247e+10  1.19e-03 3.06e-07  8.25e-03    92s
  56   1.70143644e+10  1.70143374e+10  7.54e-04 1.86e-07  5.15e-03    93s
  57   1.70143624e+10  1.70143434e+10  5.16e-04 1.30e-07  3.63e-03    93s
  58   1.70143608e+10  1.70143466e+10  3.16e-04 9.96e-08  2.71e-03    94s
  59   1.70143595e+10  1.70143516e+10  1.83e-04 5.50e-08  1.52e-03    95s

Barrier solved model in 59 iterations and 95.42 seconds (105.43 work units)
Optimal objective 1.70143595e+10


Gurobi 12.0.1 (linux64) logging started Thu Jan 22 17:08:08 2026

Set parameter LogFile to value "gurobi_dispatch.log"
Gurobi Optimizer version 12.0.1 build v12.0.1rc0 (linux64 - "Debian GNU/Linux 12 (bookworm)")

CPU model: INTEL(R) XEON(R) PLATINUM 8581C CPU @ 2.30GHz, instruction set [SSE2|AVX|AVX2|AVX512]
Thread count: 8 physical cores, 16 logical processors, using up to 8 threads

Non-default parameters:
Method  2
BarConvTol  1e-06
Crossover  0
AggFill  0
PreDual  0
Seed  123
Threads  8

WLS license 2526863 - registered to TransitionZero
Optimize a model with 6280767 rows, 3398880 columns and 13288232 nonzeros
Model fingerprint: 0xae83c07e
Coefficient statistics:
  Matrix range     [8e-01, 1e+00]
  Objective range  [1e+00, 3e+02]
  Bounds range     [0e+00, 0e+00]
  RHS range        [4e-01, 9e+07]
Presolve removed 4125941 rows and 782978 columns (presolve time = 5s)...
Presolve removed 4765349 rows and 782978 columns
Presolve time: 5.44s
Presolved: 1515418 rows, 3255310 columns, 7170738 nonzeros
Elapsed ordering time = 5s
Elapsed ordering time = 10s
Ordering time: 10.73s

Barrier statistics:
 AA' NZ     : 8.225e+06
 Factor NZ  : 5.580e+07 (roughly 2.4 GB of memory)
 Factor Ops : 1.109e+10 (less than 1 second per iteration)
 Threads    : 8

                  Objective                Residual
Iter       Primal          Dual         Primal    Dual     Compl     Time
   0   2.56695213e+14 -2.29994690e+12  1.19e+09 2.27e-13  2.82e+08    19s
   1   4.47223647e+13 -2.25299739e+12  7.43e+07 4.90e+02  2.67e+07    20s
   2   6.45468711e+12 -1.77480594e+12  2.70e+06 9.46e+01  2.41e+06    21s
   3   2.76147753e+12 -6.36683670e+11  9.39e+05 1.36e+01  8.02e+05    22s
   4   1.01603605e+12 -4.48607833e+11  3.17e+05 8.46e+00  3.24e+05    23s
   5   5.65255410e+11 -3.00087610e+11  1.67e+05 5.41e+00  1.85e+05    24s
   6   3.17742567e+11 -1.99785039e+11  8.82e+04 3.41e+00  1.07e+05    25s
   7   2.04618627e+11 -1.01432445e+11  5.34e+04 1.72e+00  6.24e+04    26s
   8   8.03021208e+10 -3.68163971e+10  1.66e+04 6.97e-01  2.32e+04    27s
   9   5.30099467e+10 -1.88402307e+10  9.14e+03 4.43e-01  1.41e+04    28s
  10   3.24379580e+10 -3.05171045e+09  3.70e+03 2.20e-01  6.90e+03    29s
  11   2.45922859e+10  5.20101725e+09  1.75e+03 1.22e-01  3.74e+03    30s
  12   2.09302731e+10  8.43976403e+09  9.18e+02 8.68e-02  2.40e+03    31s
  13   2.02698894e+10  1.02747322e+10  7.56e+02 6.79e-02  1.92e+03    32s
  14   1.96675844e+10  1.15970265e+10  6.16e+02 5.43e-02  1.55e+03    33s
  15   1.89336211e+10  1.26747055e+10  4.46e+02 4.32e-02  1.20e+03    33s
  16   1.81408732e+10  1.34665076e+10  2.65e+02 3.55e-02  8.95e+02    34s
  17   1.77365843e+10  1.42677996e+10  1.73e+02 2.75e-02  6.64e+02    36s
  18   1.73393872e+10  1.52973021e+10  8.57e+01 1.68e-02  3.90e+02    37s
  19   1.71482814e+10  1.59804987e+10  4.68e+01 1.00e-02  2.23e+02    39s
  20   1.70661830e+10  1.62948561e+10  3.10e+01 6.49e-03  1.47e+02    40s
  21   1.70204033e+10  1.64456918e+10  2.25e+01 4.82e-03  1.10e+02    42s
  22   1.69856310e+10  1.65322887e+10  1.62e+01 3.84e-03  8.66e+01    42s
  23   1.69572476e+10  1.65816981e+10  1.13e+01 3.30e-03  7.17e+01    43s
  24   1.69454904e+10  1.66517613e+10  9.30e+00 2.55e-03  5.61e+01    44s
  25   1.69237835e+10  1.67170364e+10  5.79e+00 1.83e-03  3.95e+01    45s
  26   1.69087091e+10  1.67792553e+10  3.40e+00 1.14e-03  2.47e+01    47s
  27   1.69003190e+10  1.68349214e+10  2.18e+00 5.25e-04  1.25e+01    49s
  28   1.68930651e+10  1.68461451e+10  1.20e+00 4.02e-04  8.96e+00    50s
  29   1.68907525e+10  1.68572988e+10  8.66e-01 2.81e-04  6.39e+00    51s
  30   1.68889966e+10  1.68639198e+10  6.22e-01 2.09e-04  4.79e+00    52s
  31   1.68883157e+10  1.68678465e+10  5.30e-01 1.64e-04  3.91e+00    53s
  32   1.68871132e+10  1.68729660e+10  3.74e-01 1.14e-04  2.70e+00    54s
  33   1.68857520e+10  1.68772602e+10  2.07e-01 6.81e-05  1.62e+00    55s
  34   1.68848021e+10  1.68804671e+10  9.79e-02 3.48e-05  8.28e-01    57s
  35   1.68845052e+10  1.68815896e+10  6.34e-02 2.24e-05  5.57e-01    58s
  36   1.68842672e+10  1.68820711e+10  3.79e-02 1.75e-05  4.20e-01    59s
  37   1.68841125e+10  1.68828234e+10  2.24e-02 9.73e-06  2.46e-01    60s
  38   1.68840193e+10  1.68832241e+10  1.41e-02 5.85e-06  1.52e-01    61s
  39   1.68839780e+10  1.68832895e+10  1.05e-02 5.22e-06  1.32e-01    61s
  40   1.68839441e+10  1.68834876e+10  7.38e-03 3.35e-06  8.72e-02    62s
  41   1.68839204e+10  1.68836155e+10  5.25e-03 2.16e-06  5.82e-02    63s
  42   1.68838918e+10  1.68836902e+10  2.93e-03 1.47e-06  3.85e-02    64s
  43   1.68838756e+10  1.68837760e+10  1.56e-03 6.86e-07  1.90e-02    65s
  44   1.68838663e+10  1.68838087e+10  7.90e-04 4.01e-07  1.10e-02    66s
  45   1.68838625e+10  1.68838279e+10  4.98e-04 2.31e-07  6.62e-03    67s
  46   1.68838609e+10  1.68838330e+10  3.79e-04 1.86e-07  5.33e-03    68s
  47   1.68838597e+10  1.68838409e+10  2.87e-04 1.17e-07  3.59e-03    69s
  48   1.68838585e+10  1.68838460e+10  2.03e-04 7.43e-08  2.39e-03    70s
  49   1.68838567e+10  1.68838519e+10  8.96e-05 2.53e-08  9.22e-04    71s
  50   1.68838556e+10  1.68838539e+10  2.83e-05 9.65e-09  3.41e-04    73s
  51   1.68838554e+10  1.68838547e+10  1.41e-05 3.10e-09  1.35e-04    74s
  52   1.68838552e+10  1.68838550e+10  7.03e-06 1.14e-09  4.95e-05    75s
  53   1.68838551e+10  1.68838551e+10  2.30e-06 3.94e-10  1.07e-05    76s
  54   1.68838551e+10  1.68838551e+10  4.77e-07 1.80e-10  1.79e-06    77s
  55   1.68838551e+10  1.68838551e+10  4.94e-08 2.12e-11  3.68e-08    78s

Barrier solved model in 55 iterations and 77.86 seconds (78.97 work units)
Optimal objective 1.68838551e+10


Gurobi 12.0.1 (linux64) logging started Thu Jan 22 17:11:10 2026

Set parameter LogFile to value "gurobi_dispatch.log"
Gurobi Optimizer version 12.0.1 build v12.0.1rc0 (linux64 - "Debian GNU/Linux 12 (bookworm)")

CPU model: INTEL(R) XEON(R) PLATINUM 8581C CPU @ 2.30GHz, instruction set [SSE2|AVX|AVX2|AVX512]
Thread count: 8 physical cores, 16 logical processors, using up to 8 threads

Non-default parameters:
Method  2
BarConvTol  1e-06
Crossover  0
AggFill  0
PreDual  0
Seed  123
Threads  8

WLS license 2526863 - registered to TransitionZero
Optimize a model with 6281311 rows, 3398880 columns and 13480952 nonzeros
Model fingerprint: 0xd8d0c997
Coefficient statistics:
  Matrix range     [8e-01, 1e+00]
  Objective range  [1e+00, 3e+02]
  Bounds range     [0e+00, 0e+00]
  RHS range        [4e-01, 1e+08]
Presolve removed 4125993 rows and 835393 columns (presolve time = 5s)...
Presolve removed 4765673 rows and 835393 columns
Presolve time: 5.49s
Presolved: 1515638 rows, 3203167 columns, 7232415 nonzeros
Elapsed ordering time = 6s
Elapsed ordering time = 10s
Ordering time: 10.84s

Barrier statistics:
 AA' NZ     : 8.483e+06
 Factor NZ  : 6.865e+07 (roughly 2.5 GB of memory)
 Factor Ops : 2.298e+10 (less than 1 second per iteration)
 Threads    : 8

                  Objective                Residual
Iter       Primal          Dual         Primal    Dual     Compl     Time
   0   2.56519962e+14 -2.38303990e+12  1.19e+09 2.27e-13  2.82e+08    19s
   1   6.04819478e+13 -2.31050469e+12  1.54e+08 3.64e+02  4.17e+07    20s
   2   1.22547765e+13 -1.84651219e+12  7.04e+06 2.73e-12  4.12e+06    21s
   3   3.61108647e+12 -9.01579803e+11  1.78e+06 2.99e-11  1.16e+06    23s
   4   1.76173009e+12 -6.55376028e+11  8.30e+05 1.26e-11  5.87e+05    24s
   5   9.85158889e+11 -5.31244368e+11  4.49e+05 3.95e+00  3.54e+05    25s
   6   4.81590458e+11 -4.05985744e+11  2.07e+05 3.63e+00  1.97e+05    26s
   7   2.55614529e+11 -2.68348947e+11  1.02e+05 2.05e+00  1.12e+05    26s
   8   1.18988172e+11 -1.33186813e+11  4.02e+04 8.90e-01  5.20e+04    27s
   9   6.42076756e+10 -6.15027823e+10  1.69e+04 3.27e-01  2.54e+04    29s
  10   4.33538895e+10 -2.81059910e+10  8.93e+03 2.20e-01  1.43e+04    30s
  11   3.21675484e+10 -1.26730473e+10  4.89e+03 1.52e-01  8.91e+03    31s
  12   2.71103278e+10 -4.39544768e+09  3.16e+03 1.12e-01  6.23e+03    32s
  13   2.39111598e+10 -1.87535670e+09  2.10e+03 9.91e-02  5.08e+03    32s
  14   2.13537950e+10  6.43726564e+09  1.27e+03 5.62e-02  2.93e+03    33s
  15   2.01665118e+10  9.57440449e+09  9.12e+02 3.93e-02  2.08e+03    34s
  16   1.91951833e+10  1.18499125e+10  6.34e+02 2.70e-02  1.44e+03    35s
  17   1.87335335e+10  1.26555283e+10  5.00e+02 2.29e-02  1.19e+03    36s
  18   1.81606947e+10  1.35572367e+10  3.43e+02 1.79e-02  8.99e+02    37s
  19   1.78525630e+10  1.42947408e+10  2.57e+02 1.39e-02  6.94e+02    39s
  20   1.76216245e+10  1.50998889e+10  1.94e+02 9.67e-03  4.92e+02    40s
  21   1.73491573e+10  1.55494807e+10  1.21e+02 7.34e-03  3.51e+02    42s
  22   1.72458155e+10  1.58854703e+10  9.46e+01 5.68e-03  2.65e+02    43s
  23   1.71236386e+10  1.61348747e+10  6.35e+01 4.44e-03  1.93e+02    45s
  24   1.70330395e+10  1.63184123e+10  4.16e+01 3.46e-03  1.39e+02    47s
  25   1.69779493e+10  1.64299278e+10  2.85e+01 2.77e-03  1.07e+02    49s
  26   1.69428538e+10  1.65385425e+10  2.00e+01 2.17e-03  7.88e+01    50s
  27   1.69136698e+10  1.66333226e+10  1.34e+01 1.57e-03  5.46e+01    52s
  28   1.68961270e+10  1.67019743e+10  9.31e+00 1.13e-03  3.78e+01    54s
  29   1.68847222e+10  1.67306919e+10  6.84e+00 9.23e-04  3.00e+01    56s
  30   1.68744601e+10  1.67537553e+10  4.64e+00 7.53e-04  2.35e+01    58s
  31   1.68691520e+10  1.67816366e+10  3.47e+00 5.51e-04  1.71e+01    59s
  32   1.68645802e+10  1.67985024e+10  2.49e+00 4.24e-04  1.29e+01    61s
  33   1.68622979e+10  1.68103927e+10  2.01e+00 3.29e-04  1.01e+01    62s
  34   1.68591539e+10  1.68187273e+10  1.38e+00 2.69e-04  7.88e+00    64s
  35   1.68577924e+10  1.68283008e+10  1.10e+00 1.96e-04  5.75e+00    66s
  36   1.68561759e+10  1.68314222e+10  7.77e-01 1.72e-04  4.82e+00    67s
  37   1.68551804e+10  1.68368504e+10  5.78e-01 1.28e-04  3.57e+00    69s
  38   1.68542371e+10  1.68406393e+10  3.96e-01 9.83e-05  2.65e+00    71s
  39   1.68536224e+10  1.68429564e+10  2.79e-01 7.81e-05  2.08e+00    73s
  40   1.68532293e+10  1.68455062e+10  2.07e-01 5.69e-05  1.51e+00    74s
  41   1.68530163e+10  1.68464246e+10  1.69e-01 4.90e-05  1.28e+00    76s
  42   1.68528027e+10  1.68484049e+10  1.32e-01 3.24e-05  8.57e-01    78s
  43   1.68526150e+10  1.68489335e+10  1.01e-01 2.83e-05  7.18e-01    80s
  44   1.68524619e+10  1.68496109e+10  7.51e-02 2.20e-05  5.56e-01    81s
  45   1.68522950e+10  1.68502453e+10  4.73e-02 1.60e-05  4.00e-01    83s
  46   1.68522006e+10  1.68507862e+10  3.20e-02 1.09e-05  2.76e-01    85s
  47   1.68521354e+10  1.68511337e+10  2.18e-02 7.70e-06  1.95e-01    87s
  48   1.68521105e+10  1.68513944e+10  1.80e-02 5.29e-06  1.40e-01    88s
  49   1.68520759e+10  1.68515649e+10  1.30e-02 3.71e-06  9.96e-02    90s
  50   1.68520427e+10  1.68516813e+10  8.45e-03 2.66e-06  7.04e-02    92s
  51   1.68520293e+10  1.68517683e+10  6.55e-03 1.92e-06  5.09e-02    93s
  52   1.68520172e+10  1.68518240e+10  4.86e-03 1.41e-06  3.76e-02    95s
  53   1.68520045e+10  1.68518749e+10  3.12e-03 9.31e-07  2.53e-02    97s
  54   1.68519984e+10  1.68519123e+10  2.32e-03 6.01e-07  1.68e-02    99s
  55   1.68519936e+10  1.68519335e+10  1.67e-03 4.11e-07  1.17e-02   100s
  56   1.68519886e+10  1.68519466e+10  1.04e-03 2.92e-07  8.18e-03   102s
  57   1.68519866e+10  1.68519576e+10  7.95e-04 1.93e-07  5.66e-03   104s
  58   1.68519849e+10  1.68519640e+10  5.84e-04 1.36e-07  4.07e-03   105s
  59   1.68519834e+10  1.68519698e+10  4.01e-04 8.49e-08  2.66e-03   107s
  60   1.68519818e+10  1.68519730e+10  2.12e-04 5.62e-08  1.71e-03   109s
  61   1.68519811e+10  1.68519759e+10  1.39e-04 3.17e-08  1.02e-03   110s

Barrier solved model in 61 iterations and 110.27 seconds (124.13 work units)
Optimal objective 1.68519811e+10


Gurobi 12.0.1 (linux64) logging started Thu Jan 22 17:14:31 2026

Set parameter LogFile to value "gurobi_dispatch.log"
Gurobi Optimizer version 12.0.1 build v12.0.1rc0 (linux64 - "Debian GNU/Linux 12 (bookworm)")

CPU model: INTEL(R) XEON(R) PLATINUM 8581C CPU @ 2.30GHz, instruction set [SSE2|AVX|AVX2|AVX512]
Thread count: 8 physical cores, 16 logical processors, using up to 8 threads

Non-default parameters:
Method  2
BarConvTol  1e-06
Crossover  0
AggFill  0
PreDual  0
Seed  123
Threads  8

WLS license 2526863 - registered to TransitionZero
Optimize a model with 6281356 rows, 3398880 columns and 13875152 nonzeros
Model fingerprint: 0xf62146a9
Coefficient statistics:
  Matrix range     [8e-01, 1e+00]
  Objective range  [1e+00, 3e+02]
  Bounds range     [0e+00, 0e+00]
  RHS range        [4e-01, 1e+08]
Presolve removed 3784342 rows and 440666 columns (presolve time = 5s)...
Presolve removed 4537894 rows and 440666 columns
Presolve time: 5.88s
Presolved: 1743462 rows, 3711766 columns, 8511902 nonzeros
Elapsed ordering time = 8s
Elapsed ordering time = 10s
Ordering time: 14.57s

Barrier statistics:
 AA' NZ     : 1.015e+07
 Factor NZ  : 7.864e+07 (roughly 3.0 GB of memory)
 Factor Ops : 2.899e+10 (less than 1 second per iteration)
 Threads    : 8

                  Objective                Residual
Iter       Primal          Dual         Primal    Dual     Compl     Time
   0   2.72801405e+14 -2.45724356e+12  1.23e+09 2.27e-13  2.90e+08    24s
   1   5.11190241e+13 -2.38246973e+12  7.78e+07 4.04e+02  2.76e+07    26s
   2   1.00782944e+13 -1.90100958e+12  4.48e+06 9.09e+01  3.31e+06    27s
   3   3.75764647e+12 -7.28433159e+11  1.25e+06 1.16e+01  9.69e+05    29s
   4   1.01196354e+12 -4.27992050e+11  3.00e+05 4.81e+00  2.84e+05    30s
   5   8.46438241e+11 -3.17714810e+11  2.48e+05 3.37e+00  2.25e+05    31s
   6   3.03381055e+11 -2.10832039e+11  8.11e+04 2.13e+00  9.46e+04    32s
   7   2.20653390e+11 -1.63304618e+11  5.67e+04 1.66e+00  6.96e+04    33s
   8   1.05155017e+11 -1.02575015e+11  2.30e+04 1.03e+00  3.67e+04    35s
   9   5.16243513e+10 -2.79168424e+10  8.28e+03 3.24e-01  1.38e+04    36s
  10   3.47363442e+10 -1.43150036e+10  4.25e+03 2.18e-01  8.44e+03    38s
  11   3.05398497e+10 -3.29469516e+09  3.28e+03 1.33e-01  5.80e+03    39s
  12   2.57787588e+10  3.13142443e+09  2.24e+03 8.45e-02  3.87e+03    40s
  13   2.35923547e+10  4.12194816e+09  1.77e+03 7.70e-02  3.32e+03    41s
  14   2.10912909e+10  8.58156062e+09  1.25e+03 4.36e-02  2.13e+03    42s
  15   1.88912494e+10  1.06864249e+10  7.95e+02 2.85e-02  1.39e+03    44s
  16   1.75671416e+10  1.22615013e+10  5.32e+02 1.75e-02  8.98e+02    46s
  17   1.68004523e+10  1.31878350e+10  3.83e+02 1.11e-02  6.11e+02    48s
  18   1.63933963e+10  1.36893441e+10  3.06e+02 7.60e-03  4.57e+02    50s
  19   1.59401740e+10  1.39384609e+10  2.19e+02 5.86e-03  3.38e+02    51s
  20   1.56342315e+10  1.40576858e+10  1.59e+02 5.06e-03  2.66e+02    53s
  21   1.56087668e+10  1.41668338e+10  1.54e+02 4.33e-03  2.43e+02    54s
  22   1.53340656e+10  1.43453262e+10  9.91e+01 3.16e-03  1.67e+02    57s
  23   1.52115868e+10  1.44575017e+10  7.45e+01 2.40e-03  1.27e+02    59s
  24   1.51264793e+10  1.45527142e+10  5.77e+01 1.78e-03  9.68e+01    61s
  25   1.50419579e+10  1.46145906e+10  4.10e+01 1.37e-03  7.21e+01    63s
  26   1.49952168e+10  1.46607290e+10  3.15e+01 1.06e-03  5.64e+01    66s
  27   1.49487427e+10  1.47141425e+10  2.23e+01 7.23e-04  3.96e+01    68s
  28   1.49187792e+10  1.47495625e+10  1.64e+01 5.02e-04  2.85e+01    70s
  29   1.48941860e+10  1.47627029e+10  1.16e+01 4.18e-04  2.22e+01    71s
  30   1.48822983e+10  1.47891429e+10  9.42e+00 2.60e-04  1.57e+01    74s
  31   1.48682714e+10  1.48021431e+10  6.73e+00 1.79e-04  1.11e+01    76s
  32   1.48556257e+10  1.48080804e+10  4.42e+00 1.42e-04  8.02e+00    78s
  33   1.48479927e+10  1.48148736e+10  3.00e+00 1.01e-04  5.59e+00    80s
  34   1.48431996e+10  1.48187205e+10  2.09e+00 7.78e-05  4.13e+00    82s
  35   1.48403701e+10  1.48216025e+10  1.55e+00 6.08e-05  3.17e+00    84s
  36   1.48387744e+10  1.48242691e+10  1.25e+00 4.50e-05  2.45e+00    86s
  37   1.48377274e+10  1.48261095e+10  1.05e+00 3.44e-05  1.96e+00    89s
  38   1.48366699e+10  1.48275851e+10  8.53e-01 2.56e-05  1.53e+00    91s
  39   1.48354300e+10  1.48290810e+10  6.20e-01 1.68e-05  1.07e+00    93s
  40   1.48347999e+10  1.48303784e+10  5.08e-01 9.22e-06  7.45e-01    95s
  41   1.48342666e+10  1.48307288e+10  4.09e-01 7.20e-06  5.96e-01    97s
  42   1.48339022e+10  1.48310859e+10  3.42e-01 5.22e-06  4.75e-01    99s
  43   1.48333415e+10  1.48311285e+10  2.43e-01 4.96e-06  3.73e-01   101s
  44   1.48331097e+10  1.48313437e+10  2.02e-01 3.77e-06  2.98e-01   103s
  45   1.48329320e+10  1.48315018e+10  1.68e-01 2.87e-06  2.41e-01   105s
  46   1.48327293e+10  1.48316364e+10  1.30e-01 2.12e-06  1.84e-01   107s
  47   1.48325137e+10  1.48317344e+10  9.33e-02 1.57e-06  1.31e-01   109s
  48   1.48323745e+10  1.48318024e+10  6.61e-02 1.20e-06  9.64e-02   111s
  49   1.48323130e+10  1.48318787e+10  5.47e-02 7.85e-07  7.32e-02   113s
  50   1.48322200e+10  1.48319163e+10  3.71e-02 5.85e-07  5.12e-02   115s
  51   1.48321806e+10  1.48319361e+10  2.95e-02 4.80e-07  4.12e-02   117s
  52   1.48321634e+10  1.48319510e+10  2.61e-02 4.02e-07  3.58e-02   119s
  53   1.48321343e+10  1.48319723e+10  2.03e-02 2.91e-07  2.73e-02   121s
  54   1.48321119e+10  1.48319842e+10  1.59e-02 2.30e-07  2.15e-02   123s
  55   1.48320942e+10  1.48319920e+10  1.25e-02 1.90e-07  1.72e-02   125s
  56   1.48320768e+10  1.48320082e+10  9.13e-03 1.08e-07  1.16e-02   127s
  57   1.48320681e+10  1.48320147e+10  7.44e-03 7.61e-08  9.00e-03   129s
  58   1.48320603e+10  1.48320163e+10  5.94e-03 6.78e-08  7.41e-03   132s
  59   1.48320505e+10  1.48320206e+10  4.03e-03 4.67e-08  5.04e-03   134s
  60   1.48320461e+10  1.48320226e+10  3.11e-03 3.69e-08  3.97e-03   137s
  61   1.48320431e+10  1.48320243e+10  2.50e-03 2.90e-08  3.16e-03   139s
  62   1.48320416e+10  1.48320249e+10  2.22e-03 2.61e-08  2.82e-03   141s
  63   1.48320392e+10  1.48320255e+10  1.73e-03 2.35e-08  2.31e-03   144s
  64   1.48320386e+10  1.48320266e+10  1.61e-03 1.85e-08  2.02e-03   146s
  65   1.48320369e+10  1.48320273e+10  1.26e-03 1.52e-08  1.61e-03   148s
  66   1.48320360e+10  1.48320277e+10  1.09e-03 1.34e-08  1.40e-03   150s

Barrier solved model in 66 iterations and 150.35 seconds (159.74 work units)
Optimal objective 1.48320360e+10

