
Gurobi 12.0.1 (linux64) logging started Wed Jan 21 18:59:59 2026

Set parameter LogFile to value "gurobi_cap_exp.log"
Gurobi Optimizer version 12.0.1 build v12.0.1rc0 (linux64 - "Debian GNU/Linux 12 (bookworm)")

CPU model: INTEL(R) XEON(R) PLATINUM 8581C CPU @ 2.30GHz, instruction set [SSE2|AVX|AVX2|AVX512]
Thread count: 8 physical cores, 16 logical processors, using up to 8 threads

Non-default parameters:
Method  2
BarConvTol  1e-06
Crossover  0
AggFill  0
PreDual  0
Seed  123
Threads  8

WLS license 2526863 - registered to TransitionZero
Optimize a model with 9145361 rows, 4222393 columns and 21654292 nonzeros
Model fingerprint: 0x82ec3abd
Coefficient statistics:
  Matrix range     [4e-01, 6e+00]
  Objective range  [1e+00, 5e+05]
  Bounds range     [2e+10, 2e+10]
  RHS range        [4e+00, 1e+05]
Warning: Model contains large bounds
         Consider reformulating model or setting NumericFocus parameter
         to avoid numerical issues.
Presolve removed 6447468 rows and 1384174 columns (presolve time = 5s)...
Presolve removed 6876659 rows and 1384174 columns
Presolve time: 8.05s
Presolved: 2268702 rows, 3267410 columns, 10958297 nonzeros
Elapsed ordering time = 7s
Elapsed ordering time = 10s
Ordering time: 13.93s

Barrier statistics:
 Dense cols : 65
 AA' NZ     : 1.264e+07
 Factor NZ  : 6.782e+07 (roughly 3.0 GB of memory)
 Factor Ops : 1.260e+10 (less than 1 second per iteration)
 Threads    : 8

                  Objective                Residual
Iter       Primal          Dual         Primal    Dual     Compl     Time
   0   3.17223217e+14 -1.54431829e+14  5.01e+11 7.48e+00  1.62e+10    26s
   1   2.99182933e+14 -1.60215477e+14  3.59e+11 7.67e+02  8.42e+09    27s
   2   2.87598402e+14 -1.61407642e+14  3.09e+11 4.16e+02  7.68e+09    28s
   3   2.12174300e+14 -1.60725668e+14  9.92e+10 3.42e+02  2.72e+09    30s
   4   1.76151514e+14 -1.56113120e+14  4.50e+10 5.29e+01  1.24e+09    32s
   5   8.40538542e+13 -1.54099622e+14  1.49e+10 4.50e+01  4.30e+08    33s
   6   3.68147598e+13 -1.15141998e+14  1.49e+09 4.62e+00  6.21e+07    34s
   7   4.31618006e+12 -3.02734859e+13  7.20e+07 5.63e-04  6.80e+06    35s
   8   1.65643726e+12 -2.41052772e+13  7.49e+02 4.79e-04  4.44e+06    37s
   9   1.64692722e+12 -2.11791832e+13  7.44e+02 4.06e-04  3.93e+06    38s
  10   1.06002358e+12 -6.59559552e+12  3.37e+02 1.14e-04  1.28e+06    39s
  11   3.52266881e+11 -2.12923207e+12  4.36e+01 3.96e-05  4.03e+05    41s
  12   2.11025500e+11 -9.56752440e+11  1.97e+01 1.62e-05  1.89e+05    42s
  13   1.26628877e+11 -6.94252556e+11  8.54e+00 1.17e-05  1.33e+05    43s
  14   1.19793856e+11 -3.94082211e+11  7.90e+00 6.27e-06  8.30e+04    45s
  15   1.03818316e+11 -2.23524467e+11  6.57e+00 3.40e-06  5.28e+04    46s
  16   7.46360268e+10 -1.40008313e+11  4.16e+00 2.07e-06  3.46e+04    47s
  17   6.47186379e+10 -5.32317092e+10  3.39e+00 7.98e-07  1.90e+04    49s
  18   5.31332650e+10 -2.69571806e+10  2.53e+00 4.78e-07  1.29e+04    51s
  19   4.47347401e+10 -6.84378067e+09  1.88e+00 2.49e-07  8.32e+03    53s
  20   3.95182616e+10  4.94783303e+09  1.48e+00 1.24e-07  5.57e+03    55s
  21   3.64994628e+10  1.10258780e+10  1.27e+00 4.96e-08  4.11e+03    56s
  22   3.22395661e+10  1.35723665e+10  9.55e-01 2.95e-08  3.01e+03    57s
  23   3.16933440e+10  1.61627608e+10  9.15e-01 1.06e-08  2.50e+03    58s
  24   2.76427420e+10  1.78903097e+10  6.45e-01 9.02e-09  1.57e+03    59s
  25   2.29030320e+10  1.82586521e+10  2.90e-01 3.10e-08  7.49e+02    61s
  26   1.94160143e+10  1.85743308e+10  2.79e-02 3.98e-08  1.36e+02    63s
  27   1.90967662e+10  1.88212445e+10  1.10e-02 7.61e-09  4.44e+01    64s
  28   1.89955799e+10  1.88481864e+10  6.18e-03 4.18e-09  2.38e+01    65s
  29   1.89242903e+10  1.88581785e+10  2.82e-03 1.23e-08  1.07e+01    66s
  30   1.88900233e+10  1.88608225e+10  1.23e-03 8.69e-09  4.71e+00    67s
  31   1.88755530e+10  1.88617752e+10  5.61e-04 2.54e-08  2.22e+00    68s
  32   1.88688120e+10  1.88622301e+10  2.59e-04 2.90e-08  1.06e+00    69s
  33   1.88648586e+10  1.88625586e+10  8.77e-05 8.94e-08  3.71e-01    70s
  34   1.88637512e+10  1.88626334e+10  4.23e-05 2.18e-08  1.80e-01    71s
  35   1.88635220e+10  1.88626349e+10  3.33e-05 1.93e-08  1.43e-01    73s
  36   1.88634330e+10  1.88626404e+10  2.97e-05 1.84e-08  1.28e-01    74s
  37   1.88633010e+10  1.88626501e+10  2.43e-05 5.43e-08  1.05e-01    75s
  38   1.88631751e+10  1.88626569e+10  1.92e-05 4.15e-08  8.35e-02    76s
  39   1.88630945e+10  1.88626669e+10  1.63e-05 6.09e-08  6.89e-02    77s
  40   1.88629951e+10  1.88626763e+10  1.34e-05 2.06e-08  5.14e-02    79s
  41   1.88628308e+10  1.88626815e+10  7.49e-06 6.13e-08  2.41e-02    82s
  42   1.88627815e+10  1.88626836e+10  5.85e-06 6.22e-08  1.58e-02    83s
  43   1.88627637e+10  1.88626866e+10  6.10e-06 8.61e-08  1.24e-02    85s
  44   1.88627258e+10  1.88626873e+10  9.83e-06 2.30e-08  6.21e-03    87s
  45   1.88627127e+10  1.88626878e+10  7.41e-06 1.56e-08  4.00e-03    88s

Barrier solved model in 45 iterations and 87.92 seconds (83.66 work units)
Optimal objective 1.88627127e+10


Gurobi 12.0.1 (linux64) logging started Wed Jan 21 21:51:09 2026

Set parameter LogFile to value "gurobi_cap_exp.log"
Gurobi Optimizer version 12.0.1 build v12.0.1rc0 (linux64 - "Debian GNU/Linux 12 (bookworm)")

CPU model: INTEL(R) XEON(R) PLATINUM 8581C CPU @ 2.30GHz, instruction set [SSE2|AVX|AVX2|AVX512]
Thread count: 8 physical cores, 16 logical processors, using up to 8 threads

Non-default parameters:
Method  2
BarConvTol  1e-06
Crossover  0
AggFill  0
PreDual  0
Seed  123
Threads  8

WLS license 2526863 - registered to TransitionZero
Optimize a model with 5404792 rows, 2680560 columns and 12351264 nonzeros
Model fingerprint: 0x3e79f05d
Coefficient statistics:
  Matrix range     [5e-01, 1e+00]
  Objective range  [5e+01, 4e+02]
  Bounds range     [0e+00, 0e+00]
  RHS range        [4e+00, 1e+05]
Presolve removed 4514084 rows and 934474 columns
Presolve time: 4.67s
Presolved: 890708 rows, 2148997 columns, 5451160 nonzeros
Ordering time: 4.40s

Barrier statistics:
 AA' NZ     : 5.081e+06
 Factor NZ  : 3.085e+07 (roughly 1.5 GB of memory)
 Factor Ops : 3.231e+09 (less than 1 second per iteration)
 Threads    : 8

                  Objective                Residual
Iter       Primal          Dual         Primal    Dual     Compl     Time
   0   2.10421081e+14 -6.82140212e+11  3.83e+11 3.36e+00  1.70e+08    11s
   1   1.38180781e+13 -6.68950992e+11  2.13e+10 1.63e-13  1.00e+07    11s
   2   9.08235639e+11 -5.00567754e+11  1.31e+09 3.14e-12  7.43e+05    12s
   3   3.40172545e+11 -3.14425233e+11  4.40e+08 2.96e-12  2.83e+05    13s
   4   3.28484020e+11 -2.92290429e+11  4.29e+08 2.53e-12  2.61e+05    13s
   5   3.07704040e+11 -1.95910512e+11  3.98e+08 1.93e-12  2.10e+05    14s
   6   2.62882941e+11 -1.46965681e+11  3.30e+08 2.10e-12  1.67e+05    14s
   7   2.39950517e+11 -9.17507616e+10  2.96e+08 2.27e-12  1.40e+05    15s
   8   2.04944087e+11 -3.04850769e+10  2.46e+08 4.55e-12  1.10e+05    15s
   9   1.78406843e+11  9.92767028e+10  2.07e+08 1.32e-11  8.68e+04    16s
  10   1.67917004e+11  3.94873084e+11  1.93e+08 4.64e-11  8.20e+04    17s
  11   1.62238355e+11  1.45189936e+12  1.85e+08 8.00e-11  8.60e+04    18s
  12   1.59766450e+11  1.04832407e+13  1.81e+08 3.78e-10  1.31e+05    19s
  13   1.58520828e+11  1.76226518e+13  1.79e+08 4.66e-10  1.22e+05    20s
  14   1.57736149e+11  6.33766516e+13  1.78e+08 3.03e-09  1.45e+05    20s
  15   2.11707084e+14 -7.18190823e+12  3.85e+11 1.14e-13  1.51e+09    21s
  16   2.39749873e+14 -1.50979751e+13  6.79e+09 1.75e-12  1.17e+08    22s
  17   3.39455856e+13 -8.95616236e+12  9.52e+08 3.64e-11  1.78e+07    23s
  18   1.35596471e+13 -7.42852254e+12  3.76e+08 3.18e-11  8.00e+06    24s
  19   1.03621309e+13 -4.44097243e+12  2.93e+08 3.64e-11  5.70e+06    25s
  20   8.88573327e+12 -2.28972736e+12  2.50e+08 1.24e-10  4.78e+06    25s
  21   7.46239827e+12 -4.81303350e+11  2.09e+08 3.13e-10  3.92e+06    26s
  22   7.02230890e+12  5.78515161e+12  1.97e+08 9.31e-10  3.57e+06    26s
  23   6.61658273e+12  1.36699813e+13  1.85e+08 1.51e-09  3.31e+06    26s
  24   6.50559423e+12  2.88734442e+13  1.82e+08 2.56e-09  3.29e+06    27s
  25   6.43093408e+12  5.99119285e+13  1.80e+08 3.73e-09  3.29e+06    27s
  26   6.39510421e+12  2.83277163e+14  1.79e+08 1.58e-08  3.74e+06    28s
  27   6.35951344e+12  9.52089210e+14  1.78e+08 4.66e-08  3.97e+06    28s
  28   6.34870249e+12  3.10261549e+15  1.78e+08 8.20e-08  4.71e+06    29s
  29   6.34617586e+12  5.56317302e+15  1.78e+08 7.45e-08  5.47e+06    29s
  30   6.34425670e+12  1.47573071e+16  1.78e+08 2.09e-07  8.36e+06    30s
  31   6.34330379e+12  3.04698202e+16  1.78e+08 3.58e-07  1.28e+07    31s
  32   6.34295153e+12  5.96117542e+16  1.78e+08 5.96e-07  2.13e+07    32s
  33   6.34278914e+12  9.23188624e+16  1.78e+08 7.15e-07  3.07e+07    33s
  34   6.34250078e+12  1.27361181e+17  1.78e+08 9.54e-07  3.96e+07    34s
  35   6.34167669e+12  2.55584302e+17  1.78e+08 2.86e-06  6.69e+07    34s
  36   6.34141546e+12  4.19193159e+17  1.78e+08 2.86e-06  1.02e+08    35s
  37   6.34120006e+12  5.77772079e+17  1.78e+08 4.12e-06  1.34e+08    36s
  38   6.34099398e+12  8.80159498e+17  1.78e+08 5.77e-06  1.93e+08    37s
  39   6.34043210e+12  1.39981968e+18  1.78e+08 8.05e-06  2.69e+08    38s
  40   6.34022355e+12  2.68080600e+18  1.78e+08 2.29e-05  4.54e+08    39s
  41   2.11707084e+14 -7.18190823e+12  3.85e+11 1.14e-13  1.51e+09    40s
  42   3.60086977e+12 -9.04544864e+11  8.35e+09 1.60e-13  4.85e+06    41s
  43   1.70954291e+11 -2.28407161e+11  6.49e+08 2.36e-13  2.32e+05    43s
  44   1.04273697e+11 -1.69204919e+11  3.51e+08 9.24e-13  1.31e+05    44s
  45   8.75199294e+10 -2.96077459e+10  2.63e+08 4.79e-12  5.47e+04    45s
  46   9.60048603e+10  9.64264305e+09  2.37e+08 2.23e-11  6.40e+04    47s
  47   2.36617479e+11  9.27628955e+10  2.33e+08 1.12e-09  2.77e+05    48s
  48   4.62910196e+12  9.37962984e+11  2.39e+08 1.09e-08  2.80e+06    49s
  49*  3.08593240e+13  4.15489197e+13  2.88e+06 1.45e-06  1.86e+03    50s
  50*  2.00925416e+15  5.48232473e+15  5.51e+04 5.70e-08  8.08e+01    50s
  51*  9.04219802e+15  2.66988523e+16  1.52e+04 5.67e-08  5.23e+01    51s
  52*  1.37646198e+17  3.37531436e+17  1.04e+03 9.80e-08  7.60e+00    51s
  53*  7.23397505e+18  3.11595725e+18  3.00e+01 4.75e-08  9.46e-02    52s

Barrier performed 53 iterations in 51.73 seconds (61.27 work units)
Infeasible model


Gurobi 12.0.1 (linux64) logging started Wed Jan 21 22:04:02 2026

Set parameter LogFile to value "gurobi_cap_exp.log"
Gurobi Optimizer version 12.0.1 build v12.0.1rc0 (linux64 - "Debian GNU/Linux 12 (bookworm)")

CPU model: INTEL(R) XEON(R) PLATINUM 8581C CPU @ 2.30GHz, instruction set [SSE2|AVX|AVX2|AVX512]
Thread count: 8 physical cores, 16 logical processors, using up to 8 threads

Non-default parameters:
Method  2
BarConvTol  1e-06
Crossover  0
AggFill  0
PreDual  0
Seed  123
Threads  8

WLS license 2526863 - registered to TransitionZero
Optimize a model with 5764001 rows, 2610553 columns and 14260852 nonzeros
Model fingerprint: 0x1f1db4c9
Coefficient statistics:
  Matrix range     [4e-01, 6e+00]
  Objective range  [1e+00, 5e+05]
  Bounds range     [2e+10, 2e+10]
  RHS range        [2e+01, 1e+05]
Warning: Model contains large bounds
         Consider reformulating model or setting NumericFocus parameter
         to avoid numerical issues.
Presolve removed 3144948 rows and 289174 columns (presolve time = 5s)...
Presolve removed 3574139 rows and 289174 columns
Presolve time: 5.87s
Presolved: 2189862 rows, 2750570 columns, 9644297 nonzeros
Elapsed ordering time = 6s
Elapsed ordering time = 10s
Ordering time: 12.45s

Barrier statistics:
 Dense cols : 65
 AA' NZ     : 1.248e+07
 Factor NZ  : 6.420e+07 (roughly 2.5 GB of memory)
 Factor Ops : 1.098e+10 (less than 1 second per iteration)
 Threads    : 8

Barrier performed 0 iterations in 20.76 seconds (14.22 work units)
Optimization interrupted


Gurobi 12.0.1 (linux64) logging started Wed Jan 21 22:06:07 2026

Set parameter LogFile to value "gurobi_cap_exp.log"
Gurobi Optimizer version 12.0.1 build v12.0.1rc0 (linux64 - "Debian GNU/Linux 12 (bookworm)")

CPU model: INTEL(R) XEON(R) PLATINUM 8581C CPU @ 2.30GHz, instruction set [SSE2|AVX|AVX2|AVX512]
Thread count: 8 physical cores, 16 logical processors, using up to 8 threads

Non-default parameters:
Method  2
BarConvTol  1e-06
Crossover  0
AggFill  0
PreDual  0
Seed  123
Threads  8

WLS license 2526863 - registered to TransitionZero
Optimize a model with 5764001 rows, 2610553 columns and 14260852 nonzeros
Model fingerprint: 0x1f1db4c9
Coefficient statistics:
  Matrix range     [4e-01, 6e+00]
  Objective range  [1e+00, 5e+05]
  Bounds range     [2e+10, 2e+10]
  RHS range        [2e+01, 1e+05]
Warning: Model contains large bounds
         Consider reformulating model or setting NumericFocus parameter
         to avoid numerical issues.
Presolve removed 3144948 rows and 289174 columns (presolve time = 5s)...
Presolve removed 3574139 rows and 289174 columns
Presolve time: 5.98s
Presolved: 2189862 rows, 2750570 columns, 9644297 nonzeros
Elapsed ordering time = 6s
Elapsed ordering time = 10s
Ordering time: 12.42s

Barrier statistics:
 Dense cols : 65
 AA' NZ     : 1.248e+07
 Factor NZ  : 6.420e+07 (roughly 2.5 GB of memory)
 Factor Ops : 1.098e+10 (less than 1 second per iteration)
 Threads    : 8

                  Objective                Residual
Iter       Primal          Dual         Primal    Dual     Compl     Time
   0   5.95738548e+14 -8.03630243e+13  5.04e+11 7.39e+00  3.28e+10    22s
   1   5.70585726e+14 -9.76508926e+13  3.60e+11 9.49e+02  1.58e+10    23s
   2   5.51771209e+14 -9.30652818e+13  3.15e+11 4.47e+02  1.41e+10    24s
   3   3.99845709e+14 -9.25692422e+13  6.67e+10 3.63e+02  3.73e+09    26s
   4   3.03916098e+14 -9.22263191e+13  2.54e+10 3.81e+01  1.27e+09    28s
   5   4.40100959e+13 -8.27036963e+13  3.04e+08 2.72e+00  3.98e+07    30s
   6   1.77026129e+12 -1.44344500e+13  3.63e+01 3.09e-03  3.16e+06    31s
   7   1.14778987e+12 -6.42176688e+12  1.74e+01 2.04e-05  1.47e+06    32s
   8   3.47829608e+11 -1.75799913e+12  2.10e+00 4.89e-06  4.08e+05    33s
   9   2.63149007e+11 -1.14937522e+12  1.50e+00 3.02e-06  2.73e+05    34s
  10   1.83960444e+11 -6.62058532e+11  9.66e-01 1.66e-06  1.64e+05    35s
  11   1.22866433e+11 -3.90047185e+11  5.81e-01 9.33e-07  9.93e+04    36s
  12   7.90333103e+10 -3.45769770e+11  3.29e-01 8.32e-07  8.22e+04    37s
  13   7.64633801e+10 -1.84950445e+11  3.11e-01 4.48e-07  5.06e+04    38s
  14   5.51713380e+10 -1.19758260e+11  1.80e-01 2.97e-07  3.38e+04    39s
  15   5.12038281e+10 -7.84332520e+10  1.60e-01 2.00e-07  2.51e+04    40s
  16   4.52706079e+10 -2.85126311e+10  1.26e-01 9.19e-08  1.43e+04    42s
  17   3.91561769e+10 -4.54309744e+09  9.27e-02 4.07e-08  8.46e+03    44s
  18   3.60000900e+10  1.65233410e+10  7.28e-02 7.63e-09  3.77e+03    46s
  19   2.96251290e+10  1.98952217e+10  3.60e-02 2.76e-09  1.88e+03    48s
  20   2.92689006e+10  2.14632787e+10  3.44e-02 1.43e-09  1.51e+03    50s
  21   2.74081152e+10  2.21057879e+10  2.49e-02 2.29e-08  1.03e+03    51s
  22   2.58727946e+10  2.25384340e+10  1.64e-02 3.39e-07  6.45e+02    52s
  23   2.31462071e+10  2.27006677e+10  9.66e-04 1.45e-07  8.62e+01    53s
  24   2.28636985e+10  2.27849786e+10  1.39e-04 3.13e-08  1.52e+01    54s
  25   2.28501040e+10  2.28155129e+10  9.69e-05 3.23e-09  6.69e+00    55s
  26   2.28206348e+10  2.28189905e+10  2.57e-06 1.86e-09  3.18e-01    57s
  27   2.28203787e+10  2.28195911e+10  1.90e-06 1.80e-09  1.52e-01    58s
  28   2.28196794e+10  2.28196301e+10  2.45e-08 1.02e-08  9.54e-03    59s
  29   2.28196535e+10  2.28196535e+10  1.23e-04 2.27e-09  2.79e-06    61s
  30   2.28196535e+10  2.28196535e+10  8.96e-05 1.86e-09  6.23e-12    62s

Barrier solved model in 30 iterations and 62.07 seconds (55.61 work units)
Optimal objective 2.28196535e+10


Gurobi 12.0.1 (linux64) logging started Wed Jan 21 22:15:30 2026

Set parameter LogFile to value "gurobi_cap_exp.log"
Gurobi Optimizer version 12.0.1 build v12.0.1rc0 (linux64 - "Debian GNU/Linux 12 (bookworm)")

CPU model: INTEL(R) XEON(R) PLATINUM 8581C CPU @ 2.30GHz, instruction set [SSE2|AVX|AVX2|AVX512]
Thread count: 8 physical cores, 16 logical processors, using up to 8 threads

Non-default parameters:
Method  2
BarConvTol  1e-06
Crossover  0
AggFill  0
PreDual  0
Seed  123
Threads  8

WLS license 2526863 - registered to TransitionZero
Optimize a model with 5764741 rows, 2610553 columns and 16170581 nonzeros
Model fingerprint: 0xaff8f0d0
Coefficient statistics:
  Matrix range     [4e-01, 6e+03]
  Objective range  [1e+00, 5e+05]
  Bounds range     [2e+10, 2e+10]
  RHS range        [2e+01, 1e+08]
Warning: Model contains large bounds
         Consider reformulating model or setting NumericFocus parameter
         to avoid numerical issues.
Presolve removed 3144978 rows and 236614 columns (presolve time = 5s)...
Presolve removed 3574478 rows and 236614 columns
Presolve time: 6.38s
Presolved: 2190263 rows, 2803439 columns, 10976168 nonzeros
Elapsed ordering time = 6s
Elapsed ordering time = 10s
Ordering time: 12.84s

Barrier statistics:
 Dense cols : 65
 AA' NZ     : 1.596e+07
 Factor NZ  : 8.598e+07 (roughly 2.7 GB of memory)
 Factor Ops : 2.946e+10 (less than 1 second per iteration)
 Threads    : 8

                  Objective                Residual
Iter       Primal          Dual         Primal    Dual     Compl     Time
   0   6.72252351e+14 -1.93717829e+14  1.05e+11 5.33e+02  1.18e+11    23s
   1   6.71030691e+14 -1.93891420e+14  1.03e+11 2.93e+04  1.16e+11    25s
   2   6.65062010e+14 -1.95486737e+14  9.43e+10 2.44e+04  1.02e+11    26s
   3   6.50708469e+14 -1.98891064e+14  7.39e+10 1.96e+04  8.04e+10    28s
   4   6.43125201e+14 -1.99149009e+14  7.27e+10 1.92e+04  7.87e+10    30s
   5   6.10493234e+14 -2.35782080e+14  4.73e+10 3.62e+03  4.23e+10    32s
   6   6.04890461e+14 -2.43034906e+14  1.71e+10 8.29e+02  1.54e+10    34s
   7   5.96326368e+14 -2.43099225e+14  1.52e+10 5.59e+02  1.36e+10    36s
   8   5.38478678e+14 -2.45226722e+14  6.45e+09 2.81e+02  6.27e+09    37s
   9   5.07273906e+14 -2.43470111e+14  5.43e+09 7.04e+01  5.24e+09    39s
  10   4.87300872e+14 -2.39743083e+14  5.12e+09 2.63e+01  4.97e+09    40s
  11   2.18356218e+14 -2.25305761e+14  1.55e+09 2.38e+00  1.56e+09    41s
  12   8.83087528e+13 -2.10199924e+14  5.66e+08 1.00e+00  5.93e+08    42s
  13   4.93821641e+13 -1.90189805e+14  2.43e+08 3.78e-01  2.75e+08    44s
  14   2.56526523e+13 -1.64633578e+14  7.50e+07 1.42e-01  1.10e+08    45s
  15   1.15413818e+13 -1.26346982e+14  1.89e+07 2.59e-02  4.87e+07    46s
  16   6.48951265e+12 -9.57060728e+13  3.97e+06 2.80e-03  2.76e+07    47s
  17   4.59725685e+12 -7.06923289e+13  2.30e+06 2.51e-03  1.82e+07    48s
  18   3.32462508e+12 -5.70352057e+13  1.35e+06 2.41e-03  1.35e+07    49s
  19   2.41693776e+12 -4.85877049e+13  7.47e+05 2.07e-03  1.07e+07    51s
  20   1.82991597e+12 -2.98257163e+13  2.52e+05 1.35e-03  6.24e+06    52s
  21   8.56545164e+11 -1.40568033e+13  2.22e+04 5.77e-04  2.84e+06    53s
  22   3.13885402e+11 -5.73811777e+12  1.30e+03 2.29e-04  1.15e+06    55s
  23   3.07789500e+11 -3.31114564e+12  1.27e+03 1.42e-04  6.86e+05    57s
  24   1.81530994e+11 -5.90124897e+11  6.24e+02 2.70e-05  1.46e+05    58s
  25   9.50844257e+10 -3.15170711e+11  2.71e+02 1.40e-05  7.78e+04    59s
  26   9.28772790e+10 -2.14896580e+11  2.62e+02 9.55e-06  5.84e+04    60s
  27   7.99922374e+10 -1.31219880e+11  2.12e+02 5.99e-06  4.00e+04    62s
  28   7.46445584e+10 -4.71496252e+10  1.93e+02 2.23e-06  2.31e+04    63s
  29   6.19896073e+10 -2.27565773e+10  1.50e+02 1.33e-06  1.61e+04    65s
  30   5.55226126e+10 -1.03854569e+10  1.30e+02 8.99e-07  1.25e+04    67s
  31   4.79454704e+10  1.49595159e+09  1.04e+02 5.57e-07  8.81e+03    69s
  32   4.55794222e+10  6.77352486e+09  9.50e+01 3.78e-07  7.36e+03    71s
  33   4.13588346e+10  8.64043882e+09  7.90e+01 3.32e-07  6.20e+03    74s
  34   3.86141190e+10  1.18242432e+10  6.71e+01 2.63e-07  5.08e+03    76s
  35   3.82295223e+10  1.34775761e+10  6.53e+01 2.29e-07  4.69e+03    78s
  36   3.54870672e+10  1.67958229e+10  5.32e+01 1.45e-07  3.54e+03    80s
  37   3.38057991e+10  1.81951537e+10  4.60e+01 1.19e-07  2.96e+03    83s
  38   3.19588887e+10  1.89744182e+10  3.77e+01 1.04e-07  2.46e+03    85s
  39   3.14036178e+10  2.01679814e+10  3.52e+01 7.88e-08  2.13e+03    88s
  40   3.04830755e+10  2.09972943e+10  3.07e+01 6.28e-08  1.80e+03    90s
  41   2.83395266e+10  2.16499653e+10  2.01e+01 4.75e-08  1.27e+03    92s
  42   2.79027375e+10  2.25026809e+10  1.81e+01 3.23e-08  1.02e+03    95s
  43   2.76612041e+10  2.27430112e+10  1.69e+01 2.84e-08  9.33e+02    97s
  44   2.67815575e+10  2.39057444e+10  1.25e+01 2.04e-08  5.45e+02    99s
  45   2.61811687e+10  2.41890453e+10  9.52e+00 8.85e-09  3.78e+02   102s
  46   2.58677168e+10  2.43068364e+10  8.20e+00 3.20e-09  2.96e+02   104s
  47   2.53350783e+10  2.43795249e+10  5.18e+00 1.64e-09  1.81e+02   106s
  48   2.51429789e+10  2.44101240e+10  4.13e+00 2.10e-09  1.39e+02   108s
  49   2.49634468e+10  2.44444336e+10  2.97e+00 1.60e-09  9.84e+01   109s
  50   2.48435644e+10  2.44481596e+10  2.21e+00 1.60e-09  7.50e+01   110s
  51   2.48021965e+10  2.44499633e+10  1.95e+00 1.91e-09  6.68e+01   111s
  52   2.47671138e+10  2.44540497e+10  1.72e+00 1.22e-09  5.94e+01   113s
  53   2.47463169e+10  2.44547619e+10  1.60e+00 1.22e-09  5.53e+01   114s
  54   2.47082736e+10  2.44599095e+10  1.35e+00 1.46e-09  4.71e+01   115s
  55   2.46712575e+10  2.44638612e+10  1.12e+00 1.21e-09  3.93e+01   116s
  56   2.46632460e+10  2.44651472e+10  1.07e+00 1.59e-09  3.76e+01   117s
  57   2.46308062e+10  2.44672131e+10  8.64e-01 2.24e-09  3.10e+01   119s
  58   2.46214832e+10  2.44684707e+10  8.06e-01 2.49e-09  2.90e+01   120s
  59   2.45905184e+10  2.44744148e+10  6.11e-01 1.86e-09  2.20e+01   121s
  60   2.45620198e+10  2.44764852e+10  4.40e-01 9.31e-10  1.62e+01   123s
  61   2.45375542e+10  2.44798581e+10  2.88e-01 1.60e-09  1.09e+01   126s
  62   2.45214490e+10  2.44811097e+10  2.00e-01 5.65e-09  7.65e+00   128s
  63   2.45096058e+10  2.44838934e+10  1.33e-01 6.82e-08  4.88e+00   131s
  64   2.45047899e+10  2.44852460e+10  1.03e-01 1.17e-07  3.71e+00   133s
  65   2.45028672e+10  2.44863524e+10  9.13e-02 1.25e-07  3.13e+00   135s
  66   2.44993526e+10  2.44874044e+10  7.00e-02 5.68e-08  2.27e+00   137s
  67   2.44973621e+10  2.44878561e+10  5.76e-02 1.31e-07  1.80e+00   139s
  68   2.44950276e+10  2.44881821e+10  4.29e-02 8.06e-08  1.30e+00   141s
  69   2.44936039e+10  2.44882759e+10  3.43e-02 1.22e-07  1.01e+00   143s
  70   2.44923250e+10  2.44883503e+10  2.57e-02 1.25e-07  7.54e-01   144s
  71   2.44920574e+10  2.44883634e+10  2.41e-02 1.26e-07  7.00e-01   146s
  72   2.44909758e+10  2.44885442e+10  1.61e-02 1.33e-07  4.61e-01   147s
  73   2.44905560e+10  2.44886570e+10  1.35e-02 1.39e-07  3.60e-01   149s
  74   2.44896569e+10  2.44886864e+10  7.37e-03 1.52e-07  1.84e-01   150s
  75   2.44895218e+10  2.44887370e+10  6.21e-03 1.25e-07  1.49e-01   151s
  76   2.44889103e+10  2.44887571e+10  1.04e-03 7.72e-08  2.90e-02   153s
  77   2.44887754e+10  2.44887707e+10  5.73e-06 2.44e-07  8.99e-04   154s
  78   2.44887730e+10  2.44887730e+10  7.03e-06 3.13e-10  9.45e-07   155s

Barrier solved model in 78 iterations and 155.33 seconds (150.86 work units)
Optimal objective 2.44887730e+10


Gurobi 12.0.1 (linux64) logging started Wed Jan 21 22:33:09 2026

Set parameter LogFile to value "gurobi_cap_exp.log"
Gurobi Optimizer version 12.0.1 build v12.0.1rc0 (linux64 - "Debian GNU/Linux 12 (bookworm)")

CPU model: INTEL(R) XEON(R) PLATINUM 8581C CPU @ 2.30GHz, instruction set [SSE2|AVX|AVX2|AVX512]
Thread count: 8 physical cores, 16 logical processors, using up to 8 threads

Non-default parameters:
Method  2
BarConvTol  1e-06
Crossover  0
AggFill  0
PreDual  0
Seed  123
Threads  8

WLS license 2526863 - registered to TransitionZero
Optimize a model with 5764741 rows, 2610553 columns and 16097975 nonzeros
Model fingerprint: 0x73a436cd
Coefficient statistics:
  Matrix range     [1e-02, 6e+03]
  Objective range  [1e+00, 5e+05]
  Bounds range     [2e+10, 2e+10]
  RHS range        [4e+00, 1e+08]
Warning: Model contains large bounds
         Consider reformulating model or setting NumericFocus parameter
         to avoid numerical issues.
Presolve removed 3227604 rows and 390000 columns (presolve time = 5s)...
Presolve removed 3243187 rows and 405583 columns (presolve time = 10s)...
Presolve removed 3672687 rows and 405583 columns
Presolve time: 12.84s
Presolved: 2092054 rows, 2634470 columns, 10299138 nonzeros
Elapsed ordering time = 6s
Elapsed ordering time = 10s
Ordering time: 12.82s

Barrier statistics:
 Dense cols : 62
 AA' NZ     : 1.559e+07
 Factor NZ  : 8.549e+07 (roughly 2.6 GB of memory)
 Factor Ops : 2.954e+10 (less than 1 second per iteration)
 Threads    : 8

                  Objective                Residual
Iter       Primal          Dual         Primal    Dual     Compl     Time
   0   1.29496139e+16 -1.32257689e+15  8.70e+10 6.32e+02  1.96e+12    30s
   1   1.29439197e+16 -1.32537274e+15  8.56e+10 2.77e+05  1.92e+12    31s
   2   1.29325618e+16 -1.42648965e+15  8.29e+10 1.86e+05  1.72e+12    32s
   3   1.29125961e+16 -1.45540876e+15  6.31e+10 1.55e+05  1.34e+12    34s
   4   1.26653659e+16 -1.48292727e+15  5.33e+10 1.27e+05  1.14e+12    36s
   5   1.18751915e+16 -1.52655650e+15  1.10e+10 7.94e+04  3.51e+11    37s
   6   1.13050531e+16 -1.48761508e+15  2.11e+09 2.68e+04  9.54e+10    40s
   7   1.12624171e+16 -1.39346406e+15  2.03e+09 1.44e+04  6.81e+10    41s
   8   1.06973708e+16 -1.28061739e+15  1.37e+09 6.72e+03  4.07e+10    43s
   9   8.85644322e+15 -1.13486801e+15  5.09e+08 2.57e+03  1.61e+10    44s
  10   7.44635650e+15 -9.84322013e+14  3.70e+08 1.44e+03  1.12e+10    45s
  11   5.69540205e+15 -8.30003329e+14  2.47e+08 6.09e+02  7.06e+09    46s
  12   3.41054856e+15 -7.37832356e+14  1.37e+08 3.40e+02  3.92e+09    47s
  13   1.72358895e+15 -5.39476577e+14  6.36e+07 6.13e+01  1.78e+09    48s
  14   8.36982898e+14 -4.70227846e+14  2.88e+07 3.75e+01  8.59e+08    49s
  15   6.28153412e+14 -3.81575978e+14  2.11e+07 2.09e+01  6.18e+08    50s
  16   3.46976311e+14 -2.97959246e+14  1.13e+07 1.05e+01  3.39e+08    52s
  17   2.08436640e+14 -2.63411439e+14  6.49e+06 7.63e+00  2.12e+08    53s
  18   1.31770645e+14 -2.32694666e+14  3.92e+06 5.78e+00  1.41e+08    54s
  19   4.66871854e+13 -1.83801403e+14  1.10e+06 3.43e+00  6.47e+07    55s
  20   1.85051355e+13 -1.60331774e+14  3.30e+05 2.67e+00  4.17e+07    56s
  21   6.38676926e+12 -1.13739901e+14  6.77e+04 1.38e+00  2.55e+07    58s
  22   2.41104234e+12 -2.42654334e+13  1.27e+04 6.48e-04  5.50e+06    60s
  23   7.17627627e+11 -4.43204971e+12  1.78e+03 1.13e-04  1.05e+06    61s
  24   5.05454080e+11 -2.49304946e+12  9.83e+02 6.35e-05  6.09e+05    62s
  25   3.32725925e+11 -1.64555334e+12  4.18e+02 4.20e-05  4.01e+05    63s
  26   2.58967213e+11 -1.19706896e+12  2.25e+02 3.09e-05  2.95e+05    64s
  27   1.69893550e+11 -7.74236347e+11  5.47e+01 2.09e-05  1.91e+05    66s
  28   1.16179032e+11 -2.96207239e+11  2.97e+01 7.84e-06  8.36e+04    68s
  29   8.48585888e+10 -2.20926325e+11  1.65e+01 6.02e-06  6.20e+04    69s
  30   7.75082392e+10 -1.43633364e+11  1.37e+01 4.17e-06  4.48e+04    70s
  31   7.01430907e+10 -6.98581181e+10  1.11e+01 2.41e-06  2.84e+04    71s
  32   6.86418250e+10 -5.25080956e+10  1.06e+01 1.99e-06  2.45e+04    72s
  33   5.69903842e+10 -2.86227173e+10  6.82e+00 1.39e-06  1.73e+04    74s
  34   5.36079533e+10 -1.82120489e+10  5.85e+00 1.17e-06  1.46e+04    76s
  35   5.12975134e+10 -4.37613167e+09  5.16e+00 8.62e-07  1.13e+04    78s
  36   4.87956294e+10  4.39135033e+09  4.37e+00 6.68e-07  9.00e+03    80s
  37   4.59618562e+10  8.98963903e+09  3.47e+00 5.66e-07  7.49e+03    83s
  38   4.50226637e+10  1.20883099e+10  3.17e+00 5.00e-07  6.67e+03    85s
  39   4.32011716e+10  1.46786398e+10  2.61e+00 4.44e-07  5.78e+03    87s
  40   4.23682939e+10  1.72515133e+10  2.34e+00 3.88e-07  5.09e+03    89s
  41   4.11525561e+10  2.07219144e+10  1.96e+00 3.11e-07  4.14e+03    92s
  42   4.00854148e+10  2.30833007e+10  1.62e+00 2.60e-07  3.44e+03    94s
  43   3.94532874e+10  2.38749218e+10  1.40e+00 2.43e-07  3.16e+03    96s
  44   3.92515316e+10  2.57328317e+10  1.33e+00 2.05e-07  2.74e+03    98s
  45   3.88160348e+10  2.72012128e+10  1.12e+00 1.78e-07  2.35e+03   101s
  46   3.87355959e+10  2.81030110e+10  1.09e+00 1.60e-07  2.15e+03   102s
  47   3.81923448e+10  3.01554339e+10  8.49e-01 1.19e-07  1.63e+03   104s
  48   3.77259641e+10  3.09605365e+10  6.50e-01 1.02e-07  1.37e+03   106s
  49   3.74943319e+10  3.22614517e+10  5.62e-01 7.67e-08  1.06e+03   109s
  50   3.72904911e+10  3.25145472e+10  4.85e-01 6.73e-08  9.68e+02   111s
  51   3.70459697e+10  3.28750039e+10  3.83e-01 6.04e-08  8.45e+02   113s
  52   3.68887978e+10  3.34332707e+10  3.18e-01 5.02e-08  7.00e+02   115s
  53   3.67835112e+10  3.36676009e+10  2.77e-01 4.56e-08  6.31e+02   118s
  54   3.66683157e+10  3.40040185e+10  2.33e-01 3.91e-08  5.40e+02   120s
  55   3.65971358e+10  3.41579338e+10  2.07e-01 3.62e-08  4.94e+02   122s
  56   3.65839133e+10  3.42851856e+10  2.02e-01 3.37e-08  4.66e+02   124s
  57   3.65251575e+10  3.44319618e+10  1.80e-01 3.07e-08  4.24e+02   126s
  58   3.64337505e+10  3.47388122e+10  1.47e-01 2.47e-08  3.43e+02   128s
  59   3.63990471e+10  3.49147128e+10  1.35e-01 2.13e-08  3.01e+02   131s
  60   3.63019424e+10  3.50807024e+10  1.03e-01 2.33e-08  2.47e+02   133s
  61   3.62506359e+10  3.52555422e+10  8.64e-02 4.33e-08  2.02e+02   135s
  62   3.62123165e+10  3.54008307e+10  7.48e-02 3.59e-08  1.64e+02   137s
  63   3.61932422e+10  3.54683697e+10  6.93e-02 4.63e-08  1.47e+02   140s
  64   3.61445558e+10  3.55245077e+10  5.48e-02 4.47e-08  1.26e+02   142s
  65   3.61269878e+10  3.56109418e+10  4.96e-02 3.17e-08  1.05e+02   144s
  66   3.61042689e+10  3.56599648e+10  4.31e-02 2.10e-08  9.00e+01   146s
  67   3.60645563e+10  3.57020080e+10  3.20e-02 3.82e-08  7.34e+01   149s
  68   3.60524585e+10  3.57452644e+10  2.87e-02 4.66e-08  6.22e+01   151s
  69   3.60375260e+10  3.57663312e+10  2.48e-02 5.03e-08  5.49e+01   153s
  70   3.60325716e+10  3.57760572e+10  2.35e-02 5.91e-08  5.20e+01   156s
  71   3.60219458e+10  3.57926311e+10  2.06e-02 7.08e-08  4.65e+01   158s
  72   3.60065125e+10  3.58190479e+10  1.66e-02 7.78e-08  3.80e+01   160s
  73   3.59957619e+10  3.58511219e+10  1.38e-02 2.47e-08  2.93e+01   162s
  74   3.59898958e+10  3.58625462e+10  1.24e-02 6.31e-08  2.58e+01   165s
  75   3.59844433e+10  3.58756410e+10  1.10e-02 1.17e-07  2.20e+01   167s
  76   3.59787474e+10  3.58809123e+10  9.64e-03 8.48e-08  1.98e+01   169s
  77   3.59726517e+10  3.58901642e+10  8.15e-03 7.26e-08  1.67e+01   172s
  78   3.59680988e+10  3.58979013e+10  7.07e-03 1.08e-07  1.42e+01   174s
  79   3.59619238e+10  3.59017026e+10  5.71e-03 9.92e-08  1.22e+01   176s
  80   3.59592968e+10  3.59081258e+10  5.11e-03 6.98e-08  1.04e+01   179s
  81   3.59558208e+10  3.59113331e+10  5.23e-03 9.73e-08  9.01e+00   181s
  82   3.59549897e+10  3.59147008e+10  4.99e-03 9.22e-08  8.16e+00   183s
  83   3.59520379e+10  3.59181842e+10  4.58e-03 8.43e-08  6.86e+00   186s
  84   3.59511835e+10  3.59201733e+10  4.50e-03 1.27e-07  6.28e+00   187s
  85   3.59488984e+10  3.59207937e+10  4.30e-03 1.07e-07  5.69e+00   190s
  86   3.59478226e+10  3.59232226e+10  3.91e-03 1.02e-07  4.98e+00   192s
  87   3.59465880e+10  3.59240266e+10  3.50e-03 1.00e-07  4.57e+00   195s
  88   3.59455671e+10  3.59265929e+10  3.10e-03 7.31e-08  3.84e+00   197s
  89   3.59442644e+10  3.59280943e+10  2.56e-03 5.22e-08  3.28e+00   200s
  90   3.59430282e+10  3.59295127e+10  2.08e-03 4.63e-08  2.74e+00   202s
  91   3.59423657e+10  3.59306076e+10  1.83e-03 8.34e-08  2.38e+00   205s
  92   3.59416380e+10  3.59316893e+10  1.57e-03 5.82e-08  2.02e+00   207s
  93   3.59409354e+10  3.59328594e+10  1.32e-03 1.06e-07  1.64e+00   210s
  94   3.59401628e+10  3.59335353e+10  1.00e-03 8.75e-08  1.34e+00   212s
  95   3.59396417e+10  3.59339232e+10  8.21e-04 1.13e-07  1.16e+00   215s
  96   3.59392990e+10  3.59346740e+10  6.89e-04 7.59e-08  9.37e-01   217s
  97   3.59390561e+10  3.59351734e+10  6.00e-04 4.84e-08  7.87e-01   220s
  98   3.59386835e+10  3.59356505e+10  4.64e-04 2.05e-08  6.15e-01   222s
  99   3.59383768e+10  3.59361684e+10  3.73e-04 3.54e-07  4.47e-01   224s
 100   3.59381592e+10  3.59363314e+10  2.92e-04 3.14e-07  3.70e-01   227s
 101   3.59379520e+10  3.59365223e+10  2.15e-04 2.40e-07  2.90e-01   229s
 102   3.59377870e+10  3.59366836e+10  1.68e-04 2.92e-07  2.24e-01   231s
 103   3.59376819e+10  3.59369157e+10  1.26e-04 1.81e-07  1.55e-01   234s
 104   3.59375850e+10  3.59370476e+10  9.41e-05 1.55e-07  1.09e-01   236s
 105   3.59375167e+10  3.59371428e+10  6.80e-05 8.94e-08  7.58e-02   239s
 106   3.59374604e+10  3.59372079e+10  4.60e-05 5.77e-08  5.12e-02   242s
 107   3.59374153e+10  3.59372433e+10  2.84e-05 6.10e-08  3.48e-02   246s
 108   3.59373982e+10  3.59372687e+10  2.17e-05 3.40e-08  2.62e-02   248s
 109   3.59373883e+10  3.59372918e+10  1.79e-05 3.40e-08  1.96e-02   251s
 110   3.59373748e+10  3.59372942e+10  1.30e-05 3.03e-08  1.63e-02   253s
 111   3.59373681e+10  3.59373002e+10  1.05e-05 3.07e-08  1.38e-02   256s
 112   3.59373609e+10  3.59373155e+10  7.79e-06 1.72e-08  9.20e-03   259s

Barrier solved model in 112 iterations and 259.14 seconds (272.09 work units)
Optimal objective 3.59373609e+10


Gurobi 12.0.1 (linux64) logging started Thu Jan 22 10:26:46 2026

Set parameter LogFile to value "gurobi_cap_exp.log"
Gurobi Optimizer version 12.0.1 build v12.0.1rc0 (linux64 - "Debian GNU/Linux 12 (bookworm)")

CPU model: INTEL(R) XEON(R) PLATINUM 8581C CPU @ 2.30GHz, instruction set [SSE2|AVX|AVX2|AVX512]
Thread count: 8 physical cores, 16 logical processors, using up to 8 threads

Non-default parameters:
Method  2
BarConvTol  1e-06
Crossover  0
AggFill  0
PreDual  0
Seed  123
Threads  8

WLS license 2526863 - registered to TransitionZero
Optimize a model with 5764741 rows, 2610553 columns and 16097975 nonzeros
Model fingerprint: 0xa6313d00
Coefficient statistics:
  Matrix range     [1e-02, 6e+03]
  Objective range  [1e+00, 5e+05]
  Bounds range     [2e+10, 2e+10]
  RHS range        [4e+00, 1e+08]
Warning: Model contains large bounds
         Consider reformulating model or setting NumericFocus parameter
         to avoid numerical issues.
Presolve removed 3227604 rows and 390000 columns (presolve time = 5s)...
Presolve removed 3243187 rows and 405583 columns (presolve time = 10s)...
Presolve removed 3672687 rows and 405583 columns
Presolve time: 12.60s
Presolved: 2092054 rows, 2634470 columns, 10299138 nonzeros
Elapsed ordering time = 6s
Elapsed ordering time = 10s
Ordering time: 13.02s

Barrier statistics:
 Dense cols : 62
 AA' NZ     : 1.559e+07
 Factor NZ  : 8.549e+07 (roughly 2.6 GB of memory)
 Factor Ops : 2.954e+10 (less than 1 second per iteration)
 Threads    : 8

                  Objective                Residual
Iter       Primal          Dual         Primal    Dual     Compl     Time
   0   1.29496139e+16 -1.32257689e+15  8.70e+10 6.32e+02  1.96e+12    30s
   1   1.29439197e+16 -1.32537274e+15  8.56e+10 2.77e+05  1.92e+12    31s
   2   1.29325618e+16 -1.42648965e+15  8.29e+10 1.86e+05  1.72e+12    32s
   3   1.29125961e+16 -1.45540876e+15  6.31e+10 1.55e+05  1.34e+12    34s
   4   1.26653659e+16 -1.48292727e+15  5.33e+10 1.27e+05  1.14e+12    36s
   5   1.18751915e+16 -1.52655650e+15  1.10e+10 7.94e+04  3.51e+11    37s
   6   1.13050531e+16 -1.48761508e+15  2.11e+09 2.68e+04  9.54e+10    40s
   7   1.12624171e+16 -1.39346406e+15  2.03e+09 1.44e+04  6.81e+10    41s
   8   1.06973708e+16 -1.28061739e+15  1.37e+09 6.72e+03  4.07e+10    43s
   9   8.85644322e+15 -1.13486801e+15  5.09e+08 2.57e+03  1.61e+10    44s
  10   7.44635650e+15 -9.84322013e+14  3.70e+08 1.44e+03  1.12e+10    45s
  11   5.69540205e+15 -8.30003329e+14  2.47e+08 6.09e+02  7.06e+09    46s
  12   3.41054856e+15 -7.37832356e+14  1.37e+08 3.40e+02  3.92e+09    47s
  13   1.72358895e+15 -5.39476577e+14  6.36e+07 6.13e+01  1.78e+09    48s
  14   8.36982898e+14 -4.70227846e+14  2.88e+07 3.75e+01  8.59e+08    50s
  15   6.28153412e+14 -3.81575978e+14  2.11e+07 2.09e+01  6.18e+08    51s
  16   3.46976311e+14 -2.97959246e+14  1.13e+07 1.05e+01  3.39e+08    52s
  17   2.08436640e+14 -2.63411439e+14  6.49e+06 7.63e+00  2.12e+08    53s
  18   1.31770645e+14 -2.32694666e+14  3.92e+06 5.78e+00  1.41e+08    54s
  19   4.66871854e+13 -1.83801403e+14  1.10e+06 3.43e+00  6.47e+07    56s
  20   1.85051355e+13 -1.60331774e+14  3.30e+05 2.67e+00  4.17e+07    57s
  21   6.38676926e+12 -1.13739901e+14  6.77e+04 1.38e+00  2.55e+07    58s
  22   2.41104240e+12 -2.42654334e+13  1.27e+04 7.00e-04  5.50e+06    60s
  23   7.17627638e+11 -4.43204970e+12  1.78e+03 1.21e-04  1.05e+06    61s
  24   5.05454085e+11 -2.49304945e+12  9.83e+02 6.79e-05  6.09e+05    63s
  25   3.32725927e+11 -1.64555334e+12  4.18e+02 4.50e-05  4.01e+05    64s
  26   2.58967214e+11 -1.19706895e+12  2.25e+02 3.31e-05  2.95e+05    65s
  27   1.69893554e+11 -7.74236332e+11  5.47e+01 2.24e-05  1.91e+05    66s
  28   1.16179053e+11 -2.96207372e+11  2.97e+01 8.39e-06  8.36e+04    68s
  29   8.48585814e+10 -2.20926368e+11  1.65e+01 6.44e-06  6.20e+04    70s
  30   7.75082376e+10 -1.43633437e+11  1.37e+01 4.46e-06  4.48e+04    71s
  31   7.01430842e+10 -6.98581395e+10  1.11e+01 2.58e-06  2.84e+04    72s
  32   6.86418410e+10 -5.25081106e+10  1.06e+01 2.13e-06  2.45e+04    73s
  33   5.69903841e+10 -2.86226773e+10  6.82e+00 1.49e-06  1.73e+04    75s
  34   5.36079580e+10 -1.82120295e+10  5.85e+00 1.25e-06  1.46e+04    76s
  35   5.12975069e+10 -4.37611811e+09  5.16e+00 9.23e-07  1.13e+04    79s
  36   4.87956246e+10  4.39136083e+09  4.37e+00 7.15e-07  9.00e+03    81s
  37   4.59618555e+10  8.98967395e+09  3.47e+00 6.06e-07  7.49e+03    83s
  38   4.50226630e+10  1.20883317e+10  3.17e+00 5.35e-07  6.67e+03    86s
  39   4.32011734e+10  1.46786457e+10  2.61e+00 4.75e-07  5.78e+03    88s
  40   4.23682317e+10  1.72520753e+10  2.34e+00 4.16e-07  5.09e+03    90s
  41   4.11527035e+10  2.07219399e+10  1.96e+00 3.33e-07  4.14e+03    93s
  42   4.00854510e+10  2.30834190e+10  1.62e+00 2.79e-07  3.44e+03    95s
  43   3.94541468e+10  2.38748962e+10  1.40e+00 2.60e-07  3.16e+03    97s
  44   3.92838135e+10  2.57313527e+10  1.34e+00 2.19e-07  2.75e+03    99s
  45   3.89830046e+10  2.71149790e+10  1.19e+00 1.91e-07  2.40e+03   102s
  46   3.85617099e+10  3.00169852e+10  1.00e+00 1.28e-07  1.73e+03   104s
  47   3.81725814e+10  3.06857364e+10  8.41e-01 1.14e-07  1.52e+03   106s
  48   3.78380771e+10  3.19934869e+10  7.02e-01 8.62e-08  1.18e+03   108s
  49   3.75741661e+10  3.24593929e+10  6.01e-01 7.52e-08  1.04e+03   111s
  50   3.74398383e+10  3.29092571e+10  5.45e-01 6.54e-08  9.18e+02   112s
  51   3.74290123e+10  3.31389012e+10  5.41e-01 6.07e-08  8.69e+02   114s
  52   3.71429858e+10  3.34878147e+10  4.31e-01 5.38e-08  7.41e+02   116s
  53   3.69383694e+10  3.38334189e+10  3.50e-01 4.67e-08  6.29e+02   118s
  54   3.67811035e+10  3.41455650e+10  2.88e-01 3.98e-08  5.34e+02   121s
  55   3.67018996e+10  3.42451924e+10  2.58e-01 3.77e-08  4.98e+02   123s
  56   3.66405474e+10  3.44148414e+10  2.34e-01 3.42e-08  4.51e+02   125s
  57   3.65562158e+10  3.46160900e+10  2.04e-01 3.00e-08  3.93e+02   128s
  58   3.65207608e+10  3.48463500e+10  1.91e-01 2.51e-08  3.39e+02   130s
  59   3.64470882e+10  3.49315603e+10  1.63e-01 2.37e-08  3.07e+02   132s
  60   3.64002756e+10  3.50591046e+10  1.46e-01 2.04e-08  2.72e+02   134s
  61   3.63055496e+10  3.51390557e+10  1.12e-01 2.51e-08  2.36e+02   137s
  62   3.62483742e+10  3.52548718e+10  9.27e-02 1.59e-08  2.01e+02   139s
  63   3.62190561e+10  3.54687339e+10  8.34e-02 5.63e-08  1.52e+02   141s
  64   3.62102668e+10  3.55014903e+10  8.04e-02 5.91e-08  1.44e+02   144s
  65   3.61658359e+10  3.55746570e+10  6.62e-02 6.98e-08  1.20e+02   146s
  66   3.61517665e+10  3.56322218e+10  6.17e-02 5.59e-08  1.05e+02   149s
  67   3.60920812e+10  3.56726651e+10  4.28e-02 3.91e-08  8.50e+01   151s
  68   3.60700246e+10  3.57272571e+10  3.62e-02 7.50e-08  6.94e+01   153s
  69   3.60514550e+10  3.57503165e+10  3.08e-02 5.91e-08  6.10e+01   156s
  70   3.60460089e+10  3.57621788e+10  2.92e-02 5.45e-08  5.75e+01   158s
  71   3.60334087e+10  3.57779394e+10  2.56e-02 5.22e-08  5.18e+01   160s
  72   3.60235885e+10  3.57969690e+10  2.29e-02 3.45e-08  4.59e+01   162s
  73   3.60162268e+10  3.58194241e+10  2.07e-02 2.05e-08  3.99e+01   165s
  74   3.60039700e+10  3.58375657e+10  1.73e-02 2.65e-08  3.37e+01   167s
  75   3.59926129e+10  3.58518959e+10  1.42e-02 3.73e-08  2.85e+01   169s
  76   3.59909819e+10  3.58539764e+10  1.38e-02 2.84e-08  2.78e+01   171s
  77   3.59843386e+10  3.58642677e+10  1.19e-02 7.03e-08  2.43e+01   174s
  78   3.59772937e+10  3.58737010e+10  1.00e-02 3.68e-08  2.10e+01   176s
  79   3.59708041e+10  3.58858551e+10  8.27e-03 2.70e-08  1.72e+01   179s
  80   3.59645837e+10  3.58921477e+10  6.65e-03 2.33e-08  1.47e+01   181s
  81   3.59641251e+10  3.58943356e+10  6.53e-03 1.82e-08  1.41e+01   183s
  82   3.59600975e+10  3.58950952e+10  5.50e-03 2.19e-08  1.32e+01   186s
  83   3.59588714e+10  3.59016246e+10  5.19e-03 1.63e-08  1.16e+01   188s
  84   3.59546023e+10  3.59071152e+10  4.10e-03 2.19e-08  9.62e+00   191s
  85   3.59519078e+10  3.59099574e+10  3.41e-03 1.14e-08  8.50e+00   193s
  86   3.59493930e+10  3.59155287e+10  2.79e-03 1.77e-08  6.86e+00   196s
  87   3.59474693e+10  3.59184677e+10  2.32e-03 7.92e-09  5.88e+00   198s
  88   3.59462277e+10  3.59205275e+10  2.03e-03 3.35e-08  5.21e+00   201s
  89   3.59452442e+10  3.59230987e+10  1.79e-03 3.21e-08  4.49e+00   203s
  90   3.59449670e+10  3.59235186e+10  1.73e-03 2.89e-08  4.35e+00   206s
  91   3.59435175e+10  3.59255459e+10  1.38e-03 1.77e-08  3.64e+00   208s
  92   3.59426203e+10  3.59279671e+10  1.17e-03 2.79e-08  2.97e+00   211s
  93   3.59417606e+10  3.59291303e+10  9.67e-04 1.91e-08  2.56e+00   213s
  94   3.59412701e+10  3.59307523e+10  8.56e-04 1.44e-08  2.13e+00   216s
  95   3.59408946e+10  3.59312843e+10  7.72e-04 2.33e-08  1.95e+00   219s
  96   3.59401565e+10  3.59323776e+10  6.02e-04 2.28e-08  1.58e+00   221s
  97   3.59394775e+10  3.59337828e+10  4.52e-04 1.58e-08  1.15e+00   224s
  98   3.59390553e+10  3.59342313e+10  3.60e-04 2.93e-08  9.77e-01   226s
  99   3.59386217e+10  3.59352025e+10  2.66e-04 3.03e-08  6.93e-01   229s
 100   3.59385485e+10  3.59355117e+10  2.51e-04 4.33e-08  6.15e-01   231s
 101   3.59383893e+10  3.59356856e+10  2.18e-04 3.63e-08  5.48e-01   233s
 102   3.59383497e+10  3.59357752e+10  2.10e-04 2.33e-08  5.22e-01   236s
 103   3.59381475e+10  3.59361297e+10  1.67e-04 3.73e-08  4.09e-01   238s
 104   3.59379507e+10  3.59364182e+10  1.25e-04 3.45e-08  3.10e-01   240s
 105   3.59377919e+10  3.59366251e+10  9.21e-05 2.50e-07  2.36e-01   243s
 106   3.59376487e+10  3.59368820e+10  6.21e-05 1.42e-07  1.55e-01   245s
 107   3.59375564e+10  3.59370008e+10  4.32e-05 1.19e-07  1.13e-01   248s
 108   3.59374911e+10  3.59371018e+10  3.02e-05 7.31e-08  7.89e-02   251s
 109   3.59374469e+10  3.59371873e+10  2.10e-05 6.24e-08  5.26e-02   253s
 110   3.59374161e+10  3.59372255e+10  1.48e-05 4.19e-08  3.86e-02   257s
 111   3.59373905e+10  3.59372550e+10  9.80e-06 3.07e-08  2.75e-02   260s
 112   3.59373793e+10  3.59372812e+10  7.62e-06 1.96e-08  1.99e-02   263s
 113   3.59373686e+10  3.59372925e+10  5.69e-06 2.14e-08  1.54e-02   267s
 114   3.59373613e+10  3.59373021e+10  4.25e-06 1.54e-08  1.20e-02   271s
 115   3.59373568e+10  3.59373073e+10  3.28e-06 1.30e-08  1.00e-02   274s

Barrier solved model in 115 iterations and 274.49 seconds (282.12 work units)
Optimal objective 3.59373568e+10


Gurobi 12.0.1 (linux64) logging started Thu Jan 22 10:57:18 2026

Set parameter LogFile to value "gurobi_cap_exp.log"
Gurobi Optimizer version 12.0.1 build v12.0.1rc0 (linux64 - "Debian GNU/Linux 12 (bookworm)")

CPU model: INTEL(R) XEON(R) PLATINUM 8581C CPU @ 2.30GHz, instruction set [SSE2|AVX|AVX2|AVX512]
Thread count: 8 physical cores, 16 logical processors, using up to 8 threads

Non-default parameters:
Method  2
BarConvTol  1e-06
Crossover  0
AggFill  0
PreDual  0
Seed  123
Threads  8

WLS license 2526863 - registered to TransitionZero
Optimize a model with 5764741 rows, 2610553 columns and 16097975 nonzeros
Model fingerprint: 0x82d98f5a
Coefficient statistics:
  Matrix range     [1e-02, 6e+03]
  Objective range  [1e+00, 5e+05]
  Bounds range     [2e+10, 2e+10]
  RHS range        [4e+00, 1e+08]
Warning: Model contains large bounds
         Consider reformulating model or setting NumericFocus parameter
         to avoid numerical issues.
Presolve removed 3227604 rows and 390000 columns (presolve time = 5s)...
Presolve removed 3243187 rows and 405583 columns (presolve time = 10s)...
Presolve removed 3672687 rows and 405583 columns
Presolve time: 13.08s
Presolved: 2092054 rows, 2634470 columns, 10299138 nonzeros
Elapsed ordering time = 6s
Elapsed ordering time = 10s
Ordering time: 13.00s

Barrier statistics:
 Dense cols : 62
 AA' NZ     : 1.559e+07
 Factor NZ  : 8.549e+07 (roughly 2.6 GB of memory)
 Factor Ops : 2.954e+10 (less than 1 second per iteration)
 Threads    : 8

                  Objective                Residual
Iter       Primal          Dual         Primal    Dual     Compl     Time
   0   1.29496139e+16 -1.32257689e+15  8.70e+10 6.32e+02  1.96e+12    30s
   1   1.29439197e+16 -1.32537274e+15  8.56e+10 2.77e+05  1.92e+12    31s
   2   1.29325618e+16 -1.42648965e+15  8.29e+10 1.86e+05  1.72e+12    33s
   3   1.29125961e+16 -1.45540876e+15  6.31e+10 1.55e+05  1.34e+12    35s
   4   1.26653659e+16 -1.48292727e+15  5.33e+10 1.27e+05  1.14e+12    36s
   5   1.18751915e+16 -1.52655650e+15  1.10e+10 7.94e+04  3.51e+11    38s
   6   1.13050531e+16 -1.48761508e+15  2.11e+09 2.68e+04  9.54e+10    40s
   7   1.12624171e+16 -1.39346406e+15  2.03e+09 1.44e+04  6.81e+10    42s
   8   1.06973708e+16 -1.28061739e+15  1.37e+09 6.72e+03  4.07e+10    43s
   9   8.85644322e+15 -1.13486801e+15  5.09e+08 2.57e+03  1.61e+10    45s
  10   7.44635650e+15 -9.84322013e+14  3.70e+08 1.44e+03  1.12e+10    46s
  11   5.69540205e+15 -8.30003329e+14  2.47e+08 6.09e+02  7.06e+09    47s
  12   3.41054856e+15 -7.37832356e+14  1.37e+08 3.40e+02  3.92e+09    48s
  13   1.72358895e+15 -5.39476577e+14  6.36e+07 6.13e+01  1.78e+09    49s
  14   8.36982898e+14 -4.70227846e+14  2.88e+07 3.75e+01  8.59e+08    50s
  15   6.28153412e+14 -3.81575978e+14  2.11e+07 2.09e+01  6.18e+08    51s
  16   3.46976311e+14 -2.97959246e+14  1.13e+07 1.05e+01  3.39e+08    53s
  17   2.08436640e+14 -2.63411439e+14  6.49e+06 7.63e+00  2.12e+08    54s
  18   1.31770645e+14 -2.32694666e+14  3.92e+06 5.78e+00  1.41e+08    55s
  19   4.66871854e+13 -1.83801403e+14  1.10e+06 3.43e+00  6.47e+07    56s
  20   1.85051355e+13 -1.60331774e+14  3.30e+05 2.67e+00  4.17e+07    57s
  21   6.38676926e+12 -1.13739901e+14  6.77e+04 1.38e+00  2.55e+07    59s
  22   2.41104234e+12 -2.42654334e+13  1.27e+04 6.86e-04  5.50e+06    61s
  23   7.17627626e+11 -4.43204971e+12  1.78e+03 1.20e-04  1.05e+06    62s
  24   5.05454079e+11 -2.49304946e+12  9.83e+02 6.73e-05  6.09e+05    63s
  25   3.32725925e+11 -1.64555334e+12  4.18e+02 4.46e-05  4.01e+05    64s
  26   2.58967213e+11 -1.19706896e+12  2.25e+02 3.28e-05  2.95e+05    66s
  27   1.69893550e+11 -7.74236349e+11  5.47e+01 2.22e-05  1.91e+05    67s
  28   1.16179030e+11 -2.96207225e+11  2.97e+01 8.32e-06  8.36e+04    69s
  29   8.48585896e+10 -2.20926320e+11  1.65e+01 6.38e-06  6.20e+04    70s
  30   7.75082393e+10 -1.43633356e+11  1.37e+01 4.42e-06  4.48e+04    72s
  31   7.01430914e+10 -6.98581158e+10  1.11e+01 2.55e-06  2.84e+04    73s
  32   6.86418233e+10 -5.25080940e+10  1.06e+01 2.11e-06  2.45e+04    74s
  33   5.69903842e+10 -2.86227216e+10  6.82e+00 1.48e-06  1.73e+04    75s
  34   5.36079528e+10 -1.82120510e+10  5.85e+00 1.24e-06  1.46e+04    77s
  35   5.12975141e+10 -4.37613314e+09  5.16e+00 9.14e-07  1.13e+04    80s
  36   4.87956299e+10  4.39134920e+09  4.37e+00 7.09e-07  9.00e+03    82s
  37   4.59618563e+10  8.98963527e+09  3.47e+00 6.00e-07  7.49e+03    84s
  38   4.50226638e+10  1.20883076e+10  3.17e+00 5.30e-07  6.67e+03    87s
  39   4.32011714e+10  1.46786392e+10  2.61e+00 4.71e-07  5.78e+03    89s
  40   4.23683006e+10  1.72514519e+10  2.34e+00 4.12e-07  5.09e+03    91s
  41   4.11525400e+10  2.07219117e+10  1.96e+00 3.30e-07  4.14e+03    94s
  42   4.00854108e+10  2.30832878e+10  1.62e+00 2.76e-07  3.44e+03    96s
  43   3.94531937e+10  2.38749247e+10  1.40e+00 2.58e-07  3.16e+03    98s
  44   3.92513748e+10  2.57328470e+10  1.33e+00 2.17e-07  2.74e+03   101s
  45   3.88156296e+10  2.71964740e+10  1.12e+00 1.89e-07  2.35e+03   103s
  46   3.87348121e+10  2.81261408e+10  1.09e+00 1.69e-07  2.15e+03   105s
  47   3.81919787e+10  3.01598565e+10  8.49e-01 1.26e-07  1.63e+03   107s
  48   3.77269659e+10  3.09710099e+10  6.50e-01 1.07e-07  1.37e+03   109s
  49   3.75148697e+10  3.22731010e+10  5.71e-01 8.09e-08  1.06e+03   111s
  50   3.72955066e+10  3.25611633e+10  4.92e-01 6.99e-08  9.59e+02   114s
  51   3.72289915e+10  3.28379928e+10  4.64e-01 6.43e-08  8.90e+02   115s
  52   3.70269659e+10  3.34170221e+10  3.85e-01 5.30e-08  7.31e+02   117s
  53   3.69219811e+10  3.37954751e+10  3.45e-01 4.56e-08  6.33e+02   120s
  54   3.67226937e+10  3.40282159e+10  2.68e-01 4.07e-08  5.46e+02   122s
  55   3.66459003e+10  3.42265214e+10  2.39e-01 3.67e-08  4.90e+02   124s
  56   3.66320101e+10  3.44437879e+10  2.34e-01 3.22e-08  4.43e+02   126s
  57   3.65986992e+10  3.47210484e+10  2.21e-01 2.65e-08  3.80e+02   128s
  58   3.65088994e+10  3.48841585e+10  1.88e-01 2.31e-08  3.29e+02   130s
  59   3.64373600e+10  3.50115427e+10  1.63e-01 2.05e-08  2.89e+02   133s
  60   3.63476886e+10  3.51481908e+10  1.30e-01 2.14e-08  2.43e+02   135s
  61   3.62965282e+10  3.53103862e+10  1.13e-01 2.84e-08  2.00e+02   137s
  62   3.62301389e+10  3.54343603e+10  9.09e-02 2.37e-08  1.61e+02   140s
  63   3.62125656e+10  3.55207183e+10  8.53e-02 5.68e-08  1.40e+02   142s
  64   3.61789473e+10  3.55733908e+10  7.39e-02 5.59e-08  1.23e+02   144s
  65   3.61519110e+10  3.56282003e+10  6.52e-02 3.07e-08  1.06e+02   147s
  66   3.61159997e+10  3.56938058e+10  5.34e-02 2.00e-08  8.55e+01   149s
  67   3.60943337e+10  3.57497128e+10  4.66e-02 5.08e-08  6.98e+01   151s
  68   3.60660195e+10  3.57761369e+10  3.78e-02 7.31e-08  5.87e+01   154s
  69   3.60546124e+10  3.58021920e+10  3.44e-02 6.29e-08  5.11e+01   156s
  70   3.60515697e+10  3.58188780e+10  3.35e-02 3.49e-08  4.71e+01   158s
  71   3.60337372e+10  3.58377516e+10  2.81e-02 7.03e-08  3.97e+01   160s
  72   3.60219529e+10  3.58502715e+10  2.48e-02 3.68e-08  3.48e+01   162s
  73   3.60078744e+10  3.58703370e+10  2.06e-02 5.12e-08  2.79e+01   165s
  74   3.59989917e+10  3.58794827e+10  1.80e-02 1.37e-07  2.42e+01   167s
  75   3.59930460e+10  3.58894575e+10  1.64e-02 1.04e-07  2.10e+01   169s
  76   3.59810973e+10  3.58943894e+10  1.28e-02 8.89e-08  1.76e+01   172s
  77   3.59741583e+10  3.59040723e+10  1.07e-02 5.15e-08  1.42e+01   174s
  78   3.59719648e+10  3.59098406e+10  1.01e-02 5.63e-08  1.26e+01   176s
  79   3.59654160e+10  3.59120256e+10  8.21e-03 6.64e-08  1.08e+01   179s
  80   3.59624701e+10  3.59163934e+10  7.37e-03 6.47e-08  9.34e+00   181s
  81   3.59610461e+10  3.59186462e+10  6.97e-03 6.61e-08  8.59e+00   184s
  82   3.59581340e+10  3.59207064e+10  6.12e-03 6.71e-08  7.58e+00   186s
  83   3.59556940e+10  3.59240367e+10  5.39e-03 6.47e-08  6.41e+00   188s
  84   3.59536716e+10  3.59252427e+10  4.81e-03 7.54e-08  5.76e+00   191s
  85   3.59515494e+10  3.59262409e+10  4.20e-03 6.52e-08  5.13e+00   193s
  86   3.59501223e+10  3.59282826e+10  3.77e-03 7.08e-08  4.43e+00   195s
  87   3.59483673e+10  3.59291569e+10  3.26e-03 8.15e-08  3.89e+00   197s
  88   3.59466545e+10  3.59302787e+10  3.00e-03 7.31e-08  3.32e+00   200s
  89   3.59454966e+10  3.59315782e+10  2.80e-03 1.08e-07  2.82e+00   202s
  90   3.59440448e+10  3.59328330e+10  2.50e-03 1.76e-07  2.27e+00   205s
  91   3.59430847e+10  3.59334648e+10  2.29e-03 1.45e-07  1.95e+00   207s
  92   3.59418878e+10  3.59339076e+10  2.00e-03 1.89e-07  1.62e+00   209s
  93   3.59411048e+10  3.59346478e+10  1.77e-03 2.43e-07  1.31e+00   212s
  94   3.59404831e+10  3.59351832e+10  1.53e-03 1.76e-07  1.07e+00   214s
  95   3.59399573e+10  3.59354837e+10  1.32e-03 2.11e-07  9.07e-01   216s
  96   3.59394229e+10  3.59358546e+10  1.05e-03 1.83e-07  7.23e-01   219s
  97   3.59390150e+10  3.59361164e+10  8.38e-04 1.34e-07  5.87e-01   222s
  98   3.59388548e+10  3.59363293e+10  7.68e-04 1.91e-07  5.12e-01   224s
  99   3.59385013e+10  3.59365347e+10  5.85e-04 1.72e-07  3.99e-01   227s
 100   3.59383834e+10  3.59367390e+10  5.24e-04 1.16e-07  3.33e-01   229s
 101   3.59381270e+10  3.59368295e+10  3.94e-04 9.92e-08  2.63e-01   232s
 102   3.59379841e+10  3.59369824e+10  3.20e-04 8.20e-08  2.03e-01   234s
 103   3.59378420e+10  3.59370773e+10  2.49e-04 7.36e-08  1.55e-01   237s
 104   3.59376889e+10  3.59371508e+10  1.78e-04 1.82e-07  1.09e-01   239s
 105   3.59375979e+10  3.59372168e+10  1.31e-04 1.56e-07  7.72e-02   242s
 106   3.59375303e+10  3.59372509e+10  9.67e-05 1.17e-07  5.66e-02   246s
 107   3.59374885e+10  3.59372789e+10  7.52e-05 6.38e-08  4.25e-02   249s
 108   3.59374401e+10  3.59372979e+10  5.20e-05 5.22e-08  2.88e-02   252s
 109   3.59374147e+10  3.59373072e+10  3.87e-05 4.38e-08  2.18e-02   256s
 110   3.59373906e+10  3.59373135e+10  2.64e-05 2.51e-08  1.56e-02   259s
 111   3.59373803e+10  3.59373208e+10  2.12e-05 2.47e-08  1.20e-02   263s
 112   3.59373724e+10  3.59373242e+10  1.71e-05 2.47e-08  9.76e-03   266s

Barrier solved model in 112 iterations and 265.87 seconds (271.24 work units)
Optimal objective 3.59373724e+10


Gurobi 12.0.1 (linux64) logging started Thu Jan 22 11:42:07 2026

Set parameter LogFile to value "gurobi_cap_exp.log"
Gurobi Optimizer version 12.0.1 build v12.0.1rc0 (linux64 - "Debian GNU/Linux 12 (bookworm)")

CPU model: INTEL(R) XEON(R) PLATINUM 8581C CPU @ 2.30GHz, instruction set [SSE2|AVX|AVX2|AVX512]
Thread count: 8 physical cores, 16 logical processors, using up to 8 threads

Non-default parameters:
Method  2
BarConvTol  1e-06
Crossover  0
AggFill  0
PreDual  0
Seed  123
Threads  8

WLS license 2526863 - registered to TransitionZero
Optimize a model with 5834813 rows, 2750713 columns and 16378263 nonzeros
Model fingerprint: 0xed122d56
Coefficient statistics:
  Matrix range     [1e-02, 6e+03]
  Objective range  [1e+00, 5e+05]
  Bounds range     [2e+10, 2e+10]
  RHS range        [4e+00, 1e+08]
Warning: Model contains large bounds
         Consider reformulating model or setting NumericFocus parameter
         to avoid numerical issues.
Presolve removed 3231374 rows and 350000 columns (presolve time = 6s)...
Presolve removed 3243173 rows and 361799 columns (presolve time = 10s)...
Presolve removed 3672682 rows and 361799 columns
Presolve time: 13.45s
Presolved: 2162131 rows, 2818423 columns, 10710835 nonzeros
Elapsed ordering time = 7s
Elapsed ordering time = 10s
Ordering time: 13.50s

Barrier statistics:
 Dense cols : 62
 AA' NZ     : 1.631e+07
 Factor NZ  : 8.891e+07 (roughly 3.0 GB of memory)
 Factor Ops : 3.183e+10 (less than 1 second per iteration)
 Threads    : 8

                  Objective                Residual
Iter       Primal          Dual         Primal    Dual     Compl     Time
   0   6.58949208e+15 -1.39097446e+15  6.34e+10 6.31e+02  1.42e+12    31s
   1   6.58601798e+15 -1.39359362e+15  6.23e+10 2.76e+05  1.39e+12    32s
   2   6.57909880e+15 -1.48263542e+15  6.04e+10 1.96e+05  1.26e+12    34s
   3   6.56748765e+15 -1.50445893e+15  4.60e+10 1.72e+05  9.97e+11    36s
   4   6.41360935e+15 -1.53317387e+15  3.97e+10 1.37e+05  8.55e+11    37s
   5   6.02748086e+15 -1.62523245e+15  2.26e+10 6.07e+04  4.88e+11    39s
   6   5.59889195e+15 -1.61224863e+15  3.19e+09 1.59e+04  8.42e+10    42s
   7   5.33782567e+15 -1.53041669e+15  1.77e+09 9.62e+03  4.85e+10    44s
   8   5.30134152e+15 -1.42518736e+15  1.69e+09 5.58e+03  4.07e+10    45s
   9   4.71031863e+15 -1.29336168e+15  8.94e+08 3.06e+03  2.21e+10    47s
  10   4.08259737e+15 -1.10933320e+15  5.88e+08 1.02e+03  1.33e+10    48s
  11   2.96036797e+15 -9.30032370e+14  3.37e+08 3.53e+02  7.42e+09    49s
  12   1.91009717e+15 -7.53759534e+14  1.82e+08 1.54e+02  4.04e+09    50s
  13   1.03331928e+15 -5.81406000e+14  8.77e+07 4.00e+01  1.95e+09    51s
  14   3.73917568e+14 -4.60260528e+14  2.48e+07 1.18e+01  6.17e+08    52s
  15   2.84665035e+14 -3.67113051e+14  1.83e+07 5.70e+00  4.45e+08    54s
  16   1.71058467e+14 -3.48012222e+14  1.03e+07 4.91e+00  2.79e+08    55s
  17   1.17621324e+14 -3.06362317e+14  6.71e+06 3.56e+00  1.94e+08    56s
  18   8.52407469e+13 -2.45531573e+14  4.64e+06 2.08e+00  1.35e+08    57s
  19   7.21948415e+13 -2.17241881e+14  3.83e+06 1.53e+00  1.12e+08    59s
  20   3.50563640e+13 -1.76747340e+14  1.67e+06 8.31e-01  6.34e+07    61s
  21   1.47022614e+13 -1.10108063e+14  5.61e+05 7.16e-02  3.01e+07    63s
  22   4.58220794e+12 -4.09364911e+13  1.13e+05 2.10e-03  9.48e+06    66s
  23   1.07413767e+12 -6.54928077e+12  1.47e+04 3.91e-04  1.50e+06    68s
  24   6.28832737e+11 -4.86783448e+12  6.23e+03 2.89e-04  1.07e+06    69s
  25   4.77652153e+11 -2.90147222e+12  3.90e+03 1.71e-04  6.57e+05    70s
  26   4.03732930e+11 -2.75669447e+12  3.02e+03 1.62e-04  6.14e+05    72s
  27   2.68378865e+11 -2.24524444e+12  1.29e+03 1.32e-04  4.88e+05    73s
  28   1.96012823e+11 -1.45637510e+12  6.64e+02 8.72e-05  3.20e+05    74s
  29   1.48204510e+11 -7.71644849e+11  3.01e+02 4.61e-05  1.78e+05    75s
  30   1.00655314e+11 -3.63970653e+11  9.29e+01 2.24e-05  9.00e+04    77s
  31   8.70380129e+10 -2.91272256e+11  7.08e+01 1.82e-05  7.33e+04    79s
  32   7.76430213e+10 -1.55677044e+11  5.46e+01 1.05e-05  4.52e+04    80s
  33   6.92105239e+10 -8.80770581e+10  4.25e+01 6.62e-06  3.05e+04    81s
  34   6.68658844e+10 -7.74455579e+10  3.89e+01 6.04e-06  2.79e+04    83s
  35   5.79344401e+10 -6.33407429e+10  2.71e+01 5.30e-06  2.35e+04    84s
  36   5.59901179e+10 -4.61387071e+10  2.46e+01 4.36e-06  1.98e+04    86s
  37   5.21120072e+10 -2.66064548e+10  1.92e+01 3.29e-06  1.52e+04    89s
  38   5.03532704e+10 -1.36507934e+10  1.71e+01 2.61e-06  1.24e+04    91s
  39   4.92213185e+10 -8.57744987e+09  1.58e+01 2.34e-06  1.12e+04    94s
  40   4.72162633e+10  3.74926553e+09  1.35e+01 1.67e-06  8.42e+03    96s
  41   4.54613587e+10  6.06254081e+09  1.16e+01 1.54e-06  7.63e+03    99s
  42   4.38373862e+10  1.41928889e+10  9.81e+00 1.10e-06  5.74e+03   101s
  43   4.27285606e+10  1.81769891e+10  8.54e+00 8.92e-07  4.75e+03   104s
  44   4.11100986e+10  2.15535868e+10  6.60e+00 7.08e-07  3.79e+03   106s
  45   4.02140792e+10  2.48746964e+10  5.54e+00 5.36e-07  2.97e+03   108s
  46   3.94115821e+10  2.66630950e+10  4.40e+00 4.51e-07  2.47e+03   111s
  47   3.88608982e+10  2.81636684e+10  3.70e+00 3.78e-07  2.07e+03   113s
  48   3.86602595e+10  2.97868763e+10  3.44e+00 3.00e-07  1.72e+03   116s
  49   3.83501343e+10  3.16205788e+10  3.03e+00 2.10e-07  1.30e+03   118s
  50   3.78162965e+10  3.22353312e+10  2.35e+00 1.79e-07  1.08e+03   121s
  51   3.73787577e+10  3.25931023e+10  1.82e+00 1.61e-07  9.27e+02   123s
  52   3.72547192e+10  3.32201380e+10  1.67e+00 1.30e-07  7.81e+02   126s
  53   3.69822392e+10  3.37997650e+10  1.32e+00 1.02e-07  6.16e+02   128s
  54   3.68164302e+10  3.39687653e+10  1.12e+00 9.39e-08  5.51e+02   131s
  55   3.67244915e+10  3.42712740e+10  1.01e+00 7.92e-08  4.75e+02   133s
  56   3.65936517e+10  3.45582532e+10  8.57e-01 6.50e-08  3.94e+02   135s
  57   3.64978477e+10  3.48217063e+10  7.53e-01 5.18e-08  3.25e+02   138s
  58   3.64070838e+10  3.48810378e+10  6.49e-01 4.83e-08  2.96e+02   140s
  59   3.63285946e+10  3.50379738e+10  5.60e-01 4.04e-08  2.50e+02   143s
  60   3.62200781e+10  3.51242249e+10  4.39e-01 3.59e-08  2.12e+02   145s
  61   3.61744276e+10  3.52378660e+10  3.90e-01 4.49e-08  1.81e+02   148s
  62   3.61457914e+10  3.53521043e+10  3.60e-01 2.42e-08  1.54e+02   150s
  63   3.61126530e+10  3.54426976e+10  3.24e-01 4.94e-08  1.30e+02   153s
  64   3.60697017e+10  3.54783920e+10  2.79e-01 3.54e-08  1.15e+02   156s
  65   3.60417742e+10  3.55349061e+10  2.50e-01 5.12e-08  9.82e+01   158s
  66   3.60128037e+10  3.55747591e+10  2.20e-01 3.73e-08  8.48e+01   161s
  67   3.59934518e+10  3.55981268e+10  2.00e-01 4.14e-08  7.66e+01   163s
  68   3.59765452e+10  3.56218182e+10  1.82e-01 3.77e-08  6.87e+01   165s
  69   3.59532220e+10  3.56412054e+10  1.57e-01 2.84e-08  6.04e+01   168s
  70   3.59379514e+10  3.56609125e+10  1.41e-01 3.68e-08  5.36e+01   170s
  71   3.59209160e+10  3.56816492e+10  1.23e-01 2.24e-08  4.63e+01   173s
  72   3.59107481e+10  3.57015710e+10  1.13e-01 5.36e-08  4.05e+01   175s
  73   3.58952051e+10  3.57125951e+10  9.66e-02 4.42e-08  3.54e+01   178s
  74   3.58860115e+10  3.57240129e+10  8.72e-02 6.33e-08  3.14e+01   180s
  75   3.58734727e+10  3.57293888e+10  7.45e-02 4.33e-08  2.79e+01   182s
  76   3.58672688e+10  3.57353606e+10  6.82e-02 5.87e-08  2.55e+01   185s
  77   3.58648721e+10  3.57389372e+10  6.58e-02 7.03e-08  2.44e+01   187s
  78   3.58556295e+10  3.57455006e+10  5.64e-02 8.75e-08  2.13e+01   190s
  79   3.58517053e+10  3.57469046e+10  5.24e-02 8.24e-08  2.03e+01   192s
  80   3.58451535e+10  3.57531814e+10  4.58e-02 7.87e-08  1.78e+01   195s
  81   3.58380359e+10  3.57575390e+10  3.86e-02 1.09e-07  1.56e+01   197s
  82   3.58342286e+10  3.57637755e+10  3.49e-02 7.08e-08  1.36e+01   200s
  83   3.58302389e+10  3.57692363e+10  3.09e-02 8.15e-08  1.18e+01   202s
  84   3.58262117e+10  3.57720991e+10  2.69e-02 1.41e-07  1.05e+01   205s
  85   3.58235543e+10  3.57745007e+10  2.43e-02 2.63e-07  9.50e+00   207s
  86   3.58198984e+10  3.57780196e+10  2.08e-02 1.48e-07  8.11e+00   209s
  87   3.58174723e+10  3.57811756e+10  1.84e-02 8.61e-08  7.03e+00   211s
  88   3.58156267e+10  3.57834351e+10  1.67e-02 1.49e-07  6.23e+00   214s
  89   3.58140081e+10  3.57863050e+10  1.51e-02 1.67e-07  5.37e+00   216s
  90   3.58121881e+10  3.57872837e+10  1.34e-02 1.64e-07  4.82e+00   219s
  91   3.58102313e+10  3.57888663e+10  1.16e-02 1.99e-07  4.14e+00   221s
  92   3.58081116e+10  3.57904936e+10  9.61e-03 2.02e-07  3.41e+00   224s
  93   3.58066938e+10  3.57913468e+10  8.25e-03 3.34e-07  2.97e+00   226s
  94   3.58050315e+10  3.57923677e+10  6.68e-03 6.30e-07  2.45e+00   229s
  95   3.58043692e+10  3.57932273e+10  6.05e-03 3.86e-07  2.16e+00   231s
  96   3.58036284e+10  3.57941067e+10  5.37e-03 1.96e-07  1.84e+00   234s
  97   3.58031703e+10  3.57946521e+10  4.95e-03 2.86e-07  1.65e+00   236s
  98   3.58024708e+10  3.57952667e+10  4.31e-03 5.31e-07  1.40e+00   239s
  99   3.58018320e+10  3.57957405e+10  3.73e-03 6.06e-07  1.18e+00   241s
 100   3.58011548e+10  3.57960796e+10  3.10e-03 3.93e-07  9.83e-01   244s
 101   3.58008188e+10  3.57964070e+10  2.79e-03 2.22e-07  8.55e-01   246s
 102   3.58002343e+10  3.57966181e+10  2.26e-03 3.05e-07  7.01e-01   249s
 103   3.57999868e+10  3.57967528e+10  2.03e-03 3.41e-07  6.26e-01   251s
 104   3.57996446e+10  3.57969533e+10  1.71e-03 3.83e-07  5.21e-01   254s
 105   3.57992897e+10  3.57971211e+10  1.39e-03 8.00e-07  4.20e-01   256s
 106   3.57989834e+10  3.57972312e+10  1.11e-03 6.31e-07  3.39e-01   259s
 107   3.57987667e+10  3.57973346e+10  9.07e-04 9.28e-07  2.77e-01   261s
 108   3.57986174e+10  3.57974316e+10  7.69e-04 1.15e-06  2.30e-01   264s
 109   3.57985609e+10  3.57974537e+10  7.17e-04 9.99e-07  2.15e-01   266s
 110   3.57984732e+10  3.57975253e+10  6.34e-04 8.71e-07  1.84e-01   269s
 111   3.57983412e+10  3.57975664e+10  5.10e-04 2.13e-06  1.50e-01   271s
 112   3.57982946e+10  3.57976098e+10  4.66e-04 1.45e-06  1.33e-01   274s
 113   3.57982330e+10  3.57976291e+10  4.08e-04 1.27e-06  1.17e-01   277s
 114   3.57981831e+10  3.57976553e+10  3.61e-04 1.12e-06  1.02e-01   280s
 115   3.57980951e+10  3.57976872e+10  2.78e-04 8.39e-07  7.90e-02   283s
 116   3.57980485e+10  3.57977036e+10  2.35e-04 7.03e-07  6.68e-02   286s
 117   3.57980056e+10  3.57977248e+10  1.95e-04 3.53e-07  5.44e-02   290s
 118   3.57979915e+10  3.57977289e+10  1.82e-04 3.38e-07  5.09e-02   293s
 119   3.57979695e+10  3.57977360e+10  1.61e-04 2.99e-07  4.52e-02   296s
 120   3.57979535e+10  3.57977450e+10  1.46e-04 2.89e-07  4.04e-02   299s
 121   3.57979309e+10  3.57977568e+10  1.24e-04 2.07e-07  3.37e-02   303s
 122   3.57979003e+10  3.57977631e+10  9.55e-05 1.69e-07  2.66e-02   306s
 123   3.57978883e+10  3.57977679e+10  8.43e-05 1.45e-07  2.33e-02   309s
 124   3.57978695e+10  3.57977730e+10  6.63e-05 1.34e-07  1.87e-02   313s
 125   3.57978599e+10  3.57977773e+10  5.69e-05 1.05e-07  1.60e-02   316s
 126   3.57978558e+10  3.57977812e+10  5.29e-05 8.24e-08  1.45e-02   318s
 127   3.57978490e+10  3.57977848e+10  4.65e-05 6.68e-08  1.24e-02   322s
 128   3.57978448e+10  3.57977878e+10  4.25e-05 5.77e-08  1.11e-02   325s
 129   3.57978352e+10  3.57977896e+10  3.35e-05 5.54e-08  8.84e-03   328s

Barrier solved model in 129 iterations and 328.24 seconds (332.99 work units)
Optimal objective 3.57978352e+10


Gurobi 12.0.1 (linux64) logging started Thu Jan 22 12:11:39 2026

Set parameter LogFile to value "gurobi_cap_exp.log"
Gurobi Optimizer version 12.0.1 build v12.0.1rc0 (linux64 - "Debian GNU/Linux 12 (bookworm)")

CPU model: INTEL(R) XEON(R) PLATINUM 8581C CPU @ 2.30GHz, instruction set [SSE2|AVX|AVX2|AVX512]
Thread count: 8 physical cores, 16 logical processors, using up to 8 threads

Non-default parameters:
Method  2
BarConvTol  1e-06
Crossover  0
AggFill  0
PreDual  0
Seed  123
Threads  8

WLS license 2526863 - registered to TransitionZero
Optimize a model with 5834813 rows, 2750713 columns and 16378263 nonzeros
Model fingerprint: 0x30e27c73
Coefficient statistics:
  Matrix range     [1e-02, 6e+03]
  Objective range  [1e+00, 5e+05]
  Bounds range     [2e+10, 2e+10]
  RHS range        [4e+00, 1e+08]
Warning: Model contains large bounds
         Consider reformulating model or setting NumericFocus parameter
         to avoid numerical issues.
Presolve removed 3227588 rows and 390000 columns (presolve time = 5s)...
Presolve removed 3243187 rows and 405599 columns (presolve time = 10s)...
Presolve removed 3672687 rows and 405599 columns
Presolve time: 13.02s
Presolved: 2162126 rows, 2774614 columns, 10579426 nonzeros
Elapsed ordering time = 7s
Elapsed ordering time = 10s
Ordering time: 16.04s

Barrier statistics:
 Dense cols : 62
 AA' NZ     : 1.622e+07
 Factor NZ  : 8.867e+07 (roughly 2.7 GB of memory)
 Factor Ops : 3.152e+10 (less than 1 second per iteration)
 Threads    : 8

                  Objective                Residual
Iter       Primal          Dual         Primal    Dual     Compl     Time
   0   9.08557904e+15 -1.31911885e+15  8.70e+10 7.38e+02  1.95e+12    33s
   1   9.08028936e+15 -1.32190751e+15  8.56e+10 2.76e+05  1.92e+12    35s
   2   9.06966534e+15 -1.42279601e+15  8.29e+10 1.85e+05  1.71e+12    36s
   3   9.04129740e+15 -1.45117759e+15  6.31e+10 1.55e+05  1.33e+12    38s
   4   8.77950368e+15 -1.47869774e+15  5.33e+10 1.27e+05  1.13e+12    40s
   5   7.98710959e+15 -1.51387941e+15  1.10e+10 8.76e+04  3.75e+11    42s
   6   7.69308844e+15 -1.48078546e+15  2.09e+09 2.79e+04  1.00e+11    44s
   7   7.65851248e+15 -1.38217148e+15  1.94e+09 1.45e+04  6.72e+10    46s
   8   7.40003624e+15 -1.27031279e+15  1.30e+09 6.81e+03  3.96e+10    48s
   9   6.55544870e+15 -1.12517100e+15  5.16e+08 2.63e+03  1.61e+10    49s
  10   5.93565421e+15 -9.86195642e+14  3.81e+08 1.53e+03  1.14e+10    50s
  11   5.05968749e+15 -8.31229661e+14  2.82e+08 6.31e+02  7.66e+09    52s
  12   4.01106810e+15 -7.39976369e+14  1.96e+08 3.39e+02  5.21e+09    53s
  13   1.99587621e+15 -5.87001775e+14  7.58e+07 9.85e+01  2.08e+09    54s
  14   7.34288837e+14 -4.78850711e+14  2.32e+07 4.40e+01  7.10e+08    55s
  15   5.56106979e+14 -3.63516904e+14  1.72e+07 2.13e+01  5.03e+08    56s
  16   3.35107483e+14 -2.92957427e+14  9.90e+06 1.16e+01  2.99e+08    57s
  17   2.01650692e+14 -2.60769967e+14  5.67e+06 8.78e+00  1.89e+08    59s
  18   1.50863345e+14 -2.26403900e+14  4.12e+06 6.33e+00  1.41e+08    60s
  19   7.59933895e+13 -1.84891916e+14  1.90e+06 3.81e+00  8.00e+07    61s
  20   1.76678579e+13 -1.62991805e+14  2.29e+05 2.80e+00  3.95e+07    62s
  21   7.30084096e+12 -1.22213954e+14  6.41e+04 1.76e+00  2.66e+07    64s
  22   2.29963782e+12 -2.59587248e+13  8.92e+03 8.20e-04  5.64e+06    66s
  23   7.03400485e+11 -5.41229382e+12  1.24e+03 1.68e-04  1.21e+06    67s
  24   5.58770047e+11 -2.92003335e+12  8.09e+02 9.05e-05  6.87e+05    68s
  25   3.89723658e+11 -2.03062063e+12  3.35e+02 6.31e-05  4.77e+05    70s
  26   2.67019443e+11 -1.38217317e+12  7.96e+01 4.44e-05  3.25e+05    71s
  27   1.98316959e+11 -6.98167134e+11  4.19e+01 2.29e-05  1.77e+05    72s
  28   1.18491843e+11 -2.02640529e+11  1.65e+01 6.82e-06  6.33e+04    74s
  29   9.69482164e+10 -1.30678825e+11  1.12e+01 4.68e-06  4.48e+04    76s
  30   8.64516590e+10 -6.52010851e+10  8.77e+00 2.90e-06  2.99e+04    77s
  31   7.72568416e+10 -3.34725932e+10  6.77e+00 2.03e-06  2.18e+04    78s
  32   7.11668264e+10 -2.65758792e+10  5.50e+00 1.85e-06  1.93e+04    79s
  33   7.03193442e+10 -1.57458032e+10  5.32e+00 1.57e-06  1.70e+04    81s
  34   6.78772381e+10 -7.55185110e+09  4.87e+00 1.35e-06  1.49e+04    83s
  35   6.47754348e+10  2.27664984e+09  4.26e+00 1.11e-06  1.23e+04    85s
  36   6.42545008e+10  3.40708952e+09  4.12e+00 1.08e-06  1.20e+04    87s
  37   6.12552707e+10  1.08679777e+10  3.55e+00 8.78e-07  9.93e+03    90s
  38   5.87207652e+10  1.82054127e+10  3.06e+00 6.79e-07  7.98e+03    92s
  39   5.68883942e+10  2.19101197e+10  2.66e+00 5.80e-07  6.89e+03    94s
  40   5.59156348e+10  2.34752563e+10  2.45e+00 5.41e-07  6.39e+03    96s
  41   5.41193758e+10  2.63405120e+10  2.11e+00 4.68e-07  5.47e+03    99s
  42   5.32396010e+10  2.99987952e+10  1.92e+00 3.72e-07  4.58e+03   101s
  43   5.07448233e+10  3.20146122e+10  1.39e+00 3.18e-07  3.69e+03   104s
  44   4.98672943e+10  3.32507876e+10  1.22e+00 2.71e-07  3.27e+03   106s
  45   4.91666385e+10  3.61179260e+10  1.07e+00 1.99e-07  2.57e+03   109s
  46   4.82192218e+10  3.71906146e+10  8.48e-01 1.73e-07  2.17e+03   111s
  47   4.81617152e+10  3.75394493e+10  8.23e-01 1.66e-07  2.09e+03   113s
  48   4.78982334e+10  3.85880471e+10  7.42e-01 1.43e-07  1.83e+03   115s
  49   4.76714183e+10  3.95915565e+10  6.86e-01 1.22e-07  1.59e+03   117s
  50   4.73308847e+10  4.04672117e+10  5.95e-01 1.01e-07  1.35e+03   119s
  51   4.69278522e+10  4.09353819e+10  4.85e-01 9.19e-08  1.18e+03   122s
  52   4.67051431e+10  4.13727424e+10  4.25e-01 8.22e-08  1.05e+03   124s
  53   4.64332578e+10  4.24186731e+10  3.51e-01 5.92e-08  7.91e+02   127s
  54   4.64138316e+10  4.28347618e+10  3.46e-01 5.02e-08  7.05e+02   129s
  55   4.62185191e+10  4.29281637e+10  2.97e-01 4.78e-08  6.48e+02   131s
  56   4.60529165e+10  4.30898067e+10  2.53e-01 4.43e-08  5.84e+02   134s
  57   4.59487947e+10  4.33880597e+10  2.27e-01 3.78e-08  5.04e+02   136s
  58   4.57834518e+10  4.35720015e+10  1.82e-01 3.36e-08  4.36e+02   139s
  59   4.57365074e+10  4.37398841e+10  1.71e-01 2.99e-08  3.93e+02   141s
  60   4.56211633e+10  4.39029934e+10  1.41e-01 2.62e-08  3.38e+02   144s
  61   4.56009067e+10  4.39428625e+10  1.36e-01 2.54e-08  3.27e+02   146s
  62   4.55684114e+10  4.40594406e+10  1.27e-01 2.28e-08  2.97e+02   148s
  63   4.55174308e+10  4.42376223e+10  1.14e-01 2.51e-08  2.52e+02   150s
  64   4.54822990e+10  4.43616589e+10  1.05e-01 1.93e-08  2.21e+02   153s
  65   4.54332852e+10  4.44333951e+10  9.30e-02 2.00e-08  1.97e+02   155s
  66   4.53973258e+10  4.44961461e+10  8.42e-02 1.29e-08  1.78e+02   157s
  67   4.53655747e+10  4.45184864e+10  7.65e-02 1.54e-08  1.67e+02   160s
  68   4.53315531e+10  4.45907155e+10  6.83e-02 1.86e-08  1.46e+02   162s
  69   4.52827757e+10  4.46643142e+10  5.67e-02 1.49e-08  1.22e+02   165s
  70   4.52557396e+10  4.47064411e+10  5.05e-02 3.35e-08  1.08e+02   167s
  71   4.52230723e+10  4.47660440e+10  4.29e-02 1.86e-08  9.00e+01   170s
  72   4.52164231e+10  4.48001325e+10  4.14e-02 1.72e-08  8.20e+01   172s
  73   4.51979899e+10  4.48201041e+10  3.71e-02 1.96e-08  7.44e+01   174s
  74   4.51872722e+10  4.48495936e+10  3.46e-02 2.33e-08  6.65e+01   177s
  75   4.51695752e+10  4.48673803e+10  3.06e-02 1.72e-08  5.95e+01   179s
  76   4.51545392e+10  4.48957442e+10  2.72e-02 6.89e-08  5.10e+01   181s
  77   4.51415372e+10  4.49128551e+10  2.44e-02 8.34e-08  4.50e+01   184s
  78   4.51345753e+10  4.49308839e+10  2.28e-02 9.13e-08  4.01e+01   186s
  79   4.51189311e+10  4.49405612e+10  1.94e-02 5.49e-08  3.51e+01   189s
  80   4.51131057e+10  4.49519821e+10  1.81e-02 7.22e-08  3.17e+01   191s
  81   4.51050138e+10  4.49623845e+10  1.63e-02 4.28e-08  2.81e+01   194s
  82   4.50979610e+10  4.49676699e+10  1.48e-02 3.31e-08  2.57e+01   196s
  83   4.50926865e+10  4.49777406e+10  1.36e-02 2.98e-08  2.26e+01   199s
  84   4.50874870e+10  4.49824429e+10  1.25e-02 5.56e-08  2.07e+01   201s
  85   4.50813066e+10  4.49862118e+10  1.11e-02 5.54e-08  1.87e+01   204s
  86   4.50762651e+10  4.49921794e+10  9.95e-03 5.63e-08  1.66e+01   206s
  87   4.50688684e+10  4.49960688e+10  8.31e-03 7.03e-08  1.43e+01   209s
  88   4.50636575e+10  4.49989299e+10  7.16e-03 5.40e-08  1.28e+01   211s
  89   4.50584344e+10  4.50021980e+10  5.97e-03 5.12e-08  1.11e+01   214s
  90   4.50560877e+10  4.50072468e+10  5.45e-03 4.38e-08  9.62e+00   216s
  91   4.50554605e+10  4.50079590e+10  5.31e-03 4.38e-08  9.36e+00   219s
  92   4.50522035e+10  4.50108940e+10  4.60e-03 6.24e-08  8.14e+00   222s
  93   4.50505484e+10  4.50135919e+10  4.24e-03 3.82e-08  7.28e+00   224s
  94   4.50480922e+10  4.50163160e+10  3.70e-03 7.45e-09  6.26e+00   227s
  95   4.50450239e+10  4.50175692e+10  3.04e-03 3.31e-08  5.41e+00   230s
  96   4.50435146e+10  4.50188842e+10  2.71e-03 1.86e-08  4.85e+00   232s
  97   4.50412356e+10  4.50203182e+10  2.22e-03 3.73e-08  4.12e+00   235s
  98   4.50404421e+10  4.50215587e+10  2.05e-03 1.12e-08  3.72e+00   237s
  99   4.50392369e+10  4.50227922e+10  1.79e-03 3.17e-08  3.24e+00   240s
 100   4.50383741e+10  4.50237209e+10  1.60e-03 1.44e-08  2.89e+00   243s
 101   4.50378857e+10  4.50242605e+10  1.50e-03 1.12e-08  2.68e+00   246s
 102   4.50372632e+10  4.50246023e+10  1.37e-03 1.54e-08  2.49e+00   248s
 103   4.50368099e+10  4.50251888e+10  1.27e-03 2.37e-08  2.29e+00   251s
 104   4.50364157e+10  4.50256168e+10  1.19e-03 1.30e-08  2.13e+00   254s
 105   4.50359979e+10  4.50261718e+10  1.10e-03 2.51e-08  1.94e+00   257s
 106   4.50356402e+10  4.50263508e+10  1.02e-03 1.44e-08  1.83e+00   260s
 107   4.50349292e+10  4.50269340e+10  8.71e-04 1.23e-08  1.58e+00   262s
 108   4.50344745e+10  4.50271721e+10  7.73e-04 1.77e-08  1.44e+00   265s
 109   4.50339137e+10  4.50275861e+10  6.52e-04 6.47e-08  1.25e+00   267s
 110   4.50338536e+10  4.50278992e+10  6.39e-04 7.03e-08  1.17e+00   269s
 111   4.50333579e+10  4.50282358e+10  5.34e-04 1.02e-07  1.01e+00   272s
 112   4.50331222e+10  4.50284811e+10  4.84e-04 1.08e-07  9.14e-01   275s
 113   4.50328589e+10  4.50287532e+10  4.28e-04 8.85e-08  8.09e-01   277s
 114   4.50327740e+10  4.50289245e+10  4.10e-04 8.52e-08  7.58e-01   280s
 115   4.50325416e+10  4.50291964e+10  3.61e-04 8.01e-08  6.59e-01   283s
 116   4.50324029e+10  4.50293504e+10  3.33e-04 8.38e-08  6.01e-01   286s
 117   4.50322467e+10  4.50295707e+10  3.01e-04 9.92e-08  5.27e-01   288s
 118   4.50321142e+10  4.50296808e+10  2.74e-04 1.03e-07  4.79e-01   291s
 119   4.50318962e+10  4.50298525e+10  2.27e-04 1.10e-07  4.03e-01   294s
 120   4.50318189e+10  4.50299381e+10  2.12e-04 9.08e-08  3.71e-01   297s
 121   4.50317071e+10  4.50301176e+10  1.89e-04 4.42e-08  3.13e-01   300s
 122   4.50316908e+10  4.50301709e+10  1.86e-04 5.63e-08  2.99e-01   302s
 123   4.50315695e+10  4.50302377e+10  1.62e-04 7.22e-08  2.62e-01   305s
 124   4.50314358e+10  4.50302699e+10  1.35e-04 7.59e-08  2.30e-01   308s
 125   4.50314048e+10  4.50303097e+10  1.29e-04 8.99e-08  2.16e-01   311s
 126   4.50313127e+10  4.50303777e+10  1.10e-04 7.22e-08  1.84e-01   313s
 127   4.50312690e+10  4.50304182e+10  1.01e-04 7.36e-08  1.68e-01   317s
 128   4.50311880e+10  4.50304455e+10  8.34e-05 7.31e-08  1.46e-01   320s
 129   4.50311553e+10  4.50305077e+10  7.64e-05 3.54e-08  1.28e-01   323s
 130   4.50310887e+10  4.50305188e+10  6.28e-05 3.54e-08  1.12e-01   326s
 131   4.50310478e+10  4.50305639e+10  5.42e-05 1.91e-08  9.53e-02   330s
 132   4.50309968e+10  4.50306073e+10  4.32e-05 9.08e-08  7.67e-02   333s
 133   4.50309786e+10  4.50306254e+10  3.95e-05 7.03e-08  6.96e-02   336s
 134   4.50309570e+10  4.50306385e+10  3.51e-05 7.45e-08  6.28e-02   340s
 135   4.50309480e+10  4.50306587e+10  3.32e-05 7.12e-08  5.70e-02   343s
 136   4.50309388e+10  4.50306685e+10  3.13e-05 5.82e-08  5.33e-02   347s
 137   4.50309065e+10  4.50306878e+10  2.48e-05 4.80e-08  4.31e-02   350s
 138   4.50308913e+10  4.50307006e+10  2.18e-05 4.00e-08  3.76e-02   353s
 139   4.50308786e+10  4.50307122e+10  1.89e-05 3.59e-08  3.28e-02   356s
 140   4.50308703e+10  4.50307229e+10  1.72e-05 2.89e-08  2.91e-02   360s
 141   4.50308631e+10  4.50307290e+10  1.60e-05 3.21e-08  2.64e-02   363s
 142   4.50308519e+10  4.50307338e+10  1.35e-05 1.82e-08  2.33e-02   366s
 143   4.50308455e+10  4.50307407e+10  1.25e-05 3.21e-08  2.07e-02   369s
 144   4.50308342e+10  4.50307512e+10  1.02e-05 2.47e-08  1.64e-02   372s
 145   4.50308279e+10  4.50307562e+10  8.93e-06 1.49e-08  1.41e-02   376s
 146   4.50308188e+10  4.50307656e+10  6.71e-06 1.96e-08  1.05e-02   379s

Barrier solved model in 146 iterations and 379.37 seconds (385.49 work units)
Optimal objective 4.50308188e+10


Gurobi 12.0.1 (linux64) logging started Thu Jan 22 14:32:26 2026

Set parameter LogFile to value "gurobi_cap_exp.log"
Gurobi Optimizer version 12.0.1 build v12.0.1rc0 (linux64 - "Debian GNU/Linux 12 (bookworm)")

CPU model: INTEL(R) XEON(R) PLATINUM 8581C CPU @ 2.30GHz, instruction set [SSE2|AVX|AVX2|AVX512]
Thread count: 8 physical cores, 16 logical processors, using up to 8 threads

Non-default parameters:
Method  2
BarConvTol  1e-06
Crossover  0
AggFill  0
PreDual  0
Seed  123
Threads  8

WLS license 2526863 - registered to TransitionZero
Optimize a model with 6176426 rows, 3066073 columns and 17376819 nonzeros
Model fingerprint: 0x50afca88
Coefficient statistics:
  Matrix range     [1e-02, 6e+03]
  Objective range  [1e+00, 5e+05]
  Bounds range     [2e+10, 2e+10]
  RHS range        [4e+00, 1e+08]
Warning: Model contains large bounds
         Consider reformulating model or setting NumericFocus parameter
         to avoid numerical issues.
Presolve removed 3573841 rows and 710000 columns (presolve time = 7s)...
Presolve removed 3584800 rows and 720959 columns (presolve time = 10s)...
Presolve removed 4014300 rows and 720959 columns
Presolve time: 13.73s
Presolved: 2162126 rows, 2774614 columns, 10579426 nonzeros
Elapsed ordering time = 7s
Elapsed ordering time = 10s
Ordering time: 14.78s

Barrier statistics:
 Dense cols : 62
 AA' NZ     : 1.622e+07
 Factor NZ  : 8.867e+07 (roughly 2.7 GB of memory)
 Factor Ops : 3.152e+10 (less than 1 second per iteration)
 Threads    : 8

                  Objective                Residual
Iter       Primal          Dual         Primal    Dual     Compl     Time
   0   9.08557913e+15 -1.31911876e+15  8.70e+10 7.38e+02  1.95e+12    33s
   1   9.08028945e+15 -1.32190742e+15  8.56e+10 2.76e+05  1.92e+12    34s
   2   9.06966544e+15 -1.42279592e+15  8.29e+10 1.85e+05  1.71e+12    36s
   3   9.04129749e+15 -1.45117749e+15  6.31e+10 1.55e+05  1.33e+12    38s
   4   8.77950378e+15 -1.47869765e+15  5.33e+10 1.27e+05  1.13e+12    39s
   5   7.98710968e+15 -1.51387932e+15  1.10e+10 8.76e+04  3.75e+11    41s
   6   7.69308853e+15 -1.48078536e+15  2.09e+09 2.79e+04  1.00e+11    44s
   7   7.65851258e+15 -1.38217139e+15  1.94e+09 1.45e+04  6.72e+10    46s
   8   7.40003633e+15 -1.27031270e+15  1.30e+09 6.81e+03  3.96e+10    48s
   9   6.55544879e+15 -1.12517091e+15  5.16e+08 2.63e+03  1.61e+10    49s
  10   5.93565430e+15 -9.86195550e+14  3.81e+08 1.53e+03  1.14e+10    50s
  11   5.05968758e+15 -8.31229569e+14  2.82e+08 6.31e+02  7.66e+09    51s
  12   4.01106820e+15 -7.39976277e+14  1.96e+08 3.39e+02  5.21e+09    53s
  13   1.99587630e+15 -5.87001682e+14  7.58e+07 9.85e+01  2.08e+09    54s
  14   7.34288929e+14 -4.78850618e+14  2.32e+07 4.40e+01  7.10e+08    55s
  15   5.56107071e+14 -3.63516812e+14  1.72e+07 2.13e+01  5.03e+08    56s
  16   3.35107575e+14 -2.92957335e+14  9.90e+06 1.16e+01  2.99e+08    57s
  17   2.01650784e+14 -2.60769875e+14  5.67e+06 8.78e+00  1.89e+08    59s
  18   1.50863437e+14 -2.26403807e+14  4.12e+06 6.33e+00  1.41e+08    60s
  19   7.59934818e+13 -1.84891823e+14  1.90e+06 3.81e+00  8.00e+07    61s
  20   1.76679502e+13 -1.62991713e+14  2.29e+05 2.80e+00  3.95e+07    62s
  21   7.30093324e+12 -1.22213862e+14  6.41e+04 1.76e+00  2.66e+07    64s
  22   2.29973009e+12 -2.59586325e+13  8.92e+03 8.18e-04  5.64e+06    66s
  23   7.03492764e+11 -5.41220154e+12  1.24e+03 1.68e-04  1.21e+06    67s
  24   5.58862327e+11 -2.91994107e+12  8.09e+02 9.05e-05  6.87e+05    68s
  25   3.89815938e+11 -2.03052835e+12  3.35e+02 6.32e-05  4.77e+05    69s
  26   2.67111723e+11 -1.38208089e+12  7.96e+01 4.44e-05  3.25e+05    71s
  27   1.98409239e+11 -6.98074851e+11  4.19e+01 2.29e-05  1.77e+05    72s
  28   1.18584123e+11 -2.02548251e+11  1.65e+01 6.83e-06  6.33e+04    74s
  29   9.70404956e+10 -1.30586528e+11  1.12e+01 4.69e-06  4.48e+04    76s
  30   8.65439399e+10 -6.51087673e+10  8.77e+00 2.90e-06  2.99e+04    77s
  31   7.73491231e+10 -3.33802826e+10  6.77e+00 2.03e-06  2.18e+04    78s
  32   7.12591072e+10 -2.64835980e+10  5.50e+00 1.85e-06  1.93e+04    79s
  33   7.04116252e+10 -1.56535358e+10  5.32e+00 1.58e-06  1.70e+04    81s
  34   6.79695233e+10 -7.45957275e+09  4.87e+00 1.36e-06  1.49e+04    83s
  35   6.48677147e+10  2.36892214e+09  4.26e+00 1.11e-06  1.23e+04    85s
  36   6.43467838e+10  3.49935972e+09  4.12e+00 1.08e-06  1.20e+04    87s
  37   6.13475592e+10  1.09602548e+10  3.55e+00 8.80e-07  9.93e+03    90s
  38   5.88130483e+10  1.82977250e+10  3.06e+00 6.80e-07  7.98e+03    92s
  39   5.69806665e+10  2.20023871e+10  2.66e+00 5.81e-07  6.89e+03    94s
  40   5.60079054e+10  2.35675363e+10  2.45e+00 5.42e-07  6.39e+03    96s
  41   5.42116514e+10  2.64327674e+10  2.11e+00 4.69e-07  5.47e+03    99s
  42   5.33318785e+10  3.00911522e+10  1.92e+00 3.73e-07  4.58e+03   101s
  43   5.08371611e+10  3.21068141e+10  1.39e+00 3.18e-07  3.69e+03   103s
  44   4.99596440e+10  3.33427362e+10  1.22e+00 2.71e-07  3.27e+03   106s
  45   4.92589556e+10  3.62156339e+10  1.07e+00 2.00e-07  2.57e+03   108s
  46   4.83111414e+10  3.72907274e+10  8.48e-01 1.74e-07  2.17e+03   111s
  47   4.82534282e+10  3.76408489e+10  8.23e-01 1.66e-07  2.09e+03   112s
  48   4.79903444e+10  3.86860311e+10  7.42e-01 1.43e-07  1.83e+03   114s
  49   4.77630535e+10  3.96814019e+10  6.86e-01 1.22e-07  1.59e+03   117s
  50   4.74232850e+10  4.05616624e+10  5.95e-01 1.01e-07  1.35e+03   119s
  51   4.70211657e+10  4.10452887e+10  4.85e-01 9.17e-08  1.18e+03   121s
  52   4.68037093e+10  4.15185060e+10  4.27e-01 8.12e-08  1.04e+03   124s
  53   4.64846261e+10  4.24866867e+10  3.40e-01 5.98e-08  7.88e+02   126s
  54   4.63655225e+10  4.28981926e+10  3.09e-01 5.06e-08  6.83e+02   128s
  55   4.63271367e+10  4.31458222e+10  2.97e-01 4.53e-08  6.27e+02   130s
  56   4.61223991e+10  4.32195776e+10  2.43e-01 4.35e-08  5.72e+02   132s
  57   4.60366202e+10  4.33936263e+10  2.21e-01 3.98e-08  5.21e+02   135s
  58   4.59190692e+10  4.35962478e+10  1.90e-01 3.51e-08  4.58e+02   137s
  59   4.58962701e+10  4.37078401e+10  1.84e-01 4.66e-08  4.31e+02   139s
  60   4.57624652e+10  4.38301957e+10  1.50e-01 2.99e-08  3.81e+02   141s
  61   4.56977968e+10  4.40089601e+10  1.34e-01 2.60e-08  3.33e+02   144s
  62   4.56428871e+10  4.41105364e+10  1.20e-01 2.79e-08  3.02e+02   146s
  63   4.56356075e+10  4.42069842e+10  1.18e-01 2.16e-08  2.81e+02   148s
  64   4.55814148e+10  4.43887989e+10  1.04e-01 5.08e-08  2.35e+02   150s
  65   4.55163416e+10  4.44607236e+10  8.82e-02 4.28e-08  2.08e+02   152s
  66   4.54857479e+10  4.45785863e+10  8.09e-02 2.00e-08  1.79e+02   155s
  67   4.54352233e+10  4.46193775e+10  6.90e-02 3.35e-08  1.61e+02   157s
  68   4.53860170e+10  4.46960996e+10  5.73e-02 2.75e-08  1.36e+02   160s
  69   4.53627198e+10  4.47495423e+10  5.21e-02 3.73e-08  1.21e+02   162s
  70   4.53342344e+10  4.48216955e+10  4.56e-02 4.61e-08  1.01e+02   165s
  71   4.53303391e+10  4.48621596e+10  4.47e-02 7.59e-08  9.22e+01   166s
  72   4.53075115e+10  4.49074461e+10  3.99e-02 1.09e-07  7.88e+01   169s
  73   4.52954174e+10  4.49280932e+10  3.72e-02 7.12e-08  7.24e+01   171s
  74   4.52854690e+10  4.49579235e+10  3.50e-02 8.57e-08  6.45e+01   174s
  75   4.52661872e+10  4.49750038e+10  3.08e-02 8.34e-08  5.74e+01   176s
  76   4.52396583e+10  4.49825253e+10  2.50e-02 1.15e-07  5.07e+01   178s
  77   4.52243871e+10  4.50032985e+10  2.16e-02 1.36e-07  4.36e+01   181s
  78   4.52159675e+10  4.50312049e+10  1.98e-02 8.24e-08  3.64e+01   183s
  79   4.52077166e+10  4.50440491e+10  1.80e-02 1.58e-07  3.22e+01   185s
  80   4.51941362e+10  4.50495532e+10  1.51e-02 1.88e-07  2.85e+01   188s
  81   4.51867611e+10  4.50593503e+10  1.35e-02 1.79e-07  2.51e+01   190s
  82   4.51804482e+10  4.50700697e+10  1.21e-02 2.48e-07  2.17e+01   193s
  83   4.51738678e+10  4.50766525e+10  1.07e-02 2.30e-07  1.92e+01   195s
  84   4.51703043e+10  4.50808901e+10  9.93e-03 2.14e-07  1.76e+01   197s
  85   4.51621940e+10  4.50860481e+10  8.22e-03 2.19e-07  1.50e+01   200s
  86   4.51582498e+10  4.50893820e+10  7.38e-03 1.65e-07  1.36e+01   202s
  87   4.51540199e+10  4.50942580e+10  6.48e-03 1.43e-07  1.18e+01   205s
  88   4.51489821e+10  4.50969349e+10  5.40e-03 1.37e-07  1.03e+01   207s
  89   4.51466272e+10  4.51008505e+10  4.91e-03 1.14e-07  9.02e+00   210s
  90   4.51442333e+10  4.51038280e+10  4.40e-03 9.22e-08  7.96e+00   212s
  91   4.51435940e+10  4.51043199e+10  4.26e-03 8.20e-08  7.74e+00   214s
  92   4.51412390e+10  4.51066490e+10  3.77e-03 7.68e-08  6.81e+00   217s
  93   4.51394830e+10  4.51096143e+10  3.40e-03 6.66e-08  5.88e+00   220s
  94   4.51381617e+10  4.51111442e+10  3.14e-03 6.01e-08  5.32e+00   222s
  95   4.51357516e+10  4.51121656e+10  2.63e-03 4.61e-08  4.65e+00   225s
  96   4.51341008e+10  4.51133860e+10  2.29e-03 4.84e-08  4.08e+00   228s
  97   4.51327527e+10  4.51144115e+10  2.01e-03 5.40e-08  3.61e+00   230s
  98   4.51315885e+10  4.51149643e+10  1.77e-03 4.52e-08  3.28e+00   233s
  99   4.51312749e+10  4.51153267e+10  1.70e-03 3.12e-08  3.14e+00   235s
 100   4.51302490e+10  4.51159492e+10  1.48e-03 4.42e-08  2.82e+00   238s
 101   4.51295370e+10  4.51164306e+10  1.34e-03 4.10e-08  2.58e+00   241s
 102   4.51286279e+10  4.51172564e+10  1.14e-03 3.21e-08  2.24e+00   243s
 103   4.51279582e+10  4.51175834e+10  1.00e-03 1.86e-08  2.04e+00   246s
 104   4.51274989e+10  4.51183390e+10  9.05e-04 2.89e-08  1.80e+00   248s
 105   4.51269835e+10  4.51189691e+10  7.96e-04 4.38e-08  1.58e+00   251s
 106   4.51264417e+10  4.51193469e+10  6.85e-04 2.98e-08  1.40e+00   254s
 107   4.51263580e+10  4.51197194e+10  6.68e-04 3.07e-08  1.31e+00   256s
 108   4.51261084e+10  4.51198857e+10  6.16e-04 4.42e-08  1.23e+00   259s
 109   4.51256013e+10  4.51202627e+10  5.12e-04 5.49e-08  1.05e+00   262s
 110   4.51254461e+10  4.51206478e+10  4.81e-04 2.65e-08  9.45e-01   264s
 111   4.51252853e+10  4.51207997e+10  4.48e-04 4.47e-08  8.84e-01   267s
 112   4.51249961e+10  4.51211591e+10  3.88e-04 7.26e-08  7.56e-01   270s
 113   4.51248028e+10  4.51214368e+10  3.49e-04 6.52e-08  6.63e-01   272s
 114   4.51246632e+10  4.51215736e+10  3.21e-04 6.75e-08  6.09e-01   275s
 115   4.51244328e+10  4.51217272e+10  2.75e-04 7.12e-08  5.33e-01   278s
 116   4.51242765e+10  4.51218799e+10  2.43e-04 9.45e-08  4.72e-01   280s
 117   4.51241334e+10  4.51220680e+10  2.13e-04 9.03e-08  4.07e-01   283s
 118   4.51240469e+10  4.51221649e+10  1.96e-04 7.22e-08  3.71e-01   286s
 119   4.51239723e+10  4.51221895e+10  1.81e-04 5.54e-08  3.51e-01   288s
 120   4.51239627e+10  4.51222950e+10  1.79e-04 7.82e-08  3.29e-01   290s
 121   4.51238144e+10  4.51223699e+10  1.50e-04 6.85e-08  2.85e-01   293s
 122   4.51236857e+10  4.51224314e+10  1.24e-04 7.31e-08  2.47e-01   296s
 123   4.51236216e+10  4.51225824e+10  1.12e-04 4.61e-08  2.05e-01   299s
 124   4.51235456e+10  4.51226170e+10  9.71e-05 7.12e-08  1.83e-01   302s
 125   4.51234757e+10  4.51226639e+10  8.24e-05 7.36e-08  1.60e-01   305s
 126   4.51234245e+10  4.51227178e+10  7.22e-05 6.19e-08  1.39e-01   308s
 127   4.51234193e+10  4.51227360e+10  7.09e-05 6.01e-08  1.35e-01   311s
 128   4.51233565e+10  4.51227769e+10  5.88e-05 8.34e-08  1.14e-01   313s
 129   4.51232978e+10  4.51228091e+10  4.62e-05 3.74e-07  9.63e-02   317s
 130   4.51232561e+10  4.51228710e+10  3.76e-05 2.63e-07  7.59e-02   320s
 131   4.51232305e+10  4.51229023e+10  3.18e-05 4.63e-07  6.47e-02   323s
 132   4.51232020e+10  4.51229278e+10  2.61e-05 6.31e-07  5.40e-02   327s
 133   4.51231869e+10  4.51229324e+10  2.36e-05 6.03e-07  5.01e-02   329s
 134   4.51231638e+10  4.51229602e+10  1.86e-05 4.59e-07  4.01e-02   333s
 135   4.51231479e+10  4.51229749e+10  1.58e-05 3.91e-07  3.41e-02   336s
 136   4.51231356e+10  4.51229965e+10  1.32e-05 3.11e-07  2.74e-02   340s
 137   4.51231259e+10  4.51230130e+10  1.16e-05 2.24e-07  2.22e-02   343s
 138   4.51231225e+10  4.51230149e+10  1.05e-05 2.24e-07  2.12e-02   346s
 139   4.51231196e+10  4.51230164e+10  1.01e-05 2.20e-07  2.03e-02   349s
 140   4.51231139e+10  4.51230286e+10  9.01e-06 1.62e-07  1.68e-02   352s
 141   4.51231035e+10  4.51230348e+10  6.91e-06 1.34e-07  1.35e-02   356s
 142   4.51230977e+10  4.51230400e+10  6.29e-06 1.06e-07  1.14e-02   360s
 143   4.51230917e+10  4.51230437e+10  5.23e-06 9.59e-08  9.47e-03   364s

Barrier solved model in 143 iterations and 364.02 seconds (370.79 work units)
Optimal objective 4.51230917e+10


Gurobi 12.0.1 (linux64) logging started Thu Jan 22 15:21:49 2026

Set parameter LogFile to value "gurobi_cap_exp.log"
Gurobi Optimizer version 12.0.1 build v12.0.1rc0 (linux64 - "Debian GNU/Linux 12 (bookworm)")

CPU model: INTEL(R) XEON(R) PLATINUM 8581C CPU @ 2.30GHz, instruction set [SSE2|AVX|AVX2|AVX512]
Thread count: 8 physical cores, 16 logical processors, using up to 8 threads

Non-default parameters:
Method  2
BarConvTol  1e-06
Crossover  0
AggFill  0
PreDual  0
Seed  123
Threads  8

WLS license 2526863 - registered to TransitionZero
Optimize a model with 5957441 rows, 2934673 columns and 16807459 nonzeros
Model fingerprint: 0x45b8c0f9
Coefficient statistics:
  Matrix range     [1e-02, 6e+03]
  Objective range  [1e+00, 5e+05]
  Bounds range     [2e+10, 2e+10]
  RHS range        [4e+00, 1e+08]
Warning: Model contains large bounds
         Consider reformulating model or setting NumericFocus parameter
         to avoid numerical issues.
Presolve removed 3356256 rows and 580000 columns (presolve time = 7s)...
Presolve removed 3365815 rows and 589559 columns (presolve time = 10s)...
Presolve removed 3795315 rows and 589559 columns
Presolve time: 13.36s
Presolved: 2162126 rows, 2774614 columns, 10579426 nonzeros
Elapsed ordering time = 7s
Elapsed ordering time = 10s
Ordering time: 14.00s

Barrier statistics:
 Dense cols : 62
 AA' NZ     : 1.622e+07
 Factor NZ  : 8.867e+07 (roughly 2.7 GB of memory)
 Factor Ops : 3.152e+10 (less than 1 second per iteration)
 Threads    : 8

                  Objective                Residual
Iter       Primal          Dual         Primal    Dual     Compl     Time
   0   1.00379556e+16 -1.31911665e+15  9.61e+10 7.38e+02  2.16e+12    32s
   1   1.00321118e+16 -1.32214844e+15  9.46e+10 2.76e+05  2.12e+12    33s
   2   1.00203764e+16 -1.42596408e+15  9.16e+10 1.85e+05  1.88e+12    34s
   3   9.98905943e+15 -1.45584482e+15  6.97e+10 1.55e+05  1.47e+12    36s
   4   9.69988023e+15 -1.48424680e+15  5.89e+10 1.27e+05  1.25e+12    38s
   5   8.82447256e+15 -1.52116975e+15  1.21e+10 8.75e+04  4.14e+11    40s
   6   8.50042789e+15 -1.49390606e+15  2.28e+09 2.78e+04  1.10e+11    42s
   7   8.46076012e+15 -1.40214973e+15  2.11e+09 1.45e+04  7.38e+10    44s
   8   7.92245676e+15 -1.28541960e+15  8.10e+08 6.65e+03  3.24e+10    46s
   9   7.38666656e+15 -1.13423874e+15  5.24e+08 3.26e+03  1.88e+10    47s
  10   6.77835658e+15 -1.02027032e+15  3.88e+08 1.99e+03  1.32e+10    48s
  11   5.86891113e+15 -8.70816082e+14  2.86e+08 8.76e+02  8.69e+09    49s
  12   4.78728904e+15 -7.68715983e+14  2.00e+08 4.93e+02  5.98e+09    50s
  13   2.84874353e+15 -5.88920348e+14  9.57e+07 1.13e+02  2.83e+09    52s
  14   1.54904275e+15 -5.42897181e+14  4.73e+07 8.69e+01  1.48e+09    53s
  15   1.24720040e+15 -4.13675353e+14  3.73e+07 2.82e+01  1.11e+09    54s
  16   7.08261807e+14 -3.47846252e+14  2.02e+07 1.21e+01  6.17e+08    55s
  17   4.51720440e+14 -3.04821001e+14  1.23e+07 7.26e+00  3.89e+08    56s
  18   3.85414083e+14 -2.81417015e+14  1.04e+07 5.72e+00  3.29e+08    57s
  19   1.68716990e+14 -2.46844139e+14  4.13e+06 3.77e+00  1.58e+08    59s
  20   6.05189008e+13 -1.88292056e+14  1.25e+06 1.69e+00  6.98e+07    60s
  21   1.65637250e+13 -1.53359445e+14  2.28e+05 9.07e-01  3.72e+07    61s
  22   5.18763550e+12 -1.00066273e+14  3.12e+04 1.70e-01  2.13e+07    63s
  23   1.95910392e+12 -2.45718748e+13  6.68e+03 7.54e-04  5.27e+06    65s
  24   9.76472663e+11 -1.14288450e+13  2.09e+03 3.55e-04  2.45e+06    66s
  25   6.94065375e+11 -5.78450732e+12  8.92e+02 1.79e-04  1.28e+06    67s
  26   5.58713821e+11 -2.91587281e+12  4.47e+02 9.23e-05  6.86e+05    68s
  27   3.60333459e+11 -2.28043470e+12  8.80e+01 2.38e-02  5.21e+05    70s
  28   2.73453333e+11 -1.40905290e+12  4.91e+01 2.06e-02  3.32e+05    72s
  29   2.51377760e+11 -1.11619560e+12  4.21e+01 1.59e-02  2.70e+05    73s
  30   2.34151801e+11 -7.53394878e+11  3.72e+01 6.32e-03  1.95e+05    75s
  31   2.11545600e+11 -5.10173209e+11  3.15e+01 2.80e-03  1.42e+05    76s
  32   2.06781814e+11 -4.36396542e+11  3.04e+01 1.60e-05  1.27e+05    77s
  33   1.45145906e+11 -2.77603772e+11  1.70e+01 1.05e-05  8.33e+04    79s
  34   1.03737398e+11 -1.00475071e+11  8.65e+00 4.48e-06  4.02e+04    81s
  35   9.43435144e+10 -5.59271603e+10  7.06e+00 3.08e-06  2.96e+04    84s
  36   8.42704484e+10 -2.30947621e+10  5.33e+00 2.03e-06  2.12e+04    86s
  37   8.12194682e+10 -6.08010322e+09  4.86e+00 1.55e-06  1.72e+04    87s
  38   7.72651238e+10  6.23860090e+09  4.20e+00 1.20e-06  1.40e+04    89s
  39   7.34772344e+10  1.28156973e+10  3.64e+00 1.01e-06  1.20e+04    90s
  40   7.17289373e+10  1.56107250e+10  3.34e+00 9.42e-07  1.11e+04    92s
  41   6.82060169e+10  2.20928755e+10  2.77e+00 7.70e-07  9.08e+03    95s
  42   6.55957145e+10  2.69026806e+10  2.33e+00 6.37e-07  7.62e+03    97s
  43   6.41568391e+10  3.02557996e+10  2.08e+00 5.51e-07  6.68e+03    99s
  44   6.14696818e+10  3.38690562e+10  1.64e+00 4.58e-07  5.44e+03   101s
  45   5.95370803e+10  3.75388837e+10  1.35e+00 3.64e-07  4.33e+03   104s
  46   5.82535309e+10  4.01196584e+10  1.12e+00 2.99e-07  3.57e+03   106s
  47   5.74289583e+10  4.16133714e+10  9.64e-01 2.59e-07  3.12e+03   109s
  48   5.66742990e+10  4.27032174e+10  8.10e-01 2.33e-07  2.75e+03   111s
  49   5.65140902e+10  4.39072842e+10  7.75e-01 2.07e-07  2.48e+03   113s
  50   5.59383666e+10  4.60453354e+10  6.38e-01 1.60e-07  1.95e+03   115s
  51   5.55755545e+10  4.75748978e+10  5.56e-01 1.26e-07  1.58e+03   118s
  52   5.55564062e+10  4.82657775e+10  5.52e-01 1.11e-07  1.44e+03   120s
  53   5.51828707e+10  4.89543267e+10  4.68e-01 9.53e-08  1.23e+03   122s
  54   5.48362830e+10  4.97062714e+10  3.85e-01 7.74e-08  1.01e+03   125s
  55   5.45687322e+10  5.00015134e+10  3.23e-01 7.02e-08  9.00e+02   127s
  56   5.43163129e+10  5.04635763e+10  2.64e-01 5.94e-08  7.59e+02   130s
  57   5.40927667e+10  5.08508513e+10  2.13e-01 5.05e-08  6.39e+02   132s
  58   5.39558078e+10  5.14506193e+10  1.83e-01 3.73e-08  4.94e+02   135s
  59   5.39001411e+10  5.19023369e+10  1.71e-01 2.70e-08  3.94e+02   137s
  60   5.37190315e+10  5.21308084e+10  1.34e-01 3.35e-08  3.13e+02   140s
  61   5.36130647e+10  5.23012992e+10  1.11e-01 5.03e-08  2.58e+02   142s
  62   5.35354251e+10  5.25068732e+10  9.45e-02 7.08e-08  2.03e+02   145s
  63   5.34316001e+10  5.26259328e+10  7.33e-02 8.75e-08  1.59e+02   148s
  64   5.33801991e+10  5.27282249e+10  6.23e-02 6.85e-08  1.28e+02   150s
  65   5.33487124e+10  5.27816002e+10  5.59e-02 5.54e-08  1.12e+02   153s
  66   5.33187087e+10  5.28123207e+10  4.95e-02 7.31e-08  9.98e+01   155s
  67   5.32830946e+10  5.28535133e+10  4.21e-02 5.77e-08  8.46e+01   158s
  68   5.32624713e+10  5.29117850e+10  3.77e-02 5.87e-08  6.91e+01   160s
  69   5.32404446e+10  5.29310442e+10  3.32e-02 4.47e-08  6.10e+01   163s
  70   5.32221595e+10  5.29608058e+10  2.95e-02 4.84e-08  5.15e+01   165s
  71   5.32071915e+10  5.29751335e+10  2.64e-02 4.24e-08  4.57e+01   168s
  72   5.31908209e+10  5.29884007e+10  2.31e-02 4.05e-08  3.99e+01   170s
  73   5.31739532e+10  5.29964016e+10  1.96e-02 2.98e-08  3.50e+01   173s
  74   5.31670115e+10  5.30095081e+10  1.82e-02 3.68e-08  3.10e+01   175s
  75   5.31555252e+10  5.30159895e+10  1.57e-02 3.59e-08  2.75e+01   178s
  76   5.31544378e+10  5.30177642e+10  1.54e-02 3.49e-08  2.69e+01   180s
  77   5.31488234e+10  5.30230607e+10  1.42e-02 4.00e-08  2.48e+01   182s
  78   5.31446692e+10  5.30311723e+10  1.33e-02 2.98e-08  2.24e+01   184s
  79   5.31417133e+10  5.30358938e+10  1.27e-02 2.56e-08  2.08e+01   187s
  80   5.31407248e+10  5.30385953e+10  1.25e-02 2.58e-08  2.01e+01   188s
  81   5.31338914e+10  5.30430674e+10  1.11e-02 2.89e-08  1.79e+01   191s
  82   5.31296877e+10  5.30455790e+10  1.02e-02 4.24e-08  1.66e+01   193s
  83   5.31264810e+10  5.30474675e+10  9.51e-03 4.89e-08  1.56e+01   196s
  84   5.31210149e+10  5.30508381e+10  8.34e-03 2.75e-08  1.38e+01   198s
  85   5.31180582e+10  5.30530628e+10  7.71e-03 4.33e-08  1.28e+01   201s
  86   5.31166783e+10  5.30556868e+10  7.42e-03 3.45e-08  1.20e+01   203s
  87   5.31125464e+10  5.30578159e+10  6.53e-03 2.61e-08  1.08e+01   206s
  88   5.31101860e+10  5.30601332e+10  6.03e-03 3.40e-08  9.86e+00   208s
  89   5.31085283e+10  5.30626224e+10  5.70e-03 2.79e-08  9.04e+00   211s
  90   5.31041422e+10  5.30647757e+10  4.77e-03 3.03e-08  7.76e+00   213s
  91   5.31030536e+10  5.30660250e+10  4.54e-03 5.17e-08  7.30e+00   216s
  92   5.31014678e+10  5.30682178e+10  4.21e-03 7.87e-08  6.55e+00   218s
  93   5.30992626e+10  5.30689862e+10  3.91e-03 4.38e-08  5.97e+00   221s
  94   5.30979059e+10  5.30713076e+10  3.82e-03 6.29e-08  5.24e+00   223s
  95   5.30959014e+10  5.30722722e+10  3.62e-03 3.91e-08  4.66e+00   226s
  96   5.30942691e+10  5.30731969e+10  3.44e-03 2.98e-08  4.15e+00   228s
  97   5.30933128e+10  5.30741857e+10  3.32e-03 6.61e-08  3.77e+00   231s
  98   5.30923708e+10  5.30750160e+10  3.17e-03 5.59e-08  3.42e+00   233s
  99   5.30914408e+10  5.30752879e+10  2.99e-03 9.41e-08  3.18e+00   236s
 100   5.30910452e+10  5.30756919e+10  2.91e-03 8.34e-08  3.03e+00   238s
 101   5.30903196e+10  5.30761782e+10  2.78e-03 5.68e-08  2.79e+00   240s
 102   5.30893244e+10  5.30765068e+10  2.57e-03 5.96e-08  2.53e+00   243s
 103   5.30889079e+10  5.30770940e+10  2.47e-03 1.62e-07  2.33e+00   245s
 104   5.30879872e+10  5.30773040e+10  2.25e-03 2.03e-07  2.11e+00   247s
 105   5.30873003e+10  5.30779546e+10  2.08e-03 3.39e-07  1.84e+00   250s
 106   5.30868610e+10  5.30783556e+10  1.90e-03 3.08e-07  1.68e+00   253s
 107   5.30866677e+10  5.30787374e+10  1.85e-03 2.61e-07  1.56e+00   255s
 108   5.30863310e+10  5.30792929e+10  1.76e-03 1.73e-07  1.39e+00   258s
 109   5.30856853e+10  5.30795947e+10  1.57e-03 2.72e-07  1.20e+00   260s
 110   5.30854622e+10  5.30799334e+10  1.46e-03 2.30e-07  1.09e+00   262s
 111   5.30851819e+10  5.30801580e+10  1.34e-03 1.82e-07  9.90e-01   265s
 112   5.30850523e+10  5.30803564e+10  1.28e-03 1.85e-07  9.25e-01   268s
 113   5.30846803e+10  5.30804920e+10  1.10e-03 1.58e-07  8.25e-01   271s
 114   5.30844753e+10  5.30808181e+10  1.01e-03 1.17e-07  7.21e-01   274s
 115   5.30842227e+10  5.30809517e+10  9.16e-04 1.97e-07  6.45e-01   276s
 116   5.30840084e+10  5.30810811e+10  8.13e-04 1.97e-07  5.77e-01   279s
 117   5.30838070e+10  5.30813051e+10  7.18e-04 8.52e-08  4.93e-01   281s
 118   5.30835846e+10  5.30814179e+10  6.14e-04 1.89e-07  4.27e-01   284s
 119   5.30835326e+10  5.30814932e+10  5.93e-04 3.13e-07  4.02e-01   287s
 120   5.30834677e+10  5.30816240e+10  5.63e-04 2.90e-07  3.63e-01   290s
 121   5.30833482e+10  5.30816598e+10  5.06e-04 2.93e-07  3.33e-01   292s
 122   5.30831544e+10  5.30817023e+10  4.17e-04 2.76e-07  2.86e-01   295s
 123   5.30830638e+10  5.30817615e+10  3.76e-04 5.17e-07  2.57e-01   298s
 124   5.30829981e+10  5.30818009e+10  3.45e-04 6.34e-07  2.36e-01   301s
 125   5.30828896e+10  5.30818616e+10  2.93e-04 5.57e-07  2.03e-01   304s
 126   5.30828291e+10  5.30819330e+10  2.65e-04 3.34e-07  1.77e-01   307s
 127   5.30827528e+10  5.30819783e+10  2.29e-04 2.42e-07  1.53e-01   310s
 128   5.30827094e+10  5.30820131e+10  2.09e-04 3.28e-07  1.37e-01   313s
 129   5.30826613e+10  5.30820492e+10  1.86e-04 1.36e-06  1.21e-01   316s
 130   5.30825871e+10  5.30820792e+10  1.51e-04 1.34e-06  1.00e-01   320s
 131   5.30825674e+10  5.30820956e+10  1.41e-04 1.23e-06  9.30e-02   322s
 132   5.30825108e+10  5.30821095e+10  1.15e-04 1.12e-06  7.91e-02   326s
 133   5.30824923e+10  5.30821261e+10  1.06e-04 1.00e-06  7.22e-02   329s
 134   5.30824602e+10  5.30821496e+10  9.09e-05 7.17e-07  6.12e-02   332s
 135   5.30824344e+10  5.30821682e+10  7.87e-05 6.06e-07  5.25e-02   335s
 136   5.30824113e+10  5.30821817e+10  6.80e-05 4.23e-07  4.52e-02   338s
 137   5.30823936e+10  5.30821966e+10  5.97e-05 3.53e-07  3.88e-02   342s
 138   5.30823820e+10  5.30822041e+10  5.41e-05 3.11e-07  3.51e-02   345s
 139   5.30823582e+10  5.30822154e+10  4.29e-05 2.58e-07  2.81e-02   349s
 140   5.30823511e+10  5.30822203e+10  3.94e-05 2.37e-07  2.58e-02   351s
 141   5.30823375e+10  5.30822270e+10  3.28e-05 1.93e-07  2.18e-02   354s
 142   5.30823349e+10  5.30822280e+10  3.16e-05 1.90e-07  2.11e-02   358s
 143   5.30823262e+10  5.30822353e+10  2.74e-05 1.64e-07  1.79e-02   361s
 144   5.30823200e+10  5.30822397e+10  2.44e-05 1.39e-07  1.58e-02   365s
 145   5.30823147e+10  5.30822416e+10  2.18e-05 1.32e-07  1.44e-02   367s
 146   5.30823068e+10  5.30822448e+10  1.80e-05 1.24e-07  1.22e-02   370s

Barrier solved model in 146 iterations and 370.43 seconds (378.18 work units)
Optimal objective 5.30823068e+10


Gurobi 12.0.1 (linux64) logging started Thu Jan 22 16:25:09 2026

Set parameter LogFile to value "gurobi_cap_exp.log"
Gurobi Optimizer version 12.0.1 build v12.0.1rc0 (linux64 - "Debian GNU/Linux 12 (bookworm)")

CPU model: INTEL(R) XEON(R) PLATINUM 8581C CPU @ 2.30GHz, instruction set [SSE2|AVX|AVX2|AVX512]
Thread count: 8 physical cores, 16 logical processors, using up to 8 threads

Non-default parameters:
Method  2
BarConvTol  1e-06
Crossover  0
AggFill  0
PreDual  0
Seed  123
Threads  8

WLS license 2526863 - registered to TransitionZero
Optimize a model with 6088832 rows, 3013513 columns and 17149075 nonzeros
Model fingerprint: 0x6840c765
Coefficient statistics:
  Matrix range     [1e-02, 6e+03]
  Objective range  [1e+00, 5e+05]
  Bounds range     [2e+10, 2e+10]
  RHS range        [4e+00, 1e+08]
Warning: Model contains large bounds
         Consider reformulating model or setting NumericFocus parameter
         to avoid numerical issues.
Presolve removed 3488807 rows and 660000 columns (presolve time = 7s)...
Presolve removed 3497206 rows and 668399 columns (presolve time = 10s)...
Presolve removed 3926706 rows and 668399 columns
Presolve time: 13.61s
Presolved: 2162126 rows, 2774614 columns, 10579426 nonzeros
Elapsed ordering time = 7s
Elapsed ordering time = 10s
Ordering time: 13.72s

Barrier statistics:
 Dense cols : 62
 AA' NZ     : 1.622e+07
 Factor NZ  : 8.867e+07 (roughly 2.7 GB of memory)
 Factor Ops : 3.152e+10 (less than 1 second per iteration)
 Threads    : 8

                  Objective                Residual
Iter       Primal          Dual         Primal    Dual     Compl     Time
   0   5.67254183e+15 -1.34501445e+15  3.83e+11 9.43e+02  2.06e+12    32s
   1   5.66739458e+15 -1.34801462e+15  3.77e+11 2.75e+05  2.02e+12    33s
   2   5.65714685e+15 -1.45071782e+15  3.65e+11 1.84e+05  1.80e+12    34s
   3   5.56740946e+15 -1.47500626e+15  2.74e+11 1.60e+05  1.40e+12    36s
   4   5.27900121e+15 -1.50087746e+15  2.33e+11 1.34e+05  1.20e+12    38s
   5   4.47430305e+15 -1.57003634e+15  6.48e+10 8.84e+04  4.62e+11    40s
   6   4.23169580e+15 -1.55099848e+15  1.26e+10 2.61e+04  1.13e+11    42s
   7   4.22256645e+15 -1.44335119e+15  1.20e+10 1.13e+04  7.68e+10    44s
   8   3.99634852e+15 -1.33407995e+15  3.94e+09 5.89e+03  3.11e+10    45s
   9   3.78834516e+15 -1.18392475e+15  2.57e+09 2.89e+03  1.85e+10    46s
  10   3.53905347e+15 -1.00108197e+15  1.80e+09 1.34e+03  1.20e+10    48s
  11   2.70882277e+15 -8.46605168e+14  8.53e+08 6.44e+02  5.90e+09    49s
  12   1.68319043e+15 -6.87855428e+14  3.99e+08 2.58e+02  2.72e+09    50s
  13   7.74258889e+14 -5.48236821e+14  1.30e+08 1.09e+02  1.01e+09    51s
  14   4.29453835e+14 -4.62502589e+14  6.09e+07 7.19e+01  5.31e+08    52s
  15   2.05746170e+14 -4.13711909e+14  2.33e+07 5.77e+01  2.74e+08    53s
  16   1.56573092e+14 -3.01024019e+14  1.68e+07 3.49e+01  1.86e+08    55s
  17   1.17659038e+14 -2.23721404e+14  1.18e+07 2.17e+01  1.27e+08    56s
  18   5.47937344e+13 -1.86395115e+14  4.42e+06 1.63e+01  7.28e+07    57s
  19   4.08705986e+13 -9.44219089e+13  3.02e+06 5.29e+00  3.81e+07    59s
  20   1.19163839e+13 -6.34483108e+13  5.46e+05 2.46e+00  1.73e+07    60s
  21   4.11057856e+12 -4.91712791e+13  7.03e+04 1.57e+00  1.11e+07    62s
  22   1.68724448e+12 -2.57928348e+13  7.01e+03 1.21e-01  5.55e+06    63s
  23   1.15604927e+12 -1.92081572e+13  3.30e+03 2.23e-04  4.07e+06    64s
  24   9.10352726e+11 -9.58427027e+12  2.21e+03 6.59e-01  2.09e+06    66s
  25   6.72088838e+11 -4.89449734e+12  1.44e+03 2.66e-01  1.10e+06    67s
  26   3.98033818e+11 -2.55880205e+12  6.67e+02 1.52e-01  5.85e+05    68s
  27   3.33182954e+11 -1.38552504e+12  4.92e+02 4.06e-02  3.40e+05    70s
  28   2.51910732e+11 -1.01379763e+12  2.90e+02 1.29e-05  2.50e+05    72s
  29   2.21788678e+11 -6.88323375e+11  2.11e+02 9.06e-06  1.80e+05    73s
  30   1.95723504e+11 -5.95595345e+11  1.51e+02 4.20e-02  1.56e+05    74s
  31   1.69999237e+11 -3.82962417e+11  9.59e+01 1.74e-02  1.09e+05    76s
  32   1.43890229e+11 -2.14053767e+11  5.33e+01 2.32e-03  7.06e+04    78s
  33   1.20437999e+11 -1.31515338e+11  3.38e+01 2.43e-06  4.97e+04    80s
  34   1.05366829e+11 -8.79535698e+10  2.59e+01 2.09e-06  3.81e+04    83s
  35   9.64525490e+10 -5.69447675e+10  2.06e+01 1.57e-06  3.02e+04    85s
  36   9.18507524e+10 -3.64520644e+10  1.85e+01 1.29e-06  2.53e+04    87s
  37   8.88899183e+10 -2.57589736e+10  1.68e+01 1.09e-06  2.26e+04    90s
  38   8.27061833e+10 -1.02414922e+10  1.36e+01 8.50e-07  1.83e+04    92s
  39   7.99331698e+10  1.07079000e+10  1.20e+01 6.00e-07  1.36e+04    95s
  40   7.67129311e+10  2.74192074e+10  9.86e+00 5.37e-07  9.71e+03    97s
  41   7.19642449e+10  3.38437173e+10  6.98e+00 3.17e-07  7.51e+03   100s
  42   6.91405979e+10  3.86771678e+10  5.40e+00 2.39e-07  6.00e+03   102s
  43   6.66120571e+10  4.16501679e+10  4.05e+00 2.61e-07  4.92e+03   104s
  44   6.50761790e+10  4.43271108e+10  3.16e+00 1.98e-07  4.09e+03   107s
  45   6.40028783e+10  4.62551136e+10  2.53e+00 2.46e-07  3.50e+03   109s
  46   6.32701272e+10  4.75341796e+10  2.10e+00 2.28e-07  3.10e+03   112s
  47   6.26415425e+10  4.84868505e+10  1.74e+00 3.06e-07  2.79e+03   114s
  48   6.22780041e+10  5.00008318e+10  1.54e+00 1.59e-07  2.42e+03   117s
  49   6.17250542e+10  5.10583752e+10  1.23e+00 1.64e-07  2.10e+03   119s
  50   6.11925060e+10  5.19324716e+10  9.62e-01 1.61e-07  1.82e+03   121s
  51   6.09388818e+10  5.33504517e+10  8.36e-01 2.20e-07  1.50e+03   124s
  52   6.07132542e+10  5.42953496e+10  7.24e-01 1.68e-07  1.26e+03   126s
  53   6.04909733e+10  5.46736812e+10  6.22e-01 1.23e-07  1.15e+03   129s
  54   6.03247237e+10  5.51824043e+10  5.42e-01 1.51e-07  1.01e+03   131s
  55   6.02415448e+10  5.54409959e+10  5.03e-01 1.53e-07  9.46e+02   134s
  56   6.00838517e+10  5.56979384e+10  4.30e-01 1.49e-07  8.64e+02   136s
  57   5.99298411e+10  5.58783973e+10  3.63e-01 1.12e-07  7.98e+02   138s
  58   5.98364275e+10  5.60294017e+10  3.21e-01 1.20e-07  7.50e+02   141s
  59   5.96619996e+10  5.66522995e+10  2.45e-01 1.05e-07  5.93e+02   143s
  60   5.95484656e+10  5.67766774e+10  1.99e-01 1.98e-07  5.46e+02   145s
  61   5.94838960e+10  5.73835454e+10  1.75e-01 1.16e-07  4.14e+02   148s
  62   5.93941699e+10  5.76693293e+10  1.40e-01 1.33e-07  3.40e+02   150s
  63   5.93213389e+10  5.77825609e+10  1.13e-01 1.67e-07  3.03e+02   152s
  64   5.92924912e+10  5.80679696e+10  1.02e-01 1.15e-07  2.41e+02   155s
  65   5.92415307e+10  5.81741840e+10  8.46e-02 1.56e-07  2.10e+02   157s
  66   5.92153076e+10  5.82245723e+10  7.53e-02 7.64e-08  1.95e+02   159s
  67   5.91708825e+10  5.83201561e+10  6.03e-02 8.48e-08  1.68e+02   162s
  68   5.91335208e+10  5.84334623e+10  4.74e-02 1.59e-07  1.38e+02   164s
  69   5.91154298e+10  5.85790537e+10  4.13e-02 3.21e-07  1.06e+02   166s
  70   5.91008116e+10  5.85971367e+10  3.67e-02 2.67e-07  9.93e+01   168s
  71   5.90805015e+10  5.86335603e+10  3.00e-02 2.61e-07  8.81e+01   170s
  72   5.90666634e+10  5.86786299e+10  2.53e-02 1.83e-07  7.65e+01   173s
  73   5.90500531e+10  5.87318459e+10  2.02e-02 4.21e-07  6.27e+01   175s
  74   5.90374056e+10  5.87547123e+10  1.65e-02 5.70e-07  5.57e+01   177s
  75   5.90359866e+10  5.87939523e+10  1.61e-02 5.48e-07  4.77e+01   179s
  76   5.90233272e+10  5.88086400e+10  1.24e-02 4.70e-07  4.23e+01   182s
  77   5.90211667e+10  5.88313321e+10  1.17e-02 8.42e-07  3.74e+01   183s
  78   5.90092210e+10  5.88509914e+10  8.39e-03 6.08e-07  3.12e+01   186s
  79   5.90034578e+10  5.88903726e+10  6.61e-03 5.59e-07  2.23e+01   188s
  80   5.90003585e+10  5.89087216e+10  5.79e-03 1.19e-06  1.81e+01   191s
  81   5.89951916e+10  5.89257563e+10  4.36e-03 2.05e-06  1.37e+01   193s
  82   5.89908344e+10  5.89385514e+10  3.17e-03 2.15e-06  1.03e+01   196s
  83   5.89890094e+10  5.89392442e+10  2.72e-03 2.11e-06  9.81e+00   198s
  84   5.89866707e+10  5.89481292e+10  2.10e-03 1.86e-06  7.60e+00   201s
  85   5.89843562e+10  5.89557870e+10  1.53e-03 2.49e-06  5.63e+00   203s
  86   5.89834789e+10  5.89629197e+10  1.27e-03 2.78e-06  4.05e+00   206s
  87   5.89816534e+10  5.89671585e+10  8.23e-04 3.91e-06  2.86e+00   208s
  88   5.89809475e+10  5.89719456e+10  6.36e-04 5.23e-06  1.77e+00   211s
  89   5.89800620e+10  5.89732146e+10  4.21e-04 5.19e-06  1.35e+00   213s
  90   5.89794481e+10  5.89745247e+10  3.23e-04 3.72e-06  9.70e-01   216s
  91   5.89790525e+10  5.89755559e+10  2.33e-04 2.58e-06  6.89e-01   219s
  92   5.89787146e+10  5.89764389e+10  1.34e-04 1.66e-06  4.49e-01   222s
  93   5.89784917e+10  5.89770527e+10  8.43e-05 1.08e-06  2.84e-01   226s
  94   5.89783494e+10  5.89774101e+10  5.46e-05 7.26e-07  1.85e-01   228s
  95   5.89782766e+10  5.89774890e+10  3.89e-05 6.70e-07  1.55e-01   230s
  96   5.89782348e+10  5.89776212e+10  2.96e-05 4.65e-07  1.21e-01   232s
  97   5.89782110e+10  5.89777009e+10  2.41e-05 5.28e-07  1.01e-01   233s
  98   5.89781851e+10  5.89777726e+10  1.86e-05 3.75e-07  8.13e-02   235s
  99   5.89781648e+10  5.89778632e+10  1.42e-05 3.34e-07  5.94e-02   237s
 100   5.89781516e+10  5.89779155e+10  1.19e-05 3.16e-07  4.65e-02   238s
 101   5.89781398e+10  5.89779291e+10  9.30e-06 2.03e-07  4.15e-02   240s
 102   5.89781288e+10  5.89779879e+10  7.41e-06 3.45e-07  2.78e-02   242s
 103   5.89781151e+10  5.89780287e+10  4.61e-06 9.50e-08  1.70e-02   244s
 104   5.89781100e+10  5.89780467e+10  3.78e-06 1.03e-07  1.25e-02   247s

Barrier solved model in 104 iterations and 246.71 seconds (248.68 work units)
Optimal objective 5.89781100e+10


Gurobi 12.0.1 (linux64) logging started Thu Jan 22 16:48:10 2026

Set parameter LogFile to value "gurobi_cap_exp.log"
Gurobi Optimizer version 12.0.1 build v12.0.1rc0 (linux64 - "Debian GNU/Linux 12 (bookworm)")

CPU model: INTEL(R) XEON(R) PLATINUM 8581C CPU @ 2.30GHz, instruction set [SSE2|AVX|AVX2|AVX512]
Thread count: 8 physical cores, 16 logical processors, using up to 8 threads

Non-default parameters:
Method  2
BarConvTol  1e-06
Crossover  0
AggFill  0
PreDual  0
Seed  123
Threads  8

WLS license 2526863 - registered to TransitionZero
Optimize a model with 6088773 rows, 3013513 columns and 16632213 nonzeros
Model fingerprint: 0xbea50611
Coefficient statistics:
  Matrix range     [1e-02, 6e+03]
  Objective range  [1e+00, 5e+05]
  Bounds range     [2e+10, 2e+10]
  RHS range        [4e+00, 1e+08]
Warning: Model contains large bounds
         Consider reformulating model or setting NumericFocus parameter
         to avoid numerical issues.
Presolve removed 3488799 rows and 660000 columns (presolve time = 7s)...
Presolve removed 3497198 rows and 668399 columns (presolve time = 10s)...
Presolve removed 3926667 rows and 668399 columns
Presolve time: 13.55s
Presolved: 2162106 rows, 2774583 columns, 10404177 nonzeros
Elapsed ordering time = 7s
Elapsed ordering time = 10s
Ordering time: 13.30s

Barrier statistics:
 Dense cols : 62
 AA' NZ     : 1.552e+07
 Factor NZ  : 8.600e+07 (roughly 2.7 GB of memory)
 Factor Ops : 2.881e+10 (less than 1 second per iteration)
 Threads    : 8

                  Objective                Residual
Iter       Primal          Dual         Primal    Dual     Compl     Time
   0   4.43386806e+15 -1.33445306e+15  2.99e+11 9.22e+02  1.61e+12    32s
   1   4.42990909e+15 -1.33704819e+15  2.95e+11 2.76e+05  1.58e+12    33s
   2   4.42109586e+15 -1.41831216e+15  2.84e+11 1.96e+05  1.43e+12    35s
   3   4.35870794e+15 -1.42848562e+15  2.16e+11 1.72e+05  1.12e+12    36s
   4   4.20169525e+15 -1.47219261e+15  1.92e+11 1.16e+05  9.54e+11    38s
   5   3.58605302e+15 -1.51615178e+15  6.98e+10 7.48e+04  4.19e+11    40s
   6   3.37377991e+15 -1.51599338e+15  1.87e+10 5.18e+04  1.78e+11    42s
   7   3.32754284e+15 -1.44737843e+15  3.22e+09 1.55e+04  4.94e+10    45s
   8   3.32363733e+15 -1.32188576e+15  3.15e+09 1.01e+04  3.76e+10    47s
   9   3.22014154e+15 -1.19097426e+15  1.74e+09 6.71e+03  2.22e+10    48s
  10   3.10713990e+15 -1.01313485e+15  1.27e+09 2.79e+03  1.30e+10    49s
  11   2.81085009e+15 -8.53164075e+14  7.92e+08 1.20e+03  7.48e+09    51s
  12   2.21019265e+15 -6.66558409e+14  4.45e+08 5.25e+02  3.70e+09    52s
  13   1.12616299e+15 -4.97540158e+14  1.47e+08 1.39e+02  1.24e+09    53s
  14   7.14494309e+14 -4.02026034e+14  7.93e+07 7.25e+01  6.88e+08    54s
  15   4.77862858e+14 -3.07915817e+14  4.93e+07 3.60e+01  4.20e+08    55s
  16   2.94394640e+14 -2.47240342e+14  2.81e+07 2.07e+01  2.48e+08    57s
  17   1.38898644e+14 -2.07176192e+14  1.15e+07 1.43e+01  1.25e+08    58s
  18   4.33758520e+13 -1.41673663e+14  2.60e+06 7.32e+00  4.87e+07    59s
  19   3.67358212e+13 -8.14707860e+13  2.13e+06 3.10e+00  3.01e+07    60s
  20   2.46961285e+13 -4.26218594e+13  1.35e+06 1.03e+00  1.60e+07    61s
  21   6.78365609e+12 -2.35957386e+13  2.99e+05 3.11e-01  6.40e+06    62s
  22   2.76987425e+12 -6.10667893e+12  1.03e+05 2.70e-04  1.79e+06    64s
  23   2.06163084e+12 -4.18901521e+12  7.50e+04 8.59e-02  1.25e+06    65s
  24   1.04237939e+12 -1.96417876e+12  3.50e+04 6.89e-05  5.98e+05    67s
  25   7.86848504e+11 -1.22126826e+12  2.53e+04 4.16e-05  3.98e+05    68s
  26   5.67710192e+11 -7.40844029e+11  1.70e+04 2.27e-05  2.59e+05    69s
  27   3.67602022e+11 -4.84328168e+11  9.83e+03 1.54e-05  1.68e+05    72s
  28   3.02325971e+11 -3.23012214e+11  7.48e+03 1.17e-05  1.23e+05    73s
  29   2.53384955e+11 -2.28419751e+11  5.81e+03 8.81e-06  9.51e+04    74s
  30   2.14680670e+11 -1.68124479e+11  4.57e+03 6.86e-06  7.55e+04    75s
  31   1.68158536e+11 -1.20335228e+11  3.20e+03 5.43e-06  5.69e+04    77s
  32   1.33491390e+11 -6.51051523e+10  2.21e+03 3.64e-06  3.91e+04    79s
  33   1.15273273e+11 -4.70337198e+10  1.70e+03 3.11e-06  3.20e+04    81s
  34   1.02967542e+11 -2.88289904e+10  1.35e+03 2.49e-06  2.60e+04    83s
  35   9.08869948e+10 -6.99637820e+09  1.02e+03 1.85e-06  1.93e+04    85s
  36   8.62335279e+10  1.56580529e+09  8.88e+02 1.58e-06  1.67e+04    88s
  37   7.89303764e+10  1.05917297e+10  6.85e+02 1.30e-06  1.35e+04    91s
  38   7.36028449e+10  1.81755656e+10  5.41e+02 1.13e-06  1.09e+04    93s
  39   7.20231559e+10  2.68040448e+10  4.99e+02 8.04e-07  8.91e+03    96s
  40   6.74030553e+10  3.19627026e+10  3.75e+02 6.03e-07  6.98e+03    98s
  41   6.41386503e+10  3.38139364e+10  2.90e+02 5.74e-07  5.97e+03   101s
  42   6.24749502e+10  3.62064633e+10  2.47e+02 4.91e-07  5.18e+03   103s
  43   5.97709187e+10  3.88877437e+10  1.79e+02 3.94e-07  4.11e+03   106s
  44   5.85754006e+10  4.12183028e+10  1.50e+02 3.21e-07  3.42e+03   108s
  45   5.74506190e+10  4.21003404e+10  1.23e+02 3.09e-07  3.02e+03   110s
  46   5.66928420e+10  4.42665412e+10  1.04e+02 2.13e-07  2.45e+03   113s
  47   5.60683622e+10  4.52849625e+10  9.04e+01 2.10e-07  2.12e+03   115s
  48   5.55350837e+10  4.59528481e+10  7.83e+01 1.95e-07  1.89e+03   117s
  49   5.54283814e+10  4.62455400e+10  7.59e+01 1.63e-07  1.81e+03   120s
  50   5.50874072e+10  4.66545637e+10  6.82e+01 1.67e-07  1.66e+03   122s
  51   5.49268622e+10  4.70101974e+10  6.45e+01 1.40e-07  1.56e+03   124s
  52   5.43171320e+10  4.73590614e+10  5.05e+01 1.70e-07  1.37e+03   127s
  53   5.38386469e+10  4.80348780e+10  3.96e+01 9.59e-08  1.14e+03   130s
  54   5.35065631e+10  4.87623327e+10  3.21e+01 1.28e-07  9.35e+02   132s
  55   5.32006223e+10  4.94475913e+10  2.54e+01 6.10e-08  7.39e+02   135s
  56   5.30526323e+10  4.97155552e+10  2.22e+01 1.02e-07  6.57e+02   137s
  57   5.29864516e+10  4.98316213e+10  2.07e+01 5.49e-08  6.22e+02   140s
  58   5.28973764e+10  5.01637087e+10  1.87e+01 7.17e-08  5.39e+02   142s
  59   5.27840948e+10  5.04347246e+10  1.62e+01 2.98e-08  4.63e+02   144s
  60   5.27050544e+10  5.06828103e+10  1.45e+01 7.54e-08  3.98e+02   147s
  61   5.26399547e+10  5.09840533e+10  1.31e+01 3.12e-08  3.26e+02   150s
  62   5.25129189e+10  5.10454059e+10  1.05e+01 3.17e-08  2.89e+02   152s
  63   5.24202442e+10  5.12778247e+10  8.59e+00 3.26e-08  2.25e+02   155s
  64   5.23696067e+10  5.13918381e+10  7.59e+00 1.86e-08  1.93e+02   157s
  65   5.23295698e+10  5.14590113e+10  6.83e+00 2.89e-08  1.72e+02   159s
  66   5.22821134e+10  5.15084534e+10  5.91e+00 4.19e-08  1.52e+02   162s
  67   5.22518130e+10  5.15760830e+10  5.33e+00 4.42e-08  1.33e+02   164s
  68   5.22197750e+10  5.16334442e+10  4.73e+00 2.05e-08  1.16e+02   167s
  69   5.21942782e+10  5.16566771e+10  4.25e+00 2.65e-08  1.06e+02   169s
  70   5.21607074e+10  5.16823460e+10  3.62e+00 1.63e-08  9.42e+01   171s
  71   5.21341449e+10  5.17415560e+10  3.13e+00 4.28e-08  7.73e+01   174s
  72   5.21090772e+10  5.17608208e+10  2.67e+00 2.56e-08  6.86e+01   176s
  73   5.20913789e+10  5.17824757e+10  2.35e+00 5.31e-08  6.09e+01   178s
  74   5.20714036e+10  5.18052606e+10  1.99e+00 1.37e-08  5.24e+01   181s
  75   5.20567099e+10  5.18179794e+10  1.72e+00 2.35e-08  4.70e+01   183s
  76   5.20453109e+10  5.18467719e+10  1.52e+00 4.42e-08  3.91e+01   186s
  77   5.20364948e+10  5.18583384e+10  1.37e+00 1.68e-08  3.51e+01   188s
  78   5.20255943e+10  5.18695576e+10  1.18e+00 1.86e-08  3.07e+01   191s
  79   5.20186777e+10  5.18779967e+10  1.06e+00 2.61e-08  2.77e+01   194s
  80   5.20131779e+10  5.18904049e+10  9.61e-01 5.22e-08  2.42e+01   196s
  81   5.20073966e+10  5.18990136e+10  8.62e-01 3.77e-08  2.14e+01   198s
  82   5.19985505e+10  5.19048922e+10  7.12e-01 5.54e-08  1.85e+01   201s
  83   5.19917761e+10  5.19145814e+10  5.94e-01 3.68e-08  1.52e+01   203s
  84   5.19890685e+10  5.19193466e+10  5.47e-01 3.54e-08  1.37e+01   206s
  85   5.19856416e+10  5.19220436e+10  4.88e-01 4.47e-08  1.25e+01   209s
  86   5.19827913e+10  5.19288732e+10  4.40e-01 3.35e-08  1.06e+01   211s
  87   5.19806491e+10  5.19319219e+10  4.03e-01 4.75e-08  9.60e+00   214s
  88   5.19789787e+10  5.19338973e+10  3.75e-01 5.12e-08  8.88e+00   216s
  89   5.19773853e+10  5.19365460e+10  3.48e-01 8.75e-08  8.05e+00   218s
  90   5.19747420e+10  5.19385954e+10  3.05e-01 1.10e-07  7.12e+00   221s
  91   5.19723108e+10  5.19403422e+10  2.63e-01 1.17e-07  6.30e+00   223s
  92   5.19706536e+10  5.19409360e+10  2.36e-01 1.06e-07  5.85e+00   225s
  93   5.19693068e+10  5.19434684e+10  2.13e-01 1.19e-07  5.09e+00   227s
  94   5.19670363e+10  5.19445695e+10  1.76e-01 1.51e-07  4.43e+00   230s
  95   5.19662677e+10  5.19462465e+10  1.63e-01 2.02e-07  3.94e+00   233s
  96   5.19654720e+10  5.19476651e+10  1.49e-01 1.83e-07  3.51e+00   235s
  97   5.19645555e+10  5.19482250e+10  1.34e-01 2.23e-07  3.22e+00   237s
  98   5.19625202e+10  5.19490049e+10  1.01e-01 1.94e-07  2.66e+00   240s
  99   5.19620308e+10  5.19507037e+10  9.27e-02 2.97e-07  2.23e+00   242s
 100   5.19616835e+10  5.19509947e+10  8.69e-02 3.49e-07  2.11e+00   245s
 101   5.19612014e+10  5.19515046e+10  7.91e-02 2.59e-07  1.91e+00   247s
 102   5.19605618e+10  5.19518694e+10  6.87e-02 2.50e-07  1.71e+00   249s
 103   5.19600419e+10  5.19524742e+10  6.01e-02 1.23e-07  1.49e+00   252s
 104   5.19598486e+10  5.19525823e+10  5.70e-02 1.00e-07  1.43e+00   254s
 105   5.19594423e+10  5.19531206e+10  5.05e-02 1.15e-07  1.25e+00   256s
 106   5.19593435e+10  5.19533691e+10  4.88e-02 6.10e-08  1.18e+00   259s
 107   5.19585622e+10  5.19541440e+10  3.61e-02 5.72e-07  8.70e-01   261s
 108   5.19579040e+10  5.19545442e+10  2.55e-02 7.00e-07  6.62e-01   263s
 109   5.19575648e+10  5.19551195e+10  2.01e-02 7.14e-07  4.82e-01   266s
 110   5.19573273e+10  5.19554249e+10  1.65e-02 6.15e-07  3.75e-01   269s
 111   5.19571559e+10  5.19555378e+10  1.39e-02 5.67e-07  3.19e-01   271s
 112   5.19569582e+10  5.19557094e+10  1.08e-02 5.87e-07  2.46e-01   273s
 113   5.19566991e+10  5.19559041e+10  6.73e-03 4.70e-07  1.57e-01   275s
 114   5.19565760e+10  5.19560219e+10  4.72e-03 1.22e-06  1.09e-01   278s
 115   5.19565018e+10  5.19561347e+10  3.47e-03 5.21e-07  7.23e-02   281s
 116   5.19564286e+10  5.19561823e+10  2.33e-03 5.45e-07  4.85e-02   283s
 117   5.19563791e+10  5.19562116e+10  1.50e-03 4.27e-07  3.30e-02   286s
 118   5.19563596e+10  5.19562339e+10  1.18e-03 2.84e-07  2.48e-02   289s
 119   5.19563455e+10  5.19562425e+10  9.46e-04 2.39e-07  2.03e-02   290s
 120   5.19563341e+10  5.19562537e+10  7.61e-04 1.53e-07  1.58e-02   292s
 121   5.19563150e+10  5.19562616e+10  4.45e-04 1.17e-07  1.05e-02   293s

Barrier solved model in 121 iterations and 293.10 seconds (284.94 work units)
Optimal objective 5.19563150e+10

