timestep,TWN-CoGen_coal-2030_exo,TWN-CoGen_biogas_waste-2030_exo,TWN-CoGen_coal-2024active_exo,TWN-CoGen_biogas_waste-2024active_exo
01/01/2030 00:00,0.447141738,0.447141738,0.447141738,0.447141738
01/01/2030 01:00,0.415818324,0.415818324,0.415818324,0.415818324
01/01/2030 02:00,0.28660924,0.28660924,0.28660924,0.28660924
01/01/2030 03:00,0.310101801,0.310101801,0.310101801,0.310101801
01/01/2030 04:00,0.314017228,0.314017228,0.314017228,0.314017228
01/01/2030 05:00,0.313234143,0.313234143,0.313234143,0.313234143
01/01/2030 06:00,0.311667972,0.311667972,0.311667972,0.311667972
01/01/2030 07:00,0.323414252,0.323414252,0.323414252,0.323414252
01/01/2030 08:00,0.322631167,0.322631167,0.322631167,0.322631167
01/01/2030 09:00,0.305403289,0.305403289,0.305403289,0.305403289
01/01/2030 10:00,0.300704777,0.300704777,0.300704777,0.300704777
01/01/2030 11:00,0.317932655,0.317932655,0.317932655,0.317932655
01/01/2030 12:00,0.339075959,0.339075959,0.339075959,0.339075959
01/01/2030 13:00,0.360219264,0.360219264,0.360219264,0.360219264
01/01/2030 14:00,0.383711825,0.383711825,0.383711825,0.383711825
01/01/2030 15:00,0.351605325,0.351605325,0.351605325,0.351605325
01/01/2030 16:00,0.346123727,0.346123727,0.346123727,0.346123727
01/01/2030 17:00,0.292873923,0.292873923,0.292873923,0.292873923
01/01/2030 18:00,0.382928739,0.382928739,0.382928739,0.382928739
01/01/2030 19:00,0.381362569,0.381362569,0.381362569,0.381362569
01/01/2030 20:00,0.337509789,0.337509789,0.337509789,0.337509789
01/01/2030 21:00,0.311667972,0.311667972,0.311667972,0.311667972
01/01/2030 22:00,0.39467502,0.39467502,0.39467502,0.39467502
01/01/2030 23:00,0.327329679,0.327329679,0.327329679,0.327329679
02/01/2030 00:00,0.33046202,0.33046202,0.33046202,0.33046202
02/01/2030 01:00,0.434612373,0.434612373,0.434612373,0.434612373
02/01/2030 02:00,0.309318716,0.309318716,0.309318716,0.309318716
02/01/2030 03:00,0.309318716,0.309318716,0.309318716,0.309318716
02/01/2030 04:00,0.346123727,0.346123727,0.346123727,0.346123727
02/01/2030 05:00,0.304620204,0.304620204,0.304620204,0.304620204
02/01/2030 06:00,0.335160532,0.335160532,0.335160532,0.335160532
02/01/2030 07:00,0.275646045,0.275646045,0.275646045,0.275646045
02/01/2030 08:00,0.23101018,0.23101018,0.23101018,0.23101018
02/01/2030 09:00,0.213782302,0.213782302,0.213782302,0.213782302
02/01/2030 10:00,0.277995301,0.277995301,0.277995301,0.277995301
02/01/2030 11:00,0.32889585,0.32889585,0.32889585,0.32889585
02/01/2030 12:00,0.33046202,0.33046202,0.33046202,0.33046202
02/01/2030 13:00,0.348472984,0.348472984,0.348472984,0.348472984
02/01/2030 14:00,0.327329679,0.327329679,0.327329679,0.327329679
02/01/2030 15:00,0.317149569,0.317149569,0.317149569,0.317149569
02/01/2030 16:00,0.303837118,0.303837118,0.303837118,0.303837118
02/01/2030 17:00,0.314800313,0.314800313,0.314800313,0.314800313
02/01/2030 18:00,0.238057948,0.238057948,0.238057948,0.238057948
02/01/2030 19:00,0.324197338,0.324197338,0.324197338,0.324197338
02/01/2030 20:00,0.360219264,0.360219264,0.360219264,0.360219264
02/01/2030 21:00,0.27486296,0.27486296,0.27486296,0.27486296
02/01/2030 22:00,0.358653093,0.358653093,0.358653093,0.358653093
02/01/2030 23:00,0.397024276,0.397024276,0.397024276,0.397024276
03/01/2030 00:00,0.420516836,0.420516836,0.420516836,0.420516836
03/01/2030 01:00,0.454189507,0.454189507,0.454189507,0.454189507
03/01/2030 02:00,0.324197338,0.324197338,0.324197338,0.324197338
03/01/2030 03:00,0.321848081,0.321848081,0.321848081,0.321848081
03/01/2030 04:00,0.315583399,0.315583399,0.315583399,0.315583399
03/01/2030 05:00,0.298355521,0.298355521,0.298355521,0.298355521
03/01/2030 06:00,0.241973375,0.241973375,0.241973375,0.241973375
03/01/2030 07:00,0.385277995,0.385277995,0.385277995,0.385277995
03/01/2030 08:00,0.319498825,0.319498825,0.319498825,0.319498825
03/01/2030 09:00,0.389193422,0.389193422,0.389193422,0.389193422
03/01/2030 10:00,0.480814409,0.480814409,0.480814409,0.480814409
03/01/2030 11:00,0.501174628,0.501174628,0.501174628,0.501174628
03/01/2030 12:00,0.555990603,0.555990603,0.555990603,0.555990603
03/01/2030 13:00,0.427564605,0.427564605,0.427564605,0.427564605
03/01/2030 14:00,0.490994518,0.490994518,0.490994518,0.490994518
03/01/2030 15:00,0.552075176,0.552075176,0.552075176,0.552075176
03/01/2030 16:00,0.522317933,0.522317933,0.522317933,0.522317933
03/01/2030 17:00,0.436178543,0.436178543,0.436178543,0.436178543
03/01/2030 18:00,0.430696946,0.430696946,0.430696946,0.430696946
03/01/2030 19:00,0.445575568,0.445575568,0.445575568,0.445575568
03/01/2030 20:00,0.531714957,0.531714957,0.531714957,0.531714957
03/01/2030 21:00,0.487079092,0.487079092,0.487079092,0.487079092
03/01/2030 22:00,0.361002349,0.361002349,0.361002349,0.361002349
03/01/2030 23:00,0.334377447,0.334377447,0.334377447,0.334377447
04/01/2030 00:00,0.382928739,0.382928739,0.382928739,0.382928739
04/01/2030 01:00,0.345340642,0.345340642,0.345340642,0.345340642
04/01/2030 02:00,0.323414252,0.323414252,0.323414252,0.323414252
04/01/2030 03:00,0.320281911,0.320281911,0.320281911,0.320281911
04/01/2030 04:00,0.321848081,0.321848081,0.321848081,0.321848081
04/01/2030 05:00,0.311667972,0.311667972,0.311667972,0.311667972
04/01/2030 06:00,0.310101801,0.310101801,0.310101801,0.310101801
04/01/2030 07:00,0.322631167,0.322631167,0.322631167,0.322631167
04/01/2030 08:00,0.34064213,0.34064213,0.34064213,0.34064213
04/01/2030 09:00,0.28504307,0.28504307,0.28504307,0.28504307
04/01/2030 10:00,0.369616288,0.369616288,0.369616288,0.369616288
04/01/2030 11:00,0.443226312,0.443226312,0.443226312,0.443226312
04/01/2030 12:00,0.451057165,0.451057165,0.451057165,0.451057165
04/01/2030 13:00,0.484729836,0.484729836,0.484729836,0.484729836
04/01/2030 14:00,0.495693031,0.495693031,0.495693031,0.495693031
04/01/2030 15:00,0.51605325,0.51605325,0.51605325,0.51605325
04/01/2030 16:00,0.558339859,0.558339859,0.558339859,0.558339859
04/01/2030 17:00,0.440877056,0.440877056,0.440877056,0.440877056
04/01/2030 18:00,0.440877056,0.440877056,0.440877056,0.440877056
04/01/2030 19:00,0.486296006,0.486296006,0.486296006,0.486296006
04/01/2030 20:00,0.496476116,0.496476116,0.496476116,0.496476116
04/01/2030 21:00,0.425215348,0.425215348,0.425215348,0.425215348
04/01/2030 22:00,0.397024276,0.397024276,0.397024276,0.397024276
04/01/2030 23:00,0.270164448,0.270164448,0.270164448,0.270164448
05/01/2030 00:00,0.311667972,0.311667972,0.311667972,0.311667972
05/01/2030 01:00,0.322631167,0.322631167,0.322631167,0.322631167
05/01/2030 02:00,0.334377447,0.334377447,0.334377447,0.334377447
05/01/2030 03:00,0.316366484,0.316366484,0.316366484,0.316366484
05/01/2030 04:00,0.321848081,0.321848081,0.321848081,0.321848081
05/01/2030 05:00,0.324980423,0.324980423,0.324980423,0.324980423
05/01/2030 06:00,0.309318716,0.309318716,0.309318716,0.309318716
05/01/2030 07:00,0.379013312,0.379013312,0.379013312,0.379013312
05/01/2030 08:00,0.400939702,0.400939702,0.400939702,0.400939702
05/01/2030 09:00,0.436961629,0.436961629,0.436961629,0.436961629
05/01/2030 10:00,0.399373532,0.399373532,0.399373532,0.399373532
05/01/2030 11:00,0.433046202,0.433046202,0.433046202,0.433046202
05/01/2030 12:00,0.474549726,0.474549726,0.474549726,0.474549726
05/01/2030 13:00,0.342208301,0.342208301,0.342208301,0.342208301
05/01/2030 14:00,0.36256852,0.36256852,0.36256852,0.36256852
05/01/2030 15:00,0.457321848,0.457321848,0.457321848,0.457321848
05/01/2030 16:00,0.459671104,0.459671104,0.459671104,0.459671104
05/01/2030 17:00,0.486296006,0.486296006,0.486296006,0.486296006
05/01/2030 18:00,0.467501958,0.467501958,0.467501958,0.467501958
05/01/2030 19:00,0.435395458,0.435395458,0.435395458,0.435395458
05/01/2030 20:00,0.442443226,0.442443226,0.442443226,0.442443226
05/01/2030 21:00,0.437744714,0.437744714,0.437744714,0.437744714
05/01/2030 22:00,0.333594362,0.333594362,0.333594362,0.333594362
05/01/2030 23:00,0.281910728,0.281910728,0.281910728,0.281910728
06/01/2030 00:00,0.31871574,0.31871574,0.31871574,0.31871574
06/01/2030 01:00,0.30853563,0.30853563,0.30853563,0.30853563
06/01/2030 02:00,0.302270948,0.302270948,0.302270948,0.302270948
06/01/2030 03:00,0.316366484,0.316366484,0.316366484,0.316366484
06/01/2030 04:00,0.307752545,0.307752545,0.307752545,0.307752545
06/01/2030 05:00,0.312451057,0.312451057,0.312451057,0.312451057
06/01/2030 06:00,0.30853563,0.30853563,0.30853563,0.30853563
06/01/2030 07:00,0.345340642,0.345340642,0.345340642,0.345340642
06/01/2030 08:00,0.354737666,0.354737666,0.354737666,0.354737666
06/01/2030 09:00,0.364134691,0.364134691,0.364134691,0.364134691
06/01/2030 10:00,0.339859045,0.339859045,0.339859045,0.339859045
06/01/2030 11:00,0.449490995,0.449490995,0.449490995,0.449490995
06/01/2030 12:00,0.489428348,0.489428348,0.489428348,0.489428348
06/01/2030 13:00,0.480814409,0.480814409,0.480814409,0.480814409
06/01/2030 14:00,0.524667189,0.524667189,0.524667189,0.524667189
06/01/2030 15:00,0.533281128,0.533281128,0.533281128,0.533281128
06/01/2030 16:00,0.490211433,0.490211433,0.490211433,0.490211433
06/01/2030 17:00,0.465152702,0.465152702,0.465152702,0.465152702
06/01/2030 18:00,0.452623336,0.452623336,0.452623336,0.452623336
06/01/2030 19:00,0.470634299,0.470634299,0.470634299,0.470634299
06/01/2030 20:00,0.445575568,0.445575568,0.445575568,0.445575568
06/01/2030 21:00,0.424432263,0.424432263,0.424432263,0.424432263
06/01/2030 22:00,0.42834769,0.42834769,0.42834769,0.42834769
06/01/2030 23:00,0.399373532,0.399373532,0.399373532,0.399373532
07/01/2030 00:00,0.368050117,0.368050117,0.368050117,0.368050117
07/01/2030 01:00,0.328112764,0.328112764,0.328112764,0.328112764
07/01/2030 02:00,0.309318716,0.309318716,0.309318716,0.309318716
07/01/2030 03:00,0.299921691,0.299921691,0.299921691,0.299921691
07/01/2030 04:00,0.294440094,0.294440094,0.294440094,0.294440094
07/01/2030 05:00,0.255285826,0.255285826,0.255285826,0.255285826
07/01/2030 06:00,0.288175411,0.288175411,0.288175411,0.288175411
07/01/2030 07:00,0.366483947,0.366483947,0.366483947,0.366483947
07/01/2030 08:00,0.41816758,0.41816758,0.41816758,0.41816758
07/01/2030 09:00,0.400156617,0.400156617,0.400156617,0.400156617
07/01/2030 10:00,0.500391543,0.500391543,0.500391543,0.500391543
07/01/2030 11:00,0.51605325,0.51605325,0.51605325,0.51605325
07/01/2030 12:00,0.512920908,0.512920908,0.512920908,0.512920908
07/01/2030 13:00,0.486296006,0.486296006,0.486296006,0.486296006
07/01/2030 14:00,0.491777604,0.491777604,0.491777604,0.491777604
07/01/2030 15:00,0.534847298,0.534847298,0.534847298,0.534847298
07/01/2030 16:00,0.581049334,0.581049334,0.581049334,0.581049334
07/01/2030 17:00,0.473766641,0.473766641,0.473766641,0.473766641
07/01/2030 18:00,0.448707909,0.448707909,0.448707909,0.448707909
07/01/2030 19:00,0.465152702,0.465152702,0.465152702,0.465152702
07/01/2030 20:00,0.400939702,0.400939702,0.400939702,0.400939702
07/01/2030 21:00,0.47220047,0.47220047,0.47220047,0.47220047
07/01/2030 22:00,0.35238841,0.35238841,0.35238841,0.35238841
07/01/2030 23:00,0.328112764,0.328112764,0.328112764,0.328112764
08/01/2030 00:00,0.314800313,0.314800313,0.314800313,0.314800313
08/01/2030 01:00,0.316366484,0.316366484,0.316366484,0.316366484
08/01/2030 02:00,0.296006265,0.296006265,0.296006265,0.296006265
08/01/2030 03:00,0.300704777,0.300704777,0.300704777,0.300704777
08/01/2030 04:00,0.300704777,0.300704777,0.300704777,0.300704777
08/01/2030 05:00,0.304620204,0.304620204,0.304620204,0.304620204
08/01/2030 06:00,0.28660924,0.28660924,0.28660924,0.28660924
08/01/2030 07:00,0.270164448,0.270164448,0.270164448,0.270164448
08/01/2030 08:00,0.204385278,0.204385278,0.204385278,0.204385278
08/01/2030 09:00,0.199686766,0.199686766,0.199686766,0.199686766
08/01/2030 10:00,0.240407204,0.240407204,0.240407204,0.240407204
08/01/2030 11:00,0.357870008,0.357870008,0.357870008,0.357870008
08/01/2030 12:00,0.281910728,0.281910728,0.281910728,0.281910728
08/01/2030 13:00,0.238057948,0.238057948,0.238057948,0.238057948
08/01/2030 14:00,0.29678935,0.29678935,0.29678935,0.29678935
08/01/2030 15:00,0.337509789,0.337509789,0.337509789,0.337509789
08/01/2030 16:00,0.369616288,0.369616288,0.369616288,0.369616288
08/01/2030 17:00,0.289741582,0.289741582,0.289741582,0.289741582
08/01/2030 18:00,0.284259984,0.284259984,0.284259984,0.284259984
08/01/2030 19:00,0.346123727,0.346123727,0.346123727,0.346123727
08/01/2030 20:00,0.233359436,0.233359436,0.233359436,0.233359436
08/01/2030 21:00,0.27486296,0.27486296,0.27486296,0.27486296
08/01/2030 22:00,0.317149569,0.317149569,0.317149569,0.317149569
08/01/2030 23:00,0.313234143,0.313234143,0.313234143,0.313234143
09/01/2030 00:00,0.343774471,0.343774471,0.343774471,0.343774471
09/01/2030 01:00,0.331245106,0.331245106,0.331245106,0.331245106
09/01/2030 02:00,0.34064213,0.34064213,0.34064213,0.34064213
09/01/2030 03:00,0.302270948,0.302270948,0.302270948,0.302270948
09/01/2030 04:00,0.292090838,0.292090838,0.292090838,0.292090838
09/01/2030 05:00,0.317149569,0.317149569,0.317149569,0.317149569
09/01/2030 06:00,0.292090838,0.292090838,0.292090838,0.292090838
09/01/2030 07:00,0.272513704,0.272513704,0.272513704,0.272513704
09/01/2030 08:00,0.270164448,0.270164448,0.270164448,0.270164448
09/01/2030 09:00,0.270164448,0.270164448,0.270164448,0.270164448
09/01/2030 10:00,0.27486296,0.27486296,0.27486296,0.27486296
09/01/2030 11:00,0.283476899,0.283476899,0.283476899,0.283476899
09/01/2030 12:00,0.321848081,0.321848081,0.321848081,0.321848081
09/01/2030 13:00,0.387627251,0.387627251,0.387627251,0.387627251
09/01/2030 14:00,0.375880971,0.375880971,0.375880971,0.375880971
09/01/2030 15:00,0.37274863,0.37274863,0.37274863,0.37274863
09/01/2030 16:00,0.296006265,0.296006265,0.296006265,0.296006265
09/01/2030 17:00,0.277995301,0.277995301,0.277995301,0.277995301
09/01/2030 18:00,0.429130775,0.429130775,0.429130775,0.429130775
09/01/2030 19:00,0.304620204,0.304620204,0.304620204,0.304620204
09/01/2030 20:00,0.274079875,0.274079875,0.274079875,0.274079875
09/01/2030 21:00,0.351605325,0.351605325,0.351605325,0.351605325
09/01/2030 22:00,0.322631167,0.322631167,0.322631167,0.322631167
09/01/2030 23:00,0.310101801,0.310101801,0.310101801,0.310101801
10/01/2030 00:00,0.418950666,0.418950666,0.418950666,0.418950666
10/01/2030 01:00,0.364134691,0.364134691,0.364134691,0.364134691
10/01/2030 02:00,0.328112764,0.328112764,0.328112764,0.328112764
10/01/2030 03:00,0.356303837,0.356303837,0.356303837,0.356303837
10/01/2030 04:00,0.353954581,0.353954581,0.353954581,0.353954581
10/01/2030 05:00,0.338292874,0.338292874,0.338292874,0.338292874
10/01/2030 06:00,0.31871574,0.31871574,0.31871574,0.31871574
10/01/2030 07:00,0.361002349,0.361002349,0.361002349,0.361002349
10/01/2030 08:00,0.392325764,0.392325764,0.392325764,0.392325764
10/01/2030 09:00,0.422083007,0.422083007,0.422083007,0.422083007
10/01/2030 10:00,0.422083007,0.422083007,0.422083007,0.422083007
10/01/2030 11:00,0.492560689,0.492560689,0.492560689,0.492560689
10/01/2030 12:00,0.515270164,0.515270164,0.515270164,0.515270164
10/01/2030 13:00,0.481597494,0.481597494,0.481597494,0.481597494
10/01/2030 14:00,0.51605325,0.51605325,0.51605325,0.51605325
10/01/2030 15:00,0.557556774,0.557556774,0.557556774,0.557556774
10/01/2030 16:00,0.548159749,0.548159749,0.548159749,0.548159749
10/01/2030 17:00,0.445575568,0.445575568,0.445575568,0.445575568
10/01/2030 18:00,0.503523884,0.503523884,0.503523884,0.503523884
10/01/2030 19:00,0.424432263,0.424432263,0.424432263,0.424432263
10/01/2030 20:00,0.436961629,0.436961629,0.436961629,0.436961629
10/01/2030 21:00,0.469068128,0.469068128,0.469068128,0.469068128
10/01/2030 22:00,0.370399374,0.370399374,0.370399374,0.370399374
10/01/2030 23:00,0.335160532,0.335160532,0.335160532,0.335160532
11/01/2030 00:00,0.292873923,0.292873923,0.292873923,0.292873923
11/01/2030 01:00,0.325763508,0.325763508,0.325763508,0.325763508
11/01/2030 02:00,0.313234143,0.313234143,0.313234143,0.313234143
11/01/2030 03:00,0.299921691,0.299921691,0.299921691,0.299921691
11/01/2030 04:00,0.296006265,0.296006265,0.296006265,0.296006265
11/01/2030 05:00,0.305403289,0.305403289,0.305403289,0.305403289
11/01/2030 06:00,0.342208301,0.342208301,0.342208301,0.342208301
11/01/2030 07:00,0.413469068,0.413469068,0.413469068,0.413469068
11/01/2030 08:00,0.448707909,0.448707909,0.448707909,0.448707909
11/01/2030 09:00,0.451057165,0.451057165,0.451057165,0.451057165
11/01/2030 10:00,0.467501958,0.467501958,0.467501958,0.467501958
11/01/2030 11:00,0.516836335,0.516836335,0.516836335,0.516836335
11/01/2030 12:00,0.565387627,0.565387627,0.565387627,0.565387627
11/01/2030 13:00,0.426781519,0.426781519,0.426781519,0.426781519
11/01/2030 14:00,0.486296006,0.486296006,0.486296006,0.486296006
11/01/2030 15:00,0.473766641,0.473766641,0.473766641,0.473766641
11/01/2030 16:00,0.475332811,0.475332811,0.475332811,0.475332811
11/01/2030 17:00,0.489428348,0.489428348,0.489428348,0.489428348
11/01/2030 18:00,0.425998434,0.425998434,0.425998434,0.425998434
11/01/2030 19:00,0.45027408,0.45027408,0.45027408,0.45027408
11/01/2030 20:00,0.397807361,0.397807361,0.397807361,0.397807361
11/01/2030 21:00,0.457321848,0.457321848,0.457321848,0.457321848
11/01/2030 22:00,0.422083007,0.422083007,0.422083007,0.422083007
11/01/2030 23:00,0.364134691,0.364134691,0.364134691,0.364134691
12/01/2030 00:00,0.310101801,0.310101801,0.310101801,0.310101801
12/01/2030 01:00,0.34064213,0.34064213,0.34064213,0.34064213
12/01/2030 02:00,0.28504307,0.28504307,0.28504307,0.28504307
12/01/2030 03:00,0.329678935,0.329678935,0.329678935,0.329678935
12/01/2030 04:00,0.302270948,0.302270948,0.302270948,0.302270948
12/01/2030 05:00,0.251370399,0.251370399,0.251370399,0.251370399
12/01/2030 06:00,0.303837118,0.303837118,0.303837118,0.303837118
12/01/2030 07:00,0.361785435,0.361785435,0.361785435,0.361785435
12/01/2030 08:00,0.430696946,0.430696946,0.430696946,0.430696946
12/01/2030 09:00,0.427564605,0.427564605,0.427564605,0.427564605
12/01/2030 10:00,0.472983555,0.472983555,0.472983555,0.472983555
12/01/2030 11:00,0.558339859,0.558339859,0.558339859,0.558339859
12/01/2030 12:00,0.531714957,0.531714957,0.531714957,0.531714957
12/01/2030 13:00,0.508222396,0.508222396,0.508222396,0.508222396
12/01/2030 14:00,0.452623336,0.452623336,0.452623336,0.452623336
12/01/2030 15:00,0.52779953,0.52779953,0.52779953,0.52779953
12/01/2030 16:00,0.584964761,0.584964761,0.584964761,0.584964761
12/01/2030 17:00,0.551292091,0.551292091,0.551292091,0.551292091
12/01/2030 18:00,0.524667189,0.524667189,0.524667189,0.524667189
12/01/2030 19:00,0.531714957,0.531714957,0.531714957,0.531714957
12/01/2030 20:00,0.553641347,0.553641347,0.553641347,0.553641347
12/01/2030 21:00,0.545810493,0.545810493,0.545810493,0.545810493
12/01/2030 22:00,0.361002349,0.361002349,0.361002349,0.361002349
12/01/2030 23:00,0.335943618,0.335943618,0.335943618,0.335943618
13/01/2030 00:00,0.382145654,0.382145654,0.382145654,0.382145654
13/01/2030 01:00,0.359436179,0.359436179,0.359436179,0.359436179
13/01/2030 02:00,0.347689898,0.347689898,0.347689898,0.347689898
13/01/2030 03:00,0.386844166,0.386844166,0.386844166,0.386844166
13/01/2030 04:00,0.342991386,0.342991386,0.342991386,0.342991386
13/01/2030 05:00,0.35082224,0.35082224,0.35082224,0.35082224
13/01/2030 06:00,0.339075959,0.339075959,0.339075959,0.339075959
13/01/2030 07:00,0.378230227,0.378230227,0.378230227,0.378230227
13/01/2030 08:00,0.387627251,0.387627251,0.387627251,0.387627251
13/01/2030 09:00,0.425215348,0.425215348,0.425215348,0.425215348
13/01/2030 10:00,0.421299922,0.421299922,0.421299922,0.421299922
13/01/2030 11:00,0.421299922,0.421299922,0.421299922,0.421299922
13/01/2030 12:00,0.470634299,0.470634299,0.470634299,0.470634299
13/01/2030 13:00,0.529365701,0.529365701,0.529365701,0.529365701
13/01/2030 14:00,0.54972592,0.54972592,0.54972592,0.54972592
13/01/2030 15:00,0.541111981,0.541111981,0.541111981,0.541111981
13/01/2030 16:00,0.620203602,0.620203602,0.620203602,0.620203602
13/01/2030 17:00,0.509005482,0.509005482,0.509005482,0.509005482
13/01/2030 18:00,0.507439311,0.507439311,0.507439311,0.507439311
13/01/2030 19:00,0.522317933,0.522317933,0.522317933,0.522317933
13/01/2030 20:00,0.588880188,0.588880188,0.588880188,0.588880188
13/01/2030 21:00,0.552075176,0.552075176,0.552075176,0.552075176
13/01/2030 22:00,0.49412686,0.49412686,0.49412686,0.49412686
13/01/2030 23:00,0.430696946,0.430696946,0.430696946,0.430696946
14/01/2030 00:00,0.521534847,0.521534847,0.521534847,0.521534847
14/01/2030 01:00,0.509788567,0.509788567,0.509788567,0.509788567
14/01/2030 02:00,0.52779953,0.52779953,0.52779953,0.52779953
14/01/2030 03:00,0.500391543,0.500391543,0.500391543,0.500391543
14/01/2030 04:00,0.534847298,0.534847298,0.534847298,0.534847298
14/01/2030 05:00,0.543461237,0.543461237,0.543461237,0.543461237
14/01/2030 06:00,0.524667189,0.524667189,0.524667189,0.524667189
14/01/2030 07:00,0.616288175,0.616288175,0.616288175,0.616288175
14/01/2030 08:00,0.747846515,0.747846515,0.747846515,0.747846515
14/01/2030 09:00,0.743931088,0.743931088,0.743931088,0.743931088
14/01/2030 10:00,0.795614722,0.795614722,0.795614722,0.795614722
14/01/2030 11:00,0.83476899,0.83476899,0.83476899,0.83476899
14/01/2030 12:00,0.872357087,0.872357087,0.872357087,0.872357087
14/01/2030 13:00,0.843382929,0.843382929,0.843382929,0.843382929
14/01/2030 14:00,0.899765074,0.899765074,0.899765074,0.899765074
14/01/2030 15:00,0.972592013,0.972592013,0.972592013,0.972592013
14/01/2030 16:00,0.948316366,0.948316366,0.948316366,0.948316366
14/01/2030 17:00,0.764291308,0.764291308,0.764291308,0.764291308
14/01/2030 18:00,0.812059514,0.812059514,0.812059514,0.812059514
14/01/2030 19:00,0.848081441,0.848081441,0.848081441,0.848081441
14/01/2030 20:00,0.744714174,0.744714174,0.744714174,0.744714174
14/01/2030 21:00,0.74706343,0.74706343,0.74706343,0.74706343
14/01/2030 22:00,0.576350822,0.576350822,0.576350822,0.576350822
14/01/2030 23:00,0.462803446,0.462803446,0.462803446,0.462803446
15/01/2030 00:00,0.4385278,0.4385278,0.4385278,0.4385278
15/01/2030 01:00,0.385277995,0.385277995,0.385277995,0.385277995
15/01/2030 02:00,0.276429131,0.276429131,0.276429131,0.276429131
15/01/2030 03:00,0.240407204,0.240407204,0.240407204,0.240407204
15/01/2030 04:00,0.271730619,0.271730619,0.271730619,0.271730619
15/01/2030 05:00,0.28504307,0.28504307,0.28504307,0.28504307
15/01/2030 06:00,0.292090838,0.292090838,0.292090838,0.292090838
15/01/2030 07:00,0.24119029,0.24119029,0.24119029,0.24119029
15/01/2030 08:00,0.173844949,0.173844949,0.173844949,0.173844949
15/01/2030 09:00,0.211433046,0.211433046,0.211433046,0.211433046
15/01/2030 10:00,0.229444009,0.229444009,0.229444009,0.229444009
15/01/2030 11:00,0.227094753,0.227094753,0.227094753,0.227094753
15/01/2030 12:00,0.255285826,0.255285826,0.255285826,0.255285826
15/01/2030 13:00,0.270947533,0.270947533,0.270947533,0.270947533
15/01/2030 14:00,0.316366484,0.316366484,0.316366484,0.316366484
15/01/2030 15:00,0.335943618,0.335943618,0.335943618,0.335943618
15/01/2030 16:00,0.337509789,0.337509789,0.337509789,0.337509789
15/01/2030 17:00,0.324980423,0.324980423,0.324980423,0.324980423
15/01/2030 18:00,0.310101801,0.310101801,0.310101801,0.310101801
15/01/2030 19:00,0.322631167,0.322631167,0.322631167,0.322631167
15/01/2030 20:00,0.322631167,0.322631167,0.322631167,0.322631167
15/01/2030 21:00,0.261550509,0.261550509,0.261550509,0.261550509
15/01/2030 22:00,0.277995301,0.277995301,0.277995301,0.277995301
15/01/2030 23:00,0.280344558,0.280344558,0.280344558,0.280344558
16/01/2030 00:00,0.348472984,0.348472984,0.348472984,0.348472984
16/01/2030 01:00,0.300704777,0.300704777,0.300704777,0.300704777
16/01/2030 02:00,0.281127643,0.281127643,0.281127643,0.281127643
16/01/2030 03:00,0.303054033,0.303054033,0.303054033,0.303054033
16/01/2030 04:00,0.293657009,0.293657009,0.293657009,0.293657009
16/01/2030 05:00,0.268598277,0.268598277,0.268598277,0.268598277
16/01/2030 06:00,0.332811276,0.332811276,0.332811276,0.332811276
16/01/2030 07:00,0.278778387,0.278778387,0.278778387,0.278778387
16/01/2030 08:00,0.271730619,0.271730619,0.271730619,0.271730619
16/01/2030 09:00,0.243539546,0.243539546,0.243539546,0.243539546
16/01/2030 10:00,0.220046985,0.220046985,0.220046985,0.220046985
16/01/2030 11:00,0.259201253,0.259201253,0.259201253,0.259201253
16/01/2030 12:00,0.325763508,0.325763508,0.325763508,0.325763508
16/01/2030 13:00,0.316366484,0.316366484,0.316366484,0.316366484
16/01/2030 14:00,0.335160532,0.335160532,0.335160532,0.335160532
16/01/2030 15:00,0.369616288,0.369616288,0.369616288,0.369616288
16/01/2030 16:00,0.338292874,0.338292874,0.338292874,0.338292874
16/01/2030 17:00,0.353171496,0.353171496,0.353171496,0.353171496
16/01/2030 18:00,0.321848081,0.321848081,0.321848081,0.321848081
16/01/2030 19:00,0.332028191,0.332028191,0.332028191,0.332028191
16/01/2030 20:00,0.292873923,0.292873923,0.292873923,0.292873923
16/01/2030 21:00,0.293657009,0.293657009,0.293657009,0.293657009
16/01/2030 22:00,0.369616288,0.369616288,0.369616288,0.369616288
16/01/2030 23:00,0.333594362,0.333594362,0.333594362,0.333594362
17/01/2030 00:00,0.364917776,0.364917776,0.364917776,0.364917776
17/01/2030 01:00,0.332028191,0.332028191,0.332028191,0.332028191
17/01/2030 02:00,0.314800313,0.314800313,0.314800313,0.314800313
17/01/2030 03:00,0.338292874,0.338292874,0.338292874,0.338292874
17/01/2030 04:00,0.387627251,0.387627251,0.387627251,0.387627251
17/01/2030 05:00,0.285826155,0.285826155,0.285826155,0.285826155
17/01/2030 06:00,0.472983555,0.472983555,0.472983555,0.472983555
17/01/2030 07:00,0.55990603,0.55990603,0.55990603,0.55990603
17/01/2030 08:00,0.624902114,0.624902114,0.624902114,0.624902114
17/01/2030 09:00,0.766640564,0.766640564,0.766640564,0.766640564
17/01/2030 10:00,0.805011746,0.805011746,0.805011746,0.805011746
17/01/2030 11:00,0.901331245,0.901331245,0.901331245,0.901331245
17/01/2030 12:00,0.990602976,0.990602976,0.990602976,0.990602976
17/01/2030 13:00,0.885669538,0.885669538,0.885669538,0.885669538
17/01/2030 14:00,0.916209867,0.916209867,0.916209867,0.916209867
17/01/2030 15:00,0.928739233,0.928739233,0.928739233,0.928739233
17/01/2030 16:00,1,1,1,1
17/01/2030 17:00,0.967110415,0.967110415,0.967110415,0.967110415
17/01/2030 18:00,0.844949099,0.844949099,0.844949099,0.844949099
17/01/2030 19:00,0.905246672,0.905246672,0.905246672,0.905246672
17/01/2030 20:00,0.939702428,0.939702428,0.939702428,0.939702428
17/01/2030 21:00,0.808927173,0.808927173,0.808927173,0.808927173
17/01/2030 22:00,0.756460454,0.756460454,0.756460454,0.756460454
17/01/2030 23:00,0.562255286,0.562255286,0.562255286,0.562255286
18/01/2030 00:00,0.628034456,0.628034456,0.628034456,0.628034456
18/01/2030 01:00,0.58183242,0.58183242,0.58183242,0.58183242
18/01/2030 02:00,0.576350822,0.576350822,0.576350822,0.576350822
18/01/2030 03:00,0.584181676,0.584181676,0.584181676,0.584181676
18/01/2030 04:00,0.575567737,0.575567737,0.575567737,0.575567737
18/01/2030 05:00,0.563821457,0.563821457,0.563821457,0.563821457
18/01/2030 06:00,0.531714957,0.531714957,0.531714957,0.531714957
18/01/2030 07:00,0.566953798,0.566953798,0.566953798,0.566953798
18/01/2030 08:00,0.630383712,0.630383712,0.630383712,0.630383712
18/01/2030 09:00,0.783085356,0.783085356,0.783085356,0.783085356
18/01/2030 10:00,0.826938136,0.826938136,0.826938136,0.826938136
18/01/2030 11:00,0.837901331,0.837901331,0.837901331,0.837901331
18/01/2030 12:00,0.859044636,0.859044636,0.859044636,0.859044636
18/01/2030 13:00,0.829287392,0.829287392,0.829287392,0.829287392
18/01/2030 14:00,0.89036805,0.89036805,0.89036805,0.89036805
18/01/2030 15:00,0.806577917,0.806577917,0.806577917,0.806577917
18/01/2030 16:00,0.809710258,0.809710258,0.809710258,0.809710258
18/01/2030 17:00,0.8128426,0.8128426,0.8128426,0.8128426
18/01/2030 18:00,0.943617854,0.943617854,0.943617854,0.943617854
18/01/2030 19:00,0.813625685,0.813625685,0.813625685,0.813625685
18/01/2030 20:00,0.77916993,0.77916993,0.77916993,0.77916993
18/01/2030 21:00,0.682067345,0.682067345,0.682067345,0.682067345
18/01/2030 22:00,0.630383712,0.630383712,0.630383712,0.630383712
18/01/2030 23:00,0.503523884,0.503523884,0.503523884,0.503523884
19/01/2030 00:00,0.527016445,0.527016445,0.527016445,0.527016445
19/01/2030 01:00,0.505090055,0.505090055,0.505090055,0.505090055
19/01/2030 02:00,0.478465153,0.478465153,0.478465153,0.478465153
19/01/2030 03:00,0.471417384,0.471417384,0.471417384,0.471417384
19/01/2030 04:00,0.502740799,0.502740799,0.502740799,0.502740799
19/01/2030 05:00,0.489428348,0.489428348,0.489428348,0.489428348
19/01/2030 06:00,0.459671104,0.459671104,0.459671104,0.459671104
19/01/2030 07:00,0.58339859,0.58339859,0.58339859,0.58339859
19/01/2030 08:00,0.657791699,0.657791699,0.657791699,0.657791699
19/01/2030 09:00,0.743931088,0.743931088,0.743931088,0.743931088
19/01/2030 10:00,0.791699295,0.791699295,0.791699295,0.791699295
19/01/2030 11:00,0.857478465,0.857478465,0.857478465,0.857478465
19/01/2030 12:00,0.848081441,0.848081441,0.848081441,0.848081441
19/01/2030 13:00,0.826155051,0.826155051,0.826155051,0.826155051
19/01/2030 14:00,0.899765074,0.899765074,0.899765074,0.899765074
19/01/2030 15:00,0.981205951,0.981205951,0.981205951,0.981205951
19/01/2030 16:00,0.954581049,0.954581049,0.954581049,0.954581049
19/01/2030 17:00,0.913860611,0.913860611,0.913860611,0.913860611
19/01/2030 18:00,0.859827721,0.859827721,0.859827721,0.859827721
19/01/2030 19:00,0.884886453,0.884886453,0.884886453,0.884886453
19/01/2030 20:00,0.88018794,0.88018794,0.88018794,0.88018794
19/01/2030 21:00,0.805011746,0.805011746,0.805011746,0.805011746
19/01/2030 22:00,0.628034456,0.628034456,0.628034456,0.628034456
19/01/2030 23:00,0.528582616,0.528582616,0.528582616,0.528582616
20/01/2030 00:00,0.566953798,0.566953798,0.566953798,0.566953798
20/01/2030 01:00,0.617071261,0.617071261,0.617071261,0.617071261
20/01/2030 02:00,0.60375881,0.60375881,0.60375881,0.60375881
20/01/2030 03:00,0.555207518,0.555207518,0.555207518,0.555207518
20/01/2030 04:00,0.541895067,0.541895067,0.541895067,0.541895067
20/01/2030 05:00,0.478465153,0.478465153,0.478465153,0.478465153
20/01/2030 06:00,0.569303054,0.569303054,0.569303054,0.569303054
20/01/2030 07:00,0.604541895,0.604541895,0.604541895,0.604541895
20/01/2030 08:00,0.678151919,0.678151919,0.678151919,0.678151919
20/01/2030 09:00,0.751761942,0.751761942,0.751761942,0.751761942
20/01/2030 10:00,0.806577917,0.806577917,0.806577917,0.806577917
20/01/2030 11:00,0.840250587,0.840250587,0.840250587,0.840250587
20/01/2030 12:00,0.784651527,0.784651527,0.784651527,0.784651527
20/01/2030 13:00,0.815191856,0.815191856,0.815191856,0.815191856
20/01/2030 14:00,0.851996868,0.851996868,0.851996868,0.851996868
20/01/2030 15:00,0.839467502,0.839467502,0.839467502,0.839467502
20/01/2030 16:00,0.859044636,0.859044636,0.859044636,0.859044636
20/01/2030 17:00,0.759592796,0.759592796,0.759592796,0.759592796
20/01/2030 18:00,0.732184808,0.732184808,0.732184808,0.732184808
20/01/2030 19:00,0.729835552,0.729835552,0.729835552,0.729835552
20/01/2030 20:00,0.808144088,0.808144088,0.808144088,0.808144088
20/01/2030 21:00,0.732184808,0.732184808,0.732184808,0.732184808
20/01/2030 22:00,0.614722005,0.614722005,0.614722005,0.614722005
20/01/2030 23:00,0.602975724,0.602975724,0.602975724,0.602975724
21/01/2030 00:00,0.494909945,0.494909945,0.494909945,0.494909945
21/01/2030 01:00,0.493343774,0.493343774,0.493343774,0.493343774
21/01/2030 02:00,0.486296006,0.486296006,0.486296006,0.486296006
21/01/2030 03:00,0.562255286,0.562255286,0.562255286,0.562255286
21/01/2030 04:00,0.502740799,0.502740799,0.502740799,0.502740799
21/01/2030 05:00,0.481597494,0.481597494,0.481597494,0.481597494
21/01/2030 06:00,0.493343774,0.493343774,0.493343774,0.493343774
21/01/2030 07:00,0.550509005,0.550509005,0.550509005,0.550509005
21/01/2030 08:00,0.650743931,0.650743931,0.650743931,0.650743931
21/01/2030 09:00,0.743148003,0.743148003,0.743148003,0.743148003
21/01/2030 10:00,0.737666406,0.737666406,0.737666406,0.737666406
21/01/2030 11:00,0.740015662,0.740015662,0.740015662,0.740015662
21/01/2030 12:00,0.770555991,0.770555991,0.770555991,0.770555991
21/01/2030 13:00,0.722787784,0.722787784,0.722787784,0.722787784
21/01/2030 14:00,0.805011746,0.805011746,0.805011746,0.805011746
21/01/2030 15:00,0.765074393,0.765074393,0.765074393,0.765074393
21/01/2030 16:00,0.799530149,0.799530149,0.799530149,0.799530149
21/01/2030 17:00,0.718089272,0.718089272,0.718089272,0.718089272
21/01/2030 18:00,0.755677369,0.755677369,0.755677369,0.755677369
21/01/2030 19:00,0.708692247,0.708692247,0.708692247,0.708692247
21/01/2030 20:00,0.745497259,0.745497259,0.745497259,0.745497259
21/01/2030 21:00,0.736100235,0.736100235,0.736100235,0.736100235
21/01/2030 22:00,0.554424432,0.554424432,0.554424432,0.554424432
21/01/2030 23:00,0.41660141,0.41660141,0.41660141,0.41660141
22/01/2030 00:00,0.425215348,0.425215348,0.425215348,0.425215348
22/01/2030 01:00,0.29678935,0.29678935,0.29678935,0.29678935
22/01/2030 02:00,0.275646045,0.275646045,0.275646045,0.275646045
22/01/2030 03:00,0.259201253,0.259201253,0.259201253,0.259201253
22/01/2030 04:00,0.283476899,0.283476899,0.283476899,0.283476899
22/01/2030 05:00,0.270164448,0.270164448,0.270164448,0.270164448
22/01/2030 06:00,0.26468285,0.26468285,0.26468285,0.26468285
22/01/2030 07:00,0.270164448,0.270164448,0.270164448,0.270164448
22/01/2030 08:00,0.252153485,0.252153485,0.252153485,0.252153485
22/01/2030 09:00,0.202819107,0.202819107,0.202819107,0.202819107
22/01/2030 10:00,0.16523101,0.16523101,0.16523101,0.16523101
22/01/2030 11:00,0.198903681,0.198903681,0.198903681,0.198903681
22/01/2030 12:00,0.24275646,0.24275646,0.24275646,0.24275646
22/01/2030 13:00,0.190289742,0.190289742,0.190289742,0.190289742
22/01/2030 14:00,0.292090838,0.292090838,0.292090838,0.292090838
22/01/2030 15:00,0.292873923,0.292873923,0.292873923,0.292873923
22/01/2030 16:00,0.251370399,0.251370399,0.251370399,0.251370399
22/01/2030 17:00,0.246671887,0.246671887,0.246671887,0.246671887
22/01/2030 18:00,0.224745497,0.224745497,0.224745497,0.224745497
22/01/2030 19:00,0.234142522,0.234142522,0.234142522,0.234142522
22/01/2030 20:00,0.267032106,0.267032106,0.267032106,0.267032106
22/01/2030 21:00,0.305403289,0.305403289,0.305403289,0.305403289
22/01/2030 22:00,0.279561472,0.279561472,0.279561472,0.279561472
22/01/2030 23:00,0.314017228,0.314017228,0.314017228,0.314017228
23/01/2030 00:00,0.282693814,0.282693814,0.282693814,0.282693814
23/01/2030 01:00,0.261550509,0.261550509,0.261550509,0.261550509
23/01/2030 02:00,0.331245106,0.331245106,0.331245106,0.331245106
23/01/2030 03:00,0.267032106,0.267032106,0.267032106,0.267032106
23/01/2030 04:00,0.30696946,0.30696946,0.30696946,0.30696946
23/01/2030 05:00,0.300704777,0.300704777,0.300704777,0.300704777
23/01/2030 06:00,0.30696946,0.30696946,0.30696946,0.30696946
23/01/2030 07:00,0.243539546,0.243539546,0.243539546,0.243539546
23/01/2030 08:00,0.2192639,0.2192639,0.2192639,0.2192639
23/01/2030 09:00,0.196554424,0.196554424,0.196554424,0.196554424
23/01/2030 10:00,0.205951449,0.205951449,0.205951449,0.205951449
23/01/2030 11:00,0.174628034,0.174628034,0.174628034,0.174628034
23/01/2030 12:00,0.253719655,0.253719655,0.253719655,0.253719655
23/01/2030 13:00,0.259201253,0.259201253,0.259201253,0.259201253
23/01/2030 14:00,0.302270948,0.302270948,0.302270948,0.302270948
23/01/2030 15:00,0.294440094,0.294440094,0.294440094,0.294440094
23/01/2030 16:00,0.215348473,0.215348473,0.215348473,0.215348473
23/01/2030 17:00,0.238841034,0.238841034,0.238841034,0.238841034
23/01/2030 18:00,0.233359436,0.233359436,0.233359436,0.233359436
23/01/2030 19:00,0.249804229,0.249804229,0.249804229,0.249804229
23/01/2030 20:00,0.243539546,0.243539546,0.243539546,0.243539546
23/01/2030 21:00,0.25293657,0.25293657,0.25293657,0.25293657
23/01/2030 22:00,0.238057948,0.238057948,0.238057948,0.238057948
23/01/2030 23:00,0.269381363,0.269381363,0.269381363,0.269381363
24/01/2030 00:00,0.326546594,0.326546594,0.326546594,0.326546594
24/01/2030 01:00,0.357870008,0.357870008,0.357870008,0.357870008
24/01/2030 02:00,0.380579483,0.380579483,0.380579483,0.380579483
24/01/2030 03:00,0.427564605,0.427564605,0.427564605,0.427564605
24/01/2030 04:00,0.469068128,0.469068128,0.469068128,0.469068128
24/01/2030 05:00,0.505090055,0.505090055,0.505090055,0.505090055
24/01/2030 06:00,0.447924824,0.447924824,0.447924824,0.447924824
24/01/2030 07:00,0.530931872,0.530931872,0.530931872,0.530931872
24/01/2030 08:00,0.680501175,0.680501175,0.680501175,0.680501175
24/01/2030 09:00,0.794048551,0.794048551,0.794048551,0.794048551
24/01/2030 10:00,0.783085356,0.783085356,0.783085356,0.783085356
24/01/2030 11:00,0.911511355,0.911511355,0.911511355,0.911511355
24/01/2030 12:00,0.908379013,0.908379013,0.908379013,0.908379013
24/01/2030 13:00,0.885669538,0.885669538,0.885669538,0.885669538
24/01/2030 14:00,0.952231793,0.952231793,0.952231793,0.952231793
24/01/2030 15:00,0.91229444,0.91229444,0.91229444,0.91229444
24/01/2030 16:00,0.949882537,0.949882537,0.949882537,0.949882537
24/01/2030 17:00,0.884103367,0.884103367,0.884103367,0.884103367
24/01/2030 18:00,0.865309319,0.865309319,0.865309319,0.865309319
24/01/2030 19:00,0.777603759,0.777603759,0.777603759,0.777603759
24/01/2030 20:00,0.804228661,0.804228661,0.804228661,0.804228661
24/01/2030 21:00,0.767423649,0.767423649,0.767423649,0.767423649
24/01/2030 22:00,0.707909162,0.707909162,0.707909162,0.707909162
24/01/2030 23:00,0.648394675,0.648394675,0.648394675,0.648394675
25/01/2030 00:00,0.613155834,0.613155834,0.613155834,0.613155834
25/01/2030 01:00,0.500391543,0.500391543,0.500391543,0.500391543
25/01/2030 02:00,0.393108849,0.393108849,0.393108849,0.393108849
25/01/2030 03:00,0.271730619,0.271730619,0.271730619,0.271730619
25/01/2030 04:00,0.227094753,0.227094753,0.227094753,0.227094753
25/01/2030 05:00,0.280344558,0.280344558,0.280344558,0.280344558
25/01/2030 06:00,0.26311668,0.26311668,0.26311668,0.26311668
25/01/2030 07:00,0.268598277,0.268598277,0.268598277,0.268598277
25/01/2030 08:00,0.205168363,0.205168363,0.205168363,0.205168363
25/01/2030 09:00,0.202819107,0.202819107,0.202819107,0.202819107
25/01/2030 10:00,0.228660924,0.228660924,0.228660924,0.228660924
25/01/2030 11:00,0.291307753,0.291307753,0.291307753,0.291307753
25/01/2030 12:00,0.288958496,0.288958496,0.288958496,0.288958496
25/01/2030 13:00,0.230227095,0.230227095,0.230227095,0.230227095
25/01/2030 14:00,0.39467502,0.39467502,0.39467502,0.39467502
25/01/2030 15:00,0.433829287,0.433829287,0.433829287,0.433829287
25/01/2030 16:00,0.487079092,0.487079092,0.487079092,0.487079092
25/01/2030 17:00,0.414252153,0.414252153,0.414252153,0.414252153
25/01/2030 18:00,0.404072044,0.404072044,0.404072044,0.404072044
25/01/2030 19:00,0.322631167,0.322631167,0.322631167,0.322631167
25/01/2030 20:00,0.317149569,0.317149569,0.317149569,0.317149569
25/01/2030 21:00,0.317149569,0.317149569,0.317149569,0.317149569
25/01/2030 22:00,0.329678935,0.329678935,0.329678935,0.329678935
25/01/2030 23:00,0.271730619,0.271730619,0.271730619,0.271730619
26/01/2030 00:00,0.322631167,0.322631167,0.322631167,0.322631167
26/01/2030 01:00,0.278778387,0.278778387,0.278778387,0.278778387
26/01/2030 02:00,0.275646045,0.275646045,0.275646045,0.275646045
26/01/2030 03:00,0.266249021,0.266249021,0.266249021,0.266249021
26/01/2030 04:00,0.287392326,0.287392326,0.287392326,0.287392326
26/01/2030 05:00,0.250587314,0.250587314,0.250587314,0.250587314
26/01/2030 06:00,0.257635082,0.257635082,0.257635082,0.257635082
26/01/2030 07:00,0.249021143,0.249021143,0.249021143,0.249021143
26/01/2030 08:00,0.240407204,0.240407204,0.240407204,0.240407204
26/01/2030 09:00,0.212216132,0.212216132,0.212216132,0.212216132
26/01/2030 10:00,0.237274863,0.237274863,0.237274863,0.237274863
26/01/2030 11:00,0.300704777,0.300704777,0.300704777,0.300704777
26/01/2030 12:00,0.292090838,0.292090838,0.292090838,0.292090838
26/01/2030 13:00,0.276429131,0.276429131,0.276429131,0.276429131
26/01/2030 14:00,0.303837118,0.303837118,0.303837118,0.303837118
26/01/2030 15:00,0.427564605,0.427564605,0.427564605,0.427564605
26/01/2030 16:00,0.417384495,0.417384495,0.417384495,0.417384495
26/01/2030 17:00,0.393891934,0.393891934,0.393891934,0.393891934
26/01/2030 18:00,0.389976507,0.389976507,0.389976507,0.389976507
26/01/2030 19:00,0.387627251,0.387627251,0.387627251,0.387627251
26/01/2030 20:00,0.333594362,0.333594362,0.333594362,0.333594362
26/01/2030 21:00,0.346123727,0.346123727,0.346123727,0.346123727
26/01/2030 22:00,0.325763508,0.325763508,0.325763508,0.325763508
26/01/2030 23:00,0.30853563,0.30853563,0.30853563,0.30853563
27/01/2030 00:00,0.292090838,0.292090838,0.292090838,0.292090838
27/01/2030 01:00,0.321064996,0.321064996,0.321064996,0.321064996
27/01/2030 02:00,0.304620204,0.304620204,0.304620204,0.304620204
27/01/2030 03:00,0.282693814,0.282693814,0.282693814,0.282693814
27/01/2030 04:00,0.292873923,0.292873923,0.292873923,0.292873923
27/01/2030 05:00,0.27486296,0.27486296,0.27486296,0.27486296
27/01/2030 06:00,0.289741582,0.289741582,0.289741582,0.289741582
27/01/2030 07:00,0.30696946,0.30696946,0.30696946,0.30696946
27/01/2030 08:00,0.288958496,0.288958496,0.288958496,0.288958496
27/01/2030 09:00,0.273296789,0.273296789,0.273296789,0.273296789
27/01/2030 10:00,0.246671887,0.246671887,0.246671887,0.246671887
27/01/2030 11:00,0.321064996,0.321064996,0.321064996,0.321064996
27/01/2030 12:00,0.339075959,0.339075959,0.339075959,0.339075959
27/01/2030 13:00,0.322631167,0.322631167,0.322631167,0.322631167
27/01/2030 14:00,0.418950666,0.418950666,0.418950666,0.418950666
27/01/2030 15:00,0.541111981,0.541111981,0.541111981,0.541111981
27/01/2030 16:00,0.587314017,0.587314017,0.587314017,0.587314017
27/01/2030 17:00,0.439310885,0.439310885,0.439310885,0.439310885
27/01/2030 18:00,0.441660141,0.441660141,0.441660141,0.441660141
27/01/2030 19:00,0.478465153,0.478465153,0.478465153,0.478465153
27/01/2030 20:00,0.487079092,0.487079092,0.487079092,0.487079092
27/01/2030 21:00,0.409553641,0.409553641,0.409553641,0.409553641
27/01/2030 22:00,0.393108849,0.393108849,0.393108849,0.393108849
27/01/2030 23:00,0.364917776,0.364917776,0.364917776,0.364917776
28/01/2030 00:00,0.388410337,0.388410337,0.388410337,0.388410337
28/01/2030 01:00,0.412685983,0.412685983,0.412685983,0.412685983
28/01/2030 02:00,0.369616288,0.369616288,0.369616288,0.369616288
28/01/2030 03:00,0.36256852,0.36256852,0.36256852,0.36256852
28/01/2030 04:00,0.319498825,0.319498825,0.319498825,0.319498825
28/01/2030 05:00,0.314017228,0.314017228,0.314017228,0.314017228
28/01/2030 06:00,0.299921691,0.299921691,0.299921691,0.299921691
28/01/2030 07:00,0.353171496,0.353171496,0.353171496,0.353171496
28/01/2030 08:00,0.34064213,0.34064213,0.34064213,0.34064213
28/01/2030 09:00,0.353171496,0.353171496,0.353171496,0.353171496
28/01/2030 10:00,0.334377447,0.334377447,0.334377447,0.334377447
28/01/2030 11:00,0.492560689,0.492560689,0.492560689,0.492560689
28/01/2030 12:00,0.498825372,0.498825372,0.498825372,0.498825372
28/01/2030 13:00,0.412685983,0.412685983,0.412685983,0.412685983
28/01/2030 14:00,0.478465153,0.478465153,0.478465153,0.478465153
28/01/2030 15:00,0.487862177,0.487862177,0.487862177,0.487862177
28/01/2030 16:00,0.408770556,0.408770556,0.408770556,0.408770556
28/01/2030 17:00,0.426781519,0.426781519,0.426781519,0.426781519
28/01/2030 18:00,0.389193422,0.389193422,0.389193422,0.389193422
28/01/2030 19:00,0.433046202,0.433046202,0.433046202,0.433046202
28/01/2030 20:00,0.382145654,0.382145654,0.382145654,0.382145654
28/01/2030 21:00,0.483163665,0.483163665,0.483163665,0.483163665
28/01/2030 22:00,0.359436179,0.359436179,0.359436179,0.359436179
28/01/2030 23:00,0.309318716,0.309318716,0.309318716,0.309318716
29/01/2030 00:00,0.252153485,0.252153485,0.252153485,0.252153485
29/01/2030 01:00,0.338292874,0.338292874,0.338292874,0.338292874
29/01/2030 02:00,0.324980423,0.324980423,0.324980423,0.324980423
29/01/2030 03:00,0.304620204,0.304620204,0.304620204,0.304620204
29/01/2030 04:00,0.328112764,0.328112764,0.328112764,0.328112764
29/01/2030 05:00,0.28660924,0.28660924,0.28660924,0.28660924
29/01/2030 06:00,0.314800313,0.314800313,0.314800313,0.314800313
29/01/2030 07:00,0.294440094,0.294440094,0.294440094,0.294440094
29/01/2030 08:00,0.256068912,0.256068912,0.256068912,0.256068912
29/01/2030 09:00,0.205951449,0.205951449,0.205951449,0.205951449
29/01/2030 10:00,0.24275646,0.24275646,0.24275646,0.24275646
29/01/2030 11:00,0.273296789,0.273296789,0.273296789,0.273296789
29/01/2030 12:00,0.314800313,0.314800313,0.314800313,0.314800313
29/01/2030 13:00,0.309318716,0.309318716,0.309318716,0.309318716
29/01/2030 14:00,0.344557557,0.344557557,0.344557557,0.344557557
29/01/2030 15:00,0.303837118,0.303837118,0.303837118,0.303837118
29/01/2030 16:00,0.328112764,0.328112764,0.328112764,0.328112764
29/01/2030 17:00,0.292873923,0.292873923,0.292873923,0.292873923
29/01/2030 18:00,0.307752545,0.307752545,0.307752545,0.307752545
29/01/2030 19:00,0.23101018,0.23101018,0.23101018,0.23101018
29/01/2030 20:00,0.277995301,0.277995301,0.277995301,0.277995301
29/01/2030 21:00,0.292873923,0.292873923,0.292873923,0.292873923
29/01/2030 22:00,0.319498825,0.319498825,0.319498825,0.319498825
29/01/2030 23:00,0.249021143,0.249021143,0.249021143,0.249021143
30/01/2030 00:00,0.357870008,0.357870008,0.357870008,0.357870008
30/01/2030 01:00,0.336726703,0.336726703,0.336726703,0.336726703
30/01/2030 02:00,0.347689898,0.347689898,0.347689898,0.347689898
30/01/2030 03:00,0.335943618,0.335943618,0.335943618,0.335943618
30/01/2030 04:00,0.325763508,0.325763508,0.325763508,0.325763508
30/01/2030 05:00,0.320281911,0.320281911,0.320281911,0.320281911
30/01/2030 06:00,0.32889585,0.32889585,0.32889585,0.32889585
30/01/2030 07:00,0.294440094,0.294440094,0.294440094,0.294440094
30/01/2030 08:00,0.266249021,0.266249021,0.266249021,0.266249021
30/01/2030 09:00,0.310101801,0.310101801,0.310101801,0.310101801
30/01/2030 10:00,0.278778387,0.278778387,0.278778387,0.278778387
30/01/2030 11:00,0.259201253,0.259201253,0.259201253,0.259201253
30/01/2030 12:00,0.327329679,0.327329679,0.327329679,0.327329679
30/01/2030 13:00,0.339859045,0.339859045,0.339859045,0.339859045
30/01/2030 14:00,0.271730619,0.271730619,0.271730619,0.271730619
30/01/2030 15:00,0.33046202,0.33046202,0.33046202,0.33046202
30/01/2030 16:00,0.359436179,0.359436179,0.359436179,0.359436179
30/01/2030 17:00,0.332811276,0.332811276,0.332811276,0.332811276
30/01/2030 18:00,0.368833203,0.368833203,0.368833203,0.368833203
30/01/2030 19:00,0.329678935,0.329678935,0.329678935,0.329678935
30/01/2030 20:00,0.339859045,0.339859045,0.339859045,0.339859045
30/01/2030 21:00,0.357086922,0.357086922,0.357086922,0.357086922
30/01/2030 22:00,0.35238841,0.35238841,0.35238841,0.35238841
30/01/2030 23:00,0.223962412,0.223962412,0.223962412,0.223962412
31/01/2030 00:00,0.267815192,0.267815192,0.267815192,0.267815192
31/01/2030 01:00,0.35238841,0.35238841,0.35238841,0.35238841
31/01/2030 02:00,0.327329679,0.327329679,0.327329679,0.327329679
31/01/2030 03:00,0.312451057,0.312451057,0.312451057,0.312451057
31/01/2030 04:00,0.315583399,0.315583399,0.315583399,0.315583399
31/01/2030 05:00,0.309318716,0.309318716,0.309318716,0.309318716
31/01/2030 06:00,0.323414252,0.323414252,0.323414252,0.323414252
31/01/2030 07:00,0.251370399,0.251370399,0.251370399,0.251370399
31/01/2030 08:00,0.210649961,0.210649961,0.210649961,0.210649961
31/01/2030 09:00,0.187940486,0.187940486,0.187940486,0.187940486
31/01/2030 10:00,0.19733751,0.19733751,0.19733751,0.19733751
31/01/2030 11:00,0.212999217,0.212999217,0.212999217,0.212999217
31/01/2030 12:00,0.261550509,0.261550509,0.261550509,0.261550509
31/01/2030 13:00,0.292873923,0.292873923,0.292873923,0.292873923
31/01/2030 14:00,0.282693814,0.282693814,0.282693814,0.282693814
31/01/2030 15:00,0.261550509,0.261550509,0.261550509,0.261550509
31/01/2030 16:00,0.341425215,0.341425215,0.341425215,0.341425215
31/01/2030 17:00,0.364134691,0.364134691,0.364134691,0.364134691
31/01/2030 18:00,0.325763508,0.325763508,0.325763508,0.325763508
31/01/2030 19:00,0.281127643,0.281127643,0.281127643,0.281127643
31/01/2030 20:00,0.245888802,0.245888802,0.245888802,0.245888802
31/01/2030 21:00,0.27486296,0.27486296,0.27486296,0.27486296
31/01/2030 22:00,0.315583399,0.315583399,0.315583399,0.315583399
31/01/2030 23:00,0.261550509,0.261550509,0.261550509,0.261550509
01/02/2030 00:00,0.455294118,0.455294118,0.455294118,0.455294118
01/02/2030 01:00,0.475294118,0.475294118,0.475294118,0.475294118
01/02/2030 02:00,0.515294118,0.515294118,0.515294118,0.515294118
01/02/2030 03:00,0.465882353,0.465882353,0.465882353,0.465882353
01/02/2030 04:00,0.463529412,0.463529412,0.463529412,0.463529412
01/02/2030 05:00,0.474117647,0.474117647,0.474117647,0.474117647
01/02/2030 06:00,0.469411765,0.469411765,0.469411765,0.469411765
01/02/2030 07:00,0.402352941,0.402352941,0.402352941,0.402352941
01/02/2030 08:00,0.370588235,0.370588235,0.370588235,0.370588235
01/02/2030 09:00,0.374117647,0.374117647,0.374117647,0.374117647
01/02/2030 10:00,0.424705882,0.424705882,0.424705882,0.424705882
01/02/2030 11:00,0.442352941,0.442352941,0.442352941,0.442352941
01/02/2030 12:00,0.443529412,0.443529412,0.443529412,0.443529412
01/02/2030 13:00,0.464705882,0.464705882,0.464705882,0.464705882
01/02/2030 14:00,0.456470588,0.456470588,0.456470588,0.456470588
01/02/2030 15:00,0.476470588,0.476470588,0.476470588,0.476470588
01/02/2030 16:00,0.48,0.48,0.48,0.48
01/02/2030 17:00,0.383529412,0.383529412,0.383529412,0.383529412
01/02/2030 18:00,0.443529412,0.443529412,0.443529412,0.443529412
01/02/2030 19:00,0.438823529,0.438823529,0.438823529,0.438823529
01/02/2030 20:00,0.583529412,0.583529412,0.583529412,0.583529412
01/02/2030 21:00,0.518823529,0.518823529,0.518823529,0.518823529
01/02/2030 22:00,0.452941176,0.452941176,0.452941176,0.452941176
01/02/2030 23:00,0.485882353,0.485882353,0.485882353,0.485882353
02/02/2030 00:00,0.507058824,0.507058824,0.507058824,0.507058824
02/02/2030 01:00,0.563529412,0.563529412,0.563529412,0.563529412
02/02/2030 02:00,0.523529412,0.523529412,0.523529412,0.523529412
02/02/2030 03:00,0.583529412,0.583529412,0.583529412,0.583529412
02/02/2030 04:00,0.505882353,0.505882353,0.505882353,0.505882353
02/02/2030 05:00,0.494117647,0.494117647,0.494117647,0.494117647
02/02/2030 06:00,0.549411765,0.549411765,0.549411765,0.549411765
02/02/2030 07:00,0.463529412,0.463529412,0.463529412,0.463529412
02/02/2030 08:00,0.391764706,0.391764706,0.391764706,0.391764706
02/02/2030 09:00,0.383529412,0.383529412,0.383529412,0.383529412
02/02/2030 10:00,0.361176471,0.361176471,0.361176471,0.361176471
02/02/2030 11:00,0.436470588,0.436470588,0.436470588,0.436470588
02/02/2030 12:00,0.457647059,0.457647059,0.457647059,0.457647059
02/02/2030 13:00,0.530588235,0.530588235,0.530588235,0.530588235
02/02/2030 14:00,0.538823529,0.538823529,0.538823529,0.538823529
02/02/2030 15:00,0.514117647,0.514117647,0.514117647,0.514117647
02/02/2030 16:00,0.477647059,0.477647059,0.477647059,0.477647059
02/02/2030 17:00,0.489411765,0.489411765,0.489411765,0.489411765
02/02/2030 18:00,0.517647059,0.517647059,0.517647059,0.517647059
02/02/2030 19:00,0.528235294,0.528235294,0.528235294,0.528235294
02/02/2030 20:00,0.441176471,0.441176471,0.441176471,0.441176471
02/02/2030 21:00,0.568235294,0.568235294,0.568235294,0.568235294
02/02/2030 22:00,0.356470588,0.356470588,0.356470588,0.356470588
02/02/2030 23:00,0.351764706,0.351764706,0.351764706,0.351764706
03/02/2030 00:00,0.441176471,0.441176471,0.441176471,0.441176471
03/02/2030 01:00,0.414117647,0.414117647,0.414117647,0.414117647
03/02/2030 02:00,0.5,0.5,0.5,0.5
03/02/2030 03:00,0.474117647,0.474117647,0.474117647,0.474117647
03/02/2030 04:00,0.464705882,0.464705882,0.464705882,0.464705882
03/02/2030 05:00,0.531764706,0.531764706,0.531764706,0.531764706
03/02/2030 06:00,0.449411765,0.449411765,0.449411765,0.449411765
03/02/2030 07:00,0.470588235,0.470588235,0.470588235,0.470588235
03/02/2030 08:00,0.434117647,0.434117647,0.434117647,0.434117647
03/02/2030 09:00,0.411764706,0.411764706,0.411764706,0.411764706
03/02/2030 10:00,0.345882353,0.345882353,0.345882353,0.345882353
03/02/2030 11:00,0.501176471,0.501176471,0.501176471,0.501176471
03/02/2030 12:00,0.514117647,0.514117647,0.514117647,0.514117647
03/02/2030 13:00,0.504705882,0.504705882,0.504705882,0.504705882
03/02/2030 14:00,0.450588235,0.450588235,0.450588235,0.450588235
03/02/2030 15:00,0.496470588,0.496470588,0.496470588,0.496470588
03/02/2030 16:00,0.472941176,0.472941176,0.472941176,0.472941176
03/02/2030 17:00,0.449411765,0.449411765,0.449411765,0.449411765
03/02/2030 18:00,0.384705882,0.384705882,0.384705882,0.384705882
03/02/2030 19:00,0.438823529,0.438823529,0.438823529,0.438823529
03/02/2030 20:00,0.392941176,0.392941176,0.392941176,0.392941176
03/02/2030 21:00,0.437647059,0.437647059,0.437647059,0.437647059
03/02/2030 22:00,0.412941176,0.412941176,0.412941176,0.412941176
03/02/2030 23:00,0.464705882,0.464705882,0.464705882,0.464705882
04/02/2030 00:00,0.448235294,0.448235294,0.448235294,0.448235294
04/02/2030 01:00,0.501176471,0.501176471,0.501176471,0.501176471
04/02/2030 02:00,0.550588235,0.550588235,0.550588235,0.550588235
04/02/2030 03:00,0.476470588,0.476470588,0.476470588,0.476470588
04/02/2030 04:00,0.458823529,0.458823529,0.458823529,0.458823529
04/02/2030 05:00,0.417647059,0.417647059,0.417647059,0.417647059
04/02/2030 06:00,0.464705882,0.464705882,0.464705882,0.464705882
04/02/2030 07:00,0.436470588,0.436470588,0.436470588,0.436470588
04/02/2030 08:00,0.434117647,0.434117647,0.434117647,0.434117647
04/02/2030 09:00,0.270588235,0.270588235,0.270588235,0.270588235
04/02/2030 10:00,0.231764706,0.231764706,0.231764706,0.231764706
04/02/2030 11:00,0.308235294,0.308235294,0.308235294,0.308235294
04/02/2030 12:00,0.307058824,0.307058824,0.307058824,0.307058824
04/02/2030 13:00,0.388235294,0.388235294,0.388235294,0.388235294
04/02/2030 14:00,0.395294118,0.395294118,0.395294118,0.395294118
04/02/2030 15:00,0.435294118,0.435294118,0.435294118,0.435294118
04/02/2030 16:00,0.465882353,0.465882353,0.465882353,0.465882353
04/02/2030 17:00,0.516470588,0.516470588,0.516470588,0.516470588
04/02/2030 18:00,0.331764706,0.331764706,0.331764706,0.331764706
04/02/2030 19:00,0.338823529,0.338823529,0.338823529,0.338823529
04/02/2030 20:00,0.356470588,0.356470588,0.356470588,0.356470588
04/02/2030 21:00,0.391764706,0.391764706,0.391764706,0.391764706
04/02/2030 22:00,0.372941176,0.372941176,0.372941176,0.372941176
04/02/2030 23:00,0.336470588,0.336470588,0.336470588,0.336470588
05/02/2030 00:00,0.508235294,0.508235294,0.508235294,0.508235294
05/02/2030 01:00,0.443529412,0.443529412,0.443529412,0.443529412
05/02/2030 02:00,0.442352941,0.442352941,0.442352941,0.442352941
05/02/2030 03:00,0.422352941,0.422352941,0.422352941,0.422352941
05/02/2030 04:00,0.438823529,0.438823529,0.438823529,0.438823529
05/02/2030 05:00,0.477647059,0.477647059,0.477647059,0.477647059
05/02/2030 06:00,0.411764706,0.411764706,0.411764706,0.411764706
05/02/2030 07:00,0.387058824,0.387058824,0.387058824,0.387058824
05/02/2030 08:00,0.316470588,0.316470588,0.316470588,0.316470588
05/02/2030 09:00,0.318823529,0.318823529,0.318823529,0.318823529
05/02/2030 10:00,0.304705882,0.304705882,0.304705882,0.304705882
05/02/2030 11:00,0.341176471,0.341176471,0.341176471,0.341176471
05/02/2030 12:00,0.396470588,0.396470588,0.396470588,0.396470588
05/02/2030 13:00,0.482352941,0.482352941,0.482352941,0.482352941
05/02/2030 14:00,0.472941176,0.472941176,0.472941176,0.472941176
05/02/2030 15:00,0.434117647,0.434117647,0.434117647,0.434117647
05/02/2030 16:00,0.428235294,0.428235294,0.428235294,0.428235294
05/02/2030 17:00,0.477647059,0.477647059,0.477647059,0.477647059
05/02/2030 18:00,0.429411765,0.429411765,0.429411765,0.429411765
05/02/2030 19:00,0.462352941,0.462352941,0.462352941,0.462352941
05/02/2030 20:00,0.409411765,0.409411765,0.409411765,0.409411765
05/02/2030 21:00,0.472941176,0.472941176,0.472941176,0.472941176
05/02/2030 22:00,0.44,0.44,0.44,0.44
05/02/2030 23:00,0.502352941,0.502352941,0.502352941,0.502352941
06/02/2030 00:00,0.488235294,0.488235294,0.488235294,0.488235294
06/02/2030 01:00,0.425882353,0.425882353,0.425882353,0.425882353
06/02/2030 02:00,0.397647059,0.397647059,0.397647059,0.397647059
06/02/2030 03:00,0.437647059,0.437647059,0.437647059,0.437647059
06/02/2030 04:00,0.383529412,0.383529412,0.383529412,0.383529412
06/02/2030 05:00,0.429411765,0.429411765,0.429411765,0.429411765
06/02/2030 06:00,0.389411765,0.389411765,0.389411765,0.389411765
06/02/2030 07:00,0.317647059,0.317647059,0.317647059,0.317647059
06/02/2030 08:00,0.310588235,0.310588235,0.310588235,0.310588235
06/02/2030 09:00,0.237647059,0.237647059,0.237647059,0.237647059
06/02/2030 10:00,0.303529412,0.303529412,0.303529412,0.303529412
06/02/2030 11:00,0.305882353,0.305882353,0.305882353,0.305882353
06/02/2030 12:00,0.341176471,0.341176471,0.341176471,0.341176471
06/02/2030 13:00,0.308235294,0.308235294,0.308235294,0.308235294
06/02/2030 14:00,0.262352941,0.262352941,0.262352941,0.262352941
06/02/2030 15:00,0.418823529,0.418823529,0.418823529,0.418823529
06/02/2030 16:00,0.554117647,0.554117647,0.554117647,0.554117647
06/02/2030 17:00,0.517647059,0.517647059,0.517647059,0.517647059
06/02/2030 18:00,0.428235294,0.428235294,0.428235294,0.428235294
06/02/2030 19:00,0.330588235,0.330588235,0.330588235,0.330588235
06/02/2030 20:00,0.578823529,0.578823529,0.578823529,0.578823529
06/02/2030 21:00,0.46,0.46,0.46,0.46
06/02/2030 22:00,0.487058824,0.487058824,0.487058824,0.487058824
06/02/2030 23:00,0.44,0.44,0.44,0.44
07/02/2030 00:00,0.497647059,0.497647059,0.497647059,0.497647059
07/02/2030 01:00,0.512941176,0.512941176,0.512941176,0.512941176
07/02/2030 02:00,0.44,0.44,0.44,0.44
07/02/2030 03:00,0.435294118,0.435294118,0.435294118,0.435294118
07/02/2030 04:00,0.394117647,0.394117647,0.394117647,0.394117647
07/02/2030 05:00,0.410588235,0.410588235,0.410588235,0.410588235
07/02/2030 06:00,0.411764706,0.411764706,0.411764706,0.411764706
07/02/2030 07:00,0.478823529,0.478823529,0.478823529,0.478823529
07/02/2030 08:00,0.472941176,0.472941176,0.472941176,0.472941176
07/02/2030 09:00,0.541176471,0.541176471,0.541176471,0.541176471
07/02/2030 10:00,0.508235294,0.508235294,0.508235294,0.508235294
07/02/2030 11:00,0.614117647,0.614117647,0.614117647,0.614117647
07/02/2030 12:00,0.751764706,0.751764706,0.751764706,0.751764706
07/02/2030 13:00,0.716470588,0.716470588,0.716470588,0.716470588
07/02/2030 14:00,0.688235294,0.688235294,0.688235294,0.688235294
07/02/2030 15:00,0.898823529,0.898823529,0.898823529,0.898823529
07/02/2030 16:00,0.863529412,0.863529412,0.863529412,0.863529412
07/02/2030 17:00,0.9,0.9,0.9,0.9
07/02/2030 18:00,0.778823529,0.778823529,0.778823529,0.778823529
07/02/2030 19:00,0.772941176,0.772941176,0.772941176,0.772941176
07/02/2030 20:00,0.796470588,0.796470588,0.796470588,0.796470588
07/02/2030 21:00,0.612941176,0.612941176,0.612941176,0.612941176
07/02/2030 22:00,0.505882353,0.505882353,0.505882353,0.505882353
07/02/2030 23:00,0.456470588,0.456470588,0.456470588,0.456470588
08/02/2030 00:00,0.495294118,0.495294118,0.495294118,0.495294118
08/02/2030 01:00,0.467058824,0.467058824,0.467058824,0.467058824
08/02/2030 02:00,0.367058824,0.367058824,0.367058824,0.367058824
08/02/2030 03:00,0.470588235,0.470588235,0.470588235,0.470588235
08/02/2030 04:00,0.467058824,0.467058824,0.467058824,0.467058824
08/02/2030 05:00,0.462352941,0.462352941,0.462352941,0.462352941
08/02/2030 06:00,0.456470588,0.456470588,0.456470588,0.456470588
08/02/2030 07:00,0.544705882,0.544705882,0.544705882,0.544705882
08/02/2030 08:00,0.505882353,0.505882353,0.505882353,0.505882353
08/02/2030 09:00,0.6,0.6,0.6,0.6
08/02/2030 10:00,0.743529412,0.743529412,0.743529412,0.743529412
08/02/2030 11:00,0.689411765,0.689411765,0.689411765,0.689411765
08/02/2030 12:00,0.665882353,0.665882353,0.665882353,0.665882353
08/02/2030 13:00,0.58,0.58,0.58,0.58
08/02/2030 14:00,0.72,0.72,0.72,0.72
08/02/2030 15:00,0.9,0.9,0.9,0.9
08/02/2030 16:00,0.970588235,0.970588235,0.970588235,0.970588235
08/02/2030 17:00,0.847058824,0.847058824,0.847058824,0.847058824
08/02/2030 18:00,0.794117647,0.794117647,0.794117647,0.794117647
08/02/2030 19:00,0.737647059,0.737647059,0.737647059,0.737647059
08/02/2030 20:00,0.928235294,0.928235294,0.928235294,0.928235294
08/02/2030 21:00,0.681176471,0.681176471,0.681176471,0.681176471
08/02/2030 22:00,0.518823529,0.518823529,0.518823529,0.518823529
08/02/2030 23:00,0.514117647,0.514117647,0.514117647,0.514117647
09/02/2030 00:00,0.548235294,0.548235294,0.548235294,0.548235294
09/02/2030 01:00,0.496470588,0.496470588,0.496470588,0.496470588
09/02/2030 02:00,0.449411765,0.449411765,0.449411765,0.449411765
09/02/2030 03:00,0.476470588,0.476470588,0.476470588,0.476470588
09/02/2030 04:00,0.456470588,0.456470588,0.456470588,0.456470588
09/02/2030 05:00,0.504705882,0.504705882,0.504705882,0.504705882
09/02/2030 06:00,0.395294118,0.395294118,0.395294118,0.395294118
09/02/2030 07:00,0.512941176,0.512941176,0.512941176,0.512941176
09/02/2030 08:00,0.522352941,0.522352941,0.522352941,0.522352941
09/02/2030 09:00,0.488235294,0.488235294,0.488235294,0.488235294
09/02/2030 10:00,0.627058824,0.627058824,0.627058824,0.627058824
09/02/2030 11:00,0.577647059,0.577647059,0.577647059,0.577647059
09/02/2030 12:00,0.782352941,0.782352941,0.782352941,0.782352941
09/02/2030 13:00,0.567058824,0.567058824,0.567058824,0.567058824
09/02/2030 14:00,0.629411765,0.629411765,0.629411765,0.629411765
09/02/2030 15:00,0.756470588,0.756470588,0.756470588,0.756470588
09/02/2030 16:00,0.9,0.9,0.9,0.9
09/02/2030 17:00,0.849411765,0.849411765,0.849411765,0.849411765
09/02/2030 18:00,0.810588235,0.810588235,0.810588235,0.810588235
09/02/2030 19:00,0.702352941,0.702352941,0.702352941,0.702352941
09/02/2030 20:00,0.683529412,0.683529412,0.683529412,0.683529412
09/02/2030 21:00,0.502352941,0.502352941,0.502352941,0.502352941
09/02/2030 22:00,0.510588235,0.510588235,0.510588235,0.510588235
09/02/2030 23:00,0.514117647,0.514117647,0.514117647,0.514117647
10/02/2030 00:00,0.537647059,0.537647059,0.537647059,0.537647059
10/02/2030 01:00,0.454117647,0.454117647,0.454117647,0.454117647
10/02/2030 02:00,0.498823529,0.498823529,0.498823529,0.498823529
10/02/2030 03:00,0.492941176,0.492941176,0.492941176,0.492941176
10/02/2030 04:00,0.461176471,0.461176471,0.461176471,0.461176471
10/02/2030 05:00,0.478823529,0.478823529,0.478823529,0.478823529
10/02/2030 06:00,0.511764706,0.511764706,0.511764706,0.511764706
10/02/2030 07:00,0.567058824,0.567058824,0.567058824,0.567058824
10/02/2030 08:00,0.391764706,0.391764706,0.391764706,0.391764706
10/02/2030 09:00,0.496470588,0.496470588,0.496470588,0.496470588
10/02/2030 10:00,0.476470588,0.476470588,0.476470588,0.476470588
10/02/2030 11:00,0.549411765,0.549411765,0.549411765,0.549411765
10/02/2030 12:00,0.612941176,0.612941176,0.612941176,0.612941176
10/02/2030 13:00,0.644705882,0.644705882,0.644705882,0.644705882
10/02/2030 14:00,0.583529412,0.583529412,0.583529412,0.583529412
10/02/2030 15:00,0.732941176,0.732941176,0.732941176,0.732941176
10/02/2030 16:00,0.816470588,0.816470588,0.816470588,0.816470588
10/02/2030 17:00,0.662352941,0.662352941,0.662352941,0.662352941
10/02/2030 18:00,0.647058824,0.647058824,0.647058824,0.647058824
10/02/2030 19:00,0.86,0.86,0.86,0.86
10/02/2030 20:00,0.802352941,0.802352941,0.802352941,0.802352941
10/02/2030 21:00,0.757647059,0.757647059,0.757647059,0.757647059
10/02/2030 22:00,0.581176471,0.581176471,0.581176471,0.581176471
10/02/2030 23:00,0.475294118,0.475294118,0.475294118,0.475294118
11/02/2030 00:00,0.578823529,0.578823529,0.578823529,0.578823529
11/02/2030 01:00,0.455294118,0.455294118,0.455294118,0.455294118
11/02/2030 02:00,0.445882353,0.445882353,0.445882353,0.445882353
11/02/2030 03:00,0.491764706,0.491764706,0.491764706,0.491764706
11/02/2030 04:00,0.48,0.48,0.48,0.48
11/02/2030 05:00,0.472941176,0.472941176,0.472941176,0.472941176
11/02/2030 06:00,0.415294118,0.415294118,0.415294118,0.415294118
11/02/2030 07:00,0.484705882,0.484705882,0.484705882,0.484705882
11/02/2030 08:00,0.544705882,0.544705882,0.544705882,0.544705882
11/02/2030 09:00,0.618823529,0.618823529,0.618823529,0.618823529
11/02/2030 10:00,0.589411765,0.589411765,0.589411765,0.589411765
11/02/2030 11:00,0.635294118,0.635294118,0.635294118,0.635294118
11/02/2030 12:00,0.752941176,0.752941176,0.752941176,0.752941176
11/02/2030 13:00,0.623529412,0.623529412,0.623529412,0.623529412
11/02/2030 14:00,0.777647059,0.777647059,0.777647059,0.777647059
11/02/2030 15:00,0.842352941,0.842352941,0.842352941,0.842352941
11/02/2030 16:00,0.861176471,0.861176471,0.861176471,0.861176471
11/02/2030 17:00,0.828235294,0.828235294,0.828235294,0.828235294
11/02/2030 18:00,0.695294118,0.695294118,0.695294118,0.695294118
11/02/2030 19:00,0.849411765,0.849411765,0.849411765,0.849411765
11/02/2030 20:00,0.654117647,0.654117647,0.654117647,0.654117647
11/02/2030 21:00,0.635294118,0.635294118,0.635294118,0.635294118
11/02/2030 22:00,0.498823529,0.498823529,0.498823529,0.498823529
11/02/2030 23:00,0.462352941,0.462352941,0.462352941,0.462352941
12/02/2030 00:00,0.487058824,0.487058824,0.487058824,0.487058824
12/02/2030 01:00,0.461176471,0.461176471,0.461176471,0.461176471
12/02/2030 02:00,0.469411765,0.469411765,0.469411765,0.469411765
12/02/2030 03:00,0.507058824,0.507058824,0.507058824,0.507058824
12/02/2030 04:00,0.503529412,0.503529412,0.503529412,0.503529412
12/02/2030 05:00,0.403529412,0.403529412,0.403529412,0.403529412
12/02/2030 06:00,0.457647059,0.457647059,0.457647059,0.457647059
12/02/2030 07:00,0.397647059,0.397647059,0.397647059,0.397647059
12/02/2030 08:00,0.330588235,0.330588235,0.330588235,0.330588235
12/02/2030 09:00,0.335294118,0.335294118,0.335294118,0.335294118
12/02/2030 10:00,0.448235294,0.448235294,0.448235294,0.448235294
12/02/2030 11:00,0.398823529,0.398823529,0.398823529,0.398823529
12/02/2030 12:00,0.474117647,0.474117647,0.474117647,0.474117647
12/02/2030 13:00,0.488235294,0.488235294,0.488235294,0.488235294
12/02/2030 14:00,0.530588235,0.530588235,0.530588235,0.530588235
12/02/2030 15:00,0.495294118,0.495294118,0.495294118,0.495294118
12/02/2030 16:00,0.574117647,0.574117647,0.574117647,0.574117647
12/02/2030 17:00,0.527058824,0.527058824,0.527058824,0.527058824
12/02/2030 18:00,0.408235294,0.408235294,0.408235294,0.408235294
12/02/2030 19:00,0.515294118,0.515294118,0.515294118,0.515294118
12/02/2030 20:00,0.412941176,0.412941176,0.412941176,0.412941176
12/02/2030 21:00,0.503529412,0.503529412,0.503529412,0.503529412
12/02/2030 22:00,0.462352941,0.462352941,0.462352941,0.462352941
12/02/2030 23:00,0.551764706,0.551764706,0.551764706,0.551764706
13/02/2030 00:00,0.523529412,0.523529412,0.523529412,0.523529412
13/02/2030 01:00,0.601176471,0.601176471,0.601176471,0.601176471
13/02/2030 02:00,0.518823529,0.518823529,0.518823529,0.518823529
13/02/2030 03:00,0.470588235,0.470588235,0.470588235,0.470588235
13/02/2030 04:00,0.492941176,0.492941176,0.492941176,0.492941176
13/02/2030 05:00,0.5,0.5,0.5,0.5
13/02/2030 06:00,0.514117647,0.514117647,0.514117647,0.514117647
13/02/2030 07:00,0.444705882,0.444705882,0.444705882,0.444705882
13/02/2030 08:00,0.437647059,0.437647059,0.437647059,0.437647059
13/02/2030 09:00,0.369411765,0.369411765,0.369411765,0.369411765
13/02/2030 10:00,0.418823529,0.418823529,0.418823529,0.418823529
13/02/2030 11:00,0.422352941,0.422352941,0.422352941,0.422352941
13/02/2030 12:00,0.424705882,0.424705882,0.424705882,0.424705882
13/02/2030 13:00,0.469411765,0.469411765,0.469411765,0.469411765
13/02/2030 14:00,0.521176471,0.521176471,0.521176471,0.521176471
13/02/2030 15:00,0.512941176,0.512941176,0.512941176,0.512941176
13/02/2030 16:00,0.515294118,0.515294118,0.515294118,0.515294118
13/02/2030 17:00,0.54,0.54,0.54,0.54
13/02/2030 18:00,0.509411765,0.509411765,0.509411765,0.509411765
13/02/2030 19:00,0.391764706,0.391764706,0.391764706,0.391764706
13/02/2030 20:00,0.510588235,0.510588235,0.510588235,0.510588235
13/02/2030 21:00,0.4,0.4,0.4,0.4
13/02/2030 22:00,0.474117647,0.474117647,0.474117647,0.474117647
13/02/2030 23:00,0.457647059,0.457647059,0.457647059,0.457647059
14/02/2030 00:00,0.565882353,0.565882353,0.565882353,0.565882353
14/02/2030 01:00,0.476470588,0.476470588,0.476470588,0.476470588
14/02/2030 02:00,0.509411765,0.509411765,0.509411765,0.509411765
14/02/2030 03:00,0.501176471,0.501176471,0.501176471,0.501176471
14/02/2030 04:00,0.495294118,0.495294118,0.495294118,0.495294118
14/02/2030 05:00,0.443529412,0.443529412,0.443529412,0.443529412
14/02/2030 06:00,0.504705882,0.504705882,0.504705882,0.504705882
14/02/2030 07:00,0.512941176,0.512941176,0.512941176,0.512941176
14/02/2030 08:00,0.478823529,0.478823529,0.478823529,0.478823529
14/02/2030 09:00,0.642352941,0.642352941,0.642352941,0.642352941
14/02/2030 10:00,0.7,0.7,0.7,0.7
14/02/2030 11:00,0.628235294,0.628235294,0.628235294,0.628235294
14/02/2030 12:00,0.728235294,0.728235294,0.728235294,0.728235294
14/02/2030 13:00,0.736470588,0.736470588,0.736470588,0.736470588
14/02/2030 14:00,0.708235294,0.708235294,0.708235294,0.708235294
14/02/2030 15:00,0.876470588,0.876470588,0.876470588,0.876470588
14/02/2030 16:00,0.907058824,0.907058824,0.907058824,0.907058824
14/02/2030 17:00,0.837647059,0.837647059,0.837647059,0.837647059
14/02/2030 18:00,0.914117647,0.914117647,0.914117647,0.914117647
14/02/2030 19:00,0.695294118,0.695294118,0.695294118,0.695294118
14/02/2030 20:00,0.818823529,0.818823529,0.818823529,0.818823529
14/02/2030 21:00,0.744705882,0.744705882,0.744705882,0.744705882
14/02/2030 22:00,0.557647059,0.557647059,0.557647059,0.557647059
14/02/2030 23:00,0.515294118,0.515294118,0.515294118,0.515294118
15/02/2030 00:00,0.509411765,0.509411765,0.509411765,0.509411765
15/02/2030 01:00,0.514117647,0.514117647,0.514117647,0.514117647
15/02/2030 02:00,0.485882353,0.485882353,0.485882353,0.485882353
15/02/2030 03:00,0.508235294,0.508235294,0.508235294,0.508235294
15/02/2030 04:00,0.505882353,0.505882353,0.505882353,0.505882353
15/02/2030 05:00,0.465882353,0.465882353,0.465882353,0.465882353
15/02/2030 06:00,0.481176471,0.481176471,0.481176471,0.481176471
15/02/2030 07:00,0.548235294,0.548235294,0.548235294,0.548235294
15/02/2030 08:00,0.558823529,0.558823529,0.558823529,0.558823529
15/02/2030 09:00,0.456470588,0.456470588,0.456470588,0.456470588
15/02/2030 10:00,0.541176471,0.541176471,0.541176471,0.541176471
15/02/2030 11:00,0.712941176,0.712941176,0.712941176,0.712941176
15/02/2030 12:00,0.624705882,0.624705882,0.624705882,0.624705882
15/02/2030 13:00,0.629411765,0.629411765,0.629411765,0.629411765
15/02/2030 14:00,0.695294118,0.695294118,0.695294118,0.695294118
15/02/2030 15:00,0.916470588,0.916470588,0.916470588,0.916470588
15/02/2030 16:00,0.881176471,0.881176471,0.881176471,0.881176471
15/02/2030 17:00,0.802352941,0.802352941,0.802352941,0.802352941
15/02/2030 18:00,0.752941176,0.752941176,0.752941176,0.752941176
15/02/2030 19:00,0.827058824,0.827058824,0.827058824,0.827058824
15/02/2030 20:00,0.852941176,0.852941176,0.852941176,0.852941176
15/02/2030 21:00,0.767058824,0.767058824,0.767058824,0.767058824
15/02/2030 22:00,0.481176471,0.481176471,0.481176471,0.481176471
15/02/2030 23:00,0.467058824,0.467058824,0.467058824,0.467058824
16/02/2030 00:00,0.531764706,0.531764706,0.531764706,0.531764706
16/02/2030 01:00,0.46,0.46,0.46,0.46
16/02/2030 02:00,0.629411765,0.629411765,0.629411765,0.629411765
16/02/2030 03:00,0.430588235,0.430588235,0.430588235,0.430588235
16/02/2030 04:00,0.563529412,0.563529412,0.563529412,0.563529412
16/02/2030 05:00,0.427058824,0.427058824,0.427058824,0.427058824
16/02/2030 06:00,0.485882353,0.485882353,0.485882353,0.485882353
16/02/2030 07:00,0.491764706,0.491764706,0.491764706,0.491764706
16/02/2030 08:00,0.432941176,0.432941176,0.432941176,0.432941176
16/02/2030 09:00,0.491764706,0.491764706,0.491764706,0.491764706
16/02/2030 10:00,0.532941176,0.532941176,0.532941176,0.532941176
16/02/2030 11:00,0.611764706,0.611764706,0.611764706,0.611764706
16/02/2030 12:00,0.643529412,0.643529412,0.643529412,0.643529412
16/02/2030 13:00,0.602352941,0.602352941,0.602352941,0.602352941
16/02/2030 14:00,0.616470588,0.616470588,0.616470588,0.616470588
16/02/2030 15:00,0.877647059,0.877647059,0.877647059,0.877647059
16/02/2030 16:00,1,1,1,1
16/02/2030 17:00,0.881176471,0.881176471,0.881176471,0.881176471
16/02/2030 18:00,0.865882353,0.865882353,0.865882353,0.865882353
16/02/2030 19:00,0.891764706,0.891764706,0.891764706,0.891764706
16/02/2030 20:00,0.854117647,0.854117647,0.854117647,0.854117647
16/02/2030 21:00,0.592941176,0.592941176,0.592941176,0.592941176
16/02/2030 22:00,0.508235294,0.508235294,0.508235294,0.508235294
16/02/2030 23:00,0.508235294,0.508235294,0.508235294,0.508235294
17/02/2030 00:00,0.464705882,0.464705882,0.464705882,0.464705882
17/02/2030 01:00,0.561176471,0.561176471,0.561176471,0.561176471
17/02/2030 02:00,0.530588235,0.530588235,0.530588235,0.530588235
17/02/2030 03:00,0.46,0.46,0.46,0.46
17/02/2030 04:00,0.443529412,0.443529412,0.443529412,0.443529412
17/02/2030 05:00,0.431764706,0.431764706,0.431764706,0.431764706
17/02/2030 06:00,0.369411765,0.369411765,0.369411765,0.369411765
17/02/2030 07:00,0.407058824,0.407058824,0.407058824,0.407058824
17/02/2030 08:00,0.374117647,0.374117647,0.374117647,0.374117647
17/02/2030 09:00,0.52,0.52,0.52,0.52
17/02/2030 10:00,0.592941176,0.592941176,0.592941176,0.592941176
17/02/2030 11:00,0.668235294,0.668235294,0.668235294,0.668235294
17/02/2030 12:00,0.667058824,0.667058824,0.667058824,0.667058824
17/02/2030 13:00,0.545882353,0.545882353,0.545882353,0.545882353
17/02/2030 14:00,0.648235294,0.648235294,0.648235294,0.648235294
17/02/2030 15:00,0.788235294,0.788235294,0.788235294,0.788235294
17/02/2030 16:00,0.888235294,0.888235294,0.888235294,0.888235294
17/02/2030 17:00,0.736470588,0.736470588,0.736470588,0.736470588
17/02/2030 18:00,0.748235294,0.748235294,0.748235294,0.748235294
17/02/2030 19:00,0.845882353,0.845882353,0.845882353,0.845882353
17/02/2030 20:00,0.761176471,0.761176471,0.761176471,0.761176471
17/02/2030 21:00,0.704705882,0.704705882,0.704705882,0.704705882
17/02/2030 22:00,0.62,0.62,0.62,0.62
17/02/2030 23:00,0.462352941,0.462352941,0.462352941,0.462352941
18/02/2030 00:00,0.451764706,0.451764706,0.451764706,0.451764706
18/02/2030 01:00,0.457647059,0.457647059,0.457647059,0.457647059
18/02/2030 02:00,0.507058824,0.507058824,0.507058824,0.507058824
18/02/2030 03:00,0.498823529,0.498823529,0.498823529,0.498823529
18/02/2030 04:00,0.485882353,0.485882353,0.485882353,0.485882353
18/02/2030 05:00,0.452941176,0.452941176,0.452941176,0.452941176
18/02/2030 06:00,0.381176471,0.381176471,0.381176471,0.381176471
18/02/2030 07:00,0.477647059,0.477647059,0.477647059,0.477647059
18/02/2030 08:00,0.609411765,0.609411765,0.609411765,0.609411765
18/02/2030 09:00,0.38,0.38,0.38,0.38
18/02/2030 10:00,0.444705882,0.444705882,0.444705882,0.444705882
18/02/2030 11:00,0.387058824,0.387058824,0.387058824,0.387058824
18/02/2030 12:00,0.543529412,0.543529412,0.543529412,0.543529412
18/02/2030 13:00,0.582352941,0.582352941,0.582352941,0.582352941
18/02/2030 14:00,0.597647059,0.597647059,0.597647059,0.597647059
18/02/2030 15:00,0.687058824,0.687058824,0.687058824,0.687058824
18/02/2030 16:00,0.696470588,0.696470588,0.696470588,0.696470588
18/02/2030 17:00,0.611764706,0.611764706,0.611764706,0.611764706
18/02/2030 18:00,0.745882353,0.745882353,0.745882353,0.745882353
18/02/2030 19:00,0.815294118,0.815294118,0.815294118,0.815294118
18/02/2030 20:00,0.735294118,0.735294118,0.735294118,0.735294118
18/02/2030 21:00,0.715294118,0.715294118,0.715294118,0.715294118
18/02/2030 22:00,0.482352941,0.482352941,0.482352941,0.482352941
18/02/2030 23:00,0.434117647,0.434117647,0.434117647,0.434117647
19/02/2030 00:00,0.487058824,0.487058824,0.487058824,0.487058824
19/02/2030 01:00,0.532941176,0.532941176,0.532941176,0.532941176
19/02/2030 02:00,0.455294118,0.455294118,0.455294118,0.455294118
19/02/2030 03:00,0.435294118,0.435294118,0.435294118,0.435294118
19/02/2030 04:00,0.388235294,0.388235294,0.388235294,0.388235294
19/02/2030 05:00,0.422352941,0.422352941,0.422352941,0.422352941
19/02/2030 06:00,0.424705882,0.424705882,0.424705882,0.424705882
19/02/2030 07:00,0.311764706,0.311764706,0.311764706,0.311764706
19/02/2030 08:00,0.342352941,0.342352941,0.342352941,0.342352941
19/02/2030 09:00,0.398823529,0.398823529,0.398823529,0.398823529
19/02/2030 10:00,0.363529412,0.363529412,0.363529412,0.363529412
19/02/2030 11:00,0.429411765,0.429411765,0.429411765,0.429411765
19/02/2030 12:00,0.465882353,0.465882353,0.465882353,0.465882353
19/02/2030 13:00,0.415294118,0.415294118,0.415294118,0.415294118
19/02/2030 14:00,0.424705882,0.424705882,0.424705882,0.424705882
19/02/2030 15:00,0.450588235,0.450588235,0.450588235,0.450588235
19/02/2030 16:00,0.438823529,0.438823529,0.438823529,0.438823529
19/02/2030 17:00,0.607058824,0.607058824,0.607058824,0.607058824
19/02/2030 18:00,0.410588235,0.410588235,0.410588235,0.410588235
19/02/2030 19:00,0.427058824,0.427058824,0.427058824,0.427058824
19/02/2030 20:00,0.498823529,0.498823529,0.498823529,0.498823529
19/02/2030 21:00,0.417647059,0.417647059,0.417647059,0.417647059
19/02/2030 22:00,0.488235294,0.488235294,0.488235294,0.488235294
19/02/2030 23:00,0.447058824,0.447058824,0.447058824,0.447058824
20/02/2030 00:00,0.345882353,0.345882353,0.345882353,0.345882353
20/02/2030 01:00,0.290588235,0.290588235,0.290588235,0.290588235
20/02/2030 02:00,0.36,0.36,0.36,0.36
20/02/2030 03:00,0.389411765,0.389411765,0.389411765,0.389411765
20/02/2030 04:00,0.461176471,0.461176471,0.461176471,0.461176471
20/02/2030 05:00,0.371764706,0.371764706,0.371764706,0.371764706
20/02/2030 06:00,0.385882353,0.385882353,0.385882353,0.385882353
20/02/2030 07:00,0.408235294,0.408235294,0.408235294,0.408235294
20/02/2030 08:00,0.404705882,0.404705882,0.404705882,0.404705882
20/02/2030 09:00,0.415294118,0.415294118,0.415294118,0.415294118
20/02/2030 10:00,0.271764706,0.271764706,0.271764706,0.271764706
20/02/2030 11:00,0.341176471,0.341176471,0.341176471,0.341176471
20/02/2030 12:00,0.421176471,0.421176471,0.421176471,0.421176471
20/02/2030 13:00,0.367058824,0.367058824,0.367058824,0.367058824
20/02/2030 14:00,0.436470588,0.436470588,0.436470588,0.436470588
20/02/2030 15:00,0.507058824,0.507058824,0.507058824,0.507058824
20/02/2030 16:00,0.463529412,0.463529412,0.463529412,0.463529412
20/02/2030 17:00,0.355294118,0.355294118,0.355294118,0.355294118
20/02/2030 18:00,0.489411765,0.489411765,0.489411765,0.489411765
20/02/2030 19:00,0.48,0.48,0.48,0.48
20/02/2030 20:00,0.361176471,0.361176471,0.361176471,0.361176471
20/02/2030 21:00,0.336470588,0.336470588,0.336470588,0.336470588
20/02/2030 22:00,0.470588235,0.470588235,0.470588235,0.470588235
20/02/2030 23:00,0.391764706,0.391764706,0.391764706,0.391764706
21/02/2030 00:00,0.474117647,0.474117647,0.474117647,0.474117647
21/02/2030 01:00,0.421176471,0.421176471,0.421176471,0.421176471
21/02/2030 02:00,0.456470588,0.456470588,0.456470588,0.456470588
21/02/2030 03:00,0.376470588,0.376470588,0.376470588,0.376470588
21/02/2030 04:00,0.435294118,0.435294118,0.435294118,0.435294118
21/02/2030 05:00,0.417647059,0.417647059,0.417647059,0.417647059
21/02/2030 06:00,0.331764706,0.331764706,0.331764706,0.331764706
21/02/2030 07:00,0.430588235,0.430588235,0.430588235,0.430588235
21/02/2030 08:00,0.528235294,0.528235294,0.528235294,0.528235294
21/02/2030 09:00,0.577647059,0.577647059,0.577647059,0.577647059
21/02/2030 10:00,0.514117647,0.514117647,0.514117647,0.514117647
21/02/2030 11:00,0.671764706,0.671764706,0.671764706,0.671764706
21/02/2030 12:00,0.611764706,0.611764706,0.611764706,0.611764706
21/02/2030 13:00,0.541176471,0.541176471,0.541176471,0.541176471
21/02/2030 14:00,0.505882353,0.505882353,0.505882353,0.505882353
21/02/2030 15:00,0.695294118,0.695294118,0.695294118,0.695294118
21/02/2030 16:00,0.54,0.54,0.54,0.54
21/02/2030 17:00,0.684705882,0.684705882,0.684705882,0.684705882
21/02/2030 18:00,0.565882353,0.565882353,0.565882353,0.565882353
21/02/2030 19:00,0.58,0.58,0.58,0.58
21/02/2030 20:00,0.652941176,0.652941176,0.652941176,0.652941176
21/02/2030 21:00,0.602352941,0.602352941,0.602352941,0.602352941
21/02/2030 22:00,0.44,0.44,0.44,0.44
21/02/2030 23:00,0.522352941,0.522352941,0.522352941,0.522352941
22/02/2030 00:00,0.449411765,0.449411765,0.449411765,0.449411765
22/02/2030 01:00,0.391764706,0.391764706,0.391764706,0.391764706
22/02/2030 02:00,0.391764706,0.391764706,0.391764706,0.391764706
22/02/2030 03:00,0.458823529,0.458823529,0.458823529,0.458823529
22/02/2030 04:00,0.411764706,0.411764706,0.411764706,0.411764706
22/02/2030 05:00,0.434117647,0.434117647,0.434117647,0.434117647
22/02/2030 06:00,0.454117647,0.454117647,0.454117647,0.454117647
22/02/2030 07:00,0.527058824,0.527058824,0.527058824,0.527058824
22/02/2030 08:00,0.543529412,0.543529412,0.543529412,0.543529412
22/02/2030 09:00,0.581176471,0.581176471,0.581176471,0.581176471
22/02/2030 10:00,0.624705882,0.624705882,0.624705882,0.624705882
22/02/2030 11:00,0.625882353,0.625882353,0.625882353,0.625882353
22/02/2030 12:00,0.743529412,0.743529412,0.743529412,0.743529412
22/02/2030 13:00,0.604705882,0.604705882,0.604705882,0.604705882
22/02/2030 14:00,0.634117647,0.634117647,0.634117647,0.634117647
22/02/2030 15:00,0.696470588,0.696470588,0.696470588,0.696470588
22/02/2030 16:00,0.682352941,0.682352941,0.682352941,0.682352941
22/02/2030 17:00,0.730588235,0.730588235,0.730588235,0.730588235
22/02/2030 18:00,0.672941176,0.672941176,0.672941176,0.672941176
22/02/2030 19:00,0.671764706,0.671764706,0.671764706,0.671764706
22/02/2030 20:00,0.602352941,0.602352941,0.602352941,0.602352941
22/02/2030 21:00,0.556470588,0.556470588,0.556470588,0.556470588
22/02/2030 22:00,0.477647059,0.477647059,0.477647059,0.477647059
22/02/2030 23:00,0.415294118,0.415294118,0.415294118,0.415294118
23/02/2030 00:00,0.452941176,0.452941176,0.452941176,0.452941176
23/02/2030 01:00,0.465882353,0.465882353,0.465882353,0.465882353
23/02/2030 02:00,0.409411765,0.409411765,0.409411765,0.409411765
23/02/2030 03:00,0.401176471,0.401176471,0.401176471,0.401176471
23/02/2030 04:00,0.452941176,0.452941176,0.452941176,0.452941176
23/02/2030 05:00,0.462352941,0.462352941,0.462352941,0.462352941
23/02/2030 06:00,0.474117647,0.474117647,0.474117647,0.474117647
23/02/2030 07:00,0.595294118,0.595294118,0.595294118,0.595294118
23/02/2030 08:00,0.570588235,0.570588235,0.570588235,0.570588235
23/02/2030 09:00,0.649411765,0.649411765,0.649411765,0.649411765
23/02/2030 10:00,0.656470588,0.656470588,0.656470588,0.656470588
23/02/2030 11:00,0.781176471,0.781176471,0.781176471,0.781176471
23/02/2030 12:00,0.668235294,0.668235294,0.668235294,0.668235294
23/02/2030 13:00,0.635294118,0.635294118,0.635294118,0.635294118
23/02/2030 14:00,0.650588235,0.650588235,0.650588235,0.650588235
23/02/2030 15:00,0.709411765,0.709411765,0.709411765,0.709411765
23/02/2030 16:00,0.744705882,0.744705882,0.744705882,0.744705882
23/02/2030 17:00,0.684705882,0.684705882,0.684705882,0.684705882
23/02/2030 18:00,0.592941176,0.592941176,0.592941176,0.592941176
23/02/2030 19:00,0.595294118,0.595294118,0.595294118,0.595294118
23/02/2030 20:00,0.627058824,0.627058824,0.627058824,0.627058824
23/02/2030 21:00,0.534117647,0.534117647,0.534117647,0.534117647
23/02/2030 22:00,0.471764706,0.471764706,0.471764706,0.471764706
23/02/2030 23:00,0.452941176,0.452941176,0.452941176,0.452941176
24/02/2030 00:00,0.542352941,0.542352941,0.542352941,0.542352941
24/02/2030 01:00,0.523529412,0.523529412,0.523529412,0.523529412
24/02/2030 02:00,0.516470588,0.516470588,0.516470588,0.516470588
24/02/2030 03:00,0.5,0.5,0.5,0.5
24/02/2030 04:00,0.445882353,0.445882353,0.445882353,0.445882353
24/02/2030 05:00,0.38,0.38,0.38,0.38
24/02/2030 06:00,0.458823529,0.458823529,0.458823529,0.458823529
24/02/2030 07:00,0.464705882,0.464705882,0.464705882,0.464705882
24/02/2030 08:00,0.474117647,0.474117647,0.474117647,0.474117647
24/02/2030 09:00,0.410588235,0.410588235,0.410588235,0.410588235
24/02/2030 10:00,0.504705882,0.504705882,0.504705882,0.504705882
24/02/2030 11:00,0.544705882,0.544705882,0.544705882,0.544705882
24/02/2030 12:00,0.607058824,0.607058824,0.607058824,0.607058824
24/02/2030 13:00,0.588235294,0.588235294,0.588235294,0.588235294
24/02/2030 14:00,0.523529412,0.523529412,0.523529412,0.523529412
24/02/2030 15:00,0.748235294,0.748235294,0.748235294,0.748235294
24/02/2030 16:00,0.735294118,0.735294118,0.735294118,0.735294118
24/02/2030 17:00,0.772941176,0.772941176,0.772941176,0.772941176
24/02/2030 18:00,0.715294118,0.715294118,0.715294118,0.715294118
24/02/2030 19:00,0.757647059,0.757647059,0.757647059,0.757647059
24/02/2030 20:00,0.710588235,0.710588235,0.710588235,0.710588235
24/02/2030 21:00,0.570588235,0.570588235,0.570588235,0.570588235
24/02/2030 22:00,0.448235294,0.448235294,0.448235294,0.448235294
24/02/2030 23:00,0.454117647,0.454117647,0.454117647,0.454117647
25/02/2030 00:00,0.561176471,0.561176471,0.561176471,0.561176471
25/02/2030 01:00,0.468235294,0.468235294,0.468235294,0.468235294
25/02/2030 02:00,0.474117647,0.474117647,0.474117647,0.474117647
25/02/2030 03:00,0.472941176,0.472941176,0.472941176,0.472941176
25/02/2030 04:00,0.401176471,0.401176471,0.401176471,0.401176471
25/02/2030 05:00,0.442352941,0.442352941,0.442352941,0.442352941
25/02/2030 06:00,0.458823529,0.458823529,0.458823529,0.458823529
25/02/2030 07:00,0.370588235,0.370588235,0.370588235,0.370588235
25/02/2030 08:00,0.342352941,0.342352941,0.342352941,0.342352941
25/02/2030 09:00,0.327058824,0.327058824,0.327058824,0.327058824
25/02/2030 10:00,0.515294118,0.515294118,0.515294118,0.515294118
25/02/2030 11:00,0.488235294,0.488235294,0.488235294,0.488235294
25/02/2030 12:00,0.537647059,0.537647059,0.537647059,0.537647059
25/02/2030 13:00,0.494117647,0.494117647,0.494117647,0.494117647
25/02/2030 14:00,0.635294118,0.635294118,0.635294118,0.635294118
25/02/2030 15:00,0.758823529,0.758823529,0.758823529,0.758823529
25/02/2030 16:00,0.767058824,0.767058824,0.767058824,0.767058824
25/02/2030 17:00,0.865882353,0.865882353,0.865882353,0.865882353
25/02/2030 18:00,0.622352941,0.622352941,0.622352941,0.622352941
25/02/2030 19:00,0.501176471,0.501176471,0.501176471,0.501176471
25/02/2030 20:00,0.685882353,0.685882353,0.685882353,0.685882353
25/02/2030 21:00,0.603529412,0.603529412,0.603529412,0.603529412
25/02/2030 22:00,0.492941176,0.492941176,0.492941176,0.492941176
25/02/2030 23:00,0.394117647,0.394117647,0.394117647,0.394117647
26/02/2030 00:00,0.431764706,0.431764706,0.431764706,0.431764706
26/02/2030 01:00,0.434117647,0.434117647,0.434117647,0.434117647
26/02/2030 02:00,0.431764706,0.431764706,0.431764706,0.431764706
26/02/2030 03:00,0.42,0.42,0.42,0.42
26/02/2030 04:00,0.437647059,0.437647059,0.437647059,0.437647059
26/02/2030 05:00,0.389411765,0.389411765,0.389411765,0.389411765
26/02/2030 06:00,0.422352941,0.422352941,0.422352941,0.422352941
26/02/2030 07:00,0.510588235,0.510588235,0.510588235,0.510588235
26/02/2030 08:00,0.363529412,0.363529412,0.363529412,0.363529412
26/02/2030 09:00,0.271764706,0.271764706,0.271764706,0.271764706
26/02/2030 10:00,0.387058824,0.387058824,0.387058824,0.387058824
26/02/2030 11:00,0.321176471,0.321176471,0.321176471,0.321176471
26/02/2030 12:00,0.428235294,0.428235294,0.428235294,0.428235294
26/02/2030 13:00,0.368235294,0.368235294,0.368235294,0.368235294
26/02/2030 14:00,0.397647059,0.397647059,0.397647059,0.397647059
26/02/2030 15:00,0.511764706,0.511764706,0.511764706,0.511764706
26/02/2030 16:00,0.488235294,0.488235294,0.488235294,0.488235294
26/02/2030 17:00,0.456470588,0.456470588,0.456470588,0.456470588
26/02/2030 18:00,0.517647059,0.517647059,0.517647059,0.517647059
26/02/2030 19:00,0.267058824,0.267058824,0.267058824,0.267058824
26/02/2030 20:00,0.372941176,0.372941176,0.372941176,0.372941176
26/02/2030 21:00,0.402352941,0.402352941,0.402352941,0.402352941
26/02/2030 22:00,0.463529412,0.463529412,0.463529412,0.463529412
26/02/2030 23:00,0.524705882,0.524705882,0.524705882,0.524705882
27/02/2030 00:00,0.497647059,0.497647059,0.497647059,0.497647059
27/02/2030 01:00,0.407058824,0.407058824,0.407058824,0.407058824
27/02/2030 02:00,0.376470588,0.376470588,0.376470588,0.376470588
27/02/2030 03:00,0.390588235,0.390588235,0.390588235,0.390588235
27/02/2030 04:00,0.437647059,0.437647059,0.437647059,0.437647059
27/02/2030 05:00,0.444705882,0.444705882,0.444705882,0.444705882
27/02/2030 06:00,0.388235294,0.388235294,0.388235294,0.388235294
27/02/2030 07:00,0.312941176,0.312941176,0.312941176,0.312941176
27/02/2030 08:00,0.243529412,0.243529412,0.243529412,0.243529412
27/02/2030 09:00,0.268235294,0.268235294,0.268235294,0.268235294
27/02/2030 10:00,0.218823529,0.218823529,0.218823529,0.218823529
27/02/2030 11:00,0.244705882,0.244705882,0.244705882,0.244705882
27/02/2030 12:00,0.352941176,0.352941176,0.352941176,0.352941176
27/02/2030 13:00,0.301176471,0.301176471,0.301176471,0.301176471
27/02/2030 14:00,0.397647059,0.397647059,0.397647059,0.397647059
27/02/2030 15:00,0.328235294,0.328235294,0.328235294,0.328235294
27/02/2030 16:00,0.402352941,0.402352941,0.402352941,0.402352941
27/02/2030 17:00,0.477647059,0.477647059,0.477647059,0.477647059
27/02/2030 18:00,0.403529412,0.403529412,0.403529412,0.403529412
27/02/2030 19:00,0.358823529,0.358823529,0.358823529,0.358823529
27/02/2030 20:00,0.42,0.42,0.42,0.42
27/02/2030 21:00,0.430588235,0.430588235,0.430588235,0.430588235
27/02/2030 22:00,0.401176471,0.401176471,0.401176471,0.401176471
27/02/2030 23:00,0.328235294,0.328235294,0.328235294,0.328235294
28/02/2030 00:00,0.46,0.46,0.46,0.46
28/02/2030 01:00,0.46,0.46,0.46,0.46
28/02/2030 02:00,0.552941176,0.552941176,0.552941176,0.552941176
28/02/2030 03:00,0.434117647,0.434117647,0.434117647,0.434117647
28/02/2030 04:00,0.458823529,0.458823529,0.458823529,0.458823529
28/02/2030 05:00,0.457647059,0.457647059,0.457647059,0.457647059
28/02/2030 06:00,0.456470588,0.456470588,0.456470588,0.456470588
28/02/2030 07:00,0.342352941,0.342352941,0.342352941,0.342352941
28/02/2030 08:00,0.302352941,0.302352941,0.302352941,0.302352941
28/02/2030 09:00,0.28,0.28,0.28,0.28
28/02/2030 10:00,0.252941176,0.252941176,0.252941176,0.252941176
28/02/2030 11:00,0.307058824,0.307058824,0.307058824,0.307058824
28/02/2030 12:00,0.332941176,0.332941176,0.332941176,0.332941176
28/02/2030 13:00,0.316470588,0.316470588,0.316470588,0.316470588
28/02/2030 14:00,0.363529412,0.363529412,0.363529412,0.363529412
28/02/2030 15:00,0.385882353,0.385882353,0.385882353,0.385882353
28/02/2030 16:00,0.463529412,0.463529412,0.463529412,0.463529412
28/02/2030 17:00,0.598823529,0.598823529,0.598823529,0.598823529
28/02/2030 18:00,0.350588235,0.350588235,0.350588235,0.350588235
28/02/2030 19:00,0.435294118,0.435294118,0.435294118,0.435294118
28/02/2030 20:00,0.492941176,0.492941176,0.492941176,0.492941176
28/02/2030 21:00,0.402352941,0.402352941,0.402352941,0.402352941
28/02/2030 22:00,0.371764706,0.371764706,0.371764706,0.371764706
28/02/2030 23:00,0.450588235,0.450588235,0.450588235,0.450588235
01/03/2030 00:00,0.387695313,0.387695313,0.387695313,0.387695313
01/03/2030 01:00,0.390625,0.390625,0.390625,0.390625
01/03/2030 02:00,0.401367188,0.401367188,0.401367188,0.401367188
01/03/2030 03:00,0.352539063,0.352539063,0.352539063,0.352539063
01/03/2030 04:00,0.385742188,0.385742188,0.385742188,0.385742188
01/03/2030 05:00,0.397460938,0.397460938,0.397460938,0.397460938
01/03/2030 06:00,0.248046875,0.248046875,0.248046875,0.248046875
01/03/2030 07:00,0.329101563,0.329101563,0.329101563,0.329101563
01/03/2030 08:00,0.235351563,0.235351563,0.235351563,0.235351563
01/03/2030 09:00,0.283203125,0.283203125,0.283203125,0.283203125
01/03/2030 10:00,0.330078125,0.330078125,0.330078125,0.330078125
01/03/2030 11:00,0.444335938,0.444335938,0.444335938,0.444335938
01/03/2030 12:00,0.440429688,0.440429688,0.440429688,0.440429688
01/03/2030 13:00,0.412109375,0.412109375,0.412109375,0.412109375
01/03/2030 14:00,0.408203125,0.408203125,0.408203125,0.408203125
01/03/2030 15:00,0.50390625,0.50390625,0.50390625,0.50390625
01/03/2030 16:00,0.516601563,0.516601563,0.516601563,0.516601563
01/03/2030 17:00,0.513671875,0.513671875,0.513671875,0.513671875
01/03/2030 18:00,0.474609375,0.474609375,0.474609375,0.474609375
01/03/2030 19:00,0.53515625,0.53515625,0.53515625,0.53515625
01/03/2030 20:00,0.504882813,0.504882813,0.504882813,0.504882813
01/03/2030 21:00,0.494140625,0.494140625,0.494140625,0.494140625
01/03/2030 22:00,0.438476563,0.438476563,0.438476563,0.438476563
01/03/2030 23:00,0.4296875,0.4296875,0.4296875,0.4296875
02/03/2030 00:00,0.307617188,0.307617188,0.307617188,0.307617188
02/03/2030 01:00,0.3203125,0.3203125,0.3203125,0.3203125
02/03/2030 02:00,0.411132813,0.411132813,0.411132813,0.411132813
02/03/2030 03:00,0.434570313,0.434570313,0.434570313,0.434570313
02/03/2030 04:00,0.345703125,0.345703125,0.345703125,0.345703125
02/03/2030 05:00,0.356445313,0.356445313,0.356445313,0.356445313
02/03/2030 06:00,0.32421875,0.32421875,0.32421875,0.32421875
02/03/2030 07:00,0.379882813,0.379882813,0.379882813,0.379882813
02/03/2030 08:00,0.373046875,0.373046875,0.373046875,0.373046875
02/03/2030 09:00,0.24609375,0.24609375,0.24609375,0.24609375
02/03/2030 10:00,0.2578125,0.2578125,0.2578125,0.2578125
02/03/2030 11:00,0.381835938,0.381835938,0.381835938,0.381835938
02/03/2030 12:00,0.348632813,0.348632813,0.348632813,0.348632813
02/03/2030 13:00,0.337890625,0.337890625,0.337890625,0.337890625
02/03/2030 14:00,0.442382813,0.442382813,0.442382813,0.442382813
02/03/2030 15:00,0.551757813,0.551757813,0.551757813,0.551757813
02/03/2030 16:00,0.549804688,0.549804688,0.549804688,0.549804688
02/03/2030 17:00,0.561523438,0.561523438,0.561523438,0.561523438
02/03/2030 18:00,0.471679688,0.471679688,0.471679688,0.471679688
02/03/2030 19:00,0.469726563,0.469726563,0.469726563,0.469726563
02/03/2030 20:00,0.595703125,0.595703125,0.595703125,0.595703125
02/03/2030 21:00,0.502929688,0.502929688,0.502929688,0.502929688
02/03/2030 22:00,0.275390625,0.275390625,0.275390625,0.275390625
02/03/2030 23:00,0.376953125,0.376953125,0.376953125,0.376953125
03/03/2030 00:00,0.36328125,0.36328125,0.36328125,0.36328125
03/03/2030 01:00,0.400390625,0.400390625,0.400390625,0.400390625
03/03/2030 02:00,0.368164063,0.368164063,0.368164063,0.368164063
03/03/2030 03:00,0.3515625,0.3515625,0.3515625,0.3515625
03/03/2030 04:00,0.393554688,0.393554688,0.393554688,0.393554688
03/03/2030 05:00,0.366210938,0.366210938,0.366210938,0.366210938
03/03/2030 06:00,0.325195313,0.325195313,0.325195313,0.325195313
03/03/2030 07:00,0.330078125,0.330078125,0.330078125,0.330078125
03/03/2030 08:00,0.293945313,0.293945313,0.293945313,0.293945313
03/03/2030 09:00,0.299804688,0.299804688,0.299804688,0.299804688
03/03/2030 10:00,0.315429688,0.315429688,0.315429688,0.315429688
03/03/2030 11:00,0.385742188,0.385742188,0.385742188,0.385742188
03/03/2030 12:00,0.270507813,0.270507813,0.270507813,0.270507813
03/03/2030 13:00,0.388671875,0.388671875,0.388671875,0.388671875
03/03/2030 14:00,0.434570313,0.434570313,0.434570313,0.434570313
03/03/2030 15:00,0.409179688,0.409179688,0.409179688,0.409179688
03/03/2030 16:00,0.635742188,0.635742188,0.635742188,0.635742188
03/03/2030 17:00,0.763671875,0.763671875,0.763671875,0.763671875
03/03/2030 18:00,0.517578125,0.517578125,0.517578125,0.517578125
03/03/2030 19:00,0.4921875,0.4921875,0.4921875,0.4921875
03/03/2030 20:00,0.447265625,0.447265625,0.447265625,0.447265625
03/03/2030 21:00,0.446289063,0.446289063,0.446289063,0.446289063
03/03/2030 22:00,0.5390625,0.5390625,0.5390625,0.5390625
03/03/2030 23:00,0.538085938,0.538085938,0.538085938,0.538085938
04/03/2030 00:00,0.436523438,0.436523438,0.436523438,0.436523438
04/03/2030 01:00,0.525390625,0.525390625,0.525390625,0.525390625
04/03/2030 02:00,0.401367188,0.401367188,0.401367188,0.401367188
04/03/2030 03:00,0.458984375,0.458984375,0.458984375,0.458984375
04/03/2030 04:00,0.473632813,0.473632813,0.473632813,0.473632813
04/03/2030 05:00,0.421875,0.421875,0.421875,0.421875
04/03/2030 06:00,0.500976563,0.500976563,0.500976563,0.500976563
04/03/2030 07:00,0.4453125,0.4453125,0.4453125,0.4453125
04/03/2030 08:00,0.286132813,0.286132813,0.286132813,0.286132813
04/03/2030 09:00,0.291015625,0.291015625,0.291015625,0.291015625
04/03/2030 10:00,0.48828125,0.48828125,0.48828125,0.48828125
04/03/2030 11:00,0.522460938,0.522460938,0.522460938,0.522460938
04/03/2030 12:00,0.471679688,0.471679688,0.471679688,0.471679688
04/03/2030 13:00,0.381835938,0.381835938,0.381835938,0.381835938
04/03/2030 14:00,0.549804688,0.549804688,0.549804688,0.549804688
04/03/2030 15:00,0.540039063,0.540039063,0.540039063,0.540039063
04/03/2030 16:00,0.607421875,0.607421875,0.607421875,0.607421875
04/03/2030 17:00,0.561523438,0.561523438,0.561523438,0.561523438
04/03/2030 18:00,0.50390625,0.50390625,0.50390625,0.50390625
04/03/2030 19:00,0.599609375,0.599609375,0.599609375,0.599609375
04/03/2030 20:00,0.604492188,0.604492188,0.604492188,0.604492188
04/03/2030 21:00,0.510742188,0.510742188,0.510742188,0.510742188
04/03/2030 22:00,0.45703125,0.45703125,0.45703125,0.45703125
04/03/2030 23:00,0.423828125,0.423828125,0.423828125,0.423828125
05/03/2030 00:00,0.404296875,0.404296875,0.404296875,0.404296875
05/03/2030 01:00,0.38671875,0.38671875,0.38671875,0.38671875
05/03/2030 02:00,0.359375,0.359375,0.359375,0.359375
05/03/2030 03:00,0.396484375,0.396484375,0.396484375,0.396484375
05/03/2030 04:00,0.412109375,0.412109375,0.412109375,0.412109375
05/03/2030 05:00,0.327148438,0.327148438,0.327148438,0.327148438
05/03/2030 06:00,0.290039063,0.290039063,0.290039063,0.290039063
05/03/2030 07:00,0.162109375,0.162109375,0.162109375,0.162109375
05/03/2030 08:00,0.206054688,0.206054688,0.206054688,0.206054688
05/03/2030 09:00,0.168945313,0.168945313,0.168945313,0.168945313
05/03/2030 10:00,0.192382813,0.192382813,0.192382813,0.192382813
05/03/2030 11:00,0.213867188,0.213867188,0.213867188,0.213867188
05/03/2030 12:00,0.173828125,0.173828125,0.173828125,0.173828125
05/03/2030 13:00,0.135742188,0.135742188,0.135742188,0.135742188
05/03/2030 14:00,0.209960938,0.209960938,0.209960938,0.209960938
05/03/2030 15:00,0.18359375,0.18359375,0.18359375,0.18359375
05/03/2030 16:00,0.241210938,0.241210938,0.241210938,0.241210938
05/03/2030 17:00,0.151367188,0.151367188,0.151367188,0.151367188
05/03/2030 18:00,0.196289063,0.196289063,0.196289063,0.196289063
05/03/2030 19:00,0.219726563,0.219726563,0.219726563,0.219726563
05/03/2030 20:00,0.243164063,0.243164063,0.243164063,0.243164063
05/03/2030 21:00,0.357421875,0.357421875,0.357421875,0.357421875
05/03/2030 22:00,0.232421875,0.232421875,0.232421875,0.232421875
05/03/2030 23:00,0.223632813,0.223632813,0.223632813,0.223632813
06/03/2030 00:00,0.318359375,0.318359375,0.318359375,0.318359375
06/03/2030 01:00,0.473632813,0.473632813,0.473632813,0.473632813
06/03/2030 02:00,0.279296875,0.279296875,0.279296875,0.279296875
06/03/2030 03:00,0.319335938,0.319335938,0.319335938,0.319335938
06/03/2030 04:00,0.28125,0.28125,0.28125,0.28125
06/03/2030 05:00,0.298828125,0.298828125,0.298828125,0.298828125
06/03/2030 06:00,0.288085938,0.288085938,0.288085938,0.288085938
06/03/2030 07:00,0.166992188,0.166992188,0.166992188,0.166992188
06/03/2030 08:00,0.116210938,0.116210938,0.116210938,0.116210938
06/03/2030 09:00,0.120117188,0.120117188,0.120117188,0.120117188
06/03/2030 10:00,0.083007813,0.083007813,0.083007813,0.083007813
06/03/2030 11:00,0.126953125,0.126953125,0.126953125,0.126953125
06/03/2030 12:00,0.178710938,0.178710938,0.178710938,0.178710938
06/03/2030 13:00,0.110351563,0.110351563,0.110351563,0.110351563
06/03/2030 14:00,0.1875,0.1875,0.1875,0.1875
06/03/2030 15:00,0.227539063,0.227539063,0.227539063,0.227539063
06/03/2030 16:00,0.274414063,0.274414063,0.274414063,0.274414063
06/03/2030 17:00,0.266601563,0.266601563,0.266601563,0.266601563
06/03/2030 18:00,0.251953125,0.251953125,0.251953125,0.251953125
06/03/2030 19:00,0.399414063,0.399414063,0.399414063,0.399414063
06/03/2030 20:00,0.34765625,0.34765625,0.34765625,0.34765625
06/03/2030 21:00,0.209960938,0.209960938,0.209960938,0.209960938
06/03/2030 22:00,0.22265625,0.22265625,0.22265625,0.22265625
06/03/2030 23:00,0.286132813,0.286132813,0.286132813,0.286132813
07/03/2030 00:00,0.326171875,0.326171875,0.326171875,0.326171875
07/03/2030 01:00,0.344726563,0.344726563,0.344726563,0.344726563
07/03/2030 02:00,0.260742188,0.260742188,0.260742188,0.260742188
07/03/2030 03:00,0.301757813,0.301757813,0.301757813,0.301757813
07/03/2030 04:00,0.306640625,0.306640625,0.306640625,0.306640625
07/03/2030 05:00,0.245117188,0.245117188,0.245117188,0.245117188
07/03/2030 06:00,0.223632813,0.223632813,0.223632813,0.223632813
07/03/2030 07:00,0.205078125,0.205078125,0.205078125,0.205078125
07/03/2030 08:00,0.237304688,0.237304688,0.237304688,0.237304688
07/03/2030 09:00,0.215820313,0.215820313,0.215820313,0.215820313
07/03/2030 10:00,0.270507813,0.270507813,0.270507813,0.270507813
07/03/2030 11:00,0.313476563,0.313476563,0.313476563,0.313476563
07/03/2030 12:00,0.345703125,0.345703125,0.345703125,0.345703125
07/03/2030 13:00,0.282226563,0.282226563,0.282226563,0.282226563
07/03/2030 14:00,0.423828125,0.423828125,0.423828125,0.423828125
07/03/2030 15:00,0.522460938,0.522460938,0.522460938,0.522460938
07/03/2030 16:00,0.541015625,0.541015625,0.541015625,0.541015625
07/03/2030 17:00,0.59375,0.59375,0.59375,0.59375
07/03/2030 18:00,0.432617188,0.432617188,0.432617188,0.432617188
07/03/2030 19:00,0.590820313,0.590820313,0.590820313,0.590820313
07/03/2030 20:00,0.600585938,0.600585938,0.600585938,0.600585938
07/03/2030 21:00,0.5234375,0.5234375,0.5234375,0.5234375
07/03/2030 22:00,0.375976563,0.375976563,0.375976563,0.375976563
07/03/2030 23:00,0.451171875,0.451171875,0.451171875,0.451171875
08/03/2030 00:00,0.525390625,0.525390625,0.525390625,0.525390625
08/03/2030 01:00,0.415039063,0.415039063,0.415039063,0.415039063
08/03/2030 02:00,0.372070313,0.372070313,0.372070313,0.372070313
08/03/2030 03:00,0.438476563,0.438476563,0.438476563,0.438476563
08/03/2030 04:00,0.357421875,0.357421875,0.357421875,0.357421875
08/03/2030 05:00,0.3125,0.3125,0.3125,0.3125
08/03/2030 06:00,0.180664063,0.180664063,0.180664063,0.180664063
08/03/2030 07:00,0.220703125,0.220703125,0.220703125,0.220703125
08/03/2030 08:00,0.095703125,0.095703125,0.095703125,0.095703125
08/03/2030 09:00,0.251953125,0.251953125,0.251953125,0.251953125
08/03/2030 10:00,0.294921875,0.294921875,0.294921875,0.294921875
08/03/2030 11:00,0.344726563,0.344726563,0.344726563,0.344726563
08/03/2030 12:00,0.356445313,0.356445313,0.356445313,0.356445313
08/03/2030 13:00,0.408203125,0.408203125,0.408203125,0.408203125
08/03/2030 14:00,0.481445313,0.481445313,0.481445313,0.481445313
08/03/2030 15:00,0.825195313,0.825195313,0.825195313,0.825195313
08/03/2030 16:00,1,1,1,1
08/03/2030 17:00,0.922851563,0.922851563,0.922851563,0.922851563
08/03/2030 18:00,0.872070313,0.872070313,0.872070313,0.872070313
08/03/2030 19:00,0.795898438,0.795898438,0.795898438,0.795898438
08/03/2030 20:00,0.71484375,0.71484375,0.71484375,0.71484375
08/03/2030 21:00,0.561523438,0.561523438,0.561523438,0.561523438
08/03/2030 22:00,0.432617188,0.432617188,0.432617188,0.432617188
08/03/2030 23:00,0.345703125,0.345703125,0.345703125,0.345703125
09/03/2030 00:00,0.345703125,0.345703125,0.345703125,0.345703125
09/03/2030 01:00,0.450195313,0.450195313,0.450195313,0.450195313
09/03/2030 02:00,0.416015625,0.416015625,0.416015625,0.416015625
09/03/2030 03:00,0.4375,0.4375,0.4375,0.4375
09/03/2030 04:00,0.426757813,0.426757813,0.426757813,0.426757813
09/03/2030 05:00,0.372070313,0.372070313,0.372070313,0.372070313
09/03/2030 06:00,0.303710938,0.303710938,0.303710938,0.303710938
09/03/2030 07:00,0.252929688,0.252929688,0.252929688,0.252929688
09/03/2030 08:00,0.197265625,0.197265625,0.197265625,0.197265625
09/03/2030 09:00,0.252929688,0.252929688,0.252929688,0.252929688
09/03/2030 10:00,0.336914063,0.336914063,0.336914063,0.336914063
09/03/2030 11:00,0.3828125,0.3828125,0.3828125,0.3828125
09/03/2030 12:00,0.4453125,0.4453125,0.4453125,0.4453125
09/03/2030 13:00,0.249023438,0.249023438,0.249023438,0.249023438
09/03/2030 14:00,0.40625,0.40625,0.40625,0.40625
09/03/2030 15:00,0.483398438,0.483398438,0.483398438,0.483398438
09/03/2030 16:00,0.548828125,0.548828125,0.548828125,0.548828125
09/03/2030 17:00,0.556640625,0.556640625,0.556640625,0.556640625
09/03/2030 18:00,0.55859375,0.55859375,0.55859375,0.55859375
09/03/2030 19:00,0.606445313,0.606445313,0.606445313,0.606445313
09/03/2030 20:00,0.555664063,0.555664063,0.555664063,0.555664063
09/03/2030 21:00,0.483398438,0.483398438,0.483398438,0.483398438
09/03/2030 22:00,0.415039063,0.415039063,0.415039063,0.415039063
09/03/2030 23:00,0.384765625,0.384765625,0.384765625,0.384765625
10/03/2030 00:00,0.383789063,0.383789063,0.383789063,0.383789063
10/03/2030 01:00,0.372070313,0.372070313,0.372070313,0.372070313
10/03/2030 02:00,0.37890625,0.37890625,0.37890625,0.37890625
10/03/2030 03:00,0.37890625,0.37890625,0.37890625,0.37890625
10/03/2030 04:00,0.38671875,0.38671875,0.38671875,0.38671875
10/03/2030 05:00,0.323242188,0.323242188,0.323242188,0.323242188
10/03/2030 06:00,0.333984375,0.333984375,0.333984375,0.333984375
10/03/2030 07:00,0.384765625,0.384765625,0.384765625,0.384765625
10/03/2030 08:00,0.3203125,0.3203125,0.3203125,0.3203125
10/03/2030 09:00,0.286132813,0.286132813,0.286132813,0.286132813
10/03/2030 10:00,0.325195313,0.325195313,0.325195313,0.325195313
10/03/2030 11:00,0.318359375,0.318359375,0.318359375,0.318359375
10/03/2030 12:00,0.303710938,0.303710938,0.303710938,0.303710938
10/03/2030 13:00,0.311523438,0.311523438,0.311523438,0.311523438
10/03/2030 14:00,0.345703125,0.345703125,0.345703125,0.345703125
10/03/2030 15:00,0.462890625,0.462890625,0.462890625,0.462890625
10/03/2030 16:00,0.5078125,0.5078125,0.5078125,0.5078125
10/03/2030 17:00,0.512695313,0.512695313,0.512695313,0.512695313
10/03/2030 18:00,0.50390625,0.50390625,0.50390625,0.50390625
10/03/2030 19:00,0.559570313,0.559570313,0.559570313,0.559570313
10/03/2030 20:00,0.5703125,0.5703125,0.5703125,0.5703125
10/03/2030 21:00,0.500976563,0.500976563,0.500976563,0.500976563
10/03/2030 22:00,0.401367188,0.401367188,0.401367188,0.401367188
10/03/2030 23:00,0.384765625,0.384765625,0.384765625,0.384765625
11/03/2030 00:00,0.370117188,0.370117188,0.370117188,0.370117188
11/03/2030 01:00,0.37109375,0.37109375,0.37109375,0.37109375
11/03/2030 02:00,0.366210938,0.366210938,0.366210938,0.366210938
11/03/2030 03:00,0.393554688,0.393554688,0.393554688,0.393554688
11/03/2030 04:00,0.364257813,0.364257813,0.364257813,0.364257813
11/03/2030 05:00,0.333984375,0.333984375,0.333984375,0.333984375
11/03/2030 06:00,0.327148438,0.327148438,0.327148438,0.327148438
11/03/2030 07:00,0.337890625,0.337890625,0.337890625,0.337890625
11/03/2030 08:00,0.313476563,0.313476563,0.313476563,0.313476563
11/03/2030 09:00,0.25,0.25,0.25,0.25
11/03/2030 10:00,0.309570313,0.309570313,0.309570313,0.309570313
11/03/2030 11:00,0.36328125,0.36328125,0.36328125,0.36328125
11/03/2030 12:00,0.338867188,0.338867188,0.338867188,0.338867188
11/03/2030 13:00,0.302734375,0.302734375,0.302734375,0.302734375
11/03/2030 14:00,0.311523438,0.311523438,0.311523438,0.311523438
11/03/2030 15:00,0.40234375,0.40234375,0.40234375,0.40234375
11/03/2030 16:00,0.413085938,0.413085938,0.413085938,0.413085938
11/03/2030 17:00,0.447265625,0.447265625,0.447265625,0.447265625
11/03/2030 18:00,0.424804688,0.424804688,0.424804688,0.424804688
11/03/2030 19:00,0.4609375,0.4609375,0.4609375,0.4609375
11/03/2030 20:00,0.45703125,0.45703125,0.45703125,0.45703125
11/03/2030 21:00,0.416992188,0.416992188,0.416992188,0.416992188
11/03/2030 22:00,0.403320313,0.403320313,0.403320313,0.403320313
11/03/2030 23:00,0.359375,0.359375,0.359375,0.359375
12/03/2030 00:00,0.37109375,0.37109375,0.37109375,0.37109375
12/03/2030 01:00,0.383789063,0.383789063,0.383789063,0.383789063
12/03/2030 02:00,0.362304688,0.362304688,0.362304688,0.362304688
12/03/2030 03:00,0.357421875,0.357421875,0.357421875,0.357421875
12/03/2030 04:00,0.3984375,0.3984375,0.3984375,0.3984375
12/03/2030 05:00,0.342773438,0.342773438,0.342773438,0.342773438
12/03/2030 06:00,0.327148438,0.327148438,0.327148438,0.327148438
12/03/2030 07:00,0.325195313,0.325195313,0.325195313,0.325195313
12/03/2030 08:00,0.315429688,0.315429688,0.315429688,0.315429688
12/03/2030 09:00,0.319335938,0.319335938,0.319335938,0.319335938
12/03/2030 10:00,0.319335938,0.319335938,0.319335938,0.319335938
12/03/2030 11:00,0.329101563,0.329101563,0.329101563,0.329101563
12/03/2030 12:00,0.313476563,0.313476563,0.313476563,0.313476563
12/03/2030 13:00,0.325195313,0.325195313,0.325195313,0.325195313
12/03/2030 14:00,0.323242188,0.323242188,0.323242188,0.323242188
12/03/2030 15:00,0.326171875,0.326171875,0.326171875,0.326171875
12/03/2030 16:00,0.298828125,0.298828125,0.298828125,0.298828125
12/03/2030 17:00,0.2890625,0.2890625,0.2890625,0.2890625
12/03/2030 18:00,0.29296875,0.29296875,0.29296875,0.29296875
12/03/2030 19:00,0.387695313,0.387695313,0.387695313,0.387695313
12/03/2030 20:00,0.3671875,0.3671875,0.3671875,0.3671875
12/03/2030 21:00,0.345703125,0.345703125,0.345703125,0.345703125
12/03/2030 22:00,0.358398438,0.358398438,0.358398438,0.358398438
12/03/2030 23:00,0.350585938,0.350585938,0.350585938,0.350585938
13/03/2030 00:00,0.374023438,0.374023438,0.374023438,0.374023438
13/03/2030 01:00,0.384765625,0.384765625,0.384765625,0.384765625
13/03/2030 02:00,0.393554688,0.393554688,0.393554688,0.393554688
13/03/2030 03:00,0.364257813,0.364257813,0.364257813,0.364257813
13/03/2030 04:00,0.405273438,0.405273438,0.405273438,0.405273438
13/03/2030 05:00,0.342773438,0.342773438,0.342773438,0.342773438
13/03/2030 06:00,0.3359375,0.3359375,0.3359375,0.3359375
13/03/2030 07:00,0.220703125,0.220703125,0.220703125,0.220703125
13/03/2030 08:00,0.239257813,0.239257813,0.239257813,0.239257813
13/03/2030 09:00,0.293945313,0.293945313,0.293945313,0.293945313
13/03/2030 10:00,0.231445313,0.231445313,0.231445313,0.231445313
13/03/2030 11:00,0.279296875,0.279296875,0.279296875,0.279296875
13/03/2030 12:00,0.317382813,0.317382813,0.317382813,0.317382813
13/03/2030 13:00,0.428710938,0.428710938,0.428710938,0.428710938
13/03/2030 14:00,0.274414063,0.274414063,0.274414063,0.274414063
13/03/2030 15:00,0.349609375,0.349609375,0.349609375,0.349609375
13/03/2030 16:00,0.419921875,0.419921875,0.419921875,0.419921875
13/03/2030 17:00,0.495117188,0.495117188,0.495117188,0.495117188
13/03/2030 18:00,0.400390625,0.400390625,0.400390625,0.400390625
13/03/2030 19:00,0.454101563,0.454101563,0.454101563,0.454101563
13/03/2030 20:00,0.345703125,0.345703125,0.345703125,0.345703125
13/03/2030 21:00,0.455078125,0.455078125,0.455078125,0.455078125
13/03/2030 22:00,0.431640625,0.431640625,0.431640625,0.431640625
13/03/2030 23:00,0.350585938,0.350585938,0.350585938,0.350585938
14/03/2030 00:00,0.4140625,0.4140625,0.4140625,0.4140625
14/03/2030 01:00,0.381835938,0.381835938,0.381835938,0.381835938
14/03/2030 02:00,0.362304688,0.362304688,0.362304688,0.362304688
14/03/2030 03:00,0.319335938,0.319335938,0.319335938,0.319335938
14/03/2030 04:00,0.356445313,0.356445313,0.356445313,0.356445313
14/03/2030 05:00,0.344726563,0.344726563,0.344726563,0.344726563
14/03/2030 06:00,0.336914063,0.336914063,0.336914063,0.336914063
14/03/2030 07:00,0.350585938,0.350585938,0.350585938,0.350585938
14/03/2030 08:00,0.354492188,0.354492188,0.354492188,0.354492188
14/03/2030 09:00,0.380859375,0.380859375,0.380859375,0.380859375
14/03/2030 10:00,0.411132813,0.411132813,0.411132813,0.411132813
14/03/2030 11:00,0.395507813,0.395507813,0.395507813,0.395507813
14/03/2030 12:00,0.389648438,0.389648438,0.389648438,0.389648438
14/03/2030 13:00,0.404296875,0.404296875,0.404296875,0.404296875
14/03/2030 14:00,0.439453125,0.439453125,0.439453125,0.439453125
14/03/2030 15:00,0.58984375,0.58984375,0.58984375,0.58984375
14/03/2030 16:00,0.587890625,0.587890625,0.587890625,0.587890625
14/03/2030 17:00,0.567382813,0.567382813,0.567382813,0.567382813
14/03/2030 18:00,0.489257813,0.489257813,0.489257813,0.489257813
14/03/2030 19:00,0.540039063,0.540039063,0.540039063,0.540039063
14/03/2030 20:00,0.543945313,0.543945313,0.543945313,0.543945313
14/03/2030 21:00,0.426757813,0.426757813,0.426757813,0.426757813
14/03/2030 22:00,0.376953125,0.376953125,0.376953125,0.376953125
14/03/2030 23:00,0.387695313,0.387695313,0.387695313,0.387695313
15/03/2030 00:00,0.374023438,0.374023438,0.374023438,0.374023438
15/03/2030 01:00,0.37890625,0.37890625,0.37890625,0.37890625
15/03/2030 02:00,0.380859375,0.380859375,0.380859375,0.380859375
15/03/2030 03:00,0.3828125,0.3828125,0.3828125,0.3828125
15/03/2030 04:00,0.396484375,0.396484375,0.396484375,0.396484375
15/03/2030 05:00,0.366210938,0.366210938,0.366210938,0.366210938
15/03/2030 06:00,0.329101563,0.329101563,0.329101563,0.329101563
15/03/2030 07:00,0.326171875,0.326171875,0.326171875,0.326171875
15/03/2030 08:00,0.352539063,0.352539063,0.352539063,0.352539063
15/03/2030 09:00,0.317382813,0.317382813,0.317382813,0.317382813
15/03/2030 10:00,0.333984375,0.333984375,0.333984375,0.333984375
15/03/2030 11:00,0.32421875,0.32421875,0.32421875,0.32421875
15/03/2030 12:00,0.323242188,0.323242188,0.323242188,0.323242188
15/03/2030 13:00,0.327148438,0.327148438,0.327148438,0.327148438
15/03/2030 14:00,0.390625,0.390625,0.390625,0.390625
15/03/2030 15:00,0.521484375,0.521484375,0.521484375,0.521484375
15/03/2030 16:00,0.567382813,0.567382813,0.567382813,0.567382813
15/03/2030 17:00,0.547851563,0.547851563,0.547851563,0.547851563
15/03/2030 18:00,0.471679688,0.471679688,0.471679688,0.471679688
15/03/2030 19:00,0.494140625,0.494140625,0.494140625,0.494140625
15/03/2030 20:00,0.52734375,0.52734375,0.52734375,0.52734375
15/03/2030 21:00,0.419921875,0.419921875,0.419921875,0.419921875
15/03/2030 22:00,0.358398438,0.358398438,0.358398438,0.358398438
15/03/2030 23:00,0.356445313,0.356445313,0.356445313,0.356445313
16/03/2030 00:00,0.333984375,0.333984375,0.333984375,0.333984375
16/03/2030 01:00,0.340820313,0.340820313,0.340820313,0.340820313
16/03/2030 02:00,0.357421875,0.357421875,0.357421875,0.357421875
16/03/2030 03:00,0.359375,0.359375,0.359375,0.359375
16/03/2030 04:00,0.326171875,0.326171875,0.326171875,0.326171875
16/03/2030 05:00,0.401367188,0.401367188,0.401367188,0.401367188
16/03/2030 06:00,0.288085938,0.288085938,0.288085938,0.288085938
16/03/2030 07:00,0.280273438,0.280273438,0.280273438,0.280273438
16/03/2030 08:00,0.180664063,0.180664063,0.180664063,0.180664063
16/03/2030 09:00,0.244140625,0.244140625,0.244140625,0.244140625
16/03/2030 10:00,0.328125,0.328125,0.328125,0.328125
16/03/2030 11:00,0.330078125,0.330078125,0.330078125,0.330078125
16/03/2030 12:00,0.369140625,0.369140625,0.369140625,0.369140625
16/03/2030 13:00,0.348632813,0.348632813,0.348632813,0.348632813
16/03/2030 14:00,0.470703125,0.470703125,0.470703125,0.470703125
16/03/2030 15:00,0.58203125,0.58203125,0.58203125,0.58203125
16/03/2030 16:00,0.630859375,0.630859375,0.630859375,0.630859375
16/03/2030 17:00,0.544921875,0.544921875,0.544921875,0.544921875
16/03/2030 18:00,0.481445313,0.481445313,0.481445313,0.481445313
16/03/2030 19:00,0.590820313,0.590820313,0.590820313,0.590820313
16/03/2030 20:00,0.568359375,0.568359375,0.568359375,0.568359375
16/03/2030 21:00,0.475585938,0.475585938,0.475585938,0.475585938
16/03/2030 22:00,0.359375,0.359375,0.359375,0.359375
16/03/2030 23:00,0.375976563,0.375976563,0.375976563,0.375976563
17/03/2030 00:00,0.447265625,0.447265625,0.447265625,0.447265625
17/03/2030 01:00,0.4296875,0.4296875,0.4296875,0.4296875
17/03/2030 02:00,0.368164063,0.368164063,0.368164063,0.368164063
17/03/2030 03:00,0.349609375,0.349609375,0.349609375,0.349609375
17/03/2030 04:00,0.392578125,0.392578125,0.392578125,0.392578125
17/03/2030 05:00,0.366210938,0.366210938,0.366210938,0.366210938
17/03/2030 06:00,0.384765625,0.384765625,0.384765625,0.384765625
17/03/2030 07:00,0.374023438,0.374023438,0.374023438,0.374023438
17/03/2030 08:00,0.3671875,0.3671875,0.3671875,0.3671875
17/03/2030 09:00,0.34765625,0.34765625,0.34765625,0.34765625
17/03/2030 10:00,0.33984375,0.33984375,0.33984375,0.33984375
17/03/2030 11:00,0.366210938,0.366210938,0.366210938,0.366210938
17/03/2030 12:00,0.33984375,0.33984375,0.33984375,0.33984375
17/03/2030 13:00,0.342773438,0.342773438,0.342773438,0.342773438
17/03/2030 14:00,0.388671875,0.388671875,0.388671875,0.388671875
17/03/2030 15:00,0.509765625,0.509765625,0.509765625,0.509765625
17/03/2030 16:00,0.543945313,0.543945313,0.543945313,0.543945313
17/03/2030 17:00,0.546875,0.546875,0.546875,0.546875
17/03/2030 18:00,0.52734375,0.52734375,0.52734375,0.52734375
17/03/2030 19:00,0.521484375,0.521484375,0.521484375,0.521484375
17/03/2030 20:00,0.525390625,0.525390625,0.525390625,0.525390625
17/03/2030 21:00,0.423828125,0.423828125,0.423828125,0.423828125
17/03/2030 22:00,0.375976563,0.375976563,0.375976563,0.375976563
17/03/2030 23:00,0.337890625,0.337890625,0.337890625,0.337890625
18/03/2030 00:00,0.330078125,0.330078125,0.330078125,0.330078125
18/03/2030 01:00,0.338867188,0.338867188,0.338867188,0.338867188
18/03/2030 02:00,0.34765625,0.34765625,0.34765625,0.34765625
18/03/2030 03:00,0.33984375,0.33984375,0.33984375,0.33984375
18/03/2030 04:00,0.331054688,0.331054688,0.331054688,0.331054688
18/03/2030 05:00,0.336914063,0.336914063,0.336914063,0.336914063
18/03/2030 06:00,0.325195313,0.325195313,0.325195313,0.325195313
18/03/2030 07:00,0.337890625,0.337890625,0.337890625,0.337890625
18/03/2030 08:00,0.348632813,0.348632813,0.348632813,0.348632813
18/03/2030 09:00,0.357421875,0.357421875,0.357421875,0.357421875
18/03/2030 10:00,0.340820313,0.340820313,0.340820313,0.340820313
18/03/2030 11:00,0.322265625,0.322265625,0.322265625,0.322265625
18/03/2030 12:00,0.309570313,0.309570313,0.309570313,0.309570313
18/03/2030 13:00,0.337890625,0.337890625,0.337890625,0.337890625
18/03/2030 14:00,0.331054688,0.331054688,0.331054688,0.331054688
18/03/2030 15:00,0.533203125,0.533203125,0.533203125,0.533203125
18/03/2030 16:00,0.551757813,0.551757813,0.551757813,0.551757813
18/03/2030 17:00,0.569335938,0.569335938,0.569335938,0.569335938
18/03/2030 18:00,0.52734375,0.52734375,0.52734375,0.52734375
18/03/2030 19:00,0.581054688,0.581054688,0.581054688,0.581054688
18/03/2030 20:00,0.573242188,0.573242188,0.573242188,0.573242188
18/03/2030 21:00,0.498046875,0.498046875,0.498046875,0.498046875
18/03/2030 22:00,0.350585938,0.350585938,0.350585938,0.350585938
18/03/2030 23:00,0.353515625,0.353515625,0.353515625,0.353515625
19/03/2030 00:00,0.333984375,0.333984375,0.333984375,0.333984375
19/03/2030 01:00,0.333007813,0.333007813,0.333007813,0.333007813
19/03/2030 02:00,0.34765625,0.34765625,0.34765625,0.34765625
19/03/2030 03:00,0.333984375,0.333984375,0.333984375,0.333984375
19/03/2030 04:00,0.33203125,0.33203125,0.33203125,0.33203125
19/03/2030 05:00,0.336914063,0.336914063,0.336914063,0.336914063
19/03/2030 06:00,0.340820313,0.340820313,0.340820313,0.340820313
19/03/2030 07:00,0.310546875,0.310546875,0.310546875,0.310546875
19/03/2030 08:00,0.298828125,0.298828125,0.298828125,0.298828125
19/03/2030 09:00,0.256835938,0.256835938,0.256835938,0.256835938
19/03/2030 10:00,0.241210938,0.241210938,0.241210938,0.241210938
19/03/2030 11:00,0.28125,0.28125,0.28125,0.28125
19/03/2030 12:00,0.227539063,0.227539063,0.227539063,0.227539063
19/03/2030 13:00,0.21875,0.21875,0.21875,0.21875
19/03/2030 14:00,0.24609375,0.24609375,0.24609375,0.24609375
19/03/2030 15:00,0.267578125,0.267578125,0.267578125,0.267578125
19/03/2030 16:00,0.352539063,0.352539063,0.352539063,0.352539063
19/03/2030 17:00,0.311523438,0.311523438,0.311523438,0.311523438
19/03/2030 18:00,0.362304688,0.362304688,0.362304688,0.362304688
19/03/2030 19:00,0.321289063,0.321289063,0.321289063,0.321289063
19/03/2030 20:00,0.352539063,0.352539063,0.352539063,0.352539063
19/03/2030 21:00,0.314453125,0.314453125,0.314453125,0.314453125
19/03/2030 22:00,0.333984375,0.333984375,0.333984375,0.333984375
19/03/2030 23:00,0.306640625,0.306640625,0.306640625,0.306640625
20/03/2030 00:00,0.301757813,0.301757813,0.301757813,0.301757813
20/03/2030 01:00,0.329101563,0.329101563,0.329101563,0.329101563
20/03/2030 02:00,0.33203125,0.33203125,0.33203125,0.33203125
20/03/2030 03:00,0.334960938,0.334960938,0.334960938,0.334960938
20/03/2030 04:00,0.306640625,0.306640625,0.306640625,0.306640625
20/03/2030 05:00,0.357421875,0.357421875,0.357421875,0.357421875
20/03/2030 06:00,0.3359375,0.3359375,0.3359375,0.3359375
20/03/2030 07:00,0.330078125,0.330078125,0.330078125,0.330078125
20/03/2030 08:00,0.298828125,0.298828125,0.298828125,0.298828125
20/03/2030 09:00,0.22265625,0.22265625,0.22265625,0.22265625
20/03/2030 10:00,0.239257813,0.239257813,0.239257813,0.239257813
20/03/2030 11:00,0.213867188,0.213867188,0.213867188,0.213867188
20/03/2030 12:00,0.200195313,0.200195313,0.200195313,0.200195313
20/03/2030 13:00,0.219726563,0.219726563,0.219726563,0.219726563
20/03/2030 14:00,0.235351563,0.235351563,0.235351563,0.235351563
20/03/2030 15:00,0.241210938,0.241210938,0.241210938,0.241210938
20/03/2030 16:00,0.268554688,0.268554688,0.268554688,0.268554688
20/03/2030 17:00,0.345703125,0.345703125,0.345703125,0.345703125
20/03/2030 18:00,0.349609375,0.349609375,0.349609375,0.349609375
20/03/2030 19:00,0.321289063,0.321289063,0.321289063,0.321289063
20/03/2030 20:00,0.350585938,0.350585938,0.350585938,0.350585938
20/03/2030 21:00,0.352539063,0.352539063,0.352539063,0.352539063
20/03/2030 22:00,0.34375,0.34375,0.34375,0.34375
20/03/2030 23:00,0.3671875,0.3671875,0.3671875,0.3671875
21/03/2030 00:00,0.336914063,0.336914063,0.336914063,0.336914063
21/03/2030 01:00,0.328125,0.328125,0.328125,0.328125
21/03/2030 02:00,0.366210938,0.366210938,0.366210938,0.366210938
21/03/2030 03:00,0.350585938,0.350585938,0.350585938,0.350585938
21/03/2030 04:00,0.395507813,0.395507813,0.395507813,0.395507813
21/03/2030 05:00,0.361328125,0.361328125,0.361328125,0.361328125
21/03/2030 06:00,0.235351563,0.235351563,0.235351563,0.235351563
21/03/2030 07:00,0.219726563,0.219726563,0.219726563,0.219726563
21/03/2030 08:00,0.272460938,0.272460938,0.272460938,0.272460938
21/03/2030 09:00,0.319335938,0.319335938,0.319335938,0.319335938
21/03/2030 10:00,0.416992188,0.416992188,0.416992188,0.416992188
21/03/2030 11:00,0.404296875,0.404296875,0.404296875,0.404296875
21/03/2030 12:00,0.40234375,0.40234375,0.40234375,0.40234375
21/03/2030 13:00,0.157226563,0.157226563,0.157226563,0.157226563
21/03/2030 14:00,0.28125,0.28125,0.28125,0.28125
21/03/2030 15:00,0.4921875,0.4921875,0.4921875,0.4921875
21/03/2030 16:00,0.42578125,0.42578125,0.42578125,0.42578125
21/03/2030 17:00,0.494140625,0.494140625,0.494140625,0.494140625
21/03/2030 18:00,0.615234375,0.615234375,0.615234375,0.615234375
21/03/2030 19:00,0.59375,0.59375,0.59375,0.59375
21/03/2030 20:00,0.595703125,0.595703125,0.595703125,0.595703125
21/03/2030 21:00,0.508789063,0.508789063,0.508789063,0.508789063
21/03/2030 22:00,0.396484375,0.396484375,0.396484375,0.396484375
21/03/2030 23:00,0.322265625,0.322265625,0.322265625,0.322265625
22/03/2030 00:00,0.359375,0.359375,0.359375,0.359375
22/03/2030 01:00,0.374023438,0.374023438,0.374023438,0.374023438
22/03/2030 02:00,0.393554688,0.393554688,0.393554688,0.393554688
22/03/2030 03:00,0.4140625,0.4140625,0.4140625,0.4140625
22/03/2030 04:00,0.3359375,0.3359375,0.3359375,0.3359375
22/03/2030 05:00,0.341796875,0.341796875,0.341796875,0.341796875
22/03/2030 06:00,0.336914063,0.336914063,0.336914063,0.336914063
22/03/2030 07:00,0.340820313,0.340820313,0.340820313,0.340820313
22/03/2030 08:00,0.345703125,0.345703125,0.345703125,0.345703125
22/03/2030 09:00,0.345703125,0.345703125,0.345703125,0.345703125
22/03/2030 10:00,0.348632813,0.348632813,0.348632813,0.348632813
22/03/2030 11:00,0.348632813,0.348632813,0.348632813,0.348632813
22/03/2030 12:00,0.329101563,0.329101563,0.329101563,0.329101563
22/03/2030 13:00,0.287109375,0.287109375,0.287109375,0.287109375
22/03/2030 14:00,0.372070313,0.372070313,0.372070313,0.372070313
22/03/2030 15:00,0.500976563,0.500976563,0.500976563,0.500976563
22/03/2030 16:00,0.483398438,0.483398438,0.483398438,0.483398438
22/03/2030 17:00,0.50390625,0.50390625,0.50390625,0.50390625
22/03/2030 18:00,0.48828125,0.48828125,0.48828125,0.48828125
22/03/2030 19:00,0.525390625,0.525390625,0.525390625,0.525390625
22/03/2030 20:00,0.5,0.5,0.5,0.5
22/03/2030 21:00,0.400390625,0.400390625,0.400390625,0.400390625
22/03/2030 22:00,0.380859375,0.380859375,0.380859375,0.380859375
22/03/2030 23:00,0.329101563,0.329101563,0.329101563,0.329101563
23/03/2030 00:00,0.3203125,0.3203125,0.3203125,0.3203125
23/03/2030 01:00,0.346679688,0.346679688,0.346679688,0.346679688
23/03/2030 02:00,0.375,0.375,0.375,0.375
23/03/2030 03:00,0.350585938,0.350585938,0.350585938,0.350585938
23/03/2030 04:00,0.428710938,0.428710938,0.428710938,0.428710938
23/03/2030 05:00,0.33203125,0.33203125,0.33203125,0.33203125
23/03/2030 06:00,0.377929688,0.377929688,0.377929688,0.377929688
23/03/2030 07:00,0.368164063,0.368164063,0.368164063,0.368164063
23/03/2030 08:00,0.413085938,0.413085938,0.413085938,0.413085938
23/03/2030 09:00,0.421875,0.421875,0.421875,0.421875
23/03/2030 10:00,0.432617188,0.432617188,0.432617188,0.432617188
23/03/2030 11:00,0.458984375,0.458984375,0.458984375,0.458984375
23/03/2030 12:00,0.467773438,0.467773438,0.467773438,0.467773438
23/03/2030 13:00,0.515625,0.515625,0.515625,0.515625
23/03/2030 14:00,0.532226563,0.532226563,0.532226563,0.532226563
23/03/2030 15:00,0.655273438,0.655273438,0.655273438,0.655273438
23/03/2030 16:00,0.598632813,0.598632813,0.598632813,0.598632813
23/03/2030 17:00,0.616210938,0.616210938,0.616210938,0.616210938
23/03/2030 18:00,0.577148438,0.577148438,0.577148438,0.577148438
23/03/2030 19:00,0.508789063,0.508789063,0.508789063,0.508789063
23/03/2030 20:00,0.4453125,0.4453125,0.4453125,0.4453125
23/03/2030 21:00,0.4296875,0.4296875,0.4296875,0.4296875
23/03/2030 22:00,0.424804688,0.424804688,0.424804688,0.424804688
23/03/2030 23:00,0.381835938,0.381835938,0.381835938,0.381835938
24/03/2030 00:00,0.428710938,0.428710938,0.428710938,0.428710938
24/03/2030 01:00,0.443359375,0.443359375,0.443359375,0.443359375
24/03/2030 02:00,0.416015625,0.416015625,0.416015625,0.416015625
24/03/2030 03:00,0.424804688,0.424804688,0.424804688,0.424804688
24/03/2030 04:00,0.420898438,0.420898438,0.420898438,0.420898438
24/03/2030 05:00,0.39453125,0.39453125,0.39453125,0.39453125
24/03/2030 06:00,0.383789063,0.383789063,0.383789063,0.383789063
24/03/2030 07:00,0.387695313,0.387695313,0.387695313,0.387695313
24/03/2030 08:00,0.370117188,0.370117188,0.370117188,0.370117188
24/03/2030 09:00,0.473632813,0.473632813,0.473632813,0.473632813
24/03/2030 10:00,0.439453125,0.439453125,0.439453125,0.439453125
24/03/2030 11:00,0.453125,0.453125,0.453125,0.453125
24/03/2030 12:00,0.453125,0.453125,0.453125,0.453125
24/03/2030 13:00,0.427734375,0.427734375,0.427734375,0.427734375
24/03/2030 14:00,0.451171875,0.451171875,0.451171875,0.451171875
24/03/2030 15:00,0.534179688,0.534179688,0.534179688,0.534179688
24/03/2030 16:00,0.59765625,0.59765625,0.59765625,0.59765625
24/03/2030 17:00,0.501953125,0.501953125,0.501953125,0.501953125
24/03/2030 18:00,0.481445313,0.481445313,0.481445313,0.481445313
24/03/2030 19:00,0.51953125,0.51953125,0.51953125,0.51953125
24/03/2030 20:00,0.56640625,0.56640625,0.56640625,0.56640625
24/03/2030 21:00,0.448242188,0.448242188,0.448242188,0.448242188
24/03/2030 22:00,0.350585938,0.350585938,0.350585938,0.350585938
24/03/2030 23:00,0.310546875,0.310546875,0.310546875,0.310546875
25/03/2030 00:00,0.326171875,0.326171875,0.326171875,0.326171875
25/03/2030 01:00,0.420898438,0.420898438,0.420898438,0.420898438
25/03/2030 02:00,0.391601563,0.391601563,0.391601563,0.391601563
25/03/2030 03:00,0.369140625,0.369140625,0.369140625,0.369140625
25/03/2030 04:00,0.37109375,0.37109375,0.37109375,0.37109375
25/03/2030 05:00,0.37890625,0.37890625,0.37890625,0.37890625
25/03/2030 06:00,0.336914063,0.336914063,0.336914063,0.336914063
25/03/2030 07:00,0.310546875,0.310546875,0.310546875,0.310546875
25/03/2030 08:00,0.243164063,0.243164063,0.243164063,0.243164063
25/03/2030 09:00,0.250976563,0.250976563,0.250976563,0.250976563
25/03/2030 10:00,0.364257813,0.364257813,0.364257813,0.364257813
25/03/2030 11:00,0.375976563,0.375976563,0.375976563,0.375976563
25/03/2030 12:00,0.374023438,0.374023438,0.374023438,0.374023438
25/03/2030 13:00,0.322265625,0.322265625,0.322265625,0.322265625
25/03/2030 14:00,0.436523438,0.436523438,0.436523438,0.436523438
25/03/2030 15:00,0.380859375,0.380859375,0.380859375,0.380859375
25/03/2030 16:00,0.52734375,0.52734375,0.52734375,0.52734375
25/03/2030 17:00,0.454101563,0.454101563,0.454101563,0.454101563
25/03/2030 18:00,0.446289063,0.446289063,0.446289063,0.446289063
25/03/2030 19:00,0.497070313,0.497070313,0.497070313,0.497070313
25/03/2030 20:00,0.444335938,0.444335938,0.444335938,0.444335938
25/03/2030 21:00,0.388671875,0.388671875,0.388671875,0.388671875
25/03/2030 22:00,0.33984375,0.33984375,0.33984375,0.33984375
25/03/2030 23:00,0.334960938,0.334960938,0.334960938,0.334960938
26/03/2030 00:00,0.342773438,0.342773438,0.342773438,0.342773438
26/03/2030 01:00,0.4140625,0.4140625,0.4140625,0.4140625
26/03/2030 02:00,0.349609375,0.349609375,0.349609375,0.349609375
26/03/2030 03:00,0.372070313,0.372070313,0.372070313,0.372070313
26/03/2030 04:00,0.356445313,0.356445313,0.356445313,0.356445313
26/03/2030 05:00,0.38671875,0.38671875,0.38671875,0.38671875
26/03/2030 06:00,0.346679688,0.346679688,0.346679688,0.346679688
26/03/2030 07:00,0.310546875,0.310546875,0.310546875,0.310546875
26/03/2030 08:00,0.309570313,0.309570313,0.309570313,0.309570313
26/03/2030 09:00,0.295898438,0.295898438,0.295898438,0.295898438
26/03/2030 10:00,0.255859375,0.255859375,0.255859375,0.255859375
26/03/2030 11:00,0.235351563,0.235351563,0.235351563,0.235351563
26/03/2030 12:00,0.325195313,0.325195313,0.325195313,0.325195313
26/03/2030 13:00,0.34375,0.34375,0.34375,0.34375
26/03/2030 14:00,0.328125,0.328125,0.328125,0.328125
26/03/2030 15:00,0.373046875,0.373046875,0.373046875,0.373046875
26/03/2030 16:00,0.345703125,0.345703125,0.345703125,0.345703125
26/03/2030 17:00,0.399414063,0.399414063,0.399414063,0.399414063
26/03/2030 18:00,0.366210938,0.366210938,0.366210938,0.366210938
26/03/2030 19:00,0.33984375,0.33984375,0.33984375,0.33984375
26/03/2030 20:00,0.318359375,0.318359375,0.318359375,0.318359375
26/03/2030 21:00,0.225585938,0.225585938,0.225585938,0.225585938
26/03/2030 22:00,0.29296875,0.29296875,0.29296875,0.29296875
26/03/2030 23:00,0.370117188,0.370117188,0.370117188,0.370117188
27/03/2030 00:00,0.360351563,0.360351563,0.360351563,0.360351563
27/03/2030 01:00,0.348632813,0.348632813,0.348632813,0.348632813
27/03/2030 02:00,0.356445313,0.356445313,0.356445313,0.356445313
27/03/2030 03:00,0.361328125,0.361328125,0.361328125,0.361328125
27/03/2030 04:00,0.360351563,0.360351563,0.360351563,0.360351563
27/03/2030 05:00,0.375,0.375,0.375,0.375
27/03/2030 06:00,0.376953125,0.376953125,0.376953125,0.376953125
27/03/2030 07:00,0.28125,0.28125,0.28125,0.28125
27/03/2030 08:00,0.22265625,0.22265625,0.22265625,0.22265625
27/03/2030 09:00,0.215820313,0.215820313,0.215820313,0.215820313
27/03/2030 10:00,0.3125,0.3125,0.3125,0.3125
27/03/2030 11:00,0.21875,0.21875,0.21875,0.21875
27/03/2030 12:00,0.376953125,0.376953125,0.376953125,0.376953125
27/03/2030 13:00,0.376953125,0.376953125,0.376953125,0.376953125
27/03/2030 14:00,0.357421875,0.357421875,0.357421875,0.357421875
27/03/2030 15:00,0.3828125,0.3828125,0.3828125,0.3828125
27/03/2030 16:00,0.38671875,0.38671875,0.38671875,0.38671875
27/03/2030 17:00,0.356445313,0.356445313,0.356445313,0.356445313
27/03/2030 18:00,0.358398438,0.358398438,0.358398438,0.358398438
27/03/2030 19:00,0.31640625,0.31640625,0.31640625,0.31640625
27/03/2030 20:00,0.30859375,0.30859375,0.30859375,0.30859375
27/03/2030 21:00,0.38671875,0.38671875,0.38671875,0.38671875
27/03/2030 22:00,0.379882813,0.379882813,0.379882813,0.379882813
27/03/2030 23:00,0.330078125,0.330078125,0.330078125,0.330078125
28/03/2030 00:00,0.428710938,0.428710938,0.428710938,0.428710938
28/03/2030 01:00,0.397460938,0.397460938,0.397460938,0.397460938
28/03/2030 02:00,0.387695313,0.387695313,0.387695313,0.387695313
28/03/2030 03:00,0.446289063,0.446289063,0.446289063,0.446289063
28/03/2030 04:00,0.381835938,0.381835938,0.381835938,0.381835938
28/03/2030 05:00,0.294921875,0.294921875,0.294921875,0.294921875
28/03/2030 06:00,0.353515625,0.353515625,0.353515625,0.353515625
28/03/2030 07:00,0.435546875,0.435546875,0.435546875,0.435546875
28/03/2030 08:00,0.313476563,0.313476563,0.313476563,0.313476563
28/03/2030 09:00,0.379882813,0.379882813,0.379882813,0.379882813
28/03/2030 10:00,0.380859375,0.380859375,0.380859375,0.380859375
28/03/2030 11:00,0.466796875,0.466796875,0.466796875,0.466796875
28/03/2030 12:00,0.58203125,0.58203125,0.58203125,0.58203125
28/03/2030 13:00,0.453125,0.453125,0.453125,0.453125
28/03/2030 14:00,0.497070313,0.497070313,0.497070313,0.497070313
28/03/2030 15:00,0.463867188,0.463867188,0.463867188,0.463867188
28/03/2030 16:00,0.364257813,0.364257813,0.364257813,0.364257813
28/03/2030 17:00,0.391601563,0.391601563,0.391601563,0.391601563
28/03/2030 18:00,0.427734375,0.427734375,0.427734375,0.427734375
28/03/2030 19:00,0.413085938,0.413085938,0.413085938,0.413085938
28/03/2030 20:00,0.4453125,0.4453125,0.4453125,0.4453125
28/03/2030 21:00,0.340820313,0.340820313,0.340820313,0.340820313
28/03/2030 22:00,0.389648438,0.389648438,0.389648438,0.389648438
28/03/2030 23:00,0.341796875,0.341796875,0.341796875,0.341796875
29/03/2030 00:00,0.352539063,0.352539063,0.352539063,0.352539063
29/03/2030 01:00,0.415039063,0.415039063,0.415039063,0.415039063
29/03/2030 02:00,0.375,0.375,0.375,0.375
29/03/2030 03:00,0.383789063,0.383789063,0.383789063,0.383789063
29/03/2030 04:00,0.333984375,0.333984375,0.333984375,0.333984375
29/03/2030 05:00,0.34375,0.34375,0.34375,0.34375
29/03/2030 06:00,0.282226563,0.282226563,0.282226563,0.282226563
29/03/2030 07:00,0.336914063,0.336914063,0.336914063,0.336914063
29/03/2030 08:00,0.302734375,0.302734375,0.302734375,0.302734375
29/03/2030 09:00,0.311523438,0.311523438,0.311523438,0.311523438
29/03/2030 10:00,0.323242188,0.323242188,0.323242188,0.323242188
29/03/2030 11:00,0.33984375,0.33984375,0.33984375,0.33984375
29/03/2030 12:00,0.45703125,0.45703125,0.45703125,0.45703125
29/03/2030 13:00,0.342773438,0.342773438,0.342773438,0.342773438
29/03/2030 14:00,0.572265625,0.572265625,0.572265625,0.572265625
29/03/2030 15:00,0.634765625,0.634765625,0.634765625,0.634765625
29/03/2030 16:00,0.663085938,0.663085938,0.663085938,0.663085938
29/03/2030 17:00,0.608398438,0.608398438,0.608398438,0.608398438
29/03/2030 18:00,0.423828125,0.423828125,0.423828125,0.423828125
29/03/2030 19:00,0.495117188,0.495117188,0.495117188,0.495117188
29/03/2030 20:00,0.56640625,0.56640625,0.56640625,0.56640625
29/03/2030 21:00,0.43359375,0.43359375,0.43359375,0.43359375
29/03/2030 22:00,0.31640625,0.31640625,0.31640625,0.31640625
29/03/2030 23:00,0.338867188,0.338867188,0.338867188,0.338867188
30/03/2030 00:00,0.3828125,0.3828125,0.3828125,0.3828125
30/03/2030 01:00,0.375,0.375,0.375,0.375
30/03/2030 02:00,0.366210938,0.366210938,0.366210938,0.366210938
30/03/2030 03:00,0.333007813,0.333007813,0.333007813,0.333007813
30/03/2030 04:00,0.325195313,0.325195313,0.325195313,0.325195313
30/03/2030 05:00,0.356445313,0.356445313,0.356445313,0.356445313
30/03/2030 06:00,0.317382813,0.317382813,0.317382813,0.317382813
30/03/2030 07:00,0.297851563,0.297851563,0.297851563,0.297851563
30/03/2030 08:00,0.227539063,0.227539063,0.227539063,0.227539063
30/03/2030 09:00,0.283203125,0.283203125,0.283203125,0.283203125
30/03/2030 10:00,0.400390625,0.400390625,0.400390625,0.400390625
30/03/2030 11:00,0.458984375,0.458984375,0.458984375,0.458984375
30/03/2030 12:00,0.309570313,0.309570313,0.309570313,0.309570313
30/03/2030 13:00,0.236328125,0.236328125,0.236328125,0.236328125
30/03/2030 14:00,0.416992188,0.416992188,0.416992188,0.416992188
30/03/2030 15:00,0.541015625,0.541015625,0.541015625,0.541015625
30/03/2030 16:00,0.5390625,0.5390625,0.5390625,0.5390625
30/03/2030 17:00,0.537109375,0.537109375,0.537109375,0.537109375
30/03/2030 18:00,0.538085938,0.538085938,0.538085938,0.538085938
30/03/2030 19:00,0.54296875,0.54296875,0.54296875,0.54296875
30/03/2030 20:00,0.5390625,0.5390625,0.5390625,0.5390625
30/03/2030 21:00,0.418945313,0.418945313,0.418945313,0.418945313
30/03/2030 22:00,0.37109375,0.37109375,0.37109375,0.37109375
30/03/2030 23:00,0.354492188,0.354492188,0.354492188,0.354492188
31/03/2030 00:00,0.271484375,0.271484375,0.271484375,0.271484375
31/03/2030 01:00,0.30078125,0.30078125,0.30078125,0.30078125
31/03/2030 02:00,0.333007813,0.333007813,0.333007813,0.333007813
31/03/2030 03:00,0.330078125,0.330078125,0.330078125,0.330078125
31/03/2030 04:00,0.342773438,0.342773438,0.342773438,0.342773438
31/03/2030 05:00,0.338867188,0.338867188,0.338867188,0.338867188
31/03/2030 06:00,0.333007813,0.333007813,0.333007813,0.333007813
31/03/2030 07:00,0.325195313,0.325195313,0.325195313,0.325195313
31/03/2030 08:00,0.381835938,0.381835938,0.381835938,0.381835938
31/03/2030 09:00,0.346679688,0.346679688,0.346679688,0.346679688
31/03/2030 10:00,0.315429688,0.315429688,0.315429688,0.315429688
31/03/2030 11:00,0.338867188,0.338867188,0.338867188,0.338867188
31/03/2030 12:00,0.295898438,0.295898438,0.295898438,0.295898438
31/03/2030 13:00,0.4609375,0.4609375,0.4609375,0.4609375
31/03/2030 14:00,0.370117188,0.370117188,0.370117188,0.370117188
31/03/2030 15:00,0.509765625,0.509765625,0.509765625,0.509765625
31/03/2030 16:00,0.55859375,0.55859375,0.55859375,0.55859375
31/03/2030 17:00,0.51171875,0.51171875,0.51171875,0.51171875
31/03/2030 18:00,0.5234375,0.5234375,0.5234375,0.5234375
31/03/2030 19:00,0.536132813,0.536132813,0.536132813,0.536132813
31/03/2030 20:00,0.546875,0.546875,0.546875,0.546875
31/03/2030 21:00,0.462890625,0.462890625,0.462890625,0.462890625
31/03/2030 22:00,0.379882813,0.379882813,0.379882813,0.379882813
31/03/2030 23:00,0.276367188,0.276367188,0.276367188,0.276367188
01/04/2030 00:00,0.366887417,0.366887417,0.366887417,0.366887417
01/04/2030 01:00,0.441059603,0.441059603,0.441059603,0.441059603
01/04/2030 02:00,0.482119205,0.482119205,0.482119205,0.482119205
01/04/2030 03:00,0.490066225,0.490066225,0.490066225,0.490066225
01/04/2030 04:00,0.454304636,0.454304636,0.454304636,0.454304636
01/04/2030 05:00,0.496688742,0.496688742,0.496688742,0.496688742
01/04/2030 06:00,0.429139073,0.429139073,0.429139073,0.429139073
01/04/2030 07:00,0.480794702,0.480794702,0.480794702,0.480794702
01/04/2030 08:00,0.556291391,0.556291391,0.556291391,0.556291391
01/04/2030 09:00,0.324503311,0.324503311,0.324503311,0.324503311
01/04/2030 10:00,0.409271523,0.409271523,0.409271523,0.409271523
01/04/2030 11:00,0.39205298,0.39205298,0.39205298,0.39205298
01/04/2030 12:00,0.40397351,0.40397351,0.40397351,0.40397351
01/04/2030 13:00,0.582781457,0.582781457,0.582781457,0.582781457
01/04/2030 14:00,0.569536424,0.569536424,0.569536424,0.569536424
01/04/2030 15:00,0.958940397,0.958940397,0.958940397,0.958940397
01/04/2030 16:00,1,1,1,1
01/04/2030 17:00,0.936423841,0.936423841,0.936423841,0.936423841
01/04/2030 18:00,0.735099338,0.735099338,0.735099338,0.735099338
01/04/2030 19:00,0.650331126,0.650331126,0.650331126,0.650331126
01/04/2030 20:00,0.676821192,0.676821192,0.676821192,0.676821192
01/04/2030 21:00,0.650331126,0.650331126,0.650331126,0.650331126
01/04/2030 22:00,0.513907285,0.513907285,0.513907285,0.513907285
01/04/2030 23:00,0.39205298,0.39205298,0.39205298,0.39205298
02/04/2030 00:00,0.443708609,0.443708609,0.443708609,0.443708609
02/04/2030 01:00,0.378807947,0.378807947,0.378807947,0.378807947
02/04/2030 02:00,0.455629139,0.455629139,0.455629139,0.455629139
02/04/2030 03:00,0.413245033,0.413245033,0.413245033,0.413245033
02/04/2030 04:00,0.41192053,0.41192053,0.41192053,0.41192053
02/04/2030 05:00,0.468874172,0.468874172,0.468874172,0.468874172
02/04/2030 06:00,0.475496689,0.475496689,0.475496689,0.475496689
02/04/2030 07:00,0.641059603,0.641059603,0.641059603,0.641059603
02/04/2030 08:00,0.692715232,0.692715232,0.692715232,0.692715232
02/04/2030 09:00,0.691390728,0.691390728,0.691390728,0.691390728
02/04/2030 10:00,0.698013245,0.698013245,0.698013245,0.698013245
02/04/2030 11:00,0.705960265,0.705960265,0.705960265,0.705960265
02/04/2030 12:00,0.704635762,0.704635762,0.704635762,0.704635762
02/04/2030 13:00,0.708609272,0.708609272,0.708609272,0.708609272
02/04/2030 14:00,0.707284768,0.707284768,0.707284768,0.707284768
02/04/2030 15:00,0.707284768,0.707284768,0.707284768,0.707284768
02/04/2030 16:00,0.719205298,0.719205298,0.719205298,0.719205298
02/04/2030 17:00,0.625165563,0.625165563,0.625165563,0.625165563
02/04/2030 18:00,0.42384106,0.42384106,0.42384106,0.42384106
02/04/2030 19:00,0.449006623,0.449006623,0.449006623,0.449006623
02/04/2030 20:00,0.505960265,0.505960265,0.505960265,0.505960265
02/04/2030 21:00,0.472847682,0.472847682,0.472847682,0.472847682
02/04/2030 22:00,0.430463576,0.430463576,0.430463576,0.430463576
02/04/2030 23:00,0.373509934,0.373509934,0.373509934,0.373509934
03/04/2030 00:00,0.435761589,0.435761589,0.435761589,0.435761589
03/04/2030 01:00,0.476821192,0.476821192,0.476821192,0.476821192
03/04/2030 02:00,0.455629139,0.455629139,0.455629139,0.455629139
03/04/2030 03:00,0.491390728,0.491390728,0.491390728,0.491390728
03/04/2030 04:00,0.490066225,0.490066225,0.490066225,0.490066225
03/04/2030 05:00,0.449006623,0.449006623,0.449006623,0.449006623
03/04/2030 06:00,0.516556291,0.516556291,0.516556291,0.516556291
03/04/2030 07:00,0.678145695,0.678145695,0.678145695,0.678145695
03/04/2030 08:00,0.723178808,0.723178808,0.723178808,0.723178808
03/04/2030 09:00,0.716556291,0.716556291,0.716556291,0.716556291
03/04/2030 10:00,0.717880795,0.717880795,0.717880795,0.717880795
03/04/2030 11:00,0.727152318,0.727152318,0.727152318,0.727152318
03/04/2030 12:00,0.728476821,0.728476821,0.728476821,0.728476821
03/04/2030 13:00,0.484768212,0.484768212,0.484768212,0.484768212
03/04/2030 14:00,0.511258278,0.511258278,0.511258278,0.511258278
03/04/2030 15:00,0.521854305,0.521854305,0.521854305,0.521854305
03/04/2030 16:00,0.474172185,0.474172185,0.474172185,0.474172185
03/04/2030 17:00,0.462251656,0.462251656,0.462251656,0.462251656
03/04/2030 18:00,0.447682119,0.447682119,0.447682119,0.447682119
03/04/2030 19:00,0.472847682,0.472847682,0.472847682,0.472847682
03/04/2030 20:00,0.482119205,0.482119205,0.482119205,0.482119205
03/04/2030 21:00,0.462251656,0.462251656,0.462251656,0.462251656
03/04/2030 22:00,0.438410596,0.438410596,0.438410596,0.438410596
03/04/2030 23:00,0.454304636,0.454304636,0.454304636,0.454304636
04/04/2030 00:00,0.483443709,0.483443709,0.483443709,0.483443709
04/04/2030 01:00,0.443708609,0.443708609,0.443708609,0.443708609
04/04/2030 02:00,0.418543046,0.418543046,0.418543046,0.418543046
04/04/2030 03:00,0.454304636,0.454304636,0.454304636,0.454304636
04/04/2030 04:00,0.438410596,0.438410596,0.438410596,0.438410596
04/04/2030 05:00,0.445033113,0.445033113,0.445033113,0.445033113
04/04/2030 06:00,0.441059603,0.441059603,0.441059603,0.441059603
04/04/2030 07:00,0.431788079,0.431788079,0.431788079,0.431788079
04/04/2030 08:00,0.450331126,0.450331126,0.450331126,0.450331126
04/04/2030 09:00,0.451655629,0.451655629,0.451655629,0.451655629
04/04/2030 10:00,0.454304636,0.454304636,0.454304636,0.454304636
04/04/2030 11:00,0.495364238,0.495364238,0.495364238,0.495364238
04/04/2030 12:00,0.496688742,0.496688742,0.496688742,0.496688742
04/04/2030 13:00,0.554966887,0.554966887,0.554966887,0.554966887
04/04/2030 14:00,0.539072848,0.539072848,0.539072848,0.539072848
04/04/2030 15:00,0.547019868,0.547019868,0.547019868,0.547019868
04/04/2030 16:00,0.449006623,0.449006623,0.449006623,0.449006623
04/04/2030 17:00,0.459602649,0.459602649,0.459602649,0.459602649
04/04/2030 18:00,0.438410596,0.438410596,0.438410596,0.438410596
04/04/2030 19:00,0.417218543,0.417218543,0.417218543,0.417218543
04/04/2030 20:00,0.430463576,0.430463576,0.430463576,0.430463576
04/04/2030 21:00,0.382781457,0.382781457,0.382781457,0.382781457
04/04/2030 22:00,0.397350993,0.397350993,0.397350993,0.397350993
04/04/2030 23:00,0.441059603,0.441059603,0.441059603,0.441059603
05/04/2030 00:00,0.41986755,0.41986755,0.41986755,0.41986755
05/04/2030 01:00,0.294039735,0.294039735,0.294039735,0.294039735
05/04/2030 02:00,0.445033113,0.445033113,0.445033113,0.445033113
05/04/2030 03:00,0.516556291,0.516556291,0.516556291,0.516556291
05/04/2030 04:00,0.495364238,0.495364238,0.495364238,0.495364238
05/04/2030 05:00,0.513907285,0.513907285,0.513907285,0.513907285
05/04/2030 06:00,0.474172185,0.474172185,0.474172185,0.474172185
05/04/2030 07:00,0.446357616,0.446357616,0.446357616,0.446357616
05/04/2030 08:00,0.472847682,0.472847682,0.472847682,0.472847682
05/04/2030 09:00,0.468874172,0.468874172,0.468874172,0.468874172
05/04/2030 10:00,0.447682119,0.447682119,0.447682119,0.447682119
05/04/2030 11:00,0.498013245,0.498013245,0.498013245,0.498013245
05/04/2030 12:00,0.495364238,0.495364238,0.495364238,0.495364238
05/04/2030 13:00,0.480794702,0.480794702,0.480794702,0.480794702
05/04/2030 14:00,0.564238411,0.564238411,0.564238411,0.564238411
05/04/2030 15:00,0.519205298,0.519205298,0.519205298,0.519205298
05/04/2030 16:00,0.541721854,0.541721854,0.541721854,0.541721854
05/04/2030 17:00,0.516556291,0.516556291,0.516556291,0.516556291
05/04/2030 18:00,0.528476821,0.528476821,0.528476821,0.528476821
05/04/2030 19:00,0.527152318,0.527152318,0.527152318,0.527152318
05/04/2030 20:00,0.454304636,0.454304636,0.454304636,0.454304636
05/04/2030 21:00,0.501986755,0.501986755,0.501986755,0.501986755
05/04/2030 22:00,0.429139073,0.429139073,0.429139073,0.429139073
05/04/2030 23:00,0.516556291,0.516556291,0.516556291,0.516556291
06/04/2030 00:00,0.437086093,0.437086093,0.437086093,0.437086093
06/04/2030 01:00,0.511258278,0.511258278,0.511258278,0.511258278
06/04/2030 02:00,0.533774834,0.533774834,0.533774834,0.533774834
06/04/2030 03:00,0.521854305,0.521854305,0.521854305,0.521854305
06/04/2030 04:00,0.492715232,0.492715232,0.492715232,0.492715232
06/04/2030 05:00,0.503311258,0.503311258,0.503311258,0.503311258
06/04/2030 06:00,0.491390728,0.491390728,0.491390728,0.491390728
06/04/2030 07:00,0.494039735,0.494039735,0.494039735,0.494039735
06/04/2030 08:00,0.574834437,0.574834437,0.574834437,0.574834437
06/04/2030 09:00,0.558940397,0.558940397,0.558940397,0.558940397
06/04/2030 10:00,0.562913907,0.562913907,0.562913907,0.562913907
06/04/2030 11:00,0.585430464,0.585430464,0.585430464,0.585430464
06/04/2030 12:00,0.487417219,0.487417219,0.487417219,0.487417219
06/04/2030 13:00,0.569536424,0.569536424,0.569536424,0.569536424
06/04/2030 14:00,0.638410596,0.638410596,0.638410596,0.638410596
06/04/2030 15:00,0.79205298,0.79205298,0.79205298,0.79205298
06/04/2030 16:00,0.802649007,0.802649007,0.802649007,0.802649007
06/04/2030 17:00,0.750993377,0.750993377,0.750993377,0.750993377
06/04/2030 18:00,0.740397351,0.740397351,0.740397351,0.740397351
06/04/2030 19:00,0.762913907,0.762913907,0.762913907,0.762913907
06/04/2030 20:00,0.758940397,0.758940397,0.758940397,0.758940397
06/04/2030 21:00,0.630463576,0.630463576,0.630463576,0.630463576
06/04/2030 22:00,0.480794702,0.480794702,0.480794702,0.480794702
06/04/2030 23:00,0.478145695,0.478145695,0.478145695,0.478145695
07/04/2030 00:00,0.454304636,0.454304636,0.454304636,0.454304636
07/04/2030 01:00,0.462251656,0.462251656,0.462251656,0.462251656
07/04/2030 02:00,0.471523179,0.471523179,0.471523179,0.471523179
07/04/2030 03:00,0.450331126,0.450331126,0.450331126,0.450331126
07/04/2030 04:00,0.471523179,0.471523179,0.471523179,0.471523179
07/04/2030 05:00,0.544370861,0.544370861,0.544370861,0.544370861
07/04/2030 06:00,0.539072848,0.539072848,0.539072848,0.539072848
07/04/2030 07:00,0.499337748,0.499337748,0.499337748,0.499337748
07/04/2030 08:00,0.59205298,0.59205298,0.59205298,0.59205298
07/04/2030 09:00,0.515231788,0.515231788,0.515231788,0.515231788
07/04/2030 10:00,0.525827815,0.525827815,0.525827815,0.525827815
07/04/2030 11:00,0.531125828,0.531125828,0.531125828,0.531125828
07/04/2030 12:00,0.499337748,0.499337748,0.499337748,0.499337748
07/04/2030 13:00,0.630463576,0.630463576,0.630463576,0.630463576
07/04/2030 14:00,0.61986755,0.61986755,0.61986755,0.61986755
07/04/2030 15:00,0.764238411,0.764238411,0.764238411,0.764238411
07/04/2030 16:00,0.79205298,0.79205298,0.79205298,0.79205298
07/04/2030 17:00,0.773509934,0.773509934,0.773509934,0.773509934
07/04/2030 18:00,0.674172185,0.674172185,0.674172185,0.674172185
07/04/2030 19:00,0.671523179,0.671523179,0.671523179,0.671523179
07/04/2030 20:00,0.698013245,0.698013245,0.698013245,0.698013245
07/04/2030 21:00,0.672847682,0.672847682,0.672847682,0.672847682
07/04/2030 22:00,0.40794702,0.40794702,0.40794702,0.40794702
07/04/2030 23:00,0.467549669,0.467549669,0.467549669,0.467549669
08/04/2030 00:00,0.4,0.4,0.4,0.4
08/04/2030 01:00,0.348344371,0.348344371,0.348344371,0.348344371
08/04/2030 02:00,0.471523179,0.471523179,0.471523179,0.471523179
08/04/2030 03:00,0.482119205,0.482119205,0.482119205,0.482119205
08/04/2030 04:00,0.513907285,0.513907285,0.513907285,0.513907285
08/04/2030 05:00,0.435761589,0.435761589,0.435761589,0.435761589
08/04/2030 06:00,0.496688742,0.496688742,0.496688742,0.496688742
08/04/2030 07:00,0.479470199,0.479470199,0.479470199,0.479470199
08/04/2030 08:00,0.564238411,0.564238411,0.564238411,0.564238411
08/04/2030 09:00,0.532450331,0.532450331,0.532450331,0.532450331
08/04/2030 10:00,0.531125828,0.531125828,0.531125828,0.531125828
08/04/2030 11:00,0.492715232,0.492715232,0.492715232,0.492715232
08/04/2030 12:00,0.594701987,0.594701987,0.594701987,0.594701987
08/04/2030 13:00,0.732450331,0.732450331,0.732450331,0.732450331
08/04/2030 14:00,0.750993377,0.750993377,0.750993377,0.750993377
08/04/2030 15:00,0.826490066,0.826490066,0.826490066,0.826490066
08/04/2030 16:00,0.826490066,0.826490066,0.826490066,0.826490066
08/04/2030 17:00,0.806622517,0.806622517,0.806622517,0.806622517
08/04/2030 18:00,0.761589404,0.761589404,0.761589404,0.761589404
08/04/2030 19:00,0.660927152,0.660927152,0.660927152,0.660927152
08/04/2030 20:00,0.696688742,0.696688742,0.696688742,0.696688742
08/04/2030 21:00,0.593377483,0.593377483,0.593377483,0.593377483
08/04/2030 22:00,0.458278146,0.458278146,0.458278146,0.458278146
08/04/2030 23:00,0.446357616,0.446357616,0.446357616,0.446357616
09/04/2030 00:00,0.452980132,0.452980132,0.452980132,0.452980132
09/04/2030 01:00,0.470198675,0.470198675,0.470198675,0.470198675
09/04/2030 02:00,0.450331126,0.450331126,0.450331126,0.450331126
09/04/2030 03:00,0.458278146,0.458278146,0.458278146,0.458278146
09/04/2030 04:00,0.459602649,0.459602649,0.459602649,0.459602649
09/04/2030 05:00,0.443708609,0.443708609,0.443708609,0.443708609
09/04/2030 06:00,0.443708609,0.443708609,0.443708609,0.443708609
09/04/2030 07:00,0.430463576,0.430463576,0.430463576,0.430463576
09/04/2030 08:00,0.60397351,0.60397351,0.60397351,0.60397351
09/04/2030 09:00,0.441059603,0.441059603,0.441059603,0.441059603
09/04/2030 10:00,0.496688742,0.496688742,0.496688742,0.496688742
09/04/2030 11:00,0.470198675,0.470198675,0.470198675,0.470198675
09/04/2030 12:00,0.352317881,0.352317881,0.352317881,0.352317881
09/04/2030 13:00,0.535099338,0.535099338,0.535099338,0.535099338
09/04/2030 14:00,0.455629139,0.455629139,0.455629139,0.455629139
09/04/2030 15:00,0.557615894,0.557615894,0.557615894,0.557615894
09/04/2030 16:00,0.463576159,0.463576159,0.463576159,0.463576159
09/04/2030 17:00,0.447682119,0.447682119,0.447682119,0.447682119
09/04/2030 18:00,0.441059603,0.441059603,0.441059603,0.441059603
09/04/2030 19:00,0.349668874,0.349668874,0.349668874,0.349668874
09/04/2030 20:00,0.40794702,0.40794702,0.40794702,0.40794702
09/04/2030 21:00,0.425165563,0.425165563,0.425165563,0.425165563
09/04/2030 22:00,0.413245033,0.413245033,0.413245033,0.413245033
09/04/2030 23:00,0.451655629,0.451655629,0.451655629,0.451655629
10/04/2030 00:00,0.390728477,0.390728477,0.390728477,0.390728477
10/04/2030 01:00,0.439735099,0.439735099,0.439735099,0.439735099
10/04/2030 02:00,0.332450331,0.332450331,0.332450331,0.332450331
10/04/2030 03:00,0.439735099,0.439735099,0.439735099,0.439735099
10/04/2030 04:00,0.467549669,0.467549669,0.467549669,0.467549669
10/04/2030 05:00,0.470198675,0.470198675,0.470198675,0.470198675
10/04/2030 06:00,0.472847682,0.472847682,0.472847682,0.472847682
10/04/2030 07:00,0.471523179,0.471523179,0.471523179,0.471523179
10/04/2030 08:00,0.474172185,0.474172185,0.474172185,0.474172185
10/04/2030 09:00,0.433112583,0.433112583,0.433112583,0.433112583
10/04/2030 10:00,0.438410596,0.438410596,0.438410596,0.438410596
10/04/2030 11:00,0.463576159,0.463576159,0.463576159,0.463576159
10/04/2030 12:00,0.458278146,0.458278146,0.458278146,0.458278146
10/04/2030 13:00,0.544370861,0.544370861,0.544370861,0.544370861
10/04/2030 14:00,0.569536424,0.569536424,0.569536424,0.569536424
10/04/2030 15:00,0.438410596,0.438410596,0.438410596,0.438410596
10/04/2030 16:00,0.452980132,0.452980132,0.452980132,0.452980132
10/04/2030 17:00,0.487417219,0.487417219,0.487417219,0.487417219
10/04/2030 18:00,0.451655629,0.451655629,0.451655629,0.451655629
10/04/2030 19:00,0.484768212,0.484768212,0.484768212,0.484768212
10/04/2030 20:00,0.439735099,0.439735099,0.439735099,0.439735099
10/04/2030 21:00,0.488741722,0.488741722,0.488741722,0.488741722
10/04/2030 22:00,0.460927152,0.460927152,0.460927152,0.460927152
10/04/2030 23:00,0.425165563,0.425165563,0.425165563,0.425165563
11/04/2030 00:00,0.438410596,0.438410596,0.438410596,0.438410596
11/04/2030 01:00,0.460927152,0.460927152,0.460927152,0.460927152
11/04/2030 02:00,0.456953642,0.456953642,0.456953642,0.456953642
11/04/2030 03:00,0.501986755,0.501986755,0.501986755,0.501986755
11/04/2030 04:00,0.474172185,0.474172185,0.474172185,0.474172185
11/04/2030 05:00,0.471523179,0.471523179,0.471523179,0.471523179
11/04/2030 06:00,0.490066225,0.490066225,0.490066225,0.490066225
11/04/2030 07:00,0.483443709,0.483443709,0.483443709,0.483443709
11/04/2030 08:00,0.58013245,0.58013245,0.58013245,0.58013245
11/04/2030 09:00,0.622516556,0.622516556,0.622516556,0.622516556
11/04/2030 10:00,0.532450331,0.532450331,0.532450331,0.532450331
11/04/2030 11:00,0.541721854,0.541721854,0.541721854,0.541721854
11/04/2030 12:00,0.480794702,0.480794702,0.480794702,0.480794702
11/04/2030 13:00,0.521854305,0.521854305,0.521854305,0.521854305
11/04/2030 14:00,0.60794702,0.60794702,0.60794702,0.60794702
11/04/2030 15:00,0.766887417,0.766887417,0.766887417,0.766887417
11/04/2030 16:00,0.773509934,0.773509934,0.773509934,0.773509934
11/04/2030 17:00,0.754966887,0.754966887,0.754966887,0.754966887
11/04/2030 18:00,0.754966887,0.754966887,0.754966887,0.754966887
11/04/2030 19:00,0.740397351,0.740397351,0.740397351,0.740397351
11/04/2030 20:00,0.720529801,0.720529801,0.720529801,0.720529801
11/04/2030 21:00,0.605298013,0.605298013,0.605298013,0.605298013
11/04/2030 22:00,0.491390728,0.491390728,0.491390728,0.491390728
11/04/2030 23:00,0.479470199,0.479470199,0.479470199,0.479470199
12/04/2030 00:00,0.447682119,0.447682119,0.447682119,0.447682119
12/04/2030 01:00,0.460927152,0.460927152,0.460927152,0.460927152
12/04/2030 02:00,0.498013245,0.498013245,0.498013245,0.498013245
12/04/2030 03:00,0.483443709,0.483443709,0.483443709,0.483443709
12/04/2030 04:00,0.483443709,0.483443709,0.483443709,0.483443709
12/04/2030 05:00,0.459602649,0.459602649,0.459602649,0.459602649
12/04/2030 06:00,0.458278146,0.458278146,0.458278146,0.458278146
12/04/2030 07:00,0.446357616,0.446357616,0.446357616,0.446357616
12/04/2030 08:00,0.573509934,0.573509934,0.573509934,0.573509934
12/04/2030 09:00,0.550993377,0.550993377,0.550993377,0.550993377
12/04/2030 10:00,0.482119205,0.482119205,0.482119205,0.482119205
12/04/2030 11:00,0.482119205,0.482119205,0.482119205,0.482119205
12/04/2030 12:00,0.458278146,0.458278146,0.458278146,0.458278146
12/04/2030 13:00,0.643708609,0.643708609,0.643708609,0.643708609
12/04/2030 14:00,0.62384106,0.62384106,0.62384106,0.62384106
12/04/2030 15:00,0.822516556,0.822516556,0.822516556,0.822516556
12/04/2030 16:00,0.870198675,0.870198675,0.870198675,0.870198675
12/04/2030 17:00,0.847682119,0.847682119,0.847682119,0.847682119
12/04/2030 18:00,0.876821192,0.876821192,0.876821192,0.876821192
12/04/2030 19:00,0.801324503,0.801324503,0.801324503,0.801324503
12/04/2030 20:00,0.843708609,0.843708609,0.843708609,0.843708609
12/04/2030 21:00,0.81192053,0.81192053,0.81192053,0.81192053
12/04/2030 22:00,0.60397351,0.60397351,0.60397351,0.60397351
12/04/2030 23:00,0.529801325,0.529801325,0.529801325,0.529801325
13/04/2030 00:00,0.6,0.6,0.6,0.6
13/04/2030 01:00,0.574834437,0.574834437,0.574834437,0.574834437
13/04/2030 02:00,0.552317881,0.552317881,0.552317881,0.552317881
13/04/2030 03:00,0.578807947,0.578807947,0.578807947,0.578807947
13/04/2030 04:00,0.581456954,0.581456954,0.581456954,0.581456954
13/04/2030 05:00,0.577483444,0.577483444,0.577483444,0.577483444
13/04/2030 06:00,0.61986755,0.61986755,0.61986755,0.61986755
13/04/2030 07:00,0.654304636,0.654304636,0.654304636,0.654304636
13/04/2030 08:00,0.790728477,0.790728477,0.790728477,0.790728477
13/04/2030 09:00,0.699337748,0.699337748,0.699337748,0.699337748
13/04/2030 10:00,0.651655629,0.651655629,0.651655629,0.651655629
13/04/2030 11:00,0.684768212,0.684768212,0.684768212,0.684768212
13/04/2030 12:00,0.682119205,0.682119205,0.682119205,0.682119205
13/04/2030 13:00,0.737748344,0.737748344,0.737748344,0.737748344
13/04/2030 14:00,0.762913907,0.762913907,0.762913907,0.762913907
13/04/2030 15:00,0.913907285,0.913907285,0.913907285,0.913907285
13/04/2030 16:00,0.939072848,0.939072848,0.939072848,0.939072848
13/04/2030 17:00,0.879470199,0.879470199,0.879470199,0.879470199
13/04/2030 18:00,0.854304636,0.854304636,0.854304636,0.854304636
13/04/2030 19:00,0.849006623,0.849006623,0.849006623,0.849006623
13/04/2030 20:00,0.939072848,0.939072848,0.939072848,0.939072848
13/04/2030 21:00,0.8,0.8,0.8,0.8
13/04/2030 22:00,0.690066225,0.690066225,0.690066225,0.690066225
13/04/2030 23:00,0.565562914,0.565562914,0.565562914,0.565562914
14/04/2030 00:00,0.594701987,0.594701987,0.594701987,0.594701987
14/04/2030 01:00,0.646357616,0.646357616,0.646357616,0.646357616
14/04/2030 02:00,0.62781457,0.62781457,0.62781457,0.62781457
14/04/2030 03:00,0.557615894,0.557615894,0.557615894,0.557615894
14/04/2030 04:00,0.622516556,0.622516556,0.622516556,0.622516556
14/04/2030 05:00,0.625165563,0.625165563,0.625165563,0.625165563
14/04/2030 06:00,0.704635762,0.704635762,0.704635762,0.704635762
14/04/2030 07:00,0.703311258,0.703311258,0.703311258,0.703311258
14/04/2030 08:00,0.748344371,0.748344371,0.748344371,0.748344371
14/04/2030 09:00,0.720529801,0.720529801,0.720529801,0.720529801
14/04/2030 10:00,0.81192053,0.81192053,0.81192053,0.81192053
14/04/2030 11:00,0.794701987,0.794701987,0.794701987,0.794701987
14/04/2030 12:00,0.713907285,0.713907285,0.713907285,0.713907285
14/04/2030 13:00,0.740397351,0.740397351,0.740397351,0.740397351
14/04/2030 14:00,0.701986755,0.701986755,0.701986755,0.701986755
14/04/2030 15:00,0.695364238,0.695364238,0.695364238,0.695364238
14/04/2030 16:00,0.695364238,0.695364238,0.695364238,0.695364238
14/04/2030 17:00,0.676821192,0.676821192,0.676821192,0.676821192
14/04/2030 18:00,0.717880795,0.717880795,0.717880795,0.717880795
14/04/2030 19:00,0.671523179,0.671523179,0.671523179,0.671523179
14/04/2030 20:00,0.618543046,0.618543046,0.618543046,0.618543046
14/04/2030 21:00,0.723178808,0.723178808,0.723178808,0.723178808
14/04/2030 22:00,0.642384106,0.642384106,0.642384106,0.642384106
14/04/2030 23:00,0.613245033,0.613245033,0.613245033,0.613245033
15/04/2030 00:00,0.58410596,0.58410596,0.58410596,0.58410596
15/04/2030 01:00,0.642384106,0.642384106,0.642384106,0.642384106
15/04/2030 02:00,0.645033113,0.645033113,0.645033113,0.645033113
15/04/2030 03:00,0.660927152,0.660927152,0.660927152,0.660927152
15/04/2030 04:00,0.62384106,0.62384106,0.62384106,0.62384106
15/04/2030 05:00,0.578807947,0.578807947,0.578807947,0.578807947
15/04/2030 06:00,0.490066225,0.490066225,0.490066225,0.490066225
15/04/2030 07:00,0.488741722,0.488741722,0.488741722,0.488741722
15/04/2030 08:00,0.651655629,0.651655629,0.651655629,0.651655629
15/04/2030 09:00,0.524503311,0.524503311,0.524503311,0.524503311
15/04/2030 10:00,0.523178808,0.523178808,0.523178808,0.523178808
15/04/2030 11:00,0.529801325,0.529801325,0.529801325,0.529801325
15/04/2030 12:00,0.527152318,0.527152318,0.527152318,0.527152318
15/04/2030 13:00,0.59205298,0.59205298,0.59205298,0.59205298
15/04/2030 14:00,0.490066225,0.490066225,0.490066225,0.490066225
15/04/2030 15:00,0.482119205,0.482119205,0.482119205,0.482119205
15/04/2030 16:00,0.503311258,0.503311258,0.503311258,0.503311258
15/04/2030 17:00,0.490066225,0.490066225,0.490066225,0.490066225
15/04/2030 18:00,0.462251656,0.462251656,0.462251656,0.462251656
15/04/2030 19:00,0.456953642,0.456953642,0.456953642,0.456953642
15/04/2030 20:00,0.507284768,0.507284768,0.507284768,0.507284768
15/04/2030 21:00,0.475496689,0.475496689,0.475496689,0.475496689
15/04/2030 22:00,0.426490066,0.426490066,0.426490066,0.426490066
15/04/2030 23:00,0.443708609,0.443708609,0.443708609,0.443708609
16/04/2030 00:00,0.4,0.4,0.4,0.4
16/04/2030 01:00,0.466225166,0.466225166,0.466225166,0.466225166
16/04/2030 02:00,0.454304636,0.454304636,0.454304636,0.454304636
16/04/2030 03:00,0.466225166,0.466225166,0.466225166,0.466225166
16/04/2030 04:00,0.447682119,0.447682119,0.447682119,0.447682119
16/04/2030 05:00,0.445033113,0.445033113,0.445033113,0.445033113
16/04/2030 06:00,0.445033113,0.445033113,0.445033113,0.445033113
16/04/2030 07:00,0.446357616,0.446357616,0.446357616,0.446357616
16/04/2030 08:00,0.445033113,0.445033113,0.445033113,0.445033113
16/04/2030 09:00,0.435761589,0.435761589,0.435761589,0.435761589
16/04/2030 10:00,0.421192053,0.421192053,0.421192053,0.421192053
16/04/2030 11:00,0.42781457,0.42781457,0.42781457,0.42781457
16/04/2030 12:00,0.434437086,0.434437086,0.434437086,0.434437086
16/04/2030 13:00,0.565562914,0.565562914,0.565562914,0.565562914
16/04/2030 14:00,0.480794702,0.480794702,0.480794702,0.480794702
16/04/2030 15:00,0.490066225,0.490066225,0.490066225,0.490066225
16/04/2030 16:00,0.483443709,0.483443709,0.483443709,0.483443709
16/04/2030 17:00,0.478145695,0.478145695,0.478145695,0.478145695
16/04/2030 18:00,0.41589404,0.41589404,0.41589404,0.41589404
16/04/2030 19:00,0.439735099,0.439735099,0.439735099,0.439735099
16/04/2030 20:00,0.41192053,0.41192053,0.41192053,0.41192053
16/04/2030 21:00,0.394701987,0.394701987,0.394701987,0.394701987
16/04/2030 22:00,0.389403974,0.389403974,0.389403974,0.389403974
16/04/2030 23:00,0.39602649,0.39602649,0.39602649,0.39602649
17/04/2030 00:00,0.397350993,0.397350993,0.397350993,0.397350993
17/04/2030 01:00,0.340397351,0.340397351,0.340397351,0.340397351
17/04/2030 02:00,0.429139073,0.429139073,0.429139073,0.429139073
17/04/2030 03:00,0.443708609,0.443708609,0.443708609,0.443708609
17/04/2030 04:00,0.456953642,0.456953642,0.456953642,0.456953642
17/04/2030 05:00,0.42781457,0.42781457,0.42781457,0.42781457
17/04/2030 06:00,0.437086093,0.437086093,0.437086093,0.437086093
17/04/2030 07:00,0.458278146,0.458278146,0.458278146,0.458278146
17/04/2030 08:00,0.450331126,0.450331126,0.450331126,0.450331126
17/04/2030 09:00,0.426490066,0.426490066,0.426490066,0.426490066
17/04/2030 10:00,0.425165563,0.425165563,0.425165563,0.425165563
17/04/2030 11:00,0.442384106,0.442384106,0.442384106,0.442384106
17/04/2030 12:00,0.437086093,0.437086093,0.437086093,0.437086093
17/04/2030 13:00,0.513907285,0.513907285,0.513907285,0.513907285
17/04/2030 14:00,0.509933775,0.509933775,0.509933775,0.509933775
17/04/2030 15:00,0.462251656,0.462251656,0.462251656,0.462251656
17/04/2030 16:00,0.41986755,0.41986755,0.41986755,0.41986755
17/04/2030 17:00,0.442384106,0.442384106,0.442384106,0.442384106
17/04/2030 18:00,0.445033113,0.445033113,0.445033113,0.445033113
17/04/2030 19:00,0.421192053,0.421192053,0.421192053,0.421192053
17/04/2030 20:00,0.460927152,0.460927152,0.460927152,0.460927152
17/04/2030 21:00,0.544370861,0.544370861,0.544370861,0.544370861
17/04/2030 22:00,0.449006623,0.449006623,0.449006623,0.449006623
17/04/2030 23:00,0.443708609,0.443708609,0.443708609,0.443708609
18/04/2030 00:00,0.470198675,0.470198675,0.470198675,0.470198675
18/04/2030 01:00,0.547019868,0.547019868,0.547019868,0.547019868
18/04/2030 02:00,0.500662252,0.500662252,0.500662252,0.500662252
18/04/2030 03:00,0.504635762,0.504635762,0.504635762,0.504635762
18/04/2030 04:00,0.471523179,0.471523179,0.471523179,0.471523179
18/04/2030 05:00,0.451655629,0.451655629,0.451655629,0.451655629
18/04/2030 06:00,0.474172185,0.474172185,0.474172185,0.474172185
18/04/2030 07:00,0.553642384,0.553642384,0.553642384,0.553642384
18/04/2030 08:00,0.617218543,0.617218543,0.617218543,0.617218543
18/04/2030 09:00,0.531125828,0.531125828,0.531125828,0.531125828
18/04/2030 10:00,0.487417219,0.487417219,0.487417219,0.487417219
18/04/2030 11:00,0.524503311,0.524503311,0.524503311,0.524503311
18/04/2030 12:00,0.62384106,0.62384106,0.62384106,0.62384106
18/04/2030 13:00,0.529801325,0.529801325,0.529801325,0.529801325
18/04/2030 14:00,0.517880795,0.517880795,0.517880795,0.517880795
18/04/2030 15:00,0.711258278,0.711258278,0.711258278,0.711258278
18/04/2030 16:00,0.761589404,0.761589404,0.761589404,0.761589404
18/04/2030 17:00,0.720529801,0.720529801,0.720529801,0.720529801
18/04/2030 18:00,0.724503311,0.724503311,0.724503311,0.724503311
18/04/2030 19:00,0.725827815,0.725827815,0.725827815,0.725827815
18/04/2030 20:00,0.711258278,0.711258278,0.711258278,0.711258278
18/04/2030 21:00,0.568211921,0.568211921,0.568211921,0.568211921
18/04/2030 22:00,0.456953642,0.456953642,0.456953642,0.456953642
18/04/2030 23:00,0.40397351,0.40397351,0.40397351,0.40397351
19/04/2030 00:00,0.329801325,0.329801325,0.329801325,0.329801325
19/04/2030 01:00,0.442384106,0.442384106,0.442384106,0.442384106
19/04/2030 02:00,0.40397351,0.40397351,0.40397351,0.40397351
19/04/2030 03:00,0.492715232,0.492715232,0.492715232,0.492715232
19/04/2030 04:00,0.459602649,0.459602649,0.459602649,0.459602649
19/04/2030 05:00,0.476821192,0.476821192,0.476821192,0.476821192
19/04/2030 06:00,0.443708609,0.443708609,0.443708609,0.443708609
19/04/2030 07:00,0.454304636,0.454304636,0.454304636,0.454304636
19/04/2030 08:00,0.593377483,0.593377483,0.593377483,0.593377483
19/04/2030 09:00,0.541721854,0.541721854,0.541721854,0.541721854
19/04/2030 10:00,0.523178808,0.523178808,0.523178808,0.523178808
19/04/2030 11:00,0.533774834,0.533774834,0.533774834,0.533774834
19/04/2030 12:00,0.488741722,0.488741722,0.488741722,0.488741722
19/04/2030 13:00,0.573509934,0.573509934,0.573509934,0.573509934
19/04/2030 14:00,0.554966887,0.554966887,0.554966887,0.554966887
19/04/2030 15:00,0.674172185,0.674172185,0.674172185,0.674172185
19/04/2030 16:00,0.769536424,0.769536424,0.769536424,0.769536424
19/04/2030 17:00,0.641059603,0.641059603,0.641059603,0.641059603
19/04/2030 18:00,0.735099338,0.735099338,0.735099338,0.735099338
19/04/2030 19:00,0.711258278,0.711258278,0.711258278,0.711258278
19/04/2030 20:00,0.695364238,0.695364238,0.695364238,0.695364238
19/04/2030 21:00,0.578807947,0.578807947,0.578807947,0.578807947
19/04/2030 22:00,0.37218543,0.37218543,0.37218543,0.37218543
19/04/2030 23:00,0.451655629,0.451655629,0.451655629,0.451655629
20/04/2030 00:00,0.435761589,0.435761589,0.435761589,0.435761589
20/04/2030 01:00,0.429139073,0.429139073,0.429139073,0.429139073
20/04/2030 02:00,0.467549669,0.467549669,0.467549669,0.467549669
20/04/2030 03:00,0.460927152,0.460927152,0.460927152,0.460927152
20/04/2030 04:00,0.471523179,0.471523179,0.471523179,0.471523179
20/04/2030 05:00,0.446357616,0.446357616,0.446357616,0.446357616
20/04/2030 06:00,0.452980132,0.452980132,0.452980132,0.452980132
20/04/2030 07:00,0.447682119,0.447682119,0.447682119,0.447682119
20/04/2030 08:00,0.523178808,0.523178808,0.523178808,0.523178808
20/04/2030 09:00,0.417218543,0.417218543,0.417218543,0.417218543
20/04/2030 10:00,0.496688742,0.496688742,0.496688742,0.496688742
20/04/2030 11:00,0.455629139,0.455629139,0.455629139,0.455629139
20/04/2030 12:00,0.377483444,0.377483444,0.377483444,0.377483444
20/04/2030 13:00,0.421192053,0.421192053,0.421192053,0.421192053
20/04/2030 14:00,0.460927152,0.460927152,0.460927152,0.460927152
20/04/2030 15:00,0.458278146,0.458278146,0.458278146,0.458278146
20/04/2030 16:00,0.463576159,0.463576159,0.463576159,0.463576159
20/04/2030 17:00,0.479470199,0.479470199,0.479470199,0.479470199
20/04/2030 18:00,0.455629139,0.455629139,0.455629139,0.455629139
20/04/2030 19:00,0.471523179,0.471523179,0.471523179,0.471523179
20/04/2030 20:00,0.40397351,0.40397351,0.40397351,0.40397351
20/04/2030 21:00,0.460927152,0.460927152,0.460927152,0.460927152
20/04/2030 22:00,0.488741722,0.488741722,0.488741722,0.488741722
20/04/2030 23:00,0.445033113,0.445033113,0.445033113,0.445033113
21/04/2030 00:00,0.446357616,0.446357616,0.446357616,0.446357616
21/04/2030 01:00,0.429139073,0.429139073,0.429139073,0.429139073
21/04/2030 02:00,0.458278146,0.458278146,0.458278146,0.458278146
21/04/2030 03:00,0.505960265,0.505960265,0.505960265,0.505960265
21/04/2030 04:00,0.503311258,0.503311258,0.503311258,0.503311258
21/04/2030 05:00,0.478145695,0.478145695,0.478145695,0.478145695
21/04/2030 06:00,0.532450331,0.532450331,0.532450331,0.532450331
21/04/2030 07:00,0.488741722,0.488741722,0.488741722,0.488741722
21/04/2030 08:00,0.533774834,0.533774834,0.533774834,0.533774834
21/04/2030 09:00,0.521854305,0.521854305,0.521854305,0.521854305
21/04/2030 10:00,0.582781457,0.582781457,0.582781457,0.582781457
21/04/2030 11:00,0.504635762,0.504635762,0.504635762,0.504635762
21/04/2030 12:00,0.358940397,0.358940397,0.358940397,0.358940397
21/04/2030 13:00,0.537748344,0.537748344,0.537748344,0.537748344
21/04/2030 14:00,0.470198675,0.470198675,0.470198675,0.470198675
21/04/2030 15:00,0.524503311,0.524503311,0.524503311,0.524503311
21/04/2030 16:00,0.535099338,0.535099338,0.535099338,0.535099338
21/04/2030 17:00,0.442384106,0.442384106,0.442384106,0.442384106
21/04/2030 18:00,0.472847682,0.472847682,0.472847682,0.472847682
21/04/2030 19:00,0.42781457,0.42781457,0.42781457,0.42781457
21/04/2030 20:00,0.405298013,0.405298013,0.405298013,0.405298013
21/04/2030 21:00,0.445033113,0.445033113,0.445033113,0.445033113
21/04/2030 22:00,0.463576159,0.463576159,0.463576159,0.463576159
21/04/2030 23:00,0.358940397,0.358940397,0.358940397,0.358940397
22/04/2030 00:00,0.374834437,0.374834437,0.374834437,0.374834437
22/04/2030 01:00,0.401324503,0.401324503,0.401324503,0.401324503
22/04/2030 02:00,0.39205298,0.39205298,0.39205298,0.39205298
22/04/2030 03:00,0.422516556,0.422516556,0.422516556,0.422516556
22/04/2030 04:00,0.421192053,0.421192053,0.421192053,0.421192053
22/04/2030 05:00,0.41192053,0.41192053,0.41192053,0.41192053
22/04/2030 06:00,0.445033113,0.445033113,0.445033113,0.445033113
22/04/2030 07:00,0.517880795,0.517880795,0.517880795,0.517880795
22/04/2030 08:00,0.452980132,0.452980132,0.452980132,0.452980132
22/04/2030 09:00,0.476821192,0.476821192,0.476821192,0.476821192
22/04/2030 10:00,0.464900662,0.464900662,0.464900662,0.464900662
22/04/2030 11:00,0.456953642,0.456953642,0.456953642,0.456953642
22/04/2030 12:00,0.439735099,0.439735099,0.439735099,0.439735099
22/04/2030 13:00,0.455629139,0.455629139,0.455629139,0.455629139
22/04/2030 14:00,0.42781457,0.42781457,0.42781457,0.42781457
22/04/2030 15:00,0.458278146,0.458278146,0.458278146,0.458278146
22/04/2030 16:00,0.508609272,0.508609272,0.508609272,0.508609272
22/04/2030 17:00,0.435761589,0.435761589,0.435761589,0.435761589
22/04/2030 18:00,0.474172185,0.474172185,0.474172185,0.474172185
22/04/2030 19:00,0.429139073,0.429139073,0.429139073,0.429139073
22/04/2030 20:00,0.463576159,0.463576159,0.463576159,0.463576159
22/04/2030 21:00,0.59602649,0.59602649,0.59602649,0.59602649
22/04/2030 22:00,0.466225166,0.466225166,0.466225166,0.466225166
22/04/2030 23:00,0.377483444,0.377483444,0.377483444,0.377483444
23/04/2030 00:00,0.401324503,0.401324503,0.401324503,0.401324503
23/04/2030 01:00,0.437086093,0.437086093,0.437086093,0.437086093
23/04/2030 02:00,0.421192053,0.421192053,0.421192053,0.421192053
23/04/2030 03:00,0.430463576,0.430463576,0.430463576,0.430463576
23/04/2030 04:00,0.417218543,0.417218543,0.417218543,0.417218543
23/04/2030 05:00,0.393377483,0.393377483,0.393377483,0.393377483
23/04/2030 06:00,0.393377483,0.393377483,0.393377483,0.393377483
23/04/2030 07:00,0.38013245,0.38013245,0.38013245,0.38013245
23/04/2030 08:00,0.38807947,0.38807947,0.38807947,0.38807947
23/04/2030 09:00,0.42384106,0.42384106,0.42384106,0.42384106
23/04/2030 10:00,0.361589404,0.361589404,0.361589404,0.361589404
23/04/2030 11:00,0.418543046,0.418543046,0.418543046,0.418543046
23/04/2030 12:00,0.401324503,0.401324503,0.401324503,0.401324503
23/04/2030 13:00,0.520529801,0.520529801,0.520529801,0.520529801
23/04/2030 14:00,0.462251656,0.462251656,0.462251656,0.462251656
23/04/2030 15:00,0.456953642,0.456953642,0.456953642,0.456953642
23/04/2030 16:00,0.478145695,0.478145695,0.478145695,0.478145695
23/04/2030 17:00,0.483443709,0.483443709,0.483443709,0.483443709
23/04/2030 18:00,0.519205298,0.519205298,0.519205298,0.519205298
23/04/2030 19:00,0.471523179,0.471523179,0.471523179,0.471523179
23/04/2030 20:00,0.57218543,0.57218543,0.57218543,0.57218543
23/04/2030 21:00,0.558940397,0.558940397,0.558940397,0.558940397
23/04/2030 22:00,0.490066225,0.490066225,0.490066225,0.490066225
23/04/2030 23:00,0.435761589,0.435761589,0.435761589,0.435761589
24/04/2030 00:00,0.443708609,0.443708609,0.443708609,0.443708609
24/04/2030 01:00,0.449006623,0.449006623,0.449006623,0.449006623
24/04/2030 02:00,0.434437086,0.434437086,0.434437086,0.434437086
24/04/2030 03:00,0.430463576,0.430463576,0.430463576,0.430463576
24/04/2030 04:00,0.41589404,0.41589404,0.41589404,0.41589404
24/04/2030 05:00,0.42781457,0.42781457,0.42781457,0.42781457
24/04/2030 06:00,0.41986755,0.41986755,0.41986755,0.41986755
24/04/2030 07:00,0.456953642,0.456953642,0.456953642,0.456953642
24/04/2030 08:00,0.492715232,0.492715232,0.492715232,0.492715232
24/04/2030 09:00,0.38013245,0.38013245,0.38013245,0.38013245
24/04/2030 10:00,0.425165563,0.425165563,0.425165563,0.425165563
24/04/2030 11:00,0.406622517,0.406622517,0.406622517,0.406622517
24/04/2030 12:00,0.394701987,0.394701987,0.394701987,0.394701987
24/04/2030 13:00,0.402649007,0.402649007,0.402649007,0.402649007
24/04/2030 14:00,0.425165563,0.425165563,0.425165563,0.425165563
24/04/2030 15:00,0.430463576,0.430463576,0.430463576,0.430463576
24/04/2030 16:00,0.418543046,0.418543046,0.418543046,0.418543046
24/04/2030 17:00,0.434437086,0.434437086,0.434437086,0.434437086
24/04/2030 18:00,0.480794702,0.480794702,0.480794702,0.480794702
24/04/2030 19:00,0.39602649,0.39602649,0.39602649,0.39602649
24/04/2030 20:00,0.474172185,0.474172185,0.474172185,0.474172185
24/04/2030 21:00,0.418543046,0.418543046,0.418543046,0.418543046
24/04/2030 22:00,0.41986755,0.41986755,0.41986755,0.41986755
24/04/2030 23:00,0.41192053,0.41192053,0.41192053,0.41192053
25/04/2030 00:00,0.402649007,0.402649007,0.402649007,0.402649007
25/04/2030 01:00,0.425165563,0.425165563,0.425165563,0.425165563
25/04/2030 02:00,0.41589404,0.41589404,0.41589404,0.41589404
25/04/2030 03:00,0.439735099,0.439735099,0.439735099,0.439735099
25/04/2030 04:00,0.437086093,0.437086093,0.437086093,0.437086093
25/04/2030 05:00,0.430463576,0.430463576,0.430463576,0.430463576
25/04/2030 06:00,0.503311258,0.503311258,0.503311258,0.503311258
25/04/2030 07:00,0.535099338,0.535099338,0.535099338,0.535099338
25/04/2030 08:00,0.539072848,0.539072848,0.539072848,0.539072848
25/04/2030 09:00,0.507284768,0.507284768,0.507284768,0.507284768
25/04/2030 10:00,0.478145695,0.478145695,0.478145695,0.478145695
25/04/2030 11:00,0.508609272,0.508609272,0.508609272,0.508609272
25/04/2030 12:00,0.558940397,0.558940397,0.558940397,0.558940397
25/04/2030 13:00,0.814569536,0.814569536,0.814569536,0.814569536
25/04/2030 14:00,0.81986755,0.81986755,0.81986755,0.81986755
25/04/2030 15:00,0.729801325,0.729801325,0.729801325,0.729801325
25/04/2030 16:00,0.768211921,0.768211921,0.768211921,0.768211921
25/04/2030 17:00,0.723178808,0.723178808,0.723178808,0.723178808
25/04/2030 18:00,0.728476821,0.728476821,0.728476821,0.728476821
25/04/2030 19:00,0.748344371,0.748344371,0.748344371,0.748344371
25/04/2030 20:00,0.724503311,0.724503311,0.724503311,0.724503311
25/04/2030 21:00,0.62384106,0.62384106,0.62384106,0.62384106
25/04/2030 22:00,0.639735099,0.639735099,0.639735099,0.639735099
25/04/2030 23:00,0.660927152,0.660927152,0.660927152,0.660927152
26/04/2030 00:00,0.524503311,0.524503311,0.524503311,0.524503311
26/04/2030 01:00,0.626490066,0.626490066,0.626490066,0.626490066
26/04/2030 02:00,0.597350993,0.597350993,0.597350993,0.597350993
26/04/2030 03:00,0.593377483,0.593377483,0.593377483,0.593377483
26/04/2030 04:00,0.565562914,0.565562914,0.565562914,0.565562914
26/04/2030 05:00,0.535099338,0.535099338,0.535099338,0.535099338
26/04/2030 06:00,0.550993377,0.550993377,0.550993377,0.550993377
26/04/2030 07:00,0.586754967,0.586754967,0.586754967,0.586754967
26/04/2030 08:00,0.680794702,0.680794702,0.680794702,0.680794702
26/04/2030 09:00,0.509933775,0.509933775,0.509933775,0.509933775
26/04/2030 10:00,0.638410596,0.638410596,0.638410596,0.638410596
26/04/2030 11:00,0.698013245,0.698013245,0.698013245,0.698013245
26/04/2030 12:00,0.647682119,0.647682119,0.647682119,0.647682119
26/04/2030 13:00,0.764238411,0.764238411,0.764238411,0.764238411
26/04/2030 14:00,0.793377483,0.793377483,0.793377483,0.793377483
26/04/2030 15:00,0.723178808,0.723178808,0.723178808,0.723178808
26/04/2030 16:00,0.753642384,0.753642384,0.753642384,0.753642384
26/04/2030 17:00,0.682119205,0.682119205,0.682119205,0.682119205
26/04/2030 18:00,0.766887417,0.766887417,0.766887417,0.766887417
26/04/2030 19:00,0.82384106,0.82384106,0.82384106,0.82384106
26/04/2030 20:00,0.739072848,0.739072848,0.739072848,0.739072848
26/04/2030 21:00,0.605298013,0.605298013,0.605298013,0.605298013
26/04/2030 22:00,0.650331126,0.650331126,0.650331126,0.650331126
26/04/2030 23:00,0.602649007,0.602649007,0.602649007,0.602649007
27/04/2030 00:00,0.61589404,0.61589404,0.61589404,0.61589404
27/04/2030 01:00,0.647682119,0.647682119,0.647682119,0.647682119
27/04/2030 02:00,0.646357616,0.646357616,0.646357616,0.646357616
27/04/2030 03:00,0.62384106,0.62384106,0.62384106,0.62384106
27/04/2030 04:00,0.61986755,0.61986755,0.61986755,0.61986755
27/04/2030 05:00,0.639735099,0.639735099,0.639735099,0.639735099
27/04/2030 06:00,0.629139073,0.629139073,0.629139073,0.629139073
27/04/2030 07:00,0.758940397,0.758940397,0.758940397,0.758940397
27/04/2030 08:00,0.797350993,0.797350993,0.797350993,0.797350993
27/04/2030 09:00,0.725827815,0.725827815,0.725827815,0.725827815
27/04/2030 10:00,0.662251656,0.662251656,0.662251656,0.662251656
27/04/2030 11:00,0.637086093,0.637086093,0.637086093,0.637086093
27/04/2030 12:00,0.688741722,0.688741722,0.688741722,0.688741722
27/04/2030 13:00,0.798675497,0.798675497,0.798675497,0.798675497
27/04/2030 14:00,0.724503311,0.724503311,0.724503311,0.724503311
27/04/2030 15:00,0.666225166,0.666225166,0.666225166,0.666225166
27/04/2030 16:00,0.737748344,0.737748344,0.737748344,0.737748344
27/04/2030 17:00,0.687417219,0.687417219,0.687417219,0.687417219
27/04/2030 18:00,0.660927152,0.660927152,0.660927152,0.660927152
27/04/2030 19:00,0.645033113,0.645033113,0.645033113,0.645033113
27/04/2030 20:00,0.536423841,0.536423841,0.536423841,0.536423841
27/04/2030 21:00,0.618543046,0.618543046,0.618543046,0.618543046
27/04/2030 22:00,0.635761589,0.635761589,0.635761589,0.635761589
27/04/2030 23:00,0.62781457,0.62781457,0.62781457,0.62781457
28/04/2030 00:00,0.589403974,0.589403974,0.589403974,0.589403974
28/04/2030 01:00,0.61986755,0.61986755,0.61986755,0.61986755
28/04/2030 02:00,0.650331126,0.650331126,0.650331126,0.650331126
28/04/2030 03:00,0.637086093,0.637086093,0.637086093,0.637086093
28/04/2030 04:00,0.675496689,0.675496689,0.675496689,0.675496689
28/04/2030 05:00,0.679470199,0.679470199,0.679470199,0.679470199
28/04/2030 06:00,0.674172185,0.674172185,0.674172185,0.674172185
28/04/2030 07:00,0.668874172,0.668874172,0.668874172,0.668874172
28/04/2030 08:00,0.686092715,0.686092715,0.686092715,0.686092715
28/04/2030 09:00,0.696688742,0.696688742,0.696688742,0.696688742
28/04/2030 10:00,0.716556291,0.716556291,0.716556291,0.716556291
28/04/2030 11:00,0.652980132,0.652980132,0.652980132,0.652980132
28/04/2030 12:00,0.577483444,0.577483444,0.577483444,0.577483444
28/04/2030 13:00,0.753642384,0.753642384,0.753642384,0.753642384
28/04/2030 14:00,0.716556291,0.716556291,0.716556291,0.716556291
28/04/2030 15:00,0.696688742,0.696688742,0.696688742,0.696688742
28/04/2030 16:00,0.756291391,0.756291391,0.756291391,0.756291391
28/04/2030 17:00,0.650331126,0.650331126,0.650331126,0.650331126
28/04/2030 18:00,0.721854305,0.721854305,0.721854305,0.721854305
28/04/2030 19:00,0.699337748,0.699337748,0.699337748,0.699337748
28/04/2030 20:00,0.664900662,0.664900662,0.664900662,0.664900662
28/04/2030 21:00,0.631788079,0.631788079,0.631788079,0.631788079
28/04/2030 22:00,0.663576159,0.663576159,0.663576159,0.663576159
28/04/2030 23:00,0.678145695,0.678145695,0.678145695,0.678145695
29/04/2030 00:00,0.635761589,0.635761589,0.635761589,0.635761589
29/04/2030 01:00,0.573509934,0.573509934,0.573509934,0.573509934
29/04/2030 02:00,0.666225166,0.666225166,0.666225166,0.666225166
29/04/2030 03:00,0.666225166,0.666225166,0.666225166,0.666225166
29/04/2030 04:00,0.687417219,0.687417219,0.687417219,0.687417219
29/04/2030 05:00,0.688741722,0.688741722,0.688741722,0.688741722
29/04/2030 06:00,0.79205298,0.79205298,0.79205298,0.79205298
29/04/2030 07:00,0.919205298,0.919205298,0.919205298,0.919205298
29/04/2030 08:00,0.676821192,0.676821192,0.676821192,0.676821192
29/04/2030 09:00,0.639735099,0.639735099,0.639735099,0.639735099
29/04/2030 10:00,0.637086093,0.637086093,0.637086093,0.637086093
29/04/2030 11:00,0.613245033,0.613245033,0.613245033,0.613245033
29/04/2030 12:00,0.638410596,0.638410596,0.638410596,0.638410596
29/04/2030 13:00,0.692715232,0.692715232,0.692715232,0.692715232
29/04/2030 14:00,0.660927152,0.660927152,0.660927152,0.660927152
29/04/2030 15:00,0.659602649,0.659602649,0.659602649,0.659602649
29/04/2030 16:00,0.655629139,0.655629139,0.655629139,0.655629139
29/04/2030 17:00,0.58013245,0.58013245,0.58013245,0.58013245
29/04/2030 18:00,0.625165563,0.625165563,0.625165563,0.625165563
29/04/2030 19:00,0.645033113,0.645033113,0.645033113,0.645033113
29/04/2030 20:00,0.639735099,0.639735099,0.639735099,0.639735099
29/04/2030 21:00,0.670198675,0.670198675,0.670198675,0.670198675
29/04/2030 22:00,0.60794702,0.60794702,0.60794702,0.60794702
29/04/2030 23:00,0.463576159,0.463576159,0.463576159,0.463576159
30/04/2030 00:00,0.450331126,0.450331126,0.450331126,0.450331126
30/04/2030 01:00,0.429139073,0.429139073,0.429139073,0.429139073
30/04/2030 02:00,0.335099338,0.335099338,0.335099338,0.335099338
30/04/2030 03:00,0.431788079,0.431788079,0.431788079,0.431788079
30/04/2030 04:00,0.40794702,0.40794702,0.40794702,0.40794702
30/04/2030 05:00,0.455629139,0.455629139,0.455629139,0.455629139
30/04/2030 06:00,0.451655629,0.451655629,0.451655629,0.451655629
30/04/2030 07:00,0.483443709,0.483443709,0.483443709,0.483443709
30/04/2030 08:00,0.521854305,0.521854305,0.521854305,0.521854305
30/04/2030 09:00,0.513907285,0.513907285,0.513907285,0.513907285
30/04/2030 10:00,0.39602649,0.39602649,0.39602649,0.39602649
30/04/2030 11:00,0.40397351,0.40397351,0.40397351,0.40397351
30/04/2030 12:00,0.296688742,0.296688742,0.296688742,0.296688742
30/04/2030 13:00,0.475496689,0.475496689,0.475496689,0.475496689
30/04/2030 14:00,0.446357616,0.446357616,0.446357616,0.446357616
30/04/2030 15:00,0.437086093,0.437086093,0.437086093,0.437086093
30/04/2030 16:00,0.438410596,0.438410596,0.438410596,0.438410596
30/04/2030 17:00,0.466225166,0.466225166,0.466225166,0.466225166
30/04/2030 18:00,0.487417219,0.487417219,0.487417219,0.487417219
30/04/2030 19:00,0.40794702,0.40794702,0.40794702,0.40794702
30/04/2030 20:00,0.433112583,0.433112583,0.433112583,0.433112583
30/04/2030 21:00,0.405298013,0.405298013,0.405298013,0.405298013
30/04/2030 22:00,0.438410596,0.438410596,0.438410596,0.438410596
30/04/2030 23:00,0.447682119,0.447682119,0.447682119,0.447682119
01/05/2030 00:00,0.453333333,0.453333333,0.453333333,0.453333333
01/05/2030 01:00,0.474666667,0.474666667,0.474666667,0.474666667
01/05/2030 02:00,0.457333333,0.457333333,0.457333333,0.457333333
01/05/2030 03:00,0.488,0.488,0.488,0.488
01/05/2030 04:00,0.472,0.472,0.472,0.472
01/05/2030 05:00,0.490666667,0.490666667,0.490666667,0.490666667
01/05/2030 06:00,0.48,0.48,0.48,0.48
01/05/2030 07:00,0.484,0.484,0.484,0.484
01/05/2030 08:00,0.424,0.424,0.424,0.424
01/05/2030 09:00,0.449333333,0.449333333,0.449333333,0.449333333
01/05/2030 10:00,0.436,0.436,0.436,0.436
01/05/2030 11:00,0.449333333,0.449333333,0.449333333,0.449333333
01/05/2030 12:00,0.446666667,0.446666667,0.446666667,0.446666667
01/05/2030 13:00,0.462666667,0.462666667,0.462666667,0.462666667
01/05/2030 14:00,0.466666667,0.466666667,0.466666667,0.466666667
01/05/2030 15:00,0.422666667,0.422666667,0.422666667,0.422666667
01/05/2030 16:00,0.534666667,0.534666667,0.534666667,0.534666667
01/05/2030 17:00,0.456,0.456,0.456,0.456
01/05/2030 18:00,0.42,0.42,0.42,0.42
01/05/2030 19:00,0.402666667,0.402666667,0.402666667,0.402666667
01/05/2030 20:00,0.378666667,0.378666667,0.378666667,0.378666667
01/05/2030 21:00,0.409333333,0.409333333,0.409333333,0.409333333
01/05/2030 22:00,0.390666667,0.390666667,0.390666667,0.390666667
01/05/2030 23:00,0.396,0.396,0.396,0.396
02/05/2030 00:00,0.368,0.368,0.368,0.368
02/05/2030 01:00,0.442666667,0.442666667,0.442666667,0.442666667
02/05/2030 02:00,0.452,0.452,0.452,0.452
02/05/2030 03:00,0.498666667,0.498666667,0.498666667,0.498666667
02/05/2030 04:00,0.510666667,0.510666667,0.510666667,0.510666667
02/05/2030 05:00,0.512,0.512,0.512,0.512
02/05/2030 06:00,0.497333333,0.497333333,0.497333333,0.497333333
02/05/2030 07:00,0.481333333,0.481333333,0.481333333,0.481333333
02/05/2030 08:00,0.490666667,0.490666667,0.490666667,0.490666667
02/05/2030 09:00,0.468,0.468,0.468,0.468
02/05/2030 10:00,0.490666667,0.490666667,0.490666667,0.490666667
02/05/2030 11:00,0.538666667,0.538666667,0.538666667,0.538666667
02/05/2030 12:00,0.542666667,0.542666667,0.542666667,0.542666667
02/05/2030 13:00,0.569333333,0.569333333,0.569333333,0.569333333
02/05/2030 14:00,0.56,0.56,0.56,0.56
02/05/2030 15:00,0.518666667,0.518666667,0.518666667,0.518666667
02/05/2030 16:00,0.593333333,0.593333333,0.593333333,0.593333333
02/05/2030 17:00,0.557333333,0.557333333,0.557333333,0.557333333
02/05/2030 18:00,0.466666667,0.466666667,0.466666667,0.466666667
02/05/2030 19:00,0.470666667,0.470666667,0.470666667,0.470666667
02/05/2030 20:00,0.478666667,0.478666667,0.478666667,0.478666667
02/05/2030 21:00,0.505333333,0.505333333,0.505333333,0.505333333
02/05/2030 22:00,0.484,0.484,0.484,0.484
02/05/2030 23:00,0.457333333,0.457333333,0.457333333,0.457333333
03/05/2030 00:00,0.408,0.408,0.408,0.408
03/05/2030 01:00,0.548,0.548,0.548,0.548
03/05/2030 02:00,0.537333333,0.537333333,0.537333333,0.537333333
03/05/2030 03:00,0.546666667,0.546666667,0.546666667,0.546666667
03/05/2030 04:00,0.516,0.516,0.516,0.516
03/05/2030 05:00,0.533333333,0.533333333,0.533333333,0.533333333
03/05/2030 06:00,0.698666667,0.698666667,0.698666667,0.698666667
03/05/2030 07:00,0.541333333,0.541333333,0.541333333,0.541333333
03/05/2030 08:00,0.618666667,0.618666667,0.618666667,0.618666667
03/05/2030 09:00,0.521333333,0.521333333,0.521333333,0.521333333
03/05/2030 10:00,0.485333333,0.485333333,0.485333333,0.485333333
03/05/2030 11:00,0.553333333,0.553333333,0.553333333,0.553333333
03/05/2030 12:00,0.488,0.488,0.488,0.488
03/05/2030 13:00,0.670666667,0.670666667,0.670666667,0.670666667
03/05/2030 14:00,0.572,0.572,0.572,0.572
03/05/2030 15:00,0.544,0.544,0.544,0.544
03/05/2030 16:00,0.546666667,0.546666667,0.546666667,0.546666667
03/05/2030 17:00,0.589333333,0.589333333,0.589333333,0.589333333
03/05/2030 18:00,0.488,0.488,0.488,0.488
03/05/2030 19:00,0.56,0.56,0.56,0.56
03/05/2030 20:00,0.481333333,0.481333333,0.481333333,0.481333333
03/05/2030 21:00,0.489333333,0.489333333,0.489333333,0.489333333
03/05/2030 22:00,0.524,0.524,0.524,0.524
03/05/2030 23:00,0.436,0.436,0.436,0.436
04/05/2030 00:00,0.453333333,0.453333333,0.453333333,0.453333333
04/05/2030 01:00,0.516,0.516,0.516,0.516
04/05/2030 02:00,0.504,0.504,0.504,0.504
04/05/2030 03:00,0.473333333,0.473333333,0.473333333,0.473333333
04/05/2030 04:00,0.506666667,0.506666667,0.506666667,0.506666667
04/05/2030 05:00,0.516,0.516,0.516,0.516
04/05/2030 06:00,0.637333333,0.637333333,0.637333333,0.637333333
04/05/2030 07:00,0.552,0.552,0.552,0.552
04/05/2030 08:00,0.638666667,0.638666667,0.638666667,0.638666667
04/05/2030 09:00,0.492,0.492,0.492,0.492
04/05/2030 10:00,0.601333333,0.601333333,0.601333333,0.601333333
04/05/2030 11:00,0.541333333,0.541333333,0.541333333,0.541333333
04/05/2030 12:00,0.534666667,0.534666667,0.534666667,0.534666667
04/05/2030 13:00,0.556,0.556,0.556,0.556
04/05/2030 14:00,0.553333333,0.553333333,0.553333333,0.553333333
04/05/2030 15:00,0.548,0.548,0.548,0.548
04/05/2030 16:00,0.618666667,0.618666667,0.618666667,0.618666667
04/05/2030 17:00,0.562666667,0.562666667,0.562666667,0.562666667
04/05/2030 18:00,0.614666667,0.614666667,0.614666667,0.614666667
04/05/2030 19:00,0.545333333,0.545333333,0.545333333,0.545333333
04/05/2030 20:00,0.604,0.604,0.604,0.604
04/05/2030 21:00,0.561333333,0.561333333,0.561333333,0.561333333
04/05/2030 22:00,0.530666667,0.530666667,0.530666667,0.530666667
04/05/2030 23:00,0.526666667,0.526666667,0.526666667,0.526666667
05/05/2030 00:00,0.584,0.584,0.584,0.584
05/05/2030 01:00,0.581333333,0.581333333,0.581333333,0.581333333
05/05/2030 02:00,0.562666667,0.562666667,0.562666667,0.562666667
05/05/2030 03:00,0.536,0.536,0.536,0.536
05/05/2030 04:00,0.606666667,0.606666667,0.606666667,0.606666667
05/05/2030 05:00,0.590666667,0.590666667,0.590666667,0.590666667
05/05/2030 06:00,0.562666667,0.562666667,0.562666667,0.562666667
05/05/2030 07:00,0.556,0.556,0.556,0.556
05/05/2030 08:00,0.574666667,0.574666667,0.574666667,0.574666667
05/05/2030 09:00,0.598666667,0.598666667,0.598666667,0.598666667
05/05/2030 10:00,0.616,0.616,0.616,0.616
05/05/2030 11:00,0.624,0.624,0.624,0.624
05/05/2030 12:00,0.609333333,0.609333333,0.609333333,0.609333333
05/05/2030 13:00,0.552,0.552,0.552,0.552
05/05/2030 14:00,0.596,0.596,0.596,0.596
05/05/2030 15:00,0.586666667,0.586666667,0.586666667,0.586666667
05/05/2030 16:00,0.606666667,0.606666667,0.606666667,0.606666667
05/05/2030 17:00,0.638666667,0.638666667,0.638666667,0.638666667
05/05/2030 18:00,0.556,0.556,0.556,0.556
05/05/2030 19:00,0.561333333,0.561333333,0.561333333,0.561333333
05/05/2030 20:00,0.526666667,0.526666667,0.526666667,0.526666667
05/05/2030 21:00,0.522666667,0.522666667,0.522666667,0.522666667
05/05/2030 22:00,0.497333333,0.497333333,0.497333333,0.497333333
05/05/2030 23:00,0.462666667,0.462666667,0.462666667,0.462666667
06/05/2030 00:00,0.458666667,0.458666667,0.458666667,0.458666667
06/05/2030 01:00,0.476,0.476,0.476,0.476
06/05/2030 02:00,0.466666667,0.466666667,0.466666667,0.466666667
06/05/2030 03:00,0.477333333,0.477333333,0.477333333,0.477333333
06/05/2030 04:00,0.484,0.484,0.484,0.484
06/05/2030 05:00,0.488,0.488,0.488,0.488
06/05/2030 06:00,0.473333333,0.473333333,0.473333333,0.473333333
06/05/2030 07:00,0.501333333,0.501333333,0.501333333,0.501333333
06/05/2030 08:00,0.486666667,0.486666667,0.486666667,0.486666667
06/05/2030 09:00,0.453333333,0.453333333,0.453333333,0.453333333
06/05/2030 10:00,0.489333333,0.489333333,0.489333333,0.489333333
06/05/2030 11:00,0.48,0.48,0.48,0.48
06/05/2030 12:00,0.522666667,0.522666667,0.522666667,0.522666667
06/05/2030 13:00,0.484,0.484,0.484,0.484
06/05/2030 14:00,0.488,0.488,0.488,0.488
06/05/2030 15:00,0.525333333,0.525333333,0.525333333,0.525333333
06/05/2030 16:00,0.5,0.5,0.5,0.5
06/05/2030 17:00,0.52,0.52,0.52,0.52
06/05/2030 18:00,0.536,0.536,0.536,0.536
06/05/2030 19:00,0.537333333,0.537333333,0.537333333,0.537333333
06/05/2030 20:00,0.566666667,0.566666667,0.566666667,0.566666667
06/05/2030 21:00,0.465333333,0.465333333,0.465333333,0.465333333
06/05/2030 22:00,0.48,0.48,0.48,0.48
06/05/2030 23:00,0.466666667,0.466666667,0.466666667,0.466666667
07/05/2030 00:00,0.406666667,0.406666667,0.406666667,0.406666667
07/05/2030 01:00,0.437333333,0.437333333,0.437333333,0.437333333
07/05/2030 02:00,0.449333333,0.449333333,0.449333333,0.449333333
07/05/2030 03:00,0.457333333,0.457333333,0.457333333,0.457333333
07/05/2030 04:00,0.434666667,0.434666667,0.434666667,0.434666667
07/05/2030 05:00,0.46,0.46,0.46,0.46
07/05/2030 06:00,0.436,0.436,0.436,0.436
07/05/2030 07:00,0.430666667,0.430666667,0.430666667,0.430666667
07/05/2030 08:00,0.44,0.44,0.44,0.44
07/05/2030 09:00,0.454666667,0.454666667,0.454666667,0.454666667
07/05/2030 10:00,0.413333333,0.413333333,0.413333333,0.413333333
07/05/2030 11:00,0.446666667,0.446666667,0.446666667,0.446666667
07/05/2030 12:00,0.42,0.42,0.42,0.42
07/05/2030 13:00,0.469333333,0.469333333,0.469333333,0.469333333
07/05/2030 14:00,0.410666667,0.410666667,0.410666667,0.410666667
07/05/2030 15:00,0.482666667,0.482666667,0.482666667,0.482666667
07/05/2030 16:00,0.448,0.448,0.448,0.448
07/05/2030 17:00,0.394666667,0.394666667,0.394666667,0.394666667
07/05/2030 18:00,0.48,0.48,0.48,0.48
07/05/2030 19:00,0.410666667,0.410666667,0.410666667,0.410666667
07/05/2030 20:00,0.412,0.412,0.412,0.412
07/05/2030 21:00,0.408,0.408,0.408,0.408
07/05/2030 22:00,0.406666667,0.406666667,0.406666667,0.406666667
07/05/2030 23:00,0.409333333,0.409333333,0.409333333,0.409333333
08/05/2030 00:00,0.426666667,0.426666667,0.426666667,0.426666667
08/05/2030 01:00,0.446666667,0.446666667,0.446666667,0.446666667
08/05/2030 02:00,0.442666667,0.442666667,0.442666667,0.442666667
08/05/2030 03:00,0.425333333,0.425333333,0.425333333,0.425333333
08/05/2030 04:00,0.424,0.424,0.424,0.424
08/05/2030 05:00,0.441333333,0.441333333,0.441333333,0.441333333
08/05/2030 06:00,0.453333333,0.453333333,0.453333333,0.453333333
08/05/2030 07:00,0.46,0.46,0.46,0.46
08/05/2030 08:00,0.433333333,0.433333333,0.433333333,0.433333333
08/05/2030 09:00,0.429333333,0.429333333,0.429333333,0.429333333
08/05/2030 10:00,0.381333333,0.381333333,0.381333333,0.381333333
08/05/2030 11:00,0.414666667,0.414666667,0.414666667,0.414666667
08/05/2030 12:00,0.393333333,0.393333333,0.393333333,0.393333333
08/05/2030 13:00,0.4,0.4,0.4,0.4
08/05/2030 14:00,0.441333333,0.441333333,0.441333333,0.441333333
08/05/2030 15:00,0.469333333,0.469333333,0.469333333,0.469333333
08/05/2030 16:00,0.492,0.492,0.492,0.492
08/05/2030 17:00,0.42,0.42,0.42,0.42
08/05/2030 18:00,0.428,0.428,0.428,0.428
08/05/2030 19:00,0.453333333,0.453333333,0.453333333,0.453333333
08/05/2030 20:00,0.469333333,0.469333333,0.469333333,0.469333333
08/05/2030 21:00,0.476,0.476,0.476,0.476
08/05/2030 22:00,0.504,0.504,0.504,0.504
08/05/2030 23:00,0.468,0.468,0.468,0.468
09/05/2030 00:00,0.446666667,0.446666667,0.446666667,0.446666667
09/05/2030 01:00,0.468,0.468,0.468,0.468
09/05/2030 02:00,0.461333333,0.461333333,0.461333333,0.461333333
09/05/2030 03:00,0.473333333,0.473333333,0.473333333,0.473333333
09/05/2030 04:00,0.48,0.48,0.48,0.48
09/05/2030 05:00,0.470666667,0.470666667,0.470666667,0.470666667
09/05/2030 06:00,0.462666667,0.462666667,0.462666667,0.462666667
09/05/2030 07:00,0.450666667,0.450666667,0.450666667,0.450666667
09/05/2030 08:00,0.429333333,0.429333333,0.429333333,0.429333333
09/05/2030 09:00,0.468,0.468,0.468,0.468
09/05/2030 10:00,0.489333333,0.489333333,0.489333333,0.489333333
09/05/2030 11:00,0.510666667,0.510666667,0.510666667,0.510666667
09/05/2030 12:00,0.493333333,0.493333333,0.493333333,0.493333333
09/05/2030 13:00,0.496,0.496,0.496,0.496
09/05/2030 14:00,0.52,0.52,0.52,0.52
09/05/2030 15:00,0.546666667,0.546666667,0.546666667,0.546666667
09/05/2030 16:00,0.578666667,0.578666667,0.578666667,0.578666667
09/05/2030 17:00,0.582666667,0.582666667,0.582666667,0.582666667
09/05/2030 18:00,0.56,0.56,0.56,0.56
09/05/2030 19:00,0.54,0.54,0.54,0.54
09/05/2030 20:00,0.46,0.46,0.46,0.46
09/05/2030 21:00,0.476,0.476,0.476,0.476
09/05/2030 22:00,0.468,0.468,0.468,0.468
09/05/2030 23:00,0.46,0.46,0.46,0.46
10/05/2030 00:00,0.469333333,0.469333333,0.469333333,0.469333333
10/05/2030 01:00,0.44,0.44,0.44,0.44
10/05/2030 02:00,0.442666667,0.442666667,0.442666667,0.442666667
10/05/2030 03:00,0.434666667,0.434666667,0.434666667,0.434666667
10/05/2030 04:00,0.450666667,0.450666667,0.450666667,0.450666667
10/05/2030 05:00,0.456,0.456,0.456,0.456
10/05/2030 06:00,0.509333333,0.509333333,0.509333333,0.509333333
10/05/2030 07:00,0.462666667,0.462666667,0.462666667,0.462666667
10/05/2030 08:00,0.410666667,0.410666667,0.410666667,0.410666667
10/05/2030 09:00,0.438666667,0.438666667,0.438666667,0.438666667
10/05/2030 10:00,0.457333333,0.457333333,0.457333333,0.457333333
10/05/2030 11:00,0.481333333,0.481333333,0.481333333,0.481333333
10/05/2030 12:00,0.501333333,0.501333333,0.501333333,0.501333333
10/05/2030 13:00,0.508,0.508,0.508,0.508
10/05/2030 14:00,0.552,0.552,0.552,0.552
10/05/2030 15:00,0.569333333,0.569333333,0.569333333,0.569333333
10/05/2030 16:00,0.474666667,0.474666667,0.474666667,0.474666667
10/05/2030 17:00,0.448,0.448,0.448,0.448
10/05/2030 18:00,0.488,0.488,0.488,0.488
10/05/2030 19:00,0.506666667,0.506666667,0.506666667,0.506666667
10/05/2030 20:00,0.484,0.484,0.484,0.484
10/05/2030 21:00,0.446666667,0.446666667,0.446666667,0.446666667
10/05/2030 22:00,0.461333333,0.461333333,0.461333333,0.461333333
10/05/2030 23:00,0.518666667,0.518666667,0.518666667,0.518666667
11/05/2030 00:00,0.44,0.44,0.44,0.44
11/05/2030 01:00,0.428,0.428,0.428,0.428
11/05/2030 02:00,0.457333333,0.457333333,0.457333333,0.457333333
11/05/2030 03:00,0.444,0.444,0.444,0.444
11/05/2030 04:00,0.442666667,0.442666667,0.442666667,0.442666667
11/05/2030 05:00,0.424,0.424,0.424,0.424
11/05/2030 06:00,0.457333333,0.457333333,0.457333333,0.457333333
11/05/2030 07:00,0.429333333,0.429333333,0.429333333,0.429333333
11/05/2030 08:00,0.418666667,0.418666667,0.418666667,0.418666667
11/05/2030 09:00,0.433333333,0.433333333,0.433333333,0.433333333
11/05/2030 10:00,0.533333333,0.533333333,0.533333333,0.533333333
11/05/2030 11:00,0.526666667,0.526666667,0.526666667,0.526666667
11/05/2030 12:00,0.510666667,0.510666667,0.510666667,0.510666667
11/05/2030 13:00,0.496,0.496,0.496,0.496
11/05/2030 14:00,0.533333333,0.533333333,0.533333333,0.533333333
11/05/2030 15:00,0.514666667,0.514666667,0.514666667,0.514666667
11/05/2030 16:00,0.532,0.532,0.532,0.532
11/05/2030 17:00,0.54,0.54,0.54,0.54
11/05/2030 18:00,0.524,0.524,0.524,0.524
11/05/2030 19:00,0.54,0.54,0.54,0.54
11/05/2030 20:00,0.564,0.564,0.564,0.564
11/05/2030 21:00,0.526666667,0.526666667,0.526666667,0.526666667
11/05/2030 22:00,0.492,0.492,0.492,0.492
11/05/2030 23:00,0.522666667,0.522666667,0.522666667,0.522666667
12/05/2030 00:00,0.502666667,0.502666667,0.502666667,0.502666667
12/05/2030 01:00,0.490666667,0.490666667,0.490666667,0.490666667
12/05/2030 02:00,0.556,0.556,0.556,0.556
12/05/2030 03:00,0.52,0.52,0.52,0.52
12/05/2030 04:00,0.498666667,0.498666667,0.498666667,0.498666667
12/05/2030 05:00,0.510666667,0.510666667,0.510666667,0.510666667
12/05/2030 06:00,0.525333333,0.525333333,0.525333333,0.525333333
12/05/2030 07:00,0.521333333,0.521333333,0.521333333,0.521333333
12/05/2030 08:00,0.493333333,0.493333333,0.493333333,0.493333333
12/05/2030 09:00,0.490666667,0.490666667,0.490666667,0.490666667
12/05/2030 10:00,0.544,0.544,0.544,0.544
12/05/2030 11:00,0.533333333,0.533333333,0.533333333,0.533333333
12/05/2030 12:00,0.549333333,0.549333333,0.549333333,0.549333333
12/05/2030 13:00,0.528,0.528,0.528,0.528
12/05/2030 14:00,0.525333333,0.525333333,0.525333333,0.525333333
12/05/2030 15:00,0.594666667,0.594666667,0.594666667,0.594666667
12/05/2030 16:00,0.594666667,0.594666667,0.594666667,0.594666667
12/05/2030 17:00,0.561333333,0.561333333,0.561333333,0.561333333
12/05/2030 18:00,0.532,0.532,0.532,0.532
12/05/2030 19:00,0.501333333,0.501333333,0.501333333,0.501333333
12/05/2030 20:00,0.517333333,0.517333333,0.517333333,0.517333333
12/05/2030 21:00,0.48,0.48,0.48,0.48
12/05/2030 22:00,0.482666667,0.482666667,0.482666667,0.482666667
12/05/2030 23:00,0.528,0.528,0.528,0.528
13/05/2030 00:00,0.493333333,0.493333333,0.493333333,0.493333333
13/05/2030 01:00,0.513333333,0.513333333,0.513333333,0.513333333
13/05/2030 02:00,0.516,0.516,0.516,0.516
13/05/2030 03:00,0.464,0.464,0.464,0.464
13/05/2030 04:00,0.464,0.464,0.464,0.464
13/05/2030 05:00,0.514666667,0.514666667,0.514666667,0.514666667
13/05/2030 06:00,0.466666667,0.466666667,0.466666667,0.466666667
13/05/2030 07:00,0.466666667,0.466666667,0.466666667,0.466666667
13/05/2030 08:00,0.444,0.444,0.444,0.444
13/05/2030 09:00,0.492,0.492,0.492,0.492
13/05/2030 10:00,0.486666667,0.486666667,0.486666667,0.486666667
13/05/2030 11:00,0.492,0.492,0.492,0.492
13/05/2030 12:00,0.508,0.508,0.508,0.508
13/05/2030 13:00,0.510666667,0.510666667,0.510666667,0.510666667
13/05/2030 14:00,0.512,0.512,0.512,0.512
13/05/2030 15:00,0.564,0.564,0.564,0.564
13/05/2030 16:00,0.586666667,0.586666667,0.586666667,0.586666667
13/05/2030 17:00,0.544,0.544,0.544,0.544
13/05/2030 18:00,0.526666667,0.526666667,0.526666667,0.526666667
13/05/2030 19:00,0.506666667,0.506666667,0.506666667,0.506666667
13/05/2030 20:00,0.493333333,0.493333333,0.493333333,0.493333333
13/05/2030 21:00,0.502666667,0.502666667,0.502666667,0.502666667
13/05/2030 22:00,0.525333333,0.525333333,0.525333333,0.525333333
13/05/2030 23:00,0.525333333,0.525333333,0.525333333,0.525333333
14/05/2030 00:00,0.5,0.5,0.5,0.5
14/05/2030 01:00,0.465333333,0.465333333,0.465333333,0.465333333
14/05/2030 02:00,0.505333333,0.505333333,0.505333333,0.505333333
14/05/2030 03:00,0.406666667,0.406666667,0.406666667,0.406666667
14/05/2030 04:00,0.384,0.384,0.384,0.384
14/05/2030 05:00,0.52,0.52,0.52,0.52
14/05/2030 06:00,0.466666667,0.466666667,0.466666667,0.466666667
14/05/2030 07:00,0.508,0.508,0.508,0.508
14/05/2030 08:00,0.62,0.62,0.62,0.62
14/05/2030 09:00,0.772,0.772,0.772,0.772
14/05/2030 10:00,0.764,0.764,0.764,0.764
14/05/2030 11:00,0.753333333,0.753333333,0.753333333,0.753333333
14/05/2030 12:00,0.766666667,0.766666667,0.766666667,0.766666667
14/05/2030 13:00,0.789333333,0.789333333,0.789333333,0.789333333
14/05/2030 14:00,0.768,0.768,0.768,0.768
14/05/2030 15:00,0.798666667,0.798666667,0.798666667,0.798666667
14/05/2030 16:00,0.756,0.756,0.756,0.756
14/05/2030 17:00,0.766666667,0.766666667,0.766666667,0.766666667
14/05/2030 18:00,0.790666667,0.790666667,0.790666667,0.790666667
14/05/2030 19:00,0.750666667,0.750666667,0.750666667,0.750666667
14/05/2030 20:00,0.733333333,0.733333333,0.733333333,0.733333333
14/05/2030 21:00,0.754666667,0.754666667,0.754666667,0.754666667
14/05/2030 22:00,0.748,0.748,0.748,0.748
14/05/2030 23:00,0.732,0.732,0.732,0.732
15/05/2030 00:00,0.732,0.732,0.732,0.732
15/05/2030 01:00,0.722666667,0.722666667,0.722666667,0.722666667
15/05/2030 02:00,0.690666667,0.690666667,0.690666667,0.690666667
15/05/2030 03:00,0.666666667,0.666666667,0.666666667,0.666666667
15/05/2030 04:00,0.669333333,0.669333333,0.669333333,0.669333333
15/05/2030 05:00,0.646666667,0.646666667,0.646666667,0.646666667
15/05/2030 06:00,0.650666667,0.650666667,0.650666667,0.650666667
15/05/2030 07:00,0.654666667,0.654666667,0.654666667,0.654666667
15/05/2030 08:00,0.644,0.644,0.644,0.644
15/05/2030 09:00,0.654666667,0.654666667,0.654666667,0.654666667
15/05/2030 10:00,0.628,0.628,0.628,0.628
15/05/2030 11:00,0.637333333,0.637333333,0.637333333,0.637333333
15/05/2030 12:00,0.632,0.632,0.632,0.632
15/05/2030 13:00,0.633333333,0.633333333,0.633333333,0.633333333
15/05/2030 14:00,0.628,0.628,0.628,0.628
15/05/2030 15:00,0.66,0.66,0.66,0.66
15/05/2030 16:00,0.684,0.684,0.684,0.684
15/05/2030 17:00,0.741333333,0.741333333,0.741333333,0.741333333
15/05/2030 18:00,0.690666667,0.690666667,0.690666667,0.690666667
15/05/2030 19:00,0.729333333,0.729333333,0.729333333,0.729333333
15/05/2030 20:00,0.832,0.832,0.832,0.832
15/05/2030 21:00,0.910666667,0.910666667,0.910666667,0.910666667
15/05/2030 22:00,0.884,0.884,0.884,0.884
15/05/2030 23:00,0.921333333,0.921333333,0.921333333,0.921333333
16/05/2030 00:00,1,1,1,1
16/05/2030 01:00,0.926666667,0.926666667,0.926666667,0.926666667
16/05/2030 02:00,0.618666667,0.618666667,0.618666667,0.618666667
16/05/2030 03:00,0.490666667,0.490666667,0.490666667,0.490666667
16/05/2030 04:00,0.488,0.488,0.488,0.488
16/05/2030 05:00,0.496,0.496,0.496,0.496
16/05/2030 06:00,0.472,0.472,0.472,0.472
16/05/2030 07:00,0.468,0.468,0.468,0.468
16/05/2030 08:00,0.452,0.452,0.452,0.452
16/05/2030 09:00,0.416,0.416,0.416,0.416
16/05/2030 10:00,0.501333333,0.501333333,0.501333333,0.501333333
16/05/2030 11:00,0.514666667,0.514666667,0.514666667,0.514666667
16/05/2030 12:00,0.472,0.472,0.472,0.472
16/05/2030 13:00,0.508,0.508,0.508,0.508
16/05/2030 14:00,0.510666667,0.510666667,0.510666667,0.510666667
16/05/2030 15:00,0.546666667,0.546666667,0.546666667,0.546666667
16/05/2030 16:00,0.512,0.512,0.512,0.512
16/05/2030 17:00,0.534666667,0.534666667,0.534666667,0.534666667
16/05/2030 18:00,0.464,0.464,0.464,0.464
16/05/2030 19:00,0.474666667,0.474666667,0.474666667,0.474666667
16/05/2030 20:00,0.508,0.508,0.508,0.508
16/05/2030 21:00,0.490666667,0.490666667,0.490666667,0.490666667
16/05/2030 22:00,0.494666667,0.494666667,0.494666667,0.494666667
16/05/2030 23:00,0.489333333,0.489333333,0.489333333,0.489333333
17/05/2030 00:00,0.478666667,0.478666667,0.478666667,0.478666667
17/05/2030 01:00,0.504,0.504,0.504,0.504
17/05/2030 02:00,0.485333333,0.485333333,0.485333333,0.485333333
17/05/2030 03:00,0.489333333,0.489333333,0.489333333,0.489333333
17/05/2030 04:00,0.485333333,0.485333333,0.485333333,0.485333333
17/05/2030 05:00,0.446666667,0.446666667,0.446666667,0.446666667
17/05/2030 06:00,0.470666667,0.470666667,0.470666667,0.470666667
17/05/2030 07:00,0.493333333,0.493333333,0.493333333,0.493333333
17/05/2030 08:00,0.478666667,0.478666667,0.478666667,0.478666667
17/05/2030 09:00,0.469333333,0.469333333,0.469333333,0.469333333
17/05/2030 10:00,0.517333333,0.517333333,0.517333333,0.517333333
17/05/2030 11:00,0.512,0.512,0.512,0.512
17/05/2030 12:00,0.502666667,0.502666667,0.502666667,0.502666667
17/05/2030 13:00,0.501333333,0.501333333,0.501333333,0.501333333
17/05/2030 14:00,0.46,0.46,0.46,0.46
17/05/2030 15:00,0.493333333,0.493333333,0.493333333,0.493333333
17/05/2030 16:00,0.465333333,0.465333333,0.465333333,0.465333333
17/05/2030 17:00,0.481333333,0.481333333,0.481333333,0.481333333
17/05/2030 18:00,0.464,0.464,0.464,0.464
17/05/2030 19:00,0.474666667,0.474666667,0.474666667,0.474666667
17/05/2030 20:00,0.52,0.52,0.52,0.52
17/05/2030 21:00,0.48,0.48,0.48,0.48
17/05/2030 22:00,0.485333333,0.485333333,0.485333333,0.485333333
17/05/2030 23:00,0.493333333,0.493333333,0.493333333,0.493333333
18/05/2030 00:00,0.496,0.496,0.496,0.496
18/05/2030 01:00,0.457333333,0.457333333,0.457333333,0.457333333
18/05/2030 02:00,0.484,0.484,0.484,0.484
18/05/2030 03:00,0.470666667,0.470666667,0.470666667,0.470666667
18/05/2030 04:00,0.496,0.496,0.496,0.496
18/05/2030 05:00,0.470666667,0.470666667,0.470666667,0.470666667
18/05/2030 06:00,0.448,0.448,0.448,0.448
18/05/2030 07:00,0.426666667,0.426666667,0.426666667,0.426666667
18/05/2030 08:00,0.461333333,0.461333333,0.461333333,0.461333333
18/05/2030 09:00,0.461333333,0.461333333,0.461333333,0.461333333
18/05/2030 10:00,0.509333333,0.509333333,0.509333333,0.509333333
18/05/2030 11:00,0.608,0.608,0.608,0.608
18/05/2030 12:00,0.6,0.6,0.6,0.6
18/05/2030 13:00,0.613333333,0.613333333,0.613333333,0.613333333
18/05/2030 14:00,0.648,0.648,0.648,0.648
18/05/2030 15:00,0.484,0.484,0.484,0.484
18/05/2030 16:00,0.474666667,0.474666667,0.474666667,0.474666667
18/05/2030 17:00,0.442666667,0.442666667,0.442666667,0.442666667
18/05/2030 18:00,0.450666667,0.450666667,0.450666667,0.450666667
18/05/2030 19:00,0.465333333,0.465333333,0.465333333,0.465333333
18/05/2030 20:00,0.490666667,0.490666667,0.490666667,0.490666667
18/05/2030 21:00,0.478666667,0.478666667,0.478666667,0.478666667
18/05/2030 22:00,0.481333333,0.481333333,0.481333333,0.481333333
18/05/2030 23:00,0.472,0.472,0.472,0.472
19/05/2030 00:00,0.453333333,0.453333333,0.453333333,0.453333333
19/05/2030 01:00,0.438666667,0.438666667,0.438666667,0.438666667
19/05/2030 02:00,0.46,0.46,0.46,0.46
19/05/2030 03:00,0.452,0.452,0.452,0.452
19/05/2030 04:00,0.454666667,0.454666667,0.454666667,0.454666667
19/05/2030 05:00,0.438666667,0.438666667,0.438666667,0.438666667
19/05/2030 06:00,0.481333333,0.481333333,0.481333333,0.481333333
19/05/2030 07:00,0.488,0.488,0.488,0.488
19/05/2030 08:00,0.433333333,0.433333333,0.433333333,0.433333333
19/05/2030 09:00,0.441333333,0.441333333,0.441333333,0.441333333
19/05/2030 10:00,0.497333333,0.497333333,0.497333333,0.497333333
19/05/2030 11:00,0.457333333,0.457333333,0.457333333,0.457333333
19/05/2030 12:00,0.450666667,0.450666667,0.450666667,0.450666667
19/05/2030 13:00,0.462666667,0.462666667,0.462666667,0.462666667
19/05/2030 14:00,0.502666667,0.502666667,0.502666667,0.502666667
19/05/2030 15:00,0.524,0.524,0.524,0.524
19/05/2030 16:00,0.532,0.532,0.532,0.532
19/05/2030 17:00,0.534666667,0.534666667,0.534666667,0.534666667
19/05/2030 18:00,0.510666667,0.510666667,0.510666667,0.510666667
19/05/2030 19:00,0.544,0.544,0.544,0.544
19/05/2030 20:00,0.553333333,0.553333333,0.553333333,0.553333333
19/05/2030 21:00,0.545333333,0.545333333,0.545333333,0.545333333
19/05/2030 22:00,0.473333333,0.473333333,0.473333333,0.473333333
19/05/2030 23:00,0.472,0.472,0.472,0.472
20/05/2030 00:00,0.458666667,0.458666667,0.458666667,0.458666667
20/05/2030 01:00,0.461333333,0.461333333,0.461333333,0.461333333
20/05/2030 02:00,0.453333333,0.453333333,0.453333333,0.453333333
20/05/2030 03:00,0.441333333,0.441333333,0.441333333,0.441333333
20/05/2030 04:00,0.476,0.476,0.476,0.476
20/05/2030 05:00,0.469333333,0.469333333,0.469333333,0.469333333
20/05/2030 06:00,0.532,0.532,0.532,0.532
20/05/2030 07:00,0.506666667,0.506666667,0.506666667,0.506666667
20/05/2030 08:00,0.462666667,0.462666667,0.462666667,0.462666667
20/05/2030 09:00,0.466666667,0.466666667,0.466666667,0.466666667
20/05/2030 10:00,0.481333333,0.481333333,0.481333333,0.481333333
20/05/2030 11:00,0.462666667,0.462666667,0.462666667,0.462666667
20/05/2030 12:00,0.493333333,0.493333333,0.493333333,0.493333333
20/05/2030 13:00,0.518666667,0.518666667,0.518666667,0.518666667
20/05/2030 14:00,0.549333333,0.549333333,0.549333333,0.549333333
20/05/2030 15:00,0.548,0.548,0.548,0.548
20/05/2030 16:00,0.522666667,0.522666667,0.522666667,0.522666667
20/05/2030 17:00,0.564,0.564,0.564,0.564
20/05/2030 18:00,0.509333333,0.509333333,0.509333333,0.509333333
20/05/2030 19:00,0.517333333,0.517333333,0.517333333,0.517333333
20/05/2030 20:00,0.524,0.524,0.524,0.524
20/05/2030 21:00,0.48,0.48,0.48,0.48
20/05/2030 22:00,0.494666667,0.494666667,0.494666667,0.494666667
20/05/2030 23:00,0.496,0.496,0.496,0.496
21/05/2030 00:00,0.478666667,0.478666667,0.478666667,0.478666667
21/05/2030 01:00,0.464,0.464,0.464,0.464
21/05/2030 02:00,0.496,0.496,0.496,0.496
21/05/2030 03:00,0.469333333,0.469333333,0.469333333,0.469333333
21/05/2030 04:00,0.48,0.48,0.48,0.48
21/05/2030 05:00,0.476,0.476,0.476,0.476
21/05/2030 06:00,0.462666667,0.462666667,0.462666667,0.462666667
21/05/2030 07:00,0.417333333,0.417333333,0.417333333,0.417333333
21/05/2030 08:00,0.437333333,0.437333333,0.437333333,0.437333333
21/05/2030 09:00,0.442666667,0.442666667,0.442666667,0.442666667
21/05/2030 10:00,0.44,0.44,0.44,0.44
21/05/2030 11:00,0.448,0.448,0.448,0.448
21/05/2030 12:00,0.468,0.468,0.468,0.468
21/05/2030 13:00,0.468,0.468,0.468,0.468
21/05/2030 14:00,0.477333333,0.477333333,0.477333333,0.477333333
21/05/2030 15:00,0.492,0.492,0.492,0.492
21/05/2030 16:00,0.477333333,0.477333333,0.477333333,0.477333333
21/05/2030 17:00,0.445333333,0.445333333,0.445333333,0.445333333
21/05/2030 18:00,0.438666667,0.438666667,0.438666667,0.438666667
21/05/2030 19:00,0.434666667,0.434666667,0.434666667,0.434666667
21/05/2030 20:00,0.406666667,0.406666667,0.406666667,0.406666667
21/05/2030 21:00,0.457333333,0.457333333,0.457333333,0.457333333
21/05/2030 22:00,0.504,0.504,0.504,0.504
21/05/2030 23:00,0.529333333,0.529333333,0.529333333,0.529333333
22/05/2030 00:00,0.498666667,0.498666667,0.498666667,0.498666667
22/05/2030 01:00,0.457333333,0.457333333,0.457333333,0.457333333
22/05/2030 02:00,0.5,0.5,0.5,0.5
22/05/2030 03:00,0.462666667,0.462666667,0.462666667,0.462666667
22/05/2030 04:00,0.505333333,0.505333333,0.505333333,0.505333333
22/05/2030 05:00,0.470666667,0.470666667,0.470666667,0.470666667
22/05/2030 06:00,0.448,0.448,0.448,0.448
22/05/2030 07:00,0.477333333,0.477333333,0.477333333,0.477333333
22/05/2030 08:00,0.490666667,0.490666667,0.490666667,0.490666667
22/05/2030 09:00,0.454666667,0.454666667,0.454666667,0.454666667
22/05/2030 10:00,0.466666667,0.466666667,0.466666667,0.466666667
22/05/2030 11:00,0.449333333,0.449333333,0.449333333,0.449333333
22/05/2030 12:00,0.490666667,0.490666667,0.490666667,0.490666667
22/05/2030 13:00,0.470666667,0.470666667,0.470666667,0.470666667
22/05/2030 14:00,0.470666667,0.470666667,0.470666667,0.470666667
22/05/2030 15:00,0.469333333,0.469333333,0.469333333,0.469333333
22/05/2030 16:00,0.484,0.484,0.484,0.484
22/05/2030 17:00,0.438666667,0.438666667,0.438666667,0.438666667
22/05/2030 18:00,0.517333333,0.517333333,0.517333333,0.517333333
22/05/2030 19:00,0.437333333,0.437333333,0.437333333,0.437333333
22/05/2030 20:00,0.426666667,0.426666667,0.426666667,0.426666667
22/05/2030 21:00,0.476,0.476,0.476,0.476
22/05/2030 22:00,0.556,0.556,0.556,0.556
22/05/2030 23:00,0.481333333,0.481333333,0.481333333,0.481333333
23/05/2030 00:00,0.466666667,0.466666667,0.466666667,0.466666667
23/05/2030 01:00,0.450666667,0.450666667,0.450666667,0.450666667
23/05/2030 02:00,0.506666667,0.506666667,0.506666667,0.506666667
23/05/2030 03:00,0.482666667,0.482666667,0.482666667,0.482666667
23/05/2030 04:00,0.482666667,0.482666667,0.482666667,0.482666667
23/05/2030 05:00,0.449333333,0.449333333,0.449333333,0.449333333
23/05/2030 06:00,0.477333333,0.477333333,0.477333333,0.477333333
23/05/2030 07:00,0.56,0.56,0.56,0.56
23/05/2030 08:00,0.56,0.56,0.56,0.56
23/05/2030 09:00,0.613333333,0.613333333,0.613333333,0.613333333
23/05/2030 10:00,0.626666667,0.626666667,0.626666667,0.626666667
23/05/2030 11:00,0.613333333,0.613333333,0.613333333,0.613333333
23/05/2030 12:00,0.593333333,0.593333333,0.593333333,0.593333333
23/05/2030 13:00,0.601333333,0.601333333,0.601333333,0.601333333
23/05/2030 14:00,0.625333333,0.625333333,0.625333333,0.625333333
23/05/2030 15:00,0.669333333,0.669333333,0.669333333,0.669333333
23/05/2030 16:00,0.734666667,0.734666667,0.734666667,0.734666667
23/05/2030 17:00,0.685333333,0.685333333,0.685333333,0.685333333
23/05/2030 18:00,0.721333333,0.721333333,0.721333333,0.721333333
23/05/2030 19:00,0.64,0.64,0.64,0.64
23/05/2030 20:00,0.582666667,0.582666667,0.582666667,0.582666667
23/05/2030 21:00,0.622666667,0.622666667,0.622666667,0.622666667
23/05/2030 22:00,0.576,0.576,0.576,0.576
23/05/2030 23:00,0.576,0.576,0.576,0.576
24/05/2030 00:00,0.662666667,0.662666667,0.662666667,0.662666667
24/05/2030 01:00,0.634666667,0.634666667,0.634666667,0.634666667
24/05/2030 02:00,0.570666667,0.570666667,0.570666667,0.570666667
24/05/2030 03:00,0.608,0.608,0.608,0.608
24/05/2030 04:00,0.577333333,0.577333333,0.577333333,0.577333333
24/05/2030 05:00,0.592,0.592,0.592,0.592
24/05/2030 06:00,0.557333333,0.557333333,0.557333333,0.557333333
24/05/2030 07:00,0.573333333,0.573333333,0.573333333,0.573333333
24/05/2030 08:00,0.617333333,0.617333333,0.617333333,0.617333333
24/05/2030 09:00,0.602666667,0.602666667,0.602666667,0.602666667
24/05/2030 10:00,0.562666667,0.562666667,0.562666667,0.562666667
24/05/2030 11:00,0.608,0.608,0.608,0.608
24/05/2030 12:00,0.644,0.644,0.644,0.644
24/05/2030 13:00,0.602666667,0.602666667,0.602666667,0.602666667
24/05/2030 14:00,0.624,0.624,0.624,0.624
24/05/2030 15:00,0.617333333,0.617333333,0.617333333,0.617333333
24/05/2030 16:00,0.704,0.704,0.704,0.704
24/05/2030 17:00,0.604,0.604,0.604,0.604
24/05/2030 18:00,0.584,0.584,0.584,0.584
24/05/2030 19:00,0.586666667,0.586666667,0.586666667,0.586666667
24/05/2030 20:00,0.656,0.656,0.656,0.656
24/05/2030 21:00,0.632,0.632,0.632,0.632
24/05/2030 22:00,0.602666667,0.602666667,0.602666667,0.602666667
24/05/2030 23:00,0.601333333,0.601333333,0.601333333,0.601333333
25/05/2030 00:00,0.586666667,0.586666667,0.586666667,0.586666667
25/05/2030 01:00,0.526666667,0.526666667,0.526666667,0.526666667
25/05/2030 02:00,0.545333333,0.545333333,0.545333333,0.545333333
25/05/2030 03:00,0.696,0.696,0.696,0.696
25/05/2030 04:00,0.641333333,0.641333333,0.641333333,0.641333333
25/05/2030 05:00,0.633333333,0.633333333,0.633333333,0.633333333
25/05/2030 06:00,0.597333333,0.597333333,0.597333333,0.597333333
25/05/2030 07:00,0.633333333,0.633333333,0.633333333,0.633333333
25/05/2030 08:00,0.652,0.652,0.652,0.652
25/05/2030 09:00,0.673333333,0.673333333,0.673333333,0.673333333
25/05/2030 10:00,0.674666667,0.674666667,0.674666667,0.674666667
25/05/2030 11:00,0.656,0.656,0.656,0.656
25/05/2030 12:00,0.738666667,0.738666667,0.738666667,0.738666667
25/05/2030 13:00,0.690666667,0.690666667,0.690666667,0.690666667
25/05/2030 14:00,0.701333333,0.701333333,0.701333333,0.701333333
25/05/2030 15:00,0.704,0.704,0.704,0.704
25/05/2030 16:00,0.705333333,0.705333333,0.705333333,0.705333333
25/05/2030 17:00,0.645333333,0.645333333,0.645333333,0.645333333
25/05/2030 18:00,0.609333333,0.609333333,0.609333333,0.609333333
25/05/2030 19:00,0.633333333,0.633333333,0.633333333,0.633333333
25/05/2030 20:00,0.538666667,0.538666667,0.538666667,0.538666667
25/05/2030 21:00,0.550666667,0.550666667,0.550666667,0.550666667
25/05/2030 22:00,0.562666667,0.562666667,0.562666667,0.562666667
25/05/2030 23:00,0.536,0.536,0.536,0.536
26/05/2030 00:00,0.534666667,0.534666667,0.534666667,0.534666667
26/05/2030 01:00,0.556,0.556,0.556,0.556
26/05/2030 02:00,0.562666667,0.562666667,0.562666667,0.562666667
26/05/2030 03:00,0.568,0.568,0.568,0.568
26/05/2030 04:00,0.530666667,0.530666667,0.530666667,0.530666667
26/05/2030 05:00,0.52,0.52,0.52,0.52
26/05/2030 06:00,0.474666667,0.474666667,0.474666667,0.474666667
26/05/2030 07:00,0.433333333,0.433333333,0.433333333,0.433333333
26/05/2030 08:00,0.445333333,0.445333333,0.445333333,0.445333333
26/05/2030 09:00,0.453333333,0.453333333,0.453333333,0.453333333
26/05/2030 10:00,0.478666667,0.478666667,0.478666667,0.478666667
26/05/2030 11:00,0.497333333,0.497333333,0.497333333,0.497333333
26/05/2030 12:00,0.474666667,0.474666667,0.474666667,0.474666667
26/05/2030 13:00,0.549333333,0.549333333,0.549333333,0.549333333
26/05/2030 14:00,0.548,0.548,0.548,0.548
26/05/2030 15:00,0.517333333,0.517333333,0.517333333,0.517333333
26/05/2030 16:00,0.562666667,0.562666667,0.562666667,0.562666667
26/05/2030 17:00,0.532,0.532,0.532,0.532
26/05/2030 18:00,0.44,0.44,0.44,0.44
26/05/2030 19:00,0.473333333,0.473333333,0.473333333,0.473333333
26/05/2030 20:00,0.436,0.436,0.436,0.436
26/05/2030 21:00,0.450666667,0.450666667,0.450666667,0.450666667
26/05/2030 22:00,0.485333333,0.485333333,0.485333333,0.485333333
26/05/2030 23:00,0.445333333,0.445333333,0.445333333,0.445333333
27/05/2030 00:00,0.424,0.424,0.424,0.424
27/05/2030 01:00,0.46,0.46,0.46,0.46
27/05/2030 02:00,0.484,0.484,0.484,0.484
27/05/2030 03:00,0.404,0.404,0.404,0.404
27/05/2030 04:00,0.445333333,0.445333333,0.445333333,0.445333333
27/05/2030 05:00,0.456,0.456,0.456,0.456
27/05/2030 06:00,0.437333333,0.437333333,0.437333333,0.437333333
27/05/2030 07:00,0.465333333,0.465333333,0.465333333,0.465333333
27/05/2030 08:00,0.450666667,0.450666667,0.450666667,0.450666667
27/05/2030 09:00,0.410666667,0.410666667,0.410666667,0.410666667
27/05/2030 10:00,0.429333333,0.429333333,0.429333333,0.429333333
27/05/2030 11:00,0.474666667,0.474666667,0.474666667,0.474666667
27/05/2030 12:00,0.472,0.472,0.472,0.472
27/05/2030 13:00,0.448,0.448,0.448,0.448
27/05/2030 14:00,0.496,0.496,0.496,0.496
27/05/2030 15:00,0.496,0.496,0.496,0.496
27/05/2030 16:00,0.472,0.472,0.472,0.472
27/05/2030 17:00,0.446666667,0.446666667,0.446666667,0.446666667
27/05/2030 18:00,0.457333333,0.457333333,0.457333333,0.457333333
27/05/2030 19:00,0.465333333,0.465333333,0.465333333,0.465333333
27/05/2030 20:00,0.48,0.48,0.48,0.48
27/05/2030 21:00,0.509333333,0.509333333,0.509333333,0.509333333
27/05/2030 22:00,0.484,0.484,0.484,0.484
27/05/2030 23:00,0.382666667,0.382666667,0.382666667,0.382666667
28/05/2030 00:00,0.438666667,0.438666667,0.438666667,0.438666667
28/05/2030 01:00,0.444,0.444,0.444,0.444
28/05/2030 02:00,0.436,0.436,0.436,0.436
28/05/2030 03:00,0.437333333,0.437333333,0.437333333,0.437333333
28/05/2030 04:00,0.390666667,0.390666667,0.390666667,0.390666667
28/05/2030 05:00,0.453333333,0.453333333,0.453333333,0.453333333
28/05/2030 06:00,0.438666667,0.438666667,0.438666667,0.438666667
28/05/2030 07:00,0.397333333,0.397333333,0.397333333,0.397333333
28/05/2030 08:00,0.405333333,0.405333333,0.405333333,0.405333333
28/05/2030 09:00,0.42,0.42,0.42,0.42
28/05/2030 10:00,0.410666667,0.410666667,0.410666667,0.410666667
28/05/2030 11:00,0.416,0.416,0.416,0.416
28/05/2030 12:00,0.422666667,0.422666667,0.422666667,0.422666667
28/05/2030 13:00,0.42,0.42,0.42,0.42
28/05/2030 14:00,0.422666667,0.422666667,0.422666667,0.422666667
28/05/2030 15:00,0.388,0.388,0.388,0.388
28/05/2030 16:00,0.377333333,0.377333333,0.377333333,0.377333333
28/05/2030 17:00,0.390666667,0.390666667,0.390666667,0.390666667
28/05/2030 18:00,0.376,0.376,0.376,0.376
28/05/2030 19:00,0.406666667,0.406666667,0.406666667,0.406666667
28/05/2030 20:00,0.421333333,0.421333333,0.421333333,0.421333333
28/05/2030 21:00,0.409333333,0.409333333,0.409333333,0.409333333
28/05/2030 22:00,0.4,0.4,0.4,0.4
28/05/2030 23:00,0.430666667,0.430666667,0.430666667,0.430666667
29/05/2030 00:00,0.46,0.46,0.46,0.46
29/05/2030 01:00,0.426666667,0.426666667,0.426666667,0.426666667
29/05/2030 02:00,0.414666667,0.414666667,0.414666667,0.414666667
29/05/2030 03:00,0.437333333,0.437333333,0.437333333,0.437333333
29/05/2030 04:00,0.470666667,0.470666667,0.470666667,0.470666667
29/05/2030 05:00,0.424,0.424,0.424,0.424
29/05/2030 06:00,0.433333333,0.433333333,0.433333333,0.433333333
29/05/2030 07:00,0.404,0.404,0.404,0.404
29/05/2030 08:00,0.406666667,0.406666667,0.406666667,0.406666667
29/05/2030 09:00,0.410666667,0.410666667,0.410666667,0.410666667
29/05/2030 10:00,0.413333333,0.413333333,0.413333333,0.413333333
29/05/2030 11:00,0.417333333,0.417333333,0.417333333,0.417333333
29/05/2030 12:00,0.433333333,0.433333333,0.433333333,0.433333333
29/05/2030 13:00,0.422666667,0.422666667,0.422666667,0.422666667
29/05/2030 14:00,0.409333333,0.409333333,0.409333333,0.409333333
29/05/2030 15:00,0.402666667,0.402666667,0.402666667,0.402666667
29/05/2030 16:00,0.373333333,0.373333333,0.373333333,0.373333333
29/05/2030 17:00,0.362666667,0.362666667,0.362666667,0.362666667
29/05/2030 18:00,0.356,0.356,0.356,0.356
29/05/2030 19:00,0.364,0.364,0.364,0.364
29/05/2030 20:00,0.364,0.364,0.364,0.364
29/05/2030 21:00,0.370666667,0.370666667,0.370666667,0.370666667
29/05/2030 22:00,0.418666667,0.418666667,0.418666667,0.418666667
29/05/2030 23:00,0.396,0.396,0.396,0.396
30/05/2030 00:00,0.428,0.428,0.428,0.428
30/05/2030 01:00,0.44,0.44,0.44,0.44
30/05/2030 02:00,0.445333333,0.445333333,0.445333333,0.445333333
30/05/2030 03:00,0.42,0.42,0.42,0.42
30/05/2030 04:00,0.398666667,0.398666667,0.398666667,0.398666667
30/05/2030 05:00,0.416,0.416,0.416,0.416
30/05/2030 06:00,0.413333333,0.413333333,0.413333333,0.413333333
30/05/2030 07:00,0.481333333,0.481333333,0.481333333,0.481333333
30/05/2030 08:00,0.429333333,0.429333333,0.429333333,0.429333333
30/05/2030 09:00,0.557333333,0.557333333,0.557333333,0.557333333
30/05/2030 10:00,0.48,0.48,0.48,0.48
30/05/2030 11:00,0.473333333,0.473333333,0.473333333,0.473333333
30/05/2030 12:00,0.477333333,0.477333333,0.477333333,0.477333333
30/05/2030 13:00,0.509333333,0.509333333,0.509333333,0.509333333
30/05/2030 14:00,0.534666667,0.534666667,0.534666667,0.534666667
30/05/2030 15:00,0.516,0.516,0.516,0.516
30/05/2030 16:00,0.438666667,0.438666667,0.438666667,0.438666667
30/05/2030 17:00,0.456,0.456,0.456,0.456
30/05/2030 18:00,0.477333333,0.477333333,0.477333333,0.477333333
30/05/2030 19:00,0.478666667,0.478666667,0.478666667,0.478666667
30/05/2030 20:00,0.488,0.488,0.488,0.488
30/05/2030 21:00,0.442666667,0.442666667,0.442666667,0.442666667
30/05/2030 22:00,0.424,0.424,0.424,0.424
30/05/2030 23:00,0.434666667,0.434666667,0.434666667,0.434666667
31/05/2030 00:00,0.438666667,0.438666667,0.438666667,0.438666667
31/05/2030 01:00,0.473333333,0.473333333,0.473333333,0.473333333
31/05/2030 02:00,0.436,0.436,0.436,0.436
31/05/2030 03:00,0.452,0.452,0.452,0.452
31/05/2030 04:00,0.464,0.464,0.464,0.464
31/05/2030 05:00,0.425333333,0.425333333,0.425333333,0.425333333
31/05/2030 06:00,0.438666667,0.438666667,0.438666667,0.438666667
31/05/2030 07:00,0.464,0.464,0.464,0.464
31/05/2030 08:00,0.446666667,0.446666667,0.446666667,0.446666667
31/05/2030 09:00,0.524,0.524,0.524,0.524
31/05/2030 10:00,0.490666667,0.490666667,0.490666667,0.490666667
31/05/2030 11:00,0.5,0.5,0.5,0.5
31/05/2030 12:00,0.517333333,0.517333333,0.517333333,0.517333333
31/05/2030 13:00,0.490666667,0.490666667,0.490666667,0.490666667
31/05/2030 14:00,0.486666667,0.486666667,0.486666667,0.486666667
31/05/2030 15:00,0.441333333,0.441333333,0.441333333,0.441333333
31/05/2030 16:00,0.465333333,0.465333333,0.465333333,0.465333333
31/05/2030 17:00,0.433333333,0.433333333,0.433333333,0.433333333
31/05/2030 18:00,0.426666667,0.426666667,0.426666667,0.426666667
31/05/2030 19:00,0.488,0.488,0.488,0.488
31/05/2030 20:00,0.541333333,0.541333333,0.541333333,0.541333333
31/05/2030 21:00,0.484,0.484,0.484,0.484
31/05/2030 22:00,0.494666667,0.494666667,0.494666667,0.494666667
31/05/2030 23:00,0.449333333,0.449333333,0.449333333,0.449333333
01/06/2030 00:00,0.542207792,0.542207792,0.542207792,0.542207792
01/06/2030 01:00,0.568181818,0.568181818,0.568181818,0.568181818
01/06/2030 02:00,0.530844156,0.530844156,0.530844156,0.530844156
01/06/2030 03:00,0.592532468,0.592532468,0.592532468,0.592532468
01/06/2030 04:00,0.586038961,0.586038961,0.586038961,0.586038961
01/06/2030 05:00,0.574675325,0.574675325,0.574675325,0.574675325
01/06/2030 06:00,0.553571429,0.553571429,0.553571429,0.553571429
01/06/2030 07:00,0.613636364,0.613636364,0.613636364,0.613636364
01/06/2030 08:00,0.49512987,0.49512987,0.49512987,0.49512987
01/06/2030 09:00,0.512987013,0.512987013,0.512987013,0.512987013
01/06/2030 10:00,0.538961039,0.538961039,0.538961039,0.538961039
01/06/2030 11:00,0.571428571,0.571428571,0.571428571,0.571428571
01/06/2030 12:00,0.525974026,0.525974026,0.525974026,0.525974026
01/06/2030 13:00,0.616883117,0.616883117,0.616883117,0.616883117
01/06/2030 14:00,0.556818182,0.556818182,0.556818182,0.556818182
01/06/2030 15:00,0.569805195,0.569805195,0.569805195,0.569805195
01/06/2030 16:00,0.589285714,0.589285714,0.589285714,0.589285714
01/06/2030 17:00,0.63474026,0.63474026,0.63474026,0.63474026
01/06/2030 18:00,0.641233766,0.641233766,0.641233766,0.641233766
01/06/2030 19:00,0.581168831,0.581168831,0.581168831,0.581168831
01/06/2030 20:00,0.631493506,0.631493506,0.631493506,0.631493506
01/06/2030 21:00,0.548701299,0.548701299,0.548701299,0.548701299
01/06/2030 22:00,0.521103896,0.521103896,0.521103896,0.521103896
01/06/2030 23:00,0.548701299,0.548701299,0.548701299,0.548701299
02/06/2030 00:00,0.618506494,0.618506494,0.618506494,0.618506494
02/06/2030 01:00,0.560064935,0.560064935,0.560064935,0.560064935
02/06/2030 02:00,0.542207792,0.542207792,0.542207792,0.542207792
02/06/2030 03:00,0.547077922,0.547077922,0.547077922,0.547077922
02/06/2030 04:00,0.568181818,0.568181818,0.568181818,0.568181818
02/06/2030 05:00,0.555194805,0.555194805,0.555194805,0.555194805
02/06/2030 06:00,0.543831169,0.543831169,0.543831169,0.543831169
02/06/2030 07:00,0.550324675,0.550324675,0.550324675,0.550324675
02/06/2030 08:00,0.569805195,0.569805195,0.569805195,0.569805195
02/06/2030 09:00,0.524350649,0.524350649,0.524350649,0.524350649
02/06/2030 10:00,0.569805195,0.569805195,0.569805195,0.569805195
02/06/2030 11:00,0.574675325,0.574675325,0.574675325,0.574675325
02/06/2030 12:00,0.537337662,0.537337662,0.537337662,0.537337662
02/06/2030 13:00,0.599025974,0.599025974,0.599025974,0.599025974
02/06/2030 14:00,0.670454545,0.670454545,0.670454545,0.670454545
02/06/2030 15:00,0.631493506,0.631493506,0.631493506,0.631493506
02/06/2030 16:00,0.657467532,0.657467532,0.657467532,0.657467532
02/06/2030 17:00,0.668831169,0.668831169,0.668831169,0.668831169
02/06/2030 18:00,0.628246753,0.628246753,0.628246753,0.628246753
02/06/2030 19:00,0.616883117,0.616883117,0.616883117,0.616883117
02/06/2030 20:00,0.616883117,0.616883117,0.616883117,0.616883117
02/06/2030 21:00,0.574675325,0.574675325,0.574675325,0.574675325
02/06/2030 22:00,0.527597403,0.527597403,0.527597403,0.527597403
02/06/2030 23:00,0.493506494,0.493506494,0.493506494,0.493506494
03/06/2030 00:00,0.556818182,0.556818182,0.556818182,0.556818182
03/06/2030 01:00,0.532467532,0.532467532,0.532467532,0.532467532
03/06/2030 02:00,0.534090909,0.534090909,0.534090909,0.534090909
03/06/2030 03:00,0.527597403,0.527597403,0.527597403,0.527597403
03/06/2030 04:00,0.512987013,0.512987013,0.512987013,0.512987013
03/06/2030 05:00,0.535714286,0.535714286,0.535714286,0.535714286
03/06/2030 06:00,0.512987013,0.512987013,0.512987013,0.512987013
03/06/2030 07:00,0.511363636,0.511363636,0.511363636,0.511363636
03/06/2030 08:00,0.550324675,0.550324675,0.550324675,0.550324675
03/06/2030 09:00,0.521103896,0.521103896,0.521103896,0.521103896
03/06/2030 10:00,0.547077922,0.547077922,0.547077922,0.547077922
03/06/2030 11:00,0.50487013,0.50487013,0.50487013,0.50487013
03/06/2030 12:00,0.501623377,0.501623377,0.501623377,0.501623377
03/06/2030 13:00,0.553571429,0.553571429,0.553571429,0.553571429
03/06/2030 14:00,0.543831169,0.543831169,0.543831169,0.543831169
03/06/2030 15:00,0.519480519,0.519480519,0.519480519,0.519480519
03/06/2030 16:00,0.525974026,0.525974026,0.525974026,0.525974026
03/06/2030 17:00,0.532467532,0.532467532,0.532467532,0.532467532
03/06/2030 18:00,0.516233766,0.516233766,0.516233766,0.516233766
03/06/2030 19:00,0.480519481,0.480519481,0.480519481,0.480519481
03/06/2030 20:00,0.553571429,0.553571429,0.553571429,0.553571429
03/06/2030 21:00,0.545454545,0.545454545,0.545454545,0.545454545
03/06/2030 22:00,0.568181818,0.568181818,0.568181818,0.568181818
03/06/2030 23:00,0.543831169,0.543831169,0.543831169,0.543831169
04/06/2030 00:00,0.576298701,0.576298701,0.576298701,0.576298701
04/06/2030 01:00,0.573051948,0.573051948,0.573051948,0.573051948
04/06/2030 02:00,0.597402597,0.597402597,0.597402597,0.597402597
04/06/2030 03:00,0.577922078,0.577922078,0.577922078,0.577922078
04/06/2030 04:00,0.586038961,0.586038961,0.586038961,0.586038961
04/06/2030 05:00,0.582792208,0.582792208,0.582792208,0.582792208
04/06/2030 06:00,0.540584416,0.540584416,0.540584416,0.540584416
04/06/2030 07:00,0.524350649,0.524350649,0.524350649,0.524350649
04/06/2030 08:00,0.512987013,0.512987013,0.512987013,0.512987013
04/06/2030 09:00,0.452922078,0.452922078,0.452922078,0.452922078
04/06/2030 10:00,0.49025974,0.49025974,0.49025974,0.49025974
04/06/2030 11:00,0.477272727,0.477272727,0.477272727,0.477272727
04/06/2030 12:00,0.48538961,0.48538961,0.48538961,0.48538961
04/06/2030 13:00,0.548701299,0.548701299,0.548701299,0.548701299
04/06/2030 14:00,0.503246753,0.503246753,0.503246753,0.503246753
04/06/2030 15:00,0.496753247,0.496753247,0.496753247,0.496753247
04/06/2030 16:00,0.517857143,0.517857143,0.517857143,0.517857143
04/06/2030 17:00,0.521103896,0.521103896,0.521103896,0.521103896
04/06/2030 18:00,0.579545455,0.579545455,0.579545455,0.579545455
04/06/2030 19:00,0.519480519,0.519480519,0.519480519,0.519480519
04/06/2030 20:00,0.571428571,0.571428571,0.571428571,0.571428571
04/06/2030 21:00,0.488636364,0.488636364,0.488636364,0.488636364
04/06/2030 22:00,0.563311688,0.563311688,0.563311688,0.563311688
04/06/2030 23:00,0.537337662,0.537337662,0.537337662,0.537337662
05/06/2030 00:00,0.50487013,0.50487013,0.50487013,0.50487013
05/06/2030 01:00,0.561688312,0.561688312,0.561688312,0.561688312
05/06/2030 02:00,0.542207792,0.542207792,0.542207792,0.542207792
05/06/2030 03:00,0.616883117,0.616883117,0.616883117,0.616883117
05/06/2030 04:00,0.555194805,0.555194805,0.555194805,0.555194805
05/06/2030 05:00,0.568181818,0.568181818,0.568181818,0.568181818
05/06/2030 06:00,0.608766234,0.608766234,0.608766234,0.608766234
05/06/2030 07:00,0.555194805,0.555194805,0.555194805,0.555194805
05/06/2030 08:00,0.545454545,0.545454545,0.545454545,0.545454545
05/06/2030 09:00,0.537337662,0.537337662,0.537337662,0.537337662
05/06/2030 10:00,0.511363636,0.511363636,0.511363636,0.511363636
05/06/2030 11:00,0.540584416,0.540584416,0.540584416,0.540584416
05/06/2030 12:00,0.571428571,0.571428571,0.571428571,0.571428571
05/06/2030 13:00,0.584415584,0.584415584,0.584415584,0.584415584
05/06/2030 14:00,0.646103896,0.646103896,0.646103896,0.646103896
05/06/2030 15:00,0.605519481,0.605519481,0.605519481,0.605519481
05/06/2030 16:00,0.589285714,0.589285714,0.589285714,0.589285714
05/06/2030 17:00,0.603896104,0.603896104,0.603896104,0.603896104
05/06/2030 18:00,0.522727273,0.522727273,0.522727273,0.522727273
05/06/2030 19:00,0.451298701,0.451298701,0.451298701,0.451298701
05/06/2030 20:00,0.595779221,0.595779221,0.595779221,0.595779221
05/06/2030 21:00,0.573051948,0.573051948,0.573051948,0.573051948
05/06/2030 22:00,0.537337662,0.537337662,0.537337662,0.537337662
05/06/2030 23:00,0.547077922,0.547077922,0.547077922,0.547077922
06/06/2030 00:00,0.637987013,0.637987013,0.637987013,0.637987013
06/06/2030 01:00,0.561688312,0.561688312,0.561688312,0.561688312
06/06/2030 02:00,0.532467532,0.532467532,0.532467532,0.532467532
06/06/2030 03:00,0.579545455,0.579545455,0.579545455,0.579545455
06/06/2030 04:00,0.594155844,0.594155844,0.594155844,0.594155844
06/06/2030 05:00,0.574675325,0.574675325,0.574675325,0.574675325
06/06/2030 06:00,0.560064935,0.560064935,0.560064935,0.560064935
06/06/2030 07:00,0.569805195,0.569805195,0.569805195,0.569805195
06/06/2030 08:00,0.558441558,0.558441558,0.558441558,0.558441558
06/06/2030 09:00,0.522727273,0.522727273,0.522727273,0.522727273
06/06/2030 10:00,0.599025974,0.599025974,0.599025974,0.599025974
06/06/2030 11:00,0.675324675,0.675324675,0.675324675,0.675324675
06/06/2030 12:00,0.597402597,0.597402597,0.597402597,0.597402597
06/06/2030 13:00,0.555194805,0.555194805,0.555194805,0.555194805
06/06/2030 14:00,0.527597403,0.527597403,0.527597403,0.527597403
06/06/2030 15:00,0.659090909,0.659090909,0.659090909,0.659090909
06/06/2030 16:00,0.688311688,0.688311688,0.688311688,0.688311688
06/06/2030 17:00,0.646103896,0.646103896,0.646103896,0.646103896
06/06/2030 18:00,0.665584416,0.665584416,0.665584416,0.665584416
06/06/2030 19:00,0.646103896,0.646103896,0.646103896,0.646103896
06/06/2030 20:00,0.681818182,0.681818182,0.681818182,0.681818182
06/06/2030 21:00,0.61525974,0.61525974,0.61525974,0.61525974
06/06/2030 22:00,0.581168831,0.581168831,0.581168831,0.581168831
06/06/2030 23:00,0.576298701,0.576298701,0.576298701,0.576298701
07/06/2030 00:00,0.545454545,0.545454545,0.545454545,0.545454545
07/06/2030 01:00,0.537337662,0.537337662,0.537337662,0.537337662
07/06/2030 02:00,0.566558442,0.566558442,0.566558442,0.566558442
07/06/2030 03:00,0.603896104,0.603896104,0.603896104,0.603896104
07/06/2030 04:00,0.621753247,0.621753247,0.621753247,0.621753247
07/06/2030 05:00,0.576298701,0.576298701,0.576298701,0.576298701
07/06/2030 06:00,0.603896104,0.603896104,0.603896104,0.603896104
07/06/2030 07:00,0.654220779,0.654220779,0.654220779,0.654220779
07/06/2030 08:00,0.659090909,0.659090909,0.659090909,0.659090909
07/06/2030 09:00,0.668831169,0.668831169,0.668831169,0.668831169
07/06/2030 10:00,0.663961039,0.663961039,0.663961039,0.663961039
07/06/2030 11:00,0.62987013,0.62987013,0.62987013,0.62987013
07/06/2030 12:00,0.725649351,0.725649351,0.725649351,0.725649351
07/06/2030 13:00,0.753246753,0.753246753,0.753246753,0.753246753
07/06/2030 14:00,0.702922078,0.702922078,0.702922078,0.702922078
07/06/2030 15:00,0.75,0.75,0.75,0.75
07/06/2030 16:00,0.733766234,0.733766234,0.733766234,0.733766234
07/06/2030 17:00,0.722402597,0.722402597,0.722402597,0.722402597
07/06/2030 18:00,0.662337662,0.662337662,0.662337662,0.662337662
07/06/2030 19:00,0.612012987,0.612012987,0.612012987,0.612012987
07/06/2030 20:00,0.613636364,0.613636364,0.613636364,0.613636364
07/06/2030 21:00,0.649350649,0.649350649,0.649350649,0.649350649
07/06/2030 22:00,0.621753247,0.621753247,0.621753247,0.621753247
07/06/2030 23:00,0.62012987,0.62012987,0.62012987,0.62012987
08/06/2030 00:00,0.618506494,0.618506494,0.618506494,0.618506494
08/06/2030 01:00,0.623376623,0.623376623,0.623376623,0.623376623
08/06/2030 02:00,0.688311688,0.688311688,0.688311688,0.688311688
08/06/2030 03:00,0.683441558,0.683441558,0.683441558,0.683441558
08/06/2030 04:00,0.654220779,0.654220779,0.654220779,0.654220779
08/06/2030 05:00,0.646103896,0.646103896,0.646103896,0.646103896
08/06/2030 06:00,0.681818182,0.681818182,0.681818182,0.681818182
08/06/2030 07:00,0.616883117,0.616883117,0.616883117,0.616883117
08/06/2030 08:00,0.600649351,0.600649351,0.600649351,0.600649351
08/06/2030 09:00,0.647727273,0.647727273,0.647727273,0.647727273
08/06/2030 10:00,0.696428571,0.696428571,0.696428571,0.696428571
08/06/2030 11:00,0.662337662,0.662337662,0.662337662,0.662337662
08/06/2030 12:00,0.694805195,0.694805195,0.694805195,0.694805195
08/06/2030 13:00,0.662337662,0.662337662,0.662337662,0.662337662
08/06/2030 14:00,0.61525974,0.61525974,0.61525974,0.61525974
08/06/2030 15:00,0.672077922,0.672077922,0.672077922,0.672077922
08/06/2030 16:00,0.672077922,0.672077922,0.672077922,0.672077922
08/06/2030 17:00,0.63474026,0.63474026,0.63474026,0.63474026
08/06/2030 18:00,0.616883117,0.616883117,0.616883117,0.616883117
08/06/2030 19:00,0.628246753,0.628246753,0.628246753,0.628246753
08/06/2030 20:00,0.574675325,0.574675325,0.574675325,0.574675325
08/06/2030 21:00,0.573051948,0.573051948,0.573051948,0.573051948
08/06/2030 22:00,0.563311688,0.563311688,0.563311688,0.563311688
08/06/2030 23:00,0.525974026,0.525974026,0.525974026,0.525974026
09/06/2030 00:00,0.50974026,0.50974026,0.50974026,0.50974026
09/06/2030 01:00,0.521103896,0.521103896,0.521103896,0.521103896
09/06/2030 02:00,0.50974026,0.50974026,0.50974026,0.50974026
09/06/2030 03:00,0.551948052,0.551948052,0.551948052,0.551948052
09/06/2030 04:00,0.543831169,0.543831169,0.543831169,0.543831169
09/06/2030 05:00,0.550324675,0.550324675,0.550324675,0.550324675
09/06/2030 06:00,0.525974026,0.525974026,0.525974026,0.525974026
09/06/2030 07:00,0.496753247,0.496753247,0.496753247,0.496753247
09/06/2030 08:00,0.511363636,0.511363636,0.511363636,0.511363636
09/06/2030 09:00,0.61525974,0.61525974,0.61525974,0.61525974
09/06/2030 10:00,0.553571429,0.553571429,0.553571429,0.553571429
09/06/2030 11:00,0.568181818,0.568181818,0.568181818,0.568181818
09/06/2030 12:00,0.61038961,0.61038961,0.61038961,0.61038961
09/06/2030 13:00,0.586038961,0.586038961,0.586038961,0.586038961
09/06/2030 14:00,0.644480519,0.644480519,0.644480519,0.644480519
09/06/2030 15:00,0.663961039,0.663961039,0.663961039,0.663961039
09/06/2030 16:00,0.683441558,0.683441558,0.683441558,0.683441558
09/06/2030 17:00,0.603896104,0.603896104,0.603896104,0.603896104
09/06/2030 18:00,0.594155844,0.594155844,0.594155844,0.594155844
09/06/2030 19:00,0.654220779,0.654220779,0.654220779,0.654220779
09/06/2030 20:00,0.626623377,0.626623377,0.626623377,0.626623377
09/06/2030 21:00,0.579545455,0.579545455,0.579545455,0.579545455
09/06/2030 22:00,0.525974026,0.525974026,0.525974026,0.525974026
09/06/2030 23:00,0.51461039,0.51461039,0.51461039,0.51461039
10/06/2030 00:00,0.51461039,0.51461039,0.51461039,0.51461039
10/06/2030 01:00,0.537337662,0.537337662,0.537337662,0.537337662
10/06/2030 02:00,0.517857143,0.517857143,0.517857143,0.517857143
10/06/2030 03:00,0.478896104,0.478896104,0.478896104,0.478896104
10/06/2030 04:00,0.491883117,0.491883117,0.491883117,0.491883117
10/06/2030 05:00,0.548701299,0.548701299,0.548701299,0.548701299
10/06/2030 06:00,0.516233766,0.516233766,0.516233766,0.516233766
10/06/2030 07:00,0.537337662,0.537337662,0.537337662,0.537337662
10/06/2030 08:00,0.48538961,0.48538961,0.48538961,0.48538961
10/06/2030 09:00,0.508116883,0.508116883,0.508116883,0.508116883
10/06/2030 10:00,0.537337662,0.537337662,0.537337662,0.537337662
10/06/2030 11:00,0.646103896,0.646103896,0.646103896,0.646103896
10/06/2030 12:00,0.637987013,0.637987013,0.637987013,0.637987013
10/06/2030 13:00,0.667207792,0.667207792,0.667207792,0.667207792
10/06/2030 14:00,0.595779221,0.595779221,0.595779221,0.595779221
10/06/2030 15:00,0.649350649,0.649350649,0.649350649,0.649350649
10/06/2030 16:00,0.592532468,0.592532468,0.592532468,0.592532468
10/06/2030 17:00,0.582792208,0.582792208,0.582792208,0.582792208
10/06/2030 18:00,0.472402597,0.472402597,0.472402597,0.472402597
10/06/2030 19:00,0.621753247,0.621753247,0.621753247,0.621753247
10/06/2030 20:00,0.560064935,0.560064935,0.560064935,0.560064935
10/06/2030 21:00,0.542207792,0.542207792,0.542207792,0.542207792
10/06/2030 22:00,0.516233766,0.516233766,0.516233766,0.516233766
10/06/2030 23:00,0.477272727,0.477272727,0.477272727,0.477272727
11/06/2030 00:00,0.491883117,0.491883117,0.491883117,0.491883117
11/06/2030 01:00,0.548701299,0.548701299,0.548701299,0.548701299
11/06/2030 02:00,0.566558442,0.566558442,0.566558442,0.566558442
11/06/2030 03:00,0.555194805,0.555194805,0.555194805,0.555194805
11/06/2030 04:00,0.530844156,0.530844156,0.530844156,0.530844156
11/06/2030 05:00,0.555194805,0.555194805,0.555194805,0.555194805
11/06/2030 06:00,0.553571429,0.553571429,0.553571429,0.553571429
11/06/2030 07:00,0.543831169,0.543831169,0.543831169,0.543831169
11/06/2030 08:00,0.50487013,0.50487013,0.50487013,0.50487013
11/06/2030 09:00,0.511363636,0.511363636,0.511363636,0.511363636
11/06/2030 10:00,0.550324675,0.550324675,0.550324675,0.550324675
11/06/2030 11:00,0.511363636,0.511363636,0.511363636,0.511363636
11/06/2030 12:00,0.538961039,0.538961039,0.538961039,0.538961039
11/06/2030 13:00,0.496753247,0.496753247,0.496753247,0.496753247
11/06/2030 14:00,0.574675325,0.574675325,0.574675325,0.574675325
11/06/2030 15:00,0.594155844,0.594155844,0.594155844,0.594155844
11/06/2030 16:00,0.548701299,0.548701299,0.548701299,0.548701299
11/06/2030 17:00,0.558441558,0.558441558,0.558441558,0.558441558
11/06/2030 18:00,0.524350649,0.524350649,0.524350649,0.524350649
11/06/2030 19:00,0.581168831,0.581168831,0.581168831,0.581168831
11/06/2030 20:00,0.633116883,0.633116883,0.633116883,0.633116883
11/06/2030 21:00,0.637987013,0.637987013,0.637987013,0.637987013
11/06/2030 22:00,0.599025974,0.599025974,0.599025974,0.599025974
11/06/2030 23:00,0.566558442,0.566558442,0.566558442,0.566558442
12/06/2030 00:00,0.607142857,0.607142857,0.607142857,0.607142857
12/06/2030 01:00,0.594155844,0.594155844,0.594155844,0.594155844
12/06/2030 02:00,0.600649351,0.600649351,0.600649351,0.600649351
12/06/2030 03:00,0.581168831,0.581168831,0.581168831,0.581168831
12/06/2030 04:00,0.594155844,0.594155844,0.594155844,0.594155844
12/06/2030 05:00,0.602272727,0.602272727,0.602272727,0.602272727
12/06/2030 06:00,0.577922078,0.577922078,0.577922078,0.577922078
12/06/2030 07:00,0.589285714,0.589285714,0.589285714,0.589285714
12/06/2030 08:00,0.582792208,0.582792208,0.582792208,0.582792208
12/06/2030 09:00,0.61525974,0.61525974,0.61525974,0.61525974
12/06/2030 10:00,0.61038961,0.61038961,0.61038961,0.61038961
12/06/2030 11:00,0.625,0.625,0.625,0.625
12/06/2030 12:00,0.582792208,0.582792208,0.582792208,0.582792208
12/06/2030 13:00,0.587662338,0.587662338,0.587662338,0.587662338
12/06/2030 14:00,0.672077922,0.672077922,0.672077922,0.672077922
12/06/2030 15:00,0.637987013,0.637987013,0.637987013,0.637987013
12/06/2030 16:00,0.61038961,0.61038961,0.61038961,0.61038961
12/06/2030 17:00,0.618506494,0.618506494,0.618506494,0.618506494
12/06/2030 18:00,0.597402597,0.597402597,0.597402597,0.597402597
12/06/2030 19:00,0.579545455,0.579545455,0.579545455,0.579545455
12/06/2030 20:00,0.569805195,0.569805195,0.569805195,0.569805195
12/06/2030 21:00,0.647727273,0.647727273,0.647727273,0.647727273
12/06/2030 22:00,0.621753247,0.621753247,0.621753247,0.621753247
12/06/2030 23:00,0.633116883,0.633116883,0.633116883,0.633116883
13/06/2030 00:00,0.532467532,0.532467532,0.532467532,0.532467532
13/06/2030 01:00,0.586038961,0.586038961,0.586038961,0.586038961
13/06/2030 02:00,0.631493506,0.631493506,0.631493506,0.631493506
13/06/2030 03:00,0.587662338,0.587662338,0.587662338,0.587662338
13/06/2030 04:00,0.602272727,0.602272727,0.602272727,0.602272727
13/06/2030 05:00,0.587662338,0.587662338,0.587662338,0.587662338
13/06/2030 06:00,0.574675325,0.574675325,0.574675325,0.574675325
13/06/2030 07:00,0.551948052,0.551948052,0.551948052,0.551948052
13/06/2030 08:00,0.530844156,0.530844156,0.530844156,0.530844156
13/06/2030 09:00,0.641233766,0.641233766,0.641233766,0.641233766
13/06/2030 10:00,0.637987013,0.637987013,0.637987013,0.637987013
13/06/2030 11:00,0.688311688,0.688311688,0.688311688,0.688311688
13/06/2030 12:00,0.680194805,0.680194805,0.680194805,0.680194805
13/06/2030 13:00,0.788961039,0.788961039,0.788961039,0.788961039
13/06/2030 14:00,0.782467532,0.782467532,0.782467532,0.782467532
13/06/2030 15:00,0.75487013,0.75487013,0.75487013,0.75487013
13/06/2030 16:00,0.775974026,0.775974026,0.775974026,0.775974026
13/06/2030 17:00,0.712662338,0.712662338,0.712662338,0.712662338
13/06/2030 18:00,0.711038961,0.711038961,0.711038961,0.711038961
13/06/2030 19:00,0.673701299,0.673701299,0.673701299,0.673701299
13/06/2030 20:00,0.672077922,0.672077922,0.672077922,0.672077922
13/06/2030 21:00,0.756493506,0.756493506,0.756493506,0.756493506
13/06/2030 22:00,0.672077922,0.672077922,0.672077922,0.672077922
13/06/2030 23:00,0.717532468,0.717532468,0.717532468,0.717532468
14/06/2030 00:00,0.875,0.875,0.875,0.875
14/06/2030 01:00,0.691558442,0.691558442,0.691558442,0.691558442
14/06/2030 02:00,0.657467532,0.657467532,0.657467532,0.657467532
14/06/2030 03:00,0.670454545,0.670454545,0.670454545,0.670454545
14/06/2030 04:00,0.680194805,0.680194805,0.680194805,0.680194805
14/06/2030 05:00,0.662337662,0.662337662,0.662337662,0.662337662
14/06/2030 06:00,0.641233766,0.641233766,0.641233766,0.641233766
14/06/2030 07:00,0.613636364,0.613636364,0.613636364,0.613636364
14/06/2030 08:00,0.636363636,0.636363636,0.636363636,0.636363636
14/06/2030 09:00,0.625,0.625,0.625,0.625
14/06/2030 10:00,0.665584416,0.665584416,0.665584416,0.665584416
14/06/2030 11:00,0.699675325,0.699675325,0.699675325,0.699675325
14/06/2030 12:00,0.75,0.75,0.75,0.75
14/06/2030 13:00,0.715909091,0.715909091,0.715909091,0.715909091
14/06/2030 14:00,0.795454545,0.795454545,0.795454545,0.795454545
14/06/2030 15:00,0.709415584,0.709415584,0.709415584,0.709415584
14/06/2030 16:00,0.74025974,0.74025974,0.74025974,0.74025974
14/06/2030 17:00,0.748376623,0.748376623,0.748376623,0.748376623
14/06/2030 18:00,0.724025974,0.724025974,0.724025974,0.724025974
14/06/2030 19:00,0.738636364,0.738636364,0.738636364,0.738636364
14/06/2030 20:00,0.753246753,0.753246753,0.753246753,0.753246753
14/06/2030 21:00,0.788961039,0.788961039,0.788961039,0.788961039
14/06/2030 22:00,0.714285714,0.714285714,0.714285714,0.714285714
14/06/2030 23:00,0.668831169,0.668831169,0.668831169,0.668831169
15/06/2030 00:00,0.699675325,0.699675325,0.699675325,0.699675325
15/06/2030 01:00,0.689935065,0.689935065,0.689935065,0.689935065
15/06/2030 02:00,0.673701299,0.673701299,0.673701299,0.673701299
15/06/2030 03:00,0.698051948,0.698051948,0.698051948,0.698051948
15/06/2030 04:00,0.681818182,0.681818182,0.681818182,0.681818182
15/06/2030 05:00,0.702922078,0.702922078,0.702922078,0.702922078
15/06/2030 06:00,0.704545455,0.704545455,0.704545455,0.704545455
15/06/2030 07:00,0.665584416,0.665584416,0.665584416,0.665584416
15/06/2030 08:00,0.659090909,0.659090909,0.659090909,0.659090909
15/06/2030 09:00,0.642857143,0.642857143,0.642857143,0.642857143
15/06/2030 10:00,0.741883117,0.741883117,0.741883117,0.741883117
15/06/2030 11:00,0.722402597,0.722402597,0.722402597,0.722402597
15/06/2030 12:00,0.792207792,0.792207792,0.792207792,0.792207792
15/06/2030 13:00,0.779220779,0.779220779,0.779220779,0.779220779
15/06/2030 14:00,0.849025974,0.849025974,0.849025974,0.849025974
15/06/2030 15:00,0.840909091,0.840909091,0.840909091,0.840909091
15/06/2030 16:00,0.727272727,0.727272727,0.727272727,0.727272727
15/06/2030 17:00,0.707792208,0.707792208,0.707792208,0.707792208
15/06/2030 18:00,0.667207792,0.667207792,0.667207792,0.667207792
15/06/2030 19:00,0.668831169,0.668831169,0.668831169,0.668831169
15/06/2030 20:00,0.706168831,0.706168831,0.706168831,0.706168831
15/06/2030 21:00,0.725649351,0.725649351,0.725649351,0.725649351
15/06/2030 22:00,0.691558442,0.691558442,0.691558442,0.691558442
15/06/2030 23:00,0.652597403,0.652597403,0.652597403,0.652597403
16/06/2030 00:00,0.637987013,0.637987013,0.637987013,0.637987013
16/06/2030 01:00,0.670454545,0.670454545,0.670454545,0.670454545
16/06/2030 02:00,0.670454545,0.670454545,0.670454545,0.670454545
16/06/2030 03:00,0.683441558,0.683441558,0.683441558,0.683441558
16/06/2030 04:00,0.691558442,0.691558442,0.691558442,0.691558442
16/06/2030 05:00,0.689935065,0.689935065,0.689935065,0.689935065
16/06/2030 06:00,0.675324675,0.675324675,0.675324675,0.675324675
16/06/2030 07:00,0.662337662,0.662337662,0.662337662,0.662337662
16/06/2030 08:00,0.602272727,0.602272727,0.602272727,0.602272727
16/06/2030 09:00,0.646103896,0.646103896,0.646103896,0.646103896
16/06/2030 10:00,0.73538961,0.73538961,0.73538961,0.73538961
16/06/2030 11:00,0.87987013,0.87987013,0.87987013,0.87987013
16/06/2030 12:00,0.693181818,0.693181818,0.693181818,0.693181818
16/06/2030 13:00,0.737012987,0.737012987,0.737012987,0.737012987
16/06/2030 14:00,0.74512987,0.74512987,0.74512987,0.74512987
16/06/2030 15:00,0.850649351,0.850649351,0.850649351,0.850649351
16/06/2030 16:00,0.790584416,0.790584416,0.790584416,0.790584416
16/06/2030 17:00,0.732142857,0.732142857,0.732142857,0.732142857
16/06/2030 18:00,0.641233766,0.641233766,0.641233766,0.641233766
16/06/2030 19:00,0.655844156,0.655844156,0.655844156,0.655844156
16/06/2030 20:00,0.728896104,0.728896104,0.728896104,0.728896104
16/06/2030 21:00,0.657467532,0.657467532,0.657467532,0.657467532
16/06/2030 22:00,0.657467532,0.657467532,0.657467532,0.657467532
16/06/2030 23:00,0.592532468,0.592532468,0.592532468,0.592532468
17/06/2030 00:00,0.654220779,0.654220779,0.654220779,0.654220779
17/06/2030 01:00,0.642857143,0.642857143,0.642857143,0.642857143
17/06/2030 02:00,0.633116883,0.633116883,0.633116883,0.633116883
17/06/2030 03:00,0.623376623,0.623376623,0.623376623,0.623376623
17/06/2030 04:00,0.628246753,0.628246753,0.628246753,0.628246753
17/06/2030 05:00,0.618506494,0.618506494,0.618506494,0.618506494
17/06/2030 06:00,0.613636364,0.613636364,0.613636364,0.613636364
17/06/2030 07:00,0.590909091,0.590909091,0.590909091,0.590909091
17/06/2030 08:00,0.625,0.625,0.625,0.625
17/06/2030 09:00,0.592532468,0.592532468,0.592532468,0.592532468
17/06/2030 10:00,0.688311688,0.688311688,0.688311688,0.688311688
17/06/2030 11:00,0.767857143,0.767857143,0.767857143,0.767857143
17/06/2030 12:00,0.758116883,0.758116883,0.758116883,0.758116883
17/06/2030 13:00,0.704545455,0.704545455,0.704545455,0.704545455
17/06/2030 14:00,0.761363636,0.761363636,0.761363636,0.761363636
17/06/2030 15:00,0.792207792,0.792207792,0.792207792,0.792207792
17/06/2030 16:00,0.654220779,0.654220779,0.654220779,0.654220779
17/06/2030 17:00,0.667207792,0.667207792,0.667207792,0.667207792
17/06/2030 18:00,0.676948052,0.676948052,0.676948052,0.676948052
17/06/2030 19:00,0.709415584,0.709415584,0.709415584,0.709415584
17/06/2030 20:00,0.668831169,0.668831169,0.668831169,0.668831169
17/06/2030 21:00,0.728896104,0.728896104,0.728896104,0.728896104
17/06/2030 22:00,0.641233766,0.641233766,0.641233766,0.641233766
17/06/2030 23:00,0.709415584,0.709415584,0.709415584,0.709415584
18/06/2030 00:00,0.654220779,0.654220779,0.654220779,0.654220779
18/06/2030 01:00,0.654220779,0.654220779,0.654220779,0.654220779
18/06/2030 02:00,0.680194805,0.680194805,0.680194805,0.680194805
18/06/2030 03:00,0.650974026,0.650974026,0.650974026,0.650974026
18/06/2030 04:00,0.600649351,0.600649351,0.600649351,0.600649351
18/06/2030 05:00,0.667207792,0.667207792,0.667207792,0.667207792
18/06/2030 06:00,0.62987013,0.62987013,0.62987013,0.62987013
18/06/2030 07:00,0.637987013,0.637987013,0.637987013,0.637987013
18/06/2030 08:00,0.646103896,0.646103896,0.646103896,0.646103896
18/06/2030 09:00,0.573051948,0.573051948,0.573051948,0.573051948
18/06/2030 10:00,0.662337662,0.662337662,0.662337662,0.662337662
18/06/2030 11:00,0.650974026,0.650974026,0.650974026,0.650974026
18/06/2030 12:00,0.628246753,0.628246753,0.628246753,0.628246753
18/06/2030 13:00,0.647727273,0.647727273,0.647727273,0.647727273
18/06/2030 14:00,0.654220779,0.654220779,0.654220779,0.654220779
18/06/2030 15:00,0.62987013,0.62987013,0.62987013,0.62987013
18/06/2030 16:00,0.62012987,0.62012987,0.62012987,0.62012987
18/06/2030 17:00,0.602272727,0.602272727,0.602272727,0.602272727
18/06/2030 18:00,0.623376623,0.623376623,0.623376623,0.623376623
18/06/2030 19:00,0.545454545,0.545454545,0.545454545,0.545454545
18/06/2030 20:00,0.594155844,0.594155844,0.594155844,0.594155844
18/06/2030 21:00,0.756493506,0.756493506,0.756493506,0.756493506
18/06/2030 22:00,0.698051948,0.698051948,0.698051948,0.698051948
18/06/2030 23:00,0.594155844,0.594155844,0.594155844,0.594155844
19/06/2030 00:00,0.625,0.625,0.625,0.625
19/06/2030 01:00,0.662337662,0.662337662,0.662337662,0.662337662
19/06/2030 02:00,0.62012987,0.62012987,0.62012987,0.62012987
19/06/2030 03:00,0.608766234,0.608766234,0.608766234,0.608766234
19/06/2030 04:00,0.633116883,0.633116883,0.633116883,0.633116883
19/06/2030 05:00,0.673701299,0.673701299,0.673701299,0.673701299
19/06/2030 06:00,0.647727273,0.647727273,0.647727273,0.647727273
19/06/2030 07:00,0.649350649,0.649350649,0.649350649,0.649350649
19/06/2030 08:00,0.576298701,0.576298701,0.576298701,0.576298701
19/06/2030 09:00,0.573051948,0.573051948,0.573051948,0.573051948
19/06/2030 10:00,0.605519481,0.605519481,0.605519481,0.605519481
19/06/2030 11:00,0.63474026,0.63474026,0.63474026,0.63474026
19/06/2030 12:00,0.644480519,0.644480519,0.644480519,0.644480519
19/06/2030 13:00,0.650974026,0.650974026,0.650974026,0.650974026
19/06/2030 14:00,0.646103896,0.646103896,0.646103896,0.646103896
19/06/2030 15:00,0.618506494,0.618506494,0.618506494,0.618506494
19/06/2030 16:00,0.647727273,0.647727273,0.647727273,0.647727273
19/06/2030 17:00,0.655844156,0.655844156,0.655844156,0.655844156
19/06/2030 18:00,0.678571429,0.678571429,0.678571429,0.678571429
19/06/2030 19:00,0.675324675,0.675324675,0.675324675,0.675324675
19/06/2030 20:00,0.668831169,0.668831169,0.668831169,0.668831169
19/06/2030 21:00,0.717532468,0.717532468,0.717532468,0.717532468
19/06/2030 22:00,0.657467532,0.657467532,0.657467532,0.657467532
19/06/2030 23:00,0.680194805,0.680194805,0.680194805,0.680194805
20/06/2030 00:00,0.676948052,0.676948052,0.676948052,0.676948052
20/06/2030 01:00,0.702922078,0.702922078,0.702922078,0.702922078
20/06/2030 02:00,0.714285714,0.714285714,0.714285714,0.714285714
20/06/2030 03:00,0.743506494,0.743506494,0.743506494,0.743506494
20/06/2030 04:00,0.808441558,0.808441558,0.808441558,0.808441558
20/06/2030 05:00,0.766233766,0.766233766,0.766233766,0.766233766
20/06/2030 06:00,0.756493506,0.756493506,0.756493506,0.756493506
20/06/2030 07:00,0.779220779,0.779220779,0.779220779,0.779220779
20/06/2030 08:00,0.732142857,0.732142857,0.732142857,0.732142857
20/06/2030 09:00,0.712662338,0.712662338,0.712662338,0.712662338
20/06/2030 10:00,0.788961039,0.788961039,0.788961039,0.788961039
20/06/2030 11:00,0.774350649,0.774350649,0.774350649,0.774350649
20/06/2030 12:00,0.724025974,0.724025974,0.724025974,0.724025974
20/06/2030 13:00,0.748376623,0.748376623,0.748376623,0.748376623
20/06/2030 14:00,0.823051948,0.823051948,0.823051948,0.823051948
20/06/2030 15:00,0.779220779,0.779220779,0.779220779,0.779220779
20/06/2030 16:00,0.785714286,0.785714286,0.785714286,0.785714286
20/06/2030 17:00,0.775974026,0.775974026,0.775974026,0.775974026
20/06/2030 18:00,0.733766234,0.733766234,0.733766234,0.733766234
20/06/2030 19:00,0.728896104,0.728896104,0.728896104,0.728896104
20/06/2030 20:00,0.725649351,0.725649351,0.725649351,0.725649351
20/06/2030 21:00,0.688311688,0.688311688,0.688311688,0.688311688
20/06/2030 22:00,0.612012987,0.612012987,0.612012987,0.612012987
20/06/2030 23:00,0.665584416,0.665584416,0.665584416,0.665584416
21/06/2030 00:00,0.652597403,0.652597403,0.652597403,0.652597403
21/06/2030 01:00,0.662337662,0.662337662,0.662337662,0.662337662
21/06/2030 02:00,0.688311688,0.688311688,0.688311688,0.688311688
21/06/2030 03:00,0.662337662,0.662337662,0.662337662,0.662337662
21/06/2030 04:00,0.673701299,0.673701299,0.673701299,0.673701299
21/06/2030 05:00,0.702922078,0.702922078,0.702922078,0.702922078
21/06/2030 06:00,0.704545455,0.704545455,0.704545455,0.704545455
21/06/2030 07:00,0.665584416,0.665584416,0.665584416,0.665584416
21/06/2030 08:00,0.670454545,0.670454545,0.670454545,0.670454545
21/06/2030 09:00,0.673701299,0.673701299,0.673701299,0.673701299
21/06/2030 10:00,0.702922078,0.702922078,0.702922078,0.702922078
21/06/2030 11:00,0.621753247,0.621753247,0.621753247,0.621753247
21/06/2030 12:00,0.636363636,0.636363636,0.636363636,0.636363636
21/06/2030 13:00,0.733766234,0.733766234,0.733766234,0.733766234
21/06/2030 14:00,0.806818182,0.806818182,0.806818182,0.806818182
21/06/2030 15:00,0.883116883,0.883116883,0.883116883,0.883116883
21/06/2030 16:00,0.900974026,0.900974026,0.900974026,0.900974026
21/06/2030 17:00,0.886363636,0.886363636,0.886363636,0.886363636
21/06/2030 18:00,0.899350649,0.899350649,0.899350649,0.899350649
21/06/2030 19:00,0.837662338,0.837662338,0.837662338,0.837662338
21/06/2030 20:00,0.75974026,0.75974026,0.75974026,0.75974026
21/06/2030 21:00,0.717532468,0.717532468,0.717532468,0.717532468
21/06/2030 22:00,0.678571429,0.678571429,0.678571429,0.678571429
21/06/2030 23:00,0.74025974,0.74025974,0.74025974,0.74025974
22/06/2030 00:00,0.715909091,0.715909091,0.715909091,0.715909091
22/06/2030 01:00,0.652597403,0.652597403,0.652597403,0.652597403
22/06/2030 02:00,0.678571429,0.678571429,0.678571429,0.678571429
22/06/2030 03:00,0.694805195,0.694805195,0.694805195,0.694805195
22/06/2030 04:00,0.693181818,0.693181818,0.693181818,0.693181818
22/06/2030 05:00,0.672077922,0.672077922,0.672077922,0.672077922
22/06/2030 06:00,0.711038961,0.711038961,0.711038961,0.711038961
22/06/2030 07:00,0.649350649,0.649350649,0.649350649,0.649350649
22/06/2030 08:00,0.644480519,0.644480519,0.644480519,0.644480519
22/06/2030 09:00,0.631493506,0.631493506,0.631493506,0.631493506
22/06/2030 10:00,0.680194805,0.680194805,0.680194805,0.680194805
22/06/2030 11:00,0.654220779,0.654220779,0.654220779,0.654220779
22/06/2030 12:00,0.662337662,0.662337662,0.662337662,0.662337662
22/06/2030 13:00,0.701298701,0.701298701,0.701298701,0.701298701
22/06/2030 14:00,0.785714286,0.785714286,0.785714286,0.785714286
22/06/2030 15:00,0.810064935,0.810064935,0.810064935,0.810064935
22/06/2030 16:00,0.902597403,0.902597403,0.902597403,0.902597403
22/06/2030 17:00,0.920454545,0.920454545,0.920454545,0.920454545
22/06/2030 18:00,0.969155844,0.969155844,0.969155844,0.969155844
22/06/2030 19:00,0.935064935,0.935064935,0.935064935,0.935064935
22/06/2030 20:00,0.741883117,0.741883117,0.741883117,0.741883117
22/06/2030 21:00,0.663961039,0.663961039,0.663961039,0.663961039
22/06/2030 22:00,0.654220779,0.654220779,0.654220779,0.654220779
22/06/2030 23:00,0.663961039,0.663961039,0.663961039,0.663961039
23/06/2030 00:00,0.707792208,0.707792208,0.707792208,0.707792208
23/06/2030 01:00,0.696428571,0.696428571,0.696428571,0.696428571
23/06/2030 02:00,0.693181818,0.693181818,0.693181818,0.693181818
23/06/2030 03:00,0.702922078,0.702922078,0.702922078,0.702922078
23/06/2030 04:00,0.711038961,0.711038961,0.711038961,0.711038961
23/06/2030 05:00,0.702922078,0.702922078,0.702922078,0.702922078
23/06/2030 06:00,0.691558442,0.691558442,0.691558442,0.691558442
23/06/2030 07:00,0.698051948,0.698051948,0.698051948,0.698051948
23/06/2030 08:00,0.628246753,0.628246753,0.628246753,0.628246753
23/06/2030 09:00,0.668831169,0.668831169,0.668831169,0.668831169
23/06/2030 10:00,0.699675325,0.699675325,0.699675325,0.699675325
23/06/2030 11:00,0.693181818,0.693181818,0.693181818,0.693181818
23/06/2030 12:00,0.707792208,0.707792208,0.707792208,0.707792208
23/06/2030 13:00,0.782467532,0.782467532,0.782467532,0.782467532
23/06/2030 14:00,0.715909091,0.715909091,0.715909091,0.715909091
23/06/2030 15:00,0.941558442,0.941558442,0.941558442,0.941558442
23/06/2030 16:00,0.977272727,0.977272727,0.977272727,0.977272727
23/06/2030 17:00,0.925324675,0.925324675,0.925324675,0.925324675
23/06/2030 18:00,0.883116883,0.883116883,0.883116883,0.883116883
23/06/2030 19:00,0.87012987,0.87012987,0.87012987,0.87012987
23/06/2030 20:00,0.75974026,0.75974026,0.75974026,0.75974026
23/06/2030 21:00,0.670454545,0.670454545,0.670454545,0.670454545
23/06/2030 22:00,0.644480519,0.644480519,0.644480519,0.644480519
23/06/2030 23:00,0.672077922,0.672077922,0.672077922,0.672077922
24/06/2030 00:00,0.641233766,0.641233766,0.641233766,0.641233766
24/06/2030 01:00,0.704545455,0.704545455,0.704545455,0.704545455
24/06/2030 02:00,0.73538961,0.73538961,0.73538961,0.73538961
24/06/2030 03:00,0.730519481,0.730519481,0.730519481,0.730519481
24/06/2030 04:00,0.709415584,0.709415584,0.709415584,0.709415584
24/06/2030 05:00,0.681818182,0.681818182,0.681818182,0.681818182
24/06/2030 06:00,0.668831169,0.668831169,0.668831169,0.668831169
24/06/2030 07:00,0.657467532,0.657467532,0.657467532,0.657467532
24/06/2030 08:00,0.659090909,0.659090909,0.659090909,0.659090909
24/06/2030 09:00,0.636363636,0.636363636,0.636363636,0.636363636
24/06/2030 10:00,0.696428571,0.696428571,0.696428571,0.696428571
24/06/2030 11:00,0.784090909,0.784090909,0.784090909,0.784090909
24/06/2030 12:00,0.842532468,0.842532468,0.842532468,0.842532468
24/06/2030 13:00,0.806818182,0.806818182,0.806818182,0.806818182
24/06/2030 14:00,0.876623377,0.876623377,0.876623377,0.876623377
24/06/2030 15:00,0.933441558,0.933441558,0.933441558,0.933441558
24/06/2030 16:00,0.834415584,0.834415584,0.834415584,0.834415584
24/06/2030 17:00,0.842532468,0.842532468,0.842532468,0.842532468
24/06/2030 18:00,0.805194805,0.805194805,0.805194805,0.805194805
24/06/2030 19:00,0.816558442,0.816558442,0.816558442,0.816558442
24/06/2030 20:00,0.714285714,0.714285714,0.714285714,0.714285714
24/06/2030 21:00,0.706168831,0.706168831,0.706168831,0.706168831
24/06/2030 22:00,0.683441558,0.683441558,0.683441558,0.683441558
24/06/2030 23:00,0.686688312,0.686688312,0.686688312,0.686688312
25/06/2030 00:00,0.631493506,0.631493506,0.631493506,0.631493506
25/06/2030 01:00,0.672077922,0.672077922,0.672077922,0.672077922
25/06/2030 02:00,0.706168831,0.706168831,0.706168831,0.706168831
25/06/2030 03:00,0.691558442,0.691558442,0.691558442,0.691558442
25/06/2030 04:00,0.767857143,0.767857143,0.767857143,0.767857143
25/06/2030 05:00,0.737012987,0.737012987,0.737012987,0.737012987
25/06/2030 06:00,0.772727273,0.772727273,0.772727273,0.772727273
25/06/2030 07:00,0.720779221,0.720779221,0.720779221,0.720779221
25/06/2030 08:00,0.75974026,0.75974026,0.75974026,0.75974026
25/06/2030 09:00,0.787337662,0.787337662,0.787337662,0.787337662
25/06/2030 10:00,0.868506494,0.868506494,0.868506494,0.868506494
25/06/2030 11:00,0.850649351,0.850649351,0.850649351,0.850649351
25/06/2030 12:00,0.839285714,0.839285714,0.839285714,0.839285714
25/06/2030 13:00,0.814935065,0.814935065,0.814935065,0.814935065
25/06/2030 14:00,0.717532468,0.717532468,0.717532468,0.717532468
25/06/2030 15:00,0.732142857,0.732142857,0.732142857,0.732142857
25/06/2030 16:00,0.725649351,0.725649351,0.725649351,0.725649351
25/06/2030 17:00,0.720779221,0.720779221,0.720779221,0.720779221
25/06/2030 18:00,0.733766234,0.733766234,0.733766234,0.733766234
25/06/2030 19:00,0.681818182,0.681818182,0.681818182,0.681818182
25/06/2030 20:00,0.650974026,0.650974026,0.650974026,0.650974026
25/06/2030 21:00,0.646103896,0.646103896,0.646103896,0.646103896
25/06/2030 22:00,0.641233766,0.641233766,0.641233766,0.641233766
25/06/2030 23:00,0.675324675,0.675324675,0.675324675,0.675324675
26/06/2030 00:00,0.709415584,0.709415584,0.709415584,0.709415584
26/06/2030 01:00,0.746753247,0.746753247,0.746753247,0.746753247
26/06/2030 02:00,0.711038961,0.711038961,0.711038961,0.711038961
26/06/2030 03:00,0.681818182,0.681818182,0.681818182,0.681818182
26/06/2030 04:00,0.688311688,0.688311688,0.688311688,0.688311688
26/06/2030 05:00,0.717532468,0.717532468,0.717532468,0.717532468
26/06/2030 06:00,0.706168831,0.706168831,0.706168831,0.706168831
26/06/2030 07:00,0.727272727,0.727272727,0.727272727,0.727272727
26/06/2030 08:00,0.727272727,0.727272727,0.727272727,0.727272727
26/06/2030 09:00,0.667207792,0.667207792,0.667207792,0.667207792
26/06/2030 10:00,0.715909091,0.715909091,0.715909091,0.715909091
26/06/2030 11:00,0.657467532,0.657467532,0.657467532,0.657467532
26/06/2030 12:00,0.675324675,0.675324675,0.675324675,0.675324675
26/06/2030 13:00,0.675324675,0.675324675,0.675324675,0.675324675
26/06/2030 14:00,0.633116883,0.633116883,0.633116883,0.633116883
26/06/2030 15:00,0.689935065,0.689935065,0.689935065,0.689935065
26/06/2030 16:00,0.73538961,0.73538961,0.73538961,0.73538961
26/06/2030 17:00,0.676948052,0.676948052,0.676948052,0.676948052
26/06/2030 18:00,0.665584416,0.665584416,0.665584416,0.665584416
26/06/2030 19:00,0.61038961,0.61038961,0.61038961,0.61038961
26/06/2030 20:00,0.660714286,0.660714286,0.660714286,0.660714286
26/06/2030 21:00,0.691558442,0.691558442,0.691558442,0.691558442
26/06/2030 22:00,0.659090909,0.659090909,0.659090909,0.659090909
26/06/2030 23:00,0.722402597,0.722402597,0.722402597,0.722402597
27/06/2030 00:00,0.701298701,0.701298701,0.701298701,0.701298701
27/06/2030 01:00,0.676948052,0.676948052,0.676948052,0.676948052
27/06/2030 02:00,0.649350649,0.649350649,0.649350649,0.649350649
27/06/2030 03:00,0.711038961,0.711038961,0.711038961,0.711038961
27/06/2030 04:00,0.673701299,0.673701299,0.673701299,0.673701299
27/06/2030 05:00,0.743506494,0.743506494,0.743506494,0.743506494
27/06/2030 06:00,0.758116883,0.758116883,0.758116883,0.758116883
27/06/2030 07:00,0.717532468,0.717532468,0.717532468,0.717532468
27/06/2030 08:00,0.709415584,0.709415584,0.709415584,0.709415584
27/06/2030 09:00,0.696428571,0.696428571,0.696428571,0.696428571
27/06/2030 10:00,0.771103896,0.771103896,0.771103896,0.771103896
27/06/2030 11:00,0.831168831,0.831168831,0.831168831,0.831168831
27/06/2030 12:00,0.811688312,0.811688312,0.811688312,0.811688312
27/06/2030 13:00,0.775974026,0.775974026,0.775974026,0.775974026
27/06/2030 14:00,0.86525974,0.86525974,0.86525974,0.86525974
27/06/2030 15:00,0.821428571,0.821428571,0.821428571,0.821428571
27/06/2030 16:00,0.842532468,0.842532468,0.842532468,0.842532468
27/06/2030 17:00,0.86038961,0.86038961,0.86038961,0.86038961
27/06/2030 18:00,0.800324675,0.800324675,0.800324675,0.800324675
27/06/2030 19:00,0.819805195,0.819805195,0.819805195,0.819805195
27/06/2030 20:00,0.793831169,0.793831169,0.793831169,0.793831169
27/06/2030 21:00,0.74025974,0.74025974,0.74025974,0.74025974
27/06/2030 22:00,0.795454545,0.795454545,0.795454545,0.795454545
27/06/2030 23:00,0.704545455,0.704545455,0.704545455,0.704545455
28/06/2030 00:00,0.688311688,0.688311688,0.688311688,0.688311688
28/06/2030 01:00,0.74512987,0.74512987,0.74512987,0.74512987
28/06/2030 02:00,0.688311688,0.688311688,0.688311688,0.688311688
28/06/2030 03:00,0.707792208,0.707792208,0.707792208,0.707792208
28/06/2030 04:00,0.785714286,0.785714286,0.785714286,0.785714286
28/06/2030 05:00,0.75974026,0.75974026,0.75974026,0.75974026
28/06/2030 06:00,0.834415584,0.834415584,0.834415584,0.834415584
28/06/2030 07:00,0.777597403,0.777597403,0.777597403,0.777597403
28/06/2030 08:00,0.853896104,0.853896104,0.853896104,0.853896104
28/06/2030 09:00,0.855519481,0.855519481,0.855519481,0.855519481
28/06/2030 10:00,0.797077922,0.797077922,0.797077922,0.797077922
28/06/2030 11:00,0.792207792,0.792207792,0.792207792,0.792207792
28/06/2030 12:00,0.819805195,0.819805195,0.819805195,0.819805195
28/06/2030 13:00,0.819805195,0.819805195,0.819805195,0.819805195
28/06/2030 14:00,0.847402597,0.847402597,0.847402597,0.847402597
28/06/2030 15:00,0.894480519,0.894480519,0.894480519,0.894480519
28/06/2030 16:00,0.913961039,0.913961039,0.913961039,0.913961039
28/06/2030 17:00,0.836038961,0.836038961,0.836038961,0.836038961
28/06/2030 18:00,0.871753247,0.871753247,0.871753247,0.871753247
28/06/2030 19:00,0.849025974,0.849025974,0.849025974,0.849025974
28/06/2030 20:00,0.87987013,0.87987013,0.87987013,0.87987013
28/06/2030 21:00,0.902597403,0.902597403,0.902597403,0.902597403
28/06/2030 22:00,0.790584416,0.790584416,0.790584416,0.790584416
28/06/2030 23:00,0.756493506,0.756493506,0.756493506,0.756493506
29/06/2030 00:00,0.816558442,0.816558442,0.816558442,0.816558442
29/06/2030 01:00,0.771103896,0.771103896,0.771103896,0.771103896
29/06/2030 02:00,0.728896104,0.728896104,0.728896104,0.728896104
29/06/2030 03:00,0.727272727,0.727272727,0.727272727,0.727272727
29/06/2030 04:00,0.816558442,0.816558442,0.816558442,0.816558442
29/06/2030 05:00,0.75974026,0.75974026,0.75974026,0.75974026
29/06/2030 06:00,0.73538961,0.73538961,0.73538961,0.73538961
29/06/2030 07:00,0.751623377,0.751623377,0.751623377,0.751623377
29/06/2030 08:00,0.801948052,0.801948052,0.801948052,0.801948052
29/06/2030 09:00,0.826298701,0.826298701,0.826298701,0.826298701
29/06/2030 10:00,0.87012987,0.87012987,0.87012987,0.87012987
29/06/2030 11:00,0.957792208,0.957792208,0.957792208,0.957792208
29/06/2030 12:00,0.849025974,0.849025974,0.849025974,0.849025974
29/06/2030 13:00,0.845779221,0.845779221,0.845779221,0.845779221
29/06/2030 14:00,0.909090909,0.909090909,0.909090909,0.909090909
29/06/2030 15:00,1,1,1,1
29/06/2030 16:00,0.956168831,0.956168831,0.956168831,0.956168831
29/06/2030 17:00,0.954545455,0.954545455,0.954545455,0.954545455
29/06/2030 18:00,0.954545455,0.954545455,0.954545455,0.954545455
29/06/2030 19:00,0.957792208,0.957792208,0.957792208,0.957792208
29/06/2030 20:00,0.926948052,0.926948052,0.926948052,0.926948052
29/06/2030 21:00,0.923701299,0.923701299,0.923701299,0.923701299
29/06/2030 22:00,0.853896104,0.853896104,0.853896104,0.853896104
29/06/2030 23:00,0.717532468,0.717532468,0.717532468,0.717532468
30/06/2030 00:00,0.672077922,0.672077922,0.672077922,0.672077922
30/06/2030 01:00,0.649350649,0.649350649,0.649350649,0.649350649
30/06/2030 02:00,0.623376623,0.623376623,0.623376623,0.623376623
30/06/2030 03:00,0.681818182,0.681818182,0.681818182,0.681818182
30/06/2030 04:00,0.657467532,0.657467532,0.657467532,0.657467532
30/06/2030 05:00,0.654220779,0.654220779,0.654220779,0.654220779
30/06/2030 06:00,0.662337662,0.662337662,0.662337662,0.662337662
30/06/2030 07:00,0.63961039,0.63961039,0.63961039,0.63961039
30/06/2030 08:00,0.647727273,0.647727273,0.647727273,0.647727273
30/06/2030 09:00,0.659090909,0.659090909,0.659090909,0.659090909
30/06/2030 10:00,0.784090909,0.784090909,0.784090909,0.784090909
30/06/2030 11:00,0.746753247,0.746753247,0.746753247,0.746753247
30/06/2030 12:00,0.766233766,0.766233766,0.766233766,0.766233766
30/06/2030 13:00,0.818181818,0.818181818,0.818181818,0.818181818
30/06/2030 14:00,0.798701299,0.798701299,0.798701299,0.798701299
30/06/2030 15:00,0.883116883,0.883116883,0.883116883,0.883116883
30/06/2030 16:00,0.99025974,0.99025974,0.99025974,0.99025974
30/06/2030 17:00,0.922077922,0.922077922,0.922077922,0.922077922
30/06/2030 18:00,0.896103896,0.896103896,0.896103896,0.896103896
30/06/2030 19:00,0.836038961,0.836038961,0.836038961,0.836038961
30/06/2030 20:00,0.816558442,0.816558442,0.816558442,0.816558442
30/06/2030 21:00,0.821428571,0.821428571,0.821428571,0.821428571
30/06/2030 22:00,0.780844156,0.780844156,0.780844156,0.780844156
30/06/2030 23:00,0.644480519,0.644480519,0.644480519,0.644480519
01/07/2030 00:00,0.5410691,0.5410691,0.5410691,0.5410691
01/07/2030 01:00,0.516297262,0.516297262,0.516297262,0.516297262
01/07/2030 02:00,0.531942634,0.531942634,0.531942634,0.531942634
01/07/2030 03:00,0.531942634,0.531942634,0.531942634,0.531942634
01/07/2030 04:00,0.533246415,0.533246415,0.533246415,0.533246415
01/07/2030 05:00,0.555410691,0.555410691,0.555410691,0.555410691
01/07/2030 06:00,0.564537158,0.564537158,0.564537158,0.564537158
01/07/2030 07:00,0.538461538,0.538461538,0.538461538,0.538461538
01/07/2030 08:00,0.52672751,0.52672751,0.52672751,0.52672751
01/07/2030 09:00,0.521512386,0.521512386,0.521512386,0.521512386
01/07/2030 10:00,0.564537158,0.564537158,0.564537158,0.564537158
01/07/2030 11:00,0.638852673,0.638852673,0.638852673,0.638852673
01/07/2030 12:00,0.62190352,0.62190352,0.62190352,0.62190352
01/07/2030 13:00,0.668839635,0.668839635,0.668839635,0.668839635
01/07/2030 14:00,0.668839635,0.668839635,0.668839635,0.668839635
01/07/2030 15:00,0.701434159,0.701434159,0.701434159,0.701434159
01/07/2030 16:00,0.679269883,0.679269883,0.679269883,0.679269883
01/07/2030 17:00,0.719687093,0.719687093,0.719687093,0.719687093
01/07/2030 18:00,0.666232073,0.666232073,0.666232073,0.666232073
01/07/2030 19:00,0.670143416,0.670143416,0.670143416,0.670143416
01/07/2030 20:00,0.701434159,0.701434159,0.701434159,0.701434159
01/07/2030 21:00,0.629726206,0.629726206,0.629726206,0.629726206
01/07/2030 22:00,0.603650587,0.603650587,0.603650587,0.603650587
01/07/2030 23:00,0.542372881,0.542372881,0.542372881,0.542372881
02/07/2030 00:00,0.550195567,0.550195567,0.550195567,0.550195567
02/07/2030 01:00,0.528031291,0.528031291,0.528031291,0.528031291
02/07/2030 02:00,0.521512386,0.521512386,0.521512386,0.521512386
02/07/2030 03:00,0.524119948,0.524119948,0.524119948,0.524119948
02/07/2030 04:00,0.543676662,0.543676662,0.543676662,0.543676662
02/07/2030 05:00,0.551499348,0.551499348,0.551499348,0.551499348
02/07/2030 06:00,0.5410691,0.5410691,0.5410691,0.5410691
02/07/2030 07:00,0.512385919,0.512385919,0.512385919,0.512385919
02/07/2030 08:00,0.550195567,0.550195567,0.550195567,0.550195567
02/07/2030 09:00,0.512385919,0.512385919,0.512385919,0.512385919
02/07/2030 10:00,0.479791395,0.479791395,0.479791395,0.479791395
02/07/2030 11:00,0.482398957,0.482398957,0.482398957,0.482398957
02/07/2030 12:00,0.487614081,0.487614081,0.487614081,0.487614081
02/07/2030 13:00,0.496740548,0.496740548,0.496740548,0.496740548
02/07/2030 14:00,0.5410691,0.5410691,0.5410691,0.5410691
02/07/2030 15:00,0.531942634,0.531942634,0.531942634,0.531942634
02/07/2030 16:00,0.571056063,0.571056063,0.571056063,0.571056063
02/07/2030 17:00,0.538461538,0.538461538,0.538461538,0.538461538
02/07/2030 18:00,0.498044329,0.498044329,0.498044329,0.498044329
02/07/2030 19:00,0.518904824,0.518904824,0.518904824,0.518904824
02/07/2030 20:00,0.525423729,0.525423729,0.525423729,0.525423729
02/07/2030 21:00,0.563233377,0.563233377,0.563233377,0.563233377
02/07/2030 22:00,0.538461538,0.538461538,0.538461538,0.538461538
02/07/2030 23:00,0.569752282,0.569752282,0.569752282,0.569752282
03/07/2030 00:00,0.537157757,0.537157757,0.537157757,0.537157757
03/07/2030 01:00,0.595827901,0.595827901,0.595827901,0.595827901
03/07/2030 02:00,0.578878748,0.578878748,0.578878748,0.578878748
03/07/2030 03:00,0.558018253,0.558018253,0.558018253,0.558018253
03/07/2030 04:00,0.555410691,0.555410691,0.555410691,0.555410691
03/07/2030 05:00,0.550195567,0.550195567,0.550195567,0.550195567
03/07/2030 06:00,0.550195567,0.550195567,0.550195567,0.550195567
03/07/2030 07:00,0.551499348,0.551499348,0.551499348,0.551499348
03/07/2030 08:00,0.56714472,0.56714472,0.56714472,0.56714472
03/07/2030 09:00,0.537157757,0.537157757,0.537157757,0.537157757
03/07/2030 10:00,0.507170795,0.507170795,0.507170795,0.507170795
03/07/2030 11:00,0.512385919,0.512385919,0.512385919,0.512385919
03/07/2030 12:00,0.556714472,0.556714472,0.556714472,0.556714472
03/07/2030 13:00,0.529335072,0.529335072,0.529335072,0.529335072
03/07/2030 14:00,0.544980443,0.544980443,0.544980443,0.544980443
03/07/2030 15:00,0.52672751,0.52672751,0.52672751,0.52672751
03/07/2030 16:00,0.538461538,0.538461538,0.538461538,0.538461538
03/07/2030 17:00,0.522816167,0.522816167,0.522816167,0.522816167
03/07/2030 18:00,0.505867014,0.505867014,0.505867014,0.505867014
03/07/2030 19:00,0.503259452,0.503259452,0.503259452,0.503259452
03/07/2030 20:00,0.514993481,0.514993481,0.514993481,0.514993481
03/07/2030 21:00,0.538461538,0.538461538,0.538461538,0.538461538
03/07/2030 22:00,0.535853977,0.535853977,0.535853977,0.535853977
03/07/2030 23:00,0.552803129,0.552803129,0.552803129,0.552803129
04/07/2030 00:00,0.56714472,0.56714472,0.56714472,0.56714472
04/07/2030 01:00,0.546284224,0.546284224,0.546284224,0.546284224
04/07/2030 02:00,0.563233377,0.563233377,0.563233377,0.563233377
04/07/2030 03:00,0.565840939,0.565840939,0.565840939,0.565840939
04/07/2030 04:00,0.535853977,0.535853977,0.535853977,0.535853977
04/07/2030 05:00,0.563233377,0.563233377,0.563233377,0.563233377
04/07/2030 06:00,0.552803129,0.552803129,0.552803129,0.552803129
04/07/2030 07:00,0.578878748,0.578878748,0.578878748,0.578878748
04/07/2030 08:00,0.599739244,0.599739244,0.599739244,0.599739244
04/07/2030 09:00,0.645371578,0.645371578,0.645371578,0.645371578
04/07/2030 10:00,0.620599739,0.620599739,0.620599739,0.620599739
04/07/2030 11:00,0.63494133,0.63494133,0.63494133,0.63494133
04/07/2030 12:00,0.666232073,0.666232073,0.666232073,0.666232073
04/07/2030 13:00,0.659713168,0.659713168,0.659713168,0.659713168
04/07/2030 14:00,0.710560626,0.710560626,0.710560626,0.710560626
04/07/2030 15:00,0.667535854,0.667535854,0.667535854,0.667535854
04/07/2030 16:00,0.66232073,0.66232073,0.66232073,0.66232073
04/07/2030 17:00,0.645371578,0.645371578,0.645371578,0.645371578
04/07/2030 18:00,0.640156454,0.640156454,0.640156454,0.640156454
04/07/2030 19:00,0.612777053,0.612777053,0.612777053,0.612777053
04/07/2030 20:00,0.573663625,0.573663625,0.573663625,0.573663625
04/07/2030 21:00,0.612777053,0.612777053,0.612777053,0.612777053
04/07/2030 22:00,0.52672751,0.52672751,0.52672751,0.52672751
04/07/2030 23:00,0.5136897,0.5136897,0.5136897,0.5136897
05/07/2030 00:00,0.544980443,0.544980443,0.544980443,0.544980443
05/07/2030 01:00,0.55410691,0.55410691,0.55410691,0.55410691
05/07/2030 02:00,0.563233377,0.563233377,0.563233377,0.563233377
05/07/2030 03:00,0.552803129,0.552803129,0.552803129,0.552803129
05/07/2030 04:00,0.571056063,0.571056063,0.571056063,0.571056063
05/07/2030 05:00,0.561929596,0.561929596,0.561929596,0.561929596
05/07/2030 06:00,0.558018253,0.558018253,0.558018253,0.558018253
05/07/2030 07:00,0.628422425,0.628422425,0.628422425,0.628422425
05/07/2030 08:00,0.590612777,0.590612777,0.590612777,0.590612777
05/07/2030 09:00,0.697522816,0.697522816,0.697522816,0.697522816
05/07/2030 10:00,0.659713168,0.659713168,0.659713168,0.659713168
05/07/2030 11:00,0.663624511,0.663624511,0.663624511,0.663624511
05/07/2030 12:00,0.692307692,0.692307692,0.692307692,0.692307692
05/07/2030 13:00,0.700130378,0.700130378,0.700130378,0.700130378
05/07/2030 14:00,0.710560626,0.710560626,0.710560626,0.710560626
05/07/2030 15:00,0.767926988,0.767926988,0.767926988,0.767926988
05/07/2030 16:00,0.704041721,0.704041721,0.704041721,0.704041721
05/07/2030 17:00,0.683181226,0.683181226,0.683181226,0.683181226
05/07/2030 18:00,0.727509778,0.727509778,0.727509778,0.727509778
05/07/2030 19:00,0.710560626,0.710560626,0.710560626,0.710560626
05/07/2030 20:00,0.701434159,0.701434159,0.701434159,0.701434159
05/07/2030 21:00,0.713168188,0.713168188,0.713168188,0.713168188
05/07/2030 22:00,0.668839635,0.668839635,0.668839635,0.668839635
05/07/2030 23:00,0.556714472,0.556714472,0.556714472,0.556714472
06/07/2030 00:00,0.548891786,0.548891786,0.548891786,0.548891786
06/07/2030 01:00,0.580182529,0.580182529,0.580182529,0.580182529
06/07/2030 02:00,0.590612777,0.590612777,0.590612777,0.590612777
06/07/2030 03:00,0.624511082,0.624511082,0.624511082,0.624511082
06/07/2030 04:00,0.578878748,0.578878748,0.578878748,0.578878748
06/07/2030 05:00,0.590612777,0.590612777,0.590612777,0.590612777
06/07/2030 06:00,0.627118644,0.627118644,0.627118644,0.627118644
06/07/2030 07:00,0.561929596,0.561929596,0.561929596,0.561929596
06/07/2030 08:00,0.666232073,0.666232073,0.666232073,0.666232073
06/07/2030 09:00,0.691003911,0.691003911,0.691003911,0.691003911
06/07/2030 10:00,0.692307692,0.692307692,0.692307692,0.692307692
06/07/2030 11:00,0.752281617,0.752281617,0.752281617,0.752281617
06/07/2030 12:00,0.68970013,0.68970013,0.68970013,0.68970013
06/07/2030 13:00,0.724902216,0.724902216,0.724902216,0.724902216
06/07/2030 14:00,0.726205997,0.726205997,0.726205997,0.726205997
06/07/2030 15:00,0.727509778,0.727509778,0.727509778,0.727509778
06/07/2030 16:00,0.719687093,0.719687093,0.719687093,0.719687093
06/07/2030 17:00,0.698826597,0.698826597,0.698826597,0.698826597
06/07/2030 18:00,0.717079531,0.717079531,0.717079531,0.717079531
06/07/2030 19:00,0.744458931,0.744458931,0.744458931,0.744458931
06/07/2030 20:00,0.713168188,0.713168188,0.713168188,0.713168188
06/07/2030 21:00,0.710560626,0.710560626,0.710560626,0.710560626
06/07/2030 22:00,0.623207301,0.623207301,0.623207301,0.623207301
06/07/2030 23:00,0.577574967,0.577574967,0.577574967,0.577574967
07/07/2030 00:00,0.5136897,0.5136897,0.5136897,0.5136897
07/07/2030 01:00,0.52672751,0.52672751,0.52672751,0.52672751
07/07/2030 02:00,0.530638853,0.530638853,0.530638853,0.530638853
07/07/2030 03:00,0.5136897,0.5136897,0.5136897,0.5136897
07/07/2030 04:00,0.529335072,0.529335072,0.529335072,0.529335072
07/07/2030 05:00,0.496740548,0.496740548,0.496740548,0.496740548
07/07/2030 06:00,0.503259452,0.503259452,0.503259452,0.503259452
07/07/2030 07:00,0.537157757,0.537157757,0.537157757,0.537157757
07/07/2030 08:00,0.49934811,0.49934811,0.49934811,0.49934811
07/07/2030 09:00,0.498044329,0.498044329,0.498044329,0.498044329
07/07/2030 10:00,0.520208605,0.520208605,0.520208605,0.520208605
07/07/2030 11:00,0.694915254,0.694915254,0.694915254,0.694915254
07/07/2030 12:00,0.694915254,0.694915254,0.694915254,0.694915254
07/07/2030 13:00,0.701434159,0.701434159,0.701434159,0.701434159
07/07/2030 14:00,0.709256845,0.709256845,0.709256845,0.709256845
07/07/2030 15:00,0.761408083,0.761408083,0.761408083,0.761408083
07/07/2030 16:00,0.68970013,0.68970013,0.68970013,0.68970013
07/07/2030 17:00,0.655801825,0.655801825,0.655801825,0.655801825
07/07/2030 18:00,0.67535854,0.67535854,0.67535854,0.67535854
07/07/2030 19:00,0.681877445,0.681877445,0.681877445,0.681877445
07/07/2030 20:00,0.640156454,0.640156454,0.640156454,0.640156454
07/07/2030 21:00,0.640156454,0.640156454,0.640156454,0.640156454
07/07/2030 22:00,0.591916558,0.591916558,0.591916558,0.591916558
07/07/2030 23:00,0.512385919,0.512385919,0.512385919,0.512385919
08/07/2030 00:00,0.49934811,0.49934811,0.49934811,0.49934811
08/07/2030 01:00,0.5136897,0.5136897,0.5136897,0.5136897
08/07/2030 02:00,0.490221643,0.490221643,0.490221643,0.490221643
08/07/2030 03:00,0.511082138,0.511082138,0.511082138,0.511082138
08/07/2030 04:00,0.492829205,0.492829205,0.492829205,0.492829205
08/07/2030 05:00,0.514993481,0.514993481,0.514993481,0.514993481
08/07/2030 06:00,0.509778357,0.509778357,0.509778357,0.509778357
08/07/2030 07:00,0.505867014,0.505867014,0.505867014,0.505867014
08/07/2030 08:00,0.650586701,0.650586701,0.650586701,0.650586701
08/07/2030 09:00,0.642764016,0.642764016,0.642764016,0.642764016
08/07/2030 10:00,0.62190352,0.62190352,0.62190352,0.62190352
08/07/2030 11:00,0.68970013,0.68970013,0.68970013,0.68970013
08/07/2030 12:00,0.68970013,0.68970013,0.68970013,0.68970013
08/07/2030 13:00,0.692307692,0.692307692,0.692307692,0.692307692
08/07/2030 14:00,0.661016949,0.661016949,0.661016949,0.661016949
08/07/2030 15:00,0.671447197,0.671447197,0.671447197,0.671447197
08/07/2030 16:00,0.710560626,0.710560626,0.710560626,0.710560626
08/07/2030 17:00,0.700130378,0.700130378,0.700130378,0.700130378
08/07/2030 18:00,0.680573664,0.680573664,0.680573664,0.680573664
08/07/2030 19:00,0.651890482,0.651890482,0.651890482,0.651890482
08/07/2030 20:00,0.637548892,0.637548892,0.637548892,0.637548892
08/07/2030 21:00,0.651890482,0.651890482,0.651890482,0.651890482
08/07/2030 22:00,0.64928292,0.64928292,0.64928292,0.64928292
08/07/2030 23:00,0.546284224,0.546284224,0.546284224,0.546284224
09/07/2030 00:00,0.514993481,0.514993481,0.514993481,0.514993481
09/07/2030 01:00,0.5136897,0.5136897,0.5136897,0.5136897
09/07/2030 02:00,0.543676662,0.543676662,0.543676662,0.543676662
09/07/2030 03:00,0.504563233,0.504563233,0.504563233,0.504563233
09/07/2030 04:00,0.522816167,0.522816167,0.522816167,0.522816167
09/07/2030 05:00,0.534550196,0.534550196,0.534550196,0.534550196
09/07/2030 06:00,0.548891786,0.548891786,0.548891786,0.548891786
09/07/2030 07:00,0.569752282,0.569752282,0.569752282,0.569752282
09/07/2030 08:00,0.578878748,0.578878748,0.578878748,0.578878748
09/07/2030 09:00,0.588005215,0.588005215,0.588005215,0.588005215
09/07/2030 10:00,0.657105606,0.657105606,0.657105606,0.657105606
09/07/2030 11:00,0.637548892,0.637548892,0.637548892,0.637548892
09/07/2030 12:00,0.640156454,0.640156454,0.640156454,0.640156454
09/07/2030 13:00,0.611473272,0.611473272,0.611473272,0.611473272
09/07/2030 14:00,0.707953064,0.707953064,0.707953064,0.707953064
09/07/2030 15:00,0.651890482,0.651890482,0.651890482,0.651890482
09/07/2030 16:00,0.717079531,0.717079531,0.717079531,0.717079531
09/07/2030 17:00,0.680573664,0.680573664,0.680573664,0.680573664
09/07/2030 18:00,0.666232073,0.666232073,0.666232073,0.666232073
09/07/2030 19:00,0.727509778,0.727509778,0.727509778,0.727509778
09/07/2030 20:00,0.627118644,0.627118644,0.627118644,0.627118644
09/07/2030 21:00,0.629726206,0.629726206,0.629726206,0.629726206
09/07/2030 22:00,0.608865711,0.608865711,0.608865711,0.608865711
09/07/2030 23:00,0.550195567,0.550195567,0.550195567,0.550195567
10/07/2030 00:00,0.518904824,0.518904824,0.518904824,0.518904824
10/07/2030 01:00,0.522816167,0.522816167,0.522816167,0.522816167
10/07/2030 02:00,0.5410691,0.5410691,0.5410691,0.5410691
10/07/2030 03:00,0.512385919,0.512385919,0.512385919,0.512385919
10/07/2030 04:00,0.542372881,0.542372881,0.542372881,0.542372881
10/07/2030 05:00,0.538461538,0.538461538,0.538461538,0.538461538
10/07/2030 06:00,0.558018253,0.558018253,0.558018253,0.558018253
10/07/2030 07:00,0.529335072,0.529335072,0.529335072,0.529335072
10/07/2030 08:00,0.551499348,0.551499348,0.551499348,0.551499348
10/07/2030 09:00,0.543676662,0.543676662,0.543676662,0.543676662
10/07/2030 10:00,0.504563233,0.504563233,0.504563233,0.504563233
10/07/2030 11:00,0.56714472,0.56714472,0.56714472,0.56714472
10/07/2030 12:00,0.555410691,0.555410691,0.555410691,0.555410691
10/07/2030 13:00,0.524119948,0.524119948,0.524119948,0.524119948
10/07/2030 14:00,0.529335072,0.529335072,0.529335072,0.529335072
10/07/2030 15:00,0.546284224,0.546284224,0.546284224,0.546284224
10/07/2030 16:00,0.544980443,0.544980443,0.544980443,0.544980443
10/07/2030 17:00,0.5410691,0.5410691,0.5410691,0.5410691
10/07/2030 18:00,0.558018253,0.558018253,0.558018253,0.558018253
10/07/2030 19:00,0.508474576,0.508474576,0.508474576,0.508474576
10/07/2030 20:00,0.5136897,0.5136897,0.5136897,0.5136897
10/07/2030 21:00,0.509778357,0.509778357,0.509778357,0.509778357
10/07/2030 22:00,0.509778357,0.509778357,0.509778357,0.509778357
10/07/2030 23:00,0.516297262,0.516297262,0.516297262,0.516297262
11/07/2030 00:00,0.5136897,0.5136897,0.5136897,0.5136897
11/07/2030 01:00,0.564537158,0.564537158,0.564537158,0.564537158
11/07/2030 02:00,0.561929596,0.561929596,0.561929596,0.561929596
11/07/2030 03:00,0.598435463,0.598435463,0.598435463,0.598435463
11/07/2030 04:00,0.560625815,0.560625815,0.560625815,0.560625815
11/07/2030 05:00,0.558018253,0.558018253,0.558018253,0.558018253
11/07/2030 06:00,0.555410691,0.555410691,0.555410691,0.555410691
11/07/2030 07:00,0.546284224,0.546284224,0.546284224,0.546284224
11/07/2030 08:00,0.537157757,0.537157757,0.537157757,0.537157757
11/07/2030 09:00,0.560625815,0.560625815,0.560625815,0.560625815
11/07/2030 10:00,0.598435463,0.598435463,0.598435463,0.598435463
11/07/2030 11:00,0.677966102,0.677966102,0.677966102,0.677966102
11/07/2030 12:00,0.722294654,0.722294654,0.722294654,0.722294654
11/07/2030 13:00,0.784876141,0.784876141,0.784876141,0.784876141
11/07/2030 14:00,0.740547588,0.740547588,0.740547588,0.740547588
11/07/2030 15:00,0.774445893,0.774445893,0.774445893,0.774445893
11/07/2030 16:00,0.71577575,0.71577575,0.71577575,0.71577575
11/07/2030 17:00,0.717079531,0.717079531,0.717079531,0.717079531
11/07/2030 18:00,0.777053455,0.777053455,0.777053455,0.777053455
11/07/2030 19:00,0.761408083,0.761408083,0.761408083,0.761408083
11/07/2030 20:00,0.736636245,0.736636245,0.736636245,0.736636245
11/07/2030 21:00,0.736636245,0.736636245,0.736636245,0.736636245
11/07/2030 22:00,0.726205997,0.726205997,0.726205997,0.726205997
11/07/2030 23:00,0.754889179,0.754889179,0.754889179,0.754889179
12/07/2030 00:00,0.83833116,0.83833116,0.83833116,0.83833116
12/07/2030 01:00,0.847457627,0.847457627,0.847457627,0.847457627
12/07/2030 02:00,0.928292047,0.928292047,0.928292047,0.928292047
12/07/2030 03:00,0.915254237,0.915254237,0.915254237,0.915254237
12/07/2030 04:00,0.975228162,0.975228162,0.975228162,0.975228162
12/07/2030 05:00,1,1,1,1
12/07/2030 06:00,0.889178618,0.889178618,0.889178618,0.889178618
12/07/2030 07:00,0.889178618,0.889178618,0.889178618,0.889178618
12/07/2030 08:00,0.809647979,0.809647979,0.809647979,0.809647979
12/07/2030 09:00,0.71577575,0.71577575,0.71577575,0.71577575
12/07/2030 10:00,0.666232073,0.666232073,0.666232073,0.666232073
12/07/2030 11:00,0.747066493,0.747066493,0.747066493,0.747066493
12/07/2030 12:00,0.766623207,0.766623207,0.766623207,0.766623207
12/07/2030 13:00,0.706649283,0.706649283,0.706649283,0.706649283
12/07/2030 14:00,0.667535854,0.667535854,0.667535854,0.667535854
12/07/2030 15:00,0.735332464,0.735332464,0.735332464,0.735332464
12/07/2030 16:00,0.752281617,0.752281617,0.752281617,0.752281617
12/07/2030 17:00,0.765319426,0.765319426,0.765319426,0.765319426
12/07/2030 18:00,0.773142112,0.773142112,0.773142112,0.773142112
12/07/2030 19:00,0.758800522,0.758800522,0.758800522,0.758800522
12/07/2030 20:00,0.749674055,0.749674055,0.749674055,0.749674055
12/07/2030 21:00,0.70273794,0.70273794,0.70273794,0.70273794
12/07/2030 22:00,0.638852673,0.638852673,0.638852673,0.638852673
12/07/2030 23:00,0.578878748,0.578878748,0.578878748,0.578878748
13/07/2030 00:00,0.563233377,0.563233377,0.563233377,0.563233377
13/07/2030 01:00,0.582790091,0.582790091,0.582790091,0.582790091
13/07/2030 02:00,0.574967405,0.574967405,0.574967405,0.574967405
13/07/2030 03:00,0.572359844,0.572359844,0.572359844,0.572359844
13/07/2030 04:00,0.610169492,0.610169492,0.610169492,0.610169492
13/07/2030 05:00,0.646675359,0.646675359,0.646675359,0.646675359
13/07/2030 06:00,0.657105606,0.657105606,0.657105606,0.657105606
13/07/2030 07:00,0.684485007,0.684485007,0.684485007,0.684485007
13/07/2030 08:00,0.701434159,0.701434159,0.701434159,0.701434159
13/07/2030 09:00,0.719687093,0.719687093,0.719687093,0.719687093
13/07/2030 10:00,0.750977836,0.750977836,0.750977836,0.750977836
13/07/2030 11:00,0.753585398,0.753585398,0.753585398,0.753585398
13/07/2030 12:00,0.771838331,0.771838331,0.771838331,0.771838331
13/07/2030 13:00,0.803129074,0.803129074,0.803129074,0.803129074
13/07/2030 14:00,0.852672751,0.852672751,0.852672751,0.852672751
13/07/2030 15:00,0.820078227,0.820078227,0.820078227,0.820078227
13/07/2030 16:00,0.809647979,0.809647979,0.809647979,0.809647979
13/07/2030 17:00,0.812255541,0.812255541,0.812255541,0.812255541
13/07/2030 18:00,0.814863103,0.814863103,0.814863103,0.814863103
13/07/2030 19:00,0.765319426,0.765319426,0.765319426,0.765319426
13/07/2030 20:00,0.741851369,0.741851369,0.741851369,0.741851369
13/07/2030 21:00,0.748370274,0.748370274,0.748370274,0.748370274
13/07/2030 22:00,0.713168188,0.713168188,0.713168188,0.713168188
13/07/2030 23:00,0.593220339,0.593220339,0.593220339,0.593220339
14/07/2030 00:00,0.595827901,0.595827901,0.595827901,0.595827901
14/07/2030 01:00,0.577574967,0.577574967,0.577574967,0.577574967
14/07/2030 02:00,0.568448501,0.568448501,0.568448501,0.568448501
14/07/2030 03:00,0.584093872,0.584093872,0.584093872,0.584093872
14/07/2030 04:00,0.590612777,0.590612777,0.590612777,0.590612777
14/07/2030 05:00,0.565840939,0.565840939,0.565840939,0.565840939
14/07/2030 06:00,0.589308996,0.589308996,0.589308996,0.589308996
14/07/2030 07:00,0.572359844,0.572359844,0.572359844,0.572359844
14/07/2030 08:00,0.576271186,0.576271186,0.576271186,0.576271186
14/07/2030 09:00,0.552803129,0.552803129,0.552803129,0.552803129
14/07/2030 10:00,0.611473272,0.611473272,0.611473272,0.611473272
14/07/2030 11:00,0.714471969,0.714471969,0.714471969,0.714471969
14/07/2030 12:00,0.693611473,0.693611473,0.693611473,0.693611473
14/07/2030 13:00,0.704041721,0.704041721,0.704041721,0.704041721
14/07/2030 14:00,0.741851369,0.741851369,0.741851369,0.741851369
14/07/2030 15:00,0.750977836,0.750977836,0.750977836,0.750977836
14/07/2030 16:00,0.718383312,0.718383312,0.718383312,0.718383312
14/07/2030 17:00,0.731421121,0.731421121,0.731421121,0.731421121
14/07/2030 18:00,0.753585398,0.753585398,0.753585398,0.753585398
14/07/2030 19:00,0.731421121,0.731421121,0.731421121,0.731421121
14/07/2030 20:00,0.700130378,0.700130378,0.700130378,0.700130378
14/07/2030 21:00,0.717079531,0.717079531,0.717079531,0.717079531
14/07/2030 22:00,0.655801825,0.655801825,0.655801825,0.655801825
14/07/2030 23:00,0.573663625,0.573663625,0.573663625,0.573663625
15/07/2030 00:00,0.561929596,0.561929596,0.561929596,0.561929596
15/07/2030 01:00,0.556714472,0.556714472,0.556714472,0.556714472
15/07/2030 02:00,0.568448501,0.568448501,0.568448501,0.568448501
15/07/2030 03:00,0.565840939,0.565840939,0.565840939,0.565840939
15/07/2030 04:00,0.582790091,0.582790091,0.582790091,0.582790091
15/07/2030 05:00,0.582790091,0.582790091,0.582790091,0.582790091
15/07/2030 06:00,0.552803129,0.552803129,0.552803129,0.552803129
15/07/2030 07:00,0.569752282,0.569752282,0.569752282,0.569752282
15/07/2030 08:00,0.543676662,0.543676662,0.543676662,0.543676662
15/07/2030 09:00,0.55410691,0.55410691,0.55410691,0.55410691
15/07/2030 10:00,0.577574967,0.577574967,0.577574967,0.577574967
15/07/2030 11:00,0.644067797,0.644067797,0.644067797,0.644067797
15/07/2030 12:00,0.694915254,0.694915254,0.694915254,0.694915254
15/07/2030 13:00,0.724902216,0.724902216,0.724902216,0.724902216
15/07/2030 14:00,0.71577575,0.71577575,0.71577575,0.71577575
15/07/2030 15:00,0.704041721,0.704041721,0.704041721,0.704041721
15/07/2030 16:00,0.677966102,0.677966102,0.677966102,0.677966102
15/07/2030 17:00,0.674054759,0.674054759,0.674054759,0.674054759
15/07/2030 18:00,0.663624511,0.663624511,0.663624511,0.663624511
15/07/2030 19:00,0.633637549,0.633637549,0.633637549,0.633637549
15/07/2030 20:00,0.698826597,0.698826597,0.698826597,0.698826597
15/07/2030 21:00,0.631029987,0.631029987,0.631029987,0.631029987
15/07/2030 22:00,0.628422425,0.628422425,0.628422425,0.628422425
15/07/2030 23:00,0.584093872,0.584093872,0.584093872,0.584093872
16/07/2030 00:00,0.537157757,0.537157757,0.537157757,0.537157757
16/07/2030 01:00,0.564537158,0.564537158,0.564537158,0.564537158
16/07/2030 02:00,0.552803129,0.552803129,0.552803129,0.552803129
16/07/2030 03:00,0.561929596,0.561929596,0.561929596,0.561929596
16/07/2030 04:00,0.590612777,0.590612777,0.590612777,0.590612777
16/07/2030 05:00,0.580182529,0.580182529,0.580182529,0.580182529
16/07/2030 06:00,0.55410691,0.55410691,0.55410691,0.55410691
16/07/2030 07:00,0.571056063,0.571056063,0.571056063,0.571056063
16/07/2030 08:00,0.680573664,0.680573664,0.680573664,0.680573664
16/07/2030 09:00,0.68970013,0.68970013,0.68970013,0.68970013
16/07/2030 10:00,0.68970013,0.68970013,0.68970013,0.68970013
16/07/2030 11:00,0.641460235,0.641460235,0.641460235,0.641460235
16/07/2030 12:00,0.687092568,0.687092568,0.687092568,0.687092568
16/07/2030 13:00,0.697522816,0.697522816,0.697522816,0.697522816
16/07/2030 14:00,0.687092568,0.687092568,0.687092568,0.687092568
16/07/2030 15:00,0.685788787,0.685788787,0.685788787,0.685788787
16/07/2030 16:00,0.657105606,0.657105606,0.657105606,0.657105606
16/07/2030 17:00,0.694915254,0.694915254,0.694915254,0.694915254
16/07/2030 18:00,0.657105606,0.657105606,0.657105606,0.657105606
16/07/2030 19:00,0.617992177,0.617992177,0.617992177,0.617992177
16/07/2030 20:00,0.697522816,0.697522816,0.697522816,0.697522816
16/07/2030 21:00,0.631029987,0.631029987,0.631029987,0.631029987
16/07/2030 22:00,0.623207301,0.623207301,0.623207301,0.623207301
16/07/2030 23:00,0.598435463,0.598435463,0.598435463,0.598435463
17/07/2030 00:00,0.550195567,0.550195567,0.550195567,0.550195567
17/07/2030 01:00,0.572359844,0.572359844,0.572359844,0.572359844
17/07/2030 02:00,0.573663625,0.573663625,0.573663625,0.573663625
17/07/2030 03:00,0.593220339,0.593220339,0.593220339,0.593220339
17/07/2030 04:00,0.601043025,0.601043025,0.601043025,0.601043025
17/07/2030 05:00,0.4863103,0.4863103,0.4863103,0.4863103
17/07/2030 06:00,0.593220339,0.593220339,0.593220339,0.593220339
17/07/2030 07:00,0.59452412,0.59452412,0.59452412,0.59452412
17/07/2030 08:00,0.591916558,0.591916558,0.591916558,0.591916558
17/07/2030 09:00,0.576271186,0.576271186,0.576271186,0.576271186
17/07/2030 10:00,0.564537158,0.564537158,0.564537158,0.564537158
17/07/2030 11:00,0.577574967,0.577574967,0.577574967,0.577574967
17/07/2030 12:00,0.573663625,0.573663625,0.573663625,0.573663625
17/07/2030 13:00,0.590612777,0.590612777,0.590612777,0.590612777
17/07/2030 14:00,0.60756193,0.60756193,0.60756193,0.60756193
17/07/2030 15:00,0.568448501,0.568448501,0.568448501,0.568448501
17/07/2030 16:00,0.576271186,0.576271186,0.576271186,0.576271186
17/07/2030 17:00,0.569752282,0.569752282,0.569752282,0.569752282
17/07/2030 18:00,0.52672751,0.52672751,0.52672751,0.52672751
17/07/2030 19:00,0.55410691,0.55410691,0.55410691,0.55410691
17/07/2030 20:00,0.535853977,0.535853977,0.535853977,0.535853977
17/07/2030 21:00,0.5410691,0.5410691,0.5410691,0.5410691
17/07/2030 22:00,0.560625815,0.560625815,0.560625815,0.560625815
17/07/2030 23:00,0.590612777,0.590612777,0.590612777,0.590612777
18/07/2030 00:00,0.552803129,0.552803129,0.552803129,0.552803129
18/07/2030 01:00,0.558018253,0.558018253,0.558018253,0.558018253
18/07/2030 02:00,0.561929596,0.561929596,0.561929596,0.561929596
18/07/2030 03:00,0.56714472,0.56714472,0.56714472,0.56714472
18/07/2030 04:00,0.580182529,0.580182529,0.580182529,0.580182529
18/07/2030 05:00,0.478487614,0.478487614,0.478487614,0.478487614
18/07/2030 06:00,0.552803129,0.552803129,0.552803129,0.552803129
18/07/2030 07:00,0.560625815,0.560625815,0.560625815,0.560625815
18/07/2030 08:00,0.560625815,0.560625815,0.560625815,0.560625815
18/07/2030 09:00,0.576271186,0.576271186,0.576271186,0.576271186
18/07/2030 10:00,0.625814863,0.625814863,0.625814863,0.625814863
18/07/2030 11:00,0.688396349,0.688396349,0.688396349,0.688396349
18/07/2030 12:00,0.698826597,0.698826597,0.698826597,0.698826597
18/07/2030 13:00,0.705345502,0.705345502,0.705345502,0.705345502
18/07/2030 14:00,0.70273794,0.70273794,0.70273794,0.70273794
18/07/2030 15:00,0.677966102,0.677966102,0.677966102,0.677966102
18/07/2030 16:00,0.701434159,0.701434159,0.701434159,0.701434159
18/07/2030 17:00,0.706649283,0.706649283,0.706649283,0.706649283
18/07/2030 18:00,0.718383312,0.718383312,0.718383312,0.718383312
18/07/2030 19:00,0.687092568,0.687092568,0.687092568,0.687092568
18/07/2030 20:00,0.764015645,0.764015645,0.764015645,0.764015645
18/07/2030 21:00,0.722294654,0.722294654,0.722294654,0.722294654
18/07/2030 22:00,0.666232073,0.666232073,0.666232073,0.666232073
18/07/2030 23:00,0.539765319,0.539765319,0.539765319,0.539765319
19/07/2030 00:00,0.517601043,0.517601043,0.517601043,0.517601043
19/07/2030 01:00,0.58148631,0.58148631,0.58148631,0.58148631
19/07/2030 02:00,0.577574967,0.577574967,0.577574967,0.577574967
19/07/2030 03:00,0.552803129,0.552803129,0.552803129,0.552803129
19/07/2030 04:00,0.58148631,0.58148631,0.58148631,0.58148631
19/07/2030 05:00,0.568448501,0.568448501,0.568448501,0.568448501
19/07/2030 06:00,0.628422425,0.628422425,0.628422425,0.628422425
19/07/2030 07:00,0.627118644,0.627118644,0.627118644,0.627118644
19/07/2030 08:00,0.664928292,0.664928292,0.664928292,0.664928292
19/07/2030 09:00,0.633637549,0.633637549,0.633637549,0.633637549
19/07/2030 10:00,0.653194263,0.653194263,0.653194263,0.653194263
19/07/2030 11:00,0.722294654,0.722294654,0.722294654,0.722294654
19/07/2030 12:00,0.726205997,0.726205997,0.726205997,0.726205997
19/07/2030 13:00,0.777053455,0.777053455,0.777053455,0.777053455
19/07/2030 14:00,0.821382008,0.821382008,0.821382008,0.821382008
19/07/2030 15:00,0.773142112,0.773142112,0.773142112,0.773142112
19/07/2030 16:00,0.777053455,0.777053455,0.777053455,0.777053455
19/07/2030 17:00,0.803129074,0.803129074,0.803129074,0.803129074
19/07/2030 18:00,0.77053455,0.77053455,0.77053455,0.77053455
19/07/2030 19:00,0.723598435,0.723598435,0.723598435,0.723598435
19/07/2030 20:00,0.713168188,0.713168188,0.713168188,0.713168188
19/07/2030 21:00,0.73011734,0.73011734,0.73011734,0.73011734
19/07/2030 22:00,0.687092568,0.687092568,0.687092568,0.687092568
19/07/2030 23:00,0.573663625,0.573663625,0.573663625,0.573663625
20/07/2030 00:00,0.560625815,0.560625815,0.560625815,0.560625815
20/07/2030 01:00,0.559322034,0.559322034,0.559322034,0.559322034
20/07/2030 02:00,0.58148631,0.58148631,0.58148631,0.58148631
20/07/2030 03:00,0.598435463,0.598435463,0.598435463,0.598435463
20/07/2030 04:00,0.561929596,0.561929596,0.561929596,0.561929596
20/07/2030 05:00,0.602346806,0.602346806,0.602346806,0.602346806
20/07/2030 06:00,0.571056063,0.571056063,0.571056063,0.571056063
20/07/2030 07:00,0.573663625,0.573663625,0.573663625,0.573663625
20/07/2030 08:00,0.646675359,0.646675359,0.646675359,0.646675359
20/07/2030 09:00,0.625814863,0.625814863,0.625814863,0.625814863
20/07/2030 10:00,0.668839635,0.668839635,0.668839635,0.668839635
20/07/2030 11:00,0.694915254,0.694915254,0.694915254,0.694915254
20/07/2030 12:00,0.701434159,0.701434159,0.701434159,0.701434159
20/07/2030 13:00,0.714471969,0.714471969,0.714471969,0.714471969
20/07/2030 14:00,0.774445893,0.774445893,0.774445893,0.774445893
20/07/2030 15:00,0.774445893,0.774445893,0.774445893,0.774445893
20/07/2030 16:00,0.822685789,0.822685789,0.822685789,0.822685789
20/07/2030 17:00,0.762711864,0.762711864,0.762711864,0.762711864
20/07/2030 18:00,0.747066493,0.747066493,0.747066493,0.747066493
20/07/2030 19:00,0.792698827,0.792698827,0.792698827,0.792698827
20/07/2030 20:00,0.728813559,0.728813559,0.728813559,0.728813559
20/07/2030 21:00,0.745762712,0.745762712,0.745762712,0.745762712
20/07/2030 22:00,0.676662321,0.676662321,0.676662321,0.676662321
20/07/2030 23:00,0.544980443,0.544980443,0.544980443,0.544980443
21/07/2030 00:00,0.563233377,0.563233377,0.563233377,0.563233377
21/07/2030 01:00,0.623207301,0.623207301,0.623207301,0.623207301
21/07/2030 02:00,0.704041721,0.704041721,0.704041721,0.704041721
21/07/2030 03:00,0.719687093,0.719687093,0.719687093,0.719687093
21/07/2030 04:00,0.748370274,0.748370274,0.748370274,0.748370274
21/07/2030 05:00,0.727509778,0.727509778,0.727509778,0.727509778
21/07/2030 06:00,0.611473272,0.611473272,0.611473272,0.611473272
21/07/2030 07:00,0.529335072,0.529335072,0.529335072,0.529335072
21/07/2030 08:00,0.483702738,0.483702738,0.483702738,0.483702738
21/07/2030 09:00,0.534550196,0.534550196,0.534550196,0.534550196
21/07/2030 10:00,0.676662321,0.676662321,0.676662321,0.676662321
21/07/2030 11:00,0.780964798,0.780964798,0.780964798,0.780964798
21/07/2030 12:00,0.826597132,0.826597132,0.826597132,0.826597132
21/07/2030 13:00,0.807040417,0.807040417,0.807040417,0.807040417
21/07/2030 14:00,0.764015645,0.764015645,0.764015645,0.764015645
21/07/2030 15:00,0.786179922,0.786179922,0.786179922,0.786179922
21/07/2030 16:00,0.78357236,0.78357236,0.78357236,0.78357236
21/07/2030 17:00,0.773142112,0.773142112,0.773142112,0.773142112
21/07/2030 18:00,0.766623207,0.766623207,0.766623207,0.766623207
21/07/2030 19:00,0.75619296,0.75619296,0.75619296,0.75619296
21/07/2030 20:00,0.775749674,0.775749674,0.775749674,0.775749674
21/07/2030 21:00,0.692307692,0.692307692,0.692307692,0.692307692
21/07/2030 22:00,0.661016949,0.661016949,0.661016949,0.661016949
21/07/2030 23:00,0.608865711,0.608865711,0.608865711,0.608865711
22/07/2030 00:00,0.633637549,0.633637549,0.633637549,0.633637549
22/07/2030 01:00,0.571056063,0.571056063,0.571056063,0.571056063
22/07/2030 02:00,0.582790091,0.582790091,0.582790091,0.582790091
22/07/2030 03:00,0.5410691,0.5410691,0.5410691,0.5410691
22/07/2030 04:00,0.559322034,0.559322034,0.559322034,0.559322034
22/07/2030 05:00,0.563233377,0.563233377,0.563233377,0.563233377
22/07/2030 06:00,0.558018253,0.558018253,0.558018253,0.558018253
22/07/2030 07:00,0.548891786,0.548891786,0.548891786,0.548891786
22/07/2030 08:00,0.535853977,0.535853977,0.535853977,0.535853977
22/07/2030 09:00,0.514993481,0.514993481,0.514993481,0.514993481
22/07/2030 10:00,0.591916558,0.591916558,0.591916558,0.591916558
22/07/2030 11:00,0.709256845,0.709256845,0.709256845,0.709256845
22/07/2030 12:00,0.741851369,0.741851369,0.741851369,0.741851369
22/07/2030 13:00,0.777053455,0.777053455,0.777053455,0.777053455
22/07/2030 14:00,0.821382008,0.821382008,0.821382008,0.821382008
22/07/2030 15:00,0.780964798,0.780964798,0.780964798,0.780964798
22/07/2030 16:00,0.762711864,0.762711864,0.762711864,0.762711864
22/07/2030 17:00,0.794002608,0.794002608,0.794002608,0.794002608
22/07/2030 18:00,0.73011734,0.73011734,0.73011734,0.73011734
22/07/2030 19:00,0.740547588,0.740547588,0.740547588,0.740547588
22/07/2030 20:00,0.74315515,0.74315515,0.74315515,0.74315515
22/07/2030 21:00,0.769230769,0.769230769,0.769230769,0.769230769
22/07/2030 22:00,0.644067797,0.644067797,0.644067797,0.644067797
22/07/2030 23:00,0.561929596,0.561929596,0.561929596,0.561929596
23/07/2030 00:00,0.539765319,0.539765319,0.539765319,0.539765319
23/07/2030 01:00,0.535853977,0.535853977,0.535853977,0.535853977
23/07/2030 02:00,0.556714472,0.556714472,0.556714472,0.556714472
23/07/2030 03:00,0.534550196,0.534550196,0.534550196,0.534550196
23/07/2030 04:00,0.552803129,0.552803129,0.552803129,0.552803129
23/07/2030 05:00,0.561929596,0.561929596,0.561929596,0.561929596
23/07/2030 06:00,0.544980443,0.544980443,0.544980443,0.544980443
23/07/2030 07:00,0.524119948,0.524119948,0.524119948,0.524119948
23/07/2030 08:00,0.542372881,0.542372881,0.542372881,0.542372881
23/07/2030 09:00,0.546284224,0.546284224,0.546284224,0.546284224
23/07/2030 10:00,0.543676662,0.543676662,0.543676662,0.543676662
23/07/2030 11:00,0.533246415,0.533246415,0.533246415,0.533246415
23/07/2030 12:00,0.495436767,0.495436767,0.495436767,0.495436767
23/07/2030 13:00,0.5410691,0.5410691,0.5410691,0.5410691
23/07/2030 14:00,0.619295958,0.619295958,0.619295958,0.619295958
23/07/2030 15:00,0.631029987,0.631029987,0.631029987,0.631029987
23/07/2030 16:00,0.658409387,0.658409387,0.658409387,0.658409387
23/07/2030 17:00,0.677966102,0.677966102,0.677966102,0.677966102
23/07/2030 18:00,0.667535854,0.667535854,0.667535854,0.667535854
23/07/2030 19:00,0.611473272,0.611473272,0.611473272,0.611473272
23/07/2030 20:00,0.623207301,0.623207301,0.623207301,0.623207301
23/07/2030 21:00,0.654498044,0.654498044,0.654498044,0.654498044
23/07/2030 22:00,0.64928292,0.64928292,0.64928292,0.64928292
23/07/2030 23:00,0.64797914,0.64797914,0.64797914,0.64797914
24/07/2030 00:00,0.590612777,0.590612777,0.590612777,0.590612777
24/07/2030 01:00,0.586701434,0.586701434,0.586701434,0.586701434
24/07/2030 02:00,0.599739244,0.599739244,0.599739244,0.599739244
24/07/2030 03:00,0.599739244,0.599739244,0.599739244,0.599739244
24/07/2030 04:00,0.59452412,0.59452412,0.59452412,0.59452412
24/07/2030 05:00,0.614080834,0.614080834,0.614080834,0.614080834
24/07/2030 06:00,0.598435463,0.598435463,0.598435463,0.598435463
24/07/2030 07:00,0.603650587,0.603650587,0.603650587,0.603650587
24/07/2030 08:00,0.617992177,0.617992177,0.617992177,0.617992177
24/07/2030 09:00,0.617992177,0.617992177,0.617992177,0.617992177
24/07/2030 10:00,0.591916558,0.591916558,0.591916558,0.591916558
24/07/2030 11:00,0.55410691,0.55410691,0.55410691,0.55410691
24/07/2030 12:00,0.601043025,0.601043025,0.601043025,0.601043025
24/07/2030 13:00,0.542372881,0.542372881,0.542372881,0.542372881
24/07/2030 14:00,0.56714472,0.56714472,0.56714472,0.56714472
24/07/2030 15:00,0.547588005,0.547588005,0.547588005,0.547588005
24/07/2030 16:00,0.586701434,0.586701434,0.586701434,0.586701434
24/07/2030 17:00,0.546284224,0.546284224,0.546284224,0.546284224
24/07/2030 18:00,0.565840939,0.565840939,0.565840939,0.565840939
24/07/2030 19:00,0.593220339,0.593220339,0.593220339,0.593220339
24/07/2030 20:00,0.586701434,0.586701434,0.586701434,0.586701434
24/07/2030 21:00,0.633637549,0.633637549,0.633637549,0.633637549
24/07/2030 22:00,0.619295958,0.619295958,0.619295958,0.619295958
24/07/2030 23:00,0.593220339,0.593220339,0.593220339,0.593220339
25/07/2030 00:00,0.568448501,0.568448501,0.568448501,0.568448501
25/07/2030 01:00,0.582790091,0.582790091,0.582790091,0.582790091
25/07/2030 02:00,0.547588005,0.547588005,0.547588005,0.547588005
25/07/2030 03:00,0.582790091,0.582790091,0.582790091,0.582790091
25/07/2030 04:00,0.59452412,0.59452412,0.59452412,0.59452412
25/07/2030 05:00,0.572359844,0.572359844,0.572359844,0.572359844
25/07/2030 06:00,0.598435463,0.598435463,0.598435463,0.598435463
25/07/2030 07:00,0.603650587,0.603650587,0.603650587,0.603650587
25/07/2030 08:00,0.705345502,0.705345502,0.705345502,0.705345502
25/07/2030 09:00,0.629726206,0.629726206,0.629726206,0.629726206
25/07/2030 10:00,0.688396349,0.688396349,0.688396349,0.688396349
25/07/2030 11:00,0.664928292,0.664928292,0.664928292,0.664928292
25/07/2030 12:00,0.697522816,0.697522816,0.697522816,0.697522816
25/07/2030 13:00,0.726205997,0.726205997,0.726205997,0.726205997
25/07/2030 14:00,0.693611473,0.693611473,0.693611473,0.693611473
25/07/2030 15:00,0.714471969,0.714471969,0.714471969,0.714471969
25/07/2030 16:00,0.68970013,0.68970013,0.68970013,0.68970013
25/07/2030 17:00,0.698826597,0.698826597,0.698826597,0.698826597
25/07/2030 18:00,0.701434159,0.701434159,0.701434159,0.701434159
25/07/2030 19:00,0.800521512,0.800521512,0.800521512,0.800521512
25/07/2030 20:00,0.68970013,0.68970013,0.68970013,0.68970013
25/07/2030 21:00,0.663624511,0.663624511,0.663624511,0.663624511
25/07/2030 22:00,0.685788787,0.685788787,0.685788787,0.685788787
25/07/2030 23:00,0.556714472,0.556714472,0.556714472,0.556714472
26/07/2030 00:00,0.530638853,0.530638853,0.530638853,0.530638853
26/07/2030 01:00,0.528031291,0.528031291,0.528031291,0.528031291
26/07/2030 02:00,0.552803129,0.552803129,0.552803129,0.552803129
26/07/2030 03:00,0.560625815,0.560625815,0.560625815,0.560625815
26/07/2030 04:00,0.548891786,0.548891786,0.548891786,0.548891786
26/07/2030 05:00,0.428943937,0.428943937,0.428943937,0.428943937
26/07/2030 06:00,0.585397653,0.585397653,0.585397653,0.585397653
26/07/2030 07:00,0.645371578,0.645371578,0.645371578,0.645371578
26/07/2030 08:00,0.672750978,0.672750978,0.672750978,0.672750978
26/07/2030 09:00,0.697522816,0.697522816,0.697522816,0.697522816
26/07/2030 10:00,0.701434159,0.701434159,0.701434159,0.701434159
26/07/2030 11:00,0.735332464,0.735332464,0.735332464,0.735332464
26/07/2030 12:00,0.722294654,0.722294654,0.722294654,0.722294654
26/07/2030 13:00,0.766623207,0.766623207,0.766623207,0.766623207
26/07/2030 14:00,0.774445893,0.774445893,0.774445893,0.774445893
26/07/2030 15:00,0.764015645,0.764015645,0.764015645,0.764015645
26/07/2030 16:00,0.745762712,0.745762712,0.745762712,0.745762712
26/07/2030 17:00,0.782268579,0.782268579,0.782268579,0.782268579
26/07/2030 18:00,0.767926988,0.767926988,0.767926988,0.767926988
26/07/2030 19:00,0.70273794,0.70273794,0.70273794,0.70273794
26/07/2030 20:00,0.70273794,0.70273794,0.70273794,0.70273794
26/07/2030 21:00,0.685788787,0.685788787,0.685788787,0.685788787
26/07/2030 22:00,0.674054759,0.674054759,0.674054759,0.674054759
26/07/2030 23:00,0.550195567,0.550195567,0.550195567,0.550195567
27/07/2030 00:00,0.538461538,0.538461538,0.538461538,0.538461538
27/07/2030 01:00,0.55410691,0.55410691,0.55410691,0.55410691
27/07/2030 02:00,0.568448501,0.568448501,0.568448501,0.568448501
27/07/2030 03:00,0.564537158,0.564537158,0.564537158,0.564537158
27/07/2030 04:00,0.585397653,0.585397653,0.585397653,0.585397653
27/07/2030 05:00,0.408083442,0.408083442,0.408083442,0.408083442
27/07/2030 06:00,0.537157757,0.537157757,0.537157757,0.537157757
27/07/2030 07:00,0.543676662,0.543676662,0.543676662,0.543676662
27/07/2030 08:00,0.528031291,0.528031291,0.528031291,0.528031291
27/07/2030 09:00,0.528031291,0.528031291,0.528031291,0.528031291
27/07/2030 10:00,0.504563233,0.504563233,0.504563233,0.504563233
27/07/2030 11:00,0.537157757,0.537157757,0.537157757,0.537157757
27/07/2030 12:00,0.5410691,0.5410691,0.5410691,0.5410691
27/07/2030 13:00,0.560625815,0.560625815,0.560625815,0.560625815
27/07/2030 14:00,0.551499348,0.551499348,0.551499348,0.551499348
27/07/2030 15:00,0.58148631,0.58148631,0.58148631,0.58148631
27/07/2030 16:00,0.539765319,0.539765319,0.539765319,0.539765319
27/07/2030 17:00,0.590612777,0.590612777,0.590612777,0.590612777
27/07/2030 18:00,0.588005215,0.588005215,0.588005215,0.588005215
27/07/2030 19:00,0.576271186,0.576271186,0.576271186,0.576271186
27/07/2030 20:00,0.606258149,0.606258149,0.606258149,0.606258149
27/07/2030 21:00,0.538461538,0.538461538,0.538461538,0.538461538
27/07/2030 22:00,0.516297262,0.516297262,0.516297262,0.516297262
27/07/2030 23:00,0.559322034,0.559322034,0.559322034,0.559322034
28/07/2030 00:00,0.548891786,0.548891786,0.548891786,0.548891786
28/07/2030 01:00,0.558018253,0.558018253,0.558018253,0.558018253
28/07/2030 02:00,0.578878748,0.578878748,0.578878748,0.578878748
28/07/2030 03:00,0.546284224,0.546284224,0.546284224,0.546284224
28/07/2030 04:00,0.560625815,0.560625815,0.560625815,0.560625815
28/07/2030 05:00,0.550195567,0.550195567,0.550195567,0.550195567
28/07/2030 06:00,0.559322034,0.559322034,0.559322034,0.559322034
28/07/2030 07:00,0.529335072,0.529335072,0.529335072,0.529335072
28/07/2030 08:00,0.551499348,0.551499348,0.551499348,0.551499348
28/07/2030 09:00,0.565840939,0.565840939,0.565840939,0.565840939
28/07/2030 10:00,0.574967405,0.574967405,0.574967405,0.574967405
28/07/2030 11:00,0.504563233,0.504563233,0.504563233,0.504563233
28/07/2030 12:00,0.5410691,0.5410691,0.5410691,0.5410691
28/07/2030 13:00,0.438070404,0.438070404,0.438070404,0.438070404
28/07/2030 14:00,0.466753585,0.466753585,0.466753585,0.466753585
28/07/2030 15:00,0.490221643,0.490221643,0.490221643,0.490221643
28/07/2030 16:00,0.490221643,0.490221643,0.490221643,0.490221643
28/07/2030 17:00,0.49934811,0.49934811,0.49934811,0.49934811
28/07/2030 18:00,0.465449804,0.465449804,0.465449804,0.465449804
28/07/2030 19:00,0.550195567,0.550195567,0.550195567,0.550195567
28/07/2030 20:00,0.572359844,0.572359844,0.572359844,0.572359844
28/07/2030 21:00,0.564537158,0.564537158,0.564537158,0.564537158
28/07/2030 22:00,0.548891786,0.548891786,0.548891786,0.548891786
28/07/2030 23:00,0.533246415,0.533246415,0.533246415,0.533246415
29/07/2030 00:00,0.528031291,0.528031291,0.528031291,0.528031291
29/07/2030 01:00,0.534550196,0.534550196,0.534550196,0.534550196
29/07/2030 02:00,0.544980443,0.544980443,0.544980443,0.544980443
29/07/2030 03:00,0.544980443,0.544980443,0.544980443,0.544980443
29/07/2030 04:00,0.514993481,0.514993481,0.514993481,0.514993481
29/07/2030 05:00,0.47327249,0.47327249,0.47327249,0.47327249
29/07/2030 06:00,0.441981747,0.441981747,0.441981747,0.441981747
29/07/2030 07:00,0.440677966,0.440677966,0.440677966,0.440677966
29/07/2030 08:00,0.55410691,0.55410691,0.55410691,0.55410691
29/07/2030 09:00,0.565840939,0.565840939,0.565840939,0.565840939
29/07/2030 10:00,0.580182529,0.580182529,0.580182529,0.580182529
29/07/2030 11:00,0.574967405,0.574967405,0.574967405,0.574967405
29/07/2030 12:00,0.569752282,0.569752282,0.569752282,0.569752282
29/07/2030 13:00,0.593220339,0.593220339,0.593220339,0.593220339
29/07/2030 14:00,0.604954368,0.604954368,0.604954368,0.604954368
29/07/2030 15:00,0.63494133,0.63494133,0.63494133,0.63494133
29/07/2030 16:00,0.620599739,0.620599739,0.620599739,0.620599739
29/07/2030 17:00,0.629726206,0.629726206,0.629726206,0.629726206
29/07/2030 18:00,0.681877445,0.681877445,0.681877445,0.681877445
29/07/2030 19:00,0.674054759,0.674054759,0.674054759,0.674054759
29/07/2030 20:00,0.611473272,0.611473272,0.611473272,0.611473272
29/07/2030 21:00,0.741851369,0.741851369,0.741851369,0.741851369
29/07/2030 22:00,0.628422425,0.628422425,0.628422425,0.628422425
29/07/2030 23:00,0.550195567,0.550195567,0.550195567,0.550195567
30/07/2030 00:00,0.524119948,0.524119948,0.524119948,0.524119948
30/07/2030 01:00,0.543676662,0.543676662,0.543676662,0.543676662
30/07/2030 02:00,0.571056063,0.571056063,0.571056063,0.571056063
30/07/2030 03:00,0.537157757,0.537157757,0.537157757,0.537157757
30/07/2030 04:00,0.539765319,0.539765319,0.539765319,0.539765319
30/07/2030 05:00,0.56714472,0.56714472,0.56714472,0.56714472
30/07/2030 06:00,0.578878748,0.578878748,0.578878748,0.578878748
30/07/2030 07:00,0.608865711,0.608865711,0.608865711,0.608865711
30/07/2030 08:00,0.674054759,0.674054759,0.674054759,0.674054759
30/07/2030 09:00,0.645371578,0.645371578,0.645371578,0.645371578
30/07/2030 10:00,0.657105606,0.657105606,0.657105606,0.657105606
30/07/2030 11:00,0.724902216,0.724902216,0.724902216,0.724902216
30/07/2030 12:00,0.677966102,0.677966102,0.677966102,0.677966102
30/07/2030 13:00,0.645371578,0.645371578,0.645371578,0.645371578
30/07/2030 14:00,0.644067797,0.644067797,0.644067797,0.644067797
30/07/2030 15:00,0.604954368,0.604954368,0.604954368,0.604954368
30/07/2030 16:00,0.653194263,0.653194263,0.653194263,0.653194263
30/07/2030 17:00,0.674054759,0.674054759,0.674054759,0.674054759
30/07/2030 18:00,0.657105606,0.657105606,0.657105606,0.657105606
30/07/2030 19:00,0.636245111,0.636245111,0.636245111,0.636245111
30/07/2030 20:00,0.64797914,0.64797914,0.64797914,0.64797914
30/07/2030 21:00,0.572359844,0.572359844,0.572359844,0.572359844
30/07/2030 22:00,0.577574967,0.577574967,0.577574967,0.577574967
30/07/2030 23:00,0.512385919,0.512385919,0.512385919,0.512385919
31/07/2030 00:00,0.504563233,0.504563233,0.504563233,0.504563233
31/07/2030 01:00,0.498044329,0.498044329,0.498044329,0.498044329
31/07/2030 02:00,0.503259452,0.503259452,0.503259452,0.503259452
31/07/2030 03:00,0.505867014,0.505867014,0.505867014,0.505867014
31/07/2030 04:00,0.520208605,0.520208605,0.520208605,0.520208605
31/07/2030 05:00,0.528031291,0.528031291,0.528031291,0.528031291
31/07/2030 06:00,0.505867014,0.505867014,0.505867014,0.505867014
31/07/2030 07:00,0.517601043,0.517601043,0.517601043,0.517601043
31/07/2030 08:00,0.525423729,0.525423729,0.525423729,0.525423729
31/07/2030 09:00,0.49934811,0.49934811,0.49934811,0.49934811
31/07/2030 10:00,0.511082138,0.511082138,0.511082138,0.511082138
31/07/2030 11:00,0.491525424,0.491525424,0.491525424,0.491525424
31/07/2030 12:00,0.483702738,0.483702738,0.483702738,0.483702738
31/07/2030 13:00,0.494132986,0.494132986,0.494132986,0.494132986
31/07/2030 14:00,0.534550196,0.534550196,0.534550196,0.534550196
31/07/2030 15:00,0.543676662,0.543676662,0.543676662,0.543676662
31/07/2030 16:00,0.564537158,0.564537158,0.564537158,0.564537158
31/07/2030 17:00,0.620599739,0.620599739,0.620599739,0.620599739
31/07/2030 18:00,0.591916558,0.591916558,0.591916558,0.591916558
31/07/2030 19:00,0.631029987,0.631029987,0.631029987,0.631029987
31/07/2030 20:00,0.563233377,0.563233377,0.563233377,0.563233377
31/07/2030 21:00,0.63494133,0.63494133,0.63494133,0.63494133
31/07/2030 22:00,0.612777053,0.612777053,0.612777053,0.612777053
31/07/2030 23:00,0.598435463,0.598435463,0.598435463,0.598435463
01/08/2030 00:00,0.491683992,0.491683992,0.491683992,0.491683992
01/08/2030 01:00,0.512474012,0.512474012,0.512474012,0.512474012
01/08/2030 02:00,0.491683992,0.491683992,0.491683992,0.491683992
01/08/2030 03:00,0.498960499,0.498960499,0.498960499,0.498960499
01/08/2030 04:00,0.512474012,0.512474012,0.512474012,0.512474012
01/08/2030 05:00,0.559251559,0.559251559,0.559251559,0.559251559
01/08/2030 06:00,0.563409563,0.563409563,0.563409563,0.563409563
01/08/2030 07:00,0.520790021,0.520790021,0.520790021,0.520790021
01/08/2030 08:00,0.53950104,0.53950104,0.53950104,0.53950104
01/08/2030 09:00,0.593555094,0.593555094,0.593555094,0.593555094
01/08/2030 10:00,0.626819127,0.626819127,0.626819127,0.626819127
01/08/2030 11:00,0.651767152,0.651767152,0.651767152,0.651767152
01/08/2030 12:00,0.608108108,0.608108108,0.608108108,0.608108108
01/08/2030 13:00,0.614345114,0.614345114,0.614345114,0.614345114
01/08/2030 14:00,0.625779626,0.625779626,0.625779626,0.625779626
01/08/2030 15:00,0.671517672,0.671517672,0.671517672,0.671517672
01/08/2030 16:00,0.666320166,0.666320166,0.666320166,0.666320166
01/08/2030 17:00,0.692307692,0.692307692,0.692307692,0.692307692
01/08/2030 18:00,0.702702703,0.702702703,0.702702703,0.702702703
01/08/2030 19:00,0.693347193,0.693347193,0.693347193,0.693347193
01/08/2030 20:00,0.659043659,0.659043659,0.659043659,0.659043659
01/08/2030 21:00,0.639293139,0.639293139,0.639293139,0.639293139
01/08/2030 22:00,0.606029106,0.606029106,0.606029106,0.606029106
01/08/2030 23:00,0.591476091,0.591476091,0.591476091,0.591476091
02/08/2030 00:00,0.627858628,0.627858628,0.627858628,0.627858628
02/08/2030 01:00,0.626819127,0.626819127,0.626819127,0.626819127
02/08/2030 02:00,0.655925156,0.655925156,0.655925156,0.655925156
02/08/2030 03:00,0.641372141,0.641372141,0.641372141,0.641372141
02/08/2030 04:00,0.622661123,0.622661123,0.622661123,0.622661123
02/08/2030 05:00,0.616424116,0.616424116,0.616424116,0.616424116
02/08/2030 06:00,0.601871102,0.601871102,0.601871102,0.601871102
02/08/2030 07:00,0.573804574,0.573804574,0.573804574,0.573804574
02/08/2030 08:00,0.582120582,0.582120582,0.582120582,0.582120582
02/08/2030 09:00,0.632016632,0.632016632,0.632016632,0.632016632
02/08/2030 10:00,0.64033264,0.64033264,0.64033264,0.64033264
02/08/2030 11:00,0.633056133,0.633056133,0.633056133,0.633056133
02/08/2030 12:00,0.633056133,0.633056133,0.633056133,0.633056133
02/08/2030 13:00,0.634095634,0.634095634,0.634095634,0.634095634
02/08/2030 14:00,0.613305613,0.613305613,0.613305613,0.613305613
02/08/2030 15:00,0.654885655,0.654885655,0.654885655,0.654885655
02/08/2030 16:00,0.673596674,0.673596674,0.673596674,0.673596674
02/08/2030 17:00,0.687110187,0.687110187,0.687110187,0.687110187
02/08/2030 18:00,0.692307692,0.692307692,0.692307692,0.692307692
02/08/2030 19:00,0.632016632,0.632016632,0.632016632,0.632016632
02/08/2030 20:00,0.681912682,0.681912682,0.681912682,0.681912682
02/08/2030 21:00,0.727650728,0.727650728,0.727650728,0.727650728
02/08/2030 22:00,0.591476091,0.591476091,0.591476091,0.591476091
02/08/2030 23:00,0.612266112,0.612266112,0.612266112,0.612266112
03/08/2030 00:00,0.592515593,0.592515593,0.592515593,0.592515593
03/08/2030 01:00,0.627858628,0.627858628,0.627858628,0.627858628
03/08/2030 02:00,0.646569647,0.646569647,0.646569647,0.646569647
03/08/2030 03:00,0.642411642,0.642411642,0.642411642,0.642411642
03/08/2030 04:00,0.623700624,0.623700624,0.623700624,0.623700624
03/08/2030 05:00,0.651767152,0.651767152,0.651767152,0.651767152
03/08/2030 06:00,0.637214137,0.637214137,0.637214137,0.637214137
03/08/2030 07:00,0.638253638,0.638253638,0.638253638,0.638253638
03/08/2030 08:00,0.622661123,0.622661123,0.622661123,0.622661123
03/08/2030 09:00,0.659043659,0.659043659,0.659043659,0.659043659
03/08/2030 10:00,0.639293139,0.639293139,0.639293139,0.639293139
03/08/2030 11:00,0.664241164,0.664241164,0.664241164,0.664241164
03/08/2030 12:00,0.593555094,0.593555094,0.593555094,0.593555094
03/08/2030 13:00,0.603950104,0.603950104,0.603950104,0.603950104
03/08/2030 14:00,0.628898129,0.628898129,0.628898129,0.628898129
03/08/2030 15:00,0.674636175,0.674636175,0.674636175,0.674636175
03/08/2030 16:00,0.676715177,0.676715177,0.676715177,0.676715177
03/08/2030 17:00,0.677754678,0.677754678,0.677754678,0.677754678
03/08/2030 18:00,0.726611227,0.726611227,0.726611227,0.726611227
03/08/2030 19:00,0.724532225,0.724532225,0.724532225,0.724532225
03/08/2030 20:00,0.662162162,0.662162162,0.662162162,0.662162162
03/08/2030 21:00,0.646569647,0.646569647,0.646569647,0.646569647
03/08/2030 22:00,0.593555094,0.593555094,0.593555094,0.593555094
03/08/2030 23:00,0.587318087,0.587318087,0.587318087,0.587318087
04/08/2030 00:00,0.61018711,0.61018711,0.61018711,0.61018711
04/08/2030 01:00,0.572765073,0.572765073,0.572765073,0.572765073
04/08/2030 02:00,0.596673597,0.596673597,0.596673597,0.596673597
04/08/2030 03:00,0.563409563,0.563409563,0.563409563,0.563409563
04/08/2030 04:00,0.574844075,0.574844075,0.574844075,0.574844075
04/08/2030 05:00,0.548856549,0.548856549,0.548856549,0.548856549
04/08/2030 06:00,0.574844075,0.574844075,0.574844075,0.574844075
04/08/2030 07:00,0.58004158,0.58004158,0.58004158,0.58004158
04/08/2030 08:00,0.607068607,0.607068607,0.607068607,0.607068607
04/08/2030 09:00,0.598752599,0.598752599,0.598752599,0.598752599
04/08/2030 10:00,0.583160083,0.583160083,0.583160083,0.583160083
04/08/2030 11:00,0.594594595,0.594594595,0.594594595,0.594594595
04/08/2030 12:00,0.617463617,0.617463617,0.617463617,0.617463617
04/08/2030 13:00,0.639293139,0.639293139,0.639293139,0.639293139
04/08/2030 14:00,0.681912682,0.681912682,0.681912682,0.681912682
04/08/2030 15:00,0.683991684,0.683991684,0.683991684,0.683991684
04/08/2030 16:00,0.669438669,0.669438669,0.669438669,0.669438669
04/08/2030 17:00,0.636174636,0.636174636,0.636174636,0.636174636
04/08/2030 18:00,0.616424116,0.616424116,0.616424116,0.616424116
04/08/2030 19:00,0.628898129,0.628898129,0.628898129,0.628898129
04/08/2030 20:00,0.614345114,0.614345114,0.614345114,0.614345114
04/08/2030 21:00,0.604989605,0.604989605,0.604989605,0.604989605
04/08/2030 22:00,0.61018711,0.61018711,0.61018711,0.61018711
04/08/2030 23:00,0.607068607,0.607068607,0.607068607,0.607068607
05/08/2030 00:00,0.587318087,0.587318087,0.587318087,0.587318087
05/08/2030 01:00,0.548856549,0.548856549,0.548856549,0.548856549
05/08/2030 02:00,0.561330561,0.561330561,0.561330561,0.561330561
05/08/2030 03:00,0.58004158,0.58004158,0.58004158,0.58004158
05/08/2030 04:00,0.589397089,0.589397089,0.589397089,0.589397089
05/08/2030 05:00,0.56964657,0.56964657,0.56964657,0.56964657
05/08/2030 06:00,0.559251559,0.559251559,0.559251559,0.559251559
05/08/2030 07:00,0.53950104,0.53950104,0.53950104,0.53950104
05/08/2030 08:00,0.582120582,0.582120582,0.582120582,0.582120582
05/08/2030 09:00,0.633056133,0.633056133,0.633056133,0.633056133
05/08/2030 10:00,0.646569647,0.646569647,0.646569647,0.646569647
05/08/2030 11:00,0.643451143,0.643451143,0.643451143,0.643451143
05/08/2030 12:00,0.659043659,0.659043659,0.659043659,0.659043659
05/08/2030 13:00,0.67047817,0.67047817,0.67047817,0.67047817
05/08/2030 14:00,0.67983368,0.67983368,0.67983368,0.67983368
05/08/2030 15:00,0.650727651,0.650727651,0.650727651,0.650727651
05/08/2030 16:00,0.64033264,0.64033264,0.64033264,0.64033264
05/08/2030 17:00,0.672557173,0.672557173,0.672557173,0.672557173
05/08/2030 18:00,0.618503119,0.618503119,0.618503119,0.618503119
05/08/2030 19:00,0.654885655,0.654885655,0.654885655,0.654885655
05/08/2030 20:00,0.668399168,0.668399168,0.668399168,0.668399168
05/08/2030 21:00,0.673596674,0.673596674,0.673596674,0.673596674
05/08/2030 22:00,0.676715177,0.676715177,0.676715177,0.676715177
05/08/2030 23:00,0.658004158,0.658004158,0.658004158,0.658004158
06/08/2030 00:00,0.591476091,0.591476091,0.591476091,0.591476091
06/08/2030 01:00,0.56964657,0.56964657,0.56964657,0.56964657
06/08/2030 02:00,0.571725572,0.571725572,0.571725572,0.571725572
06/08/2030 03:00,0.562370062,0.562370062,0.562370062,0.562370062
06/08/2030 04:00,0.579002079,0.579002079,0.579002079,0.579002079
06/08/2030 05:00,0.495841996,0.495841996,0.495841996,0.495841996
06/08/2030 06:00,0.485446985,0.485446985,0.485446985,0.485446985
06/08/2030 07:00,0.464656965,0.464656965,0.464656965,0.464656965
06/08/2030 08:00,0.48960499,0.48960499,0.48960499,0.48960499
06/08/2030 09:00,0.498960499,0.498960499,0.498960499,0.498960499
06/08/2030 10:00,0.514553015,0.514553015,0.514553015,0.514553015
06/08/2030 11:00,0.501039501,0.501039501,0.501039501,0.501039501
06/08/2030 12:00,0.524948025,0.524948025,0.524948025,0.524948025
06/08/2030 13:00,0.492723493,0.492723493,0.492723493,0.492723493
06/08/2030 14:00,0.51039501,0.51039501,0.51039501,0.51039501
06/08/2030 15:00,0.516632017,0.516632017,0.516632017,0.516632017
06/08/2030 16:00,0.517671518,0.517671518,0.517671518,0.517671518
06/08/2030 17:00,0.525987526,0.525987526,0.525987526,0.525987526
06/08/2030 18:00,0.509355509,0.509355509,0.509355509,0.509355509
06/08/2030 19:00,0.562370062,0.562370062,0.562370062,0.562370062
06/08/2030 20:00,0.596673597,0.596673597,0.596673597,0.596673597
06/08/2030 21:00,0.589397089,0.589397089,0.589397089,0.589397089
06/08/2030 22:00,0.615384615,0.615384615,0.615384615,0.615384615
06/08/2030 23:00,0.582120582,0.582120582,0.582120582,0.582120582
07/08/2030 00:00,0.607068607,0.607068607,0.607068607,0.607068607
07/08/2030 01:00,0.604989605,0.604989605,0.604989605,0.604989605
07/08/2030 02:00,0.603950104,0.603950104,0.603950104,0.603950104
07/08/2030 03:00,0.5997921,0.5997921,0.5997921,0.5997921
07/08/2030 04:00,0.604989605,0.604989605,0.604989605,0.604989605
07/08/2030 05:00,0.56029106,0.56029106,0.56029106,0.56029106
07/08/2030 06:00,0.522869023,0.522869023,0.522869023,0.522869023
07/08/2030 07:00,0.548856549,0.548856549,0.548856549,0.548856549
07/08/2030 08:00,0.548856549,0.548856549,0.548856549,0.548856549
07/08/2030 09:00,0.514553015,0.514553015,0.514553015,0.514553015
07/08/2030 10:00,0.538461538,0.538461538,0.538461538,0.538461538
07/08/2030 11:00,0.531185031,0.531185031,0.531185031,0.531185031
07/08/2030 12:00,0.544698545,0.544698545,0.544698545,0.544698545
07/08/2030 13:00,0.577962578,0.577962578,0.577962578,0.577962578
07/08/2030 14:00,0.53950104,0.53950104,0.53950104,0.53950104
07/08/2030 15:00,0.550935551,0.550935551,0.550935551,0.550935551
07/08/2030 16:00,0.593555094,0.593555094,0.593555094,0.593555094
07/08/2030 17:00,0.5997921,0.5997921,0.5997921,0.5997921
07/08/2030 18:00,0.577962578,0.577962578,0.577962578,0.577962578
07/08/2030 19:00,0.531185031,0.531185031,0.531185031,0.531185031
07/08/2030 20:00,0.567567568,0.567567568,0.567567568,0.567567568
07/08/2030 21:00,0.572765073,0.572765073,0.572765073,0.572765073
07/08/2030 22:00,0.558212058,0.558212058,0.558212058,0.558212058
07/08/2030 23:00,0.546777547,0.546777547,0.546777547,0.546777547
08/08/2030 00:00,0.579002079,0.579002079,0.579002079,0.579002079
08/08/2030 01:00,0.5997921,0.5997921,0.5997921,0.5997921
08/08/2030 02:00,0.601871102,0.601871102,0.601871102,0.601871102
08/08/2030 03:00,0.591476091,0.591476091,0.591476091,0.591476091
08/08/2030 04:00,0.583160083,0.583160083,0.583160083,0.583160083
08/08/2030 05:00,0.567567568,0.567567568,0.567567568,0.567567568
08/08/2030 06:00,0.554054054,0.554054054,0.554054054,0.554054054
08/08/2030 07:00,0.550935551,0.550935551,0.550935551,0.550935551
08/08/2030 08:00,0.628898129,0.628898129,0.628898129,0.628898129
08/08/2030 09:00,0.652806653,0.652806653,0.652806653,0.652806653
08/08/2030 10:00,0.635135135,0.635135135,0.635135135,0.635135135
08/08/2030 11:00,0.62993763,0.62993763,0.62993763,0.62993763
08/08/2030 12:00,0.665280665,0.665280665,0.665280665,0.665280665
08/08/2030 13:00,0.682952183,0.682952183,0.682952183,0.682952183
08/08/2030 14:00,0.671517672,0.671517672,0.671517672,0.671517672
08/08/2030 15:00,0.639293139,0.639293139,0.639293139,0.639293139
08/08/2030 16:00,0.639293139,0.639293139,0.639293139,0.639293139
08/08/2030 17:00,0.66008316,0.66008316,0.66008316,0.66008316
08/08/2030 18:00,0.675675676,0.675675676,0.675675676,0.675675676
08/08/2030 19:00,0.691268191,0.691268191,0.691268191,0.691268191
08/08/2030 20:00,0.669438669,0.669438669,0.669438669,0.669438669
08/08/2030 21:00,0.663201663,0.663201663,0.663201663,0.663201663
08/08/2030 22:00,0.641372141,0.641372141,0.641372141,0.641372141
08/08/2030 23:00,0.618503119,0.618503119,0.618503119,0.618503119
09/08/2030 00:00,0.588357588,0.588357588,0.588357588,0.588357588
09/08/2030 01:00,0.570686071,0.570686071,0.570686071,0.570686071
09/08/2030 02:00,0.584199584,0.584199584,0.584199584,0.584199584
09/08/2030 03:00,0.606029106,0.606029106,0.606029106,0.606029106
09/08/2030 04:00,0.612266112,0.612266112,0.612266112,0.612266112
09/08/2030 05:00,0.612266112,0.612266112,0.612266112,0.612266112
09/08/2030 06:00,0.592515593,0.592515593,0.592515593,0.592515593
09/08/2030 07:00,0.571725572,0.571725572,0.571725572,0.571725572
09/08/2030 08:00,0.613305613,0.613305613,0.613305613,0.613305613
09/08/2030 09:00,0.637214137,0.637214137,0.637214137,0.637214137
09/08/2030 10:00,0.665280665,0.665280665,0.665280665,0.665280665
09/08/2030 11:00,0.654885655,0.654885655,0.654885655,0.654885655
09/08/2030 12:00,0.66008316,0.66008316,0.66008316,0.66008316
09/08/2030 13:00,0.674636175,0.674636175,0.674636175,0.674636175
09/08/2030 14:00,0.641372141,0.641372141,0.641372141,0.641372141
09/08/2030 15:00,0.652806653,0.652806653,0.652806653,0.652806653
09/08/2030 16:00,0.655925156,0.655925156,0.655925156,0.655925156
09/08/2030 17:00,0.632016632,0.632016632,0.632016632,0.632016632
09/08/2030 18:00,0.636174636,0.636174636,0.636174636,0.636174636
09/08/2030 19:00,0.643451143,0.643451143,0.643451143,0.643451143
09/08/2030 20:00,0.642411642,0.642411642,0.642411642,0.642411642
09/08/2030 21:00,0.662162162,0.662162162,0.662162162,0.662162162
09/08/2030 22:00,0.620582121,0.620582121,0.620582121,0.620582121
09/08/2030 23:00,0.641372141,0.641372141,0.641372141,0.641372141
10/08/2030 00:00,0.634095634,0.634095634,0.634095634,0.634095634
10/08/2030 01:00,0.574844075,0.574844075,0.574844075,0.574844075
10/08/2030 02:00,0.588357588,0.588357588,0.588357588,0.588357588
10/08/2030 03:00,0.5997921,0.5997921,0.5997921,0.5997921
10/08/2030 04:00,0.592515593,0.592515593,0.592515593,0.592515593
10/08/2030 05:00,0.602910603,0.602910603,0.602910603,0.602910603
10/08/2030 06:00,0.608108108,0.608108108,0.608108108,0.608108108
10/08/2030 07:00,0.595634096,0.595634096,0.595634096,0.595634096
10/08/2030 08:00,0.601871102,0.601871102,0.601871102,0.601871102
10/08/2030 09:00,0.694386694,0.694386694,0.694386694,0.694386694
10/08/2030 10:00,0.688149688,0.688149688,0.688149688,0.688149688
10/08/2030 11:00,0.681912682,0.681912682,0.681912682,0.681912682
10/08/2030 12:00,0.692307692,0.692307692,0.692307692,0.692307692
10/08/2030 13:00,0.704781705,0.704781705,0.704781705,0.704781705
10/08/2030 14:00,0.697505198,0.697505198,0.697505198,0.697505198
10/08/2030 15:00,0.67047817,0.67047817,0.67047817,0.67047817
10/08/2030 16:00,0.632016632,0.632016632,0.632016632,0.632016632
10/08/2030 17:00,0.678794179,0.678794179,0.678794179,0.678794179
10/08/2030 18:00,0.708939709,0.708939709,0.708939709,0.708939709
10/08/2030 19:00,0.637214137,0.637214137,0.637214137,0.637214137
10/08/2030 20:00,0.5997921,0.5997921,0.5997921,0.5997921
10/08/2030 21:00,0.617463617,0.617463617,0.617463617,0.617463617
10/08/2030 22:00,0.617463617,0.617463617,0.617463617,0.617463617
10/08/2030 23:00,0.592515593,0.592515593,0.592515593,0.592515593
11/08/2030 00:00,0.593555094,0.593555094,0.593555094,0.593555094
11/08/2030 01:00,0.547817048,0.547817048,0.547817048,0.547817048
11/08/2030 02:00,0.566528067,0.566528067,0.566528067,0.566528067
11/08/2030 03:00,0.544698545,0.544698545,0.544698545,0.544698545
11/08/2030 04:00,0.542619543,0.542619543,0.542619543,0.542619543
11/08/2030 05:00,0.547817048,0.547817048,0.547817048,0.547817048
11/08/2030 06:00,0.538461538,0.538461538,0.538461538,0.538461538
11/08/2030 07:00,0.522869023,0.522869023,0.522869023,0.522869023
11/08/2030 08:00,0.542619543,0.542619543,0.542619543,0.542619543
11/08/2030 09:00,0.589397089,0.589397089,0.589397089,0.589397089
11/08/2030 10:00,0.600831601,0.600831601,0.600831601,0.600831601
11/08/2030 11:00,0.61018711,0.61018711,0.61018711,0.61018711
11/08/2030 12:00,0.595634096,0.595634096,0.595634096,0.595634096
11/08/2030 13:00,0.611226611,0.611226611,0.611226611,0.611226611
11/08/2030 14:00,0.639293139,0.639293139,0.639293139,0.639293139
11/08/2030 15:00,0.625779626,0.625779626,0.625779626,0.625779626
11/08/2030 16:00,0.614345114,0.614345114,0.614345114,0.614345114
11/08/2030 17:00,0.601871102,0.601871102,0.601871102,0.601871102
11/08/2030 18:00,0.581081081,0.581081081,0.581081081,0.581081081
11/08/2030 19:00,0.5997921,0.5997921,0.5997921,0.5997921
11/08/2030 20:00,0.628898129,0.628898129,0.628898129,0.628898129
11/08/2030 21:00,0.59043659,0.59043659,0.59043659,0.59043659
11/08/2030 22:00,0.59043659,0.59043659,0.59043659,0.59043659
11/08/2030 23:00,0.607068607,0.607068607,0.607068607,0.607068607
12/08/2030 00:00,0.568607069,0.568607069,0.568607069,0.568607069
12/08/2030 01:00,0.53950104,0.53950104,0.53950104,0.53950104
12/08/2030 02:00,0.544698545,0.544698545,0.544698545,0.544698545
12/08/2030 03:00,0.574844075,0.574844075,0.574844075,0.574844075
12/08/2030 04:00,0.533264033,0.533264033,0.533264033,0.533264033
12/08/2030 05:00,0.54989605,0.54989605,0.54989605,0.54989605
12/08/2030 06:00,0.553014553,0.553014553,0.553014553,0.553014553
12/08/2030 07:00,0.543659044,0.543659044,0.543659044,0.543659044
12/08/2030 08:00,0.543659044,0.543659044,0.543659044,0.543659044
12/08/2030 09:00,0.575883576,0.575883576,0.575883576,0.575883576
12/08/2030 10:00,0.56964657,0.56964657,0.56964657,0.56964657
12/08/2030 11:00,0.589397089,0.589397089,0.589397089,0.589397089
12/08/2030 12:00,0.5997921,0.5997921,0.5997921,0.5997921
12/08/2030 13:00,0.604989605,0.604989605,0.604989605,0.604989605
12/08/2030 14:00,0.647609148,0.647609148,0.647609148,0.647609148
12/08/2030 15:00,0.638253638,0.638253638,0.638253638,0.638253638
12/08/2030 16:00,0.608108108,0.608108108,0.608108108,0.608108108
12/08/2030 17:00,0.615384615,0.615384615,0.615384615,0.615384615
12/08/2030 18:00,0.642411642,0.642411642,0.642411642,0.642411642
12/08/2030 19:00,0.632016632,0.632016632,0.632016632,0.632016632
12/08/2030 20:00,0.61018711,0.61018711,0.61018711,0.61018711
12/08/2030 21:00,0.586278586,0.586278586,0.586278586,0.586278586
12/08/2030 22:00,0.613305613,0.613305613,0.613305613,0.613305613
12/08/2030 23:00,0.577962578,0.577962578,0.577962578,0.577962578
13/08/2030 00:00,0.554054054,0.554054054,0.554054054,0.554054054
13/08/2030 01:00,0.527027027,0.527027027,0.527027027,0.527027027
13/08/2030 02:00,0.543659044,0.543659044,0.543659044,0.543659044
13/08/2030 03:00,0.525987526,0.525987526,0.525987526,0.525987526
13/08/2030 04:00,0.528066528,0.528066528,0.528066528,0.528066528
13/08/2030 05:00,0.542619543,0.542619543,0.542619543,0.542619543
13/08/2030 06:00,0.534303534,0.534303534,0.534303534,0.534303534
13/08/2030 07:00,0.514553015,0.514553015,0.514553015,0.514553015
13/08/2030 08:00,0.527027027,0.527027027,0.527027027,0.527027027
13/08/2030 09:00,0.547817048,0.547817048,0.547817048,0.547817048
13/08/2030 10:00,0.535343035,0.535343035,0.535343035,0.535343035
13/08/2030 11:00,0.538461538,0.538461538,0.538461538,0.538461538
13/08/2030 12:00,0.557172557,0.557172557,0.557172557,0.557172557
13/08/2030 13:00,0.535343035,0.535343035,0.535343035,0.535343035
13/08/2030 14:00,0.54989605,0.54989605,0.54989605,0.54989605
13/08/2030 15:00,0.548856549,0.548856549,0.548856549,0.548856549
13/08/2030 16:00,0.553014553,0.553014553,0.553014553,0.553014553
13/08/2030 17:00,0.553014553,0.553014553,0.553014553,0.553014553
13/08/2030 18:00,0.558212058,0.558212058,0.558212058,0.558212058
13/08/2030 19:00,0.527027027,0.527027027,0.527027027,0.527027027
13/08/2030 20:00,0.485446985,0.485446985,0.485446985,0.485446985
13/08/2030 21:00,0.51975052,0.51975052,0.51975052,0.51975052
13/08/2030 22:00,0.523908524,0.523908524,0.523908524,0.523908524
13/08/2030 23:00,0.525987526,0.525987526,0.525987526,0.525987526
14/08/2030 00:00,0.506237006,0.506237006,0.506237006,0.506237006
14/08/2030 01:00,0.525987526,0.525987526,0.525987526,0.525987526
14/08/2030 02:00,0.536382536,0.536382536,0.536382536,0.536382536
14/08/2030 03:00,0.532224532,0.532224532,0.532224532,0.532224532
14/08/2030 04:00,0.533264033,0.533264033,0.533264033,0.533264033
14/08/2030 05:00,0.536382536,0.536382536,0.536382536,0.536382536
14/08/2030 06:00,0.531185031,0.531185031,0.531185031,0.531185031
14/08/2030 07:00,0.534303534,0.534303534,0.534303534,0.534303534
14/08/2030 08:00,0.48960499,0.48960499,0.48960499,0.48960499
14/08/2030 09:00,0.51975052,0.51975052,0.51975052,0.51975052
14/08/2030 10:00,0.548856549,0.548856549,0.548856549,0.548856549
14/08/2030 11:00,0.584199584,0.584199584,0.584199584,0.584199584
14/08/2030 12:00,0.583160083,0.583160083,0.583160083,0.583160083
14/08/2030 13:00,0.575883576,0.575883576,0.575883576,0.575883576
14/08/2030 14:00,0.576923077,0.576923077,0.576923077,0.576923077
14/08/2030 15:00,0.53950104,0.53950104,0.53950104,0.53950104
14/08/2030 16:00,0.54989605,0.54989605,0.54989605,0.54989605
14/08/2030 17:00,0.531185031,0.531185031,0.531185031,0.531185031
14/08/2030 18:00,0.506237006,0.506237006,0.506237006,0.506237006
14/08/2030 19:00,0.521829522,0.521829522,0.521829522,0.521829522
14/08/2030 20:00,0.586278586,0.586278586,0.586278586,0.586278586
14/08/2030 21:00,0.550935551,0.550935551,0.550935551,0.550935551
14/08/2030 22:00,0.540540541,0.540540541,0.540540541,0.540540541
14/08/2030 23:00,0.527027027,0.527027027,0.527027027,0.527027027
15/08/2030 00:00,0.535343035,0.535343035,0.535343035,0.535343035
15/08/2030 01:00,0.548856549,0.548856549,0.548856549,0.548856549
15/08/2030 02:00,0.556133056,0.556133056,0.556133056,0.556133056
15/08/2030 03:00,0.555093555,0.555093555,0.555093555,0.555093555
15/08/2030 04:00,0.563409563,0.563409563,0.563409563,0.563409563
15/08/2030 05:00,0.573804574,0.573804574,0.573804574,0.573804574
15/08/2030 06:00,0.565488565,0.565488565,0.565488565,0.565488565
15/08/2030 07:00,0.548856549,0.548856549,0.548856549,0.548856549
15/08/2030 08:00,0.557172557,0.557172557,0.557172557,0.557172557
15/08/2030 09:00,0.58004158,0.58004158,0.58004158,0.58004158
15/08/2030 10:00,0.587318087,0.587318087,0.587318087,0.587318087
15/08/2030 11:00,0.600831601,0.600831601,0.600831601,0.600831601
15/08/2030 12:00,0.633056133,0.633056133,0.633056133,0.633056133
15/08/2030 13:00,0.620582121,0.620582121,0.620582121,0.620582121
15/08/2030 14:00,0.671517672,0.671517672,0.671517672,0.671517672
15/08/2030 15:00,0.653846154,0.653846154,0.653846154,0.653846154
15/08/2030 16:00,0.650727651,0.650727651,0.650727651,0.650727651
15/08/2030 17:00,0.624740125,0.624740125,0.624740125,0.624740125
15/08/2030 18:00,0.630977131,0.630977131,0.630977131,0.630977131
15/08/2030 19:00,0.654885655,0.654885655,0.654885655,0.654885655
15/08/2030 20:00,0.633056133,0.633056133,0.633056133,0.633056133
15/08/2030 21:00,0.612266112,0.612266112,0.612266112,0.612266112
15/08/2030 22:00,0.64968815,0.64968815,0.64968815,0.64968815
15/08/2030 23:00,0.678794179,0.678794179,0.678794179,0.678794179
16/08/2030 00:00,0.582120582,0.582120582,0.582120582,0.582120582
16/08/2030 01:00,0.572765073,0.572765073,0.572765073,0.572765073
16/08/2030 02:00,0.573804574,0.573804574,0.573804574,0.573804574
16/08/2030 03:00,0.567567568,0.567567568,0.567567568,0.567567568
16/08/2030 04:00,0.568607069,0.568607069,0.568607069,0.568607069
16/08/2030 05:00,0.554054054,0.554054054,0.554054054,0.554054054
16/08/2030 06:00,0.561330561,0.561330561,0.561330561,0.561330561
16/08/2030 07:00,0.562370062,0.562370062,0.562370062,0.562370062
16/08/2030 08:00,0.568607069,0.568607069,0.568607069,0.568607069
16/08/2030 09:00,0.614345114,0.614345114,0.614345114,0.614345114
16/08/2030 10:00,0.643451143,0.643451143,0.643451143,0.643451143
16/08/2030 11:00,0.656964657,0.656964657,0.656964657,0.656964657
16/08/2030 12:00,0.66008316,0.66008316,0.66008316,0.66008316
16/08/2030 13:00,0.706860707,0.706860707,0.706860707,0.706860707
16/08/2030 14:00,0.691268191,0.691268191,0.691268191,0.691268191
16/08/2030 15:00,0.697505198,0.697505198,0.697505198,0.697505198
16/08/2030 16:00,0.693347193,0.693347193,0.693347193,0.693347193
16/08/2030 17:00,0.702702703,0.702702703,0.702702703,0.702702703
16/08/2030 18:00,0.703742204,0.703742204,0.703742204,0.703742204
16/08/2030 19:00,0.650727651,0.650727651,0.650727651,0.650727651
16/08/2030 20:00,0.642411642,0.642411642,0.642411642,0.642411642
16/08/2030 21:00,0.624740125,0.624740125,0.624740125,0.624740125
16/08/2030 22:00,0.606029106,0.606029106,0.606029106,0.606029106
16/08/2030 23:00,0.633056133,0.633056133,0.633056133,0.633056133
17/08/2030 00:00,0.61954262,0.61954262,0.61954262,0.61954262
17/08/2030 01:00,0.61018711,0.61018711,0.61018711,0.61018711
17/08/2030 02:00,0.602910603,0.602910603,0.602910603,0.602910603
17/08/2030 03:00,0.612266112,0.612266112,0.612266112,0.612266112
17/08/2030 04:00,0.591476091,0.591476091,0.591476091,0.591476091
17/08/2030 05:00,0.609147609,0.609147609,0.609147609,0.609147609
17/08/2030 06:00,0.617463617,0.617463617,0.617463617,0.617463617
17/08/2030 07:00,0.574844075,0.574844075,0.574844075,0.574844075
17/08/2030 08:00,0.609147609,0.609147609,0.609147609,0.609147609
17/08/2030 09:00,0.627858628,0.627858628,0.627858628,0.627858628
17/08/2030 10:00,0.646569647,0.646569647,0.646569647,0.646569647
17/08/2030 11:00,0.654885655,0.654885655,0.654885655,0.654885655
17/08/2030 12:00,0.653846154,0.653846154,0.653846154,0.653846154
17/08/2030 13:00,0.656964657,0.656964657,0.656964657,0.656964657
17/08/2030 14:00,0.658004158,0.658004158,0.658004158,0.658004158
17/08/2030 15:00,0.69022869,0.69022869,0.69022869,0.69022869
17/08/2030 16:00,0.666320166,0.666320166,0.666320166,0.666320166
17/08/2030 17:00,0.666320166,0.666320166,0.666320166,0.666320166
17/08/2030 18:00,0.677754678,0.677754678,0.677754678,0.677754678
17/08/2030 19:00,0.654885655,0.654885655,0.654885655,0.654885655
17/08/2030 20:00,0.645530146,0.645530146,0.645530146,0.645530146
17/08/2030 21:00,0.641372141,0.641372141,0.641372141,0.641372141
17/08/2030 22:00,0.659043659,0.659043659,0.659043659,0.659043659
17/08/2030 23:00,0.693347193,0.693347193,0.693347193,0.693347193
18/08/2030 00:00,0.632016632,0.632016632,0.632016632,0.632016632
18/08/2030 01:00,0.609147609,0.609147609,0.609147609,0.609147609
18/08/2030 02:00,0.630977131,0.630977131,0.630977131,0.630977131
18/08/2030 03:00,0.606029106,0.606029106,0.606029106,0.606029106
18/08/2030 04:00,0.621621622,0.621621622,0.621621622,0.621621622
18/08/2030 05:00,0.618503119,0.618503119,0.618503119,0.618503119
18/08/2030 06:00,0.624740125,0.624740125,0.624740125,0.624740125
18/08/2030 07:00,0.5997921,0.5997921,0.5997921,0.5997921
18/08/2030 08:00,0.630977131,0.630977131,0.630977131,0.630977131
18/08/2030 09:00,0.696465696,0.696465696,0.696465696,0.696465696
18/08/2030 10:00,0.6995842,0.6995842,0.6995842,0.6995842
18/08/2030 11:00,0.711018711,0.711018711,0.711018711,0.711018711
18/08/2030 12:00,0.692307692,0.692307692,0.692307692,0.692307692
18/08/2030 13:00,0.700623701,0.700623701,0.700623701,0.700623701
18/08/2030 14:00,0.666320166,0.666320166,0.666320166,0.666320166
18/08/2030 15:00,0.688149688,0.688149688,0.688149688,0.688149688
18/08/2030 16:00,0.663201663,0.663201663,0.663201663,0.663201663
18/08/2030 17:00,0.661122661,0.661122661,0.661122661,0.661122661
18/08/2030 18:00,0.667359667,0.667359667,0.667359667,0.667359667
18/08/2030 19:00,0.665280665,0.665280665,0.665280665,0.665280665
18/08/2030 20:00,0.634095634,0.634095634,0.634095634,0.634095634
18/08/2030 21:00,0.653846154,0.653846154,0.653846154,0.653846154
18/08/2030 22:00,0.638253638,0.638253638,0.638253638,0.638253638
18/08/2030 23:00,0.62993763,0.62993763,0.62993763,0.62993763
19/08/2030 00:00,0.602910603,0.602910603,0.602910603,0.602910603
19/08/2030 01:00,0.603950104,0.603950104,0.603950104,0.603950104
19/08/2030 02:00,0.635135135,0.635135135,0.635135135,0.635135135
19/08/2030 03:00,0.585239085,0.585239085,0.585239085,0.585239085
19/08/2030 04:00,0.591476091,0.591476091,0.591476091,0.591476091
19/08/2030 05:00,0.597713098,0.597713098,0.597713098,0.597713098
19/08/2030 06:00,0.601871102,0.601871102,0.601871102,0.601871102
19/08/2030 07:00,0.579002079,0.579002079,0.579002079,0.579002079
19/08/2030 08:00,0.601871102,0.601871102,0.601871102,0.601871102
19/08/2030 09:00,0.662162162,0.662162162,0.662162162,0.662162162
19/08/2030 10:00,0.704781705,0.704781705,0.704781705,0.704781705
19/08/2030 11:00,0.681912682,0.681912682,0.681912682,0.681912682
19/08/2030 12:00,0.651767152,0.651767152,0.651767152,0.651767152
19/08/2030 13:00,0.662162162,0.662162162,0.662162162,0.662162162
19/08/2030 14:00,0.678794179,0.678794179,0.678794179,0.678794179
19/08/2030 15:00,0.64033264,0.64033264,0.64033264,0.64033264
19/08/2030 16:00,0.636174636,0.636174636,0.636174636,0.636174636
19/08/2030 17:00,0.650727651,0.650727651,0.650727651,0.650727651
19/08/2030 18:00,0.64968815,0.64968815,0.64968815,0.64968815
19/08/2030 19:00,0.634095634,0.634095634,0.634095634,0.634095634
19/08/2030 20:00,0.626819127,0.626819127,0.626819127,0.626819127
19/08/2030 21:00,0.606029106,0.606029106,0.606029106,0.606029106
19/08/2030 22:00,0.632016632,0.632016632,0.632016632,0.632016632
19/08/2030 23:00,0.653846154,0.653846154,0.653846154,0.653846154
20/08/2030 00:00,0.621621622,0.621621622,0.621621622,0.621621622
20/08/2030 01:00,0.591476091,0.591476091,0.591476091,0.591476091
20/08/2030 02:00,0.592515593,0.592515593,0.592515593,0.592515593
20/08/2030 03:00,0.575883576,0.575883576,0.575883576,0.575883576
20/08/2030 04:00,0.592515593,0.592515593,0.592515593,0.592515593
20/08/2030 05:00,0.602910603,0.602910603,0.602910603,0.602910603
20/08/2030 06:00,0.600831601,0.600831601,0.600831601,0.600831601
20/08/2030 07:00,0.585239085,0.585239085,0.585239085,0.585239085
20/08/2030 08:00,0.601871102,0.601871102,0.601871102,0.601871102
20/08/2030 09:00,0.604989605,0.604989605,0.604989605,0.604989605
20/08/2030 10:00,0.585239085,0.585239085,0.585239085,0.585239085
20/08/2030 11:00,0.591476091,0.591476091,0.591476091,0.591476091
20/08/2030 12:00,0.586278586,0.586278586,0.586278586,0.586278586
20/08/2030 13:00,0.591476091,0.591476091,0.591476091,0.591476091
20/08/2030 14:00,0.587318087,0.587318087,0.587318087,0.587318087
20/08/2030 15:00,0.581081081,0.581081081,0.581081081,0.581081081
20/08/2030 16:00,0.579002079,0.579002079,0.579002079,0.579002079
20/08/2030 17:00,0.581081081,0.581081081,0.581081081,0.581081081
20/08/2030 18:00,0.587318087,0.587318087,0.587318087,0.587318087
20/08/2030 19:00,0.568607069,0.568607069,0.568607069,0.568607069
20/08/2030 20:00,0.567567568,0.567567568,0.567567568,0.567567568
20/08/2030 21:00,0.564449064,0.564449064,0.564449064,0.564449064
20/08/2030 22:00,0.59043659,0.59043659,0.59043659,0.59043659
20/08/2030 23:00,0.581081081,0.581081081,0.581081081,0.581081081
21/08/2030 00:00,0.602910603,0.602910603,0.602910603,0.602910603
21/08/2030 01:00,0.579002079,0.579002079,0.579002079,0.579002079
21/08/2030 02:00,0.612266112,0.612266112,0.612266112,0.612266112
21/08/2030 03:00,0.603950104,0.603950104,0.603950104,0.603950104
21/08/2030 04:00,0.59043659,0.59043659,0.59043659,0.59043659
21/08/2030 05:00,0.603950104,0.603950104,0.603950104,0.603950104
21/08/2030 06:00,0.606029106,0.606029106,0.606029106,0.606029106
21/08/2030 07:00,0.596673597,0.596673597,0.596673597,0.596673597
21/08/2030 08:00,0.624740125,0.624740125,0.624740125,0.624740125
21/08/2030 09:00,0.593555094,0.593555094,0.593555094,0.593555094
21/08/2030 10:00,0.612266112,0.612266112,0.612266112,0.612266112
21/08/2030 11:00,0.592515593,0.592515593,0.592515593,0.592515593
21/08/2030 12:00,0.608108108,0.608108108,0.608108108,0.608108108
21/08/2030 13:00,0.617463617,0.617463617,0.617463617,0.617463617
21/08/2030 14:00,0.618503119,0.618503119,0.618503119,0.618503119
21/08/2030 15:00,0.61954262,0.61954262,0.61954262,0.61954262
21/08/2030 16:00,0.618503119,0.618503119,0.618503119,0.618503119
21/08/2030 17:00,0.582120582,0.582120582,0.582120582,0.582120582
21/08/2030 18:00,0.612266112,0.612266112,0.612266112,0.612266112
21/08/2030 19:00,0.61018711,0.61018711,0.61018711,0.61018711
21/08/2030 20:00,0.623700624,0.623700624,0.623700624,0.623700624
21/08/2030 21:00,0.588357588,0.588357588,0.588357588,0.588357588
21/08/2030 22:00,0.595634096,0.595634096,0.595634096,0.595634096
21/08/2030 23:00,0.62993763,0.62993763,0.62993763,0.62993763
22/08/2030 00:00,0.585239085,0.585239085,0.585239085,0.585239085
22/08/2030 01:00,0.615384615,0.615384615,0.615384615,0.615384615
22/08/2030 02:00,0.612266112,0.612266112,0.612266112,0.612266112
22/08/2030 03:00,0.636174636,0.636174636,0.636174636,0.636174636
22/08/2030 04:00,0.632016632,0.632016632,0.632016632,0.632016632
22/08/2030 05:00,0.653846154,0.653846154,0.653846154,0.653846154
22/08/2030 06:00,0.615384615,0.615384615,0.615384615,0.615384615
22/08/2030 07:00,0.658004158,0.658004158,0.658004158,0.658004158
22/08/2030 08:00,0.675675676,0.675675676,0.675675676,0.675675676
22/08/2030 09:00,0.706860707,0.706860707,0.706860707,0.706860707
22/08/2030 10:00,0.692307692,0.692307692,0.692307692,0.692307692
22/08/2030 11:00,0.750519751,0.750519751,0.750519751,0.750519751
22/08/2030 12:00,0.741164241,0.741164241,0.741164241,0.741164241
22/08/2030 13:00,0.688149688,0.688149688,0.688149688,0.688149688
22/08/2030 14:00,0.654885655,0.654885655,0.654885655,0.654885655
22/08/2030 15:00,0.688149688,0.688149688,0.688149688,0.688149688
22/08/2030 16:00,0.715176715,0.715176715,0.715176715,0.715176715
22/08/2030 17:00,0.717255717,0.717255717,0.717255717,0.717255717
22/08/2030 18:00,0.686070686,0.686070686,0.686070686,0.686070686
22/08/2030 19:00,0.702702703,0.702702703,0.702702703,0.702702703
22/08/2030 20:00,0.728690229,0.728690229,0.728690229,0.728690229
22/08/2030 21:00,0.688149688,0.688149688,0.688149688,0.688149688
22/08/2030 22:00,0.664241164,0.664241164,0.664241164,0.664241164
22/08/2030 23:00,0.634095634,0.634095634,0.634095634,0.634095634
23/08/2030 00:00,0.609147609,0.609147609,0.609147609,0.609147609
23/08/2030 01:00,0.56964657,0.56964657,0.56964657,0.56964657
23/08/2030 02:00,0.617463617,0.617463617,0.617463617,0.617463617
23/08/2030 03:00,0.612266112,0.612266112,0.612266112,0.612266112
23/08/2030 04:00,0.615384615,0.615384615,0.615384615,0.615384615
23/08/2030 05:00,0.614345114,0.614345114,0.614345114,0.614345114
23/08/2030 06:00,0.61954262,0.61954262,0.61954262,0.61954262
23/08/2030 07:00,0.635135135,0.635135135,0.635135135,0.635135135
23/08/2030 08:00,0.685031185,0.685031185,0.685031185,0.685031185
23/08/2030 09:00,0.681912682,0.681912682,0.681912682,0.681912682
23/08/2030 10:00,0.700623701,0.700623701,0.700623701,0.700623701
23/08/2030 11:00,0.698544699,0.698544699,0.698544699,0.698544699
23/08/2030 12:00,0.703742204,0.703742204,0.703742204,0.703742204
23/08/2030 13:00,0.707900208,0.707900208,0.707900208,0.707900208
23/08/2030 14:00,0.696465696,0.696465696,0.696465696,0.696465696
23/08/2030 15:00,0.6995842,0.6995842,0.6995842,0.6995842
23/08/2030 16:00,0.654885655,0.654885655,0.654885655,0.654885655
23/08/2030 17:00,0.647609148,0.647609148,0.647609148,0.647609148
23/08/2030 18:00,0.651767152,0.651767152,0.651767152,0.651767152
23/08/2030 19:00,0.645530146,0.645530146,0.645530146,0.645530146
23/08/2030 20:00,0.639293139,0.639293139,0.639293139,0.639293139
23/08/2030 21:00,0.626819127,0.626819127,0.626819127,0.626819127
23/08/2030 22:00,0.600831601,0.600831601,0.600831601,0.600831601
23/08/2030 23:00,0.625779626,0.625779626,0.625779626,0.625779626
24/08/2030 00:00,0.59043659,0.59043659,0.59043659,0.59043659
24/08/2030 01:00,0.563409563,0.563409563,0.563409563,0.563409563
24/08/2030 02:00,0.574844075,0.574844075,0.574844075,0.574844075
24/08/2030 03:00,0.573804574,0.573804574,0.573804574,0.573804574
24/08/2030 04:00,0.572765073,0.572765073,0.572765073,0.572765073
24/08/2030 05:00,0.570686071,0.570686071,0.570686071,0.570686071
24/08/2030 06:00,0.577962578,0.577962578,0.577962578,0.577962578
24/08/2030 07:00,0.558212058,0.558212058,0.558212058,0.558212058
24/08/2030 08:00,0.562370062,0.562370062,0.562370062,0.562370062
24/08/2030 09:00,0.593555094,0.593555094,0.593555094,0.593555094
24/08/2030 10:00,0.579002079,0.579002079,0.579002079,0.579002079
24/08/2030 11:00,0.637214137,0.637214137,0.637214137,0.637214137
24/08/2030 12:00,0.685031185,0.685031185,0.685031185,0.685031185
24/08/2030 13:00,0.864864865,0.864864865,0.864864865,0.864864865
24/08/2030 14:00,0.924116424,0.924116424,0.924116424,0.924116424
24/08/2030 15:00,0.966735967,0.966735967,0.966735967,0.966735967
24/08/2030 16:00,0.984407484,0.984407484,0.984407484,0.984407484
24/08/2030 17:00,0.978170478,0.978170478,0.978170478,0.978170478
24/08/2030 18:00,0.957380457,0.957380457,0.957380457,0.957380457
24/08/2030 19:00,0.9002079,0.9002079,0.9002079,0.9002079
24/08/2030 20:00,0.874220374,0.874220374,0.874220374,0.874220374
24/08/2030 21:00,0.928274428,0.928274428,0.928274428,0.928274428
24/08/2030 22:00,0.899168399,0.899168399,0.899168399,0.899168399
24/08/2030 23:00,0.791060291,0.791060291,0.791060291,0.791060291
25/08/2030 00:00,0.635135135,0.635135135,0.635135135,0.635135135
25/08/2030 01:00,0.581081081,0.581081081,0.581081081,0.581081081
25/08/2030 02:00,0.587318087,0.587318087,0.587318087,0.587318087
25/08/2030 03:00,0.585239085,0.585239085,0.585239085,0.585239085
25/08/2030 04:00,0.571725572,0.571725572,0.571725572,0.571725572
25/08/2030 05:00,0.597713098,0.597713098,0.597713098,0.597713098
25/08/2030 06:00,0.586278586,0.586278586,0.586278586,0.586278586
25/08/2030 07:00,0.589397089,0.589397089,0.589397089,0.589397089
25/08/2030 08:00,0.592515593,0.592515593,0.592515593,0.592515593
25/08/2030 09:00,0.648648649,0.648648649,0.648648649,0.648648649
25/08/2030 10:00,0.692307692,0.692307692,0.692307692,0.692307692
25/08/2030 11:00,0.686070686,0.686070686,0.686070686,0.686070686
25/08/2030 12:00,0.743243243,0.743243243,0.743243243,0.743243243
25/08/2030 13:00,0.903326403,0.903326403,0.903326403,0.903326403
25/08/2030 14:00,0.945945946,0.945945946,0.945945946,0.945945946
25/08/2030 15:00,0.953222453,0.953222453,0.953222453,0.953222453
25/08/2030 16:00,1,1,1,1
25/08/2030 17:00,0.943866944,0.943866944,0.943866944,0.943866944
25/08/2030 18:00,0.920997921,0.920997921,0.920997921,0.920997921
25/08/2030 19:00,0.913721414,0.913721414,0.913721414,0.913721414
25/08/2030 20:00,0.908523909,0.908523909,0.908523909,0.908523909
25/08/2030 21:00,0.881496881,0.881496881,0.881496881,0.881496881
25/08/2030 22:00,0.916839917,0.916839917,0.916839917,0.916839917
25/08/2030 23:00,0.80977131,0.80977131,0.80977131,0.80977131
26/08/2030 00:00,0.624740125,0.624740125,0.624740125,0.624740125
26/08/2030 01:00,0.520790021,0.520790021,0.520790021,0.520790021
26/08/2030 02:00,0.516632017,0.516632017,0.516632017,0.516632017
26/08/2030 03:00,0.518711019,0.518711019,0.518711019,0.518711019
26/08/2030 04:00,0.531185031,0.531185031,0.531185031,0.531185031
26/08/2030 05:00,0.525987526,0.525987526,0.525987526,0.525987526
26/08/2030 06:00,0.497920998,0.497920998,0.497920998,0.497920998
26/08/2030 07:00,0.478170478,0.478170478,0.478170478,0.478170478
26/08/2030 08:00,0.511434511,0.511434511,0.511434511,0.511434511
26/08/2030 09:00,0.54989605,0.54989605,0.54989605,0.54989605
26/08/2030 10:00,0.573804574,0.573804574,0.573804574,0.573804574
26/08/2030 11:00,0.564449064,0.564449064,0.564449064,0.564449064
26/08/2030 12:00,0.621621622,0.621621622,0.621621622,0.621621622
26/08/2030 13:00,0.77962578,0.77962578,0.77962578,0.77962578
26/08/2030 14:00,0.836798337,0.836798337,0.836798337,0.836798337
26/08/2030 15:00,0.832640333,0.832640333,0.832640333,0.832640333
26/08/2030 16:00,0.877338877,0.877338877,0.877338877,0.877338877
26/08/2030 17:00,0.860706861,0.860706861,0.860706861,0.860706861
26/08/2030 18:00,0.807692308,0.807692308,0.807692308,0.807692308
26/08/2030 19:00,0.814968815,0.814968815,0.814968815,0.814968815
26/08/2030 20:00,0.832640333,0.832640333,0.832640333,0.832640333
26/08/2030 21:00,0.816008316,0.816008316,0.816008316,0.816008316
26/08/2030 22:00,0.802494802,0.802494802,0.802494802,0.802494802
26/08/2030 23:00,0.646569647,0.646569647,0.646569647,0.646569647
27/08/2030 00:00,0.572765073,0.572765073,0.572765073,0.572765073
27/08/2030 01:00,0.544698545,0.544698545,0.544698545,0.544698545
27/08/2030 02:00,0.531185031,0.531185031,0.531185031,0.531185031
27/08/2030 03:00,0.537422037,0.537422037,0.537422037,0.537422037
27/08/2030 04:00,0.527027027,0.527027027,0.527027027,0.527027027
27/08/2030 05:00,0.535343035,0.535343035,0.535343035,0.535343035
27/08/2030 06:00,0.538461538,0.538461538,0.538461538,0.538461538
27/08/2030 07:00,0.520790021,0.520790021,0.520790021,0.520790021
27/08/2030 08:00,0.497920998,0.497920998,0.497920998,0.497920998
27/08/2030 09:00,0.487525988,0.487525988,0.487525988,0.487525988
27/08/2030 10:00,0.496881497,0.496881497,0.496881497,0.496881497
27/08/2030 11:00,0.518711019,0.518711019,0.518711019,0.518711019
27/08/2030 12:00,0.481288981,0.481288981,0.481288981,0.481288981
27/08/2030 13:00,0.474012474,0.474012474,0.474012474,0.474012474
27/08/2030 14:00,0.48024948,0.48024948,0.48024948,0.48024948
27/08/2030 15:00,0.478170478,0.478170478,0.478170478,0.478170478
27/08/2030 16:00,0.486486486,0.486486486,0.486486486,0.486486486
27/08/2030 17:00,0.493762994,0.493762994,0.493762994,0.493762994
27/08/2030 18:00,0.485446985,0.485446985,0.485446985,0.485446985
27/08/2030 19:00,0.456340956,0.456340956,0.456340956,0.456340956
27/08/2030 20:00,0.487525988,0.487525988,0.487525988,0.487525988
27/08/2030 21:00,0.497920998,0.497920998,0.497920998,0.497920998
27/08/2030 22:00,0.466735967,0.466735967,0.466735967,0.466735967
27/08/2030 23:00,0.476091476,0.476091476,0.476091476,0.476091476
28/08/2030 00:00,0.515592516,0.515592516,0.515592516,0.515592516
28/08/2030 01:00,0.498960499,0.498960499,0.498960499,0.498960499
28/08/2030 02:00,0.504158004,0.504158004,0.504158004,0.504158004
28/08/2030 03:00,0.498960499,0.498960499,0.498960499,0.498960499
28/08/2030 04:00,0.496881497,0.496881497,0.496881497,0.496881497
28/08/2030 05:00,0.497920998,0.497920998,0.497920998,0.497920998
28/08/2030 06:00,0.505197505,0.505197505,0.505197505,0.505197505
28/08/2030 07:00,0.495841996,0.495841996,0.495841996,0.495841996
28/08/2030 08:00,0.524948025,0.524948025,0.524948025,0.524948025
28/08/2030 09:00,0.481288981,0.481288981,0.481288981,0.481288981
28/08/2030 10:00,0.514553015,0.514553015,0.514553015,0.514553015
28/08/2030 11:00,0.508316008,0.508316008,0.508316008,0.508316008
28/08/2030 12:00,0.515592516,0.515592516,0.515592516,0.515592516
28/08/2030 13:00,0.524948025,0.524948025,0.524948025,0.524948025
28/08/2030 14:00,0.495841996,0.495841996,0.495841996,0.495841996
28/08/2030 15:00,0.505197505,0.505197505,0.505197505,0.505197505
28/08/2030 16:00,0.506237006,0.506237006,0.506237006,0.506237006
28/08/2030 17:00,0.518711019,0.518711019,0.518711019,0.518711019
28/08/2030 18:00,0.501039501,0.501039501,0.501039501,0.501039501
28/08/2030 19:00,0.488565489,0.488565489,0.488565489,0.488565489
28/08/2030 20:00,0.522869023,0.522869023,0.522869023,0.522869023
28/08/2030 21:00,0.511434511,0.511434511,0.511434511,0.511434511
28/08/2030 22:00,0.502079002,0.502079002,0.502079002,0.502079002
28/08/2030 23:00,0.518711019,0.518711019,0.518711019,0.518711019
29/08/2030 00:00,0.534303534,0.534303534,0.534303534,0.534303534
29/08/2030 01:00,0.556133056,0.556133056,0.556133056,0.556133056
29/08/2030 02:00,0.579002079,0.579002079,0.579002079,0.579002079
29/08/2030 03:00,0.559251559,0.559251559,0.559251559,0.559251559
29/08/2030 04:00,0.548856549,0.548856549,0.548856549,0.548856549
29/08/2030 05:00,0.563409563,0.563409563,0.563409563,0.563409563
29/08/2030 06:00,0.557172557,0.557172557,0.557172557,0.557172557
29/08/2030 07:00,0.537422037,0.537422037,0.537422037,0.537422037
29/08/2030 08:00,0.575883576,0.575883576,0.575883576,0.575883576
29/08/2030 09:00,0.648648649,0.648648649,0.648648649,0.648648649
29/08/2030 10:00,0.638253638,0.638253638,0.638253638,0.638253638
29/08/2030 11:00,0.64968815,0.64968815,0.64968815,0.64968815
29/08/2030 12:00,0.662162162,0.662162162,0.662162162,0.662162162
29/08/2030 13:00,0.628898129,0.628898129,0.628898129,0.628898129
29/08/2030 14:00,0.618503119,0.618503119,0.618503119,0.618503119
29/08/2030 15:00,0.662162162,0.662162162,0.662162162,0.662162162
29/08/2030 16:00,0.647609148,0.647609148,0.647609148,0.647609148
29/08/2030 17:00,0.625779626,0.625779626,0.625779626,0.625779626
29/08/2030 18:00,0.666320166,0.666320166,0.666320166,0.666320166
29/08/2030 19:00,0.606029106,0.606029106,0.606029106,0.606029106
29/08/2030 20:00,0.615384615,0.615384615,0.615384615,0.615384615
29/08/2030 21:00,0.593555094,0.593555094,0.593555094,0.593555094
29/08/2030 22:00,0.595634096,0.595634096,0.595634096,0.595634096
29/08/2030 23:00,0.608108108,0.608108108,0.608108108,0.608108108
30/08/2030 00:00,0.574844075,0.574844075,0.574844075,0.574844075
30/08/2030 01:00,0.54989605,0.54989605,0.54989605,0.54989605
30/08/2030 02:00,0.565488565,0.565488565,0.565488565,0.565488565
30/08/2030 03:00,0.544698545,0.544698545,0.544698545,0.544698545
30/08/2030 04:00,0.553014553,0.553014553,0.553014553,0.553014553
30/08/2030 05:00,0.53950104,0.53950104,0.53950104,0.53950104
30/08/2030 06:00,0.56964657,0.56964657,0.56964657,0.56964657
30/08/2030 07:00,0.5997921,0.5997921,0.5997921,0.5997921
30/08/2030 08:00,0.643451143,0.643451143,0.643451143,0.643451143
30/08/2030 09:00,0.692307692,0.692307692,0.692307692,0.692307692
30/08/2030 10:00,0.643451143,0.643451143,0.643451143,0.643451143
30/08/2030 11:00,0.681912682,0.681912682,0.681912682,0.681912682
30/08/2030 12:00,0.693347193,0.693347193,0.693347193,0.693347193
30/08/2030 13:00,0.713097713,0.713097713,0.713097713,0.713097713
30/08/2030 14:00,0.734927235,0.734927235,0.734927235,0.734927235
30/08/2030 15:00,0.704781705,0.704781705,0.704781705,0.704781705
30/08/2030 16:00,0.673596674,0.673596674,0.673596674,0.673596674
30/08/2030 17:00,0.70997921,0.70997921,0.70997921,0.70997921
30/08/2030 18:00,0.630977131,0.630977131,0.630977131,0.630977131
30/08/2030 19:00,0.58004158,0.58004158,0.58004158,0.58004158
30/08/2030 20:00,0.687110187,0.687110187,0.687110187,0.687110187
30/08/2030 21:00,0.69022869,0.69022869,0.69022869,0.69022869
30/08/2030 22:00,0.665280665,0.665280665,0.665280665,0.665280665
30/08/2030 23:00,0.651767152,0.651767152,0.651767152,0.651767152
31/08/2030 00:00,0.627858628,0.627858628,0.627858628,0.627858628
31/08/2030 01:00,0.596673597,0.596673597,0.596673597,0.596673597
31/08/2030 02:00,0.592515593,0.592515593,0.592515593,0.592515593
31/08/2030 03:00,0.614345114,0.614345114,0.614345114,0.614345114
31/08/2030 04:00,0.603950104,0.603950104,0.603950104,0.603950104
31/08/2030 05:00,0.58004158,0.58004158,0.58004158,0.58004158
31/08/2030 06:00,0.56029106,0.56029106,0.56029106,0.56029106
31/08/2030 07:00,0.559251559,0.559251559,0.559251559,0.559251559
31/08/2030 08:00,0.5997921,0.5997921,0.5997921,0.5997921
31/08/2030 09:00,0.651767152,0.651767152,0.651767152,0.651767152
31/08/2030 10:00,0.607068607,0.607068607,0.607068607,0.607068607
31/08/2030 11:00,0.622661123,0.622661123,0.622661123,0.622661123
31/08/2030 12:00,0.621621622,0.621621622,0.621621622,0.621621622
31/08/2030 13:00,0.656964657,0.656964657,0.656964657,0.656964657
31/08/2030 14:00,0.646569647,0.646569647,0.646569647,0.646569647
31/08/2030 15:00,0.646569647,0.646569647,0.646569647,0.646569647
31/08/2030 16:00,0.662162162,0.662162162,0.662162162,0.662162162
31/08/2030 17:00,0.632016632,0.632016632,0.632016632,0.632016632
31/08/2030 18:00,0.646569647,0.646569647,0.646569647,0.646569647
31/08/2030 19:00,0.661122661,0.661122661,0.661122661,0.661122661
31/08/2030 20:00,0.688149688,0.688149688,0.688149688,0.688149688
31/08/2030 21:00,0.656964657,0.656964657,0.656964657,0.656964657
31/08/2030 22:00,0.664241164,0.664241164,0.664241164,0.664241164
31/08/2030 23:00,0.681912682,0.681912682,0.681912682,0.681912682
01/09/2030 00:00,0.60359508,0.60359508,0.60359508,0.60359508
01/09/2030 01:00,0.5884579,0.5884579,0.5884579,0.5884579
01/09/2030 02:00,0.594134342,0.594134342,0.594134342,0.594134342
01/09/2030 03:00,0.592242195,0.592242195,0.592242195,0.592242195
01/09/2030 04:00,0.585619678,0.585619678,0.585619678,0.585619678
01/09/2030 05:00,0.579943236,0.579943236,0.579943236,0.579943236
01/09/2030 06:00,0.600756859,0.600756859,0.600756859,0.600756859
01/09/2030 07:00,0.612109745,0.612109745,0.612109745,0.612109745
01/09/2030 08:00,0.618732261,0.618732261,0.618732261,0.618732261
01/09/2030 09:00,0.656575213,0.656575213,0.656575213,0.656575213
01/09/2030 10:00,0.660359508,0.660359508,0.660359508,0.660359508
01/09/2030 11:00,0.674550615,0.674550615,0.674550615,0.674550615
01/09/2030 12:00,0.669820246,0.669820246,0.669820246,0.669820246
01/09/2030 13:00,0.65846736,0.65846736,0.65846736,0.65846736
01/09/2030 14:00,0.663197729,0.663197729,0.663197729,0.663197729
01/09/2030 15:00,0.686849574,0.686849574,0.686849574,0.686849574
01/09/2030 16:00,0.694418165,0.694418165,0.694418165,0.694418165
01/09/2030 17:00,0.668874172,0.668874172,0.668874172,0.668874172
01/09/2030 18:00,0.67833491,0.67833491,0.67833491,0.67833491
01/09/2030 19:00,0.646168401,0.646168401,0.646168401,0.646168401
01/09/2030 20:00,0.700094607,0.700094607,0.700094607,0.700094607
01/09/2030 21:00,0.679280984,0.679280984,0.679280984,0.679280984
01/09/2030 22:00,0.673604541,0.673604541,0.673604541,0.673604541
01/09/2030 23:00,0.646168401,0.646168401,0.646168401,0.646168401
02/09/2030 00:00,0.624408704,0.624408704,0.624408704,0.624408704
02/09/2030 01:00,0.581835383,0.581835383,0.581835383,0.581835383
02/09/2030 02:00,0.595080416,0.595080416,0.595080416,0.595080416
02/09/2030 03:00,0.585619678,0.585619678,0.585619678,0.585619678
02/09/2030 04:00,0.587511826,0.587511826,0.587511826,0.587511826
02/09/2030 05:00,0.587511826,0.587511826,0.587511826,0.587511826
02/09/2030 06:00,0.614001892,0.614001892,0.614001892,0.614001892
02/09/2030 07:00,0.631977294,0.631977294,0.631977294,0.631977294
02/09/2030 08:00,0.630085147,0.630085147,0.630085147,0.630085147
02/09/2030 09:00,0.672658467,0.672658467,0.672658467,0.672658467
02/09/2030 10:00,0.669820246,0.669820246,0.669820246,0.669820246
02/09/2030 11:00,0.652790918,0.652790918,0.652790918,0.652790918
02/09/2030 12:00,0.640491958,0.640491958,0.640491958,0.640491958
02/09/2030 13:00,0.655629139,0.655629139,0.655629139,0.655629139
02/09/2030 14:00,0.655629139,0.655629139,0.655629139,0.655629139
02/09/2030 15:00,0.672658467,0.672658467,0.672658467,0.672658467
02/09/2030 16:00,0.676442763,0.676442763,0.676442763,0.676442763
02/09/2030 17:00,0.693472091,0.693472091,0.693472091,0.693472091
02/09/2030 18:00,0.641438032,0.641438032,0.641438032,0.641438032
02/09/2030 19:00,0.683065279,0.683065279,0.683065279,0.683065279
02/09/2030 20:00,0.712393567,0.712393567,0.712393567,0.712393567
02/09/2030 21:00,0.667928098,0.667928098,0.667928098,0.667928098
02/09/2030 22:00,0.656575213,0.656575213,0.656575213,0.656575213
02/09/2030 23:00,0.635761589,0.635761589,0.635761589,0.635761589
03/09/2030 00:00,0.608325449,0.608325449,0.608325449,0.608325449
03/09/2030 01:00,0.579943236,0.579943236,0.579943236,0.579943236
03/09/2030 02:00,0.578051088,0.578051088,0.578051088,0.578051088
03/09/2030 03:00,0.583727531,0.583727531,0.583727531,0.583727531
03/09/2030 04:00,0.593188269,0.593188269,0.593188269,0.593188269
03/09/2030 05:00,0.57615894,0.57615894,0.57615894,0.57615894
03/09/2030 06:00,0.594134342,0.594134342,0.594134342,0.594134342
03/09/2030 07:00,0.624408704,0.624408704,0.624408704,0.624408704
03/09/2030 08:00,0.583727531,0.583727531,0.583727531,0.583727531
03/09/2030 09:00,0.581835383,0.581835383,0.581835383,0.581835383
03/09/2030 10:00,0.612109745,0.612109745,0.612109745,0.612109745
03/09/2030 11:00,0.583727531,0.583727531,0.583727531,0.583727531
03/09/2030 12:00,0.602649007,0.602649007,0.602649007,0.602649007
03/09/2030 13:00,0.571428571,0.571428571,0.571428571,0.571428571
03/09/2030 14:00,0.583727531,0.583727531,0.583727531,0.583727531
03/09/2030 15:00,0.602649007,0.602649007,0.602649007,0.602649007
03/09/2030 16:00,0.592242195,0.592242195,0.592242195,0.592242195
03/09/2030 17:00,0.572374645,0.572374645,0.572374645,0.572374645
03/09/2030 18:00,0.554399243,0.554399243,0.554399243,0.554399243
03/09/2030 19:00,0.550614948,0.550614948,0.550614948,0.550614948
03/09/2030 20:00,0.547776727,0.547776727,0.547776727,0.547776727
03/09/2030 21:00,0.546830653,0.546830653,0.546830653,0.546830653
03/09/2030 22:00,0.54115421,0.54115421,0.54115421,0.54115421
03/09/2030 23:00,0.554399243,0.554399243,0.554399243,0.554399243
04/09/2030 00:00,0.543992431,0.543992431,0.543992431,0.543992431
04/09/2030 01:00,0.536423841,0.536423841,0.536423841,0.536423841
04/09/2030 02:00,0.535477767,0.535477767,0.535477767,0.535477767
04/09/2030 03:00,0.547776727,0.547776727,0.547776727,0.547776727
04/09/2030 04:00,0.543992431,0.543992431,0.543992431,0.543992431
04/09/2030 05:00,0.569536424,0.569536424,0.569536424,0.569536424
04/09/2030 06:00,0.535477767,0.535477767,0.535477767,0.535477767
04/09/2030 07:00,0.570482498,0.570482498,0.570482498,0.570482498
04/09/2030 08:00,0.554399243,0.554399243,0.554399243,0.554399243
04/09/2030 09:00,0.528855251,0.528855251,0.528855251,0.528855251
04/09/2030 10:00,0.570482498,0.570482498,0.570482498,0.570482498
04/09/2030 11:00,0.578997162,0.578997162,0.578997162,0.578997162
04/09/2030 12:00,0.546830653,0.546830653,0.546830653,0.546830653
04/09/2030 13:00,0.535477767,0.535477767,0.535477767,0.535477767
04/09/2030 14:00,0.561967833,0.561967833,0.561967833,0.561967833
04/09/2030 15:00,0.575212867,0.575212867,0.575212867,0.575212867
04/09/2030 16:00,0.522232734,0.522232734,0.522232734,0.522232734
04/09/2030 17:00,0.50614948,0.50614948,0.50614948,0.50614948
04/09/2030 18:00,0.552507096,0.552507096,0.552507096,0.552507096
04/09/2030 19:00,0.528855251,0.528855251,0.528855251,0.528855251
04/09/2030 20:00,0.560075686,0.560075686,0.560075686,0.560075686
04/09/2030 21:00,0.552507096,0.552507096,0.552507096,0.552507096
04/09/2030 22:00,0.551561022,0.551561022,0.551561022,0.551561022
04/09/2030 23:00,0.543992431,0.543992431,0.543992431,0.543992431
05/09/2030 00:00,0.543046358,0.543046358,0.543046358,0.543046358
05/09/2030 01:00,0.522232734,0.522232734,0.522232734,0.522232734
05/09/2030 02:00,0.545884579,0.545884579,0.545884579,0.545884579
05/09/2030 03:00,0.551561022,0.551561022,0.551561022,0.551561022
05/09/2030 04:00,0.562913907,0.562913907,0.562913907,0.562913907
05/09/2030 05:00,0.562913907,0.562913907,0.562913907,0.562913907
05/09/2030 06:00,0.549668874,0.549668874,0.549668874,0.549668874
05/09/2030 07:00,0.574266793,0.574266793,0.574266793,0.574266793
05/09/2030 08:00,0.594134342,0.594134342,0.594134342,0.594134342
05/09/2030 09:00,0.659413434,0.659413434,0.659413434,0.659413434
05/09/2030 10:00,0.616840114,0.616840114,0.616840114,0.616840114
05/09/2030 11:00,0.661305582,0.661305582,0.661305582,0.661305582
05/09/2030 12:00,0.649006623,0.649006623,0.649006623,0.649006623
05/09/2030 13:00,0.691579943,0.691579943,0.691579943,0.691579943
05/09/2030 14:00,0.641438032,0.641438032,0.641438032,0.641438032
05/09/2030 15:00,0.634815516,0.634815516,0.634815516,0.634815516
05/09/2030 16:00,0.64333018,0.64333018,0.64333018,0.64333018
05/09/2030 17:00,0.634815516,0.634815516,0.634815516,0.634815516
05/09/2030 18:00,0.631977294,0.631977294,0.631977294,0.631977294
05/09/2030 19:00,0.5884579,0.5884579,0.5884579,0.5884579
05/09/2030 20:00,0.636707663,0.636707663,0.636707663,0.636707663
05/09/2030 21:00,0.637653737,0.637653737,0.637653737,0.637653737
05/09/2030 22:00,0.625354778,0.625354778,0.625354778,0.625354778
05/09/2030 23:00,0.582781457,0.582781457,0.582781457,0.582781457
06/09/2030 00:00,0.582781457,0.582781457,0.582781457,0.582781457
06/09/2030 01:00,0.542100284,0.542100284,0.542100284,0.542100284
06/09/2030 02:00,0.538315989,0.538315989,0.538315989,0.538315989
06/09/2030 03:00,0.536423841,0.536423841,0.536423841,0.536423841
06/09/2030 04:00,0.531693472,0.531693472,0.531693472,0.531693472
06/09/2030 05:00,0.540208136,0.540208136,0.540208136,0.540208136
06/09/2030 06:00,0.578997162,0.578997162,0.578997162,0.578997162
06/09/2030 07:00,0.574266793,0.574266793,0.574266793,0.574266793
06/09/2030 08:00,0.602649007,0.602649007,0.602649007,0.602649007
06/09/2030 09:00,0.626300851,0.626300851,0.626300851,0.626300851
06/09/2030 10:00,0.632923368,0.632923368,0.632923368,0.632923368
06/09/2030 11:00,0.644276254,0.644276254,0.644276254,0.644276254
06/09/2030 12:00,0.637653737,0.637653737,0.637653737,0.637653737
06/09/2030 13:00,0.625354778,0.625354778,0.625354778,0.625354778
06/09/2030 14:00,0.655629139,0.655629139,0.655629139,0.655629139
06/09/2030 15:00,0.654683065,0.654683065,0.654683065,0.654683065
06/09/2030 16:00,0.648060549,0.648060549,0.648060549,0.648060549
06/09/2030 17:00,0.665089877,0.665089877,0.665089877,0.665089877
06/09/2030 18:00,0.651844844,0.651844844,0.651844844,0.651844844
06/09/2030 19:00,0.677388836,0.677388836,0.677388836,0.677388836
06/09/2030 20:00,0.666982025,0.666982025,0.666982025,0.666982025
06/09/2030 21:00,0.634815516,0.634815516,0.634815516,0.634815516
06/09/2030 22:00,0.646168401,0.646168401,0.646168401,0.646168401
06/09/2030 23:00,0.622516556,0.622516556,0.622516556,0.622516556
07/09/2030 00:00,0.562913907,0.562913907,0.562913907,0.562913907
07/09/2030 01:00,0.536423841,0.536423841,0.536423841,0.536423841
07/09/2030 02:00,0.540208136,0.540208136,0.540208136,0.540208136
07/09/2030 03:00,0.543992431,0.543992431,0.543992431,0.543992431
07/09/2030 04:00,0.563859981,0.563859981,0.563859981,0.563859981
07/09/2030 05:00,0.539262062,0.539262062,0.539262062,0.539262062
07/09/2030 06:00,0.578997162,0.578997162,0.578997162,0.578997162
07/09/2030 07:00,0.639545885,0.639545885,0.639545885,0.639545885
07/09/2030 08:00,0.640491958,0.640491958,0.640491958,0.640491958
07/09/2030 09:00,0.680227058,0.680227058,0.680227058,0.680227058
07/09/2030 10:00,0.659413434,0.659413434,0.659413434,0.659413434
07/09/2030 11:00,0.661305582,0.661305582,0.661305582,0.661305582
07/09/2030 12:00,0.655629139,0.655629139,0.655629139,0.655629139
07/09/2030 13:00,0.646168401,0.646168401,0.646168401,0.646168401
07/09/2030 14:00,0.73320719,0.73320719,0.73320719,0.73320719
07/09/2030 15:00,0.708609272,0.708609272,0.708609272,0.708609272
07/09/2030 16:00,0.64333018,0.64333018,0.64333018,0.64333018
07/09/2030 17:00,0.619678335,0.619678335,0.619678335,0.619678335
07/09/2030 18:00,0.639545885,0.639545885,0.639545885,0.639545885
07/09/2030 19:00,0.634815516,0.634815516,0.634815516,0.634815516
07/09/2030 20:00,0.639545885,0.639545885,0.639545885,0.639545885
07/09/2030 21:00,0.635761589,0.635761589,0.635761589,0.635761589
07/09/2030 22:00,0.617786187,0.617786187,0.617786187,0.617786187
07/09/2030 23:00,0.573320719,0.573320719,0.573320719,0.573320719
08/09/2030 00:00,0.544938505,0.544938505,0.544938505,0.544938505
08/09/2030 01:00,0.501419111,0.501419111,0.501419111,0.501419111
08/09/2030 02:00,0.511825922,0.511825922,0.511825922,0.511825922
08/09/2030 03:00,0.523178808,0.523178808,0.523178808,0.523178808
08/09/2030 04:00,0.525070956,0.525070956,0.525070956,0.525070956
08/09/2030 05:00,0.518448439,0.518448439,0.518448439,0.518448439
08/09/2030 06:00,0.540208136,0.540208136,0.540208136,0.540208136
08/09/2030 07:00,0.572374645,0.572374645,0.572374645,0.572374645
08/09/2030 08:00,0.593188269,0.593188269,0.593188269,0.593188269
08/09/2030 09:00,0.63103122,0.63103122,0.63103122,0.63103122
08/09/2030 10:00,0.629139073,0.629139073,0.629139073,0.629139073
08/09/2030 11:00,0.671712394,0.671712394,0.671712394,0.671712394
08/09/2030 12:00,0.719016083,0.719016083,0.719016083,0.719016083
08/09/2030 13:00,0.6859035,0.6859035,0.6859035,0.6859035
08/09/2030 14:00,0.686849574,0.686849574,0.686849574,0.686849574
08/09/2030 15:00,0.664143803,0.664143803,0.664143803,0.664143803
08/09/2030 16:00,0.665089877,0.665089877,0.665089877,0.665089877
08/09/2030 17:00,0.659413434,0.659413434,0.659413434,0.659413434
08/09/2030 18:00,0.660359508,0.660359508,0.660359508,0.660359508
08/09/2030 19:00,0.684011353,0.684011353,0.684011353,0.684011353
08/09/2030 20:00,0.622516556,0.622516556,0.622516556,0.622516556
08/09/2030 21:00,0.682119205,0.682119205,0.682119205,0.682119205
08/09/2030 22:00,0.601702933,0.601702933,0.601702933,0.601702933
08/09/2030 23:00,0.578997162,0.578997162,0.578997162,0.578997162
09/09/2030 00:00,0.602649007,0.602649007,0.602649007,0.602649007
09/09/2030 01:00,0.534531693,0.534531693,0.534531693,0.534531693
09/09/2030 02:00,0.531693472,0.531693472,0.531693472,0.531693472
09/09/2030 03:00,0.552507096,0.552507096,0.552507096,0.552507096
09/09/2030 04:00,0.551561022,0.551561022,0.551561022,0.551561022
09/09/2030 05:00,0.526017029,0.526017029,0.526017029,0.526017029
09/09/2030 06:00,0.552507096,0.552507096,0.552507096,0.552507096
09/09/2030 07:00,0.590350047,0.590350047,0.590350047,0.590350047
09/09/2030 08:00,0.618732261,0.618732261,0.618732261,0.618732261
09/09/2030 09:00,0.644276254,0.644276254,0.644276254,0.644276254
09/09/2030 10:00,0.67076632,0.67076632,0.67076632,0.67076632
09/09/2030 11:00,0.689687796,0.689687796,0.689687796,0.689687796
09/09/2030 12:00,0.657521287,0.657521287,0.657521287,0.657521287
09/09/2030 13:00,0.639545885,0.639545885,0.639545885,0.639545885
09/09/2030 14:00,0.657521287,0.657521287,0.657521287,0.657521287
09/09/2030 15:00,0.672658467,0.672658467,0.672658467,0.672658467
09/09/2030 16:00,0.679280984,0.679280984,0.679280984,0.679280984
09/09/2030 17:00,0.661305582,0.661305582,0.661305582,0.661305582
09/09/2030 18:00,0.649006623,0.649006623,0.649006623,0.649006623
09/09/2030 19:00,0.668874172,0.668874172,0.668874172,0.668874172
09/09/2030 20:00,0.660359508,0.660359508,0.660359508,0.660359508
09/09/2030 21:00,0.642384106,0.642384106,0.642384106,0.642384106
09/09/2030 22:00,0.630085147,0.630085147,0.630085147,0.630085147
09/09/2030 23:00,0.59602649,0.59602649,0.59602649,0.59602649
10/09/2030 00:00,0.579943236,0.579943236,0.579943236,0.579943236
10/09/2030 01:00,0.560075686,0.560075686,0.560075686,0.560075686
10/09/2030 02:00,0.510879849,0.510879849,0.510879849,0.510879849
10/09/2030 03:00,0.543992431,0.543992431,0.543992431,0.543992431
10/09/2030 04:00,0.536423841,0.536423841,0.536423841,0.536423841
10/09/2030 05:00,0.550614948,0.550614948,0.550614948,0.550614948
10/09/2030 06:00,0.542100284,0.542100284,0.542100284,0.542100284
10/09/2030 07:00,0.547776727,0.547776727,0.547776727,0.547776727
10/09/2030 08:00,0.525070956,0.525070956,0.525070956,0.525070956
10/09/2030 09:00,0.534531693,0.534531693,0.534531693,0.534531693
10/09/2030 10:00,0.553453169,0.553453169,0.553453169,0.553453169
10/09/2030 11:00,0.543992431,0.543992431,0.543992431,0.543992431
10/09/2030 12:00,0.526963103,0.526963103,0.526963103,0.526963103
10/09/2030 13:00,0.53358562,0.53358562,0.53358562,0.53358562
10/09/2030 14:00,0.54115421,0.54115421,0.54115421,0.54115421
10/09/2030 15:00,0.543046358,0.543046358,0.543046358,0.543046358
10/09/2030 16:00,0.54115421,0.54115421,0.54115421,0.54115421
10/09/2030 17:00,0.5487228,0.5487228,0.5487228,0.5487228
10/09/2030 18:00,0.52128666,0.52128666,0.52128666,0.52128666
10/09/2030 19:00,0.527909177,0.527909177,0.527909177,0.527909177
10/09/2030 20:00,0.53358562,0.53358562,0.53358562,0.53358562
10/09/2030 21:00,0.527909177,0.527909177,0.527909177,0.527909177
10/09/2030 22:00,0.550614948,0.550614948,0.550614948,0.550614948
10/09/2030 23:00,0.535477767,0.535477767,0.535477767,0.535477767
11/09/2030 00:00,0.512771996,0.512771996,0.512771996,0.512771996
11/09/2030 01:00,0.523178808,0.523178808,0.523178808,0.523178808
11/09/2030 02:00,0.529801325,0.529801325,0.529801325,0.529801325
11/09/2030 03:00,0.538315989,0.538315989,0.538315989,0.538315989
11/09/2030 04:00,0.550614948,0.550614948,0.550614948,0.550614948
11/09/2030 05:00,0.54115421,0.54115421,0.54115421,0.54115421
11/09/2030 06:00,0.551561022,0.551561022,0.551561022,0.551561022
11/09/2030 07:00,0.531693472,0.531693472,0.531693472,0.531693472
11/09/2030 08:00,0.556291391,0.556291391,0.556291391,0.556291391
11/09/2030 09:00,0.546830653,0.546830653,0.546830653,0.546830653
11/09/2030 10:00,0.534531693,0.534531693,0.534531693,0.534531693
11/09/2030 11:00,0.551561022,0.551561022,0.551561022,0.551561022
11/09/2030 12:00,0.530747398,0.530747398,0.530747398,0.530747398
11/09/2030 13:00,0.555345317,0.555345317,0.555345317,0.555345317
11/09/2030 14:00,0.572374645,0.572374645,0.572374645,0.572374645
11/09/2030 15:00,0.538315989,0.538315989,0.538315989,0.538315989
11/09/2030 16:00,0.531693472,0.531693472,0.531693472,0.531693472
11/09/2030 17:00,0.51371807,0.51371807,0.51371807,0.51371807
11/09/2030 18:00,0.535477767,0.535477767,0.535477767,0.535477767
11/09/2030 19:00,0.535477767,0.535477767,0.535477767,0.535477767
11/09/2030 20:00,0.634815516,0.634815516,0.634815516,0.634815516
11/09/2030 21:00,0.580889309,0.580889309,0.580889309,0.580889309
11/09/2030 22:00,0.539262062,0.539262062,0.539262062,0.539262062
11/09/2030 23:00,0.556291391,0.556291391,0.556291391,0.556291391
12/09/2030 00:00,0.543992431,0.543992431,0.543992431,0.543992431
12/09/2030 01:00,0.537369915,0.537369915,0.537369915,0.537369915
12/09/2030 02:00,0.60359508,0.60359508,0.60359508,0.60359508
12/09/2030 03:00,0.647114475,0.647114475,0.647114475,0.647114475
12/09/2030 04:00,0.671712394,0.671712394,0.671712394,0.671712394
12/09/2030 05:00,0.690633869,0.690633869,0.690633869,0.690633869
12/09/2030 06:00,0.701040681,0.701040681,0.701040681,0.701040681
12/09/2030 07:00,0.729422895,0.729422895,0.729422895,0.729422895
12/09/2030 08:00,0.796594134,0.796594134,0.796594134,0.796594134
12/09/2030 09:00,1,1,1,1
12/09/2030 10:00,0.949858089,0.949858089,0.949858089,0.949858089
12/09/2030 11:00,0.824976348,0.824976348,0.824976348,0.824976348
12/09/2030 12:00,0.831598865,0.831598865,0.831598865,0.831598865
12/09/2030 13:00,0.804162725,0.804162725,0.804162725,0.804162725
12/09/2030 14:00,0.829706717,0.829706717,0.829706717,0.829706717
12/09/2030 15:00,0.885525071,0.885525071,0.885525071,0.885525071
12/09/2030 16:00,0.849574267,0.849574267,0.849574267,0.849574267
12/09/2030 17:00,0.808893094,0.808893094,0.808893094,0.808893094
12/09/2030 18:00,0.743614002,0.743614002,0.743614002,0.743614002
12/09/2030 19:00,0.718070009,0.718070009,0.718070009,0.718070009
12/09/2030 20:00,0.67076632,0.67076632,0.67076632,0.67076632
12/09/2030 21:00,0.671712394,0.671712394,0.671712394,0.671712394
12/09/2030 22:00,0.665089877,0.665089877,0.665089877,0.665089877
12/09/2030 23:00,0.663197729,0.663197729,0.663197729,0.663197729
13/09/2030 00:00,0.638599811,0.638599811,0.638599811,0.638599811
13/09/2030 01:00,0.586565752,0.586565752,0.586565752,0.586565752
13/09/2030 02:00,0.564806055,0.564806055,0.564806055,0.564806055
13/09/2030 03:00,0.56102176,0.56102176,0.56102176,0.56102176
13/09/2030 04:00,0.574266793,0.574266793,0.574266793,0.574266793
13/09/2030 05:00,0.597918638,0.597918638,0.597918638,0.597918638
13/09/2030 06:00,0.5884579,0.5884579,0.5884579,0.5884579
13/09/2030 07:00,0.610217597,0.610217597,0.610217597,0.610217597
13/09/2030 08:00,0.627246925,0.627246925,0.627246925,0.627246925
13/09/2030 09:00,0.67833491,0.67833491,0.67833491,0.67833491
13/09/2030 10:00,0.674550615,0.674550615,0.674550615,0.674550615
13/09/2030 11:00,0.674550615,0.674550615,0.674550615,0.674550615
13/09/2030 12:00,0.681173132,0.681173132,0.681173132,0.681173132
13/09/2030 13:00,0.690633869,0.690633869,0.690633869,0.690633869
13/09/2030 14:00,0.699148534,0.699148534,0.699148534,0.699148534
13/09/2030 15:00,0.696310312,0.696310312,0.696310312,0.696310312
13/09/2030 16:00,0.691579943,0.691579943,0.691579943,0.691579943
13/09/2030 17:00,0.71333964,0.71333964,0.71333964,0.71333964
13/09/2030 18:00,0.668874172,0.668874172,0.668874172,0.668874172
13/09/2030 19:00,0.674550615,0.674550615,0.674550615,0.674550615
13/09/2030 20:00,0.67833491,0.67833491,0.67833491,0.67833491
13/09/2030 21:00,0.69820246,0.69820246,0.69820246,0.69820246
13/09/2030 22:00,0.666982025,0.666982025,0.666982025,0.666982025
13/09/2030 23:00,0.641438032,0.641438032,0.641438032,0.641438032
14/09/2030 00:00,0.641438032,0.641438032,0.641438032,0.641438032
14/09/2030 01:00,0.614001892,0.614001892,0.614001892,0.614001892
14/09/2030 02:00,0.609271523,0.609271523,0.609271523,0.609271523
14/09/2030 03:00,0.614001892,0.614001892,0.614001892,0.614001892
14/09/2030 04:00,0.610217597,0.610217597,0.610217597,0.610217597
14/09/2030 05:00,0.607379376,0.607379376,0.607379376,0.607379376
14/09/2030 06:00,0.626300851,0.626300851,0.626300851,0.626300851
14/09/2030 07:00,0.637653737,0.637653737,0.637653737,0.637653737
14/09/2030 08:00,0.672658467,0.672658467,0.672658467,0.672658467
14/09/2030 09:00,0.673604541,0.673604541,0.673604541,0.673604541
14/09/2030 10:00,0.664143803,0.664143803,0.664143803,0.664143803
14/09/2030 11:00,0.691579943,0.691579943,0.691579943,0.691579943
14/09/2030 12:00,0.679280984,0.679280984,0.679280984,0.679280984
14/09/2030 13:00,0.665089877,0.665089877,0.665089877,0.665089877
14/09/2030 14:00,0.654683065,0.654683065,0.654683065,0.654683065
14/09/2030 15:00,0.689687796,0.689687796,0.689687796,0.689687796
14/09/2030 16:00,0.687795648,0.687795648,0.687795648,0.687795648
14/09/2030 17:00,0.682119205,0.682119205,0.682119205,0.682119205
14/09/2030 18:00,0.656575213,0.656575213,0.656575213,0.656575213
14/09/2030 19:00,0.684957427,0.684957427,0.684957427,0.684957427
14/09/2030 20:00,0.671712394,0.671712394,0.671712394,0.671712394
14/09/2030 21:00,0.687795648,0.687795648,0.687795648,0.687795648
14/09/2030 22:00,0.644276254,0.644276254,0.644276254,0.644276254
14/09/2030 23:00,0.628192999,0.628192999,0.628192999,0.628192999
15/09/2030 00:00,0.597918638,0.597918638,0.597918638,0.597918638
15/09/2030 01:00,0.579943236,0.579943236,0.579943236,0.579943236
15/09/2030 02:00,0.57615894,0.57615894,0.57615894,0.57615894
15/09/2030 03:00,0.589403974,0.589403974,0.589403974,0.589403974
15/09/2030 04:00,0.578997162,0.578997162,0.578997162,0.578997162
15/09/2030 05:00,0.574266793,0.574266793,0.574266793,0.574266793
15/09/2030 06:00,0.586565752,0.586565752,0.586565752,0.586565752
15/09/2030 07:00,0.593188269,0.593188269,0.593188269,0.593188269
15/09/2030 08:00,0.628192999,0.628192999,0.628192999,0.628192999
15/09/2030 09:00,0.593188269,0.593188269,0.593188269,0.593188269
15/09/2030 10:00,0.580889309,0.580889309,0.580889309,0.580889309
15/09/2030 11:00,0.666035951,0.666035951,0.666035951,0.666035951
15/09/2030 12:00,0.652790918,0.652790918,0.652790918,0.652790918
15/09/2030 13:00,0.679280984,0.679280984,0.679280984,0.679280984
15/09/2030 14:00,0.677388836,0.677388836,0.677388836,0.677388836
15/09/2030 15:00,0.668874172,0.668874172,0.668874172,0.668874172
15/09/2030 16:00,0.672658467,0.672658467,0.672658467,0.672658467
15/09/2030 17:00,0.696310312,0.696310312,0.696310312,0.696310312
15/09/2030 18:00,0.675496689,0.675496689,0.675496689,0.675496689
15/09/2030 19:00,0.667928098,0.667928098,0.667928098,0.667928098
15/09/2030 20:00,0.664143803,0.664143803,0.664143803,0.664143803
15/09/2030 21:00,0.699148534,0.699148534,0.699148534,0.699148534
15/09/2030 22:00,0.688741722,0.688741722,0.688741722,0.688741722
15/09/2030 23:00,0.694418165,0.694418165,0.694418165,0.694418165
16/09/2030 00:00,0.641438032,0.641438032,0.641438032,0.641438032
16/09/2030 01:00,0.59602649,0.59602649,0.59602649,0.59602649
16/09/2030 02:00,0.582781457,0.582781457,0.582781457,0.582781457
16/09/2030 03:00,0.578997162,0.578997162,0.578997162,0.578997162
16/09/2030 04:00,0.550614948,0.550614948,0.550614948,0.550614948
16/09/2030 05:00,0.572374645,0.572374645,0.572374645,0.572374645
16/09/2030 06:00,0.543046358,0.543046358,0.543046358,0.543046358
16/09/2030 07:00,0.544938505,0.544938505,0.544938505,0.544938505
16/09/2030 08:00,0.575212867,0.575212867,0.575212867,0.575212867
16/09/2030 09:00,0.649006623,0.649006623,0.649006623,0.649006623
16/09/2030 10:00,0.640491958,0.640491958,0.640491958,0.640491958
16/09/2030 11:00,0.680227058,0.680227058,0.680227058,0.680227058
16/09/2030 12:00,0.660359508,0.660359508,0.660359508,0.660359508
16/09/2030 13:00,0.661305582,0.661305582,0.661305582,0.661305582
16/09/2030 14:00,0.651844844,0.651844844,0.651844844,0.651844844
16/09/2030 15:00,0.645222327,0.645222327,0.645222327,0.645222327
16/09/2030 16:00,0.67076632,0.67076632,0.67076632,0.67076632
16/09/2030 17:00,0.666035951,0.666035951,0.666035951,0.666035951
16/09/2030 18:00,0.65846736,0.65846736,0.65846736,0.65846736
16/09/2030 19:00,0.639545885,0.639545885,0.639545885,0.639545885
16/09/2030 20:00,0.618732261,0.618732261,0.618732261,0.618732261
16/09/2030 21:00,0.651844844,0.651844844,0.651844844,0.651844844
16/09/2030 22:00,0.625354778,0.625354778,0.625354778,0.625354778
16/09/2030 23:00,0.646168401,0.646168401,0.646168401,0.646168401
17/09/2030 00:00,0.626300851,0.626300851,0.626300851,0.626300851
17/09/2030 01:00,0.560075686,0.560075686,0.560075686,0.560075686
17/09/2030 02:00,0.557237465,0.557237465,0.557237465,0.557237465
17/09/2030 03:00,0.572374645,0.572374645,0.572374645,0.572374645
17/09/2030 04:00,0.558183538,0.558183538,0.558183538,0.558183538
17/09/2030 05:00,0.559129612,0.559129612,0.559129612,0.559129612
17/09/2030 06:00,0.565752129,0.565752129,0.565752129,0.565752129
17/09/2030 07:00,0.585619678,0.585619678,0.585619678,0.585619678
17/09/2030 08:00,0.596972564,0.596972564,0.596972564,0.596972564
17/09/2030 09:00,0.575212867,0.575212867,0.575212867,0.575212867
17/09/2030 10:00,0.581835383,0.581835383,0.581835383,0.581835383
17/09/2030 11:00,0.57615894,0.57615894,0.57615894,0.57615894
17/09/2030 12:00,0.613055818,0.613055818,0.613055818,0.613055818
17/09/2030 13:00,0.602649007,0.602649007,0.602649007,0.602649007
17/09/2030 14:00,0.594134342,0.594134342,0.594134342,0.594134342
17/09/2030 15:00,0.589403974,0.589403974,0.589403974,0.589403974
17/09/2030 16:00,0.594134342,0.594134342,0.594134342,0.594134342
17/09/2030 17:00,0.586565752,0.586565752,0.586565752,0.586565752
17/09/2030 18:00,0.555345317,0.555345317,0.555345317,0.555345317
17/09/2030 19:00,0.578997162,0.578997162,0.578997162,0.578997162
17/09/2030 20:00,0.593188269,0.593188269,0.593188269,0.593188269
17/09/2030 21:00,0.596972564,0.596972564,0.596972564,0.596972564
17/09/2030 22:00,0.595080416,0.595080416,0.595080416,0.595080416
17/09/2030 23:00,0.575212867,0.575212867,0.575212867,0.575212867
18/09/2030 00:00,0.598864711,0.598864711,0.598864711,0.598864711
18/09/2030 01:00,0.608325449,0.608325449,0.608325449,0.608325449
18/09/2030 02:00,0.592242195,0.592242195,0.592242195,0.592242195
18/09/2030 03:00,0.602649007,0.602649007,0.602649007,0.602649007
18/09/2030 04:00,0.607379376,0.607379376,0.607379376,0.607379376
18/09/2030 05:00,0.60359508,0.60359508,0.60359508,0.60359508
18/09/2030 06:00,0.598864711,0.598864711,0.598864711,0.598864711
18/09/2030 07:00,0.578997162,0.578997162,0.578997162,0.578997162
18/09/2030 08:00,0.581835383,0.581835383,0.581835383,0.581835383
18/09/2030 09:00,0.592242195,0.592242195,0.592242195,0.592242195
18/09/2030 10:00,0.613055818,0.613055818,0.613055818,0.613055818
18/09/2030 11:00,0.605487228,0.605487228,0.605487228,0.605487228
18/09/2030 12:00,0.606433302,0.606433302,0.606433302,0.606433302
18/09/2030 13:00,0.612109745,0.612109745,0.612109745,0.612109745
18/09/2030 14:00,0.607379376,0.607379376,0.607379376,0.607379376
18/09/2030 15:00,0.626300851,0.626300851,0.626300851,0.626300851
18/09/2030 16:00,0.595080416,0.595080416,0.595080416,0.595080416
18/09/2030 17:00,0.589403974,0.589403974,0.589403974,0.589403974
18/09/2030 18:00,0.601702933,0.601702933,0.601702933,0.601702933
18/09/2030 19:00,0.562913907,0.562913907,0.562913907,0.562913907
18/09/2030 20:00,0.544938505,0.544938505,0.544938505,0.544938505
18/09/2030 21:00,0.561967833,0.561967833,0.561967833,0.561967833
18/09/2030 22:00,0.563859981,0.563859981,0.563859981,0.563859981
18/09/2030 23:00,0.583727531,0.583727531,0.583727531,0.583727531
19/09/2030 00:00,0.580889309,0.580889309,0.580889309,0.580889309
19/09/2030 01:00,0.589403974,0.589403974,0.589403974,0.589403974
19/09/2030 02:00,0.608325449,0.608325449,0.608325449,0.608325449
19/09/2030 03:00,0.592242195,0.592242195,0.592242195,0.592242195
19/09/2030 04:00,0.594134342,0.594134342,0.594134342,0.594134342
19/09/2030 05:00,0.580889309,0.580889309,0.580889309,0.580889309
19/09/2030 06:00,0.578051088,0.578051088,0.578051088,0.578051088
19/09/2030 07:00,0.577105014,0.577105014,0.577105014,0.577105014
19/09/2030 08:00,0.610217597,0.610217597,0.610217597,0.610217597
19/09/2030 09:00,0.622516556,0.622516556,0.622516556,0.622516556
19/09/2030 10:00,0.639545885,0.639545885,0.639545885,0.639545885
19/09/2030 11:00,0.675496689,0.675496689,0.675496689,0.675496689
19/09/2030 12:00,0.646168401,0.646168401,0.646168401,0.646168401
19/09/2030 13:00,0.693472091,0.693472091,0.693472091,0.693472091
19/09/2030 14:00,0.6859035,0.6859035,0.6859035,0.6859035
19/09/2030 15:00,0.706717124,0.706717124,0.706717124,0.706717124
19/09/2030 16:00,0.656575213,0.656575213,0.656575213,0.656575213
19/09/2030 17:00,0.669820246,0.669820246,0.669820246,0.669820246
19/09/2030 18:00,0.675496689,0.675496689,0.675496689,0.675496689
19/09/2030 19:00,0.669820246,0.669820246,0.669820246,0.669820246
19/09/2030 20:00,0.679280984,0.679280984,0.679280984,0.679280984
19/09/2030 21:00,0.673604541,0.673604541,0.673604541,0.673604541
19/09/2030 22:00,0.681173132,0.681173132,0.681173132,0.681173132
19/09/2030 23:00,0.633869442,0.633869442,0.633869442,0.633869442
20/09/2030 00:00,0.5884579,0.5884579,0.5884579,0.5884579
20/09/2030 01:00,0.564806055,0.564806055,0.564806055,0.564806055
20/09/2030 02:00,0.537369915,0.537369915,0.537369915,0.537369915
20/09/2030 03:00,0.546830653,0.546830653,0.546830653,0.546830653
20/09/2030 04:00,0.534531693,0.534531693,0.534531693,0.534531693
20/09/2030 05:00,0.5487228,0.5487228,0.5487228,0.5487228
20/09/2030 06:00,0.547776727,0.547776727,0.547776727,0.547776727
20/09/2030 07:00,0.569536424,0.569536424,0.569536424,0.569536424
20/09/2030 08:00,0.53358562,0.53358562,0.53358562,0.53358562
20/09/2030 09:00,0.570482498,0.570482498,0.570482498,0.570482498
20/09/2030 10:00,0.618732261,0.618732261,0.618732261,0.618732261
20/09/2030 11:00,0.648060549,0.648060549,0.648060549,0.648060549
20/09/2030 12:00,0.641438032,0.641438032,0.641438032,0.641438032
20/09/2030 13:00,0.666035951,0.666035951,0.666035951,0.666035951
20/09/2030 14:00,0.6859035,0.6859035,0.6859035,0.6859035
20/09/2030 15:00,0.721854305,0.721854305,0.721854305,0.721854305
20/09/2030 16:00,0.718070009,0.718070009,0.718070009,0.718070009
20/09/2030 17:00,0.716177862,0.716177862,0.716177862,0.716177862
20/09/2030 18:00,0.717123936,0.717123936,0.717123936,0.717123936
20/09/2030 19:00,0.709555345,0.709555345,0.709555345,0.709555345
20/09/2030 20:00,0.701986755,0.701986755,0.701986755,0.701986755
20/09/2030 21:00,0.719016083,0.719016083,0.719016083,0.719016083
20/09/2030 22:00,0.65846736,0.65846736,0.65846736,0.65846736
20/09/2030 23:00,0.656575213,0.656575213,0.656575213,0.656575213
21/09/2030 00:00,0.614947966,0.614947966,0.614947966,0.614947966
21/09/2030 01:00,0.560075686,0.560075686,0.560075686,0.560075686
21/09/2030 02:00,0.566698202,0.566698202,0.566698202,0.566698202
21/09/2030 03:00,0.563859981,0.563859981,0.563859981,0.563859981
21/09/2030 04:00,0.554399243,0.554399243,0.554399243,0.554399243
21/09/2030 05:00,0.547776727,0.547776727,0.547776727,0.547776727
21/09/2030 06:00,0.582781457,0.582781457,0.582781457,0.582781457
21/09/2030 07:00,0.591296121,0.591296121,0.591296121,0.591296121
21/09/2030 08:00,0.632923368,0.632923368,0.632923368,0.632923368
21/09/2030 09:00,0.662251656,0.662251656,0.662251656,0.662251656
21/09/2030 10:00,0.654683065,0.654683065,0.654683065,0.654683065
21/09/2030 11:00,0.665089877,0.665089877,0.665089877,0.665089877
21/09/2030 12:00,0.664143803,0.664143803,0.664143803,0.664143803
21/09/2030 13:00,0.656575213,0.656575213,0.656575213,0.656575213
21/09/2030 14:00,0.662251656,0.662251656,0.662251656,0.662251656
21/09/2030 15:00,0.679280984,0.679280984,0.679280984,0.679280984
21/09/2030 16:00,0.673604541,0.673604541,0.673604541,0.673604541
21/09/2030 17:00,0.663197729,0.663197729,0.663197729,0.663197729
21/09/2030 18:00,0.659413434,0.659413434,0.659413434,0.659413434
21/09/2030 19:00,0.654683065,0.654683065,0.654683065,0.654683065
21/09/2030 20:00,0.655629139,0.655629139,0.655629139,0.655629139
21/09/2030 21:00,0.671712394,0.671712394,0.671712394,0.671712394
21/09/2030 22:00,0.645222327,0.645222327,0.645222327,0.645222327
21/09/2030 23:00,0.622516556,0.622516556,0.622516556,0.622516556
22/09/2030 00:00,0.581835383,0.581835383,0.581835383,0.581835383
22/09/2030 01:00,0.558183538,0.558183538,0.558183538,0.558183538
22/09/2030 02:00,0.56859035,0.56859035,0.56859035,0.56859035
22/09/2030 03:00,0.552507096,0.552507096,0.552507096,0.552507096
22/09/2030 04:00,0.554399243,0.554399243,0.554399243,0.554399243
22/09/2030 05:00,0.559129612,0.559129612,0.559129612,0.559129612
22/09/2030 06:00,0.556291391,0.556291391,0.556291391,0.556291391
22/09/2030 07:00,0.574266793,0.574266793,0.574266793,0.574266793
22/09/2030 08:00,0.598864711,0.598864711,0.598864711,0.598864711
22/09/2030 09:00,0.651844844,0.651844844,0.651844844,0.651844844
22/09/2030 10:00,0.636707663,0.636707663,0.636707663,0.636707663
22/09/2030 11:00,0.644276254,0.644276254,0.644276254,0.644276254
22/09/2030 12:00,0.638599811,0.638599811,0.638599811,0.638599811
22/09/2030 13:00,0.646168401,0.646168401,0.646168401,0.646168401
22/09/2030 14:00,0.659413434,0.659413434,0.659413434,0.659413434
22/09/2030 15:00,0.659413434,0.659413434,0.659413434,0.659413434
22/09/2030 16:00,0.695364238,0.695364238,0.695364238,0.695364238
22/09/2030 17:00,0.667928098,0.667928098,0.667928098,0.667928098
22/09/2030 18:00,0.659413434,0.659413434,0.659413434,0.659413434
22/09/2030 19:00,0.6859035,0.6859035,0.6859035,0.6859035
22/09/2030 20:00,0.699148534,0.699148534,0.699148534,0.699148534
22/09/2030 21:00,0.669820246,0.669820246,0.669820246,0.669820246
22/09/2030 22:00,0.653736991,0.653736991,0.653736991,0.653736991
22/09/2030 23:00,0.626300851,0.626300851,0.626300851,0.626300851
23/09/2030 00:00,0.579943236,0.579943236,0.579943236,0.579943236
23/09/2030 01:00,0.56859035,0.56859035,0.56859035,0.56859035
23/09/2030 02:00,0.566698202,0.566698202,0.566698202,0.566698202
23/09/2030 03:00,0.571428571,0.571428571,0.571428571,0.571428571
23/09/2030 04:00,0.5884579,0.5884579,0.5884579,0.5884579
23/09/2030 05:00,0.606433302,0.606433302,0.606433302,0.606433302
23/09/2030 06:00,0.602649007,0.602649007,0.602649007,0.602649007
23/09/2030 07:00,0.622516556,0.622516556,0.622516556,0.622516556
23/09/2030 08:00,0.645222327,0.645222327,0.645222327,0.645222327
23/09/2030 09:00,0.691579943,0.691579943,0.691579943,0.691579943
23/09/2030 10:00,0.70577105,0.70577105,0.70577105,0.70577105
23/09/2030 11:00,0.700094607,0.700094607,0.700094607,0.700094607
23/09/2030 12:00,0.684957427,0.684957427,0.684957427,0.684957427
23/09/2030 13:00,0.692526017,0.692526017,0.692526017,0.692526017
23/09/2030 14:00,0.724692526,0.724692526,0.724692526,0.724692526
23/09/2030 15:00,0.707663198,0.707663198,0.707663198,0.707663198
23/09/2030 16:00,0.70577105,0.70577105,0.70577105,0.70577105
23/09/2030 17:00,0.706717124,0.706717124,0.706717124,0.706717124
23/09/2030 18:00,0.7256386,0.7256386,0.7256386,0.7256386
23/09/2030 19:00,0.724692526,0.724692526,0.724692526,0.724692526
23/09/2030 20:00,0.7256386,0.7256386,0.7256386,0.7256386
23/09/2030 21:00,0.706717124,0.706717124,0.706717124,0.706717124
23/09/2030 22:00,0.683065279,0.683065279,0.683065279,0.683065279
23/09/2030 23:00,0.67833491,0.67833491,0.67833491,0.67833491
24/09/2030 00:00,0.640491958,0.640491958,0.640491958,0.640491958
24/09/2030 01:00,0.625354778,0.625354778,0.625354778,0.625354778
24/09/2030 02:00,0.613055818,0.613055818,0.613055818,0.613055818
24/09/2030 03:00,0.61589404,0.61589404,0.61589404,0.61589404
24/09/2030 04:00,0.612109745,0.612109745,0.612109745,0.612109745
24/09/2030 05:00,0.607379376,0.607379376,0.607379376,0.607379376
24/09/2030 06:00,0.602649007,0.602649007,0.602649007,0.602649007
24/09/2030 07:00,0.602649007,0.602649007,0.602649007,0.602649007
24/09/2030 08:00,0.613055818,0.613055818,0.613055818,0.613055818
24/09/2030 09:00,0.612109745,0.612109745,0.612109745,0.612109745
24/09/2030 10:00,0.598864711,0.598864711,0.598864711,0.598864711
24/09/2030 11:00,0.619678335,0.619678335,0.619678335,0.619678335
24/09/2030 12:00,0.607379376,0.607379376,0.607379376,0.607379376
24/09/2030 13:00,0.659413434,0.659413434,0.659413434,0.659413434
24/09/2030 14:00,0.647114475,0.647114475,0.647114475,0.647114475
24/09/2030 15:00,0.617786187,0.617786187,0.617786187,0.617786187
24/09/2030 16:00,0.655629139,0.655629139,0.655629139,0.655629139
24/09/2030 17:00,0.65846736,0.65846736,0.65846736,0.65846736
24/09/2030 18:00,0.610217597,0.610217597,0.610217597,0.610217597
24/09/2030 19:00,0.620624409,0.620624409,0.620624409,0.620624409
24/09/2030 20:00,0.67076632,0.67076632,0.67076632,0.67076632
24/09/2030 21:00,0.605487228,0.605487228,0.605487228,0.605487228
24/09/2030 22:00,0.638599811,0.638599811,0.638599811,0.638599811
24/09/2030 23:00,0.618732261,0.618732261,0.618732261,0.618732261
25/09/2030 00:00,0.613055818,0.613055818,0.613055818,0.613055818
25/09/2030 01:00,0.611163671,0.611163671,0.611163671,0.611163671
25/09/2030 02:00,0.608325449,0.608325449,0.608325449,0.608325449
25/09/2030 03:00,0.626300851,0.626300851,0.626300851,0.626300851
25/09/2030 04:00,0.625354778,0.625354778,0.625354778,0.625354778
25/09/2030 05:00,0.634815516,0.634815516,0.634815516,0.634815516
25/09/2030 06:00,0.635761589,0.635761589,0.635761589,0.635761589
25/09/2030 07:00,0.637653737,0.637653737,0.637653737,0.637653737
25/09/2030 08:00,0.64333018,0.64333018,0.64333018,0.64333018
25/09/2030 09:00,0.634815516,0.634815516,0.634815516,0.634815516
25/09/2030 10:00,0.638599811,0.638599811,0.638599811,0.638599811
25/09/2030 11:00,0.637653737,0.637653737,0.637653737,0.637653737
25/09/2030 12:00,0.608325449,0.608325449,0.608325449,0.608325449
25/09/2030 13:00,0.628192999,0.628192999,0.628192999,0.628192999
25/09/2030 14:00,0.641438032,0.641438032,0.641438032,0.641438032
25/09/2030 15:00,0.638599811,0.638599811,0.638599811,0.638599811
25/09/2030 16:00,0.621570482,0.621570482,0.621570482,0.621570482
25/09/2030 17:00,0.61589404,0.61589404,0.61589404,0.61589404
25/09/2030 18:00,0.62346263,0.62346263,0.62346263,0.62346263
25/09/2030 19:00,0.618732261,0.618732261,0.618732261,0.618732261
25/09/2030 20:00,0.611163671,0.611163671,0.611163671,0.611163671
25/09/2030 21:00,0.61589404,0.61589404,0.61589404,0.61589404
25/09/2030 22:00,0.621570482,0.621570482,0.621570482,0.621570482
25/09/2030 23:00,0.61589404,0.61589404,0.61589404,0.61589404
26/09/2030 00:00,0.604541154,0.604541154,0.604541154,0.604541154
26/09/2030 01:00,0.625354778,0.625354778,0.625354778,0.625354778
26/09/2030 02:00,0.616840114,0.616840114,0.616840114,0.616840114
26/09/2030 03:00,0.612109745,0.612109745,0.612109745,0.612109745
26/09/2030 04:00,0.62346263,0.62346263,0.62346263,0.62346263
26/09/2030 05:00,0.60359508,0.60359508,0.60359508,0.60359508
26/09/2030 06:00,0.556291391,0.556291391,0.556291391,0.556291391
26/09/2030 07:00,0.613055818,0.613055818,0.613055818,0.613055818
26/09/2030 08:00,0.642384106,0.642384106,0.642384106,0.642384106
26/09/2030 09:00,0.697256386,0.697256386,0.697256386,0.697256386
26/09/2030 10:00,0.738883633,0.738883633,0.738883633,0.738883633
26/09/2030 11:00,0.755912961,0.755912961,0.755912961,0.755912961
26/09/2030 12:00,0.740775781,0.740775781,0.740775781,0.740775781
26/09/2030 13:00,0.719016083,0.719016083,0.719016083,0.719016083
26/09/2030 14:00,0.756859035,0.756859035,0.756859035,0.756859035
26/09/2030 15:00,0.754966887,0.754966887,0.754966887,0.754966887
26/09/2030 16:00,0.69820246,0.69820246,0.69820246,0.69820246
26/09/2030 17:00,0.715231788,0.715231788,0.715231788,0.715231788
26/09/2030 18:00,0.688741722,0.688741722,0.688741722,0.688741722
26/09/2030 19:00,0.73320719,0.73320719,0.73320719,0.73320719
26/09/2030 20:00,0.694418165,0.694418165,0.694418165,0.694418165
26/09/2030 21:00,0.701986755,0.701986755,0.701986755,0.701986755
26/09/2030 22:00,0.671712394,0.671712394,0.671712394,0.671712394
26/09/2030 23:00,0.651844844,0.651844844,0.651844844,0.651844844
27/09/2030 00:00,0.632923368,0.632923368,0.632923368,0.632923368
27/09/2030 01:00,0.595080416,0.595080416,0.595080416,0.595080416
27/09/2030 02:00,0.5884579,0.5884579,0.5884579,0.5884579
27/09/2030 03:00,0.600756859,0.600756859,0.600756859,0.600756859
27/09/2030 04:00,0.597918638,0.597918638,0.597918638,0.597918638
27/09/2030 05:00,0.5487228,0.5487228,0.5487228,0.5487228
27/09/2030 06:00,0.592242195,0.592242195,0.592242195,0.592242195
27/09/2030 07:00,0.628192999,0.628192999,0.628192999,0.628192999
27/09/2030 08:00,0.647114475,0.647114475,0.647114475,0.647114475
27/09/2030 09:00,0.677388836,0.677388836,0.677388836,0.677388836
27/09/2030 10:00,0.675496689,0.675496689,0.675496689,0.675496689
27/09/2030 11:00,0.665089877,0.665089877,0.665089877,0.665089877
27/09/2030 12:00,0.663197729,0.663197729,0.663197729,0.663197729
27/09/2030 13:00,0.669820246,0.669820246,0.669820246,0.669820246
27/09/2030 14:00,0.669820246,0.669820246,0.669820246,0.669820246
27/09/2030 15:00,0.674550615,0.674550615,0.674550615,0.674550615
27/09/2030 16:00,0.682119205,0.682119205,0.682119205,0.682119205
27/09/2030 17:00,0.681173132,0.681173132,0.681173132,0.681173132
27/09/2030 18:00,0.702932829,0.702932829,0.702932829,0.702932829
27/09/2030 19:00,0.704824976,0.704824976,0.704824976,0.704824976
27/09/2030 20:00,0.684011353,0.684011353,0.684011353,0.684011353
27/09/2030 21:00,0.704824976,0.704824976,0.704824976,0.704824976
27/09/2030 22:00,0.67076632,0.67076632,0.67076632,0.67076632
27/09/2030 23:00,0.663197729,0.663197729,0.663197729,0.663197729
28/09/2030 00:00,0.630085147,0.630085147,0.630085147,0.630085147
28/09/2030 01:00,0.578051088,0.578051088,0.578051088,0.578051088
28/09/2030 02:00,0.598864711,0.598864711,0.598864711,0.598864711
28/09/2030 03:00,0.595080416,0.595080416,0.595080416,0.595080416
28/09/2030 04:00,0.590350047,0.590350047,0.590350047,0.590350047
28/09/2030 05:00,0.560075686,0.560075686,0.560075686,0.560075686
28/09/2030 06:00,0.601702933,0.601702933,0.601702933,0.601702933
28/09/2030 07:00,0.64333018,0.64333018,0.64333018,0.64333018
28/09/2030 08:00,0.638599811,0.638599811,0.638599811,0.638599811
28/09/2030 09:00,0.681173132,0.681173132,0.681173132,0.681173132
28/09/2030 10:00,0.689687796,0.689687796,0.689687796,0.689687796
28/09/2030 11:00,0.696310312,0.696310312,0.696310312,0.696310312
28/09/2030 12:00,0.6859035,0.6859035,0.6859035,0.6859035
28/09/2030 13:00,0.675496689,0.675496689,0.675496689,0.675496689
28/09/2030 14:00,0.704824976,0.704824976,0.704824976,0.704824976
28/09/2030 15:00,0.695364238,0.695364238,0.695364238,0.695364238
28/09/2030 16:00,0.690633869,0.690633869,0.690633869,0.690633869
28/09/2030 17:00,0.706717124,0.706717124,0.706717124,0.706717124
28/09/2030 18:00,0.712393567,0.712393567,0.712393567,0.712393567
28/09/2030 19:00,0.691579943,0.691579943,0.691579943,0.691579943
28/09/2030 20:00,0.697256386,0.697256386,0.697256386,0.697256386
28/09/2030 21:00,0.687795648,0.687795648,0.687795648,0.687795648
28/09/2030 22:00,0.659413434,0.659413434,0.659413434,0.659413434
28/09/2030 23:00,0.675496689,0.675496689,0.675496689,0.675496689
29/09/2030 00:00,0.601702933,0.601702933,0.601702933,0.601702933
29/09/2030 01:00,0.602649007,0.602649007,0.602649007,0.602649007
29/09/2030 02:00,0.594134342,0.594134342,0.594134342,0.594134342
29/09/2030 03:00,0.598864711,0.598864711,0.598864711,0.598864711
29/09/2030 04:00,0.598864711,0.598864711,0.598864711,0.598864711
29/09/2030 05:00,0.607379376,0.607379376,0.607379376,0.607379376
29/09/2030 06:00,0.620624409,0.620624409,0.620624409,0.620624409
29/09/2030 07:00,0.633869442,0.633869442,0.633869442,0.633869442
29/09/2030 08:00,0.646168401,0.646168401,0.646168401,0.646168401
29/09/2030 09:00,0.686849574,0.686849574,0.686849574,0.686849574
29/09/2030 10:00,0.674550615,0.674550615,0.674550615,0.674550615
29/09/2030 11:00,0.663197729,0.663197729,0.663197729,0.663197729
29/09/2030 12:00,0.680227058,0.680227058,0.680227058,0.680227058
29/09/2030 13:00,0.684011353,0.684011353,0.684011353,0.684011353
29/09/2030 14:00,0.681173132,0.681173132,0.681173132,0.681173132
29/09/2030 15:00,0.668874172,0.668874172,0.668874172,0.668874172
29/09/2030 16:00,0.668874172,0.668874172,0.668874172,0.668874172
29/09/2030 17:00,0.683065279,0.683065279,0.683065279,0.683065279
29/09/2030 18:00,0.666982025,0.666982025,0.666982025,0.666982025
29/09/2030 19:00,0.656575213,0.656575213,0.656575213,0.656575213
29/09/2030 20:00,0.672658467,0.672658467,0.672658467,0.672658467
29/09/2030 21:00,0.651844844,0.651844844,0.651844844,0.651844844
29/09/2030 22:00,0.649006623,0.649006623,0.649006623,0.649006623
29/09/2030 23:00,0.611163671,0.611163671,0.611163671,0.611163671
30/09/2030 00:00,0.584673605,0.584673605,0.584673605,0.584673605
30/09/2030 01:00,0.556291391,0.556291391,0.556291391,0.556291391
30/09/2030 02:00,0.570482498,0.570482498,0.570482498,0.570482498
30/09/2030 03:00,0.562913907,0.562913907,0.562913907,0.562913907
30/09/2030 04:00,0.570482498,0.570482498,0.570482498,0.570482498
30/09/2030 05:00,0.611163671,0.611163671,0.611163671,0.611163671
30/09/2030 06:00,0.61589404,0.61589404,0.61589404,0.61589404
30/09/2030 07:00,0.619678335,0.619678335,0.619678335,0.619678335
30/09/2030 08:00,0.631977294,0.631977294,0.631977294,0.631977294
30/09/2030 09:00,0.690633869,0.690633869,0.690633869,0.690633869
30/09/2030 10:00,0.677388836,0.677388836,0.677388836,0.677388836
30/09/2030 11:00,0.693472091,0.693472091,0.693472091,0.693472091
30/09/2030 12:00,0.688741722,0.688741722,0.688741722,0.688741722
30/09/2030 13:00,0.687795648,0.687795648,0.687795648,0.687795648
30/09/2030 14:00,0.682119205,0.682119205,0.682119205,0.682119205
30/09/2030 15:00,0.666982025,0.666982025,0.666982025,0.666982025
30/09/2030 16:00,0.684957427,0.684957427,0.684957427,0.684957427
30/09/2030 17:00,0.694418165,0.694418165,0.694418165,0.694418165
30/09/2030 18:00,0.689687796,0.689687796,0.689687796,0.689687796
30/09/2030 19:00,0.6859035,0.6859035,0.6859035,0.6859035
30/09/2030 20:00,0.688741722,0.688741722,0.688741722,0.688741722
30/09/2030 21:00,0.644276254,0.644276254,0.644276254,0.644276254
30/09/2030 22:00,0.570482498,0.570482498,0.570482498,0.570482498
30/09/2030 23:00,0.583727531,0.583727531,0.583727531,0.583727531
01/10/2030 00:00,0.408385985,0.408385985,0.408385985,0.408385985
01/10/2030 01:00,0.403216542,0.403216542,0.403216542,0.403216542
01/10/2030 02:00,0.407811603,0.407811603,0.407811603,0.407811603
01/10/2030 03:00,0.404365307,0.404365307,0.404365307,0.404365307
01/10/2030 04:00,0.406662837,0.406662837,0.406662837,0.406662837
01/10/2030 05:00,0.397472717,0.397472717,0.397472717,0.397472717
01/10/2030 06:00,0.401493395,0.401493395,0.401493395,0.401493395
01/10/2030 07:00,0.417576106,0.417576106,0.417576106,0.417576106
01/10/2030 08:00,0.464101091,0.464101091,0.464101091,0.464101091
01/10/2030 09:00,0.461229179,0.461229179,0.461229179,0.461229179
01/10/2030 10:00,0.469270534,0.469270534,0.469270534,0.469270534
01/10/2030 11:00,0.474439977,0.474439977,0.474439977,0.474439977
01/10/2030 12:00,0.483055715,0.483055715,0.483055715,0.483055715
01/10/2030 13:00,0.499712809,0.499712809,0.499712809,0.499712809
01/10/2030 14:00,0.537047674,0.537047674,0.537047674,0.537047674
01/10/2030 15:00,0.546237794,0.546237794,0.546237794,0.546237794
01/10/2030 16:00,0.55198162,0.55198162,0.55198162,0.55198162
01/10/2030 17:00,0.565766801,0.565766801,0.565766801,0.565766801
01/10/2030 18:00,0.602527283,0.602527283,0.602527283,0.602527283
01/10/2030 19:00,0.612291786,0.612291786,0.612291786,0.612291786
01/10/2030 20:00,0.631820793,0.631820793,0.631820793,0.631820793
01/10/2030 21:00,0.630097645,0.630097645,0.630097645,0.630097645
01/10/2030 22:00,0.612866169,0.612866169,0.612866169,0.612866169
01/10/2030 23:00,0.682366456,0.682366456,0.682366456,0.682366456
02/10/2030 00:00,0.687535899,0.687535899,0.687535899,0.687535899
02/10/2030 01:00,0.690982194,0.690982194,0.690982194,0.690982194
02/10/2030 02:00,0.580126364,0.580126364,0.580126364,0.580126364
02/10/2030 03:00,0.562894888,0.562894888,0.562894888,0.562894888
02/10/2030 04:00,0.562894888,0.562894888,0.562894888,0.562894888
02/10/2030 05:00,0.546812177,0.546812177,0.546812177,0.546812177
02/10/2030 06:00,0.520964963,0.520964963,0.520964963,0.520964963
02/10/2030 07:00,0.525560023,0.525560023,0.525560023,0.525560023
02/10/2030 08:00,0.518667433,0.518667433,0.518667433,0.518667433
02/10/2030 09:00,0.499138426,0.499138426,0.499138426,0.499138426
02/10/2030 10:00,0.527857553,0.527857553,0.527857553,0.527857553
02/10/2030 11:00,0.512349225,0.512349225,0.512349225,0.512349225
02/10/2030 12:00,0.508328547,0.508328547,0.508328547,0.508328547
02/10/2030 13:00,0.500861574,0.500861574,0.500861574,0.500861574
02/10/2030 14:00,0.524411258,0.524411258,0.524411258,0.524411258
02/10/2030 15:00,0.52268811,0.52268811,0.52268811,0.52268811
02/10/2030 16:00,0.51349799,0.51349799,0.51349799,0.51349799
02/10/2030 17:00,0.537622056,0.537622056,0.537622056,0.537622056
02/10/2030 18:00,0.524411258,0.524411258,0.524411258,0.524411258
02/10/2030 19:00,0.507754164,0.507754164,0.507754164,0.507754164
02/10/2030 20:00,0.512923607,0.512923607,0.512923607,0.512923607
02/10/2030 21:00,0.496840896,0.496840896,0.496840896,0.496840896
02/10/2030 22:00,0.503733487,0.503733487,0.503733487,0.503733487
02/10/2030 23:00,0.510626077,0.510626077,0.510626077,0.510626077
03/10/2030 00:00,0.51120046,0.51120046,0.51120046,0.51120046
03/10/2030 01:00,0.514072372,0.514072372,0.514072372,0.514072372
03/10/2030 02:00,0.523262493,0.523262493,0.523262493,0.523262493
03/10/2030 03:00,0.517518667,0.517518667,0.517518667,0.517518667
03/10/2030 04:00,0.528431936,0.528431936,0.528431936,0.528431936
03/10/2030 05:00,0.512923607,0.512923607,0.512923607,0.512923607
03/10/2030 06:00,0.517518667,0.517518667,0.517518667,0.517518667
03/10/2030 07:00,0.531303848,0.531303848,0.531303848,0.531303848
03/10/2030 08:00,0.571510626,0.571510626,0.571510626,0.571510626
03/10/2030 09:00,0.622630672,0.622630672,0.622630672,0.622630672
03/10/2030 10:00,0.637564618,0.637564618,0.637564618,0.637564618
03/10/2030 11:00,0.66053992,0.66053992,0.66053992,0.66053992
03/10/2030 12:00,0.673750718,0.673750718,0.673750718,0.673750718
03/10/2030 13:00,0.70821367,0.70821367,0.70821367,0.70821367
03/10/2030 14:00,0.860999426,0.860999426,0.860999426,0.860999426
03/10/2030 15:00,0.938541068,0.938541068,0.938541068,0.938541068
03/10/2030 16:00,0.913842619,0.913842619,0.913842619,0.913842619
03/10/2030 17:00,0.916140149,0.916140149,0.916140149,0.916140149
03/10/2030 18:00,0.901780586,0.901780586,0.901780586,0.901780586
03/10/2030 19:00,0.912119472,0.912119472,0.912119472,0.912119472
03/10/2030 20:00,0.901206203,0.901206203,0.901206203,0.901206203
03/10/2030 21:00,0.840321654,0.840321654,0.840321654,0.840321654
03/10/2030 22:00,0.772544515,0.772544515,0.772544515,0.772544515
03/10/2030 23:00,0.760482481,0.760482481,0.760482481,0.760482481
04/10/2030 00:00,0.732912119,0.732912119,0.732912119,0.732912119
04/10/2030 01:00,0.716829408,0.716829408,0.716829408,0.716829408
04/10/2030 02:00,0.724296381,0.724296381,0.724296381,0.724296381
04/10/2030 03:00,0.721424469,0.721424469,0.721424469,0.721424469
04/10/2030 04:00,0.715680643,0.715680643,0.715680643,0.715680643
04/10/2030 05:00,0.712234348,0.712234348,0.712234348,0.712234348
04/10/2030 06:00,0.723147616,0.723147616,0.723147616,0.723147616
04/10/2030 07:00,0.728317059,0.728317059,0.728317059,0.728317059
04/10/2030 08:00,0.750143596,0.750143596,0.750143596,0.750143596
04/10/2030 09:00,0.802412407,0.802412407,0.802412407,0.802412407
04/10/2030 10:00,0.810453762,0.810453762,0.810453762,0.810453762
04/10/2030 11:00,0.823664561,0.823664561,0.823664561,0.823664561
04/10/2030 12:00,0.8190695,0.8190695,0.8190695,0.8190695
04/10/2030 13:00,0.793222286,0.793222286,0.793222286,0.793222286
04/10/2030 14:00,0.824238943,0.824238943,0.824238943,0.824238943
04/10/2030 15:00,0.867317634,0.867317634,0.867317634,0.867317634
04/10/2030 16:00,0.881677197,0.881677197,0.881677197,0.881677197
04/10/2030 17:00,0.871912694,0.871912694,0.871912694,0.871912694
04/10/2030 18:00,0.868466399,0.868466399,0.868466399,0.868466399
04/10/2030 19:00,0.874210224,0.874210224,0.874210224,0.874210224
04/10/2030 20:00,0.863296956,0.863296956,0.863296956,0.863296956
04/10/2030 21:00,0.807007467,0.807007467,0.807007467,0.807007467
04/10/2030 22:00,0.729465824,0.729465824,0.729465824,0.729465824
04/10/2030 23:00,0.746122918,0.746122918,0.746122918,0.746122918
05/10/2030 00:00,0.721998851,0.721998851,0.721998851,0.721998851
05/10/2030 01:00,0.703044227,0.703044227,0.703044227,0.703044227
05/10/2030 02:00,0.709362435,0.709362435,0.709362435,0.709362435
05/10/2030 03:00,0.698449167,0.698449167,0.698449167,0.698449167
05/10/2030 04:00,0.716255026,0.716255026,0.716255026,0.716255026
05/10/2030 05:00,0.719126939,0.719126939,0.719126939,0.719126939
05/10/2030 06:00,0.717403791,0.717403791,0.717403791,0.717403791
05/10/2030 07:00,0.712234348,0.712234348,0.712234348,0.712234348
05/10/2030 08:00,0.796094199,0.796094199,0.796094199,0.796094199
05/10/2030 09:00,0.867317634,0.867317634,0.867317634,0.867317634
05/10/2030 10:00,0.865594486,0.865594486,0.865594486,0.865594486
05/10/2030 11:00,0.871338311,0.871338311,0.871338311,0.871338311
05/10/2030 12:00,0.881102814,0.881102814,0.881102814,0.881102814
05/10/2030 13:00,0.88684664,0.88684664,0.88684664,0.88684664
05/10/2030 14:00,0.890867318,0.890867318,0.890867318,0.890867318
05/10/2030 15:00,0.899483056,0.899483056,0.899483056,0.899483056
05/10/2030 16:00,0.893164848,0.893164848,0.893164848,0.893164848
05/10/2030 17:00,0.88914417,0.88914417,0.88914417,0.88914417
05/10/2030 18:00,0.896611143,0.896611143,0.896611143,0.896611143
05/10/2030 19:00,0.889718553,0.889718553,0.889718553,0.889718553
05/10/2030 20:00,0.889718553,0.889718553,0.889718553,0.889718553
05/10/2030 21:00,0.85295807,0.85295807,0.85295807,0.85295807
05/10/2030 22:00,0.826536473,0.826536473,0.826536473,0.826536473
05/10/2030 23:00,0.798391729,0.798391729,0.798391729,0.798391729
06/10/2030 00:00,0.746122918,0.746122918,0.746122918,0.746122918
06/10/2030 01:00,0.727742677,0.727742677,0.727742677,0.727742677
06/10/2030 02:00,0.739230327,0.739230327,0.739230327,0.739230327
06/10/2030 03:00,0.725445146,0.725445146,0.725445146,0.725445146
06/10/2030 04:00,0.728317059,0.728317059,0.728317059,0.728317059
06/10/2030 05:00,0.74210224,0.74210224,0.74210224,0.74210224
06/10/2030 06:00,0.801263642,0.801263642,0.801263642,0.801263642
06/10/2030 07:00,0.82136703,0.82136703,0.82136703,0.82136703
06/10/2030 08:00,0.818495118,0.818495118,0.818495118,0.818495118
06/10/2030 09:00,0.853532453,0.853532453,0.853532453,0.853532453
06/10/2030 10:00,0.885123492,0.885123492,0.885123492,0.885123492
06/10/2030 11:00,0.88454911,0.88454911,0.88454911,0.88454911
06/10/2030 12:00,0.907524411,0.907524411,0.907524411,0.907524411
06/10/2030 13:00,0.917288914,0.917288914,0.917288914,0.917288914
06/10/2030 14:00,0.953475014,0.953475014,0.953475014,0.953475014
06/10/2030 15:00,0.947156806,0.947156806,0.947156806,0.947156806
06/10/2030 16:00,0.926479035,0.926479035,0.926479035,0.926479035
06/10/2030 17:00,0.907524411,0.907524411,0.907524411,0.907524411
06/10/2030 18:00,0.885697875,0.885697875,0.885697875,0.885697875
06/10/2030 19:00,0.876507754,0.876507754,0.876507754,0.876507754
06/10/2030 20:00,0.869615164,0.869615164,0.869615164,0.869615164
06/10/2030 21:00,0.823664561,0.823664561,0.823664561,0.823664561
06/10/2030 22:00,0.765077542,0.765077542,0.765077542,0.765077542
06/10/2030 23:00,0.750717978,0.750717978,0.750717978,0.750717978
07/10/2030 00:00,0.717403791,0.717403791,0.717403791,0.717403791
07/10/2030 01:00,0.691556577,0.691556577,0.691556577,0.691556577
07/10/2030 02:00,0.696151637,0.696151637,0.696151637,0.696151637
07/10/2030 03:00,0.700746697,0.700746697,0.700746697,0.700746697
07/10/2030 04:00,0.708788053,0.708788053,0.708788053,0.708788053
07/10/2030 05:00,0.697874785,0.697874785,0.697874785,0.697874785
07/10/2030 06:00,0.691556577,0.691556577,0.691556577,0.691556577
07/10/2030 07:00,0.697300402,0.697300402,0.697300402,0.697300402
07/10/2030 08:00,0.734635267,0.734635267,0.734635267,0.734635267
07/10/2030 09:00,0.822515796,0.822515796,0.822515796,0.822515796
07/10/2030 10:00,0.817346353,0.817346353,0.817346353,0.817346353
07/10/2030 11:00,0.825387708,0.825387708,0.825387708,0.825387708
07/10/2030 12:00,0.830557151,0.830557151,0.830557151,0.830557151
07/10/2030 13:00,0.84606548,0.84606548,0.84606548,0.84606548
07/10/2030 14:00,0.870189546,0.870189546,0.870189546,0.870189546
07/10/2030 15:00,0.905226881,0.905226881,0.905226881,0.905226881
07/10/2030 16:00,0.902354968,0.902354968,0.902354968,0.902354968
07/10/2030 17:00,0.897185526,0.897185526,0.897185526,0.897185526
07/10/2030 18:00,0.895462378,0.895462378,0.895462378,0.895462378
07/10/2030 19:00,0.892016083,0.892016083,0.892016083,0.892016083
07/10/2030 20:00,0.890292935,0.890292935,0.890292935,0.890292935
07/10/2030 21:00,0.84836301,0.84836301,0.84836301,0.84836301
07/10/2030 22:00,0.77139575,0.77139575,0.77139575,0.77139575
07/10/2030 23:00,0.780011488,0.780011488,0.780011488,0.780011488
08/10/2030 00:00,0.762205629,0.762205629,0.762205629,0.762205629
08/10/2030 01:00,0.709936818,0.709936818,0.709936818,0.709936818
08/10/2030 02:00,0.720850086,0.720850086,0.720850086,0.720850086
08/10/2030 03:00,0.722573234,0.722573234,0.722573234,0.722573234
08/10/2030 04:00,0.734635267,0.734635267,0.734635267,0.734635267
08/10/2030 05:00,0.732912119,0.732912119,0.732912119,0.732912119
08/10/2030 06:00,0.728317059,0.728317059,0.728317059,0.728317059
08/10/2030 07:00,0.641585296,0.641585296,0.641585296,0.641585296
08/10/2030 08:00,0.59276278,0.59276278,0.59276278,0.59276278
08/10/2030 09:00,0.560597358,0.560597358,0.560597358,0.560597358
08/10/2030 10:00,0.564043653,0.564043653,0.564043653,0.564043653
08/10/2030 11:00,0.553704767,0.553704767,0.553704767,0.553704767
08/10/2030 12:00,0.547960942,0.547960942,0.547960942,0.547960942
08/10/2030 13:00,0.556002298,0.556002298,0.556002298,0.556002298
08/10/2030 14:00,0.551407237,0.551407237,0.551407237,0.551407237
08/10/2030 15:00,0.533026996,0.533026996,0.533026996,0.533026996
08/10/2030 16:00,0.514646755,0.514646755,0.514646755,0.514646755
08/10/2030 17:00,0.526708788,0.526708788,0.526708788,0.526708788
08/10/2030 18:00,0.542217117,0.542217117,0.542217117,0.542217117
08/10/2030 19:00,0.575531304,0.575531304,0.575531304,0.575531304
08/10/2030 20:00,0.575531304,0.575531304,0.575531304,0.575531304
08/10/2030 21:00,0.630097645,0.630097645,0.630097645,0.630097645
08/10/2030 22:00,0.654221712,0.654221712,0.654221712,0.654221712
08/10/2030 23:00,0.692130959,0.692130959,0.692130959,0.692130959
09/10/2030 00:00,0.720850086,0.720850086,0.720850086,0.720850086
09/10/2030 01:00,0.730040207,0.730040207,0.730040207,0.730040207
09/10/2030 02:00,0.716255026,0.716255026,0.716255026,0.716255026
09/10/2030 03:00,0.718552556,0.718552556,0.718552556,0.718552556
09/10/2030 04:00,0.717403791,0.717403791,0.717403791,0.717403791
09/10/2030 05:00,0.73750718,0.73750718,0.73750718,0.73750718
09/10/2030 06:00,0.723721999,0.723721999,0.723721999,0.723721999
09/10/2030 07:00,0.709936818,0.709936818,0.709936818,0.709936818
09/10/2030 08:00,0.716255026,0.716255026,0.716255026,0.716255026
09/10/2030 09:00,0.711659966,0.711659966,0.711659966,0.711659966
09/10/2030 10:00,0.712234348,0.712234348,0.712234348,0.712234348
09/10/2030 11:00,0.698449167,0.698449167,0.698449167,0.698449167
09/10/2030 12:00,0.719701321,0.719701321,0.719701321,0.719701321
09/10/2030 13:00,0.722573234,0.722573234,0.722573234,0.722573234
09/10/2030 14:00,0.728317059,0.728317059,0.728317059,0.728317059
09/10/2030 15:00,0.740953475,0.740953475,0.740953475,0.740953475
09/10/2030 16:00,0.728891442,0.728891442,0.728891442,0.728891442
09/10/2030 17:00,0.730614589,0.730614589,0.730614589,0.730614589
09/10/2030 18:00,0.731763354,0.731763354,0.731763354,0.731763354
09/10/2030 19:00,0.730614589,0.730614589,0.730614589,0.730614589
09/10/2030 20:00,0.729465824,0.729465824,0.729465824,0.729465824
09/10/2030 21:00,0.716255026,0.716255026,0.716255026,0.716255026
09/10/2030 22:00,0.70821367,0.70821367,0.70821367,0.70821367
09/10/2030 23:00,0.707064905,0.707064905,0.707064905,0.707064905
10/10/2030 00:00,0.735784032,0.735784032,0.735784032,0.735784032
10/10/2030 01:00,0.73520965,0.73520965,0.73520965,0.73520965
10/10/2030 02:00,0.731188972,0.731188972,0.731188972,0.731188972
10/10/2030 03:00,0.741527858,0.741527858,0.741527858,0.741527858
10/10/2030 04:00,0.739230327,0.739230327,0.739230327,0.739230327
10/10/2030 05:00,0.731763354,0.731763354,0.731763354,0.731763354
10/10/2030 06:00,0.74439977,0.74439977,0.74439977,0.74439977
10/10/2030 07:00,0.745548535,0.745548535,0.745548535,0.745548535
10/10/2030 08:00,0.732912119,0.732912119,0.732912119,0.732912119
10/10/2030 09:00,0.757036186,0.757036186,0.757036186,0.757036186
10/10/2030 10:00,0.7466973,0.7466973,0.7466973,0.7466973
10/10/2030 11:00,0.747846065,0.747846065,0.747846065,0.747846065
10/10/2030 12:00,0.734060885,0.734060885,0.734060885,0.734060885
10/10/2030 13:00,0.738081562,0.738081562,0.738081562,0.738081562
10/10/2030 14:00,0.740953475,0.740953475,0.740953475,0.740953475
10/10/2030 15:00,0.747271683,0.747271683,0.747271683,0.747271683
10/10/2030 16:00,0.728317059,0.728317059,0.728317059,0.728317059
10/10/2030 17:00,0.729465824,0.729465824,0.729465824,0.729465824
10/10/2030 18:00,0.74439977,0.74439977,0.74439977,0.74439977
10/10/2030 19:00,0.755887421,0.755887421,0.755887421,0.755887421
10/10/2030 20:00,0.7466973,0.7466973,0.7466973,0.7466973
10/10/2030 21:00,0.719126939,0.719126939,0.719126939,0.719126939
10/10/2030 22:00,0.708788053,0.708788053,0.708788053,0.708788053
10/10/2030 23:00,0.715680643,0.715680643,0.715680643,0.715680643
11/10/2030 00:00,0.727742677,0.727742677,0.727742677,0.727742677
11/10/2030 01:00,0.731763354,0.731763354,0.731763354,0.731763354
11/10/2030 02:00,0.727168294,0.727168294,0.727168294,0.727168294
11/10/2030 03:00,0.727742677,0.727742677,0.727742677,0.727742677
11/10/2030 04:00,0.719126939,0.719126939,0.719126939,0.719126939
11/10/2030 05:00,0.713383113,0.713383113,0.713383113,0.713383113
11/10/2030 06:00,0.727168294,0.727168294,0.727168294,0.727168294
11/10/2030 07:00,0.728317059,0.728317059,0.728317059,0.728317059
11/10/2030 08:00,0.794945434,0.794945434,0.794945434,0.794945434
11/10/2030 09:00,0.85295807,0.85295807,0.85295807,0.85295807
11/10/2030 10:00,0.841470419,0.841470419,0.841470419,0.841470419
11/10/2030 11:00,0.853532453,0.853532453,0.853532453,0.853532453
11/10/2030 12:00,0.856404365,0.856404365,0.856404365,0.856404365
11/10/2030 13:00,0.856404365,0.856404365,0.856404365,0.856404365
11/10/2030 14:00,0.883974727,0.883974727,0.883974727,0.883974727
11/10/2030 15:00,0.911545089,0.911545089,0.911545089,0.911545089
11/10/2030 16:00,0.921883975,0.921883975,0.921883975,0.921883975
11/10/2030 17:00,0.921883975,0.921883975,0.921883975,0.921883975
11/10/2030 18:00,0.929350948,0.929350948,0.929350948,0.929350948
11/10/2030 19:00,0.93222286,0.93222286,0.93222286,0.93222286
11/10/2030 20:00,0.92303274,0.92303274,0.92303274,0.92303274
11/10/2030 21:00,0.856404365,0.856404365,0.856404365,0.856404365
11/10/2030 22:00,0.797817346,0.797817346,0.797817346,0.797817346
11/10/2030 23:00,0.781160253,0.781160253,0.781160253,0.781160253
12/10/2030 00:00,0.771970132,0.771970132,0.771970132,0.771970132
12/10/2030 01:00,0.759333716,0.759333716,0.759333716,0.759333716
12/10/2030 02:00,0.761056864,0.761056864,0.761056864,0.761056864
12/10/2030 03:00,0.763354394,0.763354394,0.763354394,0.763354394
12/10/2030 04:00,0.800114877,0.800114877,0.800114877,0.800114877
12/10/2030 05:00,0.758759334,0.758759334,0.758759334,0.758759334
12/10/2030 06:00,0.762780011,0.762780011,0.762780011,0.762780011
12/10/2030 07:00,0.766800689,0.766800689,0.766800689,0.766800689
12/10/2030 08:00,0.796094199,0.796094199,0.796094199,0.796094199
12/10/2030 09:00,0.871912694,0.871912694,0.871912694,0.871912694
12/10/2030 10:00,0.865020103,0.865020103,0.865020103,0.865020103
12/10/2030 11:00,0.85755313,0.85755313,0.85755313,0.85755313
12/10/2030 12:00,0.862148191,0.862148191,0.862148191,0.862148191
12/10/2030 13:00,0.866743251,0.866743251,0.866743251,0.866743251
12/10/2030 14:00,0.904078116,0.904078116,0.904078116,0.904078116
12/10/2030 15:00,0.917863297,0.917863297,0.917863297,0.917863297
12/10/2030 16:00,0.913268237,0.913268237,0.913268237,0.913268237
12/10/2030 17:00,0.911545089,0.911545089,0.911545089,0.911545089
12/10/2030 18:00,0.898334291,0.898334291,0.898334291,0.898334291
12/10/2030 19:00,0.913268237,0.913268237,0.913268237,0.913268237
12/10/2030 20:00,0.922458357,0.922458357,0.922458357,0.922458357
12/10/2030 21:00,0.875358989,0.875358989,0.875358989,0.875358989
12/10/2030 22:00,0.821941413,0.821941413,0.821941413,0.821941413
12/10/2030 23:00,0.836300976,0.836300976,0.836300976,0.836300976
13/10/2030 00:00,0.819643883,0.819643883,0.819643883,0.819643883
13/10/2030 01:00,0.770246984,0.770246984,0.770246984,0.770246984
13/10/2030 02:00,0.758184951,0.758184951,0.758184951,0.758184951
13/10/2030 03:00,0.77369328,0.77369328,0.77369328,0.77369328
13/10/2030 04:00,0.77369328,0.77369328,0.77369328,0.77369328
13/10/2030 05:00,0.77139575,0.77139575,0.77139575,0.77139575
13/10/2030 06:00,0.763354394,0.763354394,0.763354394,0.763354394
13/10/2030 07:00,0.768523837,0.768523837,0.768523837,0.768523837
13/10/2030 08:00,0.833429064,0.833429064,0.833429064,0.833429064
13/10/2030 09:00,0.896611143,0.896611143,0.896611143,0.896611143
13/10/2030 10:00,0.894887995,0.894887995,0.894887995,0.894887995
13/10/2030 11:00,0.896611143,0.896611143,0.896611143,0.896611143
13/10/2030 12:00,0.894313613,0.894313613,0.894313613,0.894313613
13/10/2030 13:00,0.899483056,0.899483056,0.899483056,0.899483056
13/10/2030 14:00,0.917863297,0.917863297,0.917863297,0.917863297
13/10/2030 15:00,0.931074095,0.931074095,0.931074095,0.931074095
13/10/2030 16:00,0.925904652,0.925904652,0.925904652,0.925904652
13/10/2030 17:00,0.92992533,0.92992533,0.92992533,0.92992533
13/10/2030 18:00,0.92992533,0.92992533,0.92992533,0.92992533
13/10/2030 19:00,0.926479035,0.926479035,0.926479035,0.926479035
13/10/2030 20:00,0.928202183,0.928202183,0.928202183,0.928202183
13/10/2030 21:00,0.883974727,0.883974727,0.883974727,0.883974727
13/10/2030 22:00,0.832280299,0.832280299,0.832280299,0.832280299
13/10/2030 23:00,0.817920735,0.817920735,0.817920735,0.817920735
14/10/2030 00:00,0.803561172,0.803561172,0.803561172,0.803561172
14/10/2030 01:00,0.766226307,0.766226307,0.766226307,0.766226307
14/10/2030 02:00,0.769098219,0.769098219,0.769098219,0.769098219
14/10/2030 03:00,0.761631246,0.761631246,0.761631246,0.761631246
14/10/2030 04:00,0.761056864,0.761056864,0.761056864,0.761056864
14/10/2030 05:00,0.77139575,0.77139575,0.77139575,0.77139575
14/10/2030 06:00,0.762205629,0.762205629,0.762205629,0.762205629
14/10/2030 07:00,0.766226307,0.766226307,0.766226307,0.766226307
14/10/2030 08:00,0.80987938,0.80987938,0.80987938,0.80987938
14/10/2030 09:00,0.878805284,0.878805284,0.878805284,0.878805284
14/10/2030 10:00,0.883974727,0.883974727,0.883974727,0.883974727
14/10/2030 11:00,0.879379667,0.879379667,0.879379667,0.879379667
14/10/2030 12:00,0.890867318,0.890867318,0.890867318,0.890867318
14/10/2030 13:00,0.882825962,0.882825962,0.882825962,0.882825962
14/10/2030 14:00,0.908098794,0.908098794,0.908098794,0.908098794
14/10/2030 15:00,0.941412981,0.941412981,0.941412981,0.941412981
14/10/2030 16:00,0.950028719,0.950028719,0.950028719,0.950028719
14/10/2030 17:00,0.937966686,0.937966686,0.937966686,0.937966686
14/10/2030 18:00,0.925904652,0.925904652,0.925904652,0.925904652
14/10/2030 19:00,0.92992533,0.92992533,0.92992533,0.92992533
14/10/2030 20:00,0.926479035,0.926479035,0.926479035,0.926479035
14/10/2030 21:00,0.900631821,0.900631821,0.900631821,0.900631821
14/10/2030 22:00,0.851234922,0.851234922,0.851234922,0.851234922
14/10/2030 23:00,0.819643883,0.819643883,0.819643883,0.819643883
15/10/2030 00:00,0.805858702,0.805858702,0.805858702,0.805858702
15/10/2030 01:00,0.777139575,0.777139575,0.777139575,0.777139575
15/10/2030 02:00,0.783457783,0.783457783,0.783457783,0.783457783
15/10/2030 03:00,0.786329696,0.786329696,0.786329696,0.786329696
15/10/2030 04:00,0.777713957,0.777713957,0.777713957,0.777713957
15/10/2030 05:00,0.770821367,0.770821367,0.770821367,0.770821367
15/10/2030 06:00,0.77599081,0.77599081,0.77599081,0.77599081
15/10/2030 07:00,0.7828834,0.7828834,0.7828834,0.7828834
15/10/2030 08:00,0.774267662,0.774267662,0.774267662,0.774267662
15/10/2030 09:00,0.767949454,0.767949454,0.767949454,0.767949454
15/10/2030 10:00,0.748994831,0.748994831,0.748994831,0.748994831
15/10/2030 11:00,0.759908099,0.759908099,0.759908099,0.759908099
15/10/2030 12:00,0.752441126,0.752441126,0.752441126,0.752441126
15/10/2030 13:00,0.77139575,0.77139575,0.77139575,0.77139575
15/10/2030 14:00,0.769098219,0.769098219,0.769098219,0.769098219
15/10/2030 15:00,0.763928777,0.763928777,0.763928777,0.763928777
15/10/2030 16:00,0.74439977,0.74439977,0.74439977,0.74439977
15/10/2030 17:00,0.759333716,0.759333716,0.759333716,0.759333716
15/10/2030 18:00,0.744974153,0.744974153,0.744974153,0.744974153
15/10/2030 19:00,0.762780011,0.762780011,0.762780011,0.762780011
15/10/2030 20:00,0.748420448,0.748420448,0.748420448,0.748420448
15/10/2030 21:00,0.741527858,0.741527858,0.741527858,0.741527858
15/10/2030 22:00,0.719701321,0.719701321,0.719701321,0.719701321
15/10/2030 23:00,0.740379092,0.740379092,0.740379092,0.740379092
16/10/2030 00:00,0.738655945,0.738655945,0.738655945,0.738655945
16/10/2030 01:00,0.753015508,0.753015508,0.753015508,0.753015508
16/10/2030 02:00,0.750717978,0.750717978,0.750717978,0.750717978
16/10/2030 03:00,0.747846065,0.747846065,0.747846065,0.747846065
16/10/2030 04:00,0.751292361,0.751292361,0.751292361,0.751292361
16/10/2030 05:00,0.756461804,0.756461804,0.756461804,0.756461804
16/10/2030 06:00,0.757036186,0.757036186,0.757036186,0.757036186
16/10/2030 07:00,0.754738656,0.754738656,0.754738656,0.754738656
16/10/2030 08:00,0.743251005,0.743251005,0.743251005,0.743251005
16/10/2030 09:00,0.733486502,0.733486502,0.733486502,0.733486502
16/10/2030 10:00,0.748994831,0.748994831,0.748994831,0.748994831
16/10/2030 11:00,0.756461804,0.756461804,0.756461804,0.756461804
16/10/2030 12:00,0.747846065,0.747846065,0.747846065,0.747846065
16/10/2030 13:00,0.767949454,0.767949454,0.767949454,0.767949454
16/10/2030 14:00,0.751866743,0.751866743,0.751866743,0.751866743
16/10/2030 15:00,0.754738656,0.754738656,0.754738656,0.754738656
16/10/2030 16:00,0.755313038,0.755313038,0.755313038,0.755313038
16/10/2030 17:00,0.744974153,0.744974153,0.744974153,0.744974153
16/10/2030 18:00,0.743251005,0.743251005,0.743251005,0.743251005
16/10/2030 19:00,0.692705342,0.692705342,0.692705342,0.692705342
16/10/2030 20:00,0.723721999,0.723721999,0.723721999,0.723721999
16/10/2030 21:00,0.730614589,0.730614589,0.730614589,0.730614589
16/10/2030 22:00,0.709936818,0.709936818,0.709936818,0.709936818
16/10/2030 23:00,0.709362435,0.709362435,0.709362435,0.709362435
17/10/2030 00:00,0.680643308,0.680643308,0.680643308,0.680643308
17/10/2030 01:00,0.674325101,0.674325101,0.674325101,0.674325101
17/10/2030 02:00,0.685238369,0.685238369,0.685238369,0.685238369
17/10/2030 03:00,0.696151637,0.696151637,0.696151637,0.696151637
17/10/2030 04:00,0.673176335,0.673176335,0.673176335,0.673176335
17/10/2030 05:00,0.747271683,0.747271683,0.747271683,0.747271683
17/10/2030 06:00,0.78058587,0.78058587,0.78058587,0.78058587
17/10/2030 07:00,0.765077542,0.765077542,0.765077542,0.765077542
17/10/2030 08:00,0.843767949,0.843767949,0.843767949,0.843767949
17/10/2030 09:00,0.887421022,0.887421022,0.887421022,0.887421022
17/10/2030 10:00,0.890867318,0.890867318,0.890867318,0.890867318
17/10/2030 11:00,0.901780586,0.901780586,0.901780586,0.901780586
17/10/2030 12:00,0.894887995,0.894887995,0.894887995,0.894887995
17/10/2030 13:00,0.892016083,0.892016083,0.892016083,0.892016083
17/10/2030 14:00,0.905226881,0.905226881,0.905226881,0.905226881
17/10/2030 15:00,0.906950029,0.906950029,0.906950029,0.906950029
17/10/2030 16:00,0.912119472,0.912119472,0.912119472,0.912119472
17/10/2030 17:00,0.89373923,0.89373923,0.89373923,0.89373923
17/10/2030 18:00,0.901206203,0.901206203,0.901206203,0.901206203
17/10/2030 19:00,0.914991384,0.914991384,0.914991384,0.914991384
17/10/2030 20:00,0.905226881,0.905226881,0.905226881,0.905226881
17/10/2030 21:00,0.871338311,0.871338311,0.871338311,0.871338311
17/10/2030 22:00,0.823664561,0.823664561,0.823664561,0.823664561
17/10/2030 23:00,0.824238943,0.824238943,0.824238943,0.824238943
18/10/2030 00:00,0.797242964,0.797242964,0.797242964,0.797242964
18/10/2030 01:00,0.793222286,0.793222286,0.793222286,0.793222286
18/10/2030 02:00,0.786329696,0.786329696,0.786329696,0.786329696
18/10/2030 03:00,0.790350373,0.790350373,0.790350373,0.790350373
18/10/2030 04:00,0.786329696,0.786329696,0.786329696,0.786329696
18/10/2030 05:00,0.784032165,0.784032165,0.784032165,0.784032165
18/10/2030 06:00,0.786329696,0.786329696,0.786329696,0.786329696
18/10/2030 07:00,0.784032165,0.784032165,0.784032165,0.784032165
18/10/2030 08:00,0.831705916,0.831705916,0.831705916,0.831705916
18/10/2030 09:00,0.897759908,0.897759908,0.897759908,0.897759908
18/10/2030 10:00,0.897185526,0.897185526,0.897185526,0.897185526
18/10/2030 11:00,0.906375646,0.906375646,0.906375646,0.906375646
18/10/2030 12:00,0.904078116,0.904078116,0.904078116,0.904078116
18/10/2030 13:00,0.904652499,0.904652499,0.904652499,0.904652499
18/10/2030 14:00,0.916714532,0.916714532,0.916714532,0.916714532
18/10/2030 15:00,0.917288914,0.917288914,0.917288914,0.917288914
18/10/2030 16:00,0.927053418,0.927053418,0.927053418,0.927053418
18/10/2030 17:00,0.925904652,0.925904652,0.925904652,0.925904652
18/10/2030 18:00,0.932797243,0.932797243,0.932797243,0.932797243
18/10/2030 19:00,0.93222286,0.93222286,0.93222286,0.93222286
18/10/2030 20:00,0.915565767,0.915565767,0.915565767,0.915565767
18/10/2030 21:00,0.875933372,0.875933372,0.875933372,0.875933372
18/10/2030 22:00,0.831131534,0.831131534,0.831131534,0.831131534
18/10/2030 23:00,0.836875359,0.836875359,0.836875359,0.836875359
19/10/2030 00:00,0.806433084,0.806433084,0.806433084,0.806433084
19/10/2030 01:00,0.800689259,0.800689259,0.800689259,0.800689259
19/10/2030 02:00,0.792647904,0.792647904,0.792647904,0.792647904
19/10/2030 03:00,0.790350373,0.790350373,0.790350373,0.790350373
19/10/2030 04:00,0.788627226,0.788627226,0.788627226,0.788627226
19/10/2030 05:00,0.767949454,0.767949454,0.767949454,0.767949454
19/10/2030 06:00,0.764503159,0.764503159,0.764503159,0.764503159
19/10/2030 07:00,0.793222286,0.793222286,0.793222286,0.793222286
19/10/2030 08:00,0.805284319,0.805284319,0.805284319,0.805284319
19/10/2030 09:00,0.850086157,0.850086157,0.850086157,0.850086157
19/10/2030 10:00,0.873061459,0.873061459,0.873061459,0.873061459
19/10/2030 11:00,0.887995405,0.887995405,0.887995405,0.887995405
19/10/2030 12:00,0.893164848,0.893164848,0.893164848,0.893164848
19/10/2030 13:00,0.916714532,0.916714532,0.916714532,0.916714532
19/10/2030 14:00,0.904652499,0.904652499,0.904652499,0.904652499
19/10/2030 15:00,0.937966686,0.937966686,0.937966686,0.937966686
19/10/2030 16:00,0.945433659,0.945433659,0.945433659,0.945433659
19/10/2030 17:00,0.924181505,0.924181505,0.924181505,0.924181505
19/10/2030 18:00,0.924755887,0.924755887,0.924755887,0.924755887
19/10/2030 19:00,0.917288914,0.917288914,0.917288914,0.917288914
19/10/2030 20:00,0.943710511,0.943710511,0.943710511,0.943710511
19/10/2030 21:00,0.894887995,0.894887995,0.894887995,0.894887995
19/10/2030 22:00,0.853532453,0.853532453,0.853532453,0.853532453
19/10/2030 23:00,0.836300976,0.836300976,0.836300976,0.836300976
20/10/2030 00:00,0.810453762,0.810453762,0.810453762,0.810453762
20/10/2030 01:00,0.795519816,0.795519816,0.795519816,0.795519816
20/10/2030 02:00,0.781734635,0.781734635,0.781734635,0.781734635
20/10/2030 03:00,0.786904078,0.786904078,0.786904078,0.786904078
20/10/2030 04:00,0.792073521,0.792073521,0.792073521,0.792073521
20/10/2030 05:00,0.780011488,0.780011488,0.780011488,0.780011488
20/10/2030 06:00,0.77828834,0.77828834,0.77828834,0.77828834
20/10/2030 07:00,0.758184951,0.758184951,0.758184951,0.758184951
20/10/2030 08:00,0.842044802,0.842044802,0.842044802,0.842044802
20/10/2030 09:00,0.887995405,0.887995405,0.887995405,0.887995405
20/10/2030 10:00,0.914991384,0.914991384,0.914991384,0.914991384
20/10/2030 11:00,0.914991384,0.914991384,0.914991384,0.914991384
20/10/2030 12:00,0.907524411,0.907524411,0.907524411,0.907524411
20/10/2030 13:00,0.919012062,0.919012062,0.919012062,0.919012062
20/10/2030 14:00,0.975301551,0.975301551,0.975301551,0.975301551
20/10/2030 15:00,0.994830557,0.994830557,0.994830557,0.994830557
20/10/2030 16:00,0.994830557,0.994830557,0.994830557,0.994830557
20/10/2030 17:00,0.943136129,0.943136129,0.943136129,0.943136129
20/10/2030 18:00,0.918437679,0.918437679,0.918437679,0.918437679
20/10/2030 19:00,0.922458357,0.922458357,0.922458357,0.922458357
20/10/2030 20:00,0.916140149,0.916140149,0.916140149,0.916140149
20/10/2030 21:00,0.892590465,0.892590465,0.892590465,0.892590465
20/10/2030 22:00,0.869615164,0.869615164,0.869615164,0.869615164
20/10/2030 23:00,0.88914417,0.88914417,0.88914417,0.88914417
21/10/2030 00:00,0.854106835,0.854106835,0.854106835,0.854106835
21/10/2030 01:00,0.828834003,0.828834003,0.828834003,0.828834003
21/10/2030 02:00,0.856404365,0.856404365,0.856404365,0.856404365
21/10/2030 03:00,0.851234922,0.851234922,0.851234922,0.851234922
21/10/2030 04:00,0.844916715,0.844916715,0.844916715,0.844916715
21/10/2030 05:00,0.844916715,0.844916715,0.844916715,0.844916715
21/10/2030 06:00,0.828259621,0.828259621,0.828259621,0.828259621
21/10/2030 07:00,0.784606548,0.784606548,0.784606548,0.784606548
21/10/2030 08:00,0.813325675,0.813325675,0.813325675,0.813325675
21/10/2030 09:00,0.839747272,0.839747272,0.839747272,0.839747272
21/10/2030 10:00,0.866743251,0.866743251,0.866743251,0.866743251
21/10/2030 11:00,0.914991384,0.914991384,0.914991384,0.914991384
21/10/2030 12:00,0.911545089,0.911545089,0.911545089,0.911545089
21/10/2030 13:00,0.919586445,0.919586445,0.919586445,0.919586445
21/10/2030 14:00,0.96151637,0.96151637,0.96151637,0.96151637
21/10/2030 15:00,1,1,1,1
21/10/2030 16:00,0.980470994,0.980470994,0.980470994,0.980470994
21/10/2030 17:00,0.941987364,0.941987364,0.941987364,0.941987364
21/10/2030 18:00,0.92992533,0.92992533,0.92992533,0.92992533
21/10/2030 19:00,0.918437679,0.918437679,0.918437679,0.918437679
21/10/2030 20:00,0.923607122,0.923607122,0.923607122,0.923607122
21/10/2030 21:00,0.914417002,0.914417002,0.914417002,0.914417002
21/10/2030 22:00,0.881677197,0.881677197,0.881677197,0.881677197
21/10/2030 23:00,0.885123492,0.885123492,0.885123492,0.885123492
22/10/2030 00:00,0.874210224,0.874210224,0.874210224,0.874210224
22/10/2030 01:00,0.85295807,0.85295807,0.85295807,0.85295807
22/10/2030 02:00,0.84836301,0.84836301,0.84836301,0.84836301
22/10/2030 03:00,0.849511775,0.849511775,0.849511775,0.849511775
22/10/2030 04:00,0.85066054,0.85066054,0.85066054,0.85066054
22/10/2030 05:00,0.851234922,0.851234922,0.851234922,0.851234922
22/10/2030 06:00,0.835726594,0.835726594,0.835726594,0.835726594
22/10/2030 07:00,0.788627226,0.788627226,0.788627226,0.788627226
22/10/2030 08:00,0.734060885,0.734060885,0.734060885,0.734060885
22/10/2030 09:00,0.7105112,0.7105112,0.7105112,0.7105112
22/10/2030 10:00,0.711659966,0.711659966,0.711659966,0.711659966
22/10/2030 11:00,0.754164273,0.754164273,0.754164273,0.754164273
22/10/2030 12:00,0.715106261,0.715106261,0.715106261,0.715106261
22/10/2030 13:00,0.729465824,0.729465824,0.729465824,0.729465824
22/10/2030 14:00,0.760482481,0.760482481,0.760482481,0.760482481
22/10/2030 15:00,0.790350373,0.790350373,0.790350373,0.790350373
22/10/2030 16:00,0.782309018,0.782309018,0.782309018,0.782309018
22/10/2030 17:00,0.764503159,0.764503159,0.764503159,0.764503159
22/10/2030 18:00,0.763354394,0.763354394,0.763354394,0.763354394
22/10/2030 19:00,0.750143596,0.750143596,0.750143596,0.750143596
22/10/2030 20:00,0.77599081,0.77599081,0.77599081,0.77599081
22/10/2030 21:00,0.818495118,0.818495118,0.818495118,0.818495118
22/10/2030 22:00,0.847788627,0.847788627,0.847788627,0.847788627
22/10/2030 23:00,0.848937392,0.848937392,0.848937392,0.848937392
23/10/2030 00:00,0.848937392,0.848937392,0.848937392,0.848937392
23/10/2030 01:00,0.859850661,0.859850661,0.859850661,0.859850661
23/10/2030 02:00,0.878230902,0.878230902,0.878230902,0.878230902
23/10/2030 03:00,0.862722573,0.862722573,0.862722573,0.862722573
23/10/2030 04:00,0.84606548,0.84606548,0.84606548,0.84606548
23/10/2030 05:00,0.853532453,0.853532453,0.853532453,0.853532453
23/10/2030 06:00,0.845491097,0.845491097,0.845491097,0.845491097
23/10/2030 07:00,0.844916715,0.844916715,0.844916715,0.844916715
23/10/2030 08:00,0.809304997,0.809304997,0.809304997,0.809304997
23/10/2030 09:00,0.81447444,0.81447444,0.81447444,0.81447444
23/10/2030 10:00,0.818495118,0.818495118,0.818495118,0.818495118
23/10/2030 11:00,0.833429064,0.833429064,0.833429064,0.833429064
23/10/2030 12:00,0.85755313,0.85755313,0.85755313,0.85755313
23/10/2030 13:00,0.868466399,0.868466399,0.868466399,0.868466399
23/10/2030 14:00,0.843193567,0.843193567,0.843193567,0.843193567
23/10/2030 15:00,0.847788627,0.847788627,0.847788627,0.847788627
23/10/2030 16:00,0.845491097,0.845491097,0.845491097,0.845491097
23/10/2030 17:00,0.832854681,0.832854681,0.832854681,0.832854681
23/10/2030 18:00,0.822515796,0.822515796,0.822515796,0.822515796
23/10/2030 19:00,0.834577829,0.834577829,0.834577829,0.834577829
23/10/2030 20:00,0.815623205,0.815623205,0.815623205,0.815623205
23/10/2030 21:00,0.81677197,0.81677197,0.81677197,0.81677197
23/10/2030 22:00,0.833429064,0.833429064,0.833429064,0.833429064
23/10/2030 23:00,0.829408386,0.829408386,0.829408386,0.829408386
24/10/2030 00:00,0.829982769,0.829982769,0.829982769,0.829982769
24/10/2030 01:00,0.835152211,0.835152211,0.835152211,0.835152211
24/10/2030 02:00,0.829982769,0.829982769,0.829982769,0.829982769
24/10/2030 03:00,0.834577829,0.834577829,0.834577829,0.834577829
24/10/2030 04:00,0.832854681,0.832854681,0.832854681,0.832854681
24/10/2030 05:00,0.8190695,0.8190695,0.8190695,0.8190695
24/10/2030 06:00,0.827110856,0.827110856,0.827110856,0.827110856
24/10/2030 07:00,0.847214245,0.847214245,0.847214245,0.847214245
24/10/2030 08:00,0.860425043,0.860425043,0.860425043,0.860425043
24/10/2030 09:00,0.903503733,0.903503733,0.903503733,0.903503733
24/10/2030 10:00,0.903503733,0.903503733,0.903503733,0.903503733
24/10/2030 11:00,0.903503733,0.903503733,0.903503733,0.903503733
24/10/2030 12:00,0.909247559,0.909247559,0.909247559,0.909247559
24/10/2030 13:00,0.951177484,0.951177484,0.951177484,0.951177484
24/10/2030 14:00,0.978173464,0.978173464,0.978173464,0.978173464
24/10/2030 15:00,0.954049397,0.954049397,0.954049397,0.954049397
24/10/2030 16:00,0.967260195,0.967260195,0.967260195,0.967260195
24/10/2030 17:00,0.954049397,0.954049397,0.954049397,0.954049397
24/10/2030 18:00,0.944284894,0.944284894,0.944284894,0.944284894
24/10/2030 19:00,0.953475014,0.953475014,0.953475014,0.953475014
24/10/2030 20:00,0.946008041,0.946008041,0.946008041,0.946008041
24/10/2030 21:00,0.924181505,0.924181505,0.924181505,0.924181505
24/10/2030 22:00,0.908673176,0.908673176,0.908673176,0.908673176
24/10/2030 23:00,0.914417002,0.914417002,0.914417002,0.914417002
25/10/2030 00:00,0.890867318,0.890867318,0.890867318,0.890867318
25/10/2030 01:00,0.878805284,0.878805284,0.878805284,0.878805284
25/10/2030 02:00,0.874784607,0.874784607,0.874784607,0.874784607
25/10/2030 03:00,0.883974727,0.883974727,0.883974727,0.883974727
25/10/2030 04:00,0.873635841,0.873635841,0.873635841,0.873635841
25/10/2030 05:00,0.881677197,0.881677197,0.881677197,0.881677197
25/10/2030 06:00,0.869615164,0.869615164,0.869615164,0.869615164
25/10/2030 07:00,0.82136703,0.82136703,0.82136703,0.82136703
25/10/2030 08:00,0.824238943,0.824238943,0.824238943,0.824238943
25/10/2030 09:00,0.876507754,0.876507754,0.876507754,0.876507754
25/10/2030 10:00,0.88914417,0.88914417,0.88914417,0.88914417
25/10/2030 11:00,0.89603676,0.89603676,0.89603676,0.89603676
25/10/2030 12:00,0.949454337,0.949454337,0.949454337,0.949454337
25/10/2030 13:00,0.93222286,0.93222286,0.93222286,0.93222286
25/10/2030 14:00,0.944284894,0.944284894,0.944284894,0.944284894
25/10/2030 15:00,0.974152786,0.974152786,0.974152786,0.974152786
25/10/2030 16:00,0.986789202,0.986789202,0.986789202,0.986789202
25/10/2030 17:00,0.96151637,0.96151637,0.96151637,0.96151637
25/10/2030 18:00,0.938541068,0.938541068,0.938541068,0.938541068
25/10/2030 19:00,0.939115451,0.939115451,0.939115451,0.939115451
25/10/2030 20:00,0.937392303,0.937392303,0.937392303,0.937392303
25/10/2030 21:00,0.921883975,0.921883975,0.921883975,0.921883975
25/10/2030 22:00,0.905226881,0.905226881,0.905226881,0.905226881
25/10/2030 23:00,0.902929351,0.902929351,0.902929351,0.902929351
26/10/2030 00:00,0.88454911,0.88454911,0.88454911,0.88454911
26/10/2030 01:00,0.852383688,0.852383688,0.852383688,0.852383688
26/10/2030 02:00,0.860999426,0.860999426,0.860999426,0.860999426
26/10/2030 03:00,0.866743251,0.866743251,0.866743251,0.866743251
26/10/2030 04:00,0.859276278,0.859276278,0.859276278,0.859276278
26/10/2030 05:00,0.860425043,0.860425043,0.860425043,0.860425043
26/10/2030 06:00,0.839172889,0.839172889,0.839172889,0.839172889
26/10/2030 07:00,0.800689259,0.800689259,0.800689259,0.800689259
26/10/2030 08:00,0.762205629,0.762205629,0.762205629,0.762205629
26/10/2030 09:00,0.826536473,0.826536473,0.826536473,0.826536473
26/10/2030 10:00,0.853532453,0.853532453,0.853532453,0.853532453
26/10/2030 11:00,0.894313613,0.894313613,0.894313613,0.894313613
26/10/2030 12:00,0.894887995,0.894887995,0.894887995,0.894887995
26/10/2030 13:00,0.898908673,0.898908673,0.898908673,0.898908673
26/10/2030 14:00,0.944284894,0.944284894,0.944284894,0.944284894
26/10/2030 15:00,0.982768524,0.982768524,0.982768524,0.982768524
26/10/2030 16:00,0.974152786,0.974152786,0.974152786,0.974152786
26/10/2030 17:00,0.939115451,0.939115451,0.939115451,0.939115451
26/10/2030 18:00,0.912119472,0.912119472,0.912119472,0.912119472
26/10/2030 19:00,0.917863297,0.917863297,0.917863297,0.917863297
26/10/2030 20:00,0.92533027,0.92533027,0.92533027,0.92533027
26/10/2030 21:00,0.916714532,0.916714532,0.916714532,0.916714532
26/10/2030 22:00,0.894887995,0.894887995,0.894887995,0.894887995
26/10/2030 23:00,0.894887995,0.894887995,0.894887995,0.894887995
27/10/2030 00:00,0.869615164,0.869615164,0.869615164,0.869615164
27/10/2030 01:00,0.851809305,0.851809305,0.851809305,0.851809305
27/10/2030 02:00,0.842044802,0.842044802,0.842044802,0.842044802
27/10/2030 03:00,0.854106835,0.854106835,0.854106835,0.854106835
27/10/2030 04:00,0.8552556,0.8552556,0.8552556,0.8552556
27/10/2030 05:00,0.8552556,0.8552556,0.8552556,0.8552556
27/10/2030 06:00,0.843767949,0.843767949,0.843767949,0.843767949
27/10/2030 07:00,0.787478461,0.787478461,0.787478461,0.787478461
27/10/2030 08:00,0.800114877,0.800114877,0.800114877,0.800114877
27/10/2030 09:00,0.847214245,0.847214245,0.847214245,0.847214245
27/10/2030 10:00,0.864445721,0.864445721,0.864445721,0.864445721
27/10/2030 11:00,0.877656519,0.877656519,0.877656519,0.877656519
27/10/2030 12:00,0.898908673,0.898908673,0.898908673,0.898908673
27/10/2030 13:00,0.925904652,0.925904652,0.925904652,0.925904652
27/10/2030 14:00,0.984491671,0.984491671,0.984491671,0.984491671
27/10/2030 15:00,0.95921884,0.95921884,0.95921884,0.95921884
27/10/2030 16:00,0.987937967,0.987937967,0.987937967,0.987937967
27/10/2030 17:00,0.947156806,0.947156806,0.947156806,0.947156806
27/10/2030 18:00,0.933371626,0.933371626,0.933371626,0.933371626
27/10/2030 19:00,0.920160827,0.920160827,0.920160827,0.920160827
27/10/2030 20:00,0.906375646,0.906375646,0.906375646,0.906375646
27/10/2030 21:00,0.902354968,0.902354968,0.902354968,0.902354968
27/10/2030 22:00,0.860999426,0.860999426,0.860999426,0.860999426
27/10/2030 23:00,0.85295807,0.85295807,0.85295807,0.85295807
28/10/2030 00:00,0.826536473,0.826536473,0.826536473,0.826536473
28/10/2030 01:00,0.813325675,0.813325675,0.813325675,0.813325675
28/10/2030 02:00,0.813900057,0.813900057,0.813900057,0.813900057
28/10/2030 03:00,0.822515796,0.822515796,0.822515796,0.822515796
28/10/2030 04:00,0.817346353,0.817346353,0.817346353,0.817346353
28/10/2030 05:00,0.790350373,0.790350373,0.790350373,0.790350373
28/10/2030 06:00,0.775416427,0.775416427,0.775416427,0.775416427
28/10/2030 07:00,0.762205629,0.762205629,0.762205629,0.762205629
28/10/2030 08:00,0.777139575,0.777139575,0.777139575,0.777139575
28/10/2030 09:00,0.826536473,0.826536473,0.826536473,0.826536473
28/10/2030 10:00,0.840321654,0.840321654,0.840321654,0.840321654
28/10/2030 11:00,0.849511775,0.849511775,0.849511775,0.849511775
28/10/2030 12:00,0.851809305,0.851809305,0.851809305,0.851809305
28/10/2030 13:00,0.858701895,0.858701895,0.858701895,0.858701895
28/10/2030 14:00,0.88684664,0.88684664,0.88684664,0.88684664
28/10/2030 15:00,0.897185526,0.897185526,0.897185526,0.897185526
28/10/2030 16:00,0.890867318,0.890867318,0.890867318,0.890867318
28/10/2030 17:00,0.869615164,0.869615164,0.869615164,0.869615164
28/10/2030 18:00,0.871338311,0.871338311,0.871338311,0.871338311
28/10/2030 19:00,0.869040781,0.869040781,0.869040781,0.869040781
28/10/2030 20:00,0.870189546,0.870189546,0.870189546,0.870189546
28/10/2030 21:00,0.888569787,0.888569787,0.888569787,0.888569787
28/10/2030 22:00,0.875933372,0.875933372,0.875933372,0.875933372
28/10/2030 23:00,0.854681218,0.854681218,0.854681218,0.854681218
29/10/2030 00:00,0.839172889,0.839172889,0.839172889,0.839172889
29/10/2030 01:00,0.832854681,0.832854681,0.832854681,0.832854681
29/10/2030 02:00,0.831705916,0.831705916,0.831705916,0.831705916
29/10/2030 03:00,0.823090178,0.823090178,0.823090178,0.823090178
29/10/2030 04:00,0.817346353,0.817346353,0.817346353,0.817346353
29/10/2030 05:00,0.821941413,0.821941413,0.821941413,0.821941413
29/10/2030 06:00,0.845491097,0.845491097,0.845491097,0.845491097
29/10/2030 07:00,0.772544515,0.772544515,0.772544515,0.772544515
29/10/2030 08:00,0.722573234,0.722573234,0.722573234,0.722573234
29/10/2030 09:00,0.743825388,0.743825388,0.743825388,0.743825388
29/10/2030 10:00,0.768523837,0.768523837,0.768523837,0.768523837
29/10/2030 11:00,0.793796669,0.793796669,0.793796669,0.793796669
29/10/2030 12:00,0.816197588,0.816197588,0.816197588,0.816197588
29/10/2030 13:00,0.807007467,0.807007467,0.807007467,0.807007467
29/10/2030 14:00,0.837449742,0.837449742,0.837449742,0.837449742
29/10/2030 15:00,0.874784607,0.874784607,0.874784607,0.874784607
29/10/2030 16:00,0.870763929,0.870763929,0.870763929,0.870763929
29/10/2030 17:00,0.847788627,0.847788627,0.847788627,0.847788627
29/10/2030 18:00,0.816197588,0.816197588,0.816197588,0.816197588
29/10/2030 19:00,0.815048823,0.815048823,0.815048823,0.815048823
29/10/2030 20:00,0.794945434,0.794945434,0.794945434,0.794945434
29/10/2030 21:00,0.832280299,0.832280299,0.832280299,0.832280299
29/10/2030 22:00,0.809304997,0.809304997,0.809304997,0.809304997
29/10/2030 23:00,0.81447444,0.81447444,0.81447444,0.81447444
30/10/2030 00:00,0.815048823,0.815048823,0.815048823,0.815048823
30/10/2030 01:00,0.824813326,0.824813326,0.824813326,0.824813326
30/10/2030 02:00,0.823664561,0.823664561,0.823664561,0.823664561
30/10/2030 03:00,0.831131534,0.831131534,0.831131534,0.831131534
30/10/2030 04:00,0.842619184,0.842619184,0.842619184,0.842619184
30/10/2030 05:00,0.836300976,0.836300976,0.836300976,0.836300976
30/10/2030 06:00,0.827685238,0.827685238,0.827685238,0.827685238
30/10/2030 07:00,0.797817346,0.797817346,0.797817346,0.797817346
30/10/2030 08:00,0.776565192,0.776565192,0.776565192,0.776565192
30/10/2030 09:00,0.783457783,0.783457783,0.783457783,0.783457783
30/10/2030 10:00,0.840321654,0.840321654,0.840321654,0.840321654
30/10/2030 11:00,0.859276278,0.859276278,0.859276278,0.859276278
30/10/2030 12:00,0.870189546,0.870189546,0.870189546,0.870189546
30/10/2030 13:00,0.844342332,0.844342332,0.844342332,0.844342332
30/10/2030 14:00,0.847214245,0.847214245,0.847214245,0.847214245
30/10/2030 15:00,0.860999426,0.860999426,0.860999426,0.860999426
30/10/2030 16:00,0.866168868,0.866168868,0.866168868,0.866168868
30/10/2030 17:00,0.798966111,0.798966111,0.798966111,0.798966111
30/10/2030 18:00,0.807007467,0.807007467,0.807007467,0.807007467
30/10/2030 19:00,0.81447444,0.81447444,0.81447444,0.81447444
30/10/2030 20:00,0.821941413,0.821941413,0.821941413,0.821941413
30/10/2030 21:00,0.784606548,0.784606548,0.784606548,0.784606548
30/10/2030 22:00,0.813325675,0.813325675,0.813325675,0.813325675
30/10/2030 23:00,0.820792648,0.820792648,0.820792648,0.820792648
31/10/2030 00:00,0.827685238,0.827685238,0.827685238,0.827685238
31/10/2030 01:00,0.840896037,0.840896037,0.840896037,0.840896037
31/10/2030 02:00,0.824238943,0.824238943,0.824238943,0.824238943
31/10/2030 03:00,0.823664561,0.823664561,0.823664561,0.823664561
31/10/2030 04:00,0.827110856,0.827110856,0.827110856,0.827110856
31/10/2030 05:00,0.824813326,0.824813326,0.824813326,0.824813326
31/10/2030 06:00,0.845491097,0.845491097,0.845491097,0.845491097
31/10/2030 07:00,0.831131534,0.831131534,0.831131534,0.831131534
31/10/2030 08:00,0.823664561,0.823664561,0.823664561,0.823664561
31/10/2030 09:00,0.854681218,0.854681218,0.854681218,0.854681218
31/10/2030 10:00,0.816197588,0.816197588,0.816197588,0.816197588
31/10/2030 11:00,0.839747272,0.839747272,0.839747272,0.839747272
31/10/2030 12:00,0.872487076,0.872487076,0.872487076,0.872487076
31/10/2030 13:00,0.882825962,0.882825962,0.882825962,0.882825962
31/10/2030 14:00,0.906950029,0.906950029,0.906950029,0.906950029
31/10/2030 15:00,0.92533027,0.92533027,0.92533027,0.92533027
31/10/2030 16:00,0.927053418,0.927053418,0.927053418,0.927053418
31/10/2030 17:00,0.918437679,0.918437679,0.918437679,0.918437679
31/10/2030 18:00,0.913268237,0.913268237,0.913268237,0.913268237
31/10/2030 19:00,0.92303274,0.92303274,0.92303274,0.92303274
31/10/2030 20:00,0.897185526,0.897185526,0.897185526,0.897185526
31/10/2030 21:00,0.898334291,0.898334291,0.898334291,0.898334291
31/10/2030 22:00,0.892016083,0.892016083,0.892016083,0.892016083
31/10/2030 23:00,0.89373923,0.89373923,0.89373923,0.89373923
01/11/2030 00:00,0.901124926,0.901124926,0.901124926,0.901124926
01/11/2030 01:00,0.882178804,0.882178804,0.882178804,0.882178804
01/11/2030 02:00,0.860864417,0.860864417,0.860864417,0.860864417
01/11/2030 03:00,0.851391356,0.851391356,0.851391356,0.851391356
01/11/2030 04:00,0.841918295,0.841918295,0.841918295,0.841918295
01/11/2030 05:00,0.840142096,0.840142096,0.840142096,0.840142096
01/11/2030 06:00,0.875074008,0.875074008,0.875074008,0.875074008
01/11/2030 07:00,0.82178804,0.82178804,0.82178804,0.82178804
01/11/2030 08:00,0.849023091,0.849023091,0.849023091,0.849023091
01/11/2030 09:00,0.854943754,0.854943754,0.854943754,0.854943754
01/11/2030 10:00,0.912374186,0.912374186,0.912374186,0.912374186
01/11/2030 11:00,0.936056838,0.936056838,0.936056838,0.936056838
01/11/2030 12:00,0.917702783,0.917702783,0.917702783,0.917702783
01/11/2030 13:00,0.924215512,0.924215512,0.924215512,0.924215512
01/11/2030 14:00,0.963883955,0.963883955,0.963883955,0.963883955
01/11/2030 15:00,0.969212552,0.969212552,0.969212552,0.969212552
01/11/2030 16:00,0.927175844,0.927175844,0.927175844,0.927175844
01/11/2030 17:00,0.924807578,0.924807578,0.924807578,0.924807578
01/11/2030 18:00,0.886323268,0.886323268,0.886323268,0.886323268
01/11/2030 19:00,0.884547069,0.884547069,0.884547069,0.884547069
01/11/2030 20:00,0.886323268,0.886323268,0.886323268,0.886323268
01/11/2030 21:00,0.873297809,0.873297809,0.873297809,0.873297809
01/11/2030 22:00,0.869153345,0.869153345,0.869153345,0.869153345
01/11/2030 23:00,0.876850207,0.876850207,0.876850207,0.876850207
02/11/2030 00:00,0.85553582,0.85553582,0.85553582,0.85553582
02/11/2030 01:00,0.808170515,0.808170515,0.808170515,0.808170515
02/11/2030 02:00,0.816459443,0.816459443,0.816459443,0.816459443
02/11/2030 03:00,0.820011841,0.820011841,0.820011841,0.820011841
02/11/2030 04:00,0.818827709,0.818827709,0.818827709,0.818827709
02/11/2030 05:00,0.81053878,0.81053878,0.81053878,0.81053878
02/11/2030 06:00,0.842510361,0.842510361,0.842510361,0.842510361
02/11/2030 07:00,0.843694494,0.843694494,0.843694494,0.843694494
02/11/2030 08:00,0.765541741,0.765541741,0.765541741,0.765541741
02/11/2030 09:00,0.815275311,0.815275311,0.815275311,0.815275311
02/11/2030 10:00,0.827708703,0.827708703,0.827708703,0.827708703
02/11/2030 11:00,0.822380107,0.822380107,0.822380107,0.822380107
02/11/2030 12:00,0.837181764,0.837181764,0.837181764,0.837181764
02/11/2030 13:00,0.844878626,0.844878626,0.844878626,0.844878626
02/11/2030 14:00,0.842510361,0.842510361,0.842510361,0.842510361
02/11/2030 15:00,0.82830077,0.82830077,0.82830077,0.82830077
02/11/2030 16:00,0.856719953,0.856719953,0.856719953,0.856719953
02/11/2030 17:00,0.836589698,0.836589698,0.836589698,0.836589698
02/11/2030 18:00,0.825932504,0.825932504,0.825932504,0.825932504
02/11/2030 19:00,0.830076969,0.830076969,0.830076969,0.830076969
02/11/2030 20:00,0.817643576,0.817643576,0.817643576,0.817643576
02/11/2030 21:00,0.817643576,0.817643576,0.817643576,0.817643576
02/11/2030 22:00,0.814683245,0.814683245,0.814683245,0.814683245
02/11/2030 23:00,0.821195974,0.821195974,0.821195974,0.821195974
03/11/2030 00:00,0.791000592,0.791000592,0.791000592,0.791000592
03/11/2030 01:00,0.757252812,0.757252812,0.757252812,0.757252812
03/11/2030 02:00,0.773830669,0.773830669,0.773830669,0.773830669
03/11/2030 03:00,0.76731794,0.76731794,0.76731794,0.76731794
03/11/2030 04:00,0.761397276,0.761397276,0.761397276,0.761397276
03/11/2030 05:00,0.767910006,0.767910006,0.767910006,0.767910006
03/11/2030 06:00,0.782711664,0.782711664,0.782711664,0.782711664
03/11/2030 07:00,0.772646536,0.772646536,0.772646536,0.772646536
03/11/2030 08:00,0.737714624,0.737714624,0.737714624,0.737714624
03/11/2030 09:00,0.809946714,0.809946714,0.809946714,0.809946714
03/11/2030 10:00,0.807578449,0.807578449,0.807578449,0.807578449
03/11/2030 11:00,0.791000592,0.791000592,0.791000592,0.791000592
03/11/2030 12:00,0.792776791,0.792776791,0.792776791,0.792776791
03/11/2030 13:00,0.827116637,0.827116637,0.827116637,0.827116637
03/11/2030 14:00,0.827708703,0.827708703,0.827708703,0.827708703
03/11/2030 15:00,0.831261101,0.831261101,0.831261101,0.831261101
03/11/2030 16:00,0.829484902,0.829484902,0.829484902,0.829484902
03/11/2030 17:00,0.820011841,0.820011841,0.820011841,0.820011841
03/11/2030 18:00,0.815867377,0.815867377,0.815867377,0.815867377
03/11/2030 19:00,0.815275311,0.815275311,0.815275311,0.815275311
03/11/2030 20:00,0.819419775,0.819419775,0.819419775,0.819419775
03/11/2030 21:00,0.811130847,0.811130847,0.811130847,0.811130847
03/11/2030 22:00,0.799881587,0.799881587,0.799881587,0.799881587
03/11/2030 23:00,0.818235642,0.818235642,0.818235642,0.818235642
04/11/2030 00:00,0.775606868,0.775606868,0.775606868,0.775606868
04/11/2030 01:00,0.74481942,0.74481942,0.74481942,0.74481942
04/11/2030 02:00,0.750148017,0.750148017,0.750148017,0.750148017
04/11/2030 03:00,0.758436945,0.758436945,0.758436945,0.758436945
04/11/2030 04:00,0.753108348,0.753108348,0.753108348,0.753108348
04/11/2030 05:00,0.747779751,0.747779751,0.747779751,0.747779751
04/11/2030 06:00,0.764949674,0.764949674,0.764949674,0.764949674
04/11/2030 07:00,0.724689165,0.724689165,0.724689165,0.724689165
04/11/2030 08:00,0.714031972,0.714031972,0.714031972,0.714031972
04/11/2030 09:00,0.76080521,0.76080521,0.76080521,0.76080521
04/11/2030 10:00,0.773238603,0.773238603,0.773238603,0.773238603
04/11/2030 11:00,0.779159266,0.779159266,0.779159266,0.779159266
04/11/2030 12:00,0.788632327,0.788632327,0.788632327,0.788632327
04/11/2030 13:00,0.812907046,0.812907046,0.812907046,0.812907046
04/11/2030 14:00,0.80580225,0.80580225,0.80580225,0.80580225
04/11/2030 15:00,0.815867377,0.815867377,0.815867377,0.815867377
04/11/2030 16:00,0.814091178,0.814091178,0.814091178,0.814091178
04/11/2030 17:00,0.837181764,0.837181764,0.837181764,0.837181764
04/11/2030 18:00,0.859088218,0.859088218,0.859088218,0.859088218
04/11/2030 19:00,0.870929544,0.870929544,0.870929544,0.870929544
04/11/2030 20:00,0.882178804,0.882178804,0.882178804,0.882178804
04/11/2030 21:00,0.881586738,0.881586738,0.881586738,0.881586738
04/11/2030 22:00,0.859088218,0.859088218,0.859088218,0.859088218
04/11/2030 23:00,0.844878626,0.844878626,0.844878626,0.844878626
05/11/2030 00:00,0.792776791,0.792776791,0.792776791,0.792776791
05/11/2030 01:00,0.765541741,0.765541741,0.765541741,0.765541741
05/11/2030 02:00,0.764357608,0.764357608,0.764357608,0.764357608
05/11/2030 03:00,0.766725873,0.766725873,0.766725873,0.766725873
05/11/2030 04:00,0.765541741,0.765541741,0.765541741,0.765541741
05/11/2030 05:00,0.761989343,0.761989343,0.761989343,0.761989343
05/11/2030 06:00,0.795737123,0.795737123,0.795737123,0.795737123
05/11/2030 07:00,0.753108348,0.753108348,0.753108348,0.753108348
05/11/2030 08:00,0.755476613,0.755476613,0.755476613,0.755476613
05/11/2030 09:00,0.746003552,0.746003552,0.746003552,0.746003552
05/11/2030 10:00,0.74481942,0.74481942,0.74481942,0.74481942
05/11/2030 11:00,0.737714624,0.737714624,0.737714624,0.737714624
05/11/2030 12:00,0.752516282,0.752516282,0.752516282,0.752516282
05/11/2030 13:00,0.732978094,0.732978094,0.732978094,0.732978094
05/11/2030 14:00,0.73357016,0.73357016,0.73357016,0.73357016
05/11/2030 15:00,0.732978094,0.732978094,0.732978094,0.732978094
05/11/2030 16:00,0.737122558,0.737122558,0.737122558,0.737122558
05/11/2030 17:00,0.746595619,0.746595619,0.746595619,0.746595619
05/11/2030 18:00,0.777975133,0.777975133,0.777975133,0.777975133
05/11/2030 19:00,0.757844879,0.757844879,0.757844879,0.757844879
05/11/2030 20:00,0.75606868,0.75606868,0.75606868,0.75606868
05/11/2030 21:00,0.743635287,0.743635287,0.743635287,0.743635287
05/11/2030 22:00,0.738898757,0.738898757,0.738898757,0.738898757
05/11/2030 23:00,0.742451155,0.742451155,0.742451155,0.742451155
06/11/2030 00:00,0.74481942,0.74481942,0.74481942,0.74481942
06/11/2030 01:00,0.753108348,0.753108348,0.753108348,0.753108348
06/11/2030 02:00,0.750148017,0.750148017,0.750148017,0.750148017
06/11/2030 03:00,0.766725873,0.766725873,0.766725873,0.766725873
06/11/2030 04:00,0.766725873,0.766725873,0.766725873,0.766725873
06/11/2030 05:00,0.754292481,0.754292481,0.754292481,0.754292481
06/11/2030 06:00,0.786264062,0.786264062,0.786264062,0.786264062
06/11/2030 07:00,0.800473653,0.800473653,0.800473653,0.800473653
06/11/2030 08:00,0.729425696,0.729425696,0.729425696,0.729425696
06/11/2030 09:00,0.744227353,0.744227353,0.744227353,0.744227353
06/11/2030 10:00,0.756660746,0.756660746,0.756660746,0.756660746
06/11/2030 11:00,0.747779751,0.747779751,0.747779751,0.747779751
06/11/2030 12:00,0.735938425,0.735938425,0.735938425,0.735938425
06/11/2030 13:00,0.741859088,0.741859088,0.741859088,0.741859088
06/11/2030 14:00,0.747779751,0.747779751,0.747779751,0.747779751
06/11/2030 15:00,0.75606868,0.75606868,0.75606868,0.75606868
06/11/2030 16:00,0.776791001,0.776791001,0.776791001,0.776791001
06/11/2030 17:00,0.76731794,0.76731794,0.76731794,0.76731794
06/11/2030 18:00,0.764949674,0.764949674,0.764949674,0.764949674
06/11/2030 19:00,0.751332149,0.751332149,0.751332149,0.751332149
06/11/2030 20:00,0.753108348,0.753108348,0.753108348,0.753108348
06/11/2030 21:00,0.763173475,0.763173475,0.763173475,0.763173475
06/11/2030 22:00,0.754884547,0.754884547,0.754884547,0.754884547
06/11/2030 23:00,0.743635287,0.743635287,0.743635287,0.743635287
07/11/2030 00:00,0.73830669,0.73830669,0.73830669,0.73830669
07/11/2030 01:00,0.74481942,0.74481942,0.74481942,0.74481942
07/11/2030 02:00,0.759029011,0.759029011,0.759029011,0.759029011
07/11/2030 03:00,0.742451155,0.742451155,0.742451155,0.742451155
07/11/2030 04:00,0.744227353,0.744227353,0.744227353,0.744227353
07/11/2030 05:00,0.753700414,0.753700414,0.753700414,0.753700414
07/11/2030 06:00,0.791000592,0.791000592,0.791000592,0.791000592
07/11/2030 07:00,0.777383067,0.777383067,0.777383067,0.777383067
07/11/2030 08:00,0.812314979,0.812314979,0.812314979,0.812314979
07/11/2030 09:00,0.84428656,0.84428656,0.84428656,0.84428656
07/11/2030 10:00,0.867377146,0.867377146,0.867377146,0.867377146
07/11/2030 11:00,0.869153345,0.869153345,0.869153345,0.869153345
07/11/2030 12:00,0.845470693,0.845470693,0.845470693,0.845470693
07/11/2030 13:00,0.876850207,0.876850207,0.876850207,0.876850207
07/11/2030 14:00,0.89402013,0.89402013,0.89402013,0.89402013
07/11/2030 15:00,0.948490231,0.948490231,0.948490231,0.948490231
07/11/2030 16:00,0.936648905,0.936648905,0.936648905,0.936648905
07/11/2030 17:00,0.90053286,0.90053286,0.90053286,0.90053286
07/11/2030 18:00,0.892243931,0.892243931,0.892243931,0.892243931
07/11/2030 19:00,0.888691533,0.888691533,0.888691533,0.888691533
07/11/2030 20:00,0.885139136,0.885139136,0.885139136,0.885139136
07/11/2030 21:00,0.862640616,0.862640616,0.862640616,0.862640616
07/11/2030 22:00,0.834221433,0.834221433,0.834221433,0.834221433
07/11/2030 23:00,0.851391356,0.851391356,0.851391356,0.851391356
08/11/2030 00:00,0.815275311,0.815275311,0.815275311,0.815275311
08/11/2030 01:00,0.788040261,0.788040261,0.788040261,0.788040261
08/11/2030 02:00,0.79455299,0.79455299,0.79455299,0.79455299
08/11/2030 03:00,0.792776791,0.792776791,0.792776791,0.792776791
08/11/2030 04:00,0.799881587,0.799881587,0.799881587,0.799881587
08/11/2030 05:00,0.801657786,0.801657786,0.801657786,0.801657786
08/11/2030 06:00,0.826524571,0.826524571,0.826524571,0.826524571
08/11/2030 07:00,0.776198934,0.776198934,0.776198934,0.776198934
08/11/2030 08:00,0.76731794,0.76731794,0.76731794,0.76731794
08/11/2030 09:00,0.798697454,0.798697454,0.798697454,0.798697454
08/11/2030 10:00,0.813499112,0.813499112,0.813499112,0.813499112
08/11/2030 11:00,0.809946714,0.809946714,0.809946714,0.809946714
08/11/2030 12:00,0.85079929,0.85079929,0.85079929,0.85079929
08/11/2030 13:00,0.877442274,0.877442274,0.877442274,0.877442274
08/11/2030 14:00,0.893428064,0.893428064,0.893428064,0.893428064
08/11/2030 15:00,0.923623446,0.923623446,0.923623446,0.923623446
08/11/2030 16:00,0.928359976,0.928359976,0.928359976,0.928359976
08/11/2030 17:00,0.873889876,0.873889876,0.873889876,0.873889876
08/11/2030 18:00,0.843694494,0.843694494,0.843694494,0.843694494
08/11/2030 19:00,0.865600947,0.865600947,0.865600947,0.865600947
08/11/2030 20:00,0.862048549,0.862048549,0.862048549,0.862048549
08/11/2030 21:00,0.857904085,0.857904085,0.857904085,0.857904085
08/11/2030 22:00,0.851391356,0.851391356,0.851391356,0.851391356
08/11/2030 23:00,0.853167555,0.853167555,0.853167555,0.853167555
09/11/2030 00:00,0.824748372,0.824748372,0.824748372,0.824748372
09/11/2030 01:00,0.790408526,0.790408526,0.790408526,0.790408526
09/11/2030 02:00,0.788632327,0.788632327,0.788632327,0.788632327
09/11/2030 03:00,0.792776791,0.792776791,0.792776791,0.792776791
09/11/2030 04:00,0.791592658,0.791592658,0.791592658,0.791592658
09/11/2030 05:00,0.799881587,0.799881587,0.799881587,0.799881587
09/11/2030 06:00,0.821195974,0.821195974,0.821195974,0.821195974
09/11/2030 07:00,0.757252812,0.757252812,0.757252812,0.757252812
09/11/2030 08:00,0.74955595,0.74955595,0.74955595,0.74955595
09/11/2030 09:00,0.808170515,0.808170515,0.808170515,0.808170515
09/11/2030 10:00,0.808170515,0.808170515,0.808170515,0.808170515
09/11/2030 11:00,0.833629366,0.833629366,0.833629366,0.833629366
09/11/2030 12:00,0.737122558,0.737122558,0.737122558,0.737122558
09/11/2030 13:00,0.847246892,0.847246892,0.847246892,0.847246892
09/11/2030 14:00,0.885139136,0.885139136,0.885139136,0.885139136
09/11/2030 15:00,0.951450562,0.951450562,0.951450562,0.951450562
09/11/2030 16:00,0.965068088,0.965068088,0.965068088,0.965068088
09/11/2030 17:00,0.91178212,0.91178212,0.91178212,0.91178212
09/11/2030 18:00,0.883955003,0.883955003,0.883955003,0.883955003
09/11/2030 19:00,0.870337478,0.870337478,0.870337478,0.870337478
09/11/2030 20:00,0.868561279,0.868561279,0.868561279,0.868561279
09/11/2030 21:00,0.854943754,0.854943754,0.854943754,0.854943754
09/11/2030 22:00,0.835405565,0.835405565,0.835405565,0.835405565
09/11/2030 23:00,0.832445234,0.832445234,0.832445234,0.832445234
10/11/2030 00:00,0.811130847,0.811130847,0.811130847,0.811130847
10/11/2030 01:00,0.780343398,0.780343398,0.780343398,0.780343398
10/11/2030 02:00,0.76731794,0.76731794,0.76731794,0.76731794
10/11/2030 03:00,0.769686205,0.769686205,0.769686205,0.769686205
10/11/2030 04:00,0.780935465,0.780935465,0.780935465,0.780935465
10/11/2030 05:00,0.773238603,0.773238603,0.773238603,0.773238603
10/11/2030 06:00,0.796921255,0.796921255,0.796921255,0.796921255
10/11/2030 07:00,0.734162226,0.734162226,0.734162226,0.734162226
10/11/2030 08:00,0.713439905,0.713439905,0.713439905,0.713439905
10/11/2030 09:00,0.788632327,0.788632327,0.788632327,0.788632327
10/11/2030 10:00,0.805210184,0.805210184,0.805210184,0.805210184
10/11/2030 11:00,0.824156306,0.824156306,0.824156306,0.824156306
10/11/2030 12:00,0.858496152,0.858496152,0.858496152,0.858496152
10/11/2030 13:00,0.877442274,0.877442274,0.877442274,0.877442274
10/11/2030 14:00,0.920663114,0.920663114,0.920663114,0.920663114
10/11/2030 15:00,0.954410894,0.954410894,0.954410894,0.954410894
10/11/2030 16:00,0.936648905,0.936648905,0.936648905,0.936648905
10/11/2030 17:00,0.898756661,0.898756661,0.898756661,0.898756661
10/11/2030 18:00,0.887507401,0.887507401,0.887507401,0.887507401
10/11/2030 19:00,0.896980462,0.896980462,0.896980462,0.896980462
10/11/2030 20:00,0.887507401,0.887507401,0.887507401,0.887507401
10/11/2030 21:00,0.879218472,0.879218472,0.879218472,0.879218472
10/11/2030 22:00,0.831853168,0.831853168,0.831853168,0.831853168
10/11/2030 23:00,0.821195974,0.821195974,0.821195974,0.821195974
11/11/2030 00:00,0.811130847,0.811130847,0.811130847,0.811130847
11/11/2030 01:00,0.775014802,0.775014802,0.775014802,0.775014802
11/11/2030 02:00,0.776198934,0.776198934,0.776198934,0.776198934
11/11/2030 03:00,0.786856128,0.786856128,0.786856128,0.786856128
11/11/2030 04:00,0.79928952,0.79928952,0.79928952,0.79928952
11/11/2030 05:00,0.788040261,0.788040261,0.788040261,0.788040261
11/11/2030 06:00,0.806394316,0.806394316,0.806394316,0.806394316
11/11/2030 07:00,0.805210184,0.805210184,0.805210184,0.805210184
11/11/2030 08:00,0.775606868,0.775606868,0.775606868,0.775606868
11/11/2030 09:00,0.808170515,0.808170515,0.808170515,0.808170515
11/11/2030 10:00,0.786856128,0.786856128,0.786856128,0.786856128
11/11/2030 11:00,0.834813499,0.834813499,0.834813499,0.834813499
11/11/2030 12:00,0.874481942,0.874481942,0.874481942,0.874481942
11/11/2030 13:00,0.873297809,0.873297809,0.873297809,0.873297809
11/11/2030 14:00,0.911190053,0.911190053,0.911190053,0.911190053
11/11/2030 15:00,0.937833037,0.937833037,0.937833037,0.937833037
11/11/2030 16:00,0.952042629,0.952042629,0.952042629,0.952042629
11/11/2030 17:00,0.901716992,0.901716992,0.901716992,0.901716992
11/11/2030 18:00,0.867969213,0.867969213,0.867969213,0.867969213
11/11/2030 19:00,0.862640616,0.862640616,0.862640616,0.862640616
11/11/2030 20:00,0.869745411,0.869745411,0.869745411,0.869745411
11/11/2030 21:00,0.837773831,0.837773831,0.837773831,0.837773831
11/11/2030 22:00,0.821195974,0.821195974,0.821195974,0.821195974
11/11/2030 23:00,0.809354648,0.809354648,0.809354648,0.809354648
12/11/2030 00:00,0.782711664,0.782711664,0.782711664,0.782711664
12/11/2030 01:00,0.768502072,0.768502072,0.768502072,0.768502072
12/11/2030 02:00,0.761989343,0.761989343,0.761989343,0.761989343
12/11/2030 03:00,0.787448194,0.787448194,0.787448194,0.787448194
12/11/2030 04:00,0.7785672,0.7785672,0.7785672,0.7785672
12/11/2030 05:00,0.782119597,0.782119597,0.782119597,0.782119597
12/11/2030 06:00,0.802249852,0.802249852,0.802249852,0.802249852
12/11/2030 07:00,0.745411486,0.745411486,0.745411486,0.745411486
12/11/2030 08:00,0.714031972,0.714031972,0.714031972,0.714031972
12/11/2030 09:00,0.706927176,0.706927176,0.706927176,0.706927176
12/11/2030 10:00,0.714624038,0.714624038,0.714624038,0.714624038
12/11/2030 11:00,0.768502072,0.768502072,0.768502072,0.768502072
12/11/2030 12:00,0.773238603,0.773238603,0.773238603,0.773238603
12/11/2030 13:00,0.801065719,0.801065719,0.801065719,0.801065719
12/11/2030 14:00,0.79455299,0.79455299,0.79455299,0.79455299
12/11/2030 15:00,0.824156306,0.824156306,0.824156306,0.824156306
12/11/2030 16:00,0.826524571,0.826524571,0.826524571,0.826524571
12/11/2030 17:00,0.796329189,0.796329189,0.796329189,0.796329189
12/11/2030 18:00,0.773238603,0.773238603,0.773238603,0.773238603
12/11/2030 19:00,0.771462404,0.771462404,0.771462404,0.771462404
12/11/2030 20:00,0.769686205,0.769686205,0.769686205,0.769686205
12/11/2030 21:00,0.77205447,0.77205447,0.77205447,0.77205447
12/11/2030 22:00,0.780343398,0.780343398,0.780343398,0.780343398
12/11/2030 23:00,0.772646536,0.772646536,0.772646536,0.772646536
13/11/2030 00:00,0.776198934,0.776198934,0.776198934,0.776198934
13/11/2030 01:00,0.769686205,0.769686205,0.769686205,0.769686205
13/11/2030 02:00,0.784487863,0.784487863,0.784487863,0.784487863
13/11/2030 03:00,0.793368857,0.793368857,0.793368857,0.793368857
13/11/2030 04:00,0.775014802,0.775014802,0.775014802,0.775014802
13/11/2030 05:00,0.785079929,0.785079929,0.785079929,0.785079929
13/11/2030 06:00,0.790408526,0.790408526,0.790408526,0.790408526
13/11/2030 07:00,0.76080521,0.76080521,0.76080521,0.76080521
13/11/2030 08:00,0.732978094,0.732978094,0.732978094,0.732978094
13/11/2030 09:00,0.716400237,0.716400237,0.716400237,0.716400237
13/11/2030 10:00,0.747187685,0.747187685,0.747187685,0.747187685
13/11/2030 11:00,0.769686205,0.769686205,0.769686205,0.769686205
13/11/2030 12:00,0.759621078,0.759621078,0.759621078,0.759621078
13/11/2030 13:00,0.797513321,0.797513321,0.797513321,0.797513321
13/11/2030 14:00,0.819419775,0.819419775,0.819419775,0.819419775
13/11/2030 15:00,0.841918295,0.841918295,0.841918295,0.841918295
13/11/2030 16:00,0.840734162,0.840734162,0.840734162,0.840734162
13/11/2030 17:00,0.787448194,0.787448194,0.787448194,0.787448194
13/11/2030 18:00,0.785079929,0.785079929,0.785079929,0.785079929
13/11/2030 19:00,0.770278271,0.770278271,0.770278271,0.770278271
13/11/2030 20:00,0.796329189,0.796329189,0.796329189,0.796329189
13/11/2030 21:00,0.791000592,0.791000592,0.791000592,0.791000592
13/11/2030 22:00,0.770278271,0.770278271,0.770278271,0.770278271
13/11/2030 23:00,0.770278271,0.770278271,0.770278271,0.770278271
14/11/2030 00:00,0.763765542,0.763765542,0.763765542,0.763765542
14/11/2030 01:00,0.764949674,0.764949674,0.764949674,0.764949674
14/11/2030 02:00,0.780343398,0.780343398,0.780343398,0.780343398
14/11/2030 03:00,0.788040261,0.788040261,0.788040261,0.788040261
14/11/2030 04:00,0.786856128,0.786856128,0.786856128,0.786856128
14/11/2030 05:00,0.781527531,0.781527531,0.781527531,0.781527531
14/11/2030 06:00,0.79928952,0.79928952,0.79928952,0.79928952
14/11/2030 07:00,0.795737123,0.795737123,0.795737123,0.795737123
14/11/2030 08:00,0.773238603,0.773238603,0.773238603,0.773238603
14/11/2030 09:00,0.779159266,0.779159266,0.779159266,0.779159266
14/11/2030 10:00,0.786264062,0.786264062,0.786264062,0.786264062
14/11/2030 11:00,0.809946714,0.809946714,0.809946714,0.809946714
14/11/2030 12:00,0.829484902,0.829484902,0.829484902,0.829484902
14/11/2030 13:00,0.85079929,0.85079929,0.85079929,0.85079929
14/11/2030 14:00,0.88277087,0.88277087,0.88277087,0.88277087
14/11/2030 15:00,0.931912374,0.931912374,0.931912374,0.931912374
14/11/2030 16:00,0.937240971,0.937240971,0.937240971,0.937240971
14/11/2030 17:00,0.876850207,0.876850207,0.876850207,0.876850207
14/11/2030 18:00,0.88277087,0.88277087,0.88277087,0.88277087
14/11/2030 19:00,0.885731202,0.885731202,0.885731202,0.885731202
14/11/2030 20:00,0.880994671,0.880994671,0.880994671,0.880994671
14/11/2030 21:00,0.865008881,0.865008881,0.865008881,0.865008881
14/11/2030 22:00,0.841918295,0.841918295,0.841918295,0.841918295
14/11/2030 23:00,0.854943754,0.854943754,0.854943754,0.854943754
15/11/2030 00:00,0.815867377,0.815867377,0.815867377,0.815867377
15/11/2030 01:00,0.789816459,0.789816459,0.789816459,0.789816459
15/11/2030 02:00,0.791000592,0.791000592,0.791000592,0.791000592
15/11/2030 03:00,0.786264062,0.786264062,0.786264062,0.786264062
15/11/2030 04:00,0.790408526,0.790408526,0.790408526,0.790408526
15/11/2030 05:00,0.789224393,0.789224393,0.789224393,0.789224393
15/11/2030 06:00,0.805210184,0.805210184,0.805210184,0.805210184
15/11/2030 07:00,0.797513321,0.797513321,0.797513321,0.797513321
15/11/2030 08:00,0.806394316,0.806394316,0.806394316,0.806394316
15/11/2030 09:00,0.81053878,0.81053878,0.81053878,0.81053878
15/11/2030 10:00,0.82178804,0.82178804,0.82178804,0.82178804
15/11/2030 11:00,0.820603908,0.820603908,0.820603908,0.820603908
15/11/2030 12:00,0.868561279,0.868561279,0.868561279,0.868561279
15/11/2030 13:00,0.885139136,0.885139136,0.885139136,0.885139136
15/11/2030 14:00,0.888691533,0.888691533,0.888691533,0.888691533
15/11/2030 15:00,0.944937833,0.944937833,0.944937833,0.944937833
15/11/2030 16:00,0.911190053,0.911190053,0.911190053,0.911190053
15/11/2030 17:00,0.870929544,0.870929544,0.870929544,0.870929544
15/11/2030 18:00,0.891651865,0.891651865,0.891651865,0.891651865
15/11/2030 19:00,0.894612197,0.894612197,0.894612197,0.894612197
15/11/2030 20:00,0.87803434,0.87803434,0.87803434,0.87803434
15/11/2030 21:00,0.876258141,0.876258141,0.876258141,0.876258141
15/11/2030 22:00,0.838957963,0.838957963,0.838957963,0.838957963
15/11/2030 23:00,0.857312019,0.857312019,0.857312019,0.857312019
16/11/2030 00:00,0.805210184,0.805210184,0.805210184,0.805210184
16/11/2030 01:00,0.763173475,0.763173475,0.763173475,0.763173475
16/11/2030 02:00,0.779751332,0.779751332,0.779751332,0.779751332
16/11/2030 03:00,0.779159266,0.779159266,0.779159266,0.779159266
16/11/2030 04:00,0.7785672,0.7785672,0.7785672,0.7785672
16/11/2030 05:00,0.782119597,0.782119597,0.782119597,0.782119597
16/11/2030 06:00,0.807578449,0.807578449,0.807578449,0.807578449
16/11/2030 07:00,0.806394316,0.806394316,0.806394316,0.806394316
16/11/2030 08:00,0.804618117,0.804618117,0.804618117,0.804618117
16/11/2030 09:00,0.832445234,0.832445234,0.832445234,0.832445234
16/11/2030 10:00,0.847246892,0.847246892,0.847246892,0.847246892
16/11/2030 11:00,0.805210184,0.805210184,0.805210184,0.805210184
16/11/2030 12:00,0.848431024,0.848431024,0.848431024,0.848431024
16/11/2030 13:00,0.859680284,0.859680284,0.859680284,0.859680284
16/11/2030 14:00,0.841918295,0.841918295,0.841918295,0.841918295
16/11/2030 15:00,0.876258141,0.876258141,0.876258141,0.876258141
16/11/2030 16:00,0.851391356,0.851391356,0.851391356,0.851391356
16/11/2030 17:00,0.831261101,0.831261101,0.831261101,0.831261101
16/11/2030 18:00,0.854943754,0.854943754,0.854943754,0.854943754
16/11/2030 19:00,0.859088218,0.859088218,0.859088218,0.859088218
16/11/2030 20:00,0.854943754,0.854943754,0.854943754,0.854943754
16/11/2030 21:00,0.84428656,0.84428656,0.84428656,0.84428656
16/11/2030 22:00,0.808170515,0.808170515,0.808170515,0.808170515
16/11/2030 23:00,0.823564239,0.823564239,0.823564239,0.823564239
17/11/2030 00:00,0.771462404,0.771462404,0.771462404,0.771462404
17/11/2030 01:00,0.735938425,0.735938425,0.735938425,0.735938425
17/11/2030 02:00,0.747779751,0.747779751,0.747779751,0.747779751
17/11/2030 03:00,0.766725873,0.766725873,0.766725873,0.766725873
17/11/2030 04:00,0.761989343,0.761989343,0.761989343,0.761989343
17/11/2030 05:00,0.74955595,0.74955595,0.74955595,0.74955595
17/11/2030 06:00,0.766133807,0.766133807,0.766133807,0.766133807
17/11/2030 07:00,0.760213144,0.760213144,0.760213144,0.760213144
17/11/2030 08:00,0.792776791,0.792776791,0.792776791,0.792776791
17/11/2030 09:00,0.854351687,0.854351687,0.854351687,0.854351687
17/11/2030 10:00,0.847246892,0.847246892,0.847246892,0.847246892
17/11/2030 11:00,0.886915335,0.886915335,0.886915335,0.886915335
17/11/2030 12:00,0.906453523,0.906453523,0.906453523,0.906453523
17/11/2030 13:00,0.914742451,0.914742451,0.914742451,0.914742451
17/11/2030 14:00,0.903493191,0.903493191,0.903493191,0.903493191
17/11/2030 15:00,0.895204263,0.895204263,0.895204263,0.895204263
17/11/2030 16:00,0.898756661,0.898756661,0.898756661,0.898756661
17/11/2030 17:00,0.898164594,0.898164594,0.898164594,0.898164594
17/11/2030 18:00,0.830669035,0.830669035,0.830669035,0.830669035
17/11/2030 19:00,0.771462404,0.771462404,0.771462404,0.771462404
17/11/2030 20:00,0.753700414,0.753700414,0.753700414,0.753700414
17/11/2030 21:00,0.763765542,0.763765542,0.763765542,0.763765542
17/11/2030 22:00,0.761397276,0.761397276,0.761397276,0.761397276
17/11/2030 23:00,0.777383067,0.777383067,0.777383067,0.777383067
18/11/2030 00:00,0.741859088,0.741859088,0.741859088,0.741859088
18/11/2030 01:00,0.713439905,0.713439905,0.713439905,0.713439905
18/11/2030 02:00,0.719360568,0.719360568,0.719360568,0.719360568
18/11/2030 03:00,0.724689165,0.724689165,0.724689165,0.724689165
18/11/2030 04:00,0.712255773,0.712255773,0.712255773,0.712255773
18/11/2030 05:00,0.699230314,0.699230314,0.699230314,0.699230314
18/11/2030 06:00,0.739490823,0.739490823,0.739490823,0.739490823
18/11/2030 07:00,0.747779751,0.747779751,0.747779751,0.747779751
18/11/2030 08:00,0.757252812,0.757252812,0.757252812,0.757252812
18/11/2030 09:00,0.861456483,0.861456483,0.861456483,0.861456483
18/11/2030 10:00,0.853759621,0.853759621,0.853759621,0.853759621
18/11/2030 11:00,0.881586738,0.881586738,0.881586738,0.881586738
18/11/2030 12:00,0.930728242,0.930728242,0.930728242,0.930728242
18/11/2030 13:00,0.93250444,0.93250444,0.93250444,0.93250444
18/11/2030 14:00,0.938425104,0.938425104,0.938425104,0.938425104
18/11/2030 15:00,0.970396684,0.970396684,0.970396684,0.970396684
18/11/2030 16:00,0.965660154,0.965660154,0.965660154,0.965660154
18/11/2030 17:00,0.928359976,0.928359976,0.928359976,0.928359976
18/11/2030 18:00,0.89402013,0.89402013,0.89402013,0.89402013
18/11/2030 19:00,0.878626406,0.878626406,0.878626406,0.878626406
18/11/2030 20:00,0.875074008,0.875074008,0.875074008,0.875074008
18/11/2030 21:00,0.846654825,0.846654825,0.846654825,0.846654825
18/11/2030 22:00,0.783895796,0.783895796,0.783895796,0.783895796
18/11/2030 23:00,0.781527531,0.781527531,0.781527531,0.781527531
19/11/2030 00:00,0.74481942,0.74481942,0.74481942,0.74481942
19/11/2030 01:00,0.74955595,0.74955595,0.74955595,0.74955595
19/11/2030 02:00,0.74481942,0.74481942,0.74481942,0.74481942
19/11/2030 03:00,0.744227353,0.744227353,0.744227353,0.744227353
19/11/2030 04:00,0.752516282,0.752516282,0.752516282,0.752516282
19/11/2030 05:00,0.752516282,0.752516282,0.752516282,0.752516282
19/11/2030 06:00,0.768502072,0.768502072,0.768502072,0.768502072
19/11/2030 07:00,0.72705743,0.72705743,0.72705743,0.72705743
19/11/2030 08:00,0.678507993,0.678507993,0.678507993,0.678507993
19/11/2030 09:00,0.717584369,0.717584369,0.717584369,0.717584369
19/11/2030 10:00,0.735346359,0.735346359,0.735346359,0.735346359
19/11/2030 11:00,0.729425696,0.729425696,0.729425696,0.729425696
19/11/2030 12:00,0.763765542,0.763765542,0.763765542,0.763765542
19/11/2030 13:00,0.785671995,0.785671995,0.785671995,0.785671995
19/11/2030 14:00,0.805210184,0.805210184,0.805210184,0.805210184
19/11/2030 15:00,0.803433985,0.803433985,0.803433985,0.803433985
19/11/2030 16:00,0.799881587,0.799881587,0.799881587,0.799881587
19/11/2030 17:00,0.761989343,0.761989343,0.761989343,0.761989343
19/11/2030 18:00,0.767910006,0.767910006,0.767910006,0.767910006
19/11/2030 19:00,0.73357016,0.73357016,0.73357016,0.73357016
19/11/2030 20:00,0.753108348,0.753108348,0.753108348,0.753108348
19/11/2030 21:00,0.751924216,0.751924216,0.751924216,0.751924216
19/11/2030 22:00,0.757844879,0.757844879,0.757844879,0.757844879
19/11/2030 23:00,0.731201895,0.731201895,0.731201895,0.731201895
20/11/2030 00:00,0.753700414,0.753700414,0.753700414,0.753700414
20/11/2030 01:00,0.775606868,0.775606868,0.775606868,0.775606868
20/11/2030 02:00,0.751924216,0.751924216,0.751924216,0.751924216
20/11/2030 03:00,0.769686205,0.769686205,0.769686205,0.769686205
20/11/2030 04:00,0.769686205,0.769686205,0.769686205,0.769686205
20/11/2030 05:00,0.770278271,0.770278271,0.770278271,0.770278271
20/11/2030 06:00,0.776791001,0.776791001,0.776791001,0.776791001
20/11/2030 07:00,0.750148017,0.750148017,0.750148017,0.750148017
20/11/2030 08:00,0.722912966,0.722912966,0.722912966,0.722912966
20/11/2030 09:00,0.681468324,0.681468324,0.681468324,0.681468324
20/11/2030 10:00,0.753108348,0.753108348,0.753108348,0.753108348
20/11/2030 11:00,0.724689165,0.724689165,0.724689165,0.724689165
20/11/2030 12:00,0.746003552,0.746003552,0.746003552,0.746003552
20/11/2030 13:00,0.785079929,0.785079929,0.785079929,0.785079929
20/11/2030 14:00,0.801065719,0.801065719,0.801065719,0.801065719
20/11/2030 15:00,0.799881587,0.799881587,0.799881587,0.799881587
20/11/2030 16:00,0.806394316,0.806394316,0.806394316,0.806394316
20/11/2030 17:00,0.760213144,0.760213144,0.760213144,0.760213144
20/11/2030 18:00,0.715808171,0.715808171,0.715808171,0.715808171
20/11/2030 19:00,0.760213144,0.760213144,0.760213144,0.760213144
20/11/2030 20:00,0.751332149,0.751332149,0.751332149,0.751332149
20/11/2030 21:00,0.761397276,0.761397276,0.761397276,0.761397276
20/11/2030 22:00,0.773830669,0.773830669,0.773830669,0.773830669
20/11/2030 23:00,0.747187685,0.747187685,0.747187685,0.747187685
21/11/2030 00:00,0.770870337,0.770870337,0.770870337,0.770870337
21/11/2030 01:00,0.769686205,0.769686205,0.769686205,0.769686205
21/11/2030 02:00,0.789224393,0.789224393,0.789224393,0.789224393
21/11/2030 03:00,0.777975133,0.777975133,0.777975133,0.777975133
21/11/2030 04:00,0.773830669,0.773830669,0.773830669,0.773830669
21/11/2030 05:00,0.769686205,0.769686205,0.769686205,0.769686205
21/11/2030 06:00,0.798697454,0.798697454,0.798697454,0.798697454
21/11/2030 07:00,0.786264062,0.786264062,0.786264062,0.786264062
21/11/2030 08:00,0.827708703,0.827708703,0.827708703,0.827708703
21/11/2030 09:00,0.86678508,0.86678508,0.86678508,0.86678508
21/11/2030 10:00,0.881586738,0.881586738,0.881586738,0.881586738
21/11/2030 11:00,0.90053286,0.90053286,0.90053286,0.90053286
21/11/2030 12:00,0.9437537,0.9437537,0.9437537,0.9437537
21/11/2030 13:00,0.922439313,0.922439313,0.922439313,0.922439313
21/11/2030 14:00,0.934872706,0.934872706,0.934872706,0.934872706
21/11/2030 15:00,0.956779159,0.956779159,0.956779159,0.956779159
21/11/2030 16:00,0.937833037,0.937833037,0.937833037,0.937833037
21/11/2030 17:00,0.911190053,0.911190053,0.911190053,0.911190053
21/11/2030 18:00,0.908229722,0.908229722,0.908229722,0.908229722
21/11/2030 19:00,0.891651865,0.891651865,0.891651865,0.891651865
21/11/2030 20:00,0.902901125,0.902901125,0.902901125,0.902901125
21/11/2030 21:00,0.86678508,0.86678508,0.86678508,0.86678508
21/11/2030 22:00,0.80580225,0.80580225,0.80580225,0.80580225
21/11/2030 23:00,0.81705151,0.81705151,0.81705151,0.81705151
22/11/2030 00:00,0.79455299,0.79455299,0.79455299,0.79455299
22/11/2030 01:00,0.763173475,0.763173475,0.763173475,0.763173475
22/11/2030 02:00,0.763173475,0.763173475,0.763173475,0.763173475
22/11/2030 03:00,0.780935465,0.780935465,0.780935465,0.780935465
22/11/2030 04:00,0.764949674,0.764949674,0.764949674,0.764949674
22/11/2030 05:00,0.748371818,0.748371818,0.748371818,0.748371818
22/11/2030 06:00,0.777975133,0.777975133,0.777975133,0.777975133
22/11/2030 07:00,0.766133807,0.766133807,0.766133807,0.766133807
22/11/2030 08:00,0.792184725,0.792184725,0.792184725,0.792184725
22/11/2030 09:00,0.888691533,0.888691533,0.888691533,0.888691533
22/11/2030 10:00,0.886323268,0.886323268,0.886323268,0.886323268
22/11/2030 11:00,0.876850207,0.876850207,0.876850207,0.876850207
22/11/2030 12:00,0.93901717,0.93901717,0.93901717,0.93901717
22/11/2030 13:00,0.934872706,0.934872706,0.934872706,0.934872706
22/11/2030 14:00,0.920663114,0.920663114,0.920663114,0.920663114
22/11/2030 15:00,0.951450562,0.951450562,0.951450562,0.951450562
22/11/2030 16:00,0.93250444,0.93250444,0.93250444,0.93250444
22/11/2030 17:00,0.917702783,0.917702783,0.917702783,0.917702783
22/11/2030 18:00,0.898164594,0.898164594,0.898164594,0.898164594
22/11/2030 19:00,0.899940793,0.899940793,0.899940793,0.899940793
22/11/2030 20:00,0.878626406,0.878626406,0.878626406,0.878626406
22/11/2030 21:00,0.854943754,0.854943754,0.854943754,0.854943754
22/11/2030 22:00,0.803433985,0.803433985,0.803433985,0.803433985
22/11/2030 23:00,0.81053878,0.81053878,0.81053878,0.81053878
23/11/2030 00:00,0.789816459,0.789816459,0.789816459,0.789816459
23/11/2030 01:00,0.747779751,0.747779751,0.747779751,0.747779751
23/11/2030 02:00,0.752516282,0.752516282,0.752516282,0.752516282
23/11/2030 03:00,0.753108348,0.753108348,0.753108348,0.753108348
23/11/2030 04:00,0.753700414,0.753700414,0.753700414,0.753700414
23/11/2030 05:00,0.773238603,0.773238603,0.773238603,0.773238603
23/11/2030 06:00,0.7785672,0.7785672,0.7785672,0.7785672
23/11/2030 07:00,0.795737123,0.795737123,0.795737123,0.795737123
23/11/2030 08:00,0.80580225,0.80580225,0.80580225,0.80580225
23/11/2030 09:00,0.845470693,0.845470693,0.845470693,0.845470693
23/11/2030 10:00,0.863232682,0.863232682,0.863232682,0.863232682
23/11/2030 11:00,0.867377146,0.867377146,0.867377146,0.867377146
23/11/2030 12:00,0.909413854,0.909413854,0.909413854,0.909413854
23/11/2030 13:00,0.924807578,0.924807578,0.924807578,0.924807578
23/11/2030 14:00,0.953226761,0.953226761,0.953226761,0.953226761
23/11/2030 15:00,0.941385435,0.941385435,0.941385435,0.941385435
23/11/2030 16:00,0.956187093,0.956187093,0.956187093,0.956187093
23/11/2030 17:00,0.934280639,0.934280639,0.934280639,0.934280639
23/11/2030 18:00,0.914150385,0.914150385,0.914150385,0.914150385
23/11/2030 19:00,0.918294849,0.918294849,0.918294849,0.918294849
23/11/2030 20:00,0.912966252,0.912966252,0.912966252,0.912966252
23/11/2030 21:00,0.882178804,0.882178804,0.882178804,0.882178804
23/11/2030 22:00,0.853759621,0.853759621,0.853759621,0.853759621
23/11/2030 23:00,0.831853168,0.831853168,0.831853168,0.831853168
24/11/2030 00:00,0.796329189,0.796329189,0.796329189,0.796329189
24/11/2030 01:00,0.763173475,0.763173475,0.763173475,0.763173475
24/11/2030 02:00,0.771462404,0.771462404,0.771462404,0.771462404
24/11/2030 03:00,0.769686205,0.769686205,0.769686205,0.769686205
24/11/2030 04:00,0.791592658,0.791592658,0.791592658,0.791592658
24/11/2030 05:00,0.806394316,0.806394316,0.806394316,0.806394316
24/11/2030 06:00,0.831261101,0.831261101,0.831261101,0.831261101
24/11/2030 07:00,0.821195974,0.821195974,0.821195974,0.821195974
24/11/2030 08:00,0.801657786,0.801657786,0.801657786,0.801657786
24/11/2030 09:00,0.814683245,0.814683245,0.814683245,0.814683245
24/11/2030 10:00,0.820603908,0.820603908,0.820603908,0.820603908
24/11/2030 11:00,0.830076969,0.830076969,0.830076969,0.830076969
24/11/2030 12:00,0.827708703,0.827708703,0.827708703,0.827708703
24/11/2030 13:00,0.881586738,0.881586738,0.881586738,0.881586738
24/11/2030 14:00,0.915926584,0.915926584,0.915926584,0.915926584
24/11/2030 15:00,0.960331557,0.960331557,0.960331557,0.960331557
24/11/2030 16:00,1,1,1,1
24/11/2030 17:00,0.952042629,0.952042629,0.952042629,0.952042629
24/11/2030 18:00,0.938425104,0.938425104,0.938425104,0.938425104
24/11/2030 19:00,0.945529899,0.945529899,0.945529899,0.945529899
24/11/2030 20:00,0.943161634,0.943161634,0.943161634,0.943161634
24/11/2030 21:00,0.919478982,0.919478982,0.919478982,0.919478982
24/11/2030 22:00,0.867377146,0.867377146,0.867377146,0.867377146
24/11/2030 23:00,0.860864417,0.860864417,0.860864417,0.860864417
25/11/2030 00:00,0.829484902,0.829484902,0.829484902,0.829484902
25/11/2030 01:00,0.804618117,0.804618117,0.804618117,0.804618117
25/11/2030 02:00,0.820011841,0.820011841,0.820011841,0.820011841
25/11/2030 03:00,0.777975133,0.777975133,0.777975133,0.777975133
25/11/2030 04:00,0.790408526,0.790408526,0.790408526,0.790408526
25/11/2030 05:00,0.787448194,0.787448194,0.787448194,0.787448194
25/11/2030 06:00,0.811722913,0.811722913,0.811722913,0.811722913
25/11/2030 07:00,0.789224393,0.789224393,0.789224393,0.789224393
25/11/2030 08:00,0.752516282,0.752516282,0.752516282,0.752516282
25/11/2030 09:00,0.78330373,0.78330373,0.78330373,0.78330373
25/11/2030 10:00,0.789816459,0.789816459,0.789816459,0.789816459
25/11/2030 11:00,0.811130847,0.811130847,0.811130847,0.811130847
25/11/2030 12:00,0.822380107,0.822380107,0.822380107,0.822380107
25/11/2030 13:00,0.84428656,0.84428656,0.84428656,0.84428656
25/11/2030 14:00,0.897572528,0.897572528,0.897572528,0.897572528
25/11/2030 15:00,0.923623446,0.923623446,0.923623446,0.923623446
25/11/2030 16:00,0.912374186,0.912374186,0.912374186,0.912374186
25/11/2030 17:00,0.91651865,0.91651865,0.91651865,0.91651865
25/11/2030 18:00,0.895204263,0.895204263,0.895204263,0.895204263
25/11/2030 19:00,0.909413854,0.909413854,0.909413854,0.909413854
25/11/2030 20:00,0.897572528,0.897572528,0.897572528,0.897572528
25/11/2030 21:00,0.874481942,0.874481942,0.874481942,0.874481942
25/11/2030 22:00,0.745411486,0.745411486,0.745411486,0.745411486
25/11/2030 23:00,0.663706335,0.663706335,0.663706335,0.663706335
26/11/2030 00:00,0.480757845,0.480757845,0.480757845,0.480757845
26/11/2030 01:00,0.435760805,0.435760805,0.435760805,0.435760805
26/11/2030 02:00,0.435168739,0.435168739,0.435168739,0.435168739
26/11/2030 03:00,0.435760805,0.435760805,0.435760805,0.435760805
26/11/2030 04:00,0.436352872,0.436352872,0.436352872,0.436352872
26/11/2030 05:00,0.435760805,0.435760805,0.435760805,0.435760805
26/11/2030 06:00,0.440497336,0.440497336,0.440497336,0.440497336
26/11/2030 07:00,0.409117821,0.409117821,0.409117821,0.409117821
26/11/2030 08:00,0.380698638,0.380698638,0.380698638,0.380698638
26/11/2030 09:00,0.374777975,0.374777975,0.374777975,0.374777975
26/11/2030 10:00,0.429248076,0.429248076,0.429248076,0.429248076
26/11/2030 11:00,0.435168739,0.435168739,0.435168739,0.435168739
26/11/2030 12:00,0.423919479,0.423919479,0.423919479,0.423919479
26/11/2030 13:00,0.476613381,0.476613381,0.476613381,0.476613381
26/11/2030 14:00,0.474837182,0.474837182,0.474837182,0.474837182
26/11/2030 15:00,0.473060983,0.473060983,0.473060983,0.473060983
26/11/2030 16:00,0.470100651,0.470100651,0.470100651,0.470100651
26/11/2030 17:00,0.439905269,0.439905269,0.439905269,0.439905269
26/11/2030 18:00,0.432800474,0.432800474,0.432800474,0.432800474
26/11/2030 19:00,0.423919479,0.423919479,0.423919479,0.423919479
26/11/2030 20:00,0.411486086,0.411486086,0.411486086,0.411486086
26/11/2030 21:00,0.406749556,0.406749556,0.406749556,0.406749556
26/11/2030 22:00,0.415038484,0.415038484,0.415038484,0.415038484
26/11/2030 23:00,0.419775015,0.419775015,0.419775015,0.419775015
27/11/2030 00:00,0.415630551,0.415630551,0.415630551,0.415630551
27/11/2030 01:00,0.438721137,0.438721137,0.438721137,0.438721137
27/11/2030 02:00,0.443457667,0.443457667,0.443457667,0.443457667
27/11/2030 03:00,0.439905269,0.439905269,0.439905269,0.439905269
27/11/2030 04:00,0.435760805,0.435760805,0.435760805,0.435760805
27/11/2030 05:00,0.433984606,0.433984606,0.433984606,0.433984606
27/11/2030 06:00,0.44937833,0.44937833,0.44937833,0.44937833
27/11/2030 07:00,0.428063943,0.428063943,0.428063943,0.428063943
27/11/2030 08:00,0.426879811,0.426879811,0.426879811,0.426879811
27/11/2030 09:00,0.452930728,0.452930728,0.452930728,0.452930728
27/11/2030 10:00,0.537596211,0.537596211,0.537596211,0.537596211
27/11/2030 11:00,0.53285968,0.53285968,0.53285968,0.53285968
27/11/2030 12:00,0.557134399,0.557134399,0.557134399,0.557134399
27/11/2030 13:00,0.595618709,0.595618709,0.595618709,0.595618709
27/11/2030 14:00,0.621669627,0.621669627,0.621669627,0.621669627
27/11/2030 15:00,0.667258733,0.667258733,0.667258733,0.667258733
27/11/2030 16:00,0.675547661,0.675547661,0.675547661,0.675547661
27/11/2030 17:00,0.645944346,0.645944346,0.645944346,0.645944346
27/11/2030 18:00,0.618709295,0.618709295,0.618709295,0.618709295
27/11/2030 19:00,0.620485494,0.620485494,0.620485494,0.620485494
27/11/2030 20:00,0.643576081,0.643576081,0.643576081,0.643576081
27/11/2030 21:00,0.67258733,0.67258733,0.67258733,0.67258733
27/11/2030 22:00,0.696862049,0.696862049,0.696862049,0.696862049
27/11/2030 23:00,0.705743043,0.705743043,0.705743043,0.705743043
28/11/2030 00:00,0.718768502,0.718768502,0.718768502,0.718768502
28/11/2030 01:00,0.713439905,0.713439905,0.713439905,0.713439905
28/11/2030 02:00,0.730017762,0.730017762,0.730017762,0.730017762
28/11/2030 03:00,0.737714624,0.737714624,0.737714624,0.737714624
28/11/2030 04:00,0.729425696,0.729425696,0.729425696,0.729425696
28/11/2030 05:00,0.725873298,0.725873298,0.725873298,0.725873298
28/11/2030 06:00,0.734754292,0.734754292,0.734754292,0.734754292
28/11/2030 07:00,0.713439905,0.713439905,0.713439905,0.713439905
28/11/2030 08:00,0.734162226,0.734162226,0.734162226,0.734162226
28/11/2030 09:00,0.779159266,0.779159266,0.779159266,0.779159266
28/11/2030 10:00,0.809354648,0.809354648,0.809354648,0.809354648
28/11/2030 11:00,0.840142096,0.840142096,0.840142096,0.840142096
28/11/2030 12:00,0.843694494,0.843694494,0.843694494,0.843694494
28/11/2030 13:00,0.856719953,0.856719953,0.856719953,0.856719953
28/11/2030 14:00,0.888099467,0.888099467,0.888099467,0.888099467
28/11/2030 15:00,0.943161634,0.943161634,0.943161634,0.943161634
28/11/2030 16:00,0.980461812,0.980461812,0.980461812,0.980461812
28/11/2030 17:00,0.939609236,0.939609236,0.939609236,0.939609236
28/11/2030 18:00,0.895204263,0.895204263,0.895204263,0.895204263
28/11/2030 19:00,0.893428064,0.893428064,0.893428064,0.893428064
28/11/2030 20:00,0.888691533,0.888691533,0.888691533,0.888691533
28/11/2030 21:00,0.886323268,0.886323268,0.886323268,0.886323268
28/11/2030 22:00,0.831261101,0.831261101,0.831261101,0.831261101
28/11/2030 23:00,0.841918295,0.841918295,0.841918295,0.841918295
29/11/2030 00:00,0.822972173,0.822972173,0.822972173,0.822972173
29/11/2030 01:00,0.779159266,0.779159266,0.779159266,0.779159266
29/11/2030 02:00,0.782119597,0.782119597,0.782119597,0.782119597
29/11/2030 03:00,0.750148017,0.750148017,0.750148017,0.750148017
29/11/2030 04:00,0.736530491,0.736530491,0.736530491,0.736530491
29/11/2030 05:00,0.736530491,0.736530491,0.736530491,0.736530491
29/11/2030 06:00,0.727649497,0.727649497,0.727649497,0.727649497
29/11/2030 07:00,0.743043221,0.743043221,0.743043221,0.743043221
29/11/2030 08:00,0.735938425,0.735938425,0.735938425,0.735938425
29/11/2030 09:00,0.789816459,0.789816459,0.789816459,0.789816459
29/11/2030 10:00,0.825340438,0.825340438,0.825340438,0.825340438
29/11/2030 11:00,0.859680284,0.859680284,0.859680284,0.859680284
29/11/2030 12:00,0.87152161,0.87152161,0.87152161,0.87152161
29/11/2030 13:00,0.862048549,0.862048549,0.862048549,0.862048549
29/11/2030 14:00,0.896388396,0.896388396,0.896388396,0.896388396
29/11/2030 15:00,0.904677324,0.904677324,0.904677324,0.904677324
29/11/2030 16:00,0.87803434,0.87803434,0.87803434,0.87803434
29/11/2030 17:00,0.859680284,0.859680284,0.859680284,0.859680284
29/11/2030 18:00,0.835997632,0.835997632,0.835997632,0.835997632
29/11/2030 19:00,0.827708703,0.827708703,0.827708703,0.827708703
29/11/2030 20:00,0.857312019,0.857312019,0.857312019,0.857312019
29/11/2030 21:00,0.843102427,0.843102427,0.843102427,0.843102427
29/11/2030 22:00,0.798105388,0.798105388,0.798105388,0.798105388
29/11/2030 23:00,0.779751332,0.779751332,0.779751332,0.779751332
30/11/2030 00:00,0.769094139,0.769094139,0.769094139,0.769094139
30/11/2030 01:00,0.725873298,0.725873298,0.725873298,0.725873298
30/11/2030 02:00,0.750148017,0.750148017,0.750148017,0.750148017
30/11/2030 03:00,0.748371818,0.748371818,0.748371818,0.748371818
30/11/2030 04:00,0.740082889,0.740082889,0.740082889,0.740082889
30/11/2030 05:00,0.735346359,0.735346359,0.735346359,0.735346359
30/11/2030 06:00,0.764357608,0.764357608,0.764357608,0.764357608
30/11/2030 07:00,0.697454115,0.697454115,0.697454115,0.697454115
30/11/2030 08:00,0.746595619,0.746595619,0.746595619,0.746595619
30/11/2030 09:00,0.777383067,0.777383067,0.777383067,0.777383067
30/11/2030 10:00,0.782119597,0.782119597,0.782119597,0.782119597
30/11/2030 11:00,0.789224393,0.789224393,0.789224393,0.789224393
30/11/2030 12:00,0.79928952,0.79928952,0.79928952,0.79928952
30/11/2030 13:00,0.814683245,0.814683245,0.814683245,0.814683245
30/11/2030 14:00,0.825340438,0.825340438,0.825340438,0.825340438
30/11/2030 15:00,0.843102427,0.843102427,0.843102427,0.843102427
30/11/2030 16:00,0.832445234,0.832445234,0.832445234,0.832445234
30/11/2030 17:00,0.79455299,0.79455299,0.79455299,0.79455299
30/11/2030 18:00,0.7785672,0.7785672,0.7785672,0.7785672
30/11/2030 19:00,0.769094139,0.769094139,0.769094139,0.769094139
30/11/2030 20:00,0.763173475,0.763173475,0.763173475,0.763173475
30/11/2030 21:00,0.734162226,0.734162226,0.734162226,0.734162226
30/11/2030 22:00,0.695677916,0.695677916,0.695677916,0.695677916
30/11/2030 23:00,0.693901717,0.693901717,0.693901717,0.693901717
01/12/2030 00:00,0.60960452,0.60960452,0.60960452,0.60960452
01/12/2030 01:00,0.581920904,0.581920904,0.581920904,0.581920904
01/12/2030 02:00,0.581920904,0.581920904,0.581920904,0.581920904
01/12/2030 03:00,0.577966102,0.577966102,0.577966102,0.577966102
01/12/2030 04:00,0.570056497,0.570056497,0.570056497,0.570056497
01/12/2030 05:00,0.565536723,0.565536723,0.565536723,0.565536723
01/12/2030 06:00,0.593220339,0.593220339,0.593220339,0.593220339
01/12/2030 07:00,0.529378531,0.529378531,0.529378531,0.529378531
01/12/2030 08:00,0.454237288,0.454237288,0.454237288,0.454237288
01/12/2030 09:00,0.45480226,0.45480226,0.45480226,0.45480226
01/12/2030 10:00,0.442372881,0.442372881,0.442372881,0.442372881
01/12/2030 11:00,0.463276836,0.463276836,0.463276836,0.463276836
01/12/2030 12:00,0.466666667,0.466666667,0.466666667,0.466666667
01/12/2030 13:00,0.46779661,0.46779661,0.46779661,0.46779661
01/12/2030 14:00,0.574011299,0.574011299,0.574011299,0.574011299
01/12/2030 15:00,0.706779661,0.706779661,0.706779661,0.706779661
01/12/2030 16:00,0.684745763,0.684745763,0.684745763,0.684745763
01/12/2030 17:00,0.67740113,0.67740113,0.67740113,0.67740113
01/12/2030 18:00,0.631638418,0.631638418,0.631638418,0.631638418
01/12/2030 19:00,0.611864407,0.611864407,0.611864407,0.611864407
01/12/2030 20:00,0.605084746,0.605084746,0.605084746,0.605084746
01/12/2030 21:00,0.466666667,0.466666667,0.466666667,0.466666667
01/12/2030 22:00,0.37740113,0.37740113,0.37740113,0.37740113
01/12/2030 23:00,0.378531073,0.378531073,0.378531073,0.378531073
02/12/2030 00:00,0.351412429,0.351412429,0.351412429,0.351412429
02/12/2030 01:00,0.343502825,0.343502825,0.343502825,0.343502825
02/12/2030 02:00,0.337288136,0.337288136,0.337288136,0.337288136
02/12/2030 03:00,0.33559322,0.33559322,0.33559322,0.33559322
02/12/2030 04:00,0.333333333,0.333333333,0.333333333,0.333333333
02/12/2030 05:00,0.328813559,0.328813559,0.328813559,0.328813559
02/12/2030 06:00,0.338418079,0.338418079,0.338418079,0.338418079
02/12/2030 07:00,0.324293785,0.324293785,0.324293785,0.324293785
02/12/2030 08:00,0.318644068,0.318644068,0.318644068,0.318644068
02/12/2030 09:00,0.318644068,0.318644068,0.318644068,0.318644068
02/12/2030 10:00,0.306214689,0.306214689,0.306214689,0.306214689
02/12/2030 11:00,0.327683616,0.327683616,0.327683616,0.327683616
02/12/2030 12:00,0.330508475,0.330508475,0.330508475,0.330508475
02/12/2030 13:00,0.331638418,0.331638418,0.331638418,0.331638418
02/12/2030 14:00,0.437853107,0.437853107,0.437853107,0.437853107
02/12/2030 15:00,0.571186441,0.571186441,0.571186441,0.571186441
02/12/2030 16:00,0.548587571,0.548587571,0.548587571,0.548587571
02/12/2030 17:00,0.54180791,0.54180791,0.54180791,0.54180791
02/12/2030 18:00,0.495480226,0.495480226,0.495480226,0.495480226
02/12/2030 19:00,0.494915254,0.494915254,0.494915254,0.494915254
02/12/2030 20:00,0.494350282,0.494350282,0.494350282,0.494350282
02/12/2030 21:00,0.479661017,0.479661017,0.479661017,0.479661017
02/12/2030 22:00,0.418644068,0.418644068,0.418644068,0.418644068
02/12/2030 23:00,0.441242938,0.441242938,0.441242938,0.441242938
03/12/2030 00:00,0.411864407,0.411864407,0.411864407,0.411864407
03/12/2030 01:00,0.378531073,0.378531073,0.378531073,0.378531073
03/12/2030 02:00,0.389265537,0.389265537,0.389265537,0.389265537
03/12/2030 03:00,0.366101695,0.366101695,0.366101695,0.366101695
03/12/2030 04:00,0.375706215,0.375706215,0.375706215,0.375706215
03/12/2030 05:00,0.370621469,0.370621469,0.370621469,0.370621469
03/12/2030 06:00,0.376271186,0.376271186,0.376271186,0.376271186
03/12/2030 07:00,0.346892655,0.346892655,0.346892655,0.346892655
03/12/2030 08:00,0.33220339,0.33220339,0.33220339,0.33220339
03/12/2030 09:00,0.305084746,0.305084746,0.305084746,0.305084746
03/12/2030 10:00,0.307909605,0.307909605,0.307909605,0.307909605
03/12/2030 11:00,0.281920904,0.281920904,0.281920904,0.281920904
03/12/2030 12:00,0.297175141,0.297175141,0.297175141,0.297175141
03/12/2030 13:00,0.274011299,0.274011299,0.274011299,0.274011299
03/12/2030 14:00,0.258757062,0.258757062,0.258757062,0.258757062
03/12/2030 15:00,0.404519774,0.404519774,0.404519774,0.404519774
03/12/2030 16:00,0.398870056,0.398870056,0.398870056,0.398870056
03/12/2030 17:00,0.397175141,0.397175141,0.397175141,0.397175141
03/12/2030 18:00,0.38700565,0.38700565,0.38700565,0.38700565
03/12/2030 19:00,0.376271186,0.376271186,0.376271186,0.376271186
03/12/2030 20:00,0.371751412,0.371751412,0.371751412,0.371751412
03/12/2030 21:00,0.361581921,0.361581921,0.361581921,0.361581921
03/12/2030 22:00,0.387570621,0.387570621,0.387570621,0.387570621
03/12/2030 23:00,0.370056497,0.370056497,0.370056497,0.370056497
04/12/2030 00:00,0.359887006,0.359887006,0.359887006,0.359887006
04/12/2030 01:00,0.371751412,0.371751412,0.371751412,0.371751412
04/12/2030 02:00,0.377966102,0.377966102,0.377966102,0.377966102
04/12/2030 03:00,0.360451977,0.360451977,0.360451977,0.360451977
04/12/2030 04:00,0.376271186,0.376271186,0.376271186,0.376271186
04/12/2030 05:00,0.368361582,0.368361582,0.368361582,0.368361582
04/12/2030 06:00,0.371751412,0.371751412,0.371751412,0.371751412
04/12/2030 07:00,0.366101695,0.366101695,0.366101695,0.366101695
04/12/2030 08:00,0.421468927,0.421468927,0.421468927,0.421468927
04/12/2030 09:00,0.419774011,0.419774011,0.419774011,0.419774011
04/12/2030 10:00,0.448022599,0.448022599,0.448022599,0.448022599
04/12/2030 11:00,0.446892655,0.446892655,0.446892655,0.446892655
04/12/2030 12:00,0.487570621,0.487570621,0.487570621,0.487570621
04/12/2030 13:00,0.489265537,0.489265537,0.489265537,0.489265537
04/12/2030 14:00,0.498870056,0.498870056,0.498870056,0.498870056
04/12/2030 15:00,0.670056497,0.670056497,0.670056497,0.670056497
04/12/2030 16:00,0.42259887,0.42259887,0.42259887,0.42259887
04/12/2030 17:00,0.48700565,0.48700565,0.48700565,0.48700565
04/12/2030 18:00,0.486440678,0.486440678,0.486440678,0.486440678
04/12/2030 19:00,0.485310734,0.485310734,0.485310734,0.485310734
04/12/2030 20:00,0.426553672,0.426553672,0.426553672,0.426553672
04/12/2030 21:00,0.413559322,0.413559322,0.413559322,0.413559322
04/12/2030 22:00,0.420338983,0.420338983,0.420338983,0.420338983
04/12/2030 23:00,0.428813559,0.428813559,0.428813559,0.428813559
05/12/2030 00:00,0.411299435,0.411299435,0.411299435,0.411299435
05/12/2030 01:00,0.414689266,0.414689266,0.414689266,0.414689266
05/12/2030 02:00,0.423728814,0.423728814,0.423728814,0.423728814
05/12/2030 03:00,0.438983051,0.438983051,0.438983051,0.438983051
05/12/2030 04:00,0.442937853,0.442937853,0.442937853,0.442937853
05/12/2030 05:00,0.445762712,0.445762712,0.445762712,0.445762712
05/12/2030 06:00,0.469491525,0.469491525,0.469491525,0.469491525
05/12/2030 07:00,0.463841808,0.463841808,0.463841808,0.463841808
05/12/2030 08:00,0.512429379,0.512429379,0.512429379,0.512429379
05/12/2030 09:00,0.52259887,0.52259887,0.52259887,0.52259887
05/12/2030 10:00,0.519774011,0.519774011,0.519774011,0.519774011
05/12/2030 11:00,0.550847458,0.550847458,0.550847458,0.550847458
05/12/2030 12:00,0.563276836,0.563276836,0.563276836,0.563276836
05/12/2030 13:00,0.574576271,0.574576271,0.574576271,0.574576271
05/12/2030 14:00,0.69039548,0.69039548,0.69039548,0.69039548
05/12/2030 15:00,0.833333333,0.833333333,0.833333333,0.833333333
05/12/2030 16:00,0.820338983,0.820338983,0.820338983,0.820338983
05/12/2030 17:00,0.823163842,0.823163842,0.823163842,0.823163842
05/12/2030 18:00,0.78700565,0.78700565,0.78700565,0.78700565
05/12/2030 19:00,0.77740113,0.77740113,0.77740113,0.77740113
05/12/2030 20:00,0.780225989,0.780225989,0.780225989,0.780225989
05/12/2030 21:00,0.650847458,0.650847458,0.650847458,0.650847458
05/12/2030 22:00,0.571751412,0.571751412,0.571751412,0.571751412
05/12/2030 23:00,0.582485876,0.582485876,0.582485876,0.582485876
06/12/2030 00:00,0.565536723,0.565536723,0.565536723,0.565536723
06/12/2030 01:00,0.566101695,0.566101695,0.566101695,0.566101695
06/12/2030 02:00,0.573446328,0.573446328,0.573446328,0.573446328
06/12/2030 03:00,0.589265537,0.589265537,0.589265537,0.589265537
06/12/2030 04:00,0.62259887,0.62259887,0.62259887,0.62259887
06/12/2030 05:00,0.644632768,0.644632768,0.644632768,0.644632768
06/12/2030 06:00,0.653107345,0.653107345,0.653107345,0.653107345
06/12/2030 07:00,0.633333333,0.633333333,0.633333333,0.633333333
06/12/2030 08:00,0.622033898,0.622033898,0.622033898,0.622033898
06/12/2030 09:00,0.616949153,0.616949153,0.616949153,0.616949153
06/12/2030 10:00,0.598870056,0.598870056,0.598870056,0.598870056
06/12/2030 11:00,0.614689266,0.614689266,0.614689266,0.614689266
06/12/2030 12:00,0.612429379,0.612429379,0.612429379,0.612429379
06/12/2030 13:00,0.607909605,0.607909605,0.607909605,0.607909605
06/12/2030 14:00,0.709039548,0.709039548,0.709039548,0.709039548
06/12/2030 15:00,0.836158192,0.836158192,0.836158192,0.836158192
06/12/2030 16:00,0.808474576,0.808474576,0.808474576,0.808474576
06/12/2030 17:00,0.796045198,0.796045198,0.796045198,0.796045198
06/12/2030 18:00,0.802259887,0.802259887,0.802259887,0.802259887
06/12/2030 19:00,0.827118644,0.827118644,0.827118644,0.827118644
06/12/2030 20:00,0.795480226,0.795480226,0.795480226,0.795480226
06/12/2030 21:00,0.720903955,0.720903955,0.720903955,0.720903955
06/12/2030 22:00,0.655367232,0.655367232,0.655367232,0.655367232
06/12/2030 23:00,0.667231638,0.667231638,0.667231638,0.667231638
07/12/2030 00:00,0.653672316,0.653672316,0.653672316,0.653672316
07/12/2030 01:00,0.615254237,0.615254237,0.615254237,0.615254237
07/12/2030 02:00,0.614689266,0.614689266,0.614689266,0.614689266
07/12/2030 03:00,0.61920904,0.61920904,0.61920904,0.61920904
07/12/2030 04:00,0.636158192,0.636158192,0.636158192,0.636158192
07/12/2030 05:00,0.603389831,0.603389831,0.603389831,0.603389831
07/12/2030 06:00,0.603954802,0.603954802,0.603954802,0.603954802
07/12/2030 07:00,0.602259887,0.602259887,0.602259887,0.602259887
07/12/2030 08:00,0.567231638,0.567231638,0.567231638,0.567231638
07/12/2030 09:00,0.625423729,0.625423729,0.625423729,0.625423729
07/12/2030 10:00,0.64519774,0.64519774,0.64519774,0.64519774
07/12/2030 11:00,0.66779661,0.66779661,0.66779661,0.66779661
07/12/2030 12:00,0.665536723,0.665536723,0.665536723,0.665536723
07/12/2030 13:00,0.671751412,0.671751412,0.671751412,0.671751412
07/12/2030 14:00,0.782485876,0.782485876,0.782485876,0.782485876
07/12/2030 15:00,0.919774011,0.919774011,0.919774011,0.919774011
07/12/2030 16:00,0.901694915,0.901694915,0.901694915,0.901694915
07/12/2030 17:00,0.899435028,0.899435028,0.899435028,0.899435028
07/12/2030 18:00,0.857627119,0.857627119,0.857627119,0.857627119
07/12/2030 19:00,0.842937853,0.842937853,0.842937853,0.842937853
07/12/2030 20:00,0.840677966,0.840677966,0.840677966,0.840677966
07/12/2030 21:00,0.706214689,0.706214689,0.706214689,0.706214689
07/12/2030 22:00,0.621468927,0.621468927,0.621468927,0.621468927
07/12/2030 23:00,0.627118644,0.627118644,0.627118644,0.627118644
08/12/2030 00:00,0.605084746,0.605084746,0.605084746,0.605084746
08/12/2030 01:00,0.601694915,0.601694915,0.601694915,0.601694915
08/12/2030 02:00,0.598305085,0.598305085,0.598305085,0.598305085
08/12/2030 03:00,0.617514124,0.617514124,0.617514124,0.617514124
08/12/2030 04:00,0.60960452,0.60960452,0.60960452,0.60960452
08/12/2030 05:00,0.622033898,0.622033898,0.622033898,0.622033898
08/12/2030 06:00,0.637288136,0.637288136,0.637288136,0.637288136
08/12/2030 07:00,0.653107345,0.653107345,0.653107345,0.653107345
08/12/2030 08:00,0.662711864,0.662711864,0.662711864,0.662711864
08/12/2030 09:00,0.701694915,0.701694915,0.701694915,0.701694915
08/12/2030 10:00,0.724293785,0.724293785,0.724293785,0.724293785
08/12/2030 11:00,0.711864407,0.711864407,0.711864407,0.711864407
08/12/2030 12:00,0.68079096,0.68079096,0.68079096,0.68079096
08/12/2030 13:00,0.648587571,0.648587571,0.648587571,0.648587571
08/12/2030 14:00,0.720903955,0.720903955,0.720903955,0.720903955
08/12/2030 15:00,0.820338983,0.820338983,0.820338983,0.820338983
08/12/2030 16:00,0.828813559,0.828813559,0.828813559,0.828813559
08/12/2030 17:00,0.839548023,0.839548023,0.839548023,0.839548023
08/12/2030 18:00,0.836723164,0.836723164,0.836723164,0.836723164
08/12/2030 19:00,0.863841808,0.863841808,0.863841808,0.863841808
08/12/2030 20:00,0.859887006,0.859887006,0.859887006,0.859887006
08/12/2030 21:00,0.815254237,0.815254237,0.815254237,0.815254237
08/12/2030 22:00,0.721468927,0.721468927,0.721468927,0.721468927
08/12/2030 23:00,0.717514124,0.717514124,0.717514124,0.717514124
09/12/2030 00:00,0.685875706,0.685875706,0.685875706,0.685875706
09/12/2030 01:00,0.671751412,0.671751412,0.671751412,0.671751412
09/12/2030 02:00,0.629378531,0.629378531,0.629378531,0.629378531
09/12/2030 03:00,0.631073446,0.631073446,0.631073446,0.631073446
09/12/2030 04:00,0.628813559,0.628813559,0.628813559,0.628813559
09/12/2030 05:00,0.615254237,0.615254237,0.615254237,0.615254237
09/12/2030 06:00,0.619774011,0.619774011,0.619774011,0.619774011
09/12/2030 07:00,0.631638418,0.631638418,0.631638418,0.631638418
09/12/2030 08:00,0.639548023,0.639548023,0.639548023,0.639548023
09/12/2030 09:00,0.639548023,0.639548023,0.639548023,0.639548023
09/12/2030 10:00,0.629943503,0.629943503,0.629943503,0.629943503
09/12/2030 11:00,0.653672316,0.653672316,0.653672316,0.653672316
09/12/2030 12:00,0.658757062,0.658757062,0.658757062,0.658757062
09/12/2030 13:00,0.662146893,0.662146893,0.662146893,0.662146893
09/12/2030 14:00,0.771186441,0.771186441,0.771186441,0.771186441
09/12/2030 15:00,0.906214689,0.906214689,0.906214689,0.906214689
09/12/2030 16:00,0.885875706,0.885875706,0.885875706,0.885875706
09/12/2030 17:00,0.881355932,0.881355932,0.881355932,0.881355932
09/12/2030 18:00,0.837288136,0.837288136,0.837288136,0.837288136
09/12/2030 19:00,0.820338983,0.820338983,0.820338983,0.820338983
09/12/2030 20:00,0.815819209,0.815819209,0.815819209,0.815819209
09/12/2030 21:00,0.679661017,0.679661017,0.679661017,0.679661017
09/12/2030 22:00,0.592655367,0.592655367,0.592655367,0.592655367
09/12/2030 23:00,0.596045198,0.596045198,0.596045198,0.596045198
10/12/2030 00:00,0.594350282,0.594350282,0.594350282,0.594350282
10/12/2030 01:00,0.610734463,0.610734463,0.610734463,0.610734463
10/12/2030 02:00,0.596610169,0.596610169,0.596610169,0.596610169
10/12/2030 03:00,0.598870056,0.598870056,0.598870056,0.598870056
10/12/2030 04:00,0.598870056,0.598870056,0.598870056,0.598870056
10/12/2030 05:00,0.598305085,0.598305085,0.598305085,0.598305085
10/12/2030 06:00,0.598870056,0.598870056,0.598870056,0.598870056
10/12/2030 07:00,0.623163842,0.623163842,0.623163842,0.623163842
10/12/2030 08:00,0.581355932,0.581355932,0.581355932,0.581355932
10/12/2030 09:00,0.574011299,0.574011299,0.574011299,0.574011299
10/12/2030 10:00,0.54180791,0.54180791,0.54180791,0.54180791
10/12/2030 11:00,0.540677966,0.540677966,0.540677966,0.540677966
10/12/2030 12:00,0.581355932,0.581355932,0.581355932,0.581355932
10/12/2030 13:00,0.583050847,0.583050847,0.583050847,0.583050847
10/12/2030 14:00,0.592655367,0.592655367,0.592655367,0.592655367
10/12/2030 15:00,0.763276836,0.763276836,0.763276836,0.763276836
10/12/2030 16:00,0.515819209,0.515819209,0.515819209,0.515819209
10/12/2030 17:00,0.580225989,0.580225989,0.580225989,0.580225989
10/12/2030 18:00,0.579096045,0.579096045,0.579096045,0.579096045
10/12/2030 19:00,0.577966102,0.577966102,0.577966102,0.577966102
10/12/2030 20:00,0.51920904,0.51920904,0.51920904,0.51920904
10/12/2030 21:00,0.506214689,0.506214689,0.506214689,0.506214689
10/12/2030 22:00,0.512429379,0.512429379,0.512429379,0.512429379
10/12/2030 23:00,0.521468927,0.521468927,0.521468927,0.521468927
11/12/2030 00:00,0.503389831,0.503389831,0.503389831,0.503389831
11/12/2030 01:00,0.506214689,0.506214689,0.506214689,0.506214689
11/12/2030 02:00,0.515819209,0.515819209,0.515819209,0.515819209
11/12/2030 03:00,0.530508475,0.530508475,0.530508475,0.530508475
11/12/2030 04:00,0.534463277,0.534463277,0.534463277,0.534463277
11/12/2030 05:00,0.536723164,0.536723164,0.536723164,0.536723164
11/12/2030 06:00,0.560451977,0.560451977,0.560451977,0.560451977
11/12/2030 07:00,0.55480226,0.55480226,0.55480226,0.55480226
11/12/2030 08:00,0.610169492,0.610169492,0.610169492,0.610169492
11/12/2030 09:00,0.610734463,0.610734463,0.610734463,0.610734463
11/12/2030 10:00,0.611299435,0.611299435,0.611299435,0.611299435
11/12/2030 11:00,0.601129944,0.601129944,0.601129944,0.601129944
11/12/2030 12:00,0.607344633,0.607344633,0.607344633,0.607344633
11/12/2030 13:00,0.6,0.6,0.6,0.6
11/12/2030 14:00,0.629943503,0.629943503,0.629943503,0.629943503
11/12/2030 15:00,0.602259887,0.602259887,0.602259887,0.602259887
11/12/2030 16:00,0.606779661,0.606779661,0.606779661,0.606779661
11/12/2030 17:00,0.594350282,0.594350282,0.594350282,0.594350282
11/12/2030 18:00,0.593220339,0.593220339,0.593220339,0.593220339
11/12/2030 19:00,0.602824859,0.602824859,0.602824859,0.602824859
11/12/2030 20:00,0.574576271,0.574576271,0.574576271,0.574576271
11/12/2030 21:00,0.575706215,0.575706215,0.575706215,0.575706215
11/12/2030 22:00,0.588135593,0.588135593,0.588135593,0.588135593
11/12/2030 23:00,0.616384181,0.616384181,0.616384181,0.616384181
12/12/2030 00:00,0.610169492,0.610169492,0.610169492,0.610169492
12/12/2030 01:00,0.597175141,0.597175141,0.597175141,0.597175141
12/12/2030 02:00,0.614689266,0.614689266,0.614689266,0.614689266
12/12/2030 03:00,0.615819209,0.615819209,0.615819209,0.615819209
12/12/2030 04:00,0.615254237,0.615254237,0.615254237,0.615254237
12/12/2030 05:00,0.613559322,0.613559322,0.613559322,0.613559322
12/12/2030 06:00,0.632768362,0.632768362,0.632768362,0.632768362
12/12/2030 07:00,0.62259887,0.62259887,0.62259887,0.62259887
12/12/2030 08:00,0.666101695,0.666101695,0.666101695,0.666101695
12/12/2030 09:00,0.671751412,0.671751412,0.671751412,0.671751412
12/12/2030 10:00,0.66440678,0.66440678,0.66440678,0.66440678
12/12/2030 11:00,0.69039548,0.69039548,0.69039548,0.69039548
12/12/2030 12:00,0.698870056,0.698870056,0.698870056,0.698870056
12/12/2030 13:00,0.705084746,0.705084746,0.705084746,0.705084746
12/12/2030 14:00,0.816384181,0.816384181,0.816384181,0.816384181
12/12/2030 15:00,0.954237288,0.954237288,0.954237288,0.954237288
12/12/2030 16:00,0.937288136,0.937288136,0.937288136,0.937288136
12/12/2030 17:00,0.935028249,0.935028249,0.935028249,0.935028249
12/12/2030 18:00,0.893785311,0.893785311,0.893785311,0.893785311
12/12/2030 19:00,0.879661017,0.879661017,0.879661017,0.879661017
12/12/2030 20:00,0.877966102,0.877966102,0.877966102,0.877966102
12/12/2030 21:00,0.744067797,0.744067797,0.744067797,0.744067797
12/12/2030 22:00,0.660451977,0.660451977,0.660451977,0.660451977
12/12/2030 23:00,0.666666667,0.666666667,0.666666667,0.666666667
13/12/2030 00:00,0.644632768,0.644632768,0.644632768,0.644632768
13/12/2030 01:00,0.64180791,0.64180791,0.64180791,0.64180791
13/12/2030 02:00,0.640677966,0.640677966,0.640677966,0.640677966
13/12/2030 03:00,0.644067797,0.644067797,0.644067797,0.644067797
13/12/2030 04:00,0.646892655,0.646892655,0.646892655,0.646892655
13/12/2030 05:00,0.646892655,0.646892655,0.646892655,0.646892655
13/12/2030 06:00,0.662146893,0.662146893,0.662146893,0.662146893
13/12/2030 07:00,0.653107345,0.653107345,0.653107345,0.653107345
13/12/2030 08:00,0.651977401,0.651977401,0.651977401,0.651977401
13/12/2030 09:00,0.657062147,0.657062147,0.657062147,0.657062147
13/12/2030 10:00,0.649717514,0.649717514,0.649717514,0.649717514
13/12/2030 11:00,0.676271186,0.676271186,0.676271186,0.676271186
13/12/2030 12:00,0.684180791,0.684180791,0.684180791,0.684180791
13/12/2030 13:00,0.690960452,0.690960452,0.690960452,0.690960452
13/12/2030 14:00,0.802259887,0.802259887,0.802259887,0.802259887
13/12/2030 15:00,0.940112994,0.940112994,0.940112994,0.940112994
13/12/2030 16:00,0.92259887,0.92259887,0.92259887,0.92259887
13/12/2030 17:00,0.920903955,0.920903955,0.920903955,0.920903955
13/12/2030 18:00,0.879661017,0.879661017,0.879661017,0.879661017
13/12/2030 19:00,0.865536723,0.865536723,0.865536723,0.865536723
13/12/2030 20:00,0.863841808,0.863841808,0.863841808,0.863841808
13/12/2030 21:00,0.729943503,0.729943503,0.729943503,0.729943503
13/12/2030 22:00,0.645762712,0.645762712,0.645762712,0.645762712
13/12/2030 23:00,0.651977401,0.651977401,0.651977401,0.651977401
14/12/2030 00:00,0.630508475,0.630508475,0.630508475,0.630508475
14/12/2030 01:00,0.627683616,0.627683616,0.627683616,0.627683616
14/12/2030 02:00,0.626553672,0.626553672,0.626553672,0.626553672
14/12/2030 03:00,0.629943503,0.629943503,0.629943503,0.629943503
14/12/2030 04:00,0.630508475,0.630508475,0.630508475,0.630508475
14/12/2030 05:00,0.622033898,0.622033898,0.622033898,0.622033898
14/12/2030 06:00,0.622033898,0.622033898,0.622033898,0.622033898
14/12/2030 07:00,0.611299435,0.611299435,0.611299435,0.611299435
14/12/2030 08:00,0.610169492,0.610169492,0.610169492,0.610169492
14/12/2030 09:00,0.60960452,0.60960452,0.60960452,0.60960452
14/12/2030 10:00,0.620338983,0.620338983,0.620338983,0.620338983
14/12/2030 11:00,0.620338983,0.620338983,0.620338983,0.620338983
14/12/2030 12:00,0.627118644,0.627118644,0.627118644,0.627118644
14/12/2030 13:00,0.628813559,0.628813559,0.628813559,0.628813559
14/12/2030 14:00,0.670621469,0.670621469,0.670621469,0.670621469
14/12/2030 15:00,0.774011299,0.774011299,0.774011299,0.774011299
14/12/2030 16:00,0.828813559,0.828813559,0.828813559,0.828813559
14/12/2030 17:00,0.838418079,0.838418079,0.838418079,0.838418079
14/12/2030 18:00,0.80960452,0.80960452,0.80960452,0.80960452
14/12/2030 19:00,0.806779661,0.806779661,0.806779661,0.806779661
14/12/2030 20:00,0.816949153,0.816949153,0.816949153,0.816949153
14/12/2030 21:00,0.695480226,0.695480226,0.695480226,0.695480226
14/12/2030 22:00,0.623163842,0.623163842,0.623163842,0.623163842
14/12/2030 23:00,0.641242938,0.641242938,0.641242938,0.641242938
15/12/2030 00:00,0.631073446,0.631073446,0.631073446,0.631073446
15/12/2030 01:00,0.640112994,0.640112994,0.640112994,0.640112994
15/12/2030 02:00,0.636723164,0.636723164,0.636723164,0.636723164
15/12/2030 03:00,0.625988701,0.625988701,0.625988701,0.625988701
15/12/2030 04:00,0.626553672,0.626553672,0.626553672,0.626553672
15/12/2030 05:00,0.623163842,0.623163842,0.623163842,0.623163842
15/12/2030 06:00,0.634463277,0.634463277,0.634463277,0.634463277
15/12/2030 07:00,0.622033898,0.622033898,0.622033898,0.622033898
15/12/2030 08:00,0.617514124,0.617514124,0.617514124,0.617514124
15/12/2030 09:00,0.610734463,0.610734463,0.610734463,0.610734463
15/12/2030 10:00,0.612429379,0.612429379,0.612429379,0.612429379
15/12/2030 11:00,0.569491525,0.569491525,0.569491525,0.569491525
15/12/2030 12:00,0.627683616,0.627683616,0.627683616,0.627683616
15/12/2030 13:00,0.648022599,0.648022599,0.648022599,0.648022599
15/12/2030 14:00,0.74180791,0.74180791,0.74180791,0.74180791
15/12/2030 15:00,0.918079096,0.918079096,0.918079096,0.918079096
15/12/2030 16:00,0.900564972,0.900564972,0.900564972,0.900564972
15/12/2030 17:00,0.885310734,0.885310734,0.885310734,0.885310734
15/12/2030 18:00,0.861016949,0.861016949,0.861016949,0.861016949
15/12/2030 19:00,0.862711864,0.862711864,0.862711864,0.862711864
15/12/2030 20:00,0.861016949,0.861016949,0.861016949,0.861016949
15/12/2030 21:00,0.751977401,0.751977401,0.751977401,0.751977401
15/12/2030 22:00,0.653107345,0.653107345,0.653107345,0.653107345
15/12/2030 23:00,0.662711864,0.662711864,0.662711864,0.662711864
16/12/2030 00:00,0.650847458,0.650847458,0.650847458,0.650847458
16/12/2030 01:00,0.657062147,0.657062147,0.657062147,0.657062147
16/12/2030 02:00,0.664971751,0.664971751,0.664971751,0.664971751
16/12/2030 03:00,0.663276836,0.663276836,0.663276836,0.663276836
16/12/2030 04:00,0.657062147,0.657062147,0.657062147,0.657062147
16/12/2030 05:00,0.655932203,0.655932203,0.655932203,0.655932203
16/12/2030 06:00,0.65819209,0.65819209,0.65819209,0.65819209
16/12/2030 07:00,0.648587571,0.648587571,0.648587571,0.648587571
16/12/2030 08:00,0.646892655,0.646892655,0.646892655,0.646892655
16/12/2030 09:00,0.670621469,0.670621469,0.670621469,0.670621469
16/12/2030 10:00,0.649152542,0.649152542,0.649152542,0.649152542
16/12/2030 11:00,0.661016949,0.661016949,0.661016949,0.661016949
16/12/2030 12:00,0.654237288,0.654237288,0.654237288,0.654237288
16/12/2030 13:00,0.646327684,0.646327684,0.646327684,0.646327684
16/12/2030 14:00,0.743502825,0.743502825,0.743502825,0.743502825
16/12/2030 15:00,0.866666667,0.866666667,0.866666667,0.866666667
16/12/2030 16:00,0.891525424,0.891525424,0.891525424,0.891525424
16/12/2030 17:00,0.906779661,0.906779661,0.906779661,0.906779661
16/12/2030 18:00,0.910169492,0.910169492,0.910169492,0.910169492
16/12/2030 19:00,0.909039548,0.909039548,0.909039548,0.909039548
16/12/2030 20:00,0.884180791,0.884180791,0.884180791,0.884180791
16/12/2030 21:00,0.759322034,0.759322034,0.759322034,0.759322034
16/12/2030 22:00,0.684745763,0.684745763,0.684745763,0.684745763
16/12/2030 23:00,0.7,0.7,0.7,0.7
17/12/2030 00:00,0.68700565,0.68700565,0.68700565,0.68700565
17/12/2030 01:00,0.693785311,0.693785311,0.693785311,0.693785311
17/12/2030 02:00,0.701694915,0.701694915,0.701694915,0.701694915
17/12/2030 03:00,0.714124294,0.714124294,0.714124294,0.714124294
17/12/2030 04:00,0.726553672,0.726553672,0.726553672,0.726553672
17/12/2030 05:00,0.706214689,0.706214689,0.706214689,0.706214689
17/12/2030 06:00,0.704519774,0.704519774,0.704519774,0.704519774
17/12/2030 07:00,0.686440678,0.686440678,0.686440678,0.686440678
17/12/2030 08:00,0.672881356,0.672881356,0.672881356,0.672881356
17/12/2030 09:00,0.675706215,0.675706215,0.675706215,0.675706215
17/12/2030 10:00,0.652542373,0.652542373,0.652542373,0.652542373
17/12/2030 11:00,0.651977401,0.651977401,0.651977401,0.651977401
17/12/2030 12:00,0.717514124,0.717514124,0.717514124,0.717514124
17/12/2030 13:00,0.74180791,0.74180791,0.74180791,0.74180791
17/12/2030 14:00,0.724858757,0.724858757,0.724858757,0.724858757
17/12/2030 15:00,0.714689266,0.714689266,0.714689266,0.714689266
17/12/2030 16:00,0.710734463,0.710734463,0.710734463,0.710734463
17/12/2030 17:00,0.708474576,0.708474576,0.708474576,0.708474576
17/12/2030 18:00,0.697740113,0.697740113,0.697740113,0.697740113
17/12/2030 19:00,0.704519774,0.704519774,0.704519774,0.704519774
17/12/2030 20:00,0.674576271,0.674576271,0.674576271,0.674576271
17/12/2030 21:00,0.705084746,0.705084746,0.705084746,0.705084746
17/12/2030 22:00,0.68700565,0.68700565,0.68700565,0.68700565
17/12/2030 23:00,0.686440678,0.686440678,0.686440678,0.686440678
18/12/2030 00:00,0.681920904,0.681920904,0.681920904,0.681920904
18/12/2030 01:00,0.678531073,0.678531073,0.678531073,0.678531073
18/12/2030 02:00,0.687570621,0.687570621,0.687570621,0.687570621
18/12/2030 03:00,0.694350282,0.694350282,0.694350282,0.694350282
18/12/2030 04:00,0.695480226,0.695480226,0.695480226,0.695480226
18/12/2030 05:00,0.692655367,0.692655367,0.692655367,0.692655367
18/12/2030 06:00,0.691525424,0.691525424,0.691525424,0.691525424
18/12/2030 07:00,0.684745763,0.684745763,0.684745763,0.684745763
18/12/2030 08:00,0.67740113,0.67740113,0.67740113,0.67740113
18/12/2030 09:00,0.681920904,0.681920904,0.681920904,0.681920904
18/12/2030 10:00,0.7,0.7,0.7,0.7
18/12/2030 11:00,0.69039548,0.69039548,0.69039548,0.69039548
18/12/2030 12:00,0.70960452,0.70960452,0.70960452,0.70960452
18/12/2030 13:00,0.705649718,0.705649718,0.705649718,0.705649718
18/12/2030 14:00,0.701129944,0.701129944,0.701129944,0.701129944
18/12/2030 15:00,0.692090395,0.692090395,0.692090395,0.692090395
18/12/2030 16:00,0.689830508,0.689830508,0.689830508,0.689830508
18/12/2030 17:00,0.684745763,0.684745763,0.684745763,0.684745763
18/12/2030 18:00,0.681920904,0.681920904,0.681920904,0.681920904
18/12/2030 19:00,0.676836158,0.676836158,0.676836158,0.676836158
18/12/2030 20:00,0.65480226,0.65480226,0.65480226,0.65480226
18/12/2030 21:00,0.66779661,0.66779661,0.66779661,0.66779661
18/12/2030 22:00,0.688135593,0.688135593,0.688135593,0.688135593
18/12/2030 23:00,0.696610169,0.696610169,0.696610169,0.696610169
19/12/2030 00:00,0.684180791,0.684180791,0.684180791,0.684180791
19/12/2030 01:00,0.696610169,0.696610169,0.696610169,0.696610169
19/12/2030 02:00,0.694350282,0.694350282,0.694350282,0.694350282
19/12/2030 03:00,0.698870056,0.698870056,0.698870056,0.698870056
19/12/2030 04:00,0.697175141,0.697175141,0.697175141,0.697175141
19/12/2030 05:00,0.694915254,0.694915254,0.694915254,0.694915254
19/12/2030 06:00,0.687570621,0.687570621,0.687570621,0.687570621
19/12/2030 07:00,0.688700565,0.688700565,0.688700565,0.688700565
19/12/2030 08:00,0.694350282,0.694350282,0.694350282,0.694350282
19/12/2030 09:00,0.689265537,0.689265537,0.689265537,0.689265537
19/12/2030 10:00,0.683050847,0.683050847,0.683050847,0.683050847
19/12/2030 11:00,0.700564972,0.700564972,0.700564972,0.700564972
19/12/2030 12:00,0.699435028,0.699435028,0.699435028,0.699435028
19/12/2030 13:00,0.696610169,0.696610169,0.696610169,0.696610169
19/12/2030 14:00,0.798305085,0.798305085,0.798305085,0.798305085
19/12/2030 15:00,0.947457627,0.947457627,0.947457627,0.947457627
19/12/2030 16:00,0.920338983,0.920338983,0.920338983,0.920338983
19/12/2030 17:00,0.936158192,0.936158192,0.936158192,0.936158192
19/12/2030 18:00,0.89039548,0.89039548,0.89039548,0.89039548
19/12/2030 19:00,0.908474576,0.908474576,0.908474576,0.908474576
19/12/2030 20:00,0.915819209,0.915819209,0.915819209,0.915819209
19/12/2030 21:00,0.78700565,0.78700565,0.78700565,0.78700565
19/12/2030 22:00,0.672881356,0.672881356,0.672881356,0.672881356
19/12/2030 23:00,0.674011299,0.674011299,0.674011299,0.674011299
20/12/2030 00:00,0.670621469,0.670621469,0.670621469,0.670621469
20/12/2030 01:00,0.676271186,0.676271186,0.676271186,0.676271186
20/12/2030 02:00,0.678531073,0.678531073,0.678531073,0.678531073
20/12/2030 03:00,0.671751412,0.671751412,0.671751412,0.671751412
20/12/2030 04:00,0.679661017,0.679661017,0.679661017,0.679661017
20/12/2030 05:00,0.679096045,0.679096045,0.679096045,0.679096045
20/12/2030 06:00,0.66779661,0.66779661,0.66779661,0.66779661
20/12/2030 07:00,0.636723164,0.636723164,0.636723164,0.636723164
20/12/2030 08:00,0.623163842,0.623163842,0.623163842,0.623163842
20/12/2030 09:00,0.63559322,0.63559322,0.63559322,0.63559322
20/12/2030 10:00,0.640677966,0.640677966,0.640677966,0.640677966
20/12/2030 11:00,0.66440678,0.66440678,0.66440678,0.66440678
20/12/2030 12:00,0.666101695,0.666101695,0.666101695,0.666101695
20/12/2030 13:00,0.676271186,0.676271186,0.676271186,0.676271186
20/12/2030 14:00,0.777966102,0.777966102,0.777966102,0.777966102
20/12/2030 15:00,0.868361582,0.868361582,0.868361582,0.868361582
20/12/2030 16:00,0.880225989,0.880225989,0.880225989,0.880225989
20/12/2030 17:00,0.893220339,0.893220339,0.893220339,0.893220339
20/12/2030 18:00,0.895480226,0.895480226,0.895480226,0.895480226
20/12/2030 19:00,0.891525424,0.891525424,0.891525424,0.891525424
20/12/2030 20:00,0.892655367,0.892655367,0.892655367,0.892655367
20/12/2030 21:00,0.796610169,0.796610169,0.796610169,0.796610169
20/12/2030 22:00,0.675141243,0.675141243,0.675141243,0.675141243
20/12/2030 23:00,0.674011299,0.674011299,0.674011299,0.674011299
21/12/2030 00:00,0.674576271,0.674576271,0.674576271,0.674576271
21/12/2030 01:00,0.683050847,0.683050847,0.683050847,0.683050847
21/12/2030 02:00,0.663276836,0.663276836,0.663276836,0.663276836
21/12/2030 03:00,0.663841808,0.663841808,0.663841808,0.663841808
21/12/2030 04:00,0.670621469,0.670621469,0.670621469,0.670621469
21/12/2030 05:00,0.665536723,0.665536723,0.665536723,0.665536723
21/12/2030 06:00,0.66440678,0.66440678,0.66440678,0.66440678
21/12/2030 07:00,0.658757062,0.658757062,0.658757062,0.658757062
21/12/2030 08:00,0.637288136,0.637288136,0.637288136,0.637288136
21/12/2030 09:00,0.631073446,0.631073446,0.631073446,0.631073446
21/12/2030 10:00,0.649717514,0.649717514,0.649717514,0.649717514
21/12/2030 11:00,0.663841808,0.663841808,0.663841808,0.663841808
21/12/2030 12:00,0.681920904,0.681920904,0.681920904,0.681920904
21/12/2030 13:00,0.681920904,0.681920904,0.681920904,0.681920904
21/12/2030 14:00,0.781355932,0.781355932,0.781355932,0.781355932
21/12/2030 15:00,0.920338983,0.920338983,0.920338983,0.920338983
21/12/2030 16:00,0.965536723,0.965536723,0.965536723,0.965536723
21/12/2030 17:00,0.942937853,0.942937853,0.942937853,0.942937853
21/12/2030 18:00,0.958757062,0.958757062,0.958757062,0.958757062
21/12/2030 19:00,0.938983051,0.938983051,0.938983051,0.938983051
21/12/2030 20:00,0.943502825,0.943502825,0.943502825,0.943502825
21/12/2030 21:00,0.831638418,0.831638418,0.831638418,0.831638418
21/12/2030 22:00,0.714124294,0.714124294,0.714124294,0.714124294
21/12/2030 23:00,0.701694915,0.701694915,0.701694915,0.701694915
22/12/2030 00:00,0.703389831,0.703389831,0.703389831,0.703389831
22/12/2030 01:00,0.702259887,0.702259887,0.702259887,0.702259887
22/12/2030 02:00,0.710734463,0.710734463,0.710734463,0.710734463
22/12/2030 03:00,0.714689266,0.714689266,0.714689266,0.714689266
22/12/2030 04:00,0.702259887,0.702259887,0.702259887,0.702259887
22/12/2030 05:00,0.706779661,0.706779661,0.706779661,0.706779661
22/12/2030 06:00,0.699435028,0.699435028,0.699435028,0.699435028
22/12/2030 07:00,0.661581921,0.661581921,0.661581921,0.661581921
22/12/2030 08:00,0.654237288,0.654237288,0.654237288,0.654237288
22/12/2030 09:00,0.653672316,0.653672316,0.653672316,0.653672316
22/12/2030 10:00,0.649152542,0.649152542,0.649152542,0.649152542
22/12/2030 11:00,0.639548023,0.639548023,0.639548023,0.639548023
22/12/2030 12:00,0.611864407,0.611864407,0.611864407,0.611864407
22/12/2030 13:00,0.581920904,0.581920904,0.581920904,0.581920904
22/12/2030 14:00,0.657627119,0.657627119,0.657627119,0.657627119
22/12/2030 15:00,0.759887006,0.759887006,0.759887006,0.759887006
22/12/2030 16:00,0.706779661,0.706779661,0.706779661,0.706779661
22/12/2030 17:00,0.668926554,0.668926554,0.668926554,0.668926554
22/12/2030 18:00,0.669491525,0.669491525,0.669491525,0.669491525
22/12/2030 19:00,0.672316384,0.672316384,0.672316384,0.672316384
22/12/2030 20:00,0.749717514,0.749717514,0.749717514,0.749717514
22/12/2030 21:00,0.633333333,0.633333333,0.633333333,0.633333333
22/12/2030 22:00,0.573446328,0.573446328,0.573446328,0.573446328
22/12/2030 23:00,0.620338983,0.620338983,0.620338983,0.620338983
23/12/2030 00:00,0.653107345,0.653107345,0.653107345,0.653107345
23/12/2030 01:00,0.679096045,0.679096045,0.679096045,0.679096045
23/12/2030 02:00,0.692090395,0.692090395,0.692090395,0.692090395
23/12/2030 03:00,0.706779661,0.706779661,0.706779661,0.706779661
23/12/2030 04:00,0.714689266,0.714689266,0.714689266,0.714689266
23/12/2030 05:00,0.703389831,0.703389831,0.703389831,0.703389831
23/12/2030 06:00,0.661581921,0.661581921,0.661581921,0.661581921
23/12/2030 07:00,0.647457627,0.647457627,0.647457627,0.647457627
23/12/2030 08:00,0.668361582,0.668361582,0.668361582,0.668361582
23/12/2030 09:00,0.694915254,0.694915254,0.694915254,0.694915254
23/12/2030 10:00,0.68700565,0.68700565,0.68700565,0.68700565
23/12/2030 11:00,0.712429379,0.712429379,0.712429379,0.712429379
23/12/2030 12:00,0.71920904,0.71920904,0.71920904,0.71920904
23/12/2030 13:00,0.724293785,0.724293785,0.724293785,0.724293785
23/12/2030 14:00,0.835028249,0.835028249,0.835028249,0.835028249
23/12/2030 15:00,0.971751412,0.971751412,0.971751412,0.971751412
23/12/2030 16:00,0.953107345,0.953107345,0.953107345,0.953107345
23/12/2030 17:00,0.950282486,0.950282486,0.950282486,0.950282486
23/12/2030 18:00,0.907909605,0.907909605,0.907909605,0.907909605
23/12/2030 19:00,0.911864407,0.911864407,0.911864407,0.911864407
23/12/2030 20:00,0.91299435,0.91299435,0.91299435,0.91299435
23/12/2030 21:00,0.791525424,0.791525424,0.791525424,0.791525424
23/12/2030 22:00,0.66440678,0.66440678,0.66440678,0.66440678
23/12/2030 23:00,0.646892655,0.646892655,0.646892655,0.646892655
24/12/2030 00:00,0.644632768,0.644632768,0.644632768,0.644632768
24/12/2030 01:00,0.640677966,0.640677966,0.640677966,0.640677966
24/12/2030 02:00,0.638418079,0.638418079,0.638418079,0.638418079
24/12/2030 03:00,0.640677966,0.640677966,0.640677966,0.640677966
24/12/2030 04:00,0.642937853,0.642937853,0.642937853,0.642937853
24/12/2030 05:00,0.64180791,0.64180791,0.64180791,0.64180791
24/12/2030 06:00,0.655932203,0.655932203,0.655932203,0.655932203
24/12/2030 07:00,0.645762712,0.645762712,0.645762712,0.645762712
24/12/2030 08:00,0.650282486,0.650282486,0.650282486,0.650282486
24/12/2030 09:00,0.642937853,0.642937853,0.642937853,0.642937853
24/12/2030 10:00,0.664971751,0.664971751,0.664971751,0.664971751
24/12/2030 11:00,0.65819209,0.65819209,0.65819209,0.65819209
24/12/2030 12:00,0.693220339,0.693220339,0.693220339,0.693220339
24/12/2030 13:00,0.689830508,0.689830508,0.689830508,0.689830508
24/12/2030 14:00,0.693220339,0.693220339,0.693220339,0.693220339
24/12/2030 15:00,0.858757062,0.858757062,0.858757062,0.858757062
24/12/2030 16:00,0.605649718,0.605649718,0.605649718,0.605649718
24/12/2030 17:00,0.663841808,0.663841808,0.663841808,0.663841808
24/12/2030 18:00,0.66440678,0.66440678,0.66440678,0.66440678
24/12/2030 19:00,0.649152542,0.649152542,0.649152542,0.649152542
24/12/2030 20:00,0.640677966,0.640677966,0.640677966,0.640677966
24/12/2030 21:00,0.656497175,0.656497175,0.656497175,0.656497175
24/12/2030 22:00,0.668361582,0.668361582,0.668361582,0.668361582
24/12/2030 23:00,0.636158192,0.636158192,0.636158192,0.636158192
25/12/2030 00:00,0.645762712,0.645762712,0.645762712,0.645762712
25/12/2030 01:00,0.659887006,0.659887006,0.659887006,0.659887006
25/12/2030 02:00,0.674011299,0.674011299,0.674011299,0.674011299
25/12/2030 03:00,0.681920904,0.681920904,0.681920904,0.681920904
25/12/2030 04:00,0.681920904,0.681920904,0.681920904,0.681920904
25/12/2030 05:00,0.692655367,0.692655367,0.692655367,0.692655367
25/12/2030 06:00,0.688700565,0.688700565,0.688700565,0.688700565
25/12/2030 07:00,0.657627119,0.657627119,0.657627119,0.657627119
25/12/2030 08:00,0.687570621,0.687570621,0.687570621,0.687570621
25/12/2030 09:00,0.659887006,0.659887006,0.659887006,0.659887006
25/12/2030 10:00,0.662711864,0.662711864,0.662711864,0.662711864
25/12/2030 11:00,0.661581921,0.661581921,0.661581921,0.661581921
25/12/2030 12:00,0.655367232,0.655367232,0.655367232,0.655367232
25/12/2030 13:00,0.657627119,0.657627119,0.657627119,0.657627119
25/12/2030 14:00,0.666666667,0.666666667,0.666666667,0.666666667
25/12/2030 15:00,0.837288136,0.837288136,0.837288136,0.837288136
25/12/2030 16:00,0.589830508,0.589830508,0.589830508,0.589830508
25/12/2030 17:00,0.654237288,0.654237288,0.654237288,0.654237288
25/12/2030 18:00,0.653672316,0.653672316,0.653672316,0.653672316
25/12/2030 19:00,0.653672316,0.653672316,0.653672316,0.653672316
25/12/2030 20:00,0.634463277,0.634463277,0.634463277,0.634463277
25/12/2030 21:00,0.613559322,0.613559322,0.613559322,0.613559322
25/12/2030 22:00,0.634463277,0.634463277,0.634463277,0.634463277
25/12/2030 23:00,0.661581921,0.661581921,0.661581921,0.661581921
26/12/2030 00:00,0.65819209,0.65819209,0.65819209,0.65819209
26/12/2030 01:00,0.653672316,0.653672316,0.653672316,0.653672316
26/12/2030 02:00,0.662711864,0.662711864,0.662711864,0.662711864
26/12/2030 03:00,0.657627119,0.657627119,0.657627119,0.657627119
26/12/2030 04:00,0.657062147,0.657062147,0.657062147,0.657062147
26/12/2030 05:00,0.653107345,0.653107345,0.653107345,0.653107345
26/12/2030 06:00,0.648587571,0.648587571,0.648587571,0.648587571
26/12/2030 07:00,0.64180791,0.64180791,0.64180791,0.64180791
26/12/2030 08:00,0.58700565,0.58700565,0.58700565,0.58700565
26/12/2030 09:00,0.651977401,0.651977401,0.651977401,0.651977401
26/12/2030 10:00,0.63559322,0.63559322,0.63559322,0.63559322
26/12/2030 11:00,0.657062147,0.657062147,0.657062147,0.657062147
26/12/2030 12:00,0.742937853,0.742937853,0.742937853,0.742937853
26/12/2030 13:00,0.825423729,0.825423729,0.825423729,0.825423729
26/12/2030 14:00,0.907909605,0.907909605,0.907909605,0.907909605
26/12/2030 15:00,1,1,1,1
26/12/2030 16:00,0.926553672,0.926553672,0.926553672,0.926553672
26/12/2030 17:00,0.938983051,0.938983051,0.938983051,0.938983051
26/12/2030 18:00,0.92259887,0.92259887,0.92259887,0.92259887
26/12/2030 19:00,0.910169492,0.910169492,0.910169492,0.910169492
26/12/2030 20:00,0.927118644,0.927118644,0.927118644,0.927118644
26/12/2030 21:00,0.811864407,0.811864407,0.811864407,0.811864407
26/12/2030 22:00,0.680225989,0.680225989,0.680225989,0.680225989
26/12/2030 23:00,0.687570621,0.687570621,0.687570621,0.687570621
27/12/2030 00:00,0.676271186,0.676271186,0.676271186,0.676271186
27/12/2030 01:00,0.65819209,0.65819209,0.65819209,0.65819209
27/12/2030 02:00,0.661581921,0.661581921,0.661581921,0.661581921
27/12/2030 03:00,0.66440678,0.66440678,0.66440678,0.66440678
27/12/2030 04:00,0.674011299,0.674011299,0.674011299,0.674011299
27/12/2030 05:00,0.65819209,0.65819209,0.65819209,0.65819209
27/12/2030 06:00,0.65819209,0.65819209,0.65819209,0.65819209
27/12/2030 07:00,0.66779661,0.66779661,0.66779661,0.66779661
27/12/2030 08:00,0.663841808,0.663841808,0.663841808,0.663841808
27/12/2030 09:00,0.627683616,0.627683616,0.627683616,0.627683616
27/12/2030 10:00,0.660451977,0.660451977,0.660451977,0.660451977
27/12/2030 11:00,0.69039548,0.69039548,0.69039548,0.69039548
27/12/2030 12:00,0.701694915,0.701694915,0.701694915,0.701694915
27/12/2030 13:00,0.711864407,0.711864407,0.711864407,0.711864407
27/12/2030 14:00,0.826553672,0.826553672,0.826553672,0.826553672
27/12/2030 15:00,0.968361582,0.968361582,0.968361582,0.968361582
27/12/2030 16:00,0.954237288,0.954237288,0.954237288,0.954237288
27/12/2030 17:00,0.955932203,0.955932203,0.955932203,0.955932203
27/12/2030 18:00,0.918644068,0.918644068,0.918644068,0.918644068
27/12/2030 19:00,0.936158192,0.936158192,0.936158192,0.936158192
27/12/2030 20:00,0.950847458,0.950847458,0.950847458,0.950847458
27/12/2030 21:00,0.814689266,0.814689266,0.814689266,0.814689266
27/12/2030 22:00,0.631638418,0.631638418,0.631638418,0.631638418
27/12/2030 23:00,0.584180791,0.584180791,0.584180791,0.584180791
28/12/2030 00:00,0.477966102,0.477966102,0.477966102,0.477966102
28/12/2030 01:00,0.473446328,0.473446328,0.473446328,0.473446328
28/12/2030 02:00,0.475706215,0.475706215,0.475706215,0.475706215
28/12/2030 03:00,0.486440678,0.486440678,0.486440678,0.486440678
28/12/2030 04:00,0.48079096,0.48079096,0.48079096,0.48079096
28/12/2030 05:00,0.477966102,0.477966102,0.477966102,0.477966102
28/12/2030 06:00,0.48079096,0.48079096,0.48079096,0.48079096
28/12/2030 07:00,0.481920904,0.481920904,0.481920904,0.481920904
28/12/2030 08:00,0.502824859,0.502824859,0.502824859,0.502824859
28/12/2030 09:00,0.510734463,0.510734463,0.510734463,0.510734463
28/12/2030 10:00,0.51920904,0.51920904,0.51920904,0.51920904
28/12/2030 11:00,0.525988701,0.525988701,0.525988701,0.525988701
28/12/2030 12:00,0.533898305,0.533898305,0.533898305,0.533898305
28/12/2030 13:00,0.540677966,0.540677966,0.540677966,0.540677966
28/12/2030 14:00,0.651977401,0.651977401,0.651977401,0.651977401
28/12/2030 15:00,0.789830508,0.789830508,0.789830508,0.789830508
28/12/2030 16:00,0.772881356,0.772881356,0.772881356,0.772881356
28/12/2030 17:00,0.770621469,0.770621469,0.770621469,0.770621469
28/12/2030 18:00,0.729378531,0.729378531,0.729378531,0.729378531
28/12/2030 19:00,0.715254237,0.715254237,0.715254237,0.715254237
28/12/2030 20:00,0.713559322,0.713559322,0.713559322,0.713559322
28/12/2030 21:00,0.579661017,0.579661017,0.579661017,0.579661017
28/12/2030 22:00,0.496045198,0.496045198,0.496045198,0.496045198
28/12/2030 23:00,0.502259887,0.502259887,0.502259887,0.502259887
29/12/2030 00:00,0.480225989,0.480225989,0.480225989,0.480225989
29/12/2030 01:00,0.47740113,0.47740113,0.47740113,0.47740113
29/12/2030 02:00,0.476271186,0.476271186,0.476271186,0.476271186
29/12/2030 03:00,0.479661017,0.479661017,0.479661017,0.479661017
29/12/2030 04:00,0.482485876,0.482485876,0.482485876,0.482485876
29/12/2030 05:00,0.482485876,0.482485876,0.482485876,0.482485876
29/12/2030 06:00,0.497740113,0.497740113,0.497740113,0.497740113
29/12/2030 07:00,0.488700565,0.488700565,0.488700565,0.488700565
29/12/2030 08:00,0.488135593,0.488135593,0.488135593,0.488135593
29/12/2030 09:00,0.493220339,0.493220339,0.493220339,0.493220339
29/12/2030 10:00,0.485875706,0.485875706,0.485875706,0.485875706
29/12/2030 11:00,0.512429379,0.512429379,0.512429379,0.512429379
29/12/2030 12:00,0.520338983,0.520338983,0.520338983,0.520338983
29/12/2030 13:00,0.526553672,0.526553672,0.526553672,0.526553672
29/12/2030 14:00,0.637853107,0.637853107,0.637853107,0.637853107
29/12/2030 15:00,0.776271186,0.776271186,0.776271186,0.776271186
29/12/2030 16:00,0.758757062,0.758757062,0.758757062,0.758757062
29/12/2030 17:00,0.757062147,0.757062147,0.757062147,0.757062147
29/12/2030 18:00,0.715819209,0.715819209,0.715819209,0.715819209
29/12/2030 19:00,0.701694915,0.701694915,0.701694915,0.701694915
29/12/2030 20:00,0.7,0.7,0.7,0.7
29/12/2030 21:00,0.566101695,0.566101695,0.566101695,0.566101695
29/12/2030 22:00,0.481920904,0.481920904,0.481920904,0.481920904
29/12/2030 23:00,0.488135593,0.488135593,0.488135593,0.488135593
30/12/2030 00:00,0.466666667,0.466666667,0.466666667,0.466666667
30/12/2030 01:00,0.463841808,0.463841808,0.463841808,0.463841808
30/12/2030 02:00,0.462711864,0.462711864,0.462711864,0.462711864
30/12/2030 03:00,0.466101695,0.466101695,0.466101695,0.466101695
30/12/2030 04:00,0.468926554,0.468926554,0.468926554,0.468926554
30/12/2030 05:00,0.468926554,0.468926554,0.468926554,0.468926554
30/12/2030 06:00,0.484180791,0.484180791,0.484180791,0.484180791
30/12/2030 07:00,0.475141243,0.475141243,0.475141243,0.475141243
30/12/2030 08:00,0.474011299,0.474011299,0.474011299,0.474011299
30/12/2030 09:00,0.479096045,0.479096045,0.479096045,0.479096045
30/12/2030 10:00,0.471751412,0.471751412,0.471751412,0.471751412
30/12/2030 11:00,0.498305085,0.498305085,0.498305085,0.498305085
30/12/2030 12:00,0.506214689,0.506214689,0.506214689,0.506214689
30/12/2030 13:00,0.51299435,0.51299435,0.51299435,0.51299435
30/12/2030 14:00,0.624293785,0.624293785,0.624293785,0.624293785
30/12/2030 15:00,0.762146893,0.762146893,0.762146893,0.762146893
30/12/2030 16:00,0.74519774,0.74519774,0.74519774,0.74519774
30/12/2030 17:00,0.742937853,0.742937853,0.742937853,0.742937853
30/12/2030 18:00,0.701694915,0.701694915,0.701694915,0.701694915
30/12/2030 19:00,0.687570621,0.687570621,0.687570621,0.687570621
30/12/2030 20:00,0.685875706,0.685875706,0.685875706,0.685875706
30/12/2030 21:00,0.552542373,0.552542373,0.552542373,0.552542373
30/12/2030 22:00,0.468361582,0.468361582,0.468361582,0.468361582
30/12/2030 23:00,0.474576271,0.474576271,0.474576271,0.474576271
31/12/2030 00:00,0.452542373,0.452542373,0.452542373,0.452542373
31/12/2030 01:00,0.449717514,0.449717514,0.449717514,0.449717514
31/12/2030 02:00,0.448587571,0.448587571,0.448587571,0.448587571
31/12/2030 03:00,0.451977401,0.451977401,0.451977401,0.451977401
31/12/2030 04:00,0.45480226,0.45480226,0.45480226,0.45480226
31/12/2030 05:00,0.455367232,0.455367232,0.455367232,0.455367232
31/12/2030 06:00,0.470056497,0.470056497,0.470056497,0.470056497
31/12/2030 07:00,0.461016949,0.461016949,0.461016949,0.461016949
31/12/2030 08:00,0.467231638,0.467231638,0.467231638,0.467231638
31/12/2030 09:00,0.460451977,0.460451977,0.460451977,0.460451977
31/12/2030 10:00,0.484180791,0.484180791,0.484180791,0.484180791
31/12/2030 11:00,0.477966102,0.477966102,0.477966102,0.477966102
31/12/2030 12:00,0.514124294,0.514124294,0.514124294,0.514124294
31/12/2030 13:00,0.511299435,0.511299435,0.511299435,0.511299435
31/12/2030 14:00,0.516384181,0.516384181,0.516384181,0.516384181
31/12/2030 15:00,0.682485876,0.682485876,0.682485876,0.682485876
31/12/2030 16:00,0.430508475,0.430508475,0.430508475,0.430508475
31/12/2030 17:00,0.49039548,0.49039548,0.49039548,0.49039548
31/12/2030 18:00,0.485310734,0.485310734,0.485310734,0.485310734
31/12/2030 19:00,0.479661017,0.479661017,0.479661017,0.479661017
31/12/2030 20:00,0.416384181,0.416384181,0.416384181,0.416384181
31/12/2030 21:00,0.415254237,0.415254237,0.415254237,0.415254237
31/12/2030 22:00,0.406214689,0.406214689,0.406214689,0.406214689
31/12/2030 23:00,0.372316384,0.372316384,0.372316384,0.372316384
