Date,TWN
2030-01-01 00:00:00,28752.2881
2030-01-01 01:00:00,28149.56255
2030-01-01 02:00:00,27469.59695
2030-01-01 03:00:00,26728.85231
2030-01-01 04:00:00,26450.28168
2030-01-01 05:00:00,26390.76886
2030-01-01 06:00:00,26542.71648
2030-01-01 07:00:00,26680.73557
2030-01-01 08:00:00,27499.98648
2030-01-01 09:00:00,27905.18013
2030-01-01 10:00:00,28748.48941
2030-01-01 11:00:00,29108.09877
2030-01-01 12:00:00,28751.02187
2030-01-01 13:00:00,28908.03441
2030-01-01 14:00:00,29077.70925
2030-01-01 15:00:00,29179.00766
2030-01-01 16:00:00,29777.93452
2030-01-01 17:00:00,31072.02174
2030-01-01 18:00:00,32005.23336
2030-01-01 19:00:00,31732.99388
2030-01-01 20:00:00,31793.77293
2030-01-01 21:00:00,31600.03972
2030-01-01 22:00:00,30879.55476
2030-01-01 23:00:00,29720.95417
2030-01-02 00:00:00,28349.62691
2030-01-02 01:00:00,27263.20144
2030-01-02 02:00:00,26022.29589
2030-01-02 03:00:00,25580.38156
2030-01-02 04:00:00,25389.18081
2030-01-02 05:00:00,25441.09625
2030-01-02 06:00:00,25833.6276
2030-01-02 07:00:00,26119.79561
2030-01-02 08:00:00,26342.65212
2030-01-02 09:00:00,27206.22108
2030-01-02 10:00:00,28044.46544
2030-01-02 11:00:00,28581.34703
2030-01-02 12:00:00,28552.22374
2030-01-02 13:00:00,28559.82112
2030-01-02 14:00:00,28671.24937
2030-01-02 15:00:00,29005.53413
2030-01-02 16:00:00,29633.58429
2030-01-02 17:00:00,31125.20341
2030-01-02 18:00:00,31983.70745
2030-01-02 19:00:00,32162.2459
2030-01-02 20:00:00,32359.77781
2030-01-02 21:00:00,32186.30428
2030-01-02 22:00:00,31153.06047
2030-01-02 23:00:00,29439.85107
2030-01-03 00:00:00,27827.94009
2030-01-03 01:00:00,27373.36346
2030-01-03 02:00:00,25928.59486
2030-01-03 03:00:00,25586.71272
2030-01-03 04:00:00,25590.51141
2030-01-03 05:00:00,26055.21787
2030-01-03 06:00:00,27083.39676
2030-01-03 07:00:00,28682.64544
2030-01-03 08:00:00,31793.77293
2030-01-03 09:00:00,33999.54586
2030-01-03 10:00:00,34912.4978
2030-01-03 11:00:00,35346.81474
2030-01-03 12:00:00,33632.33911
2030-01-03 13:00:00,34619.99863
2030-01-03 14:00:00,35343.01605
2030-01-03 15:00:00,35886.22879
2030-01-03 16:00:00,36506.68156
2030-01-03 17:00:00,36657.36295
2030-01-03 18:00:00,37406.9712
2030-01-03 19:00:00,36625.7072
2030-01-03 20:00:00,36302.81851
2030-01-03 21:00:00,35327.82129
2030-01-03 22:00:00,33938.76681
2030-01-03 23:00:00,32319.25844
2030-01-04 00:00:00,30271.76428
2030-01-04 01:00:00,29085.30663
2030-01-04 02:00:00,28363.55544
2030-01-04 03:00:00,28043.19921
2030-01-04 04:00:00,27795.0181
2030-01-04 05:00:00,28274.91933
2030-01-04 06:00:00,29458.84453
2030-01-04 07:00:00,30507.28309
2030-01-04 08:00:00,33629.80665
2030-01-04 09:00:00,35297.43176
2030-01-04 10:00:00,35682.36573
2030-01-04 11:00:00,36291.42243
2030-01-04 12:00:00,34283.18141
2030-01-04 13:00:00,35486.10006
2030-01-04 14:00:00,36148.33843
2030-01-04 15:00:00,36482.62319
2030-01-04 16:00:00,37068.88775
2030-01-04 17:00:00,37215.77045
2030-01-04 18:00:00,37856.4829
2030-01-04 19:00:00,37515.86699
2030-01-04 20:00:00,36908.07652
2030-01-04 21:00:00,35827.9822
2030-01-04 22:00:00,34326.23324
2030-01-04 23:00:00,32714.32225
2030-01-05 00:00:00,30968.19087
2030-01-05 01:00:00,29815.92143
2030-01-05 02:00:00,28838.39175
2030-01-05 03:00:00,28339.49707
2030-01-05 04:00:00,28268.58818
2030-01-05 05:00:00,28606.67163
2030-01-05 06:00:00,29790.59683
2030-01-05 07:00:00,30837.76916
2030-01-05 08:00:00,31762.11718
2030-01-05 09:00:00,36244.57192
2030-01-05 10:00:00,36708.01216
2030-01-05 11:00:00,36982.7841
2030-01-05 12:00:00,35482.30137
2030-01-05 13:00:00,35897.62486
2030-01-05 14:00:00,36340.80541
2030-01-05 15:00:00,37081.55005
2030-01-05 16:00:00,37489.27616
2030-01-05 17:00:00,37615.89918
2030-01-05 18:00:00,38205.96243
2030-01-05 19:00:00,37566.5162
2030-01-05 20:00:00,36820.70664
2030-01-05 21:00:00,36035.64394
2030-01-05 22:00:00,34399.67459
2030-01-05 23:00:00,32830.81542
2030-01-06 00:00:00,30804.84718
2030-01-06 01:00:00,29599.39607
2030-01-06 02:00:00,29044.78727
2030-01-06 03:00:00,28400.27612
2030-01-06 04:00:00,28240.73112
2030-01-06 05:00:00,28416.73711
2030-01-06 06:00:00,29358.81234
2030-01-06 07:00:00,30842.83408
2030-01-06 08:00:00,34174.28562
2030-01-06 09:00:00,35720.35264
2030-01-06 10:00:00,35977.39736
2030-01-06 11:00:00,36523.14255
2030-01-06 12:00:00,35434.18462
2030-01-06 13:00:00,34549.08974
2030-01-06 14:00:00,36716.87577
2030-01-06 15:00:00,36840.96632
2030-01-06 16:00:00,37379.11414
2030-01-06 17:00:00,37493.07485
2030-01-06 18:00:00,37933.72294
2030-01-06 19:00:00,37504.47092
2030-01-06 20:00:00,36915.6739
2030-01-06 21:00:00,36034.37771
2030-01-06 22:00:00,34551.6222
2030-01-06 23:00:00,33219.54808
2030-01-07 00:00:00,30978.32071
2030-01-07 01:00:00,29691.83087
2030-01-07 02:00:00,28935.89147
2030-01-07 03:00:00,28504.10699
2030-01-07 04:00:00,28305.30886
2030-01-07 05:00:00,28595.27556
2030-01-07 06:00:00,29508.2275
2030-01-07 07:00:00,30912.47674
2030-01-07 08:00:00,31891.27265
2030-01-07 09:00:00,34945.41978
2030-01-07 10:00:00,35953.33898
2030-01-07 11:00:00,36252.1693
2030-01-07 12:00:00,34608.60256
2030-01-07 13:00:00,35791.26152
2030-01-07 14:00:00,36500.35041
2030-01-07 15:00:00,36585.18783
2030-01-07 16:00:00,36735.86922
2030-01-07 17:00:00,37100.5435
2030-01-07 18:00:00,37453.82172
2030-01-07 19:00:00,36865.02469
2030-01-07 20:00:00,36171.13057
2030-01-07 21:00:00,35534.2168
2030-01-07 22:00:00,34167.95447
2030-01-07 23:00:00,32956.17221
2030-01-08 00:00:00,31136.59948
2030-01-08 01:00:00,29843.77849
2030-01-08 02:00:00,28657.32084
2030-01-08 03:00:00,28253.39342
2030-01-08 04:00:00,28022.93953
2030-01-08 05:00:00,27944.43326
2030-01-08 06:00:00,28239.46489
2030-01-08 07:00:00,28875.11242
2030-01-08 08:00:00,30480.69226
2030-01-08 09:00:00,31470.88424
2030-01-08 10:00:00,32024.22682
2030-01-08 11:00:00,32428.15424
2030-01-08 12:00:00,31565.8515
2030-01-08 13:00:00,32205.29773
2030-01-08 14:00:00,32662.40681
2030-01-08 15:00:00,32469.93983
2030-01-08 16:00:00,32906.78923
2030-01-08 17:00:00,33361.36586
2030-01-08 18:00:00,34179.35054
2030-01-08 19:00:00,33799.48149
2030-01-08 20:00:00,33661.46241
2030-01-08 21:00:00,33344.90487
2030-01-08 22:00:00,32516.79035
2030-01-08 23:00:00,31094.81388
2030-01-09 00:00:00,29755.14238
2030-01-09 01:00:00,28382.54889
2030-01-09 02:00:00,27511.38255
2030-01-09 03:00:00,26883.33239
2030-01-09 04:00:00,26546.51517
2030-01-09 05:00:00,26665.54081
2030-01-09 06:00:00,26784.56644
2030-01-09 07:00:00,26939.04652
2030-01-09 08:00:00,27677.2587
2030-01-09 09:00:00,28405.34104
2030-01-09 10:00:00,29070.11187
2030-01-09 11:00:00,29500.63012
2030-01-09 12:00:00,29482.9029
2030-01-09 13:00:00,29446.18222
2030-01-09 14:00:00,29637.38298
2030-01-09 15:00:00,30078.03107
2030-01-09 16:00:00,30893.48329
2030-01-09 17:00:00,32173.64198
2030-01-09 18:00:00,33220.81431
2030-01-09 19:00:00,33077.7303
2030-01-09 20:00:00,33011.88634
2030-01-09 21:00:00,32824.48427
2030-01-09 22:00:00,31659.55253
2030-01-09 23:00:00,29980.53135
2030-01-10 00:00:00,28547.15881
2030-01-10 01:00:00,27441.73989
2030-01-10 02:00:00,26555.37878
2030-01-10 03:00:00,26232.49009
2030-01-10 04:00:00,26124.86053
2030-01-10 05:00:00,26518.65811
2030-01-10 06:00:00,27689.921
2030-01-10 07:00:00,29390.4681
2030-01-10 08:00:00,31638.02662
2030-01-10 09:00:00,33752.63098
2030-01-10 10:00:00,35362.0095
2030-01-10 11:00:00,36155.93581
2030-01-10 12:00:00,34198.34399
2030-01-10 13:00:00,34679.51145
2030-01-10 14:00:00,36158.46827
2030-01-10 15:00:00,36434.50644
2030-01-10 16:00:00,36999.24509
2030-01-10 17:00:00,37103.07596
2030-01-10 18:00:00,37791.90517
2030-01-10 19:00:00,37315.80263
2030-01-10 20:00:00,36685.22001
2030-01-10 21:00:00,35960.93636
2030-01-10 22:00:00,34297.10994
2030-01-10 23:00:00,32852.34134
2030-01-11 00:00:00,30940.33381
2030-01-11 01:00:00,29772.8696
2030-01-11 02:00:00,29067.57941
2030-01-11 03:00:00,28383.81513
2030-01-11 04:00:00,28226.80259
2030-01-11 05:00:00,28452.19155
2030-01-11 06:00:00,29614.59083
2030-01-11 07:00:00,30998.58039
2030-01-11 08:00:00,33528.50824
2030-01-11 09:00:00,35472.17153
2030-01-11 10:00:00,36216.71486
2030-01-11 11:00:00,36434.50644
2030-01-11 12:00:00,34906.16665
2030-01-11 13:00:00,35429.1197
2030-01-11 14:00:00,36068.56593
2030-01-11 15:00:00,36433.24021
2030-01-11 16:00:00,36676.3564
2030-01-11 17:00:00,37405.70497
2030-01-11 18:00:00,38059.07973
2030-01-11 19:00:00,37712.13267
2030-01-11 20:00:00,37204.37438
2030-01-11 21:00:00,36494.01926
2030-01-11 22:00:00,35088.50379
2030-01-11 23:00:00,33298.05435
2030-01-12 00:00:00,31329.06646
2030-01-12 01:00:00,29970.40151
2030-01-12 02:00:00,29095.43647
2030-01-12 03:00:00,28783.94385
2030-01-12 04:00:00,28564.88604
2030-01-12 05:00:00,28920.69671
2030-01-12 06:00:00,29808.32405
2030-01-12 07:00:00,31353.12484
2030-01-12 08:00:00,33903.31236
2030-01-12 09:00:00,36038.1764
2030-01-12 10:00:00,36739.66791
2030-01-12 11:00:00,36976.45295
2030-01-12 12:00:00,35497.49613
2030-01-12 13:00:00,35867.23533
2030-01-12 14:00:00,36440.83759
2030-01-12 15:00:00,36578.85668
2030-01-12 16:00:00,37034.69954
2030-01-12 17:00:00,37210.70553
2030-01-12 18:00:00,37822.29469
2030-01-12 19:00:00,37374.04922
2030-01-12 20:00:00,37248.69243
2030-01-12 21:00:00,36638.3695
2030-01-12 22:00:00,35163.21137
2030-01-12 23:00:00,33880.52022
2030-01-13 00:00:00,31811.50015
2030-01-13 01:00:00,30403.45222
2030-01-13 02:00:00,29413.26024
2030-01-13 03:00:00,29152.41683
2030-01-13 04:00:00,28744.69072
2030-01-13 05:00:00,29073.91056
2030-01-13 06:00:00,30200.8554
2030-01-13 07:00:00,31373.38452
2030-01-13 08:00:00,34038.79899
2030-01-13 09:00:00,35702.62541
2030-01-13 10:00:00,36140.74105
2030-01-13 11:00:00,36448.43497
2030-01-13 12:00:00,34345.22669
2030-01-13 13:00:00,34285.71387
2030-01-13 14:00:00,36530.73993
2030-01-13 15:00:00,36550.99962
2030-01-13 16:00:00,36992.91394
2030-01-13 17:00:00,37165.12124
2030-01-13 18:00:00,37647.55493
2030-01-13 19:00:00,37355.05576
2030-01-13 20:00:00,37229.69898
2030-01-13 21:00:00,36610.51243
2030-01-13 22:00:00,35155.61399
2030-01-13 23:00:00,33594.35221
2030-01-14 00:00:00,31334.13138
2030-01-14 01:00:00,29970.40151
2030-01-14 02:00:00,29039.72234
2030-01-14 03:00:00,28461.05516
2030-01-14 04:00:00,28363.55544
2030-01-14 05:00:00,28696.57397
2030-01-14 06:00:00,30065.36877
2030-01-14 07:00:00,31207.50837
2030-01-14 08:00:00,34298.37617
2030-01-14 09:00:00,35458.24299
2030-01-14 10:00:00,35964.73506
2030-01-14 11:00:00,36291.42243
2030-01-14 12:00:00,34250.25943
2030-01-14 13:00:00,35638.04768
2030-01-14 14:00:00,36312.94835
2030-01-14 15:00:00,36440.83759
2030-01-14 16:00:00,36735.86922
2030-01-14 17:00:00,36718.142
2030-01-14 18:00:00,37322.13378
2030-01-14 19:00:00,36843.49878
2030-01-14 20:00:00,36328.14311
2030-01-14 21:00:00,35877.36517
2030-01-14 22:00:00,34684.57637
2030-01-14 23:00:00,33456.33312
2030-01-15 00:00:00,31479.74785
2030-01-15 01:00:00,30341.40694
2030-01-15 02:00:00,29225.85818
2030-01-15 03:00:00,28723.16481
2030-01-15 04:00:00,28400.27612
2030-01-15 05:00:00,28490.17846
2030-01-15 06:00:00,28962.48231
2030-01-15 07:00:00,29562.6754
2030-01-15 08:00:00,30911.21051
2030-01-15 09:00:00,32273.67416
2030-01-15 10:00:00,32827.01673
2030-01-15 11:00:00,33170.16511
2030-01-15 12:00:00,32336.98566
2030-01-15 13:00:00,32839.67904
2030-01-15 14:00:00,32999.22404
2030-01-15 15:00:00,33163.83396
2030-01-15 16:00:00,33266.3986
2030-01-15 17:00:00,33764.02705
2030-01-15 18:00:00,34699.77113
2030-01-15 19:00:00,34394.60966
2030-01-15 20:00:00,34284.44764
2030-01-15 21:00:00,33896.98121
2030-01-15 22:00:00,32934.6463
2030-01-15 23:00:00,31536.72821
2030-01-16 00:00:00,29960.27167
2030-01-16 01:00:00,28614.26901
2030-01-16 02:00:00,27732.97283
2030-01-16 03:00:00,27030.21509
2030-01-16 04:00:00,26812.4235
2030-01-16 05:00:00,26928.91668
2030-01-16 06:00:00,27353.10378
2030-01-16 07:00:00,27439.20743
2030-01-16 08:00:00,27963.42671
2030-01-16 09:00:00,28700.37266
2030-01-16 10:00:00,29251.18278
2030-01-16 11:00:00,29685.49972
2030-01-16 12:00:00,29947.60936
2030-01-16 13:00:00,30104.6219
2030-01-16 14:00:00,30142.60881
2030-01-16 15:00:00,30386.99123
2030-01-16 16:00:00,30909.94428
2030-01-16 17:00:00,32390.16733
2030-01-16 18:00:00,33394.28784
2030-01-16 19:00:00,33219.54808
2030-01-16 20:00:00,33374.02816
2030-01-16 21:00:00,33041.00963
2030-01-16 22:00:00,31891.27265
2030-01-16 23:00:00,29934.94706
2030-01-17 00:00:00,28490.17846
2030-01-17 01:00:00,27093.5266
2030-01-17 02:00:00,26498.39843
2030-01-17 03:00:00,26137.52283
2030-01-17 04:00:00,26098.2697
2030-01-17 05:00:00,26456.61283
2030-01-17 06:00:00,27831.73878
2030-01-17 07:00:00,29746.27877
2030-01-17 08:00:00,33443.67082
2030-01-17 09:00:00,35401.26264
2030-01-17 10:00:00,36187.59156
2030-01-17 11:00:00,36640.90196
2030-01-17 12:00:00,34632.66093
2030-01-17 13:00:00,35900.15732
2030-01-17 14:00:00,36630.77212
2030-01-17 15:00:00,36790.31712
2030-01-17 16:00:00,37448.7568
2030-01-17 17:00:00,37585.50965
2030-01-17 18:00:00,38055.28104
2030-01-17 19:00:00,37594.37326
2030-01-17 20:00:00,36975.18672
2030-01-17 21:00:00,36134.4099
2030-01-17 22:00:00,34559.21958
2030-01-17 23:00:00,32970.10074
2030-01-18 00:00:00,30782.05504
2030-01-18 01:00:00,29495.5652
2030-01-18 02:00:00,28787.74254
2030-01-18 03:00:00,28388.88005
2030-01-18 04:00:00,28114.1081
2030-01-18 05:00:00,28654.78838
2030-01-18 06:00:00,29750.07746
2030-01-18 07:00:00,31212.57329
2030-01-18 08:00:00,34454.12248
2030-01-18 09:00:00,36221.77978
2030-01-18 10:00:00,36810.5768
2030-01-18 11:00:00,37041.03069
2030-01-18 12:00:00,34790.9397
2030-01-18 13:00:00,35978.66359
2030-01-18 14:00:00,36695.34985
2030-01-18 15:00:00,36801.71319
2030-01-18 16:00:00,37339.861
2030-01-18 17:00:00,37791.90517
2030-01-18 18:00:00,38357.91005
2030-01-18 19:00:00,37924.85933
2030-01-18 20:00:00,37165.12124
2030-01-18 21:00:00,36295.22113
2030-01-18 22:00:00,34650.38816
2030-01-18 23:00:00,33037.21094
2030-01-19 00:00:00,30842.83408
2030-01-19 01:00:00,29582.93508
2030-01-19 02:00:00,28849.78782
2030-01-19 03:00:00,28373.68528
2030-01-19 04:00:00,28223.0039
2030-01-19 05:00:00,28368.62036
2030-01-19 06:00:00,29751.34369
2030-01-19 07:00:00,31177.11884
2030-01-19 08:00:00,34376.88244
2030-01-19 09:00:00,36098.95545
2030-01-19 10:00:00,36454.76612
2030-01-19 11:00:00,36734.60299
2030-01-19 12:00:00,35129.02315
2030-01-19 13:00:00,35850.77434
2030-01-19 14:00:00,36611.77866
2030-01-19 15:00:00,36861.226
2030-01-19 16:00:00,37344.92592
2030-01-19 17:00:00,37213.23799
2030-01-19 18:00:00,37897.00227
2030-01-19 19:00:00,37339.861
2030-01-19 20:00:00,36820.70664
2030-01-19 21:00:00,35982.46228
2030-01-19 22:00:00,34413.60312
2030-01-19 23:00:00,32776.36753
2030-01-20 00:00:00,30868.15869
2030-01-20 01:00:00,29676.63611
2030-01-20 02:00:00,28883.97604
2030-01-20 03:00:00,28482.58108
2030-01-20 04:00:00,28292.64655
2030-01-20 05:00:00,28661.11953
2030-01-20 06:00:00,29965.33659
2030-01-20 07:00:00,31129.0021
2030-01-20 08:00:00,33999.54586
2030-01-20 09:00:00,35583.59978
2030-01-20 10:00:00,36362.33132
2030-01-20 11:00:00,36857.42731
2030-01-20 12:00:00,34836.52399
2030-01-20 13:00:00,36211.64994
2030-01-20 14:00:00,36994.18017
2030-01-20 15:00:00,36965.05688
2030-01-20 16:00:00,37408.23743
2030-01-20 17:00:00,37614.63295
2030-01-20 18:00:00,38069.20957
2030-01-20 19:00:00,37674.14576
2030-01-20 20:00:00,37108.14088
2030-01-20 21:00:00,36064.76724
2030-01-20 22:00:00,34598.47272
2030-01-20 23:00:00,32866.26987
2030-01-21 00:00:00,31074.5542
2030-01-21 01:00:00,29928.61591
2030-01-21 02:00:00,28986.54068
2030-01-21 03:00:00,28537.02897
2030-01-21 04:00:00,28430.66564
2030-01-21 05:00:00,28687.71036
2030-01-21 06:00:00,29599.39607
2030-01-21 07:00:00,31275.8848
2030-01-21 08:00:00,34778.2774
2030-01-21 09:00:00,36461.09728
2030-01-21 10:00:00,36910.60898
2030-01-21 11:00:00,37351.25707
2030-01-21 12:00:00,35551.94403
2030-01-21 13:00:00,36719.40823
2030-01-21 14:00:00,37515.86699
2030-01-21 15:00:00,37460.15287
2030-01-21 16:00:00,37971.70985
2030-01-21 17:00:00,37880.54128
2030-01-21 18:00:00,38331.31921
2030-01-21 19:00:00,37683.00937
2030-01-21 20:00:00,37117.0045
2030-01-21 21:00:00,36280.02636
2030-01-21 22:00:00,34841.58891
2030-01-21 23:00:00,33379.09308
2030-01-22 00:00:00,31253.09265
2030-01-22 01:00:00,30267.96559
2030-01-22 02:00:00,29367.67595
2030-01-22 03:00:00,28738.35957
2030-01-22 04:00:00,28616.80147
2030-01-22 05:00:00,28742.15826
2030-01-22 06:00:00,29651.31151
2030-01-22 07:00:00,30947.93119
2030-01-22 08:00:00,33962.82518
2030-01-22 09:00:00,35375.93803
2030-01-22 10:00:00,35978.66359
2030-01-22 11:00:00,36363.59755
2030-01-22 12:00:00,34754.21903
2030-01-22 13:00:00,35427.85347
2030-01-22 14:00:00,36140.74105
2030-01-22 15:00:00,36273.69521
2030-01-22 16:00:00,36583.9216
2030-01-22 17:00:00,36662.42787
2030-01-22 18:00:00,36734.60299
2030-01-22 19:00:00,36202.78632
2030-01-22 20:00:00,35876.09894
2030-01-22 21:00:00,35411.39248
2030-01-22 22:00:00,34070.45475
2030-01-22 23:00:00,32449.68015
2030-01-23 00:00:00,30697.21762
2030-01-23 01:00:00,29265.11131
2030-01-23 02:00:00,28273.6531
2030-01-23 03:00:00,27598.75243
2030-01-23 04:00:00,27326.51295
2030-01-23 05:00:00,27451.86973
2030-01-23 06:00:00,27765.89481
2030-01-23 07:00:00,27987.48509
2030-01-23 08:00:00,28624.39885
2030-01-23 09:00:00,29551.27933
2030-01-23 10:00:00,30269.23182
2030-01-23 11:00:00,30789.65242
2030-01-23 12:00:00,30769.39273
2030-01-23 13:00:00,31113.80734
2030-01-23 14:00:00,31286.01464
2030-01-23 15:00:00,31187.24869
2030-01-23 16:00:00,31882.40904
2030-01-23 17:00:00,32859.93872
2030-01-23 18:00:00,33851.39693
2030-01-23 19:00:00,33731.10506
2030-01-23 20:00:00,33638.67026
2030-01-23 21:00:00,33262.59991
2030-01-23 22:00:00,31895.07134
2030-01-23 23:00:00,30464.23127
2030-01-24 00:00:00,28799.13862
2030-01-24 01:00:00,27488.59041
2030-01-24 02:00:00,26731.38477
2030-01-24 03:00:00,26267.94454
2030-01-24 04:00:00,26080.54248
2030-01-24 05:00:00,26649.07981
2030-01-24 06:00:00,27681.05739
2030-01-24 07:00:00,29503.16258
2030-01-24 08:00:00,33438.6059
2030-01-24 09:00:00,35498.76236
2030-01-24 10:00:00,35929.28061
2030-01-24 11:00:00,36616.84358
2030-01-24 12:00:00,35253.11371
2030-01-24 13:00:00,35719.08641
2030-01-24 14:00:00,36673.82394
2030-01-24 15:00:00,36742.20037
2030-01-24 16:00:00,37379.11414
2030-01-24 17:00:00,37366.45184
2030-01-24 18:00:00,37876.74259
2030-01-24 19:00:00,37100.5435
2030-01-24 20:00:00,36425.64283
2030-01-24 21:00:00,35645.64506
2030-01-24 22:00:00,33979.28617
2030-01-24 23:00:00,32591.49793
2030-01-25 00:00:00,30663.0294
2030-01-25 01:00:00,29132.15715
2030-01-25 02:00:00,28393.94497
2030-01-25 03:00:00,27869.72568
2030-01-25 04:00:00,27936.83588
2030-01-25 05:00:00,28117.90679
2030-01-25 06:00:00,29167.61159
2030-01-25 07:00:00,30600.98412
2030-01-25 08:00:00,33914.70844
2030-01-25 09:00:00,35427.85347
2030-01-25 10:00:00,35998.92327
2030-01-25 11:00:00,36212.91617
2030-01-25 12:00:00,34422.46673
2030-01-25 13:00:00,35784.93037
2030-01-25 14:00:00,36583.9216
2030-01-25 15:00:00,36758.66136
2030-01-25 16:00:00,37204.37438
2030-01-25 17:00:00,37063.82283
2030-01-25 18:00:00,37698.20414
2030-01-25 19:00:00,37060.02414
2030-01-25 20:00:00,36211.64994
2030-01-25 21:00:00,35539.28172
2030-01-25 22:00:00,34207.2076
2030-01-25 23:00:00,32944.77614
2030-01-26 00:00:00,31063.15813
2030-01-26 01:00:00,29455.04584
2030-01-26 02:00:00,28778.87893
2030-01-26 03:00:00,28393.94497
2030-01-26 04:00:00,28145.76386
2030-01-26 05:00:00,28406.60727
2030-01-26 06:00:00,29510.75996
2030-01-26 07:00:00,30652.89956
2030-01-26 08:00:00,33881.78645
2030-01-26 09:00:00,35387.33411
2030-01-26 10:00:00,36025.5141
2030-01-26 11:00:00,36654.83049
2030-01-26 12:00:00,34765.6151
2030-01-26 13:00:00,36093.89053
2030-01-26 14:00:00,36956.19327
2030-01-26 15:00:00,37046.09561
2030-01-26 16:00:00,37338.59477
2030-01-26 17:00:00,37181.58223
2030-01-26 18:00:00,37584.24342
2030-01-26 19:00:00,36924.53751
2030-01-26 20:00:00,36209.11747
2030-01-26 21:00:00,35391.1328
2030-01-26 22:00:00,34009.6757
2030-01-26 23:00:00,32643.41336
2030-01-27 00:00:00,30975.78825
2030-01-27 01:00:00,29624.72068
2030-01-27 02:00:00,28837.12552
2030-01-27 03:00:00,28266.05572
2030-01-27 04:00:00,28049.53036
2030-01-27 05:00:00,28435.73056
2030-01-27 06:00:00,29249.91655
2030-01-27 07:00:00,30436.3742
2030-01-27 08:00:00,33707.04669
2030-01-27 09:00:00,35199.93204
2030-01-27 10:00:00,35815.3199
2030-01-27 11:00:00,36306.6172
2030-01-27 12:00:00,34593.4078
2030-01-27 13:00:00,35672.23589
2030-01-27 14:00:00,36400.31823
2030-01-27 15:00:00,36345.87033
2030-01-27 16:00:00,36618.10981
2030-01-27 17:00:00,36471.22712
2030-01-27 18:00:00,36842.23255
2030-01-27 19:00:00,36104.02037
2030-01-27 20:00:00,35443.04823
2030-01-27 21:00:00,34509.83661
2030-01-27 22:00:00,33122.04836
2030-01-27 23:00:00,31710.20174
2030-01-28 00:00:00,29971.66774
2030-01-28 01:00:00,28724.43104
2030-01-28 02:00:00,27881.12175
2030-01-28 03:00:00,27415.14906
2030-01-28 04:00:00,27168.23418
2030-01-28 05:00:00,27229.01322
2030-01-28 06:00:00,28071.05628
2030-01-28 07:00:00,29405.66286
2030-01-28 08:00:00,32076.14225
2030-01-28 09:00:00,33428.47606
2030-01-28 10:00:00,33997.0134
2030-01-28 11:00:00,34322.43455
2030-01-28 12:00:00,32959.9709
2030-01-28 13:00:00,33271.46352
2030-01-28 14:00:00,33324.64518
2030-01-28 15:00:00,33148.63919
2030-01-28 16:00:00,33441.13836
2030-01-28 17:00:00,33972.95502
2030-01-28 18:00:00,34484.51201
2030-01-28 19:00:00,34046.39637
2030-01-28 20:00:00,33679.18963
2030-01-28 21:00:00,32963.76959
2030-01-28 22:00:00,31715.26666
2030-01-28 23:00:00,30519.94539
2030-01-29 00:00:00,28981.47576
2030-01-29 01:00:00,27802.61548
2030-01-29 02:00:00,26946.6439
2030-01-29 03:00:00,26335.05474
2030-01-29 04:00:00,26023.56212
2030-01-29 05:00:00,26141.32152
2030-01-29 06:00:00,26569.30731
2030-01-29 07:00:00,27037.81247
2030-01-29 08:00:00,28197.67929
2030-01-29 09:00:00,29072.64433
2030-01-29 10:00:00,29827.3175
2030-01-29 11:00:00,30243.90722
2030-01-29 12:00:00,29942.54444
2030-01-29 13:00:00,29955.20675
2030-01-29 14:00:00,30075.49861
2030-01-29 15:00:00,29922.28476
2030-01-29 16:00:00,30675.6917
2030-01-29 17:00:00,31872.2792
2030-01-29 18:00:00,32637.08221
2030-01-29 19:00:00,32315.45975
2030-01-29 20:00:00,32076.14225
2030-01-29 21:00:00,31768.44833
2030-01-29 22:00:00,30776.99012
2030-01-29 23:00:00,29205.59849
2030-01-30 00:00:00,27753.23251
2030-01-30 01:00:00,26362.9118
2030-01-30 02:00:00,25558.85565
2030-01-30 03:00:00,25057.42851
2030-01-30 04:00:00,24748.46835
2030-01-30 05:00:00,25033.37014
2030-01-30 06:00:00,25370.18736
2030-01-30 07:00:00,25504.40776
2030-01-30 08:00:00,26304.66521
2030-01-30 09:00:00,27351.83755
2030-01-30 10:00:00,27924.17358
2030-01-30 11:00:00,28376.21774
2030-01-30 12:00:00,28211.60782
2030-01-30 13:00:00,28204.01044
2030-01-30 14:00:00,27786.15449
2030-01-30 15:00:00,28228.06882
2030-01-30 16:00:00,29099.23516
2030-01-30 17:00:00,30223.64754
2030-01-30 18:00:00,31306.27432
2030-01-30 19:00:00,31175.85261
2030-01-30 20:00:00,31329.06646
2030-01-30 21:00:00,31164.45654
2030-01-30 22:00:00,30126.14782
2030-01-30 23:00:00,28688.97659
2030-01-31 00:00:00,27301.18834
2030-01-31 01:00:00,25941.25716
2030-01-31 02:00:00,25038.43506
2030-01-31 03:00:00,24314.15141
2030-01-31 04:00:00,24050.77554
2030-01-31 05:00:00,24027.9834
2030-01-31 06:00:00,24357.20324
2030-01-31 07:00:00,24631.97518
2030-01-31 08:00:00,24944.73403
2030-01-31 09:00:00,25423.36903
2030-01-31 10:00:00,25689.27736
2030-01-31 11:00:00,25967.84799
2030-01-31 12:00:00,26156.51628
2030-01-31 13:00:00,26246.41863
2030-01-31 14:00:00,26314.79505
2030-01-31 15:00:00,26595.89815
2030-01-31 16:00:00,27506.31763
2030-01-31 17:00:00,28697.8402
2030-01-31 18:00:00,28504.10699
2030-01-31 19:00:00,27710.18068
2030-01-31 20:00:00,27822.87517
2030-01-31 21:00:00,27900.11521
2030-01-31 22:00:00,27629.14195
2030-01-31 23:00:00,26825.08581
2030-02-01 00:00:00,25761.45248
2030-02-01 01:00:00,24837.10446
2030-02-01 02:00:00,23803.86066
2030-02-01 03:00:00,23304.96598
2030-02-01 04:00:00,22993.47336
2030-02-01 05:00:00,23122.62884
2030-02-01 06:00:00,23459.44606
2030-02-01 07:00:00,23613.92614
2030-02-01 08:00:00,24217.91792
2030-02-01 09:00:00,24721.87752
2030-02-01 10:00:00,25162.52561
2030-02-01 11:00:00,25662.68652
2030-02-01 12:00:00,25549.99204
2030-02-01 13:00:00,25351.19391
2030-02-01 14:00:00,25206.84367
2030-02-01 15:00:00,25514.5376
2030-02-01 16:00:00,26308.4639
2030-02-01 17:00:00,27732.97283
2030-02-01 18:00:00,28488.91223
2030-02-01 19:00:00,28530.69782
2030-02-01 20:00:00,28723.16481
2030-02-01 21:00:00,28501.57453
2030-02-01 22:00:00,27836.8037
2030-02-01 23:00:00,26920.05307
2030-02-02 00:00:00,25465.15462
2030-02-02 01:00:00,24474.96264
2030-02-02 02:00:00,23570.87431
2030-02-02 03:00:00,23073.24586
2030-02-02 04:00:00,22923.8307
2030-02-02 05:00:00,22984.60975
2030-02-02 06:00:00,23429.05653
2030-02-02 07:00:00,23705.09471
2030-02-02 08:00:00,24347.0734
2030-02-02 09:00:00,24916.87696
2030-02-02 10:00:00,25506.94022
2030-02-02 11:00:00,25876.67942
2030-02-02 12:00:00,25590.51141
2030-02-02 13:00:00,25651.29045
2030-02-02 14:00:00,25681.67998
2030-02-02 15:00:00,25948.85454
2030-02-02 16:00:00,26737.71593
2030-02-02 17:00:00,27953.29687
2030-02-02 18:00:00,28676.31429
2030-02-02 19:00:00,28619.33393
2030-02-02 20:00:00,28615.53524
2030-02-02 21:00:00,28763.68417
2030-02-02 22:00:00,28068.52382
2030-02-02 23:00:00,27106.1889
2030-02-03 00:00:00,25814.63414
2030-02-03 01:00:00,24673.76077
2030-02-03 02:00:00,23982.39911
2030-02-03 03:00:00,23291.03745
2030-02-03 04:00:00,23069.44717
2030-02-03 05:00:00,23211.26495
2030-02-03 06:00:00,23488.56935
2030-02-03 07:00:00,24005.19125
2030-02-03 08:00:00,24909.27958
2030-02-03 09:00:00,25647.49176
2030-02-03 10:00:00,26178.0422
2030-02-03 11:00:00,26947.91013
2030-02-03 12:00:00,27087.19545
2030-02-03 13:00:00,27035.28001
2030-02-03 14:00:00,26812.4235
2030-02-03 15:00:00,27249.27291
2030-02-03 16:00:00,27911.51128
2030-02-03 17:00:00,29108.09877
2030-02-03 18:00:00,29881.7654
2030-02-03 19:00:00,29793.12929
2030-02-03 20:00:00,29857.70702
2030-02-03 21:00:00,29805.79159
2030-02-03 22:00:00,28925.76163
2030-02-03 23:00:00,27820.34271
2030-02-04 00:00:00,26378.10656
2030-02-04 01:00:00,25244.83057
2030-02-04 02:00:00,24481.29379
2030-02-04 03:00:00,23860.84102
2030-02-04 04:00:00,23651.91304
2030-02-04 05:00:00,23625.32221
2030-02-04 06:00:00,24027.9834
2030-02-04 07:00:00,24668.69585
2030-02-04 08:00:00,25913.4001
2030-02-04 09:00:00,26801.02743
2030-02-04 10:00:00,27380.96084
2030-02-04 11:00:00,28012.80969
2030-02-04 12:00:00,27716.51183
2030-02-04 13:00:00,27688.65477
2030-02-04 14:00:00,27869.72568
2030-02-04 15:00:00,28074.85497
2030-02-04 16:00:00,28768.74909
2030-02-04 17:00:00,29818.45389
2030-02-04 18:00:00,30674.42547
2030-02-04 19:00:00,30679.49039
2030-02-04 20:00:00,30833.97047
2030-02-04 21:00:00,30749.13305
2030-02-04 22:00:00,30036.24548
2030-02-04 23:00:00,28909.30064
2030-02-05 00:00:00,27498.72025
2030-02-05 01:00:00,26313.52882
2030-02-05 02:00:00,25386.64835
2030-02-05 03:00:00,24761.13066
2030-02-05 04:00:00,24458.50165
2030-02-05 05:00:00,24671.22831
2030-02-05 06:00:00,24976.38978
2030-02-05 07:00:00,25576.58287
2030-02-05 08:00:00,26642.74866
2030-02-05 09:00:00,27550.63568
2030-02-05 10:00:00,28252.12719
2030-02-05 11:00:00,28673.78183
2030-02-05 12:00:00,28506.63945
2030-02-05 13:00:00,28649.72346
2030-02-05 14:00:00,28656.05461
2030-02-05 15:00:00,28685.1779
2030-02-05 16:00:00,29582.93508
2030-02-05 17:00:00,30883.35345
2030-02-05 18:00:00,31537.99444
2030-02-05 19:00:00,31554.45543
2030-02-05 20:00:00,31537.99444
2030-02-05 21:00:00,31529.13083
2030-02-05 22:00:00,30759.26289
2030-02-05 23:00:00,29477.83798
2030-02-06 00:00:00,28021.6733
2030-02-06 01:00:00,26780.76775
2030-02-06 02:00:00,25822.23152
2030-02-06 03:00:00,25410.70672
2030-02-06 04:00:00,25013.11046
2030-02-06 05:00:00,25130.86986
2030-02-06 06:00:00,25489.21299
2030-02-06 07:00:00,25529.73236
2030-02-06 08:00:00,26512.32696
2030-02-06 09:00:00,27213.81846
2030-02-06 10:00:00,27889.98537
2030-02-06 11:00:00,28317.97116
2030-02-06 12:00:00,28058.39398
2030-02-06 13:00:00,28072.32251
2030-02-06 14:00:00,28169.82223
2030-02-06 15:00:00,28392.67874
2030-02-06 16:00:00,29276.50738
2030-02-06 17:00:00,30525.01031
2030-02-06 18:00:00,31708.93551
2030-02-06 19:00:00,31902.66872
2030-02-06 20:00:00,32420.55686
2030-02-06 21:00:00,32168.57705
2030-02-06 22:00:00,31183.44999
2030-02-06 23:00:00,29642.4479
2030-02-07 00:00:00,28015.34215
2030-02-07 01:00:00,26649.07981
2030-02-07 02:00:00,25867.81581
2030-02-07 03:00:00,25327.13553
2030-02-07 04:00:00,25165.05807
2030-02-07 05:00:00,25603.17371
2030-02-07 06:00:00,26600.96307
2030-02-07 07:00:00,28086.25104
2030-02-07 08:00:00,30812.44456
2030-02-07 09:00:00,33688.05324
2030-02-07 10:00:00,34606.0701
2030-02-07 11:00:00,35467.1066
2030-02-07 12:00:00,33770.3582
2030-02-07 13:00:00,34409.80443
2030-02-07 14:00:00,35610.19061
2030-02-07 15:00:00,35882.4301
2030-02-07 16:00:00,36524.40878
2030-02-07 17:00:00,36776.38858
2030-02-07 18:00:00,37268.95211
2030-02-07 19:00:00,36862.49223
2030-02-07 20:00:00,36425.64283
2030-02-07 21:00:00,35784.93037
2030-02-07 22:00:00,34316.1034
2030-02-07 23:00:00,32785.23114
2030-02-08 00:00:00,30837.76916
2030-02-08 01:00:00,29512.02619
2030-02-08 02:00:00,28751.02187
2030-02-08 03:00:00,28226.80259
2030-02-08 04:00:00,28063.4589
2030-02-08 05:00:00,28283.78294
2030-02-08 06:00:00,28924.4954
2030-02-08 07:00:00,30283.16036
2030-02-08 08:00:00,33162.56773
2030-02-08 09:00:00,35113.82839
2030-02-08 10:00:00,35831.78089
2030-02-08 11:00:00,36106.55283
2030-02-08 12:00:00,34090.71443
2030-02-08 13:00:00,35168.27629
2030-02-08 14:00:00,36053.37117
2030-02-08 15:00:00,36343.33787
2030-02-08 16:00:00,36956.19327
2030-02-08 17:00:00,36796.64827
2030-02-08 18:00:00,37547.52275
2030-02-08 19:00:00,37127.13434
2030-02-08 20:00:00,36849.82993
2030-02-08 21:00:00,36021.71541
2030-02-08 22:00:00,34687.10883
2030-02-08 23:00:00,33128.37951
2030-02-09 00:00:00,31431.6311
2030-02-09 01:00:00,30045.10909
2030-02-09 02:00:00,29103.03385
2030-02-09 03:00:00,28556.02243
2030-02-09 04:00:00,28392.67874
2030-02-09 05:00:00,28596.54179
2030-02-09 06:00:00,29391.73433
2030-02-09 07:00:00,30712.41238
2030-02-09 08:00:00,34105.90919
2030-02-09 09:00:00,35879.89763
2030-02-09 10:00:00,36388.92216
2030-02-09 11:00:00,36794.11581
2030-02-09 12:00:00,34809.93316
2030-02-09 13:00:00,35920.417
2030-02-09 14:00:00,36795.38204
2030-02-09 15:00:00,36871.35585
2030-02-09 16:00:00,37428.49711
2030-02-09 17:00:00,37228.43275
2030-02-09 18:00:00,37813.43108
2030-02-09 19:00:00,37287.94557
2030-02-09 20:00:00,36796.64827
2030-02-09 21:00:00,36201.52009
2030-02-09 22:00:00,34759.28395
2030-02-09 23:00:00,33271.46352
2030-02-10 00:00:00,31402.50781
2030-02-10 01:00:00,30088.16091
2030-02-10 02:00:00,29286.63722
2030-02-10 03:00:00,28691.50905
2030-02-10 04:00:00,28502.84076
2030-02-10 05:00:00,28908.03441
2030-02-10 06:00:00,29737.41516
2030-02-10 07:00:00,31111.27488
2030-02-10 08:00:00,34265.45419
2030-02-10 09:00:00,35871.03402
2030-02-10 10:00:00,36226.8447
2030-02-10 11:00:00,36648.49934
2030-02-10 12:00:00,34544.02482
2030-02-10 13:00:00,35954.60521
2030-02-10 14:00:00,36820.70664
2030-02-10 15:00:00,37162.58878
2030-02-10 16:00:00,37699.47037
2030-02-10 17:00:00,37336.06231
2030-02-10 18:00:00,37997.03445
2030-02-10 19:00:00,37742.52219
2030-02-10 20:00:00,37125.86811
2030-02-10 21:00:00,36439.57136
2030-02-10 22:00:00,35108.76347
2030-02-10 23:00:00,33108.11983
2030-02-11 00:00:00,31258.15757
2030-02-11 01:00:00,30064.10254
2030-02-11 02:00:00,29243.5854
2030-02-11 03:00:00,28794.07369
2030-02-11 04:00:00,28558.55489
2030-02-11 05:00:00,28858.65143
2030-02-11 06:00:00,29921.01853
2030-02-11 07:00:00,31277.15103
2030-02-11 08:00:00,34645.32324
2030-02-11 09:00:00,36149.60466
2030-02-11 10:00:00,36525.67501
2030-02-11 11:00:00,36886.55061
2030-02-11 12:00:00,34820.063
2030-02-11 13:00:00,36101.48791
2030-02-11 14:00:00,37033.4333
2030-02-11 15:00:00,37325.93247
2030-02-11 16:00:00,37619.69787
2030-02-11 17:00:00,37420.89973
2030-02-11 18:00:00,37632.36017
2030-02-11 19:00:00,37262.62096
2030-02-11 20:00:00,36392.72085
2030-02-11 21:00:00,35597.52831
2030-02-11 22:00:00,34294.57748
2030-02-11 23:00:00,32956.17221
2030-02-12 00:00:00,31429.09864
2030-02-12 01:00:00,30147.67373
2030-02-12 02:00:00,29162.54667
2030-02-12 03:00:00,28558.55489
2030-02-12 04:00:00,28367.35413
2030-02-12 05:00:00,28421.80203
2030-02-12 06:00:00,28886.5085
2030-02-12 07:00:00,29389.20187
2030-02-12 08:00:00,31132.80079
2030-02-12 09:00:00,32269.87547
2030-02-12 10:00:00,33065.068
2030-02-12 11:00:00,33433.54098
2030-02-12 12:00:00,32657.34189
2030-02-12 13:00:00,33214.48316
2030-02-12 14:00:00,33558.89776
2030-02-12 15:00:00,33477.85903
2030-02-12 16:00:00,33717.17653
2030-02-12 17:00:00,34066.65605
2030-02-12 18:00:00,34880.84204
2030-02-12 19:00:00,34742.82296
2030-02-12 20:00:00,34498.44054
2030-02-12 21:00:00,34100.84427
2030-02-12 22:00:00,33062.53554
2030-02-12 23:00:00,31515.2023
2030-02-13 00:00:00,30142.60881
2030-02-13 01:00:00,29029.5925
2030-02-13 02:00:00,27962.16048
2030-02-13 03:00:00,27325.24672
2030-02-13 04:00:00,27022.61771
2030-02-13 05:00:00,27154.30565
2030-02-13 06:00:00,27567.09668
2030-02-13 07:00:00,27744.3689
2030-02-13 08:00:00,28344.56199
2030-02-13 09:00:00,29135.95584
2030-02-13 10:00:00,29784.26568
2030-02-13 11:00:00,30364.19909
2030-02-13 12:00:00,30331.2771
2030-02-13 13:00:00,30417.38075
2030-02-13 14:00:00,30456.63389
2030-02-13 15:00:00,30666.82809
2030-02-13 16:00:00,31434.16357
2030-02-13 17:00:00,32753.57539
2030-02-13 18:00:00,33689.31947
2030-02-13 19:00:00,33632.33911
2030-02-13 20:00:00,33690.5857
2030-02-13 21:00:00,33395.55407
2030-02-13 22:00:00,32238.21971
2030-02-13 23:00:00,30607.31527
2030-02-14 00:00:00,29087.83909
2030-02-14 01:00:00,27817.81025
2030-02-14 02:00:00,27080.8643
2030-02-14 03:00:00,26632.61882
2030-02-14 04:00:00,26479.40497
2030-02-14 05:00:00,27150.50696
2030-02-14 06:00:00,28314.17247
2030-02-14 07:00:00,30081.82976
2030-02-14 08:00:00,33812.14379
2030-02-14 09:00:00,35592.46339
2030-02-14 10:00:00,36499.08418
2030-02-14 11:00:00,36781.4535
2030-02-14 12:00:00,34840.32268
2030-02-14 13:00:00,35968.53375
2030-02-14 14:00:00,36591.51898
2030-02-14 15:00:00,36809.31057
2030-02-14 16:00:00,37538.65914
2030-02-14 17:00:00,37436.09449
2030-02-14 18:00:00,38317.39068
2030-02-14 19:00:00,37677.94445
2030-02-14 20:00:00,37244.89374
2030-02-14 21:00:00,36397.78577
2030-02-14 22:00:00,34906.16665
2030-02-14 23:00:00,33405.68391
2030-02-15 00:00:00,31430.36487
2030-02-15 01:00:00,30274.29674
2030-02-15 02:00:00,29385.40318
2030-02-15 03:00:00,28927.02786
2030-02-15 04:00:00,28747.22318
2030-02-15 05:00:00,29095.43647
2030-02-15 06:00:00,29926.08345
2030-02-15 07:00:00,31448.0921
2030-02-15 08:00:00,34601.00518
2030-02-15 09:00:00,36044.50755
2030-02-15 10:00:00,36400.31823
2030-02-15 11:00:00,36772.58989
2030-02-15 12:00:00,34865.64728
2030-02-15 13:00:00,36185.0591
2030-02-15 14:00:00,36846.03124
2030-02-15 15:00:00,37211.97176
2030-02-15 16:00:00,37467.75025
2030-02-15 17:00:00,37541.1916
2030-02-15 18:00:00,38257.87786
2030-02-15 19:00:00,37750.11957
2030-02-15 20:00:00,37332.26362
2030-02-15 21:00:00,36569.99307
2030-02-15 22:00:00,34908.69911
2030-02-15 23:00:00,33490.52133
2030-02-16 00:00:00,31531.66329
2030-02-16 01:00:00,30221.11508
2030-02-16 02:00:00,29533.5521
2030-02-16 03:00:00,28705.43758
2030-02-16 04:00:00,28721.89858
2030-02-16 05:00:00,28914.36556
2030-02-16 06:00:00,30126.14782
2030-02-16 07:00:00,31505.07245
2030-02-16 08:00:00,34346.49292
2030-02-16 09:00:00,35783.66414
2030-02-16 10:00:00,36323.07819
2030-02-16 11:00:00,36666.22656
2030-02-16 12:00:00,34526.2976
2030-02-16 13:00:00,35810.25498
2030-02-16 14:00:00,36643.43442
2030-02-16 15:00:00,36833.36894
2030-02-16 16:00:00,37376.58168
2030-02-16 17:00:00,37390.51021
2030-02-16 18:00:00,38264.20901
2030-02-16 19:00:00,37781.77533
2030-02-16 20:00:00,37334.79608
2030-02-16 21:00:00,36374.99362
2030-02-16 22:00:00,34983.40669
2030-02-16 23:00:00,33596.88467
2030-02-17 00:00:00,31679.81222
2030-02-17 01:00:00,30485.75718
2030-02-17 02:00:00,29574.07147
2030-02-17 03:00:00,29211.92965
2030-02-17 04:00:00,29106.83254
2030-02-17 05:00:00,29313.22806
2030-02-17 06:00:00,30343.9394
2030-02-17 07:00:00,31602.57218
2030-02-17 08:00:00,34403.47328
2030-02-17 09:00:00,36277.4939
2030-02-17 10:00:00,36835.9014
2030-02-17 11:00:00,37491.80862
2030-02-17 12:00:00,35093.56871
2030-02-17 13:00:00,36266.09783
2030-02-17 14:00:00,37175.25108
2030-02-17 15:00:00,37379.11414
2030-02-17 16:00:00,37870.41144
2030-02-17 17:00:00,37845.08683
2030-02-17 18:00:00,38622.55215
2030-02-17 19:00:00,38021.09282
2030-02-17 20:00:00,37728.59366
2030-02-17 21:00:00,36585.18783
2030-02-17 22:00:00,34960.61454
2030-02-17 23:00:00,33465.19673
2030-02-18 00:00:00,31515.2023
2030-02-18 01:00:00,30314.81611
2030-02-18 02:00:00,29466.44191
2030-02-18 03:00:00,28886.5085
2030-02-18 04:00:00,28728.22973
2030-02-18 05:00:00,29063.78072
2030-02-18 06:00:00,30138.81012
2030-02-18 07:00:00,31520.26722
2030-02-18 08:00:00,34760.55018
2030-02-18 09:00:00,36245.83815
2030-02-18 10:00:00,36790.31712
2030-02-18 11:00:00,37049.8943
2030-02-18 12:00:00,35311.3603
2030-02-18 13:00:00,36715.60954
2030-02-18 14:00:00,37318.33509
2030-02-18 15:00:00,37498.13977
2030-02-18 16:00:00,38152.78076
2030-02-18 17:00:00,37981.83969
2030-02-18 18:00:00,38485.79929
2030-02-18 19:00:00,37847.61929
2030-02-18 20:00:00,37151.19271
2030-02-18 21:00:00,36268.63029
2030-02-18 22:00:00,34993.53653
2030-02-18 23:00:00,33562.69645
2030-02-19 00:00:00,31839.35721
2030-02-19 01:00:00,30549.06869
2030-02-19 02:00:00,29633.58429
2030-02-19 03:00:00,28961.21608
2030-02-19 04:00:00,28511.70437
2030-02-19 05:00:00,28781.41139
2030-02-19 06:00:00,29285.37099
2030-02-19 07:00:00,29866.57064
2030-02-19 08:00:00,31479.74785
2030-02-19 09:00:00,32853.60757
2030-02-19 10:00:00,33486.72264
2030-02-19 11:00:00,33784.28673
2030-02-19 12:00:00,33092.92507
2030-02-19 13:00:00,33550.03415
2030-02-19 14:00:00,33937.50058
2030-02-19 15:00:00,34084.38328
2030-02-19 16:00:00,34552.88843
2030-02-19 17:00:00,35112.56216
2030-02-19 18:00:00,35445.58069
2030-02-19 19:00:00,35337.95113
2030-02-19 20:00:00,35426.58724
2030-02-19 21:00:00,34870.7122
2030-02-19 22:00:00,33884.31891
2030-02-19 23:00:00,32411.69324
2030-02-20 00:00:00,30703.54877
2030-02-20 01:00:00,29453.7796
2030-02-20 02:00:00,28495.24338
2030-02-20 03:00:00,27931.77096
2030-02-20 04:00:00,27568.36291
2030-02-20 05:00:00,27619.01211
2030-02-20 06:00:00,28038.13429
2030-02-20 07:00:00,28455.99024
2030-02-20 08:00:00,29066.31318
2030-02-20 09:00:00,30034.97925
2030-02-20 10:00:00,30744.06813
2030-02-20 11:00:00,31278.41726
2030-02-20 12:00:00,31246.7615
2030-02-20 13:00:00,31210.04083
2030-02-20 14:00:00,31365.78714
2030-02-20 15:00:00,31640.55908
2030-02-20 16:00:00,32676.33535
2030-02-20 17:00:00,33899.51367
2030-02-20 18:00:00,34896.03681
2030-02-20 19:00:00,35216.39303
2030-02-20 20:00:00,35493.69744
2030-02-20 21:00:00,35223.99042
2030-02-20 22:00:00,33895.71498
2030-02-20 23:00:00,32200.23281
2030-02-21 00:00:00,30414.84829
2030-02-21 01:00:00,28890.30719
2030-02-21 02:00:00,27903.9139
2030-02-21 03:00:00,27654.46656
2030-02-21 04:00:00,27493.65533
2030-02-21 05:00:00,27952.03064
2030-02-21 06:00:00,29248.65032
2030-02-21 07:00:00,30808.64587
2030-02-21 08:00:00,34649.12193
2030-02-21 09:00:00,36411.7143
2030-02-21 10:00:00,36905.54406
2030-02-21 11:00:00,37471.54894
2030-02-21 12:00:00,35384.80164
2030-02-21 13:00:00,36594.05144
2030-02-21 14:00:00,37333.52985
2030-02-21 15:00:00,37543.72406
2030-02-21 16:00:00,38173.04044
2030-02-21 17:00:00,38156.57945
2030-02-21 18:00:00,39198.68687
2030-02-21 19:00:00,38950.50576
2030-02-21 20:00:00,38755.50631
2030-02-21 21:00:00,38264.20901
2030-02-21 22:00:00,36619.37604
2030-02-21 23:00:00,34882.10827
2030-02-22 00:00:00,32676.33535
2030-02-22 01:00:00,31212.57329
2030-02-22 02:00:00,30209.71901
2030-02-22 03:00:00,29790.59683
2030-02-22 04:00:00,29536.08456
2030-02-22 05:00:00,29820.98635
2030-02-22 06:00:00,30990.98301
2030-02-22 07:00:00,32282.53777
2030-02-22 08:00:00,35269.5747
2030-02-22 09:00:00,36729.53807
2030-02-22 10:00:00,37333.52985
2030-02-22 11:00:00,37742.52219
2030-02-22 12:00:00,35505.09351
2030-02-22 13:00:00,36889.08307
2030-02-22 14:00:00,37585.50965
2030-02-22 15:00:00,37779.24287
2030-02-22 16:00:00,38184.43651
2030-02-22 17:00:00,38113.52763
2030-02-22 18:00:00,38925.18115
2030-02-22 19:00:00,38645.34429
2030-02-22 20:00:00,38369.30612
2030-02-22 21:00:00,38017.29413
2030-02-22 22:00:00,36480.09073
2030-02-22 23:00:00,34709.90097
2030-02-23 00:00:00,32672.53666
2030-02-23 01:00:00,31107.47619
2030-02-23 02:00:00,30342.67317
2030-02-23 03:00:00,29658.90889
2030-02-23 04:00:00,29442.38353
2030-02-23 05:00:00,29636.11675
2030-02-23 06:00:00,30850.43146
2030-02-23 07:00:00,32148.31737
2030-02-23 08:00:00,35202.4645
2030-02-23 09:00:00,36828.30402
2030-02-23 10:00:00,37293.01049
2030-02-23 11:00:00,37708.33398
2030-02-23 12:00:00,35662.10605
2030-02-23 13:00:00,36875.15454
2030-02-23 14:00:00,37531.06176
2030-02-23 15:00:00,37586.77588
2030-02-23 16:00:00,38374.37104
2030-02-23 17:00:00,38566.83802
2030-02-23 18:00:00,39349.36826
2030-02-23 19:00:00,39165.76488
2030-02-23 20:00:00,38964.43429
2030-02-23 21:00:00,38298.39723
2030-02-23 22:00:00,36692.81739
2030-02-23 23:00:00,34975.80931
2030-02-24 00:00:00,32738.38062
2030-02-24 01:00:00,31184.71623
2030-02-24 02:00:00,30184.3944
2030-02-24 03:00:00,29677.90234
2030-02-24 04:00:00,29391.73433
2030-02-24 05:00:00,29695.62956
2030-02-24 06:00:00,30792.18488
2030-02-24 07:00:00,32014.09698
2030-02-24 08:00:00,34888.43942
2030-02-24 09:00:00,36266.09783
2030-02-24 10:00:00,36727.00561
2030-02-24 11:00:00,36924.53751
2030-02-24 12:00:00,34864.38105
2030-02-24 13:00:00,36096.42299
2030-02-24 14:00:00,36776.38858
2030-02-24 15:00:00,37028.36838
2030-02-24 16:00:00,37720.99628
2030-02-24 17:00:00,37991.96953
2030-02-24 18:00:00,38894.79163
2030-02-24 19:00:00,38841.60996
2030-02-24 20:00:00,38430.08516
2030-02-24 21:00:00,37781.77533
2030-02-24 22:00:00,36262.29914
2030-02-24 23:00:00,34621.26486
2030-02-25 00:00:00,32548.4461
2030-02-25 01:00:00,30922.60658
2030-02-25 02:00:00,30040.04417
2030-02-25 03:00:00,29501.89635
2030-02-25 04:00:00,29165.07913
2030-02-25 05:00:00,29391.73433
2030-02-25 06:00:00,30503.4844
2030-02-25 07:00:00,31720.33158
2030-02-25 08:00:00,34217.33744
2030-02-25 09:00:00,35814.05367
2030-02-25 10:00:00,36250.90307
2030-02-25 11:00:00,36471.22712
2030-02-25 12:00:00,34462.98609
2030-02-25 13:00:00,35735.5474
2030-02-25 14:00:00,36558.597
2030-02-25 15:00:00,36745.99906
2030-02-25 16:00:00,37153.72517
2030-02-25 17:00:00,37243.62751
2030-02-25 18:00:00,37731.12612
2030-02-25 19:00:00,37376.58168
2030-02-25 20:00:00,37032.16707
2030-02-25 21:00:00,36380.05855
2030-02-25 22:00:00,35330.35375
2030-02-25 23:00:00,34046.39637
2030-02-26 00:00:00,32244.55086
2030-02-26 01:00:00,30806.11341
2030-02-26 02:00:00,29872.90179
2030-02-26 03:00:00,29336.0202
2030-02-26 04:00:00,29019.46266
2030-02-26 05:00:00,29081.50794
2030-02-26 06:00:00,29522.15603
2030-02-26 07:00:00,29881.7654
2030-02-26 08:00:00,31110.00865
2030-02-26 09:00:00,31921.66217
2030-02-26 10:00:00,32673.80289
2030-02-26 11:00:00,33011.88634
2030-02-26 12:00:00,32168.57705
2030-02-26 13:00:00,32640.8809
2030-02-26 14:00:00,32756.10785
2030-02-26 15:00:00,32961.23713
2030-02-26 16:00:00,33531.0407
2030-02-26 17:00:00,33836.20217
2030-02-26 18:00:00,34807.40069
2030-02-26 19:00:00,34552.88843
2030-02-26 20:00:00,34492.10939
2030-02-26 21:00:00,34186.94792
2030-02-26 22:00:00,33322.11272
2030-02-26 23:00:00,32026.75928
2030-02-27 00:00:00,30537.67262
2030-02-27 01:00:00,28999.20298
2030-02-27 02:00:00,28181.2183
2030-02-27 03:00:00,27479.7268
2030-02-27 04:00:00,27342.97394
2030-02-27 05:00:00,27321.44803
2030-02-27 06:00:00,27584.8239
2030-02-27 07:00:00,27640.53802
2030-02-27 08:00:00,28124.23794
2030-02-27 09:00:00,28728.22973
2030-02-27 10:00:00,29271.44246
2030-02-27 11:00:00,29586.73377
2030-02-27 12:00:00,29536.08456
2030-02-27 13:00:00,29567.74032
2030-02-27 14:00:00,29643.71413
2030-02-27 15:00:00,29756.40861
2030-02-27 16:00:00,30292.02397
2030-02-27 17:00:00,31459.48817
2030-02-27 18:00:00,32450.94638
2030-02-27 19:00:00,32444.61523
2030-02-27 20:00:00,32630.75106
2030-02-27 21:00:00,32583.90054
2030-02-27 22:00:00,31732.99388
2030-02-27 23:00:00,30418.64698
2030-02-28 00:00:00,29127.09223
2030-02-28 01:00:00,27777.29088
2030-02-28 02:00:00,27060.60461
2030-02-28 03:00:00,26512.32696
2030-02-28 04:00:00,26359.11311
2030-02-28 05:00:00,26597.16438
2030-02-28 06:00:00,26996.02688
2030-02-28 07:00:00,27487.32418
2030-02-28 08:00:00,28688.97659
2030-02-28 09:00:00,29861.50571
2030-02-28 10:00:00,30546.53623
2030-02-28 11:00:00,31120.13849
2030-02-28 12:00:00,30636.43857
2030-02-28 13:00:00,31066.95682
2030-02-28 14:00:00,31511.4036
2030-02-28 15:00:00,31893.80511
2030-02-28 16:00:00,32638.34844
2030-02-28 17:00:00,33367.69701
2030-02-28 18:00:00,33946.36419
2030-02-28 19:00:00,34066.65605
2030-02-28 20:00:00,34118.57149
2030-02-28 21:00:00,33631.07288
2030-02-28 22:00:00,32091.33702
2030-02-28 23:00:00,30728.87337
2030-03-01 00:00:00,29015.66397
2030-03-01 01:00:00,27838.06993
2030-03-01 02:00:00,27172.03287
2030-03-01 03:00:00,26671.87196
2030-03-01 04:00:00,26704.79394
2030-03-01 05:00:00,27118.8512
2030-03-01 06:00:00,28448.39286
2030-03-01 07:00:00,29979.26512
2030-03-01 08:00:00,33410.74884
2030-03-01 09:00:00,35268.30847
2030-03-01 10:00:00,36249.63684
2030-03-01 11:00:00,37029.63461
2030-03-01 12:00:00,35167.01006
2030-03-01 13:00:00,36411.7143
2030-03-01 14:00:00,37374.04922
2030-03-01 15:00:00,37586.77588
2030-03-01 16:00:00,38067.94334
2030-03-01 17:00:00,37676.67822
2030-03-01 18:00:00,38184.43651
2030-03-01 19:00:00,37812.16485
2030-03-01 20:00:00,37096.74481
2030-03-01 21:00:00,35978.66359
2030-03-01 22:00:00,34488.3107
2030-03-01 23:00:00,33032.14602
2030-03-02 00:00:00,31094.81388
2030-03-02 01:00:00,29915.95361
2030-03-02 02:00:00,29219.52703
2030-03-02 03:00:00,28896.63834
2030-03-02 04:00:00,28682.64544
2030-03-02 05:00:00,29084.0404
2030-03-02 06:00:00,30200.8554
2030-03-02 07:00:00,31453.15702
2030-03-02 08:00:00,35056.84803
2030-03-02 09:00:00,36915.6739
2030-03-02 10:00:00,37419.6335
2030-03-02 11:00:00,37593.10703
2030-03-02 12:00:00,35540.54795
2030-03-02 13:00:00,36873.88831
2030-03-02 14:00:00,37988.17084
2030-03-02 15:00:00,38222.42342
2030-03-02 16:00:00,38370.57235
2030-03-02 17:00:00,37847.61929
2030-03-02 18:00:00,38264.20901
2030-03-02 19:00:00,37764.0481
2030-03-02 20:00:00,37085.34874
2030-03-02 21:00:00,36077.42954
2030-03-02 22:00:00,34370.55129
2030-03-02 23:00:00,33141.04181
2030-03-03 00:00:00,31340.46253
2030-03-03 01:00:00,30148.93996
2030-03-03 02:00:00,29325.89036
2030-03-03 03:00:00,28833.32683
2030-03-03 04:00:00,28724.43104
2030-03-03 05:00:00,29008.06659
2030-03-03 06:00:00,29999.5248
2030-03-03 07:00:00,31350.59238
2030-03-03 08:00:00,34460.45363
2030-03-03 09:00:00,31392.37797
2030-03-03 10:00:00,27177.09779
2030-03-03 11:00:00,31182.18376
2030-03-03 12:00:00,30695.95139
2030-03-03 13:00:00,32563.64086
2030-03-03 14:00:00,34072.98721
2030-03-03 15:00:00,35232.85403
2030-03-03 16:00:00,35068.24411
2030-03-03 17:00:00,33909.64352
2030-03-03 18:00:00,33807.07887
2030-03-03 19:00:00,33565.22891
2030-03-03 20:00:00,33244.87269
2030-03-03 21:00:00,33442.40459
2030-03-03 22:00:00,32501.59558
2030-03-03 23:00:00,31073.28797
2030-03-04 00:00:00,29851.37587
2030-03-04 01:00:00,28505.37322
2030-03-04 02:00:00,27612.68096
2030-03-04 03:00:00,27111.25382
2030-03-04 04:00:00,26970.70227
2030-03-04 05:00:00,27215.08469
2030-03-04 06:00:00,28487.646
2030-03-04 07:00:00,30081.82976
2030-03-04 08:00:00,33536.10562
2030-03-04 09:00:00,35274.63962
2030-03-04 10:00:00,36478.8245
2030-03-04 11:00:00,37336.06231
2030-03-04 12:00:00,35222.72419
2030-03-04 13:00:00,36352.20148
2030-03-04 14:00:00,37933.72294
2030-03-04 15:00:00,37908.39834
2030-03-04 16:00:00,37436.09449
2030-03-04 17:00:00,36433.24021
2030-03-04 18:00:00,36785.25219
2030-03-04 19:00:00,36644.70065
2030-03-04 20:00:00,35987.5272
2030-03-04 21:00:00,35070.77657
2030-03-04 22:00:00,33836.20217
2030-03-04 23:00:00,32428.15424
2030-03-05 00:00:00,30646.56841
2030-03-05 01:00:00,29550.0131
2030-03-05 02:00:00,28638.32739
2030-03-05 03:00:00,28010.27723
2030-03-05 04:00:00,27678.52493
2030-03-05 05:00:00,27844.40108
2030-03-05 06:00:00,28210.34159
2030-03-05 07:00:00,28649.72346
2030-03-05 08:00:00,30568.06214
2030-03-05 09:00:00,32059.68126
2030-03-05 10:00:00,32601.62777
2030-03-05 11:00:00,33004.28896
2030-03-05 12:00:00,32071.07733
2030-03-05 13:00:00,32561.1084
2030-03-05 14:00:00,32809.28951
2030-03-05 15:00:00,32933.38007
2030-03-05 16:00:00,33158.76903
2030-03-05 17:00:00,33301.85304
2030-03-05 18:00:00,34064.12359
2030-03-05 19:00:00,33962.82518
2030-03-05 20:00:00,33580.42368
2030-03-05 21:00:00,33146.10673
2030-03-05 22:00:00,32021.69436
2030-03-05 23:00:00,30830.17178
2030-03-06 00:00:00,29371.47464
2030-03-06 01:00:00,28274.91933
2030-03-06 02:00:00,27416.41529
2030-03-06 03:00:00,26850.41041
2030-03-06 04:00:00,26522.4568
2030-03-06 05:00:00,26716.19001
2030-03-06 06:00:00,27092.26037
2030-03-06 07:00:00,27278.3962
2030-03-06 08:00:00,27893.78406
2030-03-06 09:00:00,28776.34647
2030-03-06 10:00:00,29249.91655
2030-03-06 11:00:00,29921.01853
2030-03-06 12:00:00,29705.75941
2030-03-06 13:00:00,29661.44135
2030-03-06 14:00:00,29856.44079
2030-03-06 15:00:00,30256.56952
2030-03-06 16:00:00,30770.65896
2030-03-06 17:00:00,31959.64908
2030-03-06 18:00:00,32804.22459
2030-03-06 19:00:00,32925.78269
2030-03-06 20:00:00,32987.82796
2030-03-06 21:00:00,32338.2519
2030-03-06 22:00:00,31092.28142
2030-03-06 23:00:00,29898.22639
2030-03-07 00:00:00,28455.99024
2030-03-07 01:00:00,27128.98104
2030-03-07 02:00:00,26295.8016
2030-03-07 03:00:00,26155.25005
2030-03-07 04:00:00,26032.42573
2030-03-07 05:00:00,26324.9249
2030-03-07 06:00:00,27372.09723
2030-03-07 07:00:00,29006.80036
2030-03-07 08:00:00,33368.96324
2030-03-07 09:00:00,35525.35319
2030-03-07 10:00:00,36106.55283
2030-03-07 11:00:00,36513.01271
2030-03-07 12:00:00,34654.18685
2030-03-07 13:00:00,35901.42355
2030-03-07 14:00:00,36614.31112
2030-03-07 15:00:00,36487.68811
2030-03-07 16:00:00,36782.71973
2030-03-07 17:00:00,36949.86211
2030-03-07 18:00:00,37191.71207
2030-03-07 19:00:00,36895.41422
2030-03-07 20:00:00,36472.49335
2030-03-07 21:00:00,35783.66414
2030-03-07 22:00:00,34181.883
2030-03-07 23:00:00,32706.72487
2030-03-08 00:00:00,30911.21051
2030-03-08 01:00:00,29498.09766
2030-03-08 02:00:00,28710.5025
2030-03-08 03:00:00,28406.60727
2030-03-08 04:00:00,28103.97826
2030-03-08 05:00:00,28618.0677
2030-03-08 06:00:00,29708.29187
2030-03-08 07:00:00,30739.00321
2030-03-08 08:00:00,33614.61189
2030-03-08 09:00:00,35131.55561
2030-03-08 10:00:00,35715.28771
2030-03-08 11:00:00,36088.82561
2030-03-08 12:00:00,33985.61732
2030-03-08 13:00:00,35182.20482
2030-03-08 14:00:00,36110.35152
2030-03-08 15:00:00,36301.55228
2030-03-08 16:00:00,36914.40767
2030-03-08 17:00:00,36569.99307
2030-03-08 18:00:00,37439.89318
2030-03-08 19:00:00,37020.771
2030-03-08 20:00:00,36519.34386
2030-03-08 21:00:00,35626.6516
2030-03-08 22:00:00,34152.75971
2030-03-08 23:00:00,32861.20495
2030-03-09 00:00:00,31079.61912
2030-03-09 01:00:00,29758.94107
2030-03-09 02:00:00,29021.99512
2030-03-09 03:00:00,28618.0677
2030-03-09 04:00:00,28372.41905
2030-03-09 05:00:00,28645.92477
2030-03-09 06:00:00,29647.51282
2030-03-09 07:00:00,30730.1396
2030-03-09 08:00:00,33831.13725
2030-03-09 09:00:00,35563.3401
2030-03-09 10:00:00,36263.56537
2030-03-09 11:00:00,36545.9347
2030-03-09 12:00:00,34368.01883
2030-03-09 13:00:00,35767.20315
2030-03-09 14:00:00,36705.4797
2030-03-09 15:00:00,37137.26418
2030-03-09 16:00:00,37589.30834
2030-03-09 17:00:00,37115.73826
2030-03-09 18:00:00,37947.65148
2030-03-09 19:00:00,37662.74969
2030-03-09 20:00:00,36740.93414
2030-03-09 21:00:00,35594.99585
2030-03-09 22:00:00,34133.76625
2030-03-09 23:00:00,32858.67249
2030-03-10 00:00:00,30907.41182
2030-03-10 01:00:00,29733.61647
2030-03-10 02:00:00,28973.87838
2030-03-10 03:00:00,28449.65909
2030-03-10 04:00:00,28317.97116
2030-03-10 05:00:00,28616.80147
2030-03-10 06:00:00,29533.5521
2030-03-10 07:00:00,30693.41893
2030-03-10 08:00:00,33215.74939
2030-03-10 09:00:00,35573.46994
2030-03-10 10:00:00,36362.33132
2030-03-10 11:00:00,36724.47315
2030-03-10 12:00:00,35150.54907
2030-03-10 13:00:00,35360.74327
2030-03-10 14:00:00,36488.95434
2030-03-10 15:00:00,37276.54949
2030-03-10 16:00:00,37809.63239
2030-03-10 17:00:00,37343.65969
2030-03-10 18:00:00,37981.83969
2030-03-10 19:00:00,37626.02902
2030-03-10 20:00:00,36766.25874
2030-03-10 21:00:00,35752.00839
2030-03-10 22:00:00,34116.03903
2030-03-10 23:00:00,32777.63376
2030-03-11 00:00:00,30883.35345
2030-03-11 01:00:00,29820.98635
2030-03-11 02:00:00,29094.17024
2030-03-11 03:00:00,28571.21719
2030-03-11 04:00:00,28492.71092
2030-03-11 05:00:00,28685.1779
2030-03-11 06:00:00,29631.05183
2030-03-11 07:00:00,30952.99611
2030-03-11 08:00:00,34297.10994
2030-03-11 09:00:00,35855.83926
2030-03-11 10:00:00,36511.74648
2030-03-11 11:00:00,37001.77755
2030-03-11 12:00:00,35169.54252
2030-03-11 13:00:00,36590.25275
2030-03-11 14:00:00,37322.13378
2030-03-11 15:00:00,37728.59366
2030-03-11 16:00:00,38012.22921
2030-03-11 17:00:00,37499.406
2030-03-11 18:00:00,37857.74913
2030-03-11 19:00:00,37252.49112
2030-03-11 20:00:00,36114.15021
2030-03-11 21:00:00,35145.48415
2030-03-11 22:00:00,34009.6757
2030-03-11 23:00:00,32816.88689
2030-03-12 00:00:00,31135.33325
2030-03-12 01:00:00,30007.12218
2030-03-12 02:00:00,29130.89092
2030-03-12 03:00:00,28530.69782
2030-03-12 04:00:00,28282.51671
2030-03-12 05:00:00,28578.81457
2030-03-12 06:00:00,28753.55433
2030-03-12 07:00:00,29220.79326
2030-03-12 08:00:00,30831.43801
2030-03-12 09:00:00,32212.89511
2030-03-12 10:00:00,32952.37352
2030-03-12 11:00:00,33544.96923
2030-03-12 12:00:00,32707.9911
2030-03-12 13:00:00,33318.31403
2030-03-12 14:00:00,33741.23491
2030-03-12 15:00:00,33924.83828
2030-03-12 16:00:00,34203.40891
2030-03-12 17:00:00,33985.61732
2030-03-12 18:00:00,34796.00462
2030-03-12 19:00:00,34690.90752
2030-03-12 20:00:00,34343.96046
2030-03-12 21:00:00,33972.95502
2030-03-12 22:00:00,32759.90654
2030-03-12 23:00:00,31375.91698
2030-03-13 00:00:00,29966.60282
2030-03-13 01:00:00,28643.39231
2030-03-13 02:00:00,27834.27124
2030-03-13 03:00:00,27373.36346
2030-03-13 04:00:00,27150.50696
2030-03-13 05:00:00,27337.90902
2030-03-13 06:00:00,27487.32418
2030-03-13 07:00:00,27815.27779
2030-03-13 08:00:00,28481.31485
2030-03-13 09:00:00,29481.63667
2030-03-13 10:00:00,30170.46587
2030-03-13 11:00:00,30756.73043
2030-03-13 12:00:00,30702.28254
2030-03-13 13:00:00,31050.49583
2030-03-13 14:00:00,31113.80734
2030-03-13 15:00:00,31380.9819
2030-03-13 16:00:00,31960.91531
2030-03-13 17:00:00,32908.05546
2030-03-13 18:00:00,33890.65006
2030-03-13 19:00:00,34110.97411
2030-03-13 20:00:00,33922.30582
2030-03-13 21:00:00,33505.7161
2030-03-13 22:00:00,32215.42757
2030-03-13 23:00:00,30522.47785
2030-03-14 00:00:00,29118.22861
2030-03-14 01:00:00,28030.53691
2030-03-14 02:00:00,27211.286
2030-03-14 03:00:00,26882.06616
2030-03-14 04:00:00,26901.05962
2030-03-14 05:00:00,27220.14961
2030-03-14 06:00:00,28444.59417
2030-03-14 07:00:00,30143.87504
2030-03-14 08:00:00,34124.90264
2030-03-14 09:00:00,36614.31112
2030-03-14 10:00:00,37609.56802
2030-03-14 11:00:00,38388.29957
2030-03-14 12:00:00,36406.64938
2030-03-14 13:00:00,37638.69132
2030-03-14 14:00:00,38675.73381
2030-03-14 15:00:00,38817.55159
2030-03-14 16:00:00,39094.856
2030-03-14 17:00:00,38574.4354
2030-03-14 18:00:00,38809.95421
2030-03-14 19:00:00,38150.2483
2030-03-14 20:00:00,37420.89973
2030-03-14 21:00:00,36437.0389
2030-03-14 22:00:00,34765.6151
2030-03-14 23:00:00,33433.54098
2030-03-15 00:00:00,31589.90987
2030-03-15 01:00:00,30489.55587
2030-03-15 02:00:00,29739.94762
2030-03-15 03:00:00,29124.55976
2030-03-15 04:00:00,29071.3781
2030-03-15 05:00:00,29275.24115
2030-03-15 06:00:00,30093.22583
2030-03-15 07:00:00,31431.6311
2030-03-15 08:00:00,35408.86002
2030-03-15 09:00:00,37367.71807
2030-03-15 10:00:00,38089.46925
2030-03-15 11:00:00,38860.60342
2030-03-15 12:00:00,37099.27727
2030-03-15 13:00:00,38603.5587
2030-03-15 14:00:00,39607.67921
2030-03-15 15:00:00,39891.31476
2030-03-15 16:00:00,39997.67809
2030-03-15 17:00:00,39154.36881
2030-03-15 18:00:00,39298.71905
2030-03-15 19:00:00,38815.01913
2030-03-15 20:00:00,37918.52818
2030-03-15 21:00:00,36830.83648
2030-03-15 22:00:00,35258.17863
2030-03-15 23:00:00,33795.6828
2030-03-16 00:00:00,32044.4865
2030-03-16 01:00:00,30782.05504
2030-03-16 02:00:00,30114.75175
2030-03-16 03:00:00,29569.00655
2030-03-16 04:00:00,29425.92254
2030-03-16 05:00:00,29757.67484
2030-03-16 06:00:00,30507.28309
2030-03-16 07:00:00,31998.90221
2030-03-16 08:00:00,35897.62486
2030-03-16 09:00:00,38090.73548
2030-03-16 10:00:00,38718.78564
2030-03-16 11:00:00,39373.42663
2030-03-16 12:00:00,37819.76223
2030-03-16 13:00:00,39117.64814
2030-03-16 14:00:00,39967.28857
2030-03-16 15:00:00,40040.72992
2030-03-16 16:00:00,39900.17837
2030-03-16 17:00:00,38798.55814
2030-03-16 18:00:00,38930.24608
2030-03-16 19:00:00,38551.64326
2030-03-16 20:00:00,37869.14521
2030-03-16 21:00:00,36895.41422
2030-03-16 22:00:00,35230.32157
2030-03-16 23:00:00,33917.2409
2030-03-17 00:00:00,32130.59015
2030-03-17 01:00:00,30873.22361
2030-03-17 02:00:00,30152.73865
2030-03-17 03:00:00,29838.71357
2030-03-17 04:00:00,29671.57119
2030-03-17 05:00:00,29902.02508
2030-03-17 06:00:00,30774.45766
2030-03-17 07:00:00,31688.67583
2030-03-17 08:00:00,35895.0924
2030-03-17 09:00:00,38250.28048
2030-03-17 10:00:00,38678.26627
2030-03-17 11:00:00,39591.21822
2030-03-17 12:00:00,37842.55437
2030-03-17 13:00:00,38728.91548
2030-03-17 14:00:00,40183.81393
2030-03-17 15:00:00,40150.89194
2030-03-17 16:00:00,39947.02889
2030-03-17 17:00:00,39132.8429
2030-03-17 18:00:00,39303.78397
2030-03-17 19:00:00,39054.33663
2030-03-17 20:00:00,38625.08461
2030-03-17 21:00:00,37312.00394
2030-03-17 22:00:00,35715.28771
2030-03-17 23:00:00,34123.63641
2030-03-18 00:00:00,32374.97257
2030-03-18 01:00:00,31321.46908
2030-03-18 02:00:00,30557.9323
2030-03-18 03:00:00,30170.46587
2030-03-18 04:00:00,29983.06381
2030-03-18 05:00:00,30247.70591
2030-03-18 06:00:00,31042.89845
2030-03-18 07:00:00,32471.20606
2030-03-18 08:00:00,36333.20803
2030-03-18 09:00:00,38582.03278
2030-03-18 10:00:00,39159.43373
2030-03-18 11:00:00,39339.23841
2030-03-18 12:00:00,36942.26473
2030-03-18 13:00:00,38264.20901
2030-03-18 14:00:00,39018.88219
2030-03-18 15:00:00,39230.34262
2030-03-18 16:00:00,39373.42663
2030-03-18 17:00:00,38727.64925
2030-03-18 18:00:00,38630.14953
2030-03-18 19:00:00,38038.82005
2030-03-18 20:00:00,37024.56969
2030-03-18 21:00:00,35928.01438
2030-03-18 22:00:00,34485.77824
2030-03-18 23:00:00,33410.74884
2030-03-19 00:00:00,31802.63654
2030-03-19 01:00:00,30509.81555
2030-03-19 02:00:00,29650.04528
2030-03-19 03:00:00,29339.81889
2030-03-19 04:00:00,29148.61814
2030-03-19 05:00:00,29077.70925
2030-03-19 06:00:00,29306.89691
2030-03-19 07:00:00,29848.84341
2030-03-19 08:00:00,31727.92896
2030-03-19 09:00:00,32828.28296
2030-03-19 10:00:00,33626.00796
2030-03-19 11:00:00,34432.59657
2030-03-19 12:00:00,33622.20927
2030-03-19 13:00:00,34331.29816
2030-03-19 14:00:00,34744.08919
2030-03-19 15:00:00,34699.77113
2030-03-19 16:00:00,34956.81585
2030-03-19 17:00:00,34657.98554
2030-03-19 18:00:00,35292.36684
2030-03-19 19:00:00,35221.45795
2030-03-19 20:00:00,34955.54962
2030-03-19 21:00:00,34324.96701
2030-03-19 22:00:00,33357.56717
2030-03-19 23:00:00,31929.25956
2030-03-20 00:00:00,30485.75718
2030-03-20 01:00:00,29418.32516
2030-03-20 02:00:00,28553.48997
2030-03-20 03:00:00,28111.57564
2030-03-20 04:00:00,27720.31052
2030-03-20 05:00:00,27853.26469
2030-03-20 06:00:00,27957.09556
2030-03-20 07:00:00,28081.18612
2030-03-20 08:00:00,29005.53413
2030-03-20 09:00:00,29770.33714
2030-03-20 10:00:00,31208.7746
2030-03-20 11:00:00,31586.11118
2030-03-20 12:00:00,31770.98079
2030-03-20 13:00:00,31805.169
2030-03-20 14:00:00,31959.64908
2030-03-20 15:00:00,32186.30428
2030-03-20 16:00:00,32699.12749
2030-03-20 17:00:00,33368.96324
2030-03-20 18:00:00,34267.98665
2030-03-20 19:00:00,34526.2976
2030-03-20 20:00:00,34484.51201
2030-03-20 21:00:00,33921.03959
2030-03-20 22:00:00,32694.06257
2030-03-20 23:00:00,31207.50837
2030-03-21 00:00:00,29718.42171
2030-03-21 01:00:00,28777.6127
2030-03-21 02:00:00,27991.28378
2030-03-21 03:00:00,27564.56422
2030-03-21 04:00:00,27556.96683
2030-03-21 05:00:00,27984.95263
2030-03-21 06:00:00,28910.56687
2030-03-21 07:00:00,30709.87992
2030-03-21 08:00:00,35256.9124
2030-03-21 09:00:00,37627.29525
2030-03-21 10:00:00,38447.81239
2030-03-21 11:00:00,38885.92802
2030-03-21 12:00:00,36990.38148
2030-03-21 13:00:00,37900.80096
2030-03-21 14:00:00,39482.32242
2030-03-21 15:00:00,39916.63936
2030-03-21 16:00:00,40206.60607
2030-03-21 17:00:00,39341.77088
2030-03-21 18:00:00,39573.49099
2030-03-21 19:00:00,39196.15441
2030-03-21 20:00:00,38103.39778
2030-03-21 21:00:00,37020.771
2030-03-21 22:00:00,35341.74982
2030-03-21 23:00:00,33900.7799
2030-03-22 00:00:00,32178.7069
2030-03-22 01:00:00,31018.84007
2030-03-22 02:00:00,30489.55587
2030-03-22 03:00:00,29960.27167
2030-03-22 04:00:00,29623.45445
2030-03-22 05:00:00,29945.0769
2030-03-22 06:00:00,30480.69226
2030-03-22 07:00:00,31931.79202
2030-03-22 08:00:00,35374.6718
2030-03-22 09:00:00,37909.66457
2030-03-22 10:00:00,38460.47469
2030-03-22 11:00:00,39031.54449
2030-03-22 12:00:00,36896.68045
2030-03-22 13:00:00,38148.98207
2030-03-22 14:00:00,38790.96076
2030-03-22 15:00:00,38982.16151
2030-03-22 16:00:00,39188.55703
2030-03-22 17:00:00,38830.21389
2030-03-22 18:00:00,39036.60941
2030-03-22 19:00:00,38352.84513
2030-03-22 20:00:00,37443.69187
2030-03-22 21:00:00,36330.67557
2030-03-22 22:00:00,34809.93316
2030-03-22 23:00:00,33273.99598
2030-03-23 00:00:00,31607.6371
2030-03-23 01:00:00,30422.44567
2030-03-23 02:00:00,29620.92199
2030-03-23 03:00:00,29047.31973
2030-03-23 04:00:00,28789.00877
2030-03-23 05:00:00,29057.44957
2030-03-23 06:00:00,29904.55754
2030-03-23 07:00:00,31053.02829
2030-03-23 08:00:00,34578.21304
2030-03-23 09:00:00,36872.62208
2030-03-23 10:00:00,37476.61386
2030-03-23 11:00:00,37842.55437
2030-03-23 12:00:00,35358.21081
2030-03-23 13:00:00,36919.47259
2030-03-23 14:00:00,37320.86755
2030-03-23 15:00:00,37465.21779
2030-03-23 16:00:00,37904.59965
2030-03-23 17:00:00,37815.96354
2030-03-23 18:00:00,38217.3585
2030-03-23 19:00:00,37683.00937
2030-03-23 20:00:00,36986.58279
2030-03-23 21:00:00,35939.41045
2030-03-23 22:00:00,34441.46018
2030-03-23 23:00:00,32682.6665
2030-03-24 00:00:00,31008.71023
2030-03-24 01:00:00,29880.49917
2030-03-24 02:00:00,29104.30008
2030-03-24 03:00:00,28664.91822
2030-03-24 04:00:00,28431.93187
2030-03-24 05:00:00,28734.56088
2030-03-24 06:00:00,29771.60337
2030-03-24 07:00:00,31298.67694
2030-03-24 08:00:00,34754.21903
2030-03-24 09:00:00,36649.76557
2030-03-24 10:00:00,37267.68588
2030-03-24 11:00:00,37719.73005
2030-03-24 12:00:00,35630.45029
2030-03-24 13:00:00,36963.79065
2030-03-24 14:00:00,37798.23632
2030-03-24 15:00:00,37862.81406
2030-03-24 16:00:00,38328.78675
2030-03-24 17:00:00,38131.25485
2030-03-24 18:00:00,38668.13643
2030-03-24 19:00:00,38274.33886
2030-03-24 20:00:00,37694.40545
2030-03-24 21:00:00,36399.052
2030-03-24 22:00:00,34883.3745
2030-03-24 23:00:00,33156.23657
2030-03-25 00:00:00,31546.85805
2030-03-25 01:00:00,30349.00432
2030-03-25 02:00:00,29533.5521
2030-03-25 03:00:00,29047.31973
2030-03-25 04:00:00,28852.32028
2030-03-25 05:00:00,29448.71468
2030-03-25 06:00:00,30295.82266
2030-03-25 07:00:00,31662.08499
2030-03-25 08:00:00,35245.51633
2030-03-25 09:00:00,36956.19327
2030-03-25 10:00:00,37867.87898
2030-03-25 11:00:00,38654.2079
2030-03-25 12:00:00,36990.38148
2030-03-25 13:00:00,38538.98096
2030-03-25 14:00:00,39562.09492
2030-03-25 15:00:00,39477.2575
2030-03-25 16:00:00,39843.19802
2030-03-25 17:00:00,39117.64814
2030-03-25 18:00:00,39410.1473
2030-03-25 19:00:00,39015.0835
2030-03-25 20:00:00,37934.98917
2030-03-25 21:00:00,36890.3493
2030-03-25 22:00:00,35437.98331
2030-03-25 23:00:00,33932.43566
2030-03-26 00:00:00,32309.1286
2030-03-26 01:00:00,30937.80135
2030-03-26 02:00:00,30199.58917
2030-03-26 03:00:00,29714.62302
2030-03-26 04:00:00,29282.83853
2030-03-26 05:00:00,29569.00655
2030-03-26 06:00:00,29886.83032
2030-03-26 07:00:00,30654.16579
2030-03-26 08:00:00,32371.17388
2030-03-26 09:00:00,34057.79244
2030-03-26 10:00:00,35013.79621
2030-03-26 11:00:00,35592.46339
2030-03-26 12:00:00,35130.28938
2030-03-26 13:00:00,35541.81418
2030-03-26 14:00:00,35282.237
2030-03-26 15:00:00,35465.84037
2030-03-26 16:00:00,35846.97565
2030-03-26 17:00:00,36116.68267
2030-03-26 18:00:00,36406.64938
2030-03-26 19:00:00,36356.00017
2030-03-26 20:00:00,35830.51466
2030-03-26 21:00:00,35032.78966
2030-03-26 22:00:00,33889.38383
2030-03-26 23:00:00,32252.14824
2030-03-27 00:00:00,30814.97702
2030-03-27 01:00:00,29656.37643
2030-03-27 02:00:00,28856.11897
2030-03-27 03:00:00,28363.55544
2030-03-27 04:00:00,28001.41362
2030-03-27 05:00:00,27863.39453
2030-03-27 06:00:00,27882.38798
2030-03-27 07:00:00,28045.73167
2030-03-27 08:00:00,28802.93731
2030-03-27 09:00:00,29670.30496
2030-03-27 10:00:00,30411.0496
2030-03-27 11:00:00,30960.59349
2030-03-27 12:00:00,30842.83408
2030-03-27 13:00:00,30792.18488
2030-03-27 14:00:00,30680.75662
2030-03-27 15:00:00,30968.19087
2030-03-27 16:00:00,31496.20884
2030-03-27 17:00:00,32491.46574
2030-03-27 18:00:00,33463.9305
2030-03-27 19:00:00,33498.11872
2030-03-27 20:00:00,33500.65118
2030-03-27 21:00:00,33196.75594
2030-03-27 22:00:00,31971.04515
2030-03-27 23:00:00,30352.80301
2030-03-28 00:00:00,28753.55433
2030-03-28 01:00:00,27644.33672
2030-03-28 02:00:00,26927.65045
2030-03-28 03:00:00,26521.19057
2030-03-28 04:00:00,26538.91779
2030-03-28 05:00:00,26784.56644
2030-03-28 06:00:00,27917.84243
2030-03-28 07:00:00,30074.23238
2030-03-28 08:00:00,33877.98776
2030-03-28 09:00:00,35997.65704
2030-03-28 10:00:00,36758.66136
2030-03-28 11:00:00,37138.53041
2030-03-28 12:00:00,35064.44542
2030-03-28 13:00:00,36177.46172
2030-03-28 14:00:00,37144.86156
2030-03-28 15:00:00,37234.7639
2030-03-28 16:00:00,37753.91826
2030-03-28 17:00:00,37675.41199
2030-03-28 18:00:00,38460.47469
2030-03-28 19:00:00,38107.19648
2030-03-28 20:00:00,37400.64005
2030-03-28 21:00:00,36344.6041
2030-03-28 22:00:00,34775.74494
2030-03-28 23:00:00,33034.67848
2030-03-29 00:00:00,31218.90444
2030-03-29 01:00:00,30036.24548
2030-03-29 02:00:00,29282.83853
2030-03-29 03:00:00,29139.75453
2030-03-29 04:00:00,28894.10588
2030-03-29 05:00:00,28853.58651
2030-03-29 06:00:00,29812.12274
2030-03-29 07:00:00,31178.38507
2030-03-29 08:00:00,34887.17319
2030-03-29 09:00:00,36568.72684
2030-03-29 10:00:00,37146.12779
2030-03-29 11:00:00,37584.24342
2030-03-29 12:00:00,35948.27406
2030-03-29 13:00:00,37401.90628
2030-03-29 14:00:00,38264.20901
2030-03-29 15:00:00,38409.82548
2030-03-29 16:00:00,38825.14897
2030-03-29 17:00:00,38387.03334
2030-03-29 18:00:00,38847.94112
2030-03-29 19:00:00,38500.99405
2030-03-29 20:00:00,37731.12612
2030-03-29 21:00:00,36604.18128
2030-03-29 22:00:00,35084.7051
2030-03-29 23:00:00,33474.06034
2030-03-30 00:00:00,31746.92241
2030-03-30 01:00:00,30554.13361
2030-03-30 02:00:00,29638.64921
2030-03-30 03:00:00,29125.826
2030-03-30 04:00:00,28957.41738
2030-03-30 05:00:00,29328.42282
2030-03-30 06:00:00,30298.35512
2030-03-30 07:00:00,31801.37031
2030-03-30 08:00:00,35443.04823
2030-03-30 09:00:00,37451.28926
2030-03-30 10:00:00,38711.18826
2030-03-30 11:00:00,39241.73869
2030-03-30 12:00:00,36656.09672
2030-03-30 13:00:00,37945.11902
2030-03-30 14:00:00,38733.9804
2030-03-30 15:00:00,39187.2908
2030-03-30 16:00:00,39703.9127
2030-03-30 17:00:00,39164.49865
2030-03-30 18:00:00,39479.78996
2030-03-30 19:00:00,38849.20735
2030-03-30 20:00:00,38041.35251
2030-03-30 21:00:00,36830.83648
2030-03-30 22:00:00,35270.84093
2030-03-30 23:00:00,33636.1378
2030-03-31 00:00:00,31914.06479
2030-03-31 01:00:00,30723.80845
2030-03-31 02:00:00,29950.14183
2030-03-31 03:00:00,29532.28587
2030-03-31 04:00:00,29123.29353
2030-03-31 05:00:00,29325.89036
2030-03-31 06:00:00,30210.98524
2030-03-31 07:00:00,31697.53944
2030-03-31 08:00:00,35527.88565
2030-03-31 09:00:00,37761.51564
2030-03-31 10:00:00,38409.82548
2030-03-31 11:00:00,38866.93457
2030-03-31 12:00:00,37060.02414
2030-03-31 13:00:00,38603.5587
2030-03-31 14:00:00,39472.19258
2030-03-31 15:00:00,39660.86087
2030-03-31 16:00:00,39939.43151
2030-03-31 17:00:00,38885.92802
2030-03-31 18:00:00,39073.33008
2030-03-31 19:00:00,38457.94223
2030-03-31 20:00:00,37375.31545
2030-03-31 21:00:00,36121.74759
2030-03-31 22:00:00,34538.9599
2030-03-31 23:00:00,32999.22404
2030-04-01 00:00:00,31284.74841
2030-04-01 01:00:00,30034.97925
2030-04-01 02:00:00,29187.87127
2030-04-01 03:00:00,28857.3852
2030-04-01 04:00:00,28690.24282
2030-04-01 05:00:00,28783.94385
2030-04-01 06:00:00,29491.76651
2030-04-01 07:00:00,30898.54821
2030-04-01 08:00:00,34202.14268
2030-04-01 09:00:00,35920.417
2030-04-01 10:00:00,36747.26529
2030-04-01 11:00:00,37466.48402
2030-04-01 12:00:00,35402.52887
2030-04-01 13:00:00,36448.43497
2030-04-01 14:00:00,37119.53696
2030-04-01 15:00:00,35954.60521
2030-04-01 16:00:00,36537.07108
2030-04-01 17:00:00,36664.96033
2030-04-01 18:00:00,37190.44584
2030-04-01 19:00:00,36777.65481
2030-04-01 20:00:00,35920.417
2030-04-01 21:00:00,34770.68002
2030-04-01 22:00:00,33709.57915
2030-04-01 23:00:00,32447.14769
2030-04-02 00:00:00,30835.2367
2030-04-02 01:00:00,29536.08456
2030-04-02 02:00:00,28737.09334
2030-04-02 03:00:00,28103.97826
2030-04-02 04:00:00,28029.27068
2030-04-02 05:00:00,28092.58219
2030-04-02 06:00:00,28385.08136
2030-04-02 07:00:00,29170.14405
2030-04-02 08:00:00,30307.21873
2030-04-02 09:00:00,31612.70202
2030-04-02 10:00:00,32138.18753
2030-04-02 11:00:00,32362.31027
2030-04-02 12:00:00,31473.4167
2030-04-02 13:00:00,31940.65563
2030-04-02 14:00:00,32195.16789
2030-04-02 15:00:00,32369.90765
2030-04-02 16:00:00,33291.7232
2030-04-02 17:00:00,33955.2278
2030-04-02 18:00:00,34466.78478
2030-04-02 19:00:00,34601.00518
2030-04-02 20:00:00,34213.53875
2030-04-02 21:00:00,33743.76737
2030-04-02 22:00:00,32801.69213
2030-04-02 23:00:00,31394.91043
2030-04-03 00:00:00,29681.70103
2030-04-03 01:00:00,28400.27612
2030-04-03 02:00:00,27581.02521
2030-04-03 03:00:00,27016.28656
2030-04-03 04:00:00,26738.98216
2030-04-03 05:00:00,26811.15727
2030-04-03 06:00:00,27001.0918
2030-04-03 07:00:00,27396.15561
2030-04-03 08:00:00,27831.73878
2030-04-03 09:00:00,28044.46544
2030-04-03 10:00:00,28376.21774
2030-04-03 11:00:00,28267.32195
2030-04-03 12:00:00,27973.55656
2030-04-03 13:00:00,29322.09167
2030-04-03 14:00:00,29400.59794
2030-04-03 15:00:00,29779.20075
2030-04-03 16:00:00,30493.35456
2030-04-03 17:00:00,31515.2023
2030-04-03 18:00:00,32193.90166
2030-04-03 19:00:00,32748.51046
2030-04-03 20:00:00,32747.24423
2030-04-03 21:00:00,32515.52412
2030-04-03 22:00:00,31559.52035
2030-04-03 23:00:00,30245.17345
2030-04-04 00:00:00,28839.65798
2030-04-04 01:00:00,27556.96683
2030-04-04 02:00:00,26773.17037
2030-04-04 03:00:00,26297.06783
2030-04-04 04:00:00,26024.82835
2030-04-04 05:00:00,26138.78906
2030-04-04 06:00:00,26335.05474
2030-04-04 07:00:00,26694.6641
2030-04-04 08:00:00,27896.31652
2030-04-04 09:00:00,28786.47631
2030-04-04 10:00:00,29437.31861
2030-04-04 11:00:00,29912.15492
2030-04-04 12:00:00,29512.02619
2030-04-04 13:00:00,29746.27877
2030-04-04 14:00:00,30180.59571
2030-04-04 15:00:00,30494.62079
2030-04-04 16:00:00,30913.74297
2030-04-04 17:00:00,31714.00043
2030-04-04 18:00:00,32720.6534
2030-04-04 19:00:00,32891.59447
2030-04-04 20:00:00,32832.08165
2030-04-04 21:00:00,32563.64086
2030-04-04 22:00:00,31608.90333
2030-04-04 23:00:00,30278.09543
2030-04-05 00:00:00,28716.83366
2030-04-05 01:00:00,27644.33672
2030-04-05 02:00:00,26878.26747
2030-04-05 03:00:00,26309.73013
2030-04-05 04:00:00,26176.77597
2030-04-05 05:00:00,26223.62648
2030-04-05 06:00:00,26310.99636
2030-04-05 07:00:00,26665.54081
2030-04-05 08:00:00,27895.05029
2030-04-05 09:00:00,28800.40485
2030-04-05 10:00:00,29332.22151
2030-04-05 11:00:00,30026.11563
2030-04-05 12:00:00,29803.25913
2030-04-05 13:00:00,29995.72611
2030-04-05 14:00:00,30137.54389
2030-04-05 15:00:00,30635.17234
2030-04-05 16:00:00,31367.05337
2030-04-05 17:00:00,32248.34955
2030-04-05 18:00:00,33222.08054
2030-04-05 19:00:00,33671.59225
2030-04-05 20:00:00,33642.46895
2030-04-05 21:00:00,33319.58026
2030-04-05 22:00:00,31867.21428
2030-04-05 23:00:00,30271.76428
2030-04-06 00:00:00,28691.50905
2030-04-06 01:00:00,27544.30453
2030-04-06 02:00:00,26914.98815
2030-04-06 03:00:00,26588.30077
2030-04-06 04:00:00,26560.4437
2030-04-06 05:00:00,26741.51462
2030-04-06 06:00:00,28026.73822
2030-04-06 07:00:00,29543.68195
2030-04-06 08:00:00,31641.82531
2030-04-06 09:00:00,36039.44263
2030-04-06 10:00:00,36778.92104
2030-04-06 11:00:00,37675.41199
2030-04-06 12:00:00,35769.73561
2030-04-06 13:00:00,37153.72517
2030-04-06 14:00:00,38081.87187
2030-04-06 15:00:00,38316.12445
2030-04-06 16:00:00,38533.91604
2030-04-06 17:00:00,37845.08683
2030-04-06 18:00:00,37991.96953
2030-04-06 19:00:00,37753.91826
2030-04-06 20:00:00,37042.29692
2030-04-06 21:00:00,35953.33898
2030-04-06 22:00:00,34390.81097
2030-04-06 23:00:00,32994.15911
2030-04-07 00:00:00,31287.28087
2030-04-07 01:00:00,30198.32294
2030-04-07 02:00:00,29391.73433
2030-04-07 03:00:00,28832.0606
2030-04-07 04:00:00,28814.33338
2030-04-07 05:00:00,28973.87838
2030-04-07 06:00:00,29780.46698
2030-04-07 07:00:00,31161.92408
2030-04-07 08:00:00,34728.89443
2030-04-07 09:00:00,36471.22712
2030-04-07 10:00:00,37236.03013
2030-04-07 11:00:00,37761.51564
2030-04-07 12:00:00,35974.8649
2030-04-07 13:00:00,37384.17906
2030-04-07 14:00:00,38297.131
2030-04-07 15:00:00,38340.18282
2030-04-07 16:00:00,38630.14953
2030-04-07 17:00:00,38203.42997
2030-04-07 18:00:00,38535.18227
2030-04-07 19:00:00,38212.29358
2030-04-07 20:00:00,37275.28326
2030-04-07 21:00:00,36495.28549
2030-04-07 22:00:00,34731.42689
2030-04-07 23:00:00,33162.56773
2030-04-08 00:00:00,31583.57872
2030-04-08 01:00:00,30483.22472
2030-04-08 02:00:00,29672.83742
2030-04-08 03:00:00,29287.90345
2030-04-08 04:00:00,29010.59905
2030-04-08 05:00:00,29400.59794
2030-04-08 06:00:00,30194.52424
2030-04-08 07:00:00,31672.21483
2030-04-08 08:00:00,35189.8022
2030-04-08 09:00:00,37114.47203
2030-04-08 10:00:00,38081.87187
2030-04-08 11:00:00,38639.01314
2030-04-08 12:00:00,36914.40767
2030-04-08 13:00:00,37883.07374
2030-04-08 14:00:00,38975.83036
2030-04-08 15:00:00,39251.86853
2030-04-08 16:00:00,39384.8227
2030-04-08 17:00:00,38660.53905
2030-04-08 18:00:00,38803.62306
2030-04-08 19:00:00,38502.26028
2030-04-08 20:00:00,37336.06231
2030-04-08 21:00:00,36066.03347
2030-04-08 22:00:00,34717.49835
2030-04-08 23:00:00,33438.6059
2030-04-09 00:00:00,31806.43523
2030-04-09 01:00:00,30687.08777
2030-04-09 02:00:00,29850.10964
2030-04-09 03:00:00,29180.27389
2030-04-09 04:00:00,29039.72234
2030-04-09 05:00:00,29151.1506
2030-04-09 06:00:00,29109.365
2030-04-09 07:00:00,29793.12929
2030-04-09 08:00:00,31615.23448
2030-04-09 09:00:00,33108.11983
2030-04-09 10:00:00,34066.65605
2030-04-09 11:00:00,34723.8295
2030-04-09 12:00:00,33955.2278
2030-04-09 13:00:00,34912.4978
2030-04-09 14:00:00,35239.18518
2030-04-09 15:00:00,35325.28883
2030-04-09 16:00:00,35474.70399
2030-04-09 17:00:00,35462.04168
2030-04-09 18:00:00,36019.18295
2030-04-09 19:00:00,35819.11859
2030-04-09 20:00:00,35249.31502
2030-04-09 21:00:00,34685.8426
2030-04-09 22:00:00,33439.87213
2030-04-09 23:00:00,32410.42701
2030-04-10 00:00:00,30804.84718
2030-04-10 01:00:00,29699.42825
2030-04-10 02:00:00,28878.91112
2030-04-10 03:00:00,28309.10755
2030-04-10 04:00:00,28168.556
2030-04-10 05:00:00,28110.30941
2030-04-10 06:00:00,28119.17302
2030-04-10 07:00:00,28362.28921
2030-04-10 08:00:00,28997.93675
2030-04-10 09:00:00,30038.77794
2030-04-10 10:00:00,31137.86571
2030-04-10 11:00:00,32078.67471
2030-04-10 12:00:00,32176.17444
2030-04-10 13:00:00,32445.88146
2030-04-10 14:00:00,32618.08876
2030-04-10 15:00:00,32857.40626
2030-04-10 16:00:00,33437.33967
2030-04-10 17:00:00,34121.10395
2030-04-10 18:00:00,34951.75093
2030-04-10 19:00:00,34930.22502
2030-04-10 20:00:00,34790.9397
2030-04-10 21:00:00,34556.68712
2030-04-10 22:00:00,33124.58082
2030-04-10 23:00:00,31592.44233
2030-04-11 00:00:00,30154.00488
2030-04-11 01:00:00,29179.00766
2030-04-11 02:00:00,28550.95751
2030-04-11 03:00:00,28259.72457
2030-04-11 04:00:00,28022.93953
2030-04-11 05:00:00,28282.51671
2030-04-11 06:00:00,29171.41028
2030-04-11 07:00:00,30918.80789
2030-04-11 08:00:00,35593.72962
2030-04-11 09:00:00,38089.46925
2030-04-11 10:00:00,39226.54393
2030-04-11 11:00:00,40067.32075
2030-04-11 12:00:00,38507.3252
2030-04-11 13:00:00,40078.71682
2030-04-11 14:00:00,40916.96119
2030-04-11 15:00:00,40887.83789
2030-04-11 16:00:00,41303.16138
2030-04-11 17:00:00,40573.81281
2030-04-11 18:00:00,40500.37147
2030-04-11 19:00:00,39912.84067
2030-04-11 20:00:00,38811.22044
2030-04-11 21:00:00,37493.07485
2030-04-11 22:00:00,35919.15077
2030-04-11 23:00:00,34649.12193
2030-04-12 00:00:00,32894.12693
2030-04-12 01:00:00,31689.94206
2030-04-12 02:00:00,31035.30107
2030-04-12 03:00:00,30594.65297
2030-04-12 04:00:00,30302.15381
2030-04-12 05:00:00,30349.00432
2030-04-12 06:00:00,31129.0021
2030-04-12 07:00:00,32581.36808
2030-04-12 08:00:00,36818.17418
2030-04-12 09:00:00,39503.84833
2030-04-12 10:00:00,40711.8319
2030-04-12 11:00:00,41577.93333
2030-04-12 12:00:00,39843.19802
2030-04-12 13:00:00,41198.06428
2030-04-12 14:00:00,42097.08769
2030-04-12 15:00:00,42141.40574
2030-04-12 16:00:00,42059.10078
2030-04-12 17:00:00,41042.31797
2030-04-12 18:00:00,40867.57821
2030-04-12 19:00:00,40266.11889
2030-04-12 20:00:00,39421.54337
2030-04-12 21:00:00,38431.35139
2030-04-12 22:00:00,36811.84303
2030-04-12 23:00:00,35306.29538
2030-04-13 00:00:00,33627.27419
2030-04-13 01:00:00,32410.42701
2030-04-13 02:00:00,31441.76095
2030-04-13 03:00:00,30869.42492
2030-04-13 04:00:00,30663.0294
2030-04-13 05:00:00,30982.1194
2030-04-13 06:00:00,31446.82587
2030-04-13 07:00:00,32958.70467
2030-04-13 08:00:00,37063.82283
2030-04-13 09:00:00,39716.575
2030-04-13 10:00:00,40985.33761
2030-04-13 11:00:00,41818.51706
2030-04-13 12:00:00,40190.14508
2030-04-13 13:00:00,41391.79749
2030-04-13 14:00:00,42478.22297
2030-04-13 15:00:00,42480.75543
2030-04-13 16:00:00,42194.58741
2030-04-13 17:00:00,41100.56456
2030-04-13 18:00:00,40994.20123
2030-04-13 19:00:00,40564.9492
2030-04-13 20:00:00,39684.91925
2030-04-13 21:00:00,38365.50743
2030-04-13 22:00:00,36892.88176
2030-04-13 23:00:00,35479.76891
2030-04-14 00:00:00,33642.46895
2030-04-14 01:00:00,32445.88146
2030-04-14 02:00:00,31625.36432
2030-04-14 03:00:00,31187.24869
2030-04-14 04:00:00,30969.4571
2030-04-14 05:00:00,31060.62567
2030-04-14 06:00:00,31757.05225
2030-04-14 07:00:00,33091.65884
2030-04-14 08:00:00,37458.88664
2030-04-14 09:00:00,39603.88052
2030-04-14 10:00:00,40349.69008
2030-04-14 11:00:00,40686.5073
2030-04-14 12:00:00,38637.74691
2030-04-14 13:00:00,39938.16528
2030-04-14 14:00:00,40887.83789
2030-04-14 15:00:00,41081.57111
2030-04-14 16:00:00,40938.4871
2030-04-14 17:00:00,40135.69718
2030-04-14 18:00:00,39892.58099
2030-04-14 19:00:00,39419.01091
2030-04-14 20:00:00,38509.85766
2030-04-14 21:00:00,37124.60188
2030-04-14 22:00:00,35503.82728
2030-04-14 23:00:00,34071.72098
2030-04-15 00:00:00,32233.15479
2030-04-15 01:00:00,31102.41127
2030-04-15 02:00:00,30199.58917
2030-04-15 03:00:00,29764.00599
2030-04-15 04:00:00,29561.40917
2030-04-15 05:00:00,29742.48008
2030-04-15 06:00:00,30276.8292
2030-04-15 07:00:00,31491.14392
2030-04-15 08:00:00,35292.36684
2030-04-15 09:00:00,37434.82826
2030-04-15 10:00:00,38342.71528
2030-04-15 11:00:00,38903.65524
2030-04-15 12:00:00,37224.63406
2030-04-15 13:00:00,38308.52707
2030-04-15 14:00:00,39234.14131
2030-04-15 15:00:00,39382.29024
2030-04-15 16:00:00,39765.95798
2030-04-15 17:00:00,38682.06496
2030-04-15 18:00:00,38599.76001
2030-04-15 19:00:00,38076.80695
2030-04-15 20:00:00,37109.40711
2030-04-15 21:00:00,35840.6445
2030-04-15 22:00:00,34547.82351
2030-04-15 23:00:00,33412.01507
2030-04-16 00:00:00,31558.25412
2030-04-16 01:00:00,30402.18599
2030-04-16 02:00:00,29542.41572
2030-04-16 03:00:00,29072.64433
2030-04-16 04:00:00,28856.11897
2030-04-16 05:00:00,28813.06715
2030-04-16 06:00:00,28938.42393
2030-04-16 07:00:00,29467.70814
2030-04-16 08:00:00,31216.37198
2030-04-16 09:00:00,32787.7636
2030-04-16 10:00:00,33506.98233
2030-04-16 11:00:00,34074.25344
2030-04-16 12:00:00,33684.25455
2030-04-16 13:00:00,33937.50058
2030-04-16 14:00:00,34254.05812
2030-04-16 15:00:00,34174.28562
2030-04-16 16:00:00,34589.60911
2030-04-16 17:00:00,34436.39526
2030-04-16 18:00:00,34809.93316
2030-04-16 19:00:00,34746.62165
2030-04-16 20:00:00,34307.23978
2030-04-16 21:00:00,33780.48804
2030-04-16 22:00:00,32578.83562
2030-04-16 23:00:00,31427.83241
2030-04-17 00:00:00,29967.86905
2030-04-17 01:00:00,28721.89858
2030-04-17 02:00:00,28035.60183
2030-04-17 03:00:00,27513.91501
2030-04-17 04:00:00,27396.15561
2030-04-17 05:00:00,27375.89592
2030-04-17 06:00:00,27473.39564
2030-04-17 07:00:00,27739.30398
2030-04-17 08:00:00,27911.51128
2030-04-17 09:00:00,28709.23627
2030-04-17 10:00:00,29926.08345
2030-04-17 11:00:00,30527.54278
2030-04-17 12:00:00,30290.75774
2030-04-17 13:00:00,30594.65297
2030-04-17 14:00:00,31022.63877
2030-04-17 15:00:00,31129.0021
2030-04-17 16:00:00,31677.27975
2030-04-17 17:00:00,32611.75761
2030-04-17 18:00:00,33422.14491
2030-04-17 19:00:00,33588.02106
2030-04-17 20:00:00,33541.17054
2030-04-17 21:00:00,33213.21693
2030-04-17 22:00:00,31874.81166
2030-04-17 23:00:00,30309.75119
2030-04-18 00:00:00,28949.82
2030-04-18 01:00:00,28083.71858
2030-04-18 02:00:00,27173.2991
2030-04-18 03:00:00,26875.73501
2030-04-18 04:00:00,26863.07271
2030-04-18 05:00:00,27397.42184
2030-04-18 06:00:00,28277.45179
2030-04-18 07:00:00,30099.55698
2030-04-18 08:00:00,34269.25288
2030-04-18 09:00:00,36672.55771
2030-04-18 10:00:00,37489.27616
2030-04-18 11:00:00,38126.18993
2030-04-18 12:00:00,35981.19605
2030-04-18 13:00:00,37574.11358
2030-04-18 14:00:00,38495.92913
2030-04-18 15:00:00,38906.1877
2030-04-18 16:00:00,39448.13421
2030-04-18 17:00:00,38812.48667
2030-04-18 18:00:00,39055.60286
2030-04-18 19:00:00,38549.1108
2030-04-18 20:00:00,37584.24342
2030-04-18 21:00:00,36204.05255
2030-04-18 22:00:00,34588.34288
2030-04-18 23:00:00,33175.23003
2030-04-19 00:00:00,31474.68293
2030-04-19 01:00:00,30179.32948
2030-04-19 02:00:00,29584.20131
2030-04-19 03:00:00,29185.33881
2030-04-19 04:00:00,28815.59961
2030-04-19 05:00:00,29209.39719
2030-04-19 06:00:00,29785.53191
2030-04-19 07:00:00,31505.07245
2030-04-19 08:00:00,35012.52998
2030-04-19 09:00:00,37073.95267
2030-04-19 10:00:00,38032.4889
2030-04-19 11:00:00,38655.47413
2030-04-19 12:00:00,36652.29803
2030-04-19 13:00:00,37520.93191
2030-04-19 14:00:00,38436.41632
2030-04-19 15:00:00,38521.25374
2030-04-19 16:00:00,39093.58976
2030-04-19 17:00:00,38542.77965
2030-04-19 18:00:00,38966.96675
2030-04-19 19:00:00,38574.4354
2030-04-19 20:00:00,37823.56092
2030-04-19 21:00:00,36550.99962
2030-04-19 22:00:00,35028.99097
2030-04-19 23:00:00,33504.44987
2030-04-20 00:00:00,31884.9415
2030-04-20 01:00:00,30490.8221
2030-04-20 02:00:00,29872.90179
2030-04-20 03:00:00,29375.27334
2030-04-20 04:00:00,29173.94274
2030-04-20 05:00:00,29371.47464
2030-04-20 06:00:00,30205.92032
2030-04-20 07:00:00,31758.31848
2030-04-20 08:00:00,35362.0095
2030-04-20 09:00:00,37693.13921
2030-04-20 10:00:00,38121.12501
2030-04-20 11:00:00,38727.64925
2030-04-20 12:00:00,36856.16108
2030-04-20 13:00:00,38257.87786
2030-04-20 14:00:00,39324.04365
2030-04-20 15:00:00,39468.39389
2030-04-20 16:00:00,39733.03599
2030-04-20 17:00:00,39288.58921
2030-04-20 18:00:00,39565.89361
2030-04-20 19:00:00,39122.71306
2030-04-20 20:00:00,38118.59255
2030-04-20 21:00:00,36868.82338
2030-04-20 22:00:00,35420.25609
2030-04-20 23:00:00,33760.22836
2030-04-21 00:00:00,32082.4734
2030-04-21 01:00:00,30913.74297
2030-04-21 02:00:00,30138.81012
2030-04-21 03:00:00,29800.72667
2030-04-21 04:00:00,29523.42226
2030-04-21 05:00:00,29613.3246
2030-04-21 06:00:00,30541.47131
2030-04-21 07:00:00,32155.91475
2030-04-21 08:00:00,35844.44319
2030-04-21 09:00:00,37933.72294
2030-04-21 10:00:00,38711.18826
2030-04-21 11:00:00,39378.49155
2030-04-21 12:00:00,37838.75568
2030-04-21 13:00:00,39172.09603
2030-04-21 14:00:00,40190.14508
2030-04-21 15:00:00,40583.94266
2030-04-21 16:00:00,40873.90936
2030-04-21 17:00:00,40243.32674
2030-04-21 18:00:00,40153.4244
2030-04-21 19:00:00,39790.01635
2030-04-21 20:00:00,38892.25917
2030-04-21 21:00:00,37538.65914
2030-04-21 22:00:00,36098.95545
2030-04-21 23:00:00,34547.82351
2030-04-22 00:00:00,32816.88689
2030-04-22 01:00:00,31558.25412
2030-04-22 02:00:00,30817.50948
2030-04-22 03:00:00,30393.32238
2030-04-22 04:00:00,30034.97925
2030-04-22 05:00:00,30048.90778
2030-04-22 06:00:00,31037.83353
2030-04-22 07:00:00,32495.26443
2030-04-22 08:00:00,36682.68755
2030-04-22 09:00:00,39168.29734
2030-04-22 10:00:00,40344.62516
2030-04-22 11:00:00,41211.99281
2030-04-22 12:00:00,39814.07472
2030-04-22 13:00:00,41210.72658
2030-04-22 14:00:00,42132.54213
2030-04-22 15:00:00,42411.11277
2030-04-22 16:00:00,42179.39265
2030-04-22 17:00:00,40738.42273
2030-04-22 18:00:00,40435.79373
2030-04-22 19:00:00,39993.8794
2030-04-22 20:00:00,39259.46592
2030-04-22 21:00:00,38375.63727
2030-04-22 22:00:00,37028.36838
2030-04-22 23:00:00,35576.0024
2030-04-23 00:00:00,33819.74117
2030-04-23 01:00:00,32681.40027
2030-04-23 02:00:00,31807.70146
2030-04-23 03:00:00,31070.75551
2030-04-23 04:00:00,30706.08123
2030-04-23 05:00:00,30623.77627
2030-04-23 06:00:00,30775.72389
2030-04-23 07:00:00,31646.89023
2030-04-23 08:00:00,33400.61899
2030-04-23 09:00:00,35149.28284
2030-04-23 10:00:00,36096.42299
2030-04-23 11:00:00,36759.92759
2030-04-23 12:00:00,36230.64339
2030-04-23 13:00:00,36749.79775
2030-04-23 14:00:00,37051.16053
2030-04-23 15:00:00,37173.98485
2030-04-23 16:00:00,37376.58168
2030-04-23 17:00:00,37348.72461
2030-04-23 18:00:00,37802.03501
2030-04-23 19:00:00,37831.1583
2030-04-23 20:00:00,37650.08739
2030-04-23 21:00:00,36748.53152
2030-04-23 22:00:00,35800.12514
2030-04-23 23:00:00,34316.1034
2030-04-24 00:00:00,32751.04293
2030-04-24 01:00:00,31498.7413
2030-04-24 02:00:00,30549.06869
2030-04-24 03:00:00,29877.96671
2030-04-24 04:00:00,29528.48718
2030-04-24 05:00:00,29457.5783
2030-04-24 06:00:00,29371.47464
2030-04-24 07:00:00,29782.99944
2030-04-24 08:00:00,30860.56131
2030-04-24 09:00:00,32076.14225
2030-04-24 10:00:00,33232.21038
2030-04-24 11:00:00,34466.78478
2030-04-24 12:00:00,34535.16121
2030-04-24 13:00:00,34822.59546
2030-04-24 14:00:00,35028.99097
2030-04-24 15:00:00,35283.50323
2030-04-24 16:00:00,35743.14478
2030-04-24 17:00:00,36149.60466
2030-04-24 18:00:00,36867.55715
2030-04-24 19:00:00,37177.78354
2030-04-24 20:00:00,37224.63406
2030-04-24 21:00:00,36706.74593
2030-04-24 22:00:00,35330.35375
2030-04-24 23:00:00,33732.37129
2030-04-25 00:00:00,32281.27154
2030-04-25 01:00:00,31220.17067
2030-04-25 02:00:00,30307.21873
2030-04-25 03:00:00,29739.94762
2030-04-25 04:00:00,29588
2030-04-25 05:00:00,29600.6623
2030-04-25 06:00:00,30274.29674
2030-04-25 07:00:00,32045.75273
2030-04-25 08:00:00,37551.32144
2030-04-25 09:00:00,40507.96885
2030-04-25 10:00:00,41828.6469
2030-04-25 11:00:00,43091.07836
2030-04-25 12:00:00,41458.90769
2030-04-25 13:00:00,42878.35169
2030-04-25 14:00:00,43740.65443
2030-04-25 15:00:00,43795.10233
2030-04-25 16:00:00,43278.48042
2030-04-25 17:00:00,41955.26991
2030-04-25 18:00:00,42013.5165
2030-04-25 19:00:00,41655.17337
2030-04-25 20:00:00,41180.33706
2030-04-25 21:00:00,39850.7954
2030-04-25 22:00:00,38262.94278
2030-04-25 23:00:00,36799.18073
2030-04-26 00:00:00,34888.43942
2030-04-26 01:00:00,33800.74772
2030-04-26 02:00:00,32723.18586
2030-04-26 03:00:00,31945.72055
2030-04-26 04:00:00,31610.16956
2030-04-26 05:00:00,31594.97479
2030-04-26 06:00:00,32025.49305
2030-04-26 07:00:00,33767.82574
2030-04-26 08:00:00,38946.70707
2030-04-26 09:00:00,41772.93277
2030-04-26 10:00:00,42931.53336
2030-04-26 11:00:00,44090.13395
2030-04-26 12:00:00,42627.63812
2030-04-26 13:00:00,44269.93863
2030-04-26 14:00:00,45130.97514
2030-04-26 15:00:00,44962.56653
2030-04-26 16:00:00,44706.78804
2030-04-26 17:00:00,43313.93487
2030-04-26 18:00:00,42884.68285
2030-04-26 19:00:00,42717.54046
2030-04-26 20:00:00,41927.41285
2030-04-26 21:00:00,41115.75932
2030-04-26 22:00:00,39597.54937
2030-04-26 23:00:00,38162.9106
2030-04-27 00:00:00,36079.962
2030-04-27 01:00:00,34726.36196
2030-04-27 02:00:00,33653.86502
2030-04-27 03:00:00,33106.8536
2030-04-27 04:00:00,32583.90054
2030-04-27 05:00:00,32415.49193
2030-04-27 06:00:00,32853.60757
2030-04-27 07:00:00,34509.83661
2030-04-27 08:00:00,39348.10203
2030-04-27 09:00:00,42222.44447
2030-04-27 10:00:00,43644.42094
2030-04-27 11:00:00,44851.13827
2030-04-27 12:00:00,43148.05872
2030-04-27 13:00:00,44610.55454
2030-04-27 14:00:00,45196.81911
2030-04-27 15:00:00,45155.03351
2030-04-27 16:00:00,44432.01609
2030-04-27 17:00:00,42463.0282
2030-04-27 18:00:00,42293.35336
2030-04-27 19:00:00,42065.43194
2030-04-27 20:00:00,41469.03753
2030-04-27 21:00:00,40514.3
2030-04-27 22:00:00,39013.81727
2030-04-27 23:00:00,37563.98374
2030-04-28 00:00:00,35679.83327
2030-04-28 01:00:00,34264.18796
2030-04-28 02:00:00,33271.46352
2030-04-28 03:00:00,32585.16677
2030-04-28 04:00:00,32179.97313
2030-04-28 05:00:00,32003.96713
2030-04-28 06:00:00,32452.21261
2030-04-28 07:00:00,34136.29871
2030-04-28 08:00:00,38741.57778
2030-04-28 09:00:00,41662.77075
2030-04-28 10:00:00,43129.06526
2030-04-28 11:00:00,44445.94462
2030-04-28 12:00:00,43141.72757
2030-04-28 13:00:00,44383.89935
2030-04-28 14:00:00,44842.27466
2030-04-28 15:00:00,44400.36034
2030-04-28 16:00:00,43920.45911
2030-04-28 17:00:00,42675.75487
2030-04-28 18:00:00,42555.46301
2030-04-28 19:00:00,42431.37245
2030-04-28 20:00:00,41770.40031
2030-04-28 21:00:00,40595.33873
2030-04-28 22:00:00,39153.10258
2030-04-28 23:00:00,37940.05409
2030-04-29 00:00:00,35815.3199
2030-04-29 01:00:00,34316.1034
2030-04-29 02:00:00,33309.45042
2030-04-29 03:00:00,32412.95947
2030-04-29 04:00:00,32059.68126
2030-04-29 05:00:00,32066.01241
2030-04-29 06:00:00,32387.63487
2030-04-29 07:00:00,33800.74772
2030-04-29 08:00:00,37881.80751
2030-04-29 09:00:00,41648.84222
2030-04-29 10:00:00,42921.40352
2030-04-29 11:00:00,44742.24248
2030-04-29 12:00:00,43791.30364
2030-04-29 13:00:00,44754.90478
2030-04-29 14:00:00,45509.57795
2030-04-29 15:00:00,44887.85895
2030-04-29 16:00:00,44362.37343
2030-04-29 17:00:00,42295.88582
2030-04-29 18:00:00,41669.1019
2030-04-29 19:00:00,40846.0523
2030-04-29 20:00:00,39779.88651
2030-04-29 21:00:00,38706.12334
2030-04-29 22:00:00,37280.34818
2030-04-29 23:00:00,36014.11803
2030-04-30 00:00:00,34137.56494
2030-04-30 01:00:00,32946.04237
2030-04-30 02:00:00,32074.87602
2030-04-30 03:00:00,31373.38452
2030-04-30 04:00:00,30931.47019
2030-04-30 05:00:00,30570.5946
2030-04-30 06:00:00,30481.95849
2030-04-30 07:00:00,30954.26234
2030-04-30 08:00:00,32501.59558
2030-04-30 09:00:00,33857.72808
2030-04-30 10:00:00,35111.29593
2030-04-30 11:00:00,35983.72851
2030-04-30 12:00:00,35778.59922
2030-04-30 13:00:00,36377.52609
2030-04-30 14:00:00,36534.53862
2030-04-30 15:00:00,36253.43553
2030-04-30 16:00:00,36354.73394
2030-04-30 17:00:00,36169.86434
2030-04-30 18:00:00,36516.8114
2030-04-30 19:00:00,36491.4868
2030-04-30 20:00:00,36034.37771
2030-04-30 21:00:00,35515.22335
2030-04-30 22:00:00,34285.71387
2030-04-30 23:00:00,33081.529
2030-05-01 00:00:00,31641.82531
2030-05-01 01:00:00,30413.58206
2030-05-01 02:00:00,29567.74032
2030-05-01 03:00:00,28740.89203
2030-05-01 04:00:00,28493.97715
2030-05-01 05:00:00,28158.42616
2030-05-01 06:00:00,28115.37433
2030-05-01 07:00:00,28029.27068
2030-05-01 08:00:00,28583.87949
2030-05-01 09:00:00,29651.31151
2030-05-01 10:00:00,30504.75063
2030-05-01 11:00:00,30866.89246
2030-05-01 12:00:00,30994.7817
2030-05-01 13:00:00,31191.04738
2030-05-01 14:00:00,31185.98246
2030-05-01 15:00:00,30994.7817
2030-05-01 16:00:00,31548.12428
2030-05-01 17:00:00,32410.42701
2030-05-01 18:00:00,33046.07455
2030-05-01 19:00:00,33128.37951
2030-05-01 20:00:00,33162.56773
2030-05-01 21:00:00,32605.42646
2030-05-01 22:00:00,31421.50126
2030-05-01 23:00:00,29829.84996
2030-05-02 00:00:00,28530.69782
2030-05-02 01:00:00,27579.75898
2030-05-02 02:00:00,26977.03342
2030-05-02 03:00:00,26542.71648
2030-05-02 04:00:00,26465.47644
2030-05-02 05:00:00,26685.80049
2030-05-02 06:00:00,27137.84465
2030-05-02 07:00:00,27583.55767
2030-05-02 08:00:00,29322.09167
2030-05-02 09:00:00,30544.00377
2030-05-02 10:00:00,31023.905
2030-05-02 11:00:00,31603.83841
2030-05-02 12:00:00,31044.16468
2030-05-02 13:00:00,31045.43091
2030-05-02 14:00:00,31201.17722
2030-05-02 15:00:00,31537.99444
2030-05-02 16:00:00,32329.38828
2030-05-02 17:00:00,32939.71122
2030-05-02 18:00:00,33562.69645
2030-05-02 19:00:00,33607.01451
2030-05-02 20:00:00,33529.77447
2030-05-02 21:00:00,32924.51646
2030-05-02 22:00:00,31406.3065
2030-05-02 23:00:00,30183.12817
2030-05-03 00:00:00,28733.29465
2030-05-03 01:00:00,27774.75842
2030-05-03 02:00:00,27030.21509
2030-05-03 03:00:00,26722.52116
2030-05-03 04:00:00,26632.61882
2030-05-03 05:00:00,26963.10489
2030-05-03 06:00:00,27764.62858
2030-05-03 07:00:00,29689.29841
2030-05-03 08:00:00,33676.65717
2030-05-03 09:00:00,35976.13113
2030-05-03 10:00:00,36797.9145
2030-05-03 11:00:00,37274.01703
2030-05-03 12:00:00,35417.72363
2030-05-03 13:00:00,36591.51898
2030-05-03 14:00:00,37642.49001
2030-05-03 15:00:00,38090.73548
2030-05-03 16:00:00,38522.51997
2030-05-03 17:00:00,38202.16374
2030-05-03 18:00:00,38590.89639
2030-05-03 19:00:00,38148.98207
2030-05-03 20:00:00,37348.72461
2030-05-03 21:00:00,36076.16331
2030-05-03 22:00:00,34531.36252
2030-05-03 23:00:00,32906.78923
2030-05-04 00:00:00,31156.85916
2030-05-04 01:00:00,30175.53079
2030-05-04 02:00:00,29344.88381
2030-05-04 03:00:00,28961.21608
2030-05-04 04:00:00,28939.69016
2030-05-04 05:00:00,29067.57941
2030-05-04 06:00:00,29808.32405
2030-05-04 07:00:00,31172.05392
2030-05-04 08:00:00,35253.11371
2030-05-04 09:00:00,37593.10703
2030-05-04 10:00:00,38636.48068
2030-05-04 11:00:00,39075.86254
2030-05-04 12:00:00,37279.08195
2030-05-04 13:00:00,38775.766
2030-05-04 14:00:00,39710.24385
2030-05-04 15:00:00,39948.29512
2030-05-04 16:00:00,40182.5477
2030-05-04 17:00:00,39577.28968
2030-05-04 18:00:00,39578.55591
2030-05-04 19:00:00,39283.52429
2030-05-04 20:00:00,38264.20901
2030-05-04 21:00:00,37038.49823
2030-05-04 22:00:00,35155.61399
2030-05-04 23:00:00,33591.81975
2030-05-05 00:00:00,31953.31793
2030-05-05 01:00:00,30963.12595
2030-05-05 02:00:00,30289.49151
2030-05-05 03:00:00,29701.96072
2030-05-05 04:00:00,29513.29242
2030-05-05 05:00:00,29762.73976
2030-05-05 06:00:00,30423.7119
2030-05-05 07:00:00,32064.74618
2030-05-05 08:00:00,36086.29315
2030-05-05 09:00:00,38441.48124
2030-05-05 10:00:00,39344.30334
2030-05-05 11:00:00,40007.80794
2030-05-05 12:00:00,38102.13155
2030-05-05 13:00:00,39559.56246
2030-05-05 14:00:00,40218.00214
2030-05-05 15:00:00,40396.54059
2030-05-05 16:00:00,40709.29944
2030-05-05 17:00:00,40002.74302
2030-05-05 18:00:00,39974.88595
2030-05-05 19:00:00,39516.51064
2030-05-05 20:00:00,38593.42885
2030-05-05 21:00:00,37270.21834
2030-05-05 22:00:00,35588.6647
2030-05-05 23:00:00,34004.61078
2030-05-06 00:00:00,32611.75761
2030-05-06 01:00:00,31645.624
2030-05-06 02:00:00,30750.39928
2030-05-06 03:00:00,30276.8292
2030-05-06 04:00:00,30042.57663
2030-05-06 05:00:00,30265.43313
2030-05-06 06:00:00,30845.36654
2030-05-06 07:00:00,32167.31082
2030-05-06 08:00:00,36372.46116
2030-05-06 09:00:00,38761.83746
2030-05-06 10:00:00,39768.49044
2030-05-06 11:00:00,40595.33873
2030-05-06 12:00:00,39004.95365
2030-05-06 13:00:00,40382.61206
2030-05-06 14:00:00,41251.24595
2030-05-06 15:00:00,41414.58964
2030-05-06 16:00:00,41586.79694
2030-05-06 17:00:00,40388.94321
2030-05-06 18:00:00,40200.27492
2030-05-06 19:00:00,39731.76976
2030-05-06 20:00:00,38733.9804
2030-05-06 21:00:00,37498.13977
2030-05-06 22:00:00,35947.00783
2030-05-06 23:00:00,34595.94026
2030-05-07 00:00:00,33078.99653
2030-05-07 01:00:00,31983.70745
2030-05-07 02:00:00,31013.77515
2030-05-07 03:00:00,30504.75063
2030-05-07 04:00:00,30194.52424
2030-05-07 05:00:00,29952.67429
2030-05-07 06:00:00,29960.27167
2030-05-07 07:00:00,30545.27
2030-05-07 08:00:00,32534.51757
2030-05-07 09:00:00,34170.48693
2030-05-07 10:00:00,35483.5676
2030-05-07 11:00:00,36297.75359
2030-05-07 12:00:00,35920.417
2030-05-07 13:00:00,36575.05799
2030-05-07 14:00:00,36733.33676
2030-05-07 15:00:00,36706.74593
2030-05-07 16:00:00,36884.01815
2030-05-07 17:00:00,36933.40112
2030-05-07 18:00:00,36962.52442
2030-05-07 19:00:00,37034.69954
2030-05-07 20:00:00,36549.73339
2030-05-07 21:00:00,35912.81962
2030-05-07 22:00:00,34742.82296
2030-05-07 23:00:00,33405.68391
2030-05-08 00:00:00,32002.7009
2030-05-08 01:00:00,30635.17234
2030-05-08 02:00:00,29812.12274
2030-05-08 03:00:00,29095.43647
2030-05-08 04:00:00,28744.69072
2030-05-08 05:00:00,28680.11298
2030-05-08 06:00:00,28697.8402
2030-05-08 07:00:00,28934.62524
2030-05-08 08:00:00,29646.24659
2030-05-08 09:00:00,31017.57384
2030-05-08 10:00:00,31822.89622
2030-05-08 11:00:00,32643.41336
2030-05-08 12:00:00,33300.58681
2030-05-08 13:00:00,33109.38606
2030-05-08 14:00:00,33375.29439
2030-05-08 15:00:00,33490.52133
2030-05-08 16:00:00,33689.31947
2030-05-08 17:00:00,34531.36252
2030-05-08 18:00:00,35349.3472
2030-05-08 19:00:00,35648.17752
2030-05-08 20:00:00,35592.46339
2030-05-08 21:00:00,35260.71109
2030-05-08 22:00:00,33862.793
2030-05-08 23:00:00,32497.79689
2030-05-09 00:00:00,30974.52202
2030-05-09 01:00:00,30071.69992
2030-05-09 02:00:00,29276.50738
2030-05-09 03:00:00,28875.11242
2030-05-09 04:00:00,28686.44413
2030-05-09 05:00:00,28781.41139
2030-05-09 06:00:00,29588
2030-05-09 07:00:00,31512.66983
2030-05-09 08:00:00,36278.76013
2030-05-09 09:00:00,39169.56357
2030-05-09 10:00:00,40866.31198
2030-05-09 11:00:00,41710.88749
2030-05-09 12:00:00,39230.34262
2030-05-09 13:00:00,40621.92956
2030-05-09 14:00:00,41213.25904
2030-05-09 15:00:00,41246.18103
2030-05-09 16:00:00,41617.18646
2030-05-09 17:00:00,40734.62404
2030-05-09 18:00:00,40730.82535
2030-05-09 19:00:00,40288.91103
2030-05-09 20:00:00,39089.79107
2030-05-09 21:00:00,37894.46981
2030-05-09 22:00:00,36082.49446
2030-05-09 23:00:00,34557.95335
2030-05-10 00:00:00,33222.08054
2030-05-10 01:00:00,31898.87003
2030-05-10 02:00:00,31248.02773
2030-05-10 03:00:00,30612.3802
2030-05-10 04:00:00,30469.29619
2030-05-10 05:00:00,30588.32182
2030-05-10 06:00:00,31126.46964
2030-05-10 07:00:00,32783.96491
2030-05-10 08:00:00,37177.78354
2030-05-10 09:00:00,40126.83357
2030-05-10 10:00:00,41471.56999
2030-05-10 11:00:00,42299.68451
2030-05-10 12:00:00,40737.1565
2030-05-10 13:00:00,42242.70416
2030-05-10 14:00:00,42775.78705
2030-05-10 15:00:00,43275.94796
2030-05-10 16:00:00,43004.97471
2030-05-10 17:00:00,41723.54979
2030-05-10 18:00:00,41553.87495
2030-05-10 19:00:00,41177.8046
2030-05-10 20:00:00,40083.78175
2030-05-10 21:00:00,38906.1877
2030-05-10 22:00:00,37199.30946
2030-05-10 23:00:00,35705.15787
2030-05-11 00:00:00,34062.85736
2030-05-11 01:00:00,33076.46407
2030-05-11 02:00:00,32226.82364
2030-05-11 03:00:00,31601.30595
2030-05-11 04:00:00,31322.73531
2030-05-11 05:00:00,31403.77404
2030-05-11 06:00:00,32145.78491
2030-05-11 07:00:00,33594.35221
2030-05-11 08:00:00,36984.05033
2030-05-11 09:00:00,39921.70429
2030-05-11 10:00:00,41046.11666
2030-05-11 11:00:00,41704.55634
2030-05-11 12:00:00,39587.41952
2030-05-11 13:00:00,41132.22031
2030-05-11 14:00:00,42403.51539
2030-05-11 15:00:00,42903.6763
2030-05-11 16:00:00,42908.74122
2030-05-11 17:00:00,42045.17225
2030-05-11 18:00:00,41713.41995
2030-05-11 19:00:00,41318.35614
2030-05-11 20:00:00,40382.61206
2030-05-11 21:00:00,39163.23242
2030-05-11 22:00:00,37141.06287
2030-05-11 23:00:00,35658.30736
2030-05-12 00:00:00,34007.14324
2030-05-12 01:00:00,32680.13404
2030-05-12 02:00:00,31982.44122
2030-05-12 03:00:00,31242.96281
2030-05-12 04:00:00,31080.88535
2030-05-12 05:00:00,31151.79424
2030-05-12 06:00:00,31544.32559
2030-05-12 07:00:00,33370.22947
2030-05-12 08:00:00,37841.28814
2030-05-12 09:00:00,40559.88428
2030-05-12 10:00:00,42269.29499
2030-05-12 11:00:00,43311.40241
2030-05-12 12:00:00,41545.01134
2030-05-12 13:00:00,42459.22951
2030-05-12 14:00:00,42797.31296
2030-05-12 15:00:00,42559.2617
2030-05-12 16:00:00,42537.73578
2030-05-12 17:00:00,41660.23829
2030-05-12 18:00:00,41688.09535
2030-05-12 19:00:00,41162.60984
2030-05-12 20:00:00,39978.68464
2030-05-12 21:00:00,38537.71473
2030-05-12 22:00:00,36605.44751
2030-05-12 23:00:00,35265.77601
2030-05-13 00:00:00,33623.4755
2030-05-13 01:00:00,32325.58959
2030-05-13 02:00:00,31593.70856
2030-05-13 03:00:00,31227.76805
2030-05-13 04:00:00,30660.49694
2030-05-13 05:00:00,30812.44456
2030-05-13 06:00:00,31441.76095
2030-05-13 07:00:00,32985.2955
2030-05-13 08:00:00,37358.85445
2030-05-13 09:00:00,40101.50897
2030-05-13 10:00:00,41208.19412
2030-05-13 11:00:00,42133.80836
2030-05-13 12:00:00,40443.39111
2030-05-13 13:00:00,41624.78384
2030-05-13 14:00:00,42541.53447
2030-05-13 15:00:00,42454.16459
2030-05-13 16:00:00,42300.95074
2030-05-13 17:00:00,41229.72003
2030-05-13 18:00:00,41084.10357
2030-05-13 19:00:00,40681.44238
2030-05-13 20:00:00,39621.60774
2030-05-13 21:00:00,38242.6831
2030-05-13 22:00:00,36582.65537
2030-05-13 23:00:00,35222.72419
2030-05-14 00:00:00,33703.248
2030-05-14 01:00:00,32340.78436
2030-05-14 02:00:00,31394.91043
2030-05-14 03:00:00,30674.42547
2030-05-14 04:00:00,30107.15436
2030-05-14 05:00:00,29969.13528
2030-05-14 06:00:00,29957.73921
2030-05-14 07:00:00,30359.13416
2030-05-14 08:00:00,31941.92186
2030-05-14 09:00:00,33222.08054
2030-05-14 10:00:00,34250.25943
2030-05-14 11:00:00,34849.18629
2030-05-14 12:00:00,34517.43399
2030-05-14 13:00:00,34646.58947
2030-05-14 14:00:00,34766.88133
2030-05-14 15:00:00,34647.8557
2030-05-14 16:00:00,35093.56871
2030-05-14 17:00:00,35340.48359
2030-05-14 18:00:00,35601.327
2030-05-14 19:00:00,35613.9893
2030-05-14 20:00:00,35250.58125
2030-05-14 21:00:00,34926.42633
2030-05-14 22:00:00,34665.58292
2030-05-14 23:00:00,33147.37296
2030-05-15 00:00:00,31732.99388
2030-05-15 01:00:00,30442.70535
2030-05-15 02:00:00,29662.70758
2030-05-15 03:00:00,29066.31318
2030-05-15 04:00:00,28791.54123
2030-05-15 05:00:00,28666.18445
2030-05-15 06:00:00,28757.35302
2030-05-15 07:00:00,29219.52703
2030-05-15 08:00:00,29468.97437
2030-05-15 09:00:00,30431.30928
2030-05-15 10:00:00,31147.99555
2030-05-15 11:00:00,31578.5138
2030-05-15 12:00:00,31056.82698
2030-05-15 13:00:00,31324.00154
2030-05-15 14:00:00,31226.50182
2030-05-15 15:00:00,31372.11829
2030-05-15 16:00:00,31993.83729
2030-05-15 17:00:00,33022.01618
2030-05-15 18:00:00,33794.41657
2030-05-15 19:00:00,33970.42256
2030-05-15 20:00:00,33943.83173
2030-05-15 21:00:00,33276.52844
2030-05-15 22:00:00,32025.49305
2030-05-15 23:00:00,30331.2771
2030-05-16 00:00:00,29057.44957
2030-05-16 01:00:00,27872.25814
2030-05-16 02:00:00,27104.92267
2030-05-16 03:00:00,26688.33295
2030-05-16 04:00:00,26680.73557
2030-05-16 05:00:00,26893.46223
2030-05-16 06:00:00,28086.25104
2030-05-16 07:00:00,30029.91432
2030-05-16 08:00:00,34185.68169
2030-05-16 09:00:00,36476.29204
2030-05-16 10:00:00,37111.93957
2030-05-16 11:00:00,37747.58711
2030-05-16 12:00:00,35682.36573
2030-05-16 13:00:00,36901.74537
2030-05-16 14:00:00,37434.82826
2030-05-16 15:00:00,37614.63295
2030-05-16 16:00:00,38143.91715
2030-05-16 17:00:00,37912.19703
2030-05-16 18:00:00,38224.95588
2030-05-16 19:00:00,37843.8206
2030-05-16 20:00:00,36916.94013
2030-05-16 21:00:00,35686.16442
2030-05-16 22:00:00,33988.14979
2030-05-16 23:00:00,32473.73852
2030-05-17 00:00:00,30992.24924
2030-05-17 01:00:00,29857.70702
2030-05-17 02:00:00,29156.21552
2030-05-17 03:00:00,28778.87893
2030-05-17 04:00:00,28667.45068
2030-05-17 05:00:00,28716.83366
2030-05-17 06:00:00,29486.70159
2030-05-17 07:00:00,31025.17123
2030-05-17 08:00:00,34528.83006
2030-05-17 09:00:00,36344.6041
2030-05-17 10:00:00,36519.34386
2030-05-17 11:00:00,36905.54406
2030-05-17 12:00:00,37336.06231
2030-05-17 13:00:00,37406.9712
2030-05-17 14:00:00,37750.11957
2030-05-17 15:00:00,37865.34652
2030-05-17 16:00:00,38262.94278
2030-05-17 17:00:00,37876.74259
2030-05-17 18:00:00,38288.26739
2030-05-17 19:00:00,38216.09227
2030-05-17 20:00:00,37349.99084
2030-05-17 21:00:00,36217.98109
2030-05-17 22:00:00,34394.60966
2030-05-17 23:00:00,32830.81542
2030-05-18 00:00:00,31177.11884
2030-05-18 01:00:00,30109.68682
2030-05-18 02:00:00,29532.28587
2030-05-18 03:00:00,28987.80691
2030-05-18 04:00:00,28902.96949
2030-05-18 05:00:00,28892.83965
2030-05-18 06:00:00,29563.94163
2030-05-18 07:00:00,31179.6513
2030-05-18 08:00:00,35324.0226
2030-05-18 09:00:00,37228.43275
2030-05-18 10:00:00,38145.18338
2030-05-18 11:00:00,39102.45338
2030-05-18 12:00:00,37576.64604
2030-05-18 13:00:00,39180.95965
2030-05-18 14:00:00,39996.41186
2030-05-18 15:00:00,40411.73535
2030-05-18 16:00:00,40904.29888
2030-05-18 17:00:00,39781.15274
2030-05-18 18:00:00,39479.78996
2030-05-18 19:00:00,39184.75834
2030-05-18 20:00:00,38205.96243
2030-05-18 21:00:00,36854.89485
2030-05-18 22:00:00,35155.61399
2030-05-18 23:00:00,33772.89066
2030-05-19 00:00:00,32324.32336
2030-05-19 01:00:00,31172.05392
2030-05-19 02:00:00,30235.04361
2030-05-19 03:00:00,29934.94706
2030-05-19 04:00:00,29789.3306
2030-05-19 05:00:00,29918.48607
2030-05-19 06:00:00,30430.04305
2030-05-19 07:00:00,32145.78491
2030-05-19 08:00:00,36347.13656
2030-05-19 09:00:00,38954.30445
2030-05-19 10:00:00,39859.65901
2030-05-19 11:00:00,40664.98139
2030-05-19 12:00:00,39116.38191
2030-05-19 13:00:00,40494.04031
2030-05-19 14:00:00,41415.85587
2030-05-19 15:00:00,41393.06372
2030-05-19 16:00:00,41655.17337
2030-05-19 17:00:00,40537.09214
2030-05-19 18:00:00,40345.89139
2030-05-19 19:00:00,40033.13254
2030-05-19 20:00:00,39082.19369
2030-05-19 21:00:00,37783.04156
2030-05-19 22:00:00,35909.02093
2030-05-19 23:00:00,34441.46018
2030-05-20 00:00:00,32863.73741
2030-05-20 01:00:00,31922.9284
2030-05-20 02:00:00,31036.5673
2030-05-20 03:00:00,30574.39329
2030-05-20 04:00:00,30260.36821
2030-05-20 05:00:00,30251.5046
2030-05-20 06:00:00,30949.19742
2030-05-20 07:00:00,32411.69324
2030-05-20 08:00:00,36481.35696
2030-05-20 09:00:00,39046.73925
2030-05-20 10:00:00,40126.83357
2030-05-20 11:00:00,40805.53293
2030-05-20 12:00:00,39324.04365
2030-05-20 13:00:00,40751.08504
2030-05-20 14:00:00,41618.45269
2030-05-20 15:00:00,41724.81602
2030-05-20 16:00:00,41641.24483
2030-05-20 17:00:00,40325.6317
2030-05-20 18:00:00,39992.61317
2030-05-20 19:00:00,39730.50353
2030-05-20 20:00:00,38678.26627
2030-05-20 21:00:00,37586.77588
2030-05-20 22:00:00,35736.81363
2030-05-20 23:00:00,34349.02538
2030-05-21 00:00:00,32868.80233
2030-05-21 01:00:00,31876.07789
2030-05-21 02:00:00,31142.93063
2030-05-21 03:00:00,30317.34857
2030-05-21 04:00:00,30052.70647
2030-05-21 05:00:00,29986.8625
2030-05-21 06:00:00,30148.93996
2030-05-21 07:00:00,30389.52369
2030-05-21 08:00:00,32239.48594
2030-05-21 09:00:00,33828.60479
2030-05-21 10:00:00,35167.01006
2030-05-21 11:00:00,35883.69633
2030-05-21 12:00:00,34903.63419
2030-05-21 13:00:00,35621.58668
2030-05-21 14:00:00,35898.89109
2030-05-21 15:00:00,35926.74815
2030-05-21 16:00:00,36182.52664
2030-05-21 17:00:00,35911.55339
2030-05-21 18:00:00,36340.80541
2030-05-21 19:00:00,36281.29259
2030-05-21 20:00:00,35938.14422
2030-05-21 21:00:00,35215.1268
2030-05-21 22:00:00,34185.68169
2030-05-21 23:00:00,32724.45209
2030-05-22 00:00:00,31424.03372
2030-05-22 01:00:00,30203.38786
2030-05-22 02:00:00,29520.8898
2030-05-22 03:00:00,28985.27445
2030-05-22 04:00:00,28501.57453
2030-05-22 05:00:00,28447.12663
2030-05-22 06:00:00,28369.88659
2030-05-22 07:00:00,28914.36556
2030-05-22 08:00:00,29653.84397
2030-05-22 09:00:00,30842.83408
2030-05-22 10:00:00,31519.00099
2030-05-22 11:00:00,32245.81709
2030-05-22 12:00:00,32411.69324
2030-05-22 13:00:00,32915.65285
2030-05-22 14:00:00,33001.7565
2030-05-22 15:00:00,32932.11384
2030-05-22 16:00:00,33439.87213
2030-05-22 17:00:00,34190.74661
2030-05-22 18:00:00,34783.34232
2030-05-22 19:00:00,35377.20426
2030-05-22 20:00:00,35217.65926
2030-05-22 21:00:00,34741.55673
2030-05-22 22:00:00,33799.48149
2030-05-22 23:00:00,32071.07733
2030-05-23 00:00:00,30787.11996
2030-05-23 01:00:00,29499.36389
2030-05-23 02:00:00,28910.56687
2030-05-23 03:00:00,28514.23683
2030-05-23 04:00:00,28329.36723
2030-05-23 05:00:00,28410.40596
2030-05-23 06:00:00,29251.18278
2030-05-23 07:00:00,31299.94317
2030-05-23 08:00:00,36266.09783
2030-05-23 09:00:00,39012.55104
2030-05-23 10:00:00,40193.94377
2030-05-23 11:00:00,41331.01845
2030-05-23 12:00:00,39394.95254
2030-05-23 13:00:00,40495.30655
2030-05-23 14:00:00,41049.91535
2030-05-23 15:00:00,40982.80515
2030-05-23 16:00:00,41312.02499
2030-05-23 17:00:00,40421.8652
2030-05-23 18:00:00,40221.80083
2030-05-23 19:00:00,39881.18492
2030-05-23 20:00:00,38939.10969
2030-05-23 21:00:00,37767.84679
2030-05-23 22:00:00,36072.36462
2030-05-23 23:00:00,34422.46673
2030-05-24 00:00:00,32915.65285
2030-05-24 01:00:00,32003.96713
2030-05-24 02:00:00,31217.63821
2030-05-24 03:00:00,30588.32182
2030-05-24 04:00:00,30267.96559
2030-05-24 05:00:00,30307.21873
2030-05-24 06:00:00,30956.7948
2030-05-24 07:00:00,32607.95892
2030-05-24 08:00:00,37175.25108
2030-05-24 09:00:00,39992.61317
2030-05-24 10:00:00,40933.42218
2030-05-24 11:00:00,41919.81547
2030-05-24 12:00:00,40005.27548
2030-05-24 13:00:00,40919.49365
2030-05-24 14:00:00,41876.76364
2030-05-24 15:00:00,41588.06317
2030-05-24 16:00:00,41956.53614
2030-05-24 17:00:00,41085.3698
2030-05-24 18:00:00,40856.18214
2030-05-24 19:00:00,40400.33928
2030-05-24 20:00:00,39431.67322
2030-05-24 21:00:00,38222.42342
2030-05-24 22:00:00,36505.41533
2030-05-24 23:00:00,35050.51688
2030-05-25 00:00:00,33329.71011
2030-05-25 01:00:00,32067.27864
2030-05-25 02:00:00,31413.90388
2030-05-25 03:00:00,30992.24924
2030-05-25 04:00:00,30652.89956
2030-05-25 05:00:00,30742.8019
2030-05-25 06:00:00,31222.70313
2030-05-25 07:00:00,32800.4259
2030-05-25 08:00:00,37147.39402
2030-05-25 09:00:00,40176.21655
2030-05-25 10:00:00,41346.21321
2030-05-25 11:00:00,41919.81547
2030-05-25 12:00:00,40231.93067
2030-05-25 13:00:00,41222.12265
2030-05-25 14:00:00,41769.13408
2030-05-25 15:00:00,41955.26991
2030-05-25 16:00:00,42100.88638
2030-05-25 17:00:00,41408.25849
2030-05-25 18:00:00,41136.019
2030-05-25 19:00:00,40809.33162
2030-05-25 20:00:00,39816.60718
2030-05-25 21:00:00,38433.88385
2030-05-25 22:00:00,36718.142
2030-05-25 23:00:00,35235.38649
2030-05-26 00:00:00,33590.55352
2030-05-26 01:00:00,32443.349
2030-05-26 02:00:00,31701.33813
2030-05-26 03:00:00,31027.70369
2030-05-26 04:00:00,30754.19797
2030-05-26 05:00:00,30670.62678
2030-05-26 06:00:00,31325.26777
2030-05-26 07:00:00,33114.45098
2030-05-26 08:00:00,37194.24453
2030-05-26 09:00:00,39739.36714
2030-05-26 10:00:00,41437.38178
2030-05-26 11:00:00,42564.32662
2030-05-26 12:00:00,40733.35781
2030-05-26 13:00:00,42119.87983
2030-05-26 14:00:00,42184.45757
2030-05-26 15:00:00,41966.66598
2030-05-26 16:00:00,42281.95729
2030-05-26 17:00:00,41406.99226
2030-05-26 18:00:00,41000.53238
2030-05-26 19:00:00,40471.24817
2030-05-26 20:00:00,39564.62738
2030-05-26 21:00:00,38117.32632
2030-05-26 22:00:00,36468.69466
2030-05-26 23:00:00,34809.93316
2030-05-27 00:00:00,33352.50225
2030-05-27 01:00:00,32240.75217
2030-05-27 02:00:00,31345.52745
2030-05-27 03:00:00,30869.42492
2030-05-27 04:00:00,30609.84774
2030-05-27 05:00:00,30697.21762
2030-05-27 06:00:00,31498.7413
2030-05-27 07:00:00,32972.6332
2030-05-27 08:00:00,37280.34818
2030-05-27 09:00:00,39700.11401
2030-05-27 10:00:00,40506.70262
2030-05-27 11:00:00,41436.11555
2030-05-27 12:00:00,39655.79595
2030-05-27 13:00:00,40784.00702
2030-05-27 14:00:00,41393.06372
2030-05-27 15:00:00,41244.9148
2030-05-27 16:00:00,41306.96007
2030-05-27 17:00:00,40472.5144
2030-05-27 18:00:00,40202.80738
2030-05-27 19:00:00,39869.78885
2030-05-27 20:00:00,39079.66123
2030-05-27 21:00:00,38122.39124
2030-05-27 22:00:00,36466.1622
2030-05-27 23:00:00,35070.77657
2030-05-28 00:00:00,33382.89177
2030-05-28 01:00:00,32420.55686
2030-05-28 02:00:00,31475.94916
2030-05-28 03:00:00,30802.31472
2030-05-28 04:00:00,30441.43912
2030-05-28 05:00:00,30135.01143
2030-05-28 06:00:00,30349.00432
2030-05-28 07:00:00,30988.45055
2030-05-28 08:00:00,32913.12038
2030-05-28 09:00:00,34777.01117
2030-05-28 10:00:00,35692.49557
2030-05-28 11:00:00,36666.22656
2030-05-28 12:00:00,36804.24565
2030-05-28 13:00:00,37495.60731
2030-05-28 14:00:00,37848.88552
2030-05-28 15:00:00,38016.0279
2030-05-28 16:00:00,38078.07318
2030-05-28 17:00:00,37810.89862
2030-05-28 18:00:00,38098.33286
2030-05-28 19:00:00,38394.63072
2030-05-28 20:00:00,38110.99517
2030-05-28 21:00:00,37472.81517
2030-05-28 22:00:00,36183.79287
2030-05-28 23:00:00,34773.21248
2030-05-29 00:00:00,33472.79411
2030-05-29 01:00:00,31879.87658
2030-05-29 02:00:00,30999.84662
2030-05-29 03:00:00,30099.55698
2030-05-29 04:00:00,29790.59683
2030-05-29 05:00:00,29457.5783
2030-05-29 06:00:00,29204.33226
2030-05-29 07:00:00,29712.09056
2030-05-29 08:00:00,30716.21107
2030-05-29 09:00:00,32111.5967
2030-05-29 10:00:00,33538.63808
2030-05-29 11:00:00,34761.81641
2030-05-29 12:00:00,35164.4776
2030-05-29 13:00:00,35668.4372
2030-05-29 14:00:00,35846.97565
2030-05-29 15:00:00,35893.82617
2030-05-29 16:00:00,36120.48136
2030-05-29 17:00:00,36616.84358
2030-05-29 18:00:00,37279.08195
2030-05-29 19:00:00,37851.41798
2030-05-29 20:00:00,37533.59422
2030-05-29 21:00:00,37015.70608
2030-05-29 22:00:00,35905.22224
2030-05-29 23:00:00,34494.64185
2030-05-30 00:00:00,32984.02927
2030-05-30 01:00:00,31608.90333
2030-05-30 02:00:00,30679.49039
2030-05-30 03:00:00,30057.77139
2030-05-30 04:00:00,29718.42171
2030-05-30 05:00:00,29520.8898
2030-05-30 06:00:00,30104.6219
2030-05-30 07:00:00,32495.26443
2030-05-30 08:00:00,38499.72782
2030-05-30 09:00:00,42031.24372
2030-05-30 10:00:00,43300.00634
2030-05-30 11:00:00,44350.97736
2030-05-30 12:00:00,42784.65066
2030-05-30 13:00:00,44391.49673
2030-05-30 14:00:00,45263.9293
2030-05-30 15:00:00,45318.3772
2030-05-30 16:00:00,45122.11153
2030-05-30 17:00:00,43586.17435
2030-05-30 18:00:00,43239.22729
2030-05-30 19:00:00,42988.51372
2030-05-30 20:00:00,42275.62614
2030-05-30 21:00:00,40914.42873
2030-05-30 22:00:00,39270.86199
2030-05-30 23:00:00,38050.21612
2030-05-31 00:00:00,36262.29914
2030-05-31 01:00:00,34890.97188
2030-05-31 02:00:00,33681.72209
2030-05-31 03:00:00,33089.12638
2030-05-31 04:00:00,32688.99765
2030-05-31 05:00:00,32564.90709
2030-05-31 06:00:00,32853.60757
2030-05-31 07:00:00,34330.03193
2030-05-31 08:00:00,39525.37425
2030-05-31 09:00:00,42442.76852
2030-05-31 10:00:00,43824.22562
2030-05-31 11:00:00,45022.07934
2030-05-31 12:00:00,43150.59118
2030-05-31 13:00:00,44204.09467
2030-05-31 14:00:00,45003.08589
2030-05-31 15:00:00,45075.26101
2030-05-31 16:00:00,44942.30684
2030-05-31 17:00:00,43353.188
2030-05-31 18:00:00,43044.22784
2030-05-31 19:00:00,42778.31951
2030-05-31 20:00:00,41808.38721
2030-05-31 21:00:00,40699.1696
2030-05-31 22:00:00,39121.44683
2030-05-31 23:00:00,37653.88608
2030-06-01 00:00:00,36044.50755
2030-06-01 01:00:00,34664.31669
2030-06-01 02:00:00,33674.12471
2030-06-01 03:00:00,32877.66594
2030-06-01 04:00:00,32372.44011
2030-06-01 05:00:00,31925.46086
2030-06-01 06:00:00,32345.84928
2030-06-01 07:00:00,34173.01939
2030-06-01 08:00:00,39482.32242
2030-06-01 09:00:00,42455.43082
2030-06-01 10:00:00,43562.11598
2030-06-01 11:00:00,44989.15736
2030-06-01 12:00:00,43859.68006
2030-06-01 13:00:00,45571.62323
2030-06-01 14:00:00,46185.74486
2030-06-01 15:00:00,46073.05037
2030-06-01 16:00:00,45840.06402
2030-06-01 17:00:00,44500.39252
2030-06-01 18:00:00,43845.75153
2030-06-01 19:00:00,43655.81701
2030-06-01 20:00:00,42693.48209
2030-06-01 21:00:00,41495.62837
2030-06-01 22:00:00,40201.54115
2030-06-01 23:00:00,38859.33719
2030-06-02 00:00:00,36927.06997
2030-06-02 01:00:00,35535.48303
2030-06-02 02:00:00,34411.07066
2030-06-02 03:00:00,33460.13181
2030-06-02 04:00:00,32939.71122
2030-06-02 05:00:00,32705.45864
2030-06-02 06:00:00,33004.28896
2030-06-02 07:00:00,34683.31014
2030-06-02 08:00:00,39859.65901
2030-06-02 09:00:00,42673.22241
2030-06-02 10:00:00,44123.05594
2030-06-02 11:00:00,45290.52014
2030-06-02 12:00:00,44245.88026
2030-06-02 13:00:00,45565.29208
2030-06-02 14:00:00,46073.05037
2030-06-02 15:00:00,45964.15458
2030-06-02 16:00:00,45604.54522
2030-06-02 17:00:00,43936.9201
2030-06-02 18:00:00,43360.78538
2030-06-02 19:00:00,43136.66265
2030-06-02 20:00:00,42335.13896
2030-06-02 21:00:00,41072.7075
2030-06-02 22:00:00,40036.93123
2030-06-02 23:00:00,38752.97385
2030-06-03 00:00:00,37076.48513
2030-06-03 01:00:00,35569.67125
2030-06-03 02:00:00,34357.88899
2030-06-03 03:00:00,33522.17709
2030-06-03 04:00:00,32866.26987
2030-06-03 05:00:00,32317.99221
2030-06-03 06:00:00,32190.10297
2030-06-03 07:00:00,32827.01673
2030-06-03 08:00:00,34498.44054
2030-06-03 09:00:00,35979.92982
2030-06-03 10:00:00,37305.67279
2030-06-03 11:00:00,38722.58433
2030-06-03 12:00:00,39110.05076
2030-06-03 13:00:00,39788.75012
2030-06-03 14:00:00,39857.12655
2030-06-03 15:00:00,39332.90726
2030-06-03 16:00:00,39280.99183
2030-06-03 17:00:00,39207.55048
2030-06-03 18:00:00,39676.05564
2030-06-03 19:00:00,40062.25583
2030-06-03 20:00:00,39978.68464
2030-06-03 21:00:00,39430.40699
2030-06-03 22:00:00,38356.64382
2030-06-03 23:00:00,37013.17362
2030-06-04 00:00:00,35551.94403
2030-06-04 01:00:00,34083.11705
2030-06-04 02:00:00,33077.7303
2030-06-04 03:00:00,32196.43412
2030-06-04 04:00:00,31515.2023
2030-06-04 05:00:00,31032.76861
2030-06-04 06:00:00,31025.17123
2030-06-04 07:00:00,31565.8515
2030-06-04 08:00:00,33317.0478
2030-06-04 09:00:00,34858.0499
2030-06-04 10:00:00,36226.8447
2030-06-04 11:00:00,37489.27616
2030-06-04 12:00:00,37723.52874
2030-06-04 13:00:00,38292.06608
2030-06-04 14:00:00,38425.02024
2030-06-04 15:00:00,38204.6962
2030-06-04 16:00:00,37812.16485
2030-06-04 17:00:00,37952.7164
2030-06-04 18:00:00,38330.05298
2030-06-04 19:00:00,38902.38901
2030-06-04 20:00:00,38773.23354
2030-06-04 21:00:00,38279.40378
2030-06-04 22:00:00,37224.63406
2030-06-04 23:00:00,35910.28716
2030-06-05 00:00:00,34670.64784
2030-06-05 01:00:00,33317.0478
2030-06-05 02:00:00,32141.98622
2030-06-05 03:00:00,31267.02119
2030-06-05 04:00:00,30770.65896
2030-06-05 05:00:00,30256.56952
2030-06-05 06:00:00,30038.77794
2030-06-05 07:00:00,30459.16635
2030-06-05 08:00:00,31806.43523
2030-06-05 09:00:00,33220.81431
2030-06-05 10:00:00,34469.31724
2030-06-05 11:00:00,35660.83982
2030-06-05 12:00:00,36662.42787
2030-06-05 13:00:00,37374.04922
2030-06-05 14:00:00,37486.7437
2030-06-05 15:00:00,37680.47691
2030-06-05 16:00:00,37776.71041
2030-06-05 17:00:00,38252.81294
2030-06-05 18:00:00,38874.53195
2030-06-05 19:00:00,39797.61373
2030-06-05 20:00:00,39903.97706
2030-06-05 21:00:00,39356.96564
2030-06-05 22:00:00,38157.84568
2030-06-05 23:00:00,36796.64827
2030-06-06 00:00:00,35075.84149
2030-06-06 01:00:00,33450.00197
2030-06-06 02:00:00,32391.43356
2030-06-06 03:00:00,31669.68237
2030-06-06 04:00:00,31161.92408
2030-06-06 05:00:00,30885.88591
2030-06-06 06:00:00,31327.80023
2030-06-06 07:00:00,33671.59225
2030-06-06 08:00:00,39968.5548
2030-06-06 09:00:00,43348.12308
2030-06-06 10:00:00,44734.6451
2030-06-06 11:00:00,45803.34335
2030-06-06 12:00:00,44461.13939
2030-06-06 13:00:00,45637.4672
2030-06-06 14:00:00,45871.71978
2030-06-06 15:00:00,45814.73942
2030-06-06 16:00:00,45346.23426
2030-06-06 17:00:00,43667.21308
2030-06-06 18:00:00,43125.26657
2030-06-06 19:00:00,42935.33205
2030-06-06 20:00:00,42041.37356
2030-06-06 21:00:00,40680.17615
2030-06-06 22:00:00,39416.47845
2030-06-06 23:00:00,38119.85878
2030-06-07 00:00:00,36348.40279
2030-06-07 01:00:00,35168.27629
2030-06-07 02:00:00,34179.35054
2030-06-07 03:00:00,33284.12582
2030-06-07 04:00:00,32704.19241
2030-06-07 05:00:00,32395.23225
2030-06-07 06:00:00,32764.97146
2030-06-07 07:00:00,34343.96046
2030-06-07 08:00:00,39265.79707
2030-06-07 09:00:00,42061.63325
2030-06-07 10:00:00,42944.19566
2030-06-07 11:00:00,43930.58895
2030-06-07 12:00:00,41812.1859
2030-06-07 13:00:00,42547.86562
2030-06-07 14:00:00,42788.44935
2030-06-07 15:00:00,42566.85908
2030-06-07 16:00:00,42665.62503
2030-06-07 17:00:00,41405.72603
2030-06-07 18:00:00,40956.21432
2030-06-07 19:00:00,40589.00758
2030-06-07 20:00:00,39649.4648
2030-06-07 21:00:00,38669.40266
2030-06-07 22:00:00,37263.88719
2030-06-07 23:00:00,35982.46228
2030-06-08 00:00:00,34324.96701
2030-06-08 01:00:00,33217.01562
2030-06-08 02:00:00,32274.94039
2030-06-08 03:00:00,31743.12372
2030-06-08 04:00:00,31286.01464
2030-06-08 05:00:00,31236.63166
2030-06-08 06:00:00,31795.03916
2030-06-08 07:00:00,33505.7161
2030-06-08 08:00:00,38274.33886
2030-06-08 09:00:00,40548.48821
2030-06-08 10:00:00,41555.14118
2030-06-08 11:00:00,42660.56011
2030-06-08 12:00:00,40789.07194
2030-06-08 13:00:00,41648.84222
2030-06-08 14:00:00,42160.3992
2030-06-08 15:00:00,41878.02987
2030-06-08 16:00:00,41715.95241
2030-06-08 17:00:00,40677.64369
2030-06-08 18:00:00,40253.45659
2030-06-08 19:00:00,39803.94488
2030-06-08 20:00:00,38936.57723
2030-06-08 21:00:00,37619.69787
2030-06-08 22:00:00,36461.09728
2030-06-08 23:00:00,35202.4645
2030-06-09 00:00:00,33581.68991
2030-06-09 01:00:00,32539.58249
2030-06-09 02:00:00,31792.5067
2030-06-09 03:00:00,31359.45599
2030-06-09 04:00:00,31068.22305
2030-06-09 05:00:00,31012.50892
2030-06-09 06:00:00,31551.92297
2030-06-09 07:00:00,33134.71066
2030-06-09 08:00:00,37741.25596
2030-06-09 09:00:00,40557.35182
2030-06-09 10:00:00,41599.45924
2030-06-09 11:00:00,42441.50229
2030-06-09 12:00:00,40633.32563
2030-06-09 13:00:00,42167.99658
2030-06-09 14:00:00,42980.91634
2030-06-09 15:00:00,43161.98725
2030-06-09 16:00:00,43227.83122
2030-06-09 17:00:00,42186.99003
2030-06-09 18:00:00,41999.58797
2030-06-09 19:00:00,41683.03043
2030-06-09 20:00:00,40600.40365
2030-06-09 21:00:00,39264.53084
2030-06-09 22:00:00,37913.46326
2030-06-09 23:00:00,36710.54462
2030-06-10 00:00:00,34973.27684
2030-06-10 01:00:00,33722.24145
2030-06-10 02:00:00,32716.85471
2030-06-10 03:00:00,32081.20717
2030-06-10 04:00:00,31732.99388
2030-06-10 05:00:00,31674.74729
2030-06-10 06:00:00,32242.0184
2030-06-10 07:00:00,33922.30582
2030-06-10 08:00:00,38133.78731
2030-06-10 09:00:00,40694.10468
2030-06-10 10:00:00,41546.27757
2030-06-10 11:00:00,42790.98181
2030-06-10 12:00:00,41142.35015
2030-06-10 13:00:00,42671.95618
2030-06-10 14:00:00,43464.61626
2030-06-10 15:00:00,43553.25237
2030-06-10 16:00:00,43519.06415
2030-06-10 17:00:00,42303.4832
2030-06-10 18:00:00,41822.31575
2030-06-10 19:00:00,41677.96551
2030-06-10 20:00:00,40692.83845
2030-06-10 21:00:00,39331.64103
2030-06-10 22:00:00,38373.10481
2030-06-10 23:00:00,37189.17961
2030-06-11 00:00:00,35589.93093
2030-06-11 01:00:00,34359.15522
2030-06-11 02:00:00,33111.91852
2030-06-11 03:00:00,32326.85582
2030-06-11 04:00:00,31905.20118
2030-06-11 05:00:00,31511.4036
2030-06-11 06:00:00,31399.97535
2030-06-11 07:00:00,32134.38884
2030-06-11 08:00:00,34246.46074
2030-06-11 09:00:00,36150.87089
2030-06-11 10:00:00,37803.30124
2030-06-11 11:00:00,38430.08516
2030-06-11 12:00:00,38092.00171
2030-06-11 13:00:00,39359.4981
2030-06-11 14:00:00,38834.01258
2030-06-11 15:00:00,39001.15496
2030-06-11 16:00:00,38708.6558
2030-06-11 17:00:00,38266.74147
2030-06-11 18:00:00,38642.81183
2030-06-11 19:00:00,38670.66889
2030-06-11 20:00:00,38283.20247
2030-06-11 21:00:00,37674.14576
2030-06-11 22:00:00,36263.56537
2030-06-11 23:00:00,34793.47216
2030-06-12 00:00:00,33442.40459
2030-06-12 01:00:00,32221.75872
2030-06-12 02:00:00,31361.98845
2030-06-12 03:00:00,30687.08777
2030-06-12 04:00:00,30398.3873
2030-06-12 05:00:00,30042.57663
2030-06-12 06:00:00,29757.67484
2030-06-12 07:00:00,30099.55698
2030-06-12 08:00:00,30934.00265
2030-06-12 09:00:00,32130.59015
2030-06-12 10:00:00,33494.32003
2030-06-12 11:00:00,34361.68768
2030-06-12 12:00:00,34679.51145
2030-06-12 13:00:00,34845.3876
2030-06-12 14:00:00,35163.21137
2030-06-12 15:00:00,35573.46994
2030-06-12 16:00:00,35930.54684
2030-06-12 17:00:00,36514.27894
2030-06-12 18:00:00,37206.90684
2030-06-12 19:00:00,37612.10049
2030-06-12 20:00:00,37765.31433
2030-06-12 21:00:00,37500.67223
2030-06-12 22:00:00,36271.16275
2030-06-12 23:00:00,34823.86169
2030-06-13 00:00:00,33109.38606
2030-06-13 01:00:00,31922.9284
2030-06-13 02:00:00,30922.60658
2030-06-13 03:00:00,30271.76428
2030-06-13 04:00:00,29893.16147
2030-06-13 05:00:00,29791.86306
2030-06-13 06:00:00,30414.84829
2030-06-13 07:00:00,32538.31626
2030-06-13 08:00:00,38216.09227
2030-06-13 09:00:00,41785.59507
2030-06-13 10:00:00,43124.00034
2030-06-13 11:00:00,44480.13284
2030-06-13 12:00:00,43636.82356
2030-06-13 13:00:00,45450.06514
2030-06-13 14:00:00,46185.74486
2030-06-13 15:00:00,45997.07656
2030-06-13 16:00:00,45293.0526
2030-06-13 17:00:00,43696.33637
2030-06-13 18:00:00,43267.08435
2030-06-13 19:00:00,43072.08491
2030-06-13 20:00:00,42094.55523
2030-06-13 21:00:00,40868.84444
2030-06-13 22:00:00,39638.06873
2030-06-13 23:00:00,38297.131
2030-06-14 00:00:00,36687.75247
2030-06-14 01:00:00,35160.67891
2030-06-14 02:00:00,34155.29217
2030-06-14 03:00:00,33349.96979
2030-06-14 04:00:00,32699.12749
2030-06-14 05:00:00,32423.08932
2030-06-14 06:00:00,32927.04892
2030-06-14 07:00:00,34532.62875
2030-06-14 08:00:00,40007.80794
2030-06-14 09:00:00,43374.71391
2030-06-14 10:00:00,44492.79514
2030-06-14 11:00:00,45986.94672
2030-06-14 12:00:00,44671.33359
2030-06-14 13:00:00,46495.97124
2030-06-14 14:00:00,47218.98866
2030-06-14 15:00:00,46441.52335
2030-06-14 16:00:00,46317.43279
2030-06-14 17:00:00,44702.98935
2030-06-14 18:00:00,44163.5753
2030-06-14 19:00:00,43974.90701
2030-06-14 20:00:00,43177.18201
2030-06-14 21:00:00,41829.91313
2030-06-14 22:00:00,40510.50131
2030-06-14 23:00:00,39168.29734
2030-06-15 00:00:00,37286.67934
2030-06-15 01:00:00,35788.72906
2030-06-15 02:00:00,34637.72585
2030-06-15 03:00:00,33933.70189
2030-06-15 04:00:00,33289.19074
2030-06-15 05:00:00,33090.39261
2030-06-15 06:00:00,33529.77447
2030-06-15 07:00:00,35223.99042
2030-06-15 08:00:00,40185.08016
2030-06-15 09:00:00,43213.90269
2030-06-15 10:00:00,44077.47165
2030-06-15 11:00:00,44763.76839
2030-06-15 12:00:00,43968.57586
2030-06-15 13:00:00,45103.11807
2030-06-15 14:00:00,45804.60958
2030-06-15 15:00:00,45456.39629
2030-06-15 16:00:00,44767.56708
2030-06-15 17:00:00,43448.15526
2030-06-15 18:00:00,43073.35114
2030-06-15 19:00:00,43060.68884
2030-06-15 20:00:00,42174.32773
2030-06-15 21:00:00,40915.69496
2030-06-15 22:00:00,39643.13365
2030-06-15 23:00:00,38669.40266
2030-06-16 00:00:00,36713.07708
2030-06-16 01:00:00,35473.43776
2030-06-16 02:00:00,34189.48038
2030-06-16 03:00:00,33367.69701
2030-06-16 04:00:00,32984.02927
2030-06-16 05:00:00,32705.45864
2030-06-16 06:00:00,33099.25622
2030-06-16 07:00:00,35292.36684
2030-06-16 08:00:00,39692.51663
2030-06-16 09:00:00,42179.39265
2030-06-16 10:00:00,43425.36312
2030-06-16 11:00:00,44789.093
2030-06-16 12:00:00,43630.49241
2030-06-16 13:00:00,45122.11153
2030-06-16 14:00:00,45641.26589
2030-06-16 15:00:00,45581.75307
2030-06-16 16:00:00,45309.51359
2030-06-16 17:00:00,43671.01177
2030-06-16 18:00:00,43243.02598
2030-06-16 19:00:00,43053.09146
2030-06-16 20:00:00,42319.9442
2030-06-16 21:00:00,40967.61039
2030-06-16 22:00:00,39886.24984
2030-06-16 23:00:00,38465.53961
2030-06-17 00:00:00,36763.72628
2030-06-17 01:00:00,35339.21736
2030-06-17 02:00:00,34341.428
2030-06-17 03:00:00,33563.96268
2030-06-17 04:00:00,33001.7565
2030-06-17 05:00:00,32675.06912
2030-06-17 06:00:00,33173.9638
2030-06-17 07:00:00,34960.61454
2030-06-17 08:00:00,40136.96341
2030-06-17 09:00:00,43003.70848
2030-06-17 10:00:00,44162.30907
2030-06-17 11:00:00,45604.54522
2030-06-17 12:00:00,44130.65332
2030-06-17 13:00:00,45452.5976
2030-06-17 14:00:00,46064.18676
2030-06-17 15:00:00,45988.21295
2030-06-17 16:00:00,45400.68216
2030-06-17 17:00:00,43711.53114
2030-06-17 18:00:00,43203.77284
2030-06-17 19:00:00,43078.41606
2030-06-17 20:00:00,42318.67797
2030-06-17 21:00:00,41195.53182
2030-06-17 22:00:00,40048.3273
2030-06-17 23:00:00,38892.25917
2030-06-18 00:00:00,37032.16707
2030-06-18 01:00:00,35822.91728
2030-06-18 02:00:00,34484.51201
2030-06-18 03:00:00,33715.9103
2030-06-18 04:00:00,32825.7505
2030-06-18 05:00:00,32320.52467
2030-06-18 06:00:00,32312.92729
2030-06-18 07:00:00,33075.19784
2030-06-18 08:00:00,35695.02803
2030-06-18 09:00:00,37522.19814
2030-06-18 10:00:00,39475.99127
2030-06-18 11:00:00,40277.51496
2030-06-18 12:00:00,40530.76099
2030-06-18 13:00:00,41652.64091
2030-06-18 14:00:00,42024.91257
2030-06-18 15:00:00,41819.78329
2030-06-18 16:00:00,41382.93388
2030-06-18 17:00:00,40828.32508
2030-06-18 18:00:00,40818.19523
2030-06-18 19:00:00,41222.12265
2030-06-18 20:00:00,41037.25305
2030-06-18 21:00:00,40716.89682
2030-06-18 22:00:00,39631.73758
2030-06-18 23:00:00,38150.2483
2030-06-19 00:00:00,36505.41533
2030-06-19 01:00:00,35034.05589
2030-06-19 02:00:00,33937.50058
2030-06-19 03:00:00,33032.14602
2030-06-19 04:00:00,32240.75217
2030-06-19 05:00:00,31503.80622
2030-06-19 06:00:00,31673.48106
2030-06-19 07:00:00,32052.08388
2030-06-19 08:00:00,33406.95014
2030-06-19 09:00:00,34899.8355
2030-06-19 10:00:00,36492.75303
2030-06-19 11:00:00,37833.69076
2030-06-19 12:00:00,38620.01969
2030-06-19 13:00:00,39379.75778
2030-06-19 14:00:00,39536.77032
2030-06-19 15:00:00,39369.62794
2030-06-19 16:00:00,39237.94
2030-06-19 17:00:00,39165.76488
2030-06-19 18:00:00,39254.40099
2030-06-19 19:00:00,40272.45004
2030-06-19 20:00:00,40236.99559
2030-06-19 21:00:00,40138.22964
2030-06-19 22:00:00,38877.06441
2030-06-19 23:00:00,37463.95156
2030-06-20 00:00:00,35910.28716
2030-06-20 01:00:00,34508.57038
2030-06-20 02:00:00,33252.47007
2030-06-20 03:00:00,32364.84273
2030-06-20 04:00:00,31940.65563
2030-06-20 05:00:00,31510.13737
2030-06-20 06:00:00,31978.64253
2030-06-20 07:00:00,34286.9801
2030-06-20 08:00:00,40487.70916
2030-06-20 09:00:00,44100.26379
2030-06-20 10:00:00,45520.97403
2030-06-20 11:00:00,46846.717
2030-06-20 12:00:00,46005.94017
2030-06-20 13:00:00,47655.83806
2030-06-20 14:00:00,48483.95258
2030-06-20 15:00:00,48267.42723
2030-06-20 16:00:00,47600.12394
2030-06-20 17:00:00,45935.03129
2030-06-20 18:00:00,45084.12462
2030-06-20 19:00:00,45191.75419
2030-06-20 20:00:00,44466.20431
2030-06-20 21:00:00,43332.92832
2030-06-20 22:00:00,42209.78217
2030-06-20 23:00:00,40953.68186
2030-06-21 00:00:00,38845.40865
2030-06-21 01:00:00,37161.32255
2030-06-21 02:00:00,35902.68978
2030-06-21 03:00:00,35123.95823
2030-06-21 04:00:00,34413.60312
2030-06-21 05:00:00,33858.99431
2030-06-21 06:00:00,34019.80554
2030-06-21 07:00:00,36064.76724
2030-06-21 08:00:00,41520.95297
2030-06-21 09:00:00,45108.18299
2030-06-21 10:00:00,46684.63954
2030-06-21 11:00:00,48219.31048
2030-06-21 12:00:00,47054.37874
2030-06-21 13:00:00,48191.45342
2030-06-21 14:00:00,48728.335
2030-06-21 15:00:00,47864.76604
2030-06-21 16:00:00,46825.19108
2030-06-21 17:00:00,44886.59272
2030-06-21 18:00:00,44257.27633
2030-06-21 19:00:00,44319.32161
2030-06-21 20:00:00,43881.20598
2030-06-21 21:00:00,42720.07293
2030-06-21 22:00:00,41577.93333
2030-06-21 23:00:00,40480.11178
2030-06-22 00:00:00,38602.29247
2030-06-22 01:00:00,36790.31712
2030-06-22 02:00:00,35687.43065
2030-06-22 03:00:00,34771.94625
2030-06-22 04:00:00,33874.18907
2030-06-22 05:00:00,33262.59991
2030-06-22 06:00:00,33614.61189
2030-06-22 07:00:00,35686.16442
2030-06-22 08:00:00,40654.85154
2030-06-22 09:00:00,44814.4176
2030-06-22 10:00:00,46474.44533
2030-06-22 11:00:00,47897.68802
2030-06-22 12:00:00,46911.29473
2030-06-22 13:00:00,48711.87401
2030-06-22 14:00:00,49289.27496
2030-06-22 15:00:00,48808.1075
2030-06-22 16:00:00,47750.80533
2030-06-22 17:00:00,45590.61668
2030-06-22 18:00:00,44982.82621
2030-06-22 19:00:00,45057.53379
2030-06-22 20:00:00,44651.07391
2030-06-22 21:00:00,43678.60915
2030-06-22 22:00:00,42689.6834
2030-06-22 23:00:00,41395.59618
2030-06-23 00:00:00,39345.56957
2030-06-23 01:00:00,37779.24287
2030-06-23 02:00:00,36670.02525
2030-06-23 03:00:00,35689.96311
2030-06-23 04:00:00,35042.9195
2030-06-23 05:00:00,34322.43455
2030-06-23 06:00:00,34735.22558
2030-06-23 07:00:00,36550.99962
2030-06-23 08:00:00,42241.43793
2030-06-23 09:00:00,45509.57795
2030-06-23 10:00:00,47011.32692
2030-06-23 11:00:00,48734.66616
2030-06-23 12:00:00,47810.31814
2030-06-23 13:00:00,49537.45607
2030-06-23 14:00:00,50073.07143
2030-06-23 15:00:00,49015.76925
2030-06-23 16:00:00,47552.00719
2030-06-23 17:00:00,45458.92875
2030-06-23 18:00:00,44543.44435
2030-06-23 19:00:00,44606.75585
2030-06-23 20:00:00,44256.0101
2030-06-23 21:00:00,43169.58463
2030-06-23 22:00:00,42197.11987
2030-06-23 23:00:00,40705.50075
2030-06-24 00:00:00,38702.32465
2030-06-24 01:00:00,37236.03013
2030-06-24 02:00:00,35962.20259
2030-06-24 03:00:00,34982.14046
2030-06-24 04:00:00,34385.74605
2030-06-24 05:00:00,33865.32546
2030-06-24 06:00:00,34155.29217
2030-06-24 07:00:00,36306.6172
2030-06-24 08:00:00,41653.90714
2030-06-24 09:00:00,45253.79946
2030-06-24 10:00:00,46647.91886
2030-06-24 11:00:00,47853.36997
2030-06-24 12:00:00,47355.74152
2030-06-24 13:00:00,48901.80854
2030-06-24 14:00:00,48917.0033
2030-06-24 15:00:00,48006.58382
2030-06-24 16:00:00,46226.26422
2030-06-24 17:00:00,43895.13451
2030-06-24 18:00:00,43321.53225
2030-06-24 19:00:00,43244.29221
2030-06-24 20:00:00,42566.85908
2030-06-24 21:00:00,41541.21265
2030-06-24 22:00:00,40568.74789
2030-06-24 23:00:00,39562.09492
2030-06-25 00:00:00,37881.80751
2030-06-25 01:00:00,36382.59101
2030-06-25 02:00:00,35137.88676
2030-06-25 03:00:00,34327.49947
2030-06-25 04:00:00,33690.5857
2030-06-25 05:00:00,32951.10729
2030-06-25 06:00:00,33030.87979
2030-06-25 07:00:00,33870.39038
2030-06-25 08:00:00,36226.8447
2030-06-25 09:00:00,38464.27338
2030-06-25 10:00:00,40312.9694
2030-06-25 11:00:00,41866.6338
2030-06-25 12:00:00,42024.91257
2030-06-25 13:00:00,42479.4892
2030-06-25 14:00:00,41764.06916
2030-06-25 15:00:00,40863.77952
2030-06-25 16:00:00,40695.37091
2030-06-25 17:00:00,40040.72992
2030-06-25 18:00:00,40068.58698
2030-06-25 19:00:00,40402.87174
2030-06-25 20:00:00,40059.72337
2030-06-25 21:00:00,39573.49099
2030-06-25 22:00:00,38357.91005
2030-06-25 23:00:00,37195.51076
2030-06-26 00:00:00,35774.80053
2030-06-26 01:00:00,34270.51911
2030-06-26 02:00:00,33308.18419
2030-06-26 03:00:00,32473.73852
2030-06-26 04:00:00,31868.48051
2030-06-26 05:00:00,31156.85916
2030-06-26 06:00:00,30998.58039
2030-06-26 07:00:00,31702.60436
2030-06-26 08:00:00,32899.19185
2030-06-26 09:00:00,34417.40181
2030-06-26 10:00:00,35784.93037
2030-06-26 11:00:00,37365.18561
2030-06-26 12:00:00,38632.68199
2030-06-26 13:00:00,39183.49211
2030-06-26 14:00:00,39444.33552
2030-06-26 15:00:00,39184.75834
2030-06-26 16:00:00,39059.40155
2030-06-26 17:00:00,39263.26461
2030-06-26 18:00:00,39825.47079
2030-06-26 19:00:00,40618.13087
2030-06-26 20:00:00,40577.61151
2030-06-26 21:00:00,40240.79428
2030-06-26 22:00:00,39021.41465
2030-06-26 23:00:00,37765.31433
2030-06-27 00:00:00,35920.417
2030-06-27 01:00:00,34445.25887
2030-06-27 02:00:00,33489.2551
2030-06-27 03:00:00,32644.67959
2030-06-27 04:00:00,32163.51213
2030-06-27 05:00:00,31706.40305
2030-06-27 06:00:00,32030.55797
2030-06-27 07:00:00,34494.64185
2030-06-27 08:00:00,40762.48111
2030-06-27 09:00:00,44415.5551
2030-06-27 10:00:00,45940.09621
2030-06-27 11:00:00,47319.02084
2030-06-27 12:00:00,46365.54954
2030-06-27 13:00:00,47910.35033
2030-06-27 14:00:00,48635.9002
2030-06-27 15:00:00,48204.11572
2030-06-27 16:00:00,47317.75461
2030-06-27 17:00:00,45361.42903
2030-06-27 18:00:00,44818.21629
2030-06-27 19:00:00,44742.24248
2030-06-27 20:00:00,44021.75752
2030-06-27 21:00:00,42892.28023
2030-06-27 22:00:00,41647.57598
2030-06-27 23:00:00,40219.26837
2030-06-28 00:00:00,38204.6962
2030-06-28 01:00:00,36721.94069
2030-06-28 02:00:00,35449.37938
2030-06-28 03:00:00,34682.04391
2030-06-28 04:00:00,33943.83173
2030-06-28 05:00:00,33475.32657
2030-06-28 06:00:00,33831.13725
2030-06-28 07:00:00,35773.5343
2030-06-28 08:00:00,40301.57333
2030-06-28 09:00:00,44805.55399
2030-06-28 10:00:00,46107.23859
2030-06-28 11:00:00,47469.70223
2030-06-28 12:00:00,46602.33458
2030-06-28 13:00:00,48202.84949
2030-06-28 14:00:00,48803.04258
2030-06-28 15:00:00,48249.70001
2030-06-28 16:00:00,47574.79933
2030-06-28 17:00:00,45613.40883
2030-06-28 18:00:00,45130.97514
2030-06-28 19:00:00,45339.90311
2030-06-28 20:00:00,44685.26212
2030-06-28 21:00:00,43563.38221
2030-06-28 22:00:00,42166.73035
2030-06-28 23:00:00,40846.0523
2030-06-29 00:00:00,38851.73981
2030-06-29 01:00:00,37314.5364
2030-06-29 02:00:00,36154.66958
2030-06-29 03:00:00,35251.84748
2030-06-29 04:00:00,34641.52454
2030-06-29 05:00:00,34266.72042
2030-06-29 06:00:00,34582.01173
2030-06-29 07:00:00,36335.74049
2030-06-29 08:00:00,42038.8411
2030-06-29 09:00:00,45420.94184
2030-06-29 10:00:00,46896.09997
2030-06-29 11:00:00,48250.96624
2030-06-29 12:00:00,47042.98267
2030-06-29 13:00:00,48727.06877
2030-06-29 14:00:00,48130.67437
2030-06-29 15:00:00,46425.06235
2030-06-29 16:00:00,45410.812
2030-06-29 17:00:00,44053.41328
2030-06-29 18:00:00,43578.57697
2030-06-29 19:00:00,43182.24693
2030-06-29 20:00:00,42369.32717
2030-06-29 21:00:00,41282.9017
2030-06-29 22:00:00,40116.70373
2030-06-29 23:00:00,38992.29135
2030-06-30 00:00:00,37162.58878
2030-06-30 01:00:00,35764.67069
2030-06-30 02:00:00,34817.53054
2030-06-30 03:00:00,34122.37018
2030-06-30 04:00:00,33586.75483
2030-06-30 05:00:00,33061.26931
2030-06-30 06:00:00,33566.49514
2030-06-30 07:00:00,35391.1328
2030-06-30 08:00:00,41120.82424
2030-06-30 09:00:00,44419.35379
2030-06-30 10:00:00,46026.19986
2030-06-30 11:00:00,47560.8708
2030-06-30 12:00:00,46401.00398
2030-06-30 13:00:00,47867.2985
2030-06-30 14:00:00,48486.48504
2030-06-30 15:00:00,47943.27231
2030-06-30 16:00:00,47501.35799
2030-06-30 17:00:00,46170.55009
2030-06-30 18:00:00,44996.75474
2030-06-30 19:00:00,45005.61835
2030-06-30 20:00:00,44253.47764
2030-06-30 21:00:00,42960.65665
2030-06-30 22:00:00,42033.77618
2030-06-30 23:00:00,40624.46202
2030-07-01 00:00:00,38670.66889
2030-07-01 01:00:00,37042.29692
2030-07-01 02:00:00,35859.63795
2030-07-01 03:00:00,34873.24466
2030-07-01 04:00:00,34204.67514
2030-07-01 05:00:00,33813.41002
2030-07-01 06:00:00,33941.29927
2030-07-01 07:00:00,35865.9691
2030-07-01 08:00:00,41306.96007
2030-07-01 09:00:00,44580.16502
2030-07-01 10:00:00,46048.992
2030-07-01 11:00:00,47407.65695
2030-07-01 12:00:00,46454.18565
2030-07-01 13:00:00,47938.20739
2030-07-01 14:00:00,48045.83695
2030-07-01 15:00:00,47359.54021
2030-07-01 16:00:00,46394.67283
2030-07-01 17:00:00,44632.08046
2030-07-01 18:00:00,43945.78371
2030-07-01 19:00:00,43896.40074
2030-07-01 20:00:00,43245.55844
2030-07-01 21:00:00,42159.13297
2030-07-01 22:00:00,41122.09047
2030-07-01 23:00:00,40069.85321
2030-07-02 00:00:00,38257.87786
2030-07-02 01:00:00,36820.70664
2030-07-02 02:00:00,35511.42466
2030-07-02 03:00:00,34598.47272
2030-07-02 04:00:00,34053.99375
2030-07-02 05:00:00,33394.28784
2030-07-02 06:00:00,33218.28185
2030-07-02 07:00:00,33693.11816
2030-07-02 08:00:00,35583.59978
2030-07-02 09:00:00,37569.04866
2030-07-02 10:00:00,39094.856
2030-07-02 11:00:00,39640.60119
2030-07-02 12:00:00,40029.33385
2030-07-02 13:00:00,40334.49532
2030-07-02 14:00:00,40672.57877
2030-07-02 15:00:00,40249.6579
2030-07-02 16:00:00,40077.45059
2030-07-02 17:00:00,39906.50952
2030-07-02 18:00:00,40079.98305
2030-07-02 19:00:00,40601.66988
2030-07-02 20:00:00,40291.44349
2030-07-02 21:00:00,39597.54937
2030-07-02 22:00:00,38395.89695
2030-07-02 23:00:00,37119.53696
2030-07-03 00:00:00,35570.93748
2030-07-03 01:00:00,34303.44109
2030-07-03 02:00:00,33333.5088
2030-07-03 03:00:00,32374.97257
2030-07-03 04:00:00,31782.37686
2030-07-03 05:00:00,31235.36543
2030-07-03 06:00:00,31161.92408
2030-07-03 07:00:00,31665.88368
2030-07-03 08:00:00,32700.39372
2030-07-03 09:00:00,33952.69534
2030-07-03 10:00:00,35311.3603
2030-07-03 11:00:00,36651.0318
2030-07-03 12:00:00,37458.88664
2030-07-03 13:00:00,38135.05354
2030-07-03 14:00:00,38273.07263
2030-07-03 15:00:00,38249.01425
2030-07-03 16:00:00,38237.61818
2030-07-03 17:00:00,38684.59743
2030-07-03 18:00:00,39426.6083
2030-07-03 19:00:00,40064.78829
2030-07-03 20:00:00,40201.54115
2030-07-03 21:00:00,39862.19147
2030-07-03 22:00:00,38784.62961
2030-07-03 23:00:00,37252.49112
2030-07-04 00:00:00,35510.15843
2030-07-04 01:00:00,34007.14324
2030-07-04 02:00:00,33010.62011
2030-07-04 03:00:00,32233.15479
2030-07-04 04:00:00,31549.39051
2030-07-04 05:00:00,31244.22904
2030-07-04 06:00:00,31807.70146
2030-07-04 07:00:00,34005.87701
2030-07-04 08:00:00,40145.82702
2030-07-04 09:00:00,43972.37455
2030-07-04 10:00:00,45536.16879
2030-07-04 11:00:00,46760.61335
2030-07-04 12:00:00,45738.76561
2030-07-04 13:00:00,46930.28819
2030-07-04 14:00:00,47355.74152
2030-07-04 15:00:00,46618.79557
2030-07-04 16:00:00,46079.38152
2030-07-04 17:00:00,44305.39308
2030-07-04 18:00:00,43706.46621
2030-07-04 19:00:00,43479.81102
2030-07-04 20:00:00,42749.19622
2030-07-04 21:00:00,41547.5438
2030-07-04 22:00:00,40372.48222
2030-07-04 23:00:00,39524.10802
2030-07-05 00:00:00,37065.08906
2030-07-05 01:00:00,35691.22934
2030-07-05 02:00:00,34536.42744
2030-07-05 03:00:00,33663.99487
2030-07-05 04:00:00,33115.71721
2030-07-05 05:00:00,32842.2115
2030-07-05 06:00:00,33237.2753
2030-07-05 07:00:00,35272.10716
2030-07-05 08:00:00,40723.22797
2030-07-05 09:00:00,44035.68605
2030-07-05 10:00:00,45674.18787
2030-07-05 11:00:00,47243.04703
2030-07-05 12:00:00,45609.61014
2030-07-05 13:00:00,46351.62101
2030-07-05 14:00:00,46596.00343
2030-07-05 15:00:00,46067.98545
2030-07-05 16:00:00,45267.72799
2030-07-05 17:00:00,43620.36256
2030-07-05 18:00:00,43222.7663
2030-07-05 19:00:00,43129.06526
2030-07-05 20:00:00,42404.78162
2030-07-05 21:00:00,41308.2263
2030-07-05 22:00:00,40163.55424
2030-07-05 23:00:00,39008.75234
2030-07-06 00:00:00,37166.38747
2030-07-06 01:00:00,35572.20371
2030-07-06 02:00:00,34533.89498
2030-07-06 03:00:00,33669.05979
2030-07-06 04:00:00,33208.15201
2030-07-06 05:00:00,32691.53011
2030-07-06 06:00:00,33272.72975
2030-07-06 07:00:00,35107.49724
2030-07-06 08:00:00,40457.31964
2030-07-06 09:00:00,43596.30419
2030-07-06 10:00:00,45177.82565
2030-07-06 11:00:00,46537.75684
2030-07-06 12:00:00,45215.81256
2030-07-06 13:00:00,46953.08033
2030-07-06 14:00:00,47766.00009
2030-07-06 15:00:00,47460.83862
2030-07-06 16:00:00,47160.74207
2030-07-06 17:00:00,45429.80545
2030-07-06 18:00:00,44653.60637
2030-07-06 19:00:00,44668.80113
2030-07-06 20:00:00,43853.34891
2030-07-06 21:00:00,42751.72868
2030-07-06 22:00:00,41493.09591
2030-07-06 23:00:00,40093.91159
2030-07-07 00:00:00,38240.15064
2030-07-07 01:00:00,36724.47315
2030-07-07 02:00:00,35436.71708
2030-07-07 03:00:00,34570.61566
2030-07-07 04:00:00,34012.20816
2030-07-07 05:00:00,33508.24856
2030-07-07 06:00:00,33712.11161
2030-07-07 07:00:00,35583.59978
2030-07-07 08:00:00,41219.59019
2030-07-07 09:00:00,44533.31451
2030-07-07 10:00:00,46021.13494
2030-07-07 11:00:00,47183.53422
2030-07-07 12:00:00,46313.6341
2030-07-07 13:00:00,47812.8506
2030-07-07 14:00:00,48306.68036
2030-07-07 15:00:00,47795.12338
2030-07-07 16:00:00,47088.56696
2030-07-07 17:00:00,45579.22061
2030-07-07 18:00:00,45156.29974
2030-07-07 19:00:00,45092.98823
2030-07-07 20:00:00,44378.83443
2030-07-07 21:00:00,43167.05217
2030-07-07 22:00:00,41905.88694
2030-07-07 23:00:00,40325.6317
2030-07-08 00:00:00,38470.60453
2030-07-08 01:00:00,37006.84247
2030-07-08 02:00:00,35810.25498
2030-07-08 03:00:00,34688.37506
2030-07-08 04:00:00,34140.0974
2030-07-08 05:00:00,33603.21582
2030-07-08 06:00:00,33989.41602
2030-07-08 07:00:00,35984.99474
2030-07-08 08:00:00,41498.16083
2030-07-08 09:00:00,44913.18355
2030-07-08 10:00:00,45938.82998
2030-07-08 11:00:00,47386.13104
2030-07-08 12:00:00,46847.98323
2030-07-08 13:00:00,47622.91608
2030-07-08 14:00:00,48416.84239
2030-07-08 15:00:00,48400.38139
2030-07-08 16:00:00,47652.03937
2030-07-08 17:00:00,45417.14315
2030-07-08 18:00:00,44857.46942
2030-07-08 19:00:00,44954.96915
2030-07-08 20:00:00,44295.26324
2030-07-08 21:00:00,43225.29876
2030-07-08 22:00:00,42278.1586
2030-07-08 23:00:00,41192.99936
2030-07-09 00:00:00,39216.41409
2030-07-09 01:00:00,37576.64604
2030-07-09 02:00:00,36233.17585
2030-07-09 03:00:00,35149.28284
2030-07-09 04:00:00,34313.57093
2030-07-09 05:00:00,33650.06633
2030-07-09 06:00:00,33419.61245
2030-07-09 07:00:00,34065.38982
2030-07-09 08:00:00,36420.57791
2030-07-09 09:00:00,38683.3312
2030-07-09 10:00:00,40429.46258
2030-07-09 11:00:00,41864.10134
2030-07-09 12:00:00,42165.46412
2030-07-09 13:00:00,43240.49352
2030-07-09 14:00:00,43649.48586
2030-07-09 15:00:00,43359.51915
2030-07-09 16:00:00,43150.59118
2030-07-09 17:00:00,42569.39154
2030-07-09 18:00:00,42582.05384
2030-07-09 19:00:00,43129.06526
2030-07-09 20:00:00,43165.78594
2030-07-09 21:00:00,42604.84598
2030-07-09 22:00:00,41584.26448
2030-07-09 23:00:00,40405.4042
2030-07-10 00:00:00,38631.41576
2030-07-10 01:00:00,37160.05632
2030-07-10 02:00:00,35896.35863
2030-07-10 03:00:00,34707.36851
2030-07-10 04:00:00,34004.61078
2030-07-10 05:00:00,32989.09419
2030-07-10 06:00:00,32833.34789
2030-07-10 07:00:00,33153.70411
2030-07-10 08:00:00,34431.33034
2030-07-10 09:00:00,36067.2997
2030-07-10 10:00:00,37638.69132
2030-07-10 11:00:00,39134.10913
2030-07-10 12:00:00,40277.51496
2030-07-10 13:00:00,41035.98682
2030-07-10 14:00:00,41229.72003
2030-07-10 15:00:00,40976.474
2030-07-10 16:00:00,40830.85754
2030-07-10 17:00:00,40772.61095
2030-07-10 18:00:00,41270.2394
2030-07-10 19:00:00,42088.22408
2030-07-10 20:00:00,42408.58031
2030-07-10 21:00:00,42164.19789
2030-07-10 22:00:00,41132.22031
2030-07-10 23:00:00,39802.67865
2030-07-11 00:00:00,38007.16429
2030-07-11 01:00:00,36444.63628
2030-07-11 02:00:00,35037.85458
2030-07-11 03:00:00,34159.09086
2030-07-11 04:00:00,33291.7232
2030-07-11 05:00:00,32676.33535
2030-07-11 06:00:00,33234.74284
2030-07-11 07:00:00,35305.02915
2030-07-11 08:00:00,41700.75765
2030-07-11 09:00:00,45367.76018
2030-07-11 10:00:00,46949.28164
2030-07-11 11:00:00,48290.21937
2030-07-11 12:00:00,47582.39672
2030-07-11 13:00:00,49427.29405
2030-07-11 14:00:00,50136.38294
2030-07-11 15:00:00,50056.61044
2030-07-11 16:00:00,49334.85925
2030-07-11 17:00:00,47365.87136
2030-07-11 18:00:00,46649.18509
2030-07-11 19:00:00,46656.78247
2030-07-11 20:00:00,45978.08311
2030-07-11 21:00:00,44851.13827
2030-07-11 22:00:00,43784.97248
2030-07-11 23:00:00,42279.42483
2030-07-12 00:00:00,40235.72936
2030-07-12 01:00:00,38664.33774
2030-07-12 02:00:00,37318.33509
2030-07-12 03:00:00,36374.99362
2030-07-12 04:00:00,35726.68379
2030-07-12 05:00:00,35032.78966
2030-07-12 06:00:00,35082.17264
2030-07-12 07:00:00,36830.83648
2030-07-12 08:00:00,42111.01622
2030-07-12 09:00:00,45608.34391
2030-07-12 10:00:00,46911.29473
2030-07-12 11:00:00,48381.38794
2030-07-12 12:00:00,47430.4491
2030-07-12 13:00:00,49336.12548
2030-07-12 14:00:00,49803.3644
2030-07-12 15:00:00,49423.49536
2030-07-12 16:00:00,48863.82163
2030-07-12 17:00:00,47082.2358
2030-07-12 18:00:00,46594.7372
2030-07-12 19:00:00,46751.74973
2030-07-12 20:00:00,46231.32914
2030-07-12 21:00:00,45215.81256
2030-07-12 22:00:00,44014.16014
2030-07-12 23:00:00,42947.99435
2030-07-13 00:00:00,40933.42218
2030-07-13 01:00:00,38989.75889
2030-07-13 02:00:00,37534.86045
2030-07-13 03:00:00,36619.37604
2030-07-13 04:00:00,35667.17097
2030-07-13 05:00:00,35306.29538
2030-07-13 06:00:00,35308.82784
2030-07-13 07:00:00,37098.01104
2030-07-13 08:00:00,42346.53503
2030-07-13 09:00:00,45662.7918
2030-07-13 10:00:00,46797.33402
2030-07-13 11:00:00,48399.11516
2030-07-13 12:00:00,47641.90953
2030-07-13 13:00:00,49341.1904
2030-07-13 14:00:00,50078.13635
2030-07-13 15:00:00,49672.9427
2030-07-13 16:00:00,49086.67814
2030-07-13 17:00:00,46951.8141
2030-07-13 18:00:00,46444.05581
2030-07-13 19:00:00,46603.60081
2030-07-13 20:00:00,46023.6674
2030-07-13 21:00:00,44781.49562
2030-07-13 22:00:00,43622.89502
2030-07-13 23:00:00,42297.15205
2030-07-14 00:00:00,40395.27436
2030-07-14 01:00:00,38782.09715
2030-07-14 02:00:00,37608.30179
2030-07-14 03:00:00,36654.83049
2030-07-14 04:00:00,35962.20259
2030-07-14 05:00:00,35244.2501
2030-07-14 06:00:00,35391.1328
2030-07-14 07:00:00,37075.2189
2030-07-14 08:00:00,42560.52793
2030-07-14 09:00:00,45861.58994
2030-07-14 10:00:00,46927.75573
2030-07-14 11:00:00,48275.02461
2030-07-14 12:00:00,47531.74751
2030-07-14 13:00:00,48905.60723
2030-07-14 14:00:00,49263.95036
2030-07-14 15:00:00,48872.68524
2030-07-14 16:00:00,48419.37485
2030-07-14 17:00:00,46846.717
2030-07-14 18:00:00,46550.41914
2030-07-14 19:00:00,46703.63299
2030-07-14 20:00:00,45954.02474
2030-07-14 21:00:00,44933.44323
2030-07-14 22:00:00,43771.04395
2030-07-14 23:00:00,42556.72924
2030-07-15 00:00:00,40429.46258
2030-07-15 01:00:00,38813.7529
2030-07-15 02:00:00,37731.12612
2030-07-15 03:00:00,36575.05799
2030-07-15 04:00:00,35743.14478
2030-07-15 05:00:00,34994.80276
2030-07-15 06:00:00,34927.69256
2030-07-15 07:00:00,36581.38914
2030-07-15 08:00:00,41633.64745
2030-07-15 09:00:00,44896.72256
2030-07-15 10:00:00,45837.53156
2030-07-15 11:00:00,47023.98922
2030-07-15 12:00:00,45866.65486
2030-07-15 13:00:00,47502.62422
2030-07-15 14:00:00,47749.5391
2030-07-15 15:00:00,47064.50858
2030-07-15 16:00:00,46493.43878
2030-07-15 17:00:00,44882.79403
2030-07-15 18:00:00,44447.21085
2030-07-15 19:00:00,44495.3276
2030-07-15 20:00:00,43977.43947
2030-07-15 21:00:00,42888.48154
2030-07-15 22:00:00,41946.4063
2030-07-15 23:00:00,41084.10357
2030-07-16 00:00:00,39184.75834
2030-07-16 01:00:00,37528.52929
2030-07-16 02:00:00,36223.04601
2030-07-16 03:00:00,35370.87311
2030-07-16 04:00:00,34671.91407
2030-07-16 05:00:00,33904.5786
2030-07-16 06:00:00,33686.78701
2030-07-16 07:00:00,34192.01284
2030-07-16 08:00:00,36526.94124
2030-07-16 09:00:00,38687.12989
2030-07-16 10:00:00,40457.31964
2030-07-16 11:00:00,41756.47178
2030-07-16 12:00:00,42135.07459
2030-07-16 13:00:00,42996.1111
2030-07-16 14:00:00,43259.48697
2030-07-16 15:00:00,43121.46788
2030-07-16 16:00:00,43002.44225
2030-07-16 17:00:00,42352.86618
2030-07-16 18:00:00,42527.60594
2030-07-16 19:00:00,43125.26657
2030-07-16 20:00:00,43060.68884
2030-07-16 21:00:00,42499.74888
2030-07-16 22:00:00,41409.52472
2030-07-16 23:00:00,40235.72936
2030-07-17 00:00:00,38470.60453
2030-07-17 01:00:00,36916.94013
2030-07-17 02:00:00,35544.34664
2030-07-17 03:00:00,34556.68712
2030-07-17 04:00:00,33869.12415
2030-07-17 05:00:00,33081.529
2030-07-17 06:00:00,32687.73142
2030-07-17 07:00:00,33184.09364
2030-07-17 08:00:00,34324.96701
2030-07-17 09:00:00,35884.96256
2030-07-17 10:00:00,37312.00394
2030-07-17 11:00:00,38998.6225
2030-07-17 12:00:00,39925.50298
2030-07-17 13:00:00,40670.04631
2030-07-17 14:00:00,40827.05885
2030-07-17 15:00:00,40435.79373
2030-07-17 16:00:00,40385.14452
2030-07-17 17:00:00,40810.59785
2030-07-17 18:00:00,41239.84988
2030-07-17 19:00:00,42122.41229
2030-07-17 20:00:00,42499.74888
2030-07-17 21:00:00,42216.11332
2030-07-17 22:00:00,41255.04464
2030-07-17 23:00:00,39548.16639
2030-07-18 00:00:00,37834.95699
2030-07-18 01:00:00,36026.78033
2030-07-18 02:00:00,34809.93316
2030-07-18 03:00:00,33889.38383
2030-07-18 04:00:00,33311.98288
2030-07-18 05:00:00,32795.36098
2030-07-18 06:00:00,33046.07455
2030-07-18 07:00:00,35218.92549
2030-07-18 08:00:00,41351.27813
2030-07-18 09:00:00,45155.03351
2030-07-18 10:00:00,46551.68537
2030-07-18 11:00:00,47738.14302
2030-07-18 12:00:00,46891.03505
2030-07-18 13:00:00,48539.66671
2030-07-18 14:00:00,49100.60667
2030-07-18 15:00:00,49095.54175
2030-07-18 16:00:00,48809.37373
2030-07-18 17:00:00,47042.98267
2030-07-18 18:00:00,46677.04216
2030-07-18 19:00:00,46897.3662
2030-07-18 20:00:00,46226.26422
2030-07-18 21:00:00,45120.8453
2030-07-18 22:00:00,43963.51094
2030-07-18 23:00:00,42507.34626
2030-07-19 00:00:00,40326.89793
2030-07-19 01:00:00,38731.44794
2030-07-19 02:00:00,37314.5364
2030-07-19 03:00:00,36201.52009
2030-07-19 04:00:00,35557.00895
2030-07-19 05:00:00,34991.00407
2030-07-19 06:00:00,35007.46506
2030-07-19 07:00:00,36745.99906
2030-07-19 08:00:00,42485.82035
2030-07-19 09:00:00,45890.71323
2030-07-19 10:00:00,47435.51402
2030-07-19 11:00:00,48856.22425
2030-07-19 12:00:00,48180.05735
2030-07-19 13:00:00,49812.22802
2030-07-19 14:00:00,50117.38948
2030-07-19 15:00:00,49393.10584
2030-07-19 16:00:00,48424.43977
2030-07-19 17:00:00,46670.711
2030-07-19 18:00:00,46526.36077
2030-07-19 19:00:00,46589.67227
2030-07-19 20:00:00,45916.03783
2030-07-19 21:00:00,44922.04716
2030-07-19 22:00:00,43663.41439
2030-07-19 23:00:00,42285.75598
2030-07-20 00:00:00,40097.71028
2030-07-20 01:00:00,38508.59143
2030-07-20 02:00:00,37163.85501
2030-07-20 03:00:00,36138.20859
2030-07-20 04:00:00,35168.27629
2030-07-20 05:00:00,34722.56327
2030-07-20 06:00:00,34977.07554
2030-07-20 07:00:00,36924.53751
2030-07-20 08:00:00,42659.29388
2030-07-20 09:00:00,46081.91398
2030-07-20 10:00:00,47564.66949
2030-07-20 11:00:00,49060.0873
2030-07-20 12:00:00,48354.79711
2030-07-20 13:00:00,50092.06488
2030-07-20 14:00:00,50574.49857
2030-07-20 15:00:00,50318.72008
2030-07-20 16:00:00,49612.16365
2030-07-20 17:00:00,47394.99465
2030-07-20 18:00:00,46821.39239
2030-07-20 19:00:00,46823.92485
2030-07-20 20:00:00,45926.16767
2030-07-20 21:00:00,44678.93097
2030-07-20 22:00:00,43289.87649
2030-07-20 23:00:00,41859.03642
2030-07-21 00:00:00,39630.47135
2030-07-21 01:00:00,38052.74858
2030-07-21 02:00:00,36744.73283
2030-07-21 03:00:00,35746.94347
2030-07-21 04:00:00,35008.73129
2030-07-21 05:00:00,34378.14867
2030-07-21 06:00:00,34428.79788
2030-07-21 07:00:00,36301.55228
2030-07-21 08:00:00,42178.12642
2030-07-21 09:00:00,45759.02529
2030-07-21 10:00:00,47159.47584
2030-07-21 11:00:00,48640.96512
2030-07-21 12:00:00,47968.59691
2030-07-21 13:00:00,50032.55206
2030-07-21 14:00:00,50723.91373
2030-07-21 15:00:00,50447.87555
2030-07-21 16:00:00,50088.26619
2030-07-21 17:00:00,48169.92751
2030-07-21 18:00:00,47624.18231
2030-07-21 19:00:00,47935.67493
2030-07-21 20:00:00,47286.09886
2030-07-21 21:00:00,46055.32315
2030-07-21 22:00:00,44977.76129
2030-07-21 23:00:00,43563.38221
2030-07-22 00:00:00,41342.41452
2030-07-22 01:00:00,39593.75068
2030-07-22 02:00:00,38174.30667
2030-07-22 03:00:00,37157.52386
2030-07-22 04:00:00,36304.08474
2030-07-22 05:00:00,35541.81418
2030-07-22 06:00:00,35716.55395
2030-07-22 07:00:00,37504.47092
2030-07-22 08:00:00,43273.4155
2030-07-22 09:00:00,46516.23093
2030-07-22 10:00:00,48059.76548
2030-07-22 11:00:00,49761.57881
2030-07-22 12:00:00,49232.29461
2030-07-22 13:00:00,50960.69877
2030-07-22 14:00:00,51244.33432
2030-07-22 15:00:00,50815.0823
2030-07-22 16:00:00,50078.13635
2030-07-22 17:00:00,47886.29195
2030-07-22 18:00:00,47069.5735
2030-07-22 19:00:00,47078.43711
2030-07-22 20:00:00,46561.81521
2030-07-22 21:00:00,45691.9151
2030-07-22 22:00:00,44672.59982
2030-07-22 23:00:00,43667.21308
2030-07-23 00:00:00,41671.63436
2030-07-23 01:00:00,39974.88595
2030-07-23 02:00:00,38706.12334
2030-07-23 03:00:00,37512.0683
2030-07-23 04:00:00,36515.54517
2030-07-23 05:00:00,35545.61287
2030-07-23 06:00:00,35163.21137
2030-07-23 07:00:00,35849.50811
2030-07-23 08:00:00,38156.57945
2030-07-23 09:00:00,40299.04087
2030-07-23 10:00:00,42071.76309
2030-07-23 11:00:00,43793.8361
2030-07-23 12:00:00,44347.17867
2030-07-23 13:00:00,45579.22061
2030-07-23 14:00:00,45809.6745
2030-07-23 15:00:00,45458.92875
2030-07-23 16:00:00,44867.59927
2030-07-23 17:00:00,43954.64732
2030-07-23 18:00:00,43812.82955
2030-07-23 19:00:00,44357.30851
2030-07-23 20:00:00,44547.24304
2030-07-23 21:00:00,44320.58784
2030-07-23 22:00:00,43224.03253
2030-07-23 23:00:00,41914.75055
2030-07-24 00:00:00,40068.58698
2030-07-24 01:00:00,38433.88385
2030-07-24 02:00:00,36987.84902
2030-07-24 03:00:00,35824.18351
2030-07-24 04:00:00,35040.38704
2030-07-24 05:00:00,34292.04502
2030-07-24 06:00:00,33645.00141
2030-07-24 07:00:00,34031.20161
2030-07-24 08:00:00,35237.91895
2030-07-24 09:00:00,36768.7912
2030-07-24 10:00:00,38666.8702
2030-07-24 11:00:00,40352.22254
2030-07-24 12:00:00,41513.35559
2030-07-24 13:00:00,42394.65178
2030-07-24 14:00:00,42588.38499
2030-07-24 15:00:00,42552.93054
2030-07-24 16:00:00,42371.85963
2030-07-24 17:00:00,42416.17769
2030-07-24 18:00:00,42447.83344
2030-07-24 19:00:00,43341.79193
2030-07-24 20:00:00,43391.17491
2030-07-24 21:00:00,43481.07725
2030-07-24 22:00:00,42604.84598
2030-07-24 23:00:00,41049.91535
2030-07-25 00:00:00,39222.74524
2030-07-25 01:00:00,37594.37326
2030-07-25 02:00:00,36286.35751
2030-07-25 03:00:00,35310.09407
2030-07-25 04:00:00,34759.28395
2030-07-25 05:00:00,34254.05812
2030-07-25 06:00:00,34390.81097
2030-07-25 07:00:00,36299.01982
2030-07-25 08:00:00,41323.42107
2030-07-25 09:00:00,46222.46553
2030-07-25 10:00:00,47783.72731
2030-07-25 11:00:00,49476.67703
2030-07-25 12:00:00,49003.10695
2030-07-25 13:00:00,50722.6475
2030-07-25 14:00:00,51141.76968
2030-07-25 15:00:00,50721.38127
2030-07-25 16:00:00,49772.97488
2030-07-25 17:00:00,47821.71421
2030-07-25 18:00:00,47312.68969
2030-07-25 19:00:00,47497.55929
2030-07-25 20:00:00,47053.11251
2030-07-25 21:00:00,45965.42081
2030-07-25 22:00:00,44804.28776
2030-07-25 23:00:00,43406.36967
2030-07-26 00:00:00,41419.65456
2030-07-26 01:00:00,39639.33496
2030-07-26 02:00:00,38208.49489
2030-07-26 03:00:00,37154.9914
2030-07-26 04:00:00,36287.62374
2030-07-26 05:00:00,35584.86601
2030-07-26 06:00:00,35568.40502
2030-07-26 07:00:00,37022.03723
2030-07-26 08:00:00,42946.72812
2030-07-26 09:00:00,46425.06235
2030-07-26 10:00:00,47801.45453
2030-07-26 11:00:00,49301.93726
2030-07-26 12:00:00,48462.42667
2030-07-26 13:00:00,50065.47405
2030-07-26 14:00:00,50278.20071
2030-07-26 15:00:00,49681.80631
2030-07-26 16:00:00,49067.68469
2030-07-26 17:00:00,47324.08576
2030-07-26 18:00:00,47061.97612
2030-07-26 19:00:00,47196.19652
2030-07-26 20:00:00,46612.46442
2030-07-26 21:00:00,45531.10387
2030-07-26 22:00:00,44185.10121
2030-07-26 23:00:00,42831.50118
2030-07-27 00:00:00,40610.53349
2030-07-27 01:00:00,38996.09004
2030-07-27 02:00:00,37800.76878
2030-07-27 03:00:00,36787.78466
2030-07-27 04:00:00,36055.90363
2030-07-27 05:00:00,35546.8791
2030-07-27 06:00:00,35434.18462
2030-07-27 07:00:00,37120.80319
2030-07-27 08:00:00,42884.68285
2030-07-27 09:00:00,45860.32371
2030-07-27 10:00:00,47174.67061
2030-07-27 11:00:00,48792.91274
2030-07-27 12:00:00,48187.65473
2030-07-27 13:00:00,49954.04579
2030-07-27 14:00:00,50476.99885
2030-07-27 15:00:00,50073.07143
2030-07-27 16:00:00,49467.81341
2030-07-27 17:00:00,47145.54731
2030-07-27 18:00:00,46494.70501
2030-07-27 19:00:00,46679.57462
2030-07-27 20:00:00,46150.29041
2030-07-27 21:00:00,45125.91022
2030-07-27 22:00:00,44069.87427
2030-07-27 23:00:00,42732.73523
2030-07-28 00:00:00,40696.63714
2030-07-28 01:00:00,39068.26516
2030-07-28 02:00:00,37490.54239
2030-07-28 03:00:00,36550.99962
2030-07-28 04:00:00,35820.38482
2030-07-28 05:00:00,35299.96422
2030-07-28 06:00:00,35232.85403
2030-07-28 07:00:00,36886.55061
2030-07-28 08:00:00,42937.86451
2030-07-28 09:00:00,46352.88724
2030-07-28 10:00:00,47584.92918
2030-07-28 11:00:00,48977.78234
2030-07-28 12:00:00,48307.94659
2030-07-28 13:00:00,49917.32512
2030-07-28 14:00:00,50309.85647
2030-07-28 15:00:00,49846.41623
2030-07-28 16:00:00,49333.59302
2030-07-28 17:00:00,47652.03937
2030-07-28 18:00:00,47115.15779
2030-07-28 19:00:00,47367.13759
2030-07-28 20:00:00,46552.9516
2030-07-28 21:00:00,45437.40283
2030-07-28 22:00:00,43996.43292
2030-07-28 23:00:00,42718.80669
2030-07-29 00:00:00,40602.93611
2030-07-29 01:00:00,39083.45992
2030-07-29 02:00:00,37558.91882
2030-07-29 03:00:00,36642.16819
2030-07-29 04:00:00,35658.30736
2030-07-29 05:00:00,35204.99696
2030-07-29 06:00:00,35210.06188
2030-07-29 07:00:00,37015.70608
2030-07-29 08:00:00,42546.59939
2030-07-29 09:00:00,45740.03184
2030-07-29 10:00:00,46804.9314
2030-07-29 11:00:00,48443.43322
2030-07-29 12:00:00,48009.11628
2030-07-29 13:00:00,49627.35841
2030-07-29 14:00:00,50085.73373
2030-07-29 15:00:00,49708.39714
2030-07-29 16:00:00,48518.1408
2030-07-29 17:00:00,46354.15347
2030-07-29 18:00:00,45699.51248
2030-07-29 19:00:00,45929.96636
2030-07-29 20:00:00,45484.25335
2030-07-29 21:00:00,44428.2174
2030-07-29 22:00:00,43286.0778
2030-07-29 23:00:00,42180.65888
2030-07-30 00:00:00,40012.87286
2030-07-30 01:00:00,38414.8904
2030-07-30 02:00:00,36952.39458
2030-07-30 03:00:00,35768.46938
2030-07-30 04:00:00,35135.3543
2030-07-30 05:00:00,34379.4149
2030-07-30 06:00:00,33966.62387
2030-07-30 07:00:00,34855.51744
2030-07-30 08:00:00,36990.38148
2030-07-30 09:00:00,39202.48556
2030-07-30 10:00:00,40637.12432
2030-07-30 11:00:00,42123.67852
2030-07-30 12:00:00,42589.65122
2030-07-30 13:00:00,43374.71391
2030-07-30 14:00:00,43298.74011
2030-07-30 15:00:00,42573.19023
2030-07-30 16:00:00,41899.55579
2030-07-30 17:00:00,41329.75222
2030-07-30 18:00:00,41598.19301
2030-07-30 19:00:00,42205.98348
2030-07-30 20:00:00,42174.32773
2030-07-30 21:00:00,41667.83567
2030-07-30 22:00:00,40710.56567
2030-07-30 23:00:00,39129.04421
2030-07-31 00:00:00,37719.73005
2030-07-31 01:00:00,36116.68267
2030-07-31 02:00:00,34903.63419
2030-07-31 03:00:00,33953.96157
2030-07-31 04:00:00,33199.2884
2030-07-31 05:00:00,32538.31626
2030-07-31 06:00:00,32297.73253
2030-07-31 07:00:00,32773.83507
2030-07-31 08:00:00,33923.57205
2030-07-31 09:00:00,35643.1126
2030-07-31 10:00:00,37361.38691
2030-07-31 11:00:00,39054.33663
2030-07-31 12:00:00,40116.70373
2030-07-31 13:00:00,40880.24051
2030-07-31 14:00:00,41082.83734
2030-07-31 15:00:00,40656.11777
2030-07-31 16:00:00,40007.80794
2030-07-31 17:00:00,40121.76865
2030-07-31 18:00:00,40632.0594
2030-07-31 19:00:00,41348.74567
2030-07-31 20:00:00,41599.45924
2030-07-31 21:00:00,41379.13519
2030-07-31 22:00:00,40226.86575
2030-07-31 23:00:00,38811.22044
2030-08-01 00:00:00,37117.0045
2030-08-01 01:00:00,35538.01549
2030-08-01 02:00:00,34362.95391
2030-08-01 03:00:00,33698.18308
2030-08-01 04:00:00,32949.84106
2030-08-01 05:00:00,32758.64031
2030-08-01 06:00:00,32999.22404
2030-08-01 07:00:00,34793.47216
2030-08-01 08:00:00,39244.27115
2030-08-01 09:00:00,45124.64399
2030-08-01 10:00:00,46818.85993
2030-08-01 11:00:00,48297.81675
2030-08-01 12:00:00,47538.07866
2030-08-01 13:00:00,48558.66016
2030-08-01 14:00:00,48502.94604
2030-08-01 15:00:00,47416.52057
2030-08-01 16:00:00,46813.79501
2030-08-01 17:00:00,45309.51359
2030-08-01 18:00:00,45194.28665
2030-08-01 19:00:00,45324.70835
2030-08-01 20:00:00,44549.7755
2030-08-01 21:00:00,43441.82411
2030-08-01 22:00:00,42141.40574
2030-08-01 23:00:00,40897.96773
2030-08-02 00:00:00,38931.51231
2030-08-02 01:00:00,37419.6335
2030-08-02 02:00:00,36193.92271
2030-08-02 03:00:00,35386.06787
2030-08-02 04:00:00,34701.03736
2030-08-02 05:00:00,34470.58347
2030-08-02 06:00:00,34473.11593
2030-08-02 07:00:00,36334.47426
2030-08-02 08:00:00,39127.77798
2030-08-02 09:00:00,44586.49617
2030-08-02 10:00:00,45118.31284
2030-08-02 11:00:00,45983.14803
2030-08-02 12:00:00,44139.51693
2030-08-02 13:00:00,44858.73565
2030-08-02 14:00:00,44989.15736
2030-08-02 15:00:00,44665.00244
2030-08-02 16:00:00,44386.43181
2030-08-02 17:00:00,43330.39586
2030-08-02 18:00:00,43179.71447
2030-08-02 19:00:00,43345.59062
2030-08-02 20:00:00,42611.17713
2030-08-02 21:00:00,41517.15428
2030-08-02 22:00:00,40091.37913
2030-08-02 23:00:00,39046.73925
2030-08-03 00:00:00,37300.60787
2030-08-03 01:00:00,35879.89763
2030-08-03 02:00:00,34736.49181
2030-08-03 03:00:00,33880.52022
2030-08-03 04:00:00,33424.67737
2030-08-03 05:00:00,33332.24257
2030-08-03 06:00:00,33441.13836
2030-08-03 07:00:00,35510.15843
2030-08-03 08:00:00,39901.4446
2030-08-03 09:00:00,43940.71879
2030-08-03 10:00:00,45329.77327
2030-08-03 11:00:00,46598.53589
2030-08-03 12:00:00,45405.74708
2030-08-03 13:00:00,46696.03561
2030-08-03 14:00:00,47331.68314
2030-08-03 15:00:00,47129.08632
2030-08-03 16:00:00,46502.30239
2030-08-03 17:00:00,44773.89823
2030-08-03 18:00:00,44264.87371
2030-08-03 19:00:00,44059.74443
2030-08-03 20:00:00,43145.52626
2030-08-03 21:00:00,41955.26991
2030-08-03 22:00:00,40575.07904
2030-08-03 23:00:00,39601.34806
2030-08-04 00:00:00,37699.47037
2030-08-04 01:00:00,36044.50755
2030-08-04 02:00:00,35134.08807
2030-08-04 03:00:00,34354.0903
2030-08-04 04:00:00,33869.12415
2030-08-04 05:00:00,33503.18364
2030-08-04 06:00:00,33823.53987
2030-08-04 07:00:00,35464.57414
2030-08-04 08:00:00,41157.54492
2030-08-04 09:00:00,44318.05538
2030-08-04 10:00:00,45738.76561
2030-08-04 11:00:00,47069.5735
2030-08-04 12:00:00,45685.58395
2030-08-04 13:00:00,47517.81898
2030-08-04 14:00:00,48242.10263
2030-08-04 15:00:00,47455.7737
2030-08-04 16:00:00,46896.09997
2030-08-04 17:00:00,45190.48795
2030-08-04 18:00:00,44586.49617
2030-08-04 19:00:00,44539.64566
2030-08-04 20:00:00,43630.49241
2030-08-04 21:00:00,42278.1586
2030-08-04 22:00:00,40965.07793
2030-08-04 23:00:00,39543.10147
2030-08-05 00:00:00,37629.82771
2030-08-05 01:00:00,36257.23422
2030-08-05 02:00:00,35187.26974
2030-08-05 03:00:00,34460.45363
2030-08-05 04:00:00,33877.98776
2030-08-05 05:00:00,33490.52133
2030-08-05 06:00:00,33827.33856
2030-08-05 07:00:00,35622.85291
2030-08-05 08:00:00,40757.41619
2030-08-05 09:00:00,44031.88736
2030-08-05 10:00:00,45520.97403
2030-08-05 11:00:00,46880.90521
2030-08-05 12:00:00,46003.40771
2030-08-05 13:00:00,47543.14358
2030-08-05 14:00:00,48029.37596
2030-08-05 15:00:00,47758.40271
2030-08-05 16:00:00,47275.96902
2030-08-05 17:00:00,45407.01331
2030-08-05 18:00:00,44757.43724
2030-08-05 19:00:00,44630.81423
2030-08-05 20:00:00,43925.52403
2030-08-05 21:00:00,42840.36479
2030-08-05 22:00:00,41833.71182
2030-08-05 23:00:00,40629.52694
2030-08-06 00:00:00,38866.93457
2030-08-06 01:00:00,37266.41965
2030-08-06 02:00:00,36110.35152
2030-08-06 03:00:00,34988.47161
2030-08-06 04:00:00,34150.22724
2030-08-06 05:00:00,33510.78102
2030-08-06 06:00:00,33301.85304
2030-08-06 07:00:00,33993.21471
2030-08-06 08:00:00,36261.03291
2030-08-06 09:00:00,38422.48778
2030-08-06 10:00:00,39852.06163
2030-08-06 11:00:00,41158.81115
2030-08-06 12:00:00,41634.91368
2030-08-06 13:00:00,42517.4761
2030-08-06 14:00:00,42837.83233
2030-08-06 15:00:00,42488.35281
2030-08-06 16:00:00,42008.45158
2030-08-06 17:00:00,41166.40853
2030-08-06 18:00:00,41162.60984
2030-08-06 19:00:00,41645.04352
2030-08-06 20:00:00,41605.79039
2030-08-06 21:00:00,41215.7915
2030-08-06 22:00:00,40368.68353
2030-08-06 23:00:00,39205.01802
2030-08-07 00:00:00,37661.48346
2030-08-07 01:00:00,36257.23422
2030-08-07 02:00:00,34955.54962
2030-08-07 03:00:00,33913.44221
2030-08-07 04:00:00,33230.94415
2030-08-07 05:00:00,32595.29662
2030-08-07 06:00:00,32191.3692
2030-08-07 07:00:00,32690.26388
2030-08-07 08:00:00,34143.89609
2030-08-07 09:00:00,35264.50978
2030-08-07 10:00:00,36795.38204
2030-08-07 11:00:00,38343.98151
2030-08-07 12:00:00,39355.69941
2030-08-07 13:00:00,40149.62571
2030-08-07 14:00:00,40492.77408
2030-08-07 15:00:00,40005.27548
2030-08-07 16:00:00,39768.49044
2030-08-07 17:00:00,39646.93234
2030-08-07 18:00:00,39820.40587
2030-08-07 19:00:00,40425.66389
2030-08-07 20:00:00,40394.00813
2030-08-07 21:00:00,40193.94377
2030-08-07 22:00:00,39408.88107
2030-08-07 23:00:00,38002.09937
2030-08-08 00:00:00,36305.35097
2030-08-08 01:00:00,34644.057
2030-08-08 02:00:00,33663.99487
2030-08-08 03:00:00,32767.50392
2030-08-08 04:00:00,32359.77781
2030-08-08 05:00:00,32021.69436
2030-08-08 06:00:00,32438.28408
2030-08-08 07:00:00,34237.59713
2030-08-08 08:00:00,40618.13087
2030-08-08 09:00:00,44644.74276
2030-08-08 10:00:00,46079.38152
2030-08-08 11:00:00,47564.66949
2030-08-08 12:00:00,46832.78846
2030-08-08 13:00:00,48642.23135
2030-08-08 14:00:00,49272.81397
2030-08-08 15:00:00,49137.32734
2030-08-08 16:00:00,48371.2581
2030-08-08 17:00:00,45961.62212
2030-08-08 18:00:00,45244.93585
2030-08-08 19:00:00,45015.74819
2030-08-08 20:00:00,44193.96482
2030-08-08 21:00:00,43068.28622
2030-08-08 22:00:00,41923.61416
2030-08-08 23:00:00,40856.18214
2030-08-09 00:00:00,38716.25318
2030-08-09 01:00:00,37209.4393
2030-08-09 02:00:00,35924.21569
2030-08-09 03:00:00,35221.45795
2030-08-09 04:00:00,34655.45308
2030-08-09 05:00:00,34157.82463
2030-08-09 06:00:00,34238.86336
2030-08-09 07:00:00,36117.9489
2030-08-09 08:00:00,41789.39376
2030-08-09 09:00:00,45375.35756
2030-08-09 10:00:00,46722.62644
2030-08-09 11:00:00,47879.9608
2030-08-09 12:00:00,47137.94993
2030-08-09 13:00:00,48781.51667
2030-08-09 14:00:00,49409.56683
2030-08-09 15:00:00,48852.42556
2030-08-09 16:00:00,48225.64163
2030-08-09 17:00:00,46138.89434
2030-08-09 18:00:00,45703.31117
2030-08-09 19:00:00,45734.96692
2030-08-09 20:00:00,44919.5147
2030-08-09 21:00:00,43754.58296
2030-08-09 22:00:00,42658.02765
2030-08-09 23:00:00,41451.31031
2030-08-10 00:00:00,39282.25806
2030-08-10 01:00:00,37784.30779
2030-08-10 02:00:00,36428.17529
2030-08-10 03:00:00,35532.95057
2030-08-10 04:00:00,34892.23812
2030-08-10 05:00:00,34370.55129
2030-08-10 06:00:00,34641.52454
2030-08-10 07:00:00,36321.81196
2030-08-10 08:00:00,41924.88039
2030-08-10 09:00:00,45384.22117
2030-08-10 10:00:00,46774.54188
2030-08-10 11:00:00,48039.5058
2030-08-10 12:00:00,46892.30128
2030-08-10 13:00:00,48454.82929
2030-08-10 14:00:00,49065.15223
2030-08-10 15:00:00,48705.54286
2030-08-10 16:00:00,48201.58326
2030-08-10 17:00:00,46441.52335
2030-08-10 18:00:00,45745.09676
2030-08-10 19:00:00,45533.63633
2030-08-10 20:00:00,44739.71002
2030-08-10 21:00:00,43582.37566
2030-08-10 22:00:00,42450.3659
2030-08-10 23:00:00,41167.67476
2030-08-11 00:00:00,39243.00492
2030-08-11 01:00:00,37591.8408
2030-08-11 02:00:00,36295.22113
2030-08-11 03:00:00,35372.13934
2030-08-11 04:00:00,34870.7122
2030-08-11 05:00:00,34488.3107
2030-08-11 06:00:00,34554.15466
2030-08-11 07:00:00,36214.1824
2030-08-11 08:00:00,41891.9584
2030-08-11 09:00:00,45334.83819
2030-08-11 10:00:00,46236.39406
2030-08-11 11:00:00,47496.29306
2030-08-11 12:00:00,46902.43112
2030-08-11 13:00:00,48649.82873
2030-08-11 14:00:00,49319.66449
2030-08-11 15:00:00,49086.67814
2030-08-11 16:00:00,48515.60834
2030-08-11 17:00:00,46498.5037
2030-08-11 18:00:00,45729.902
2030-08-11 19:00:00,45679.25279
2030-08-11 20:00:00,44904.31994
2030-08-11 21:00:00,43739.3882
2030-08-11 22:00:00,42492.1515
2030-08-11 23:00:00,41266.44071
2030-08-12 00:00:00,39315.18004
2030-08-12 01:00:00,37620.9641
2030-08-12 02:00:00,36314.21458
2030-08-12 03:00:00,35434.18462
2030-08-12 04:00:00,34598.47272
2030-08-12 05:00:00,34346.49292
2030-08-12 06:00:00,34440.19395
2030-08-12 07:00:00,35929.28061
2030-08-12 08:00:00,41370.27158
2030-08-12 09:00:00,44911.91732
2030-08-12 10:00:00,46217.40061
2030-08-12 11:00:00,47397.52711
2030-08-12 12:00:00,46949.28164
2030-08-12 13:00:00,48476.3552
2030-08-12 14:00:00,48799.24389
2030-08-12 15:00:00,47826.77913
2030-08-12 16:00:00,46817.5937
2030-08-12 17:00:00,45024.6118
2030-08-12 18:00:00,44392.76296
2030-08-12 19:00:00,44272.47109
2030-08-12 20:00:00,43383.57753
2030-08-12 21:00:00,42371.85963
2030-08-12 22:00:00,41360.14174
2030-08-12 23:00:00,40307.90448
2030-08-13 00:00:00,38355.37759
2030-08-13 01:00:00,36785.25219
2030-08-13 02:00:00,35591.19716
2030-08-13 03:00:00,34599.73895
2030-08-13 04:00:00,33809.61133
2030-08-13 05:00:00,33447.46951
2030-08-13 06:00:00,33043.54209
2030-08-13 07:00:00,33656.39749
2030-08-13 08:00:00,36002.72196
2030-08-13 09:00:00,38259.14409
2030-08-13 10:00:00,39897.64591
2030-08-13 11:00:00,41162.60984
2030-08-13 12:00:00,41781.79638
2030-08-13 13:00:00,43031.56554
2030-08-13 14:00:00,43263.28566
2030-08-13 15:00:00,42920.13729
2030-08-13 16:00:00,42317.41174
2030-08-13 17:00:00,41522.2192
2030-08-13 18:00:00,41761.5367
2030-08-13 19:00:00,42080.6267
2030-08-13 20:00:00,41869.16626
2030-08-13 21:00:00,41324.6873
2030-08-13 22:00:00,40228.13198
2030-08-13 23:00:00,38885.92802
2030-08-14 00:00:00,37452.55549
2030-08-14 01:00:00,35920.417
2030-08-14 02:00:00,34763.08264
2030-08-14 03:00:00,33814.67625
2030-08-14 04:00:00,33028.34733
2030-08-14 05:00:00,32482.60213
2030-08-14 06:00:00,32105.26555
2030-08-14 07:00:00,32495.26443
2030-08-14 08:00:00,33805.81264
2030-08-14 09:00:00,35574.73617
2030-08-14 10:00:00,37034.69954
2030-08-14 11:00:00,38461.74092
2030-08-14 12:00:00,39444.33552
2030-08-14 13:00:00,40350.95631
2030-08-14 14:00:00,40250.92413
2030-08-14 15:00:00,39996.41186
2030-08-14 16:00:00,39914.1069
2030-08-14 17:00:00,40158.48932
2030-08-14 18:00:00,40661.1827
2030-08-14 19:00:00,41337.3496
2030-08-14 20:00:00,41767.86785
2030-08-14 21:00:00,41555.14118
2030-08-14 22:00:00,40357.28746
2030-08-14 23:00:00,38842.87619
2030-08-15 00:00:00,37086.61497
2030-08-15 01:00:00,35519.02204
2030-08-15 02:00:00,34260.38927
2030-08-15 03:00:00,33387.95669
2030-08-15 04:00:00,32787.7636
2030-08-15 05:00:00,32535.7838
2030-08-15 06:00:00,32744.71177
2030-08-15 07:00:00,34939.08863
2030-08-15 08:00:00,41281.63547
2030-08-15 09:00:00,44881.5278
2030-08-15 10:00:00,46242.72521
2030-08-15 11:00:00,47563.40326
2030-08-15 12:00:00,46656.78247
2030-08-15 13:00:00,48202.84949
2030-08-15 14:00:00,48366.19318
2030-08-15 15:00:00,47881.22703
2030-08-15 16:00:00,47421.58549
2030-08-15 17:00:00,45819.80434
2030-08-15 18:00:00,45143.63744
2030-08-15 19:00:00,45242.40339
2030-08-15 20:00:00,44640.94407
2030-08-15 21:00:00,43611.49895
2030-08-15 22:00:00,42388.32062
2030-08-15 23:00:00,41006.86353
2030-08-16 00:00:00,38983.42774
2030-08-16 01:00:00,37323.40001
2030-08-16 02:00:00,36011.58557
2030-08-16 03:00:00,35203.73073
2030-08-16 04:00:00,34549.08974
2030-08-16 05:00:00,34305.97355
2030-08-16 06:00:00,34302.17486
2030-08-16 07:00:00,36021.71541
2030-08-16 08:00:00,41734.94587
2030-08-16 09:00:00,45246.20208
2030-08-16 10:00:00,46602.33458
2030-08-16 11:00:00,47488.69568
2030-08-16 12:00:00,46569.41259
2030-08-16 13:00:00,48082.55763
2030-08-16 14:00:00,48428.23846
2030-08-16 15:00:00,48119.2783
2030-08-16 16:00:00,47583.66295
2030-08-16 17:00:00,45926.16767
2030-08-16 18:00:00,45761.55775
2030-08-16 19:00:00,45753.96037
2030-08-16 20:00:00,44834.67728
2030-08-16 21:00:00,43626.69372
2030-08-16 22:00:00,42446.56721
2030-08-16 23:00:00,41398.12864
2030-08-17 00:00:00,39115.11568
2030-08-17 01:00:00,37428.49711
2030-08-17 02:00:00,36296.48736
2030-08-17 03:00:00,35415.19117
2030-08-17 04:00:00,34728.89443
2030-08-17 05:00:00,34418.66804
2030-08-17 06:00:00,34469.31724
2030-08-17 07:00:00,36159.7345
2030-08-17 08:00:00,41841.3092
2030-08-17 09:00:00,45193.02042
2030-08-17 10:00:00,46451.65319
2030-08-17 11:00:00,47882.49326
2030-08-17 12:00:00,46996.13215
2030-08-17 13:00:00,48440.90076
2030-08-17 14:00:00,48796.71143
2030-08-17 15:00:00,48434.56961
2030-08-17 16:00:00,47440.57894
2030-08-17 17:00:00,45532.3701
2030-08-17 18:00:00,45156.29974
2030-08-17 19:00:00,44916.98224
2030-08-17 20:00:00,44062.27689
2030-08-17 21:00:00,42820.10511
2030-08-17 22:00:00,41456.37523
2030-08-17 23:00:00,40114.17127
2030-08-18 00:00:00,38189.50144
2030-08-18 01:00:00,36758.66136
2030-08-18 02:00:00,35660.83982
2030-08-18 03:00:00,34671.91407
2030-08-18 04:00:00,34270.51911
2030-08-18 05:00:00,33917.2409
2030-08-18 06:00:00,34079.31836
2030-08-18 07:00:00,35795.06021
2030-08-18 08:00:00,41118.29178
2030-08-18 09:00:00,44245.88026
2030-08-18 10:00:00,45795.74597
2030-08-18 11:00:00,47122.75517
2030-08-18 12:00:00,45718.50593
2030-08-18 13:00:00,46916.35965
2030-08-18 14:00:00,47055.64497
2030-08-18 15:00:00,46818.85993
2030-08-18 16:00:00,46564.34767
2030-08-18 17:00:00,45010.68327
2030-08-18 18:00:00,44704.25558
2030-08-18 19:00:00,44571.30141
2030-08-18 20:00:00,43710.26491
2030-08-18 21:00:00,42308.54813
2030-08-18 22:00:00,41153.74622
2030-08-18 23:00:00,39836.86687
2030-08-19 00:00:00,37846.35306
2030-08-19 01:00:00,36347.13656
2030-08-19 02:00:00,35145.48415
2030-08-19 03:00:00,34333.83062
2030-08-19 04:00:00,33779.22181
2030-08-19 05:00:00,33444.93705
2030-08-19 06:00:00,33722.24145
2030-08-19 07:00:00,35407.59379
2030-08-19 08:00:00,40927.09103
2030-08-19 09:00:00,44155.97792
2030-08-19 10:00:00,45628.60359
2030-08-19 11:00:00,46954.34656
2030-08-19 12:00:00,45995.81033
2030-08-19 13:00:00,47362.07267
2030-08-19 14:00:00,47886.29195
2030-08-19 15:00:00,47529.21505
2030-08-19 16:00:00,47018.9243
2030-08-19 17:00:00,45024.6118
2030-08-19 18:00:00,44486.46399
2030-08-19 19:00:00,44400.36034
2030-08-19 20:00:00,43625.42748
2030-08-19 21:00:00,42518.74233
2030-08-19 22:00:00,41508.29067
2030-08-19 23:00:00,40475.04686
2030-08-20 00:00:00,38513.65635
2030-08-20 01:00:00,37052.42676
2030-08-20 02:00:00,35696.29426
2030-08-20 03:00:00,34671.91407
2030-08-20 04:00:00,34033.73407
2030-08-20 05:00:00,33509.51479
2030-08-20 06:00:00,33101.78868
2030-08-20 07:00:00,33708.31292
2030-08-20 08:00:00,35941.94291
2030-08-20 09:00:00,38156.57945
2030-08-20 10:00:00,39521.57556
2030-08-20 11:00:00,41174.00591
2030-08-20 12:00:00,41541.21265
2030-08-20 13:00:00,42706.14439
2030-08-20 14:00:00,42803.64412
2030-08-20 15:00:00,42321.21043
2030-08-20 16:00:00,41913.48432
2030-08-20 17:00:00,41325.95353
2030-08-20 18:00:00,41536.14773
2030-08-20 19:00:00,41984.39321
2030-08-20 20:00:00,41672.90059
2030-08-20 21:00:00,41192.99936
2030-08-20 22:00:00,40219.26837
2030-08-20 23:00:00,38892.25917
2030-08-21 00:00:00,37239.82882
2030-08-21 01:00:00,35712.75525
2030-08-21 02:00:00,34552.88843
2030-08-21 03:00:00,33531.0407
2030-08-21 04:00:00,32713.05602
2030-08-21 05:00:00,32191.3692
2030-08-21 06:00:00,31707.66928
2030-08-21 07:00:00,32210.36265
2030-08-21 08:00:00,33639.93649
2030-08-21 09:00:00,35115.09462
2030-08-21 10:00:00,36516.8114
2030-08-21 11:00:00,38089.46925
2030-08-21 12:00:00,39173.36226
2030-08-21 13:00:00,39916.63936
2030-08-21 14:00:00,40196.47623
2030-08-21 15:00:00,40076.18436
2030-08-21 16:00:00,39971.08726
2030-08-21 17:00:00,39955.8925
2030-08-21 18:00:00,40490.24162
2030-08-21 19:00:00,41313.29122
2030-08-21 20:00:00,41476.63491
2030-08-21 21:00:00,41196.79805
2030-08-21 22:00:00,39959.69119
2030-08-21 23:00:00,38564.30556
2030-08-22 00:00:00,36732.07053
2030-08-22 01:00:00,35146.75038
2030-08-22 02:00:00,33971.68879
2030-08-22 03:00:00,33160.03526
2030-08-22 04:00:00,32519.32281
2030-08-22 05:00:00,32348.38174
2030-08-22 06:00:00,32576.30316
2030-08-22 07:00:00,34680.77768
2030-08-22 08:00:00,41047.38289
2030-08-22 09:00:00,44581.43125
2030-08-22 10:00:00,46340.22493
2030-08-22 11:00:00,47752.07156
2030-08-22 12:00:00,47292.43001
2030-08-22 13:00:00,49239.89199
2030-08-22 14:00:00,49854.01361
2030-08-22 15:00:00,49520.99508
2030-08-22 16:00:00,48934.73052
2030-08-22 17:00:00,47061.97612
2030-08-22 18:00:00,46455.45188
2030-08-22 19:00:00,46626.39295
2030-08-22 20:00:00,45908.44045
2030-08-22 21:00:00,44796.69038
2030-08-22 22:00:00,43584.90812
2030-08-22 23:00:00,42151.53559
2030-08-23 00:00:00,40048.3273
2030-08-23 01:00:00,38279.40378
2030-08-23 02:00:00,37000.51132
2030-08-23 03:00:00,36030.57902
2030-08-23 04:00:00,35353.14589
2030-08-23 05:00:00,34883.3745
2030-08-23 06:00:00,34921.36141
2030-08-23 07:00:00,36662.42787
2030-08-23 08:00:00,42380.72324
2030-08-23 09:00:00,45907.17422
2030-08-23 10:00:00,47435.51402
2030-08-23 11:00:00,48981.58104
2030-08-23 12:00:00,48107.88223
2030-08-23 13:00:00,49583.04036
2030-08-23 14:00:00,50174.36984
2030-08-23 15:00:00,49699.53353
2030-08-23 16:00:00,49027.16532
2030-08-23 17:00:00,47034.11906
2030-08-23 18:00:00,46508.63354
2030-08-23 19:00:00,46585.87358
2030-08-23 20:00:00,45973.01819
2030-08-23 21:00:00,44937.24192
2030-08-23 22:00:00,43793.8361
2030-08-23 23:00:00,42516.20987
2030-08-24 00:00:00,40391.47567
2030-08-24 01:00:00,38960.6356
2030-08-24 02:00:00,37604.5031
2030-08-24 03:00:00,36497.81795
2030-08-24 04:00:00,35658.30736
2030-08-24 05:00:00,35194.86712
2030-08-24 06:00:00,35335.41867
2030-08-24 07:00:00,36976.45295
2030-08-24 08:00:00,42725.13785
2030-08-24 09:00:00,46401.00398
2030-08-24 10:00:00,48043.30449
2030-08-24 11:00:00,49621.02726
2030-08-24 12:00:00,48692.88056
2030-08-24 13:00:00,49793.23456
2030-08-24 14:00:00,49618.4948
2030-08-24 15:00:00,49123.39881
2030-08-24 16:00:00,48357.32957
2030-08-24 17:00:00,46314.90033
2030-08-24 18:00:00,45821.07057
2030-08-24 19:00:00,45874.25224
2030-08-24 20:00:00,45250.00077
2030-08-24 21:00:00,44314.25669
2030-08-24 22:00:00,43127.79903
2030-08-24 23:00:00,41941.34138
2030-08-25 00:00:00,39962.22365
2030-08-25 01:00:00,38231.28703
2030-08-25 02:00:00,37000.51132
2030-08-25 03:00:00,35902.68978
2030-08-25 04:00:00,35222.72419
2030-08-25 05:00:00,34664.31669
2030-08-25 06:00:00,34640.25831
2030-08-25 07:00:00,36074.89708
2030-08-25 08:00:00,41485.49853
2030-08-25 09:00:00,45624.8049
2030-08-25 10:00:00,47098.6968
2030-08-25 11:00:00,48677.6858
2030-08-25 12:00:00,47987.59036
2030-08-25 13:00:00,49505.80032
2030-08-25 14:00:00,49999.63008
2030-08-25 15:00:00,49324.72941
2030-08-25 16:00:00,48490.28374
2030-08-25 17:00:00,46055.32315
2030-08-25 18:00:00,45338.63688
2030-08-25 19:00:00,45279.12407
2030-08-25 20:00:00,44513.05482
2030-08-25 21:00:00,43522.86284
2030-08-25 22:00:00,42374.39209
2030-08-25 23:00:00,41309.49253
2030-08-26 00:00:00,39108.78453
2030-08-26 01:00:00,37595.63949
2030-08-26 02:00:00,36482.62319
2030-08-26 03:00:00,35383.53541
2030-08-26 04:00:00,34587.07665
2030-08-26 05:00:00,34119.83772
2030-08-26 06:00:00,34226.20105
2030-08-26 07:00:00,35871.03402
2030-08-26 08:00:00,41780.53015
2030-08-26 09:00:00,44972.69637
2030-08-26 10:00:00,45962.88835
2030-08-26 11:00:00,47572.26687
2030-08-26 12:00:00,47441.84517
2030-08-26 13:00:00,49093.00929
2030-08-26 14:00:00,49556.44952
2030-08-26 15:00:00,49166.45064
2030-08-26 16:00:00,48566.25754
2030-08-26 17:00:00,46526.36077
2030-08-26 18:00:00,45656.46065
2030-08-26 19:00:00,45607.07768
2030-08-26 20:00:00,44932.177
2030-08-26 21:00:00,43945.78371
2030-08-26 22:00:00,43007.50717
2030-08-26 23:00:00,41767.86785
2030-08-27 00:00:00,39958.42496
2030-08-27 01:00:00,38455.40977
2030-08-27 02:00:00,37127.13434
2030-08-27 03:00:00,35914.08585
2030-08-27 04:00:00,35082.17264
2030-08-27 05:00:00,34544.02482
2030-08-27 06:00:00,33986.88356
2030-08-27 07:00:00,34697.23867
2030-08-27 08:00:00,36972.65426
2030-08-27 09:00:00,39023.94711
2030-08-27 10:00:00,40312.9694
2030-08-27 11:00:00,42433.90491
2030-08-27 12:00:00,43179.71447
2030-08-27 13:00:00,44300.32816
2030-08-27 14:00:00,44662.46998
2030-08-27 15:00:00,44285.1334
2030-08-27 16:00:00,43325.33094
2030-08-27 17:00:00,42601.04729
2030-08-27 18:00:00,42593.44991
2030-08-27 19:00:00,42887.21531
2030-08-27 20:00:00,42765.65721
2030-08-27 21:00:00,42471.89181
2030-08-27 22:00:00,41444.97916
2030-08-27 23:00:00,40076.18436
2030-08-28 00:00:00,38378.16973
2030-08-28 01:00:00,36762.46005
2030-08-28 02:00:00,35573.46994
2030-08-28 03:00:00,34473.11593
2030-08-28 04:00:00,33824.8061
2030-08-28 05:00:00,33224.613
2030-08-28 06:00:00,32548.4461
2030-08-28 07:00:00,32914.38661
2030-08-28 08:00:00,34079.31836
2030-08-28 09:00:00,35658.30736
2030-08-28 10:00:00,37318.33509
2030-08-28 11:00:00,38903.65524
2030-08-28 12:00:00,40138.22964
2030-08-28 13:00:00,40383.87829
2030-08-28 14:00:00,39662.1271
2030-08-28 15:00:00,38985.9602
2030-08-28 16:00:00,38395.89695
2030-08-28 17:00:00,38801.0906
2030-08-28 18:00:00,39601.34806
2030-08-28 19:00:00,40107.84012
2030-08-28 20:00:00,40459.8521
2030-08-28 21:00:00,39922.97052
2030-08-28 22:00:00,38922.64869
2030-08-28 23:00:00,37348.72461
2030-08-29 00:00:00,35741.87855
2030-08-29 01:00:00,34416.13558
2030-08-29 02:00:00,33353.76848
2030-08-29 03:00:00,32686.46519
2030-08-29 04:00:00,31990.0386
2030-08-29 05:00:00,31746.92241
2030-08-29 06:00:00,32315.45975
2030-08-29 07:00:00,34078.05213
2030-08-29 08:00:00,39393.68631
2030-08-29 09:00:00,44293.99701
2030-08-29 10:00:00,45836.26533
2030-08-29 11:00:00,47360.80644
2030-08-29 12:00:00,46584.60735
2030-08-29 13:00:00,48114.21338
2030-08-29 14:00:00,48851.15933
2030-08-29 15:00:00,48480.15389
2030-08-29 16:00:00,47610.25378
2030-08-29 17:00:00,45774.22006
2030-08-29 18:00:00,45488.05204
2030-08-29 19:00:00,45082.85839
2030-08-29 20:00:00,44424.41871
2030-08-29 21:00:00,43367.11653
2030-08-29 22:00:00,42002.12043
2030-08-29 23:00:00,40580.14397
2030-08-30 00:00:00,38373.10481
2030-08-30 01:00:00,36837.16763
2030-08-30 02:00:00,35544.34664
2030-08-30 03:00:00,34663.05046
2030-08-30 04:00:00,34104.64296
2030-08-30 05:00:00,33708.31292
2030-08-30 06:00:00,33831.13725
2030-08-30 07:00:00,35627.91783
2030-08-30 08:00:00,41420.92079
2030-08-30 09:00:00,44939.77438
2030-08-30 10:00:00,46219.93307
2030-08-30 11:00:00,47836.90898
2030-08-30 12:00:00,46870.77537
2030-08-30 13:00:00,48568.79
2030-08-30 14:00:00,48906.87346
2030-08-30 15:00:00,48435.83584
2030-08-30 16:00:00,47492.49437
2030-08-30 17:00:00,45961.62212
2030-08-30 18:00:00,45821.07057
2030-08-30 19:00:00,45656.46065
2030-08-30 20:00:00,44811.88514
2030-08-30 21:00:00,43464.61626
2030-08-30 22:00:00,41871.69872
2030-08-30 23:00:00,40390.20944
2030-08-31 00:00:00,38297.131
2030-08-31 01:00:00,36687.75247
2030-08-31 02:00:00,35393.66526
2030-08-31 03:00:00,34663.05046
2030-08-31 04:00:00,34098.31181
2030-08-31 05:00:00,33736.16998
2030-08-31 06:00:00,33991.94848
2030-08-31 07:00:00,35463.30791
2030-08-31 08:00:00,41239.84988
2030-08-31 09:00:00,45008.15081
2030-08-31 10:00:00,46232.59537
2030-08-31 11:00:00,47622.91608
2030-08-31 12:00:00,46715.02906
2030-08-31 13:00:00,48475.08897
2030-08-31 14:00:00,49113.26897
2030-08-31 15:00:00,48758.72453
2030-08-31 16:00:00,47942.00608
2030-08-31 17:00:00,46240.19275
2030-08-31 18:00:00,46000.87525
2030-08-31 19:00:00,45903.37553
2030-08-31 20:00:00,45063.86494
2030-08-31 21:00:00,43877.40729
2030-08-31 22:00:00,42176.86019
2030-08-31 23:00:00,40653.58531
2030-09-01 00:00:00,38730.18171
2030-09-01 01:00:00,37192.9783
2030-09-01 02:00:00,36049.57248
2030-09-01 03:00:00,35122.692
2030-09-01 04:00:00,34449.05756
2030-09-01 05:00:00,34052.72752
2030-09-01 06:00:00,34061.59113
2030-09-01 07:00:00,35513.95712
2030-09-01 08:00:00,41009.39599
2030-09-01 09:00:00,44017.95883
2030-09-01 10:00:00,45329.77327
2030-09-01 11:00:00,46399.73775
2030-09-01 12:00:00,45027.14427
2030-09-01 13:00:00,46323.76394
2030-09-01 14:00:00,46630.19164
2030-09-01 15:00:00,46127.49827
2030-09-01 16:00:00,45255.06569
2030-09-01 17:00:00,43700.13506
2030-09-01 18:00:00,43226.56499
2030-09-01 19:00:00,43025.23439
2030-09-01 20:00:00,41886.89348
2030-09-01 21:00:00,40505.43639
2030-09-01 22:00:00,39142.97274
2030-09-01 23:00:00,37885.6062
2030-09-02 00:00:00,35748.2097
2030-09-02 01:00:00,34511.10284
2030-09-02 02:00:00,33637.40403
2030-09-02 03:00:00,32946.04237
2030-09-02 04:00:00,32447.14769
2030-09-02 05:00:00,32353.44666
2030-09-02 06:00:00,32711.78979
2030-09-02 07:00:00,33726.04014
2030-09-02 08:00:00,38460.47469
2030-09-02 09:00:00,41505.75821
2030-09-02 10:00:00,42098.35392
2030-09-02 11:00:00,42830.23495
2030-09-02 12:00:00,41452.57654
2030-09-02 13:00:00,42501.01511
2030-09-02 14:00:00,43501.33693
2030-09-02 15:00:00,43413.96705
2030-09-02 16:00:00,43303.80503
2030-09-02 17:00:00,42086.95785
2030-09-02 18:00:00,41740.01079
2030-09-02 19:00:00,41518.42051
2030-09-02 20:00:00,40716.89682
2030-09-02 21:00:00,39526.64048
2030-09-02 22:00:00,38480.73437
2030-09-02 23:00:00,37243.62751
2030-09-03 00:00:00,35695.02803
2030-09-03 01:00:00,34451.59002
2030-09-03 02:00:00,33425.9436
2030-09-03 03:00:00,32851.07511
2030-09-03 04:00:00,32400.29717
2030-09-03 05:00:00,32066.01241
2030-09-03 06:00:00,32053.35011
2030-09-03 07:00:00,32573.7707
2030-09-03 08:00:00,34528.83006
2030-09-03 09:00:00,36135.67613
2030-09-03 10:00:00,37467.75025
2030-09-03 11:00:00,38105.93025
2030-09-03 12:00:00,37717.19759
2030-09-03 13:00:00,38055.28104
2030-09-03 14:00:00,38294.59854
2030-09-03 15:00:00,38299.66346
2030-09-03 16:00:00,38487.06552
2030-09-03 17:00:00,38349.04643
2030-09-03 18:00:00,38864.40211
2030-09-03 19:00:00,39017.61596
2030-09-03 20:00:00,38644.07806
2030-09-03 21:00:00,37979.30723
2030-09-03 22:00:00,36653.56426
2030-09-03 23:00:00,35430.38593
2030-09-04 00:00:00,34052.72752
2030-09-04 01:00:00,32828.28296
2030-09-04 02:00:00,31732.99388
2030-09-04 03:00:00,30949.19742
2030-09-04 04:00:00,30583.2569
2030-09-04 05:00:00,30343.9394
2030-09-04 06:00:00,30294.55643
2030-09-04 07:00:00,30694.68516
2030-09-04 08:00:00,31602.57218
2030-09-04 09:00:00,32692.79634
2030-09-04 10:00:00,33679.18963
2030-09-04 11:00:00,34784.60855
2030-09-04 12:00:00,35030.2572
2030-09-04 13:00:00,35612.72307
2030-09-04 14:00:00,35581.06732
2030-09-04 15:00:00,35643.1126
2030-09-04 16:00:00,35843.17696
2030-09-04 17:00:00,36559.86323
2030-09-04 18:00:00,37529.79553
2030-09-04 19:00:00,37699.47037
2030-09-04 20:00:00,37784.30779
2030-09-04 21:00:00,37261.35473
2030-09-04 22:00:00,36178.72795
2030-09-04 23:00:00,34666.84915
2030-09-05 00:00:00,33308.18419
2030-09-05 01:00:00,31940.65563
2030-09-05 02:00:00,31199.91099
2030-09-05 03:00:00,30495.88702
2030-09-05 04:00:00,30189.45932
2030-09-05 05:00:00,30273.03051
2030-09-05 06:00:00,30915.0092
2030-09-05 07:00:00,32999.22404
2030-09-05 08:00:00,37431.02957
2030-09-05 09:00:00,41888.15971
2030-09-05 10:00:00,43389.90868
2030-09-05 11:00:00,45039.80657
2030-09-05 12:00:00,44306.65931
2030-09-05 13:00:00,45852.72633
2030-09-05 14:00:00,46573.21128
2030-09-05 15:00:00,46425.06235
2030-09-05 16:00:00,45989.47918
2030-09-05 17:00:00,44293.99701
2030-09-05 18:00:00,43928.05649
2030-09-05 19:00:00,43745.71935
2030-09-05 20:00:00,42731.469
2030-09-05 21:00:00,41504.49198
2030-09-05 22:00:00,40220.5346
2030-09-05 23:00:00,38858.07096
2030-09-06 00:00:00,36986.58279
2030-09-06 01:00:00,35612.72307
2030-09-06 02:00:00,34459.1874
2030-09-06 03:00:00,33694.38439
2030-09-06 04:00:00,33194.22348
2030-09-06 05:00:00,32889.06201
2030-09-06 06:00:00,33162.56773
2030-09-06 07:00:00,34728.89443
2030-09-06 08:00:00,40098.97651
2030-09-06 09:00:00,42755.52737
2030-09-06 10:00:00,43492.47332
2030-09-06 11:00:00,44176.2376
2030-09-06 12:00:00,42756.7936
2030-09-06 13:00:00,44158.51038
2030-09-06 14:00:00,45114.51415
2030-09-06 15:00:00,44570.03518
2030-09-06 16:00:00,44071.1405
2030-09-06 17:00:00,42637.76797
2030-09-06 18:00:00,42702.3457
2030-09-06 19:00:00,42252.834
2030-09-06 20:00:00,41310.75876
2030-09-06 21:00:00,39973.61972
2030-09-06 22:00:00,38839.0775
2030-09-06 23:00:00,37504.47092
2030-09-07 00:00:00,35879.89763
2030-09-07 01:00:00,34574.41435
2030-09-07 02:00:00,33594.35221
2030-09-07 03:00:00,32971.36697
2030-09-07 04:00:00,32493.9982
2030-09-07 05:00:00,32448.41392
2030-09-07 06:00:00,33024.54864
2030-09-07 07:00:00,34573.14812
2030-09-07 08:00:00,39696.31532
2030-09-07 09:00:00,42598.51483
2030-09-07 10:00:00,43854.61514
2030-09-07 11:00:00,44913.18355
2030-09-07 12:00:00,43161.98725
2030-09-07 13:00:00,44329.45145
2030-09-07 14:00:00,45494.38319
2030-09-07 15:00:00,44658.67129
2030-09-07 16:00:00,43633.02487
2030-09-07 17:00:00,42133.80836
2030-09-07 18:00:00,41997.05551
2030-09-07 19:00:00,41389.26503
2030-09-07 20:00:00,40767.54603
2030-09-07 21:00:00,39592.48445
2030-09-07 22:00:00,38540.24719
2030-09-07 23:00:00,37352.5233
2030-09-08 00:00:00,35588.6647
2030-09-08 01:00:00,34232.5322
2030-09-08 02:00:00,33177.76249
2030-09-08 03:00:00,32695.3288
2030-09-08 04:00:00,31919.12971
2030-09-08 05:00:00,31795.03916
2030-09-08 06:00:00,32172.37574
2030-09-08 07:00:00,33836.20217
2030-09-08 08:00:00,38847.94112
2030-09-08 09:00:00,41860.30265
2030-09-08 10:00:00,42887.21531
2030-09-08 11:00:00,43570.97959
2030-09-08 12:00:00,42352.86618
2030-09-08 13:00:00,43854.61514
2030-09-08 14:00:00,44352.24359
2030-09-08 15:00:00,43973.64078
2030-09-08 16:00:00,43348.12308
2030-09-08 17:00:00,41555.14118
2030-09-08 18:00:00,41081.57111
2030-09-08 19:00:00,40608.00103
2030-09-08 20:00:00,39720.37369
2030-09-08 21:00:00,38650.40921
2030-09-08 22:00:00,37807.09993
2030-09-08 23:00:00,36875.15454
2030-09-09 00:00:00,35458.24299
2030-09-09 01:00:00,34076.7859
2030-09-09 02:00:00,32957.43844
2030-09-09 03:00:00,32147.05114
2030-09-09 04:00:00,31467.08555
2030-09-09 05:00:00,31065.69059
2030-09-09 06:00:00,30854.23015
2030-09-09 07:00:00,31269.55365
2030-09-09 08:00:00,32594.03039
2030-09-09 09:00:00,33940.03304
2030-09-09 10:00:00,35120.15954
2030-09-09 11:00:00,36007.78688
2030-09-09 12:00:00,36066.03347
2030-09-09 13:00:00,36577.59045
2030-09-09 14:00:00,37293.01049
2030-09-09 15:00:00,37067.62152
2030-09-09 16:00:00,36761.19382
2030-09-09 17:00:00,36331.9418
2030-09-09 18:00:00,36405.38315
2030-09-09 19:00:00,36159.7345
2030-09-09 20:00:00,35929.28061
2030-09-09 21:00:00,35455.71053
2030-09-09 22:00:00,35145.48415
2030-09-09 23:00:00,34516.16776
2030-09-10 00:00:00,33196.75594
2030-09-10 01:00:00,32163.51213
2030-09-10 02:00:00,31175.85261
2030-09-10 03:00:00,30373.0627
2030-09-10 04:00:00,29801.9929
2030-09-10 05:00:00,29466.44191
2030-09-10 06:00:00,29355.01365
2030-09-10 07:00:00,29628.51937
2030-09-10 08:00:00,30636.43857
2030-09-10 09:00:00,32101.46686
2030-09-10 10:00:00,33361.36586
2030-09-10 11:00:00,34356.62276
2030-09-10 12:00:00,34697.23867
2030-09-10 13:00:00,34840.32268
2030-09-10 14:00:00,35040.38704
2030-09-10 15:00:00,34912.4978
2030-09-10 16:00:00,34654.18685
2030-09-10 17:00:00,34547.82351
2030-09-10 18:00:00,34994.80276
2030-09-10 19:00:00,34807.40069
2030-09-10 20:00:00,34582.01173
2030-09-10 21:00:00,34326.23324
2030-09-10 22:00:00,33912.17598
2030-09-10 23:00:00,33132.1782
2030-09-11 00:00:00,32115.39539
2030-09-11 01:00:00,30932.73642
2030-09-11 02:00:00,29984.33004
2030-09-11 03:00:00,29311.96183
2030-09-11 04:00:00,28958.68361
2030-09-11 05:00:00,28835.85929
2030-09-11 06:00:00,28563.61981
2030-09-11 07:00:00,28775.08024
2030-09-11 08:00:00,29712.09056
2030-09-11 09:00:00,31149.26178
2030-09-11 10:00:00,32628.2186
2030-09-11 11:00:00,33576.62499
2030-09-11 12:00:00,33610.8132
2030-09-11 13:00:00,33766.55951
2030-09-11 14:00:00,33815.94248
2030-09-11 15:00:00,33896.98121
2030-09-11 16:00:00,34460.45363
2030-09-11 17:00:00,35115.09462
2030-09-11 18:00:00,36055.90363
2030-09-11 19:00:00,36192.65648
2030-09-11 20:00:00,36230.64339
2030-09-11 21:00:00,35773.5343
2030-09-11 22:00:00,34517.43399
2030-09-11 23:00:00,33096.72376
2030-09-12 00:00:00,31762.11718
2030-09-12 01:00:00,30469.29619
2030-09-12 02:00:00,29828.58373
2030-09-12 03:00:00,29282.83853
2030-09-12 04:00:00,29115.69615
2030-09-12 05:00:00,29282.83853
2030-09-12 06:00:00,29971.66774
2030-09-12 07:00:00,31990.0386
2030-09-12 08:00:00,37807.09993
2030-09-12 09:00:00,41008.12976
2030-09-12 10:00:00,41779.26392
2030-09-12 11:00:00,42616.24205
2030-09-12 12:00:00,41314.55745
2030-09-12 13:00:00,42292.08713
2030-09-12 14:00:00,43089.81213
2030-09-12 15:00:00,42987.24749
2030-09-12 16:00:00,42566.85908
2030-09-12 17:00:00,41362.6742
2030-09-12 18:00:00,40933.42218
2030-09-12 19:00:00,40323.09924
2030-09-12 20:00:00,39531.7054
2030-09-12 21:00:00,38361.70874
2030-09-12 22:00:00,37138.53041
2030-09-12 23:00:00,36036.91017
2030-09-13 00:00:00,34470.58347
2030-09-13 01:00:00,33257.53499
2030-09-13 02:00:00,32320.52467
2030-09-13 03:00:00,31603.83841
2030-09-13 04:00:00,31413.90388
2030-09-13 05:00:00,31496.20884
2030-09-13 06:00:00,31972.31138
2030-09-13 07:00:00,33496.85249
2030-09-13 08:00:00,38432.61762
2030-09-13 09:00:00,41111.96063
2030-09-13 10:00:00,42004.65289
2030-09-13 11:00:00,42544.06693
2030-09-13 12:00:00,41082.83734
2030-09-13 13:00:00,42422.50884
2030-09-13 14:00:00,43025.23439
2030-09-13 15:00:00,42918.87106
2030-09-13 16:00:00,42853.02709
2030-09-13 17:00:00,41598.19301
2030-09-13 18:00:00,41441.18047
2030-09-13 19:00:00,40863.77952
2030-09-13 20:00:00,40015.40532
2030-09-13 21:00:00,38856.80473
2030-09-13 22:00:00,37722.26251
2030-09-13 23:00:00,36615.57735
2030-09-14 00:00:00,36582.65537
2030-09-14 01:00:00,35248.04879
2030-09-14 02:00:00,34170.48693
2030-09-14 03:00:00,33349.96979
2030-09-14 04:00:00,32775.1013
2030-09-14 05:00:00,33851.39693
2030-09-14 06:00:00,34236.3309
2030-09-14 07:00:00,35786.1966
2030-09-14 08:00:00,41685.56289
2030-09-14 09:00:00,41780.53015
2030-09-14 10:00:00,42480.75543
2030-09-14 11:00:00,43322.79848
2030-09-14 12:00:00,41980.59452
2030-09-14 13:00:00,43498.80447
2030-09-14 14:00:00,44309.19177
2030-09-14 15:00:00,44225.62058
2030-09-14 16:00:00,43996.43292
2030-09-14 17:00:00,42436.43737
2030-09-14 18:00:00,42357.9311
2030-09-14 19:00:00,41818.51706
2030-09-14 20:00:00,40914.42873
2030-09-14 21:00:00,39822.93833
2030-09-14 22:00:00,38644.07806
2030-09-14 23:00:00,37368.9843
2030-09-15 00:00:00,35616.52176
2030-09-15 01:00:00,34265.45419
2030-09-15 02:00:00,33263.86614
2030-09-15 03:00:00,32559.84217
2030-09-15 04:00:00,32006.49959
2030-09-15 05:00:00,31915.33102
2030-09-15 06:00:00,32247.08332
2030-09-15 07:00:00,33864.05923
2030-09-15 08:00:00,38954.30445
2030-09-15 09:00:00,41638.71237
2030-09-15 10:00:00,42784.65066
2030-09-15 11:00:00,44035.68605
2030-09-15 12:00:00,42889.74777
2030-09-15 13:00:00,44359.84097
2030-09-15 14:00:00,45191.75419
2030-09-15 15:00:00,44791.62546
2030-09-15 16:00:00,44496.59383
2030-09-15 17:00:00,43098.67574
2030-09-15 18:00:00,42859.35824
2030-09-15 19:00:00,42461.76197
2030-09-15 20:00:00,41569.06972
2030-09-15 21:00:00,40476.31309
2030-09-15 22:00:00,39224.01147
2030-09-15 23:00:00,37791.90517
2030-09-16 00:00:00,35810.25498
2030-09-16 01:00:00,34494.64185
2030-09-16 02:00:00,33471.52788
2030-09-16 03:00:00,32680.13404
2030-09-16 04:00:00,32050.81765
2030-09-16 05:00:00,32055.88257
2030-09-16 06:00:00,32345.84928
2030-09-16 07:00:00,33929.9032
2030-09-16 08:00:00,38950.50576
2030-09-16 09:00:00,42156.60051
2030-09-16 10:00:00,43188.57808
2030-09-16 11:00:00,44102.79625
2030-09-16 12:00:00,42721.33916
2030-09-16 13:00:00,44263.60748
2030-09-16 14:00:00,44961.3003
2030-09-16 15:00:00,44752.37232
2030-09-16 16:00:00,44339.58129
2030-09-16 17:00:00,42673.22241
2030-09-16 18:00:00,42355.39864
2030-09-16 19:00:00,41845.10789
2030-09-16 20:00:00,40862.51329
2030-09-16 21:00:00,39800.14619
2030-09-16 22:00:00,38903.65524
2030-09-16 23:00:00,37905.86588
2030-09-17 00:00:00,36093.89053
2030-09-17 01:00:00,34417.40181
2030-09-17 02:00:00,33429.74229
2030-09-17 03:00:00,32738.38062
2030-09-17 04:00:00,31927.99333
2030-09-17 05:00:00,31759.58471
2030-09-17 06:00:00,31289.81333
2030-09-17 07:00:00,31971.04515
2030-09-17 08:00:00,34016.00685
2030-09-17 09:00:00,35960.93636
2030-09-17 10:00:00,37276.54949
2030-09-17 11:00:00,38555.44195
2030-09-17 12:00:00,38620.01969
2030-09-17 13:00:00,39346.8358
2030-09-17 14:00:00,39413.94599
2030-09-17 15:00:00,39211.34917
2030-09-17 16:00:00,39188.55703
2030-09-17 17:00:00,38597.22754
2030-09-17 18:00:00,38950.50576
2030-09-17 19:00:00,38932.77854
2030-09-17 20:00:00,38599.76001
2030-09-17 21:00:00,38046.41743
2030-09-17 22:00:00,36475.02581
2030-09-17 23:00:00,35413.92494
2030-09-18 00:00:00,33890.65006
2030-09-18 01:00:00,32670.0042
2030-09-18 02:00:00,31682.34468
2030-09-18 03:00:00,31020.10631
2030-09-18 04:00:00,30584.52313
2030-09-18 05:00:00,30352.80301
2030-09-18 06:00:00,30000.79103
2030-09-18 07:00:00,30003.32349
2030-09-18 08:00:00,31326.534
2030-09-18 09:00:00,32789.02983
2030-09-18 10:00:00,34119.83772
2030-09-18 11:00:00,35482.30137
2030-09-18 12:00:00,35958.4039
2030-09-18 13:00:00,36458.56482
2030-09-18 14:00:00,36585.18783
2030-09-18 15:00:00,36082.49446
2030-09-18 16:00:00,35949.54029
2030-09-18 17:00:00,36464.89597
2030-09-18 18:00:00,37370.25053
2030-09-18 19:00:00,37719.73005
2030-09-18 20:00:00,37809.63239
2030-09-18 21:00:00,37282.88065
2030-09-18 22:00:00,36104.02037
2030-09-18 23:00:00,34583.27796
2030-09-19 00:00:00,33039.7434
2030-09-19 01:00:00,31708.93551
2030-09-19 02:00:00,30761.79535
2030-09-19 03:00:00,29894.4277
2030-09-19 04:00:00,29652.57774
2030-09-19 05:00:00,29638.64921
2030-09-19 06:00:00,30271.76428
2030-09-19 07:00:00,32197.70035
2030-09-19 08:00:00,37750.11957
2030-09-19 09:00:00,41170.20722
2030-09-19 10:00:00,42568.12531
2030-09-19 11:00:00,43941.98502
2030-09-19 12:00:00,42656.76142
2030-09-19 13:00:00,44343.37998
2030-09-19 14:00:00,44727.04772
2030-09-19 15:00:00,44296.52947
2030-09-19 16:00:00,43803.96594
2030-09-19 17:00:00,42402.24916
2030-09-19 18:00:00,42547.86562
2030-09-19 19:00:00,41838.77674
2030-09-19 20:00:00,40908.09758
2030-09-19 21:00:00,39716.575
2030-09-19 22:00:00,38463.00715
2030-09-19 23:00:00,37153.72517
2030-09-20 00:00:00,35113.82839
2030-09-20 01:00:00,34128.70133
2030-09-20 02:00:00,33080.26277
2030-09-20 03:00:00,32400.29717
2030-09-20 04:00:00,31826.69491
2030-09-20 05:00:00,31638.02662
2030-09-20 06:00:00,32005.23336
2030-09-20 07:00:00,33496.85249
2030-09-20 08:00:00,37320.86755
2030-09-20 09:00:00,39513.97818
2030-09-20 10:00:00,41937.54269
2030-09-20 11:00:00,42802.37789
2030-09-20 12:00:00,41327.21976
2030-09-20 13:00:00,42601.04729
2030-09-20 14:00:00,43183.51316
2030-09-20 15:00:00,43103.74066
2030-09-20 16:00:00,42801.11165
2030-09-20 17:00:00,41229.72003
2030-09-20 18:00:00,41066.37634
2030-09-20 19:00:00,40249.6579
2030-09-20 20:00:00,39261.99838
2030-09-20 21:00:00,38095.8004
2030-09-20 22:00:00,37018.23854
2030-09-20 23:00:00,35854.57303
2030-09-21 00:00:00,33974.22125
2030-09-21 01:00:00,32852.34134
2030-09-21 02:00:00,31898.87003
2030-09-21 03:00:00,31125.20341
2030-09-21 04:00:00,30704.815
2030-09-21 05:00:00,30776.99012
2030-09-21 06:00:00,31132.80079
2030-09-21 07:00:00,32420.55686
2030-09-21 08:00:00,36995.4464
2030-09-21 09:00:00,39915.37313
2030-09-21 10:00:00,41065.11011
2030-09-21 11:00:00,42268.02876
2030-09-21 12:00:00,41072.7075
2030-09-21 13:00:00,42742.86507
2030-09-21 14:00:00,43486.14217
2030-09-21 15:00:00,43349.38931
2030-09-21 16:00:00,42910.00745
2030-09-21 17:00:00,41225.92134
2030-09-21 18:00:00,41061.31142
2030-09-21 19:00:00,40506.70262
2030-09-21 20:00:00,39636.8025
2030-09-21 21:00:00,38485.79929
2030-09-21 22:00:00,37370.25053
2030-09-21 23:00:00,36036.91017
2030-09-22 00:00:00,34380.68113
2030-09-22 01:00:00,32910.58792
2030-09-22 02:00:00,32185.03805
2030-09-22 03:00:00,31439.22849
2030-09-22 04:00:00,31179.6513
2030-09-22 05:00:00,31183.44999
2030-09-22 06:00:00,31569.65019
2030-09-22 07:00:00,33284.12582
2030-09-22 08:00:00,38126.18993
2030-09-22 09:00:00,40891.63658
2030-09-22 10:00:00,41684.29666
2030-09-22 11:00:00,42604.84598
2030-09-22 12:00:00,41258.84333
2030-09-22 13:00:00,42663.09257
2030-09-22 14:00:00,43222.7663
2030-09-22 15:00:00,42934.06582
2030-09-22 16:00:00,42593.44991
2030-09-22 17:00:00,40952.41563
2030-09-22 18:00:00,40862.51329
2030-09-22 19:00:00,40136.96341
2030-09-22 20:00:00,39207.55048
2030-09-22 21:00:00,38040.08628
2030-09-22 22:00:00,37118.27073
2030-09-22 23:00:00,36014.11803
2030-09-23 00:00:00,34195.81153
2030-09-23 01:00:00,32948.57483
2030-09-23 02:00:00,31902.66872
2030-09-23 03:00:00,31116.3398
2030-09-23 04:00:00,30892.21706
2030-09-23 05:00:00,30803.58095
2030-09-23 06:00:00,31191.04738
2030-09-23 07:00:00,32815.62066
2030-09-23 08:00:00,37612.10049
2030-09-23 09:00:00,40252.19036
2030-09-23 10:00:00,41205.66166
2030-09-23 11:00:00,42340.20388
2030-09-23 12:00:00,41025.85698
2030-09-23 13:00:00,42542.8007
2030-09-23 14:00:00,43234.16237
2030-09-23 15:00:00,42718.80669
2030-09-23 16:00:00,42117.34737
2030-09-23 17:00:00,40328.16416
2030-09-23 18:00:00,39945.76266
2030-09-23 19:00:00,39239.20623
2030-09-23 20:00:00,38449.07862
2030-09-23 21:00:00,37338.59477
2030-09-23 22:00:00,36521.87632
2030-09-23 23:00:00,35619.05422
2030-09-24 00:00:00,33937.50058
2030-09-24 01:00:00,32843.47773
2030-09-24 02:00:00,31938.12317
2030-09-24 03:00:00,31212.57329
2030-09-24 04:00:00,30878.28853
2030-09-24 05:00:00,30560.46476
2030-09-24 06:00:00,30451.56897
2030-09-24 07:00:00,30983.38563
2030-09-24 08:00:00,32571.23824
2030-09-24 09:00:00,34295.84371
2030-09-24 10:00:00,35619.05422
2030-09-24 11:00:00,36400.31823
2030-09-24 12:00:00,36101.48791
2030-09-24 13:00:00,36920.73882
2030-09-24 14:00:00,36743.4666
2030-09-24 15:00:00,36283.82505
2030-09-24 16:00:00,36414.24676
2030-09-24 17:00:00,36329.40934
2030-09-24 18:00:00,36808.04434
2030-09-24 19:00:00,36682.68755
2030-09-24 20:00:00,36345.87033
2030-09-24 21:00:00,35830.51466
2030-09-24 22:00:00,34980.87423
2030-09-24 23:00:00,33553.83284
2030-09-25 00:00:00,32249.61578
2030-09-25 01:00:00,31166.989
2030-09-25 02:00:00,30290.75774
2030-09-25 03:00:00,29598.12984
2030-09-25 04:00:00,29253.71524
2030-09-25 05:00:00,29092.90401
2030-09-25 06:00:00,28877.64488
2030-09-25 07:00:00,29296.76707
2030-09-25 08:00:00,30330.01087
2030-09-25 09:00:00,31781.11063
2030-09-25 10:00:00,32992.89288
2030-09-25 11:00:00,33726.04014
2030-09-25 12:00:00,34084.38328
2030-09-25 13:00:00,34364.22014
2030-09-25 14:00:00,34327.49947
2030-09-25 15:00:00,34493.37562
2030-09-25 16:00:00,34671.91407
2030-09-25 17:00:00,35134.08807
2030-09-25 18:00:00,36133.14367
2030-09-25 19:00:00,36038.1764
2030-09-25 20:00:00,36107.81906
2030-09-25 21:00:00,35812.78744
2030-09-25 22:00:00,34694.70621
2030-09-25 23:00:00,33310.71665
2030-09-26 00:00:00,31953.31793
2030-09-26 01:00:00,30841.56785
2030-09-26 02:00:00,29945.0769
2030-09-26 03:00:00,29485.43536
2030-09-26 04:00:00,29134.68961
2030-09-26 05:00:00,29349.94873
2030-09-26 06:00:00,29962.80413
2030-09-26 07:00:00,32086.27209
2030-09-26 08:00:00,37739.98973
2030-09-26 09:00:00,40854.91591
2030-09-26 10:00:00,42274.35991
2030-09-26 11:00:00,43486.14217
2030-09-26 12:00:00,42449.09967
2030-09-26 13:00:00,43983.77062
2030-09-26 14:00:00,44757.43724
2030-09-26 15:00:00,44690.32704
2030-09-26 16:00:00,44368.70459
2030-09-26 17:00:00,42874.553
2030-09-26 18:00:00,42728.93654
2030-09-26 19:00:00,42038.8411
2030-09-26 20:00:00,41084.10357
2030-09-26 21:00:00,39950.82758
2030-09-26 22:00:00,38523.7862
2030-09-26 23:00:00,37175.25108
2030-09-27 00:00:00,35444.31446
2030-09-27 01:00:00,34105.90919
2030-09-27 02:00:00,32978.96435
2030-09-27 03:00:00,32249.61578
2030-09-27 04:00:00,31830.4936
2030-09-27 05:00:00,31674.74729
2030-09-27 06:00:00,31983.70745
2030-09-27 07:00:00,33608.28074
2030-09-27 08:00:00,38768.16862
2030-09-27 09:00:00,42116.08114
2030-09-27 10:00:00,43197.44169
2030-09-27 11:00:00,44339.58129
2030-09-27 12:00:00,43722.92721
2030-09-27 13:00:00,44432.01609
2030-09-27 14:00:00,45191.75419
2030-09-27 15:00:00,45138.57252
2030-09-27 16:00:00,44778.96316
2030-09-27 17:00:00,43301.27257
2030-09-27 18:00:00,43069.55245
2030-09-27 19:00:00,42271.82745
2030-09-27 20:00:00,41460.17392
2030-09-27 21:00:00,40378.81337
2030-09-27 22:00:00,39184.75834
2030-09-27 23:00:00,37770.37925
2030-09-28 00:00:00,35966.00129
2030-09-28 01:00:00,34630.12847
2030-09-28 02:00:00,33617.14435
2030-09-28 03:00:00,32783.96491
2030-09-28 04:00:00,32280.00531
2030-09-28 05:00:00,32125.52523
2030-09-28 06:00:00,32534.51757
2030-09-28 07:00:00,34221.13613
2030-09-28 08:00:00,39327.84234
2030-09-28 09:00:00,42475.69051
2030-09-28 10:00:00,43784.97248
2030-09-28 11:00:00,44825.81367
2030-09-28 12:00:00,43683.67407
2030-09-28 13:00:00,45242.40339
2030-09-28 14:00:00,46159.15402
2030-09-28 15:00:00,45966.68704
2030-09-28 16:00:00,45520.97403
2030-09-28 17:00:00,43791.30364
2030-09-28 18:00:00,43534.25891
2030-09-28 19:00:00,42888.48154
2030-09-28 20:00:00,42014.78273
2030-09-28 21:00:00,40957.48055
2030-09-28 22:00:00,39784.95143
2030-09-28 23:00:00,38599.76001
2030-09-29 00:00:00,36558.597
2030-09-29 01:00:00,35091.03625
2030-09-29 02:00:00,34065.38982
2030-09-29 03:00:00,33268.93106
2030-09-29 04:00:00,32711.78979
2030-09-29 05:00:00,32528.18642
2030-09-29 06:00:00,32827.01673
2030-09-29 07:00:00,34607.33633
2030-09-29 08:00:00,39855.86032
2030-09-29 09:00:00,42910.00745
2030-09-29 10:00:00,44291.46455
2030-09-29 11:00:00,45344.96803
2030-09-29 12:00:00,44367.43836
2030-09-29 13:00:00,45626.07113
2030-09-29 14:00:00,46336.42624
2030-09-29 15:00:00,45918.57029
2030-09-29 16:00:00,45319.64343
2030-09-29 17:00:00,43849.55022
2030-09-29 18:00:00,43824.22562
2030-09-29 19:00:00,43101.2082
2030-09-29 20:00:00,42209.78217
2030-09-29 21:00:00,41092.96718
2030-09-29 22:00:00,39888.7823
2030-09-29 23:00:00,38422.48778
2030-09-30 00:00:00,36464.89597
2030-09-30 01:00:00,35002.40014
2030-09-30 02:00:00,34075.51967
2030-09-30 03:00:00,33296.78812
2030-09-30 04:00:00,32569.97201
2030-09-30 05:00:00,32354.71289
2030-09-30 06:00:00,32642.14713
2030-09-30 07:00:00,34265.45419
2030-09-30 08:00:00,39596.28314
2030-09-30 09:00:00,42602.31352
2030-09-30 10:00:00,43969.84209
2030-09-30 11:00:00,44990.42359
2030-09-30 12:00:00,43900.19943
2030-09-30 13:00:00,45543.76617
2030-09-30 14:00:00,45957.82343
2030-09-30 15:00:00,45603.27899
2030-09-30 16:00:00,44808.08645
2030-09-30 17:00:00,42969.52027
2030-09-30 18:00:00,42812.50773
2030-09-30 19:00:00,42294.61959
2030-09-30 20:00:00,41374.07027
2030-09-30 21:00:00,40385.14452
2030-09-30 22:00:00,39451.9329
2030-09-30 23:00:00,38227.48834
2030-10-01 00:00:00,36472.49335
2030-10-01 01:00:00,35158.14645
2030-10-01 02:00:00,33997.0134
2030-10-01 03:00:00,32802.95836
2030-10-01 04:00:00,32174.90821
2030-10-01 05:00:00,31972.31138
2030-10-01 06:00:00,31650.68892
2030-10-01 07:00:00,32201.49904
2030-10-01 08:00:00,34284.44764
2030-10-01 09:00:00,36405.38315
2030-10-01 10:00:00,37980.57346
2030-10-01 11:00:00,39387.35516
2030-10-01 12:00:00,39603.88052
2030-10-01 13:00:00,40496.57278
2030-10-01 14:00:00,40695.37091
2030-10-01 15:00:00,40343.35893
2030-10-01 16:00:00,39906.50952
2030-10-01 17:00:00,39186.02457
2030-10-01 18:00:00,39684.91925
2030-10-01 19:00:00,39505.11456
2030-10-01 20:00:00,39220.21278
2030-10-01 21:00:00,38679.5325
2030-10-01 22:00:00,37600.70441
2030-10-01 23:00:00,36442.10382
2030-10-02 00:00:00,34906.16665
2030-10-02 01:00:00,33729.83883
2030-10-02 02:00:00,32385.10241
2030-10-02 03:00:00,31439.22849
2030-10-02 04:00:00,30747.86682
2030-10-02 05:00:00,30521.21162
2030-10-02 06:00:00,30086.89468
2030-10-02 07:00:00,30521.21162
2030-10-02 08:00:00,31886.20773
2030-10-02 09:00:00,33456.33312
2030-10-02 10:00:00,35022.65982
2030-10-02 11:00:00,36418.04545
2030-10-02 12:00:00,37310.73771
2030-10-02 13:00:00,38008.43052
2030-10-02 14:00:00,38031.22267
2030-10-02 15:00:00,37943.85279
2030-10-02 16:00:00,37809.63239
2030-10-02 17:00:00,37929.92425
2030-10-02 18:00:00,38723.85056
2030-10-02 19:00:00,38847.94112
2030-10-02 20:00:00,38861.86965
2030-10-02 21:00:00,38623.81838
2030-10-02 22:00:00,37544.99029
2030-10-02 23:00:00,35928.01438
2030-10-03 00:00:00,34356.62276
2030-10-03 01:00:00,32856.14003
2030-10-03 02:00:00,31757.05225
2030-10-03 03:00:00,31030.23615
2030-10-03 04:00:00,30584.52313
2030-10-03 05:00:00,30532.6077
2030-10-03 06:00:00,31039.09976
2030-10-03 07:00:00,33119.5159
2030-10-03 08:00:00,38978.36282
2030-10-03 09:00:00,42788.44935
2030-10-03 10:00:00,44369.97082
2030-10-03 11:00:00,45838.79779
2030-10-03 12:00:00,44763.76839
2030-10-03 13:00:00,46369.34823
2030-10-03 14:00:00,46998.66461
2030-10-03 15:00:00,46817.5937
2030-10-03 16:00:00,45974.28442
2030-10-03 17:00:00,44007.82899
2030-10-03 18:00:00,43925.52403
2030-10-03 19:00:00,43365.8503
2030-10-03 20:00:00,42612.44336
2030-10-03 21:00:00,41594.39432
2030-10-03 22:00:00,40090.1129
2030-10-03 23:00:00,38747.90893
2030-10-04 00:00:00,36800.44696
2030-10-04 01:00:00,35330.35375
2030-10-04 02:00:00,34099.57804
2030-10-04 03:00:00,33334.77503
2030-10-04 04:00:00,32878.93217
2030-10-04 05:00:00,32535.7838
2030-10-04 06:00:00,32939.71122
2030-10-04 07:00:00,34630.12847
2030-10-04 08:00:00,39972.35349
2030-10-04 09:00:00,43417.76574
2030-10-04 10:00:00,44875.19665
2030-10-04 11:00:00,45917.30406
2030-10-04 12:00:00,45103.11807
2030-10-04 13:00:00,46684.63954
2030-10-04 14:00:00,47372.20251
2030-10-04 15:00:00,46964.4764
2030-10-04 16:00:00,46152.82287
2030-10-04 17:00:00,44055.94574
2030-10-04 18:00:00,44028.08867
2030-10-04 19:00:00,43459.55133
2030-10-04 20:00:00,42694.74832
2030-10-04 21:00:00,41777.99769
2030-10-04 22:00:00,40383.87829
2030-10-04 23:00:00,38982.16151
2030-10-05 00:00:00,36990.38148
2030-10-05 01:00:00,35492.43121
2030-10-05 02:00:00,34451.59002
2030-10-05 03:00:00,33677.9234
2030-10-05 04:00:00,33023.28241
2030-10-05 05:00:00,32791.56229
2030-10-05 06:00:00,33001.7565
2030-10-05 07:00:00,34459.1874
2030-10-05 08:00:00,39598.8156
2030-10-05 09:00:00,42866.95562
2030-10-05 10:00:00,43929.32272
2030-10-05 11:00:00,44998.02097
2030-10-05 12:00:00,43583.64189
2030-10-05 13:00:00,45251.267
2030-10-05 14:00:00,45870.45355
2030-10-05 15:00:00,45602.01275
2030-10-05 16:00:00,45061.33248
2030-10-05 17:00:00,43436.75919
2030-10-05 18:00:00,43473.47987
2030-10-05 19:00:00,42849.2284
2030-10-05 20:00:00,42084.42539
2030-10-05 21:00:00,40982.80515
2030-10-05 22:00:00,39560.82869
2030-10-05 23:00:00,38203.42997
2030-10-06 00:00:00,36359.79886
2030-10-06 01:00:00,34839.05645
2030-10-06 02:00:00,33772.89066
2030-10-06 03:00:00,33046.07455
2030-10-06 04:00:00,32454.74507
2030-10-06 05:00:00,32239.48594
2030-10-06 06:00:00,32633.28352
2030-10-06 07:00:00,34150.22724
2030-10-06 08:00:00,39236.67377
2030-10-06 09:00:00,42276.89237
2030-10-06 10:00:00,43396.23983
2030-10-06 11:00:00,44448.47708
2030-10-06 12:00:00,43199.97415
2030-10-06 13:00:00,44497.86006
2030-10-06 14:00:00,45222.14371
2030-10-06 15:00:00,45056.26756
2030-10-06 16:00:00,44586.49617
2030-10-06 17:00:00,43129.06526
2030-10-06 18:00:00,42865.68939
2030-10-06 19:00:00,42409.84654
2030-10-06 20:00:00,41486.76476
2030-10-06 21:00:00,40297.77464
2030-10-06 22:00:00,38949.23953
2030-10-06 23:00:00,37774.17794
2030-10-07 00:00:00,36016.65049
2030-10-07 01:00:00,34684.57637
2030-10-07 02:00:00,33456.33312
2030-10-07 03:00:00,32876.39971
2030-10-07 04:00:00,32381.30372
2030-10-07 05:00:00,32396.49848
2030-10-07 06:00:00,32688.99765
2030-10-07 07:00:00,34053.99375
2030-10-07 08:00:00,39244.27115
2030-10-07 09:00:00,42114.81491
2030-10-07 10:00:00,42999.90979
2030-10-07 11:00:00,44014.16014
2030-10-07 12:00:00,42413.64523
2030-10-07 13:00:00,43080.94852
2030-10-07 14:00:00,43943.25125
2030-10-07 15:00:00,43691.27145
2030-10-07 16:00:00,42878.35169
2030-10-07 17:00:00,41607.05662
2030-10-07 18:00:00,40956.21432
2030-10-07 19:00:00,40357.28746
2030-10-07 20:00:00,39315.18004
2030-10-07 21:00:00,38223.68965
2030-10-07 22:00:00,36920.73882
2030-10-07 23:00:00,35838.11204
2030-10-08 00:00:00,34284.44764
2030-10-08 01:00:00,32987.82796
2030-10-08 02:00:00,31981.17499
2030-10-08 03:00:00,31159.39162
2030-10-08 04:00:00,30727.60714
2030-10-08 05:00:00,30589.58805
2030-10-08 06:00:00,30371.79647
2030-10-08 07:00:00,30628.84119
2030-10-08 08:00:00,32207.83019
2030-10-08 09:00:00,33843.79955
2030-10-08 10:00:00,35053.04934
2030-10-08 11:00:00,35977.39736
2030-10-08 12:00:00,35774.80053
2030-10-08 13:00:00,36176.19549
2030-10-08 14:00:00,36068.56593
2030-10-08 15:00:00,35976.13113
2030-10-08 16:00:00,35776.06676
2030-10-08 17:00:00,36095.15676
2030-10-08 18:00:00,36438.30513
2030-10-08 19:00:00,36107.81906
2030-10-08 20:00:00,35820.38482
2030-10-08 21:00:00,35317.69145
2030-10-08 22:00:00,34250.25943
2030-10-08 23:00:00,33171.43134
2030-10-09 00:00:00,31743.12372
2030-10-09 01:00:00,30561.73099
2030-10-09 02:00:00,29651.31151
2030-10-09 03:00:00,29143.55322
2030-10-09 04:00:00,28813.06715
2030-10-09 05:00:00,28539.56143
2030-10-09 06:00:00,28583.87949
2030-10-09 07:00:00,28843.45667
2030-10-09 08:00:00,29691.83087
2030-10-09 09:00:00,30940.33381
2030-10-09 10:00:00,32081.20717
2030-10-09 11:00:00,33006.82142
2030-10-09 12:00:00,33352.50225
2030-10-09 13:00:00,33594.35221
2030-10-09 14:00:00,33628.54042
2030-10-09 15:00:00,33617.14435
2030-10-09 16:00:00,33555.09907
2030-10-09 17:00:00,34078.05213
2030-10-09 18:00:00,34657.98554
2030-10-09 19:00:00,34570.61566
2030-10-09 20:00:00,34293.31125
2030-10-09 21:00:00,33799.48149
2030-10-09 22:00:00,32978.96435
2030-10-09 23:00:00,31668.41614
2030-10-10 00:00:00,30209.71901
2030-10-10 01:00:00,29061.24826
2030-10-10 02:00:00,28298.9777
2030-10-10 03:00:00,27694.98592
2030-10-10 04:00:00,27246.74045
2030-10-10 05:00:00,27330.31164
2030-10-10 06:00:00,27541.77207
2030-10-10 07:00:00,27935.56965
2030-10-10 08:00:00,29218.2608
2030-10-10 09:00:00,30337.60825
2030-10-10 10:00:00,31132.80079
2030-10-10 11:00:00,31668.41614
2030-10-10 12:00:00,31689.94206
2030-10-10 13:00:00,32014.09698
2030-10-10 14:00:00,32130.59015
2030-10-10 15:00:00,32131.85638
2030-10-10 16:00:00,32502.86182
2030-10-10 17:00:00,32865.00364
2030-10-10 18:00:00,33490.52133
2030-10-10 19:00:00,33300.58681
2030-10-10 20:00:00,32877.66594
2030-10-10 21:00:00,32321.7909
2030-10-10 22:00:00,31047.96337
2030-10-10 23:00:00,29894.4277
2030-10-11 00:00:00,28481.31485
2030-10-11 01:00:00,27369.56477
2030-10-11 02:00:00,26855.47533
2030-10-11 03:00:00,26451.54791
2030-10-11 04:00:00,26284.40553
2030-10-11 05:00:00,26569.30731
2030-10-11 06:00:00,27556.96683
2030-10-11 07:00:00,29317.02675
2030-10-11 08:00:00,34065.38982
2030-10-11 09:00:00,36253.43553
2030-10-11 10:00:00,36959.99196
2030-10-11 11:00:00,37455.08795
2030-10-11 12:00:00,35887.49502
2030-10-11 13:00:00,37241.09505
2030-10-11 14:00:00,38121.12501
2030-10-11 15:00:00,38054.01481
2030-10-11 16:00:00,38147.71584
2030-10-11 17:00:00,37400.64005
2030-10-11 18:00:00,37330.99739
2030-10-11 19:00:00,36586.45406
2030-10-11 20:00:00,35796.32644
2030-10-11 21:00:00,34747.88788
2030-10-11 22:00:00,33257.53499
2030-10-11 23:00:00,32033.09043
2030-10-12 00:00:00,30541.47131
2030-10-12 01:00:00,29543.68195
2030-10-12 02:00:00,28902.96949
2030-10-12 03:00:00,28414.20465
2030-10-12 04:00:00,28361.02298
2030-10-12 05:00:00,28345.82822
2030-10-12 06:00:00,29051.11842
2030-10-12 07:00:00,30899.81444
2030-10-12 08:00:00,35061.91296
2030-10-12 09:00:00,37149.92648
2030-10-12 10:00:00,38138.85223
2030-10-12 11:00:00,38954.30445
2030-10-12 12:00:00,37890.67112
2030-10-12 13:00:00,38839.0775
2030-10-12 14:00:00,39907.77575
2030-10-12 15:00:00,39767.22421
2030-10-12 16:00:00,39665.92579
2030-10-12 17:00:00,38611.15608
2030-10-12 18:00:00,38570.63671
2030-10-12 19:00:00,37639.95755
2030-10-12 20:00:00,36756.1289
2030-10-12 21:00:00,35611.45684
2030-10-12 22:00:00,34024.87046
2030-10-12 23:00:00,32962.50336
2030-10-13 00:00:00,31329.06646
2030-10-13 01:00:00,30243.90722
2030-10-13 02:00:00,29433.51992
2030-10-13 03:00:00,28819.3983
2030-10-13 04:00:00,28656.05461
2030-10-13 05:00:00,29071.3781
2030-10-13 06:00:00,29600.6623
2030-10-13 07:00:00,31118.87226
2030-10-13 08:00:00,35503.82728
2030-10-13 09:00:00,37994.50199
2030-10-13 10:00:00,38994.82381
2030-10-13 11:00:00,39681.12056
2030-10-13 12:00:00,38108.46271
2030-10-13 13:00:00,39658.32841
2030-10-13 14:00:00,40452.25472
2030-10-13 15:00:00,40575.07904
2030-10-13 16:00:00,40544.68952
2030-10-13 17:00:00,39505.11456
2030-10-13 18:00:00,39278.45937
2030-10-13 19:00:00,38361.70874
2030-10-13 20:00:00,37390.51021
2030-10-13 21:00:00,36144.53974
2030-10-13 22:00:00,34613.66748
2030-10-13 23:00:00,33506.98233
2030-10-14 00:00:00,31888.74019
2030-10-14 01:00:00,30808.64587
2030-10-14 02:00:00,30228.71246
2030-10-14 03:00:00,29552.54556
2030-10-14 04:00:00,29263.84508
2030-10-14 05:00:00,29548.74687
2030-10-14 06:00:00,30142.60881
2030-10-14 07:00:00,31773.51325
2030-10-14 08:00:00,36005.25442
2030-10-14 09:00:00,38398.42941
2030-10-14 10:00:00,39232.87508
2030-10-14 11:00:00,40024.26893
2030-10-14 12:00:00,38697.25973
2030-10-14 13:00:00,40168.61917
2030-10-14 14:00:00,40915.69496
2030-10-14 15:00:00,40682.70861
2030-10-14 16:00:00,40434.5275
2030-10-14 17:00:00,39345.56957
2030-10-14 18:00:00,38864.40211
2030-10-14 19:00:00,38078.07318
2030-10-14 20:00:00,37215.77045
2030-10-14 21:00:00,36235.70831
2030-10-14 22:00:00,34988.47161
2030-10-14 23:00:00,33929.9032
2030-10-15 00:00:00,32268.60924
2030-10-15 01:00:00,31113.80734
2030-10-15 02:00:00,30371.79647
2030-10-15 03:00:00,29814.6552
2030-10-15 04:00:00,29533.5521
2030-10-15 05:00:00,29382.87072
2030-10-15 06:00:00,29551.27933
2030-10-15 07:00:00,30008.38841
2030-10-15 08:00:00,31658.2863
2030-10-15 09:00:00,33330.97634
2030-10-15 10:00:00,34557.95335
2030-10-15 11:00:00,35305.02915
2030-10-15 12:00:00,34945.41978
2030-10-15 13:00:00,35548.14533
2030-10-15 14:00:00,35686.16442
2030-10-15 15:00:00,35649.44375
2030-10-15 16:00:00,35615.25553
2030-10-15 17:00:00,35887.49502
2030-10-15 18:00:00,36258.50045
2030-10-15 19:00:00,35891.29371
2030-10-15 20:00:00,35746.94347
2030-10-15 21:00:00,35092.30248
2030-10-15 22:00:00,33769.09197
2030-10-15 23:00:00,32472.47229
2030-10-16 00:00:00,31194.84607
2030-10-16 01:00:00,29923.55099
2030-10-16 02:00:00,29246.11786
2030-10-16 03:00:00,28751.02187
2030-10-16 04:00:00,28488.91223
2030-10-16 05:00:00,28610.47032
2030-10-16 06:00:00,28761.15171
2030-10-16 07:00:00,29142.28699
2030-10-16 08:00:00,30371.79647
2030-10-16 09:00:00,31272.08611
2030-10-16 10:00:00,32534.51757
2030-10-16 11:00:00,33153.70411
2030-10-16 12:00:00,33324.64518
2030-10-16 13:00:00,33538.63808
2030-10-16 14:00:00,33610.8132
2030-10-16 15:00:00,33571.56006
2030-10-16 16:00:00,33966.62387
2030-10-16 17:00:00,35137.88676
2030-10-16 18:00:00,35905.22224
2030-10-16 19:00:00,35722.8851
2030-10-16 20:00:00,35687.43065
2030-10-16 21:00:00,34992.2703
2030-10-16 22:00:00,33579.15745
2030-10-16 23:00:00,32038.15535
2030-10-17 00:00:00,30665.56186
2030-10-17 01:00:00,29380.33826
2030-10-17 02:00:00,28616.80147
2030-10-17 03:00:00,28114.1081
2030-10-17 04:00:00,27927.97227
2030-10-17 05:00:00,28167.28977
2030-10-17 06:00:00,29227.12441
2030-10-17 07:00:00,31275.8848
2030-10-17 08:00:00,35984.99474
2030-10-17 09:00:00,38674.46758
2030-10-17 10:00:00,39771.0229
2030-10-17 11:00:00,40501.6377
2030-10-17 12:00:00,38806.15552
2030-10-17 13:00:00,39939.43151
2030-10-17 14:00:00,40350.95631
2030-10-17 15:00:00,40083.78175
2030-10-17 16:00:00,39819.13964
2030-10-17 17:00:00,38922.64869
2030-10-17 18:00:00,38411.09171
2030-10-17 19:00:00,37496.87354
2030-10-17 20:00:00,36624.44097
2030-10-17 21:00:00,35459.50922
2030-10-17 22:00:00,34066.65605
2030-10-17 23:00:00,32611.75761
2030-10-18 00:00:00,31030.23615
2030-10-18 01:00:00,29870.36933
2030-10-18 02:00:00,29081.50794
2030-10-18 03:00:00,28567.4185
2030-10-18 04:00:00,28380.01643
2030-10-18 05:00:00,28542.09389
2030-10-18 06:00:00,29187.87127
2030-10-18 07:00:00,31026.43746
2030-10-18 08:00:00,34666.84915
2030-10-18 09:00:00,36738.40168
2030-10-18 10:00:00,37622.23033
2030-10-18 11:00:00,37991.96953
2030-10-18 12:00:00,36192.65648
2030-10-18 13:00:00,37332.26362
2030-10-18 14:00:00,38357.91005
2030-10-18 15:00:00,38321.18937
2030-10-18 16:00:00,38427.5527
2030-10-18 17:00:00,37843.8206
2030-10-18 18:00:00,37777.97664
2030-10-18 19:00:00,36916.94013
2030-10-18 20:00:00,36134.4099
2030-10-18 21:00:00,35026.45851
2030-10-18 22:00:00,33555.09907
2030-10-18 23:00:00,32236.95348
2030-10-19 00:00:00,30589.58805
2030-10-19 01:00:00,29565.20786
2030-10-19 02:00:00,28782.67762
2030-10-19 03:00:00,28348.36068
2030-10-19 04:00:00,28148.29632
2030-10-19 05:00:00,28395.2112
2030-10-19 06:00:00,29028.32627
2030-10-19 07:00:00,30799.78226
2030-10-19 08:00:00,34660.518
2030-10-19 09:00:00,36653.56426
2030-10-19 10:00:00,37494.34108
2030-10-19 11:00:00,38094.53417
2030-10-19 12:00:00,36306.6172
2030-10-19 13:00:00,37595.63949
2030-10-19 14:00:00,38224.95588
2030-10-19 15:00:00,38265.47524
2030-10-19 16:00:00,38343.98151
2030-10-19 17:00:00,37552.58767
2030-10-19 18:00:00,37472.81517
2030-10-19 19:00:00,36696.61608
2030-10-19 20:00:00,36087.55938
2030-10-19 21:00:00,34794.73839
2030-10-19 22:00:00,33538.63808
2030-10-19 23:00:00,32197.70035
2030-10-20 00:00:00,30590.85428
2030-10-20 01:00:00,29482.9029
2030-10-20 02:00:00,28744.69072
2030-10-20 03:00:00,28323.03608
2030-10-20 04:00:00,28259.72457
2030-10-20 05:00:00,28529.43159
2030-10-20 06:00:00,29328.42282
2030-10-20 07:00:00,30818.77571
2030-10-20 08:00:00,34882.10827
2030-10-20 09:00:00,37299.34164
2030-10-20 10:00:00,38021.09282
2030-10-20 11:00:00,38663.07151
2030-10-20 12:00:00,36849.82993
2030-10-20 13:00:00,38110.99517
2030-10-20 14:00:00,39054.33663
2030-10-20 15:00:00,39263.26461
2030-10-20 16:00:00,39379.75778
2030-10-20 17:00:00,38384.50088
2030-10-20 18:00:00,38350.31266
2030-10-20 19:00:00,37520.93191
2030-10-20 20:00:00,36659.89541
2030-10-20 21:00:00,35606.39192
2030-10-20 22:00:00,34104.64296
2030-10-20 23:00:00,32787.7636
2030-10-21 00:00:00,31226.50182
2030-10-21 01:00:00,30371.79647
2030-10-21 02:00:00,29285.37099
2030-10-21 03:00:00,28748.48941
2030-10-21 04:00:00,28526.89913
2030-10-21 05:00:00,28900.43703
2030-10-21 06:00:00,29600.6623
2030-10-21 07:00:00,30930.20396
2030-10-21 08:00:00,34851.71875
2030-10-21 09:00:00,37486.7437
2030-10-21 10:00:00,38737.77909
2030-10-21 11:00:00,39550.69885
2030-10-21 12:00:00,37879.27505
2030-10-21 13:00:00,39126.51175
2030-10-21 14:00:00,39914.1069
2030-10-21 15:00:00,39840.66556
2030-10-21 16:00:00,39702.64647
2030-10-21 17:00:00,38711.18826
2030-10-21 18:00:00,38542.77965
2030-10-21 19:00:00,37666.54838
2030-10-21 20:00:00,36927.06997
2030-10-21 21:00:00,35907.7547
2030-10-21 22:00:00,34703.56982
2030-10-21 23:00:00,33686.78701
2030-10-22 00:00:00,32200.23281
2030-10-22 01:00:00,30988.45055
2030-10-22 02:00:00,30210.98524
2030-10-22 03:00:00,29618.38952
2030-10-22 04:00:00,29271.44246
2030-10-22 05:00:00,29387.93564
2030-10-22 06:00:00,29617.12329
2030-10-22 07:00:00,30297.08889
2030-10-22 08:00:00,32195.16789
2030-10-22 09:00:00,33772.89066
2030-10-22 10:00:00,34775.74494
2030-10-22 11:00:00,35708.95656
2030-10-22 12:00:00,35116.36085
2030-10-22 13:00:00,35731.74871
2030-10-22 14:00:00,35855.83926
2030-10-22 15:00:00,35807.72252
2030-10-22 16:00:00,35891.29371
2030-10-22 17:00:00,36266.09783
2030-10-22 18:00:00,36594.05144
2030-10-22 19:00:00,36142.00728
2030-10-22 20:00:00,35631.71652
2030-10-22 21:00:00,35032.78966
2030-10-22 22:00:00,33698.18308
2030-10-22 23:00:00,32309.1286
2030-10-23 00:00:00,31023.905
2030-10-23 01:00:00,29689.29841
2030-10-23 02:00:00,28847.25536
2030-10-23 03:00:00,28187.54945
2030-10-23 04:00:00,27912.77751
2030-10-23 05:00:00,27892.51783
2030-10-23 06:00:00,28046.9979
2030-10-23 07:00:00,28292.64655
2030-10-23 08:00:00,29184.07258
2030-10-23 09:00:00,30121.0829
2030-10-23 10:00:00,30965.65841
2030-10-23 11:00:00,31814.03261
2030-10-23 12:00:00,31996.36975
2030-10-23 13:00:00,32077.40848
2030-10-23 14:00:00,31976.11007
2030-10-23 15:00:00,32103.99932
2030-10-23 16:00:00,32481.3359
2030-10-23 17:00:00,33691.85193
2030-10-23 18:00:00,34299.6424
2030-10-23 19:00:00,34252.79189
2030-10-23 20:00:00,33903.31236
2030-10-23 21:00:00,33270.19729
2030-10-23 22:00:00,31864.68182
2030-10-23 23:00:00,30370.53024
2030-10-24 00:00:00,28985.27445
2030-10-24 01:00:00,27773.49219
2030-10-24 02:00:00,27092.26037
2030-10-24 03:00:00,26561.70993
2030-10-24 04:00:00,26561.70993
2030-10-24 05:00:00,26958.03997
2030-10-24 06:00:00,27836.8037
2030-10-24 07:00:00,29701.96072
2030-10-24 08:00:00,34099.57804
2030-10-24 09:00:00,36406.64938
2030-10-24 10:00:00,37184.11469
2030-10-24 11:00:00,38079.33941
2030-10-24 12:00:00,36391.45462
2030-10-24 13:00:00,37325.93247
2030-10-24 14:00:00,38078.07318
2030-10-24 15:00:00,38017.29413
2030-10-24 16:00:00,38032.4889
2030-10-24 17:00:00,37406.9712
2030-10-24 18:00:00,37272.7508
2030-10-24 19:00:00,36407.91561
2030-10-24 20:00:00,35660.83982
2030-10-24 21:00:00,34621.26486
2030-10-24 22:00:00,33344.90487
2030-10-24 23:00:00,31992.57106
2030-10-25 00:00:00,30346.47186
2030-10-25 01:00:00,29420.85762
2030-10-25 02:00:00,28680.11298
2030-10-25 03:00:00,28228.06882
2030-10-25 04:00:00,28130.56909
2030-10-25 05:00:00,28253.39342
2030-10-25 06:00:00,28829.52814
2030-10-25 07:00:00,30675.6917
2030-10-25 08:00:00,34286.9801
2030-10-25 09:00:00,36410.44807
2030-10-25 10:00:00,37180.316
2030-10-25 11:00:00,37898.2685
2030-10-25 12:00:00,36968.85557
2030-10-25 13:00:00,37241.09505
2030-10-25 14:00:00,38023.62529
2030-10-25 15:00:00,38117.32632
2030-10-25 16:00:00,38124.9237
2030-10-25 17:00:00,37567.78243
2030-10-25 18:00:00,37520.93191
2030-10-25 19:00:00,36685.22001
2030-10-25 20:00:00,35979.92982
2030-10-25 21:00:00,34852.98498
2030-10-25 22:00:00,33394.28784
2030-10-25 23:00:00,32154.64852
2030-10-26 00:00:00,30636.43857
2030-10-26 01:00:00,29572.80524
2030-10-26 02:00:00,28780.14516
2030-10-26 03:00:00,28683.91167
2030-10-26 04:00:00,28358.49052
2030-10-26 05:00:00,28635.79493
2030-10-26 06:00:00,29311.96183
2030-10-26 07:00:00,30950.46365
2030-10-26 08:00:00,34947.95224
2030-10-26 09:00:00,37281.61442
2030-10-26 10:00:00,38262.94278
2030-10-26 11:00:00,38950.50576
2030-10-26 12:00:00,37252.49112
2030-10-26 13:00:00,38788.4283
2030-10-26 14:00:00,39587.41952
2030-10-26 15:00:00,39570.95853
2030-10-26 16:00:00,39296.18659
2030-10-26 17:00:00,38449.07862
2030-10-26 18:00:00,38341.44905
2030-10-26 19:00:00,37486.7437
2030-10-26 20:00:00,36716.87577
2030-10-26 21:00:00,35583.59978
2030-10-26 22:00:00,34145.16232
2030-10-26 23:00:00,32876.39971
2030-10-27 00:00:00,31306.27432
2030-10-27 01:00:00,30078.03107
2030-10-27 02:00:00,29256.2477
2030-10-27 03:00:00,28825.72945
2030-10-27 04:00:00,28724.43104
2030-10-27 05:00:00,28890.30719
2030-10-27 06:00:00,29547.48064
2030-10-27 07:00:00,31234.0992
2030-10-27 08:00:00,35382.26918
2030-10-27 09:00:00,37732.39235
2030-10-27 10:00:00,38688.39612
2030-10-27 11:00:00,39503.84833
2030-10-27 12:00:00,37653.88608
2030-10-27 13:00:00,38892.25917
2030-10-27 14:00:00,39787.48389
2030-10-27 15:00:00,39749.49698
2030-10-27 16:00:00,39679.85433
2030-10-27 17:00:00,38526.31866
2030-10-27 18:00:00,37542.45783
2030-10-27 19:00:00,36914.40767
2030-10-27 20:00:00,36286.35751
2030-10-27 21:00:00,35839.37827
2030-10-27 22:00:00,34341.428
2030-10-27 23:00:00,33170.16511
2030-10-28 00:00:00,31475.94916
2030-10-28 01:00:00,30326.21218
2030-10-28 02:00:00,29641.18167
2030-10-28 03:00:00,29106.83254
2030-10-28 04:00:00,28864.98258
2030-10-28 05:00:00,29037.18988
2030-10-28 06:00:00,29712.09056
2030-10-28 07:00:00,31311.33924
2030-10-28 08:00:00,35346.81474
2030-10-28 09:00:00,37766.58056
2030-10-28 10:00:00,38569.37048
2030-10-28 11:00:00,38585.83147
2030-10-28 12:00:00,36868.82338
2030-10-28 13:00:00,38877.06441
2030-10-28 14:00:00,39305.0502
2030-10-28 15:00:00,39268.32953
2030-10-28 16:00:00,39093.58976
2030-10-28 17:00:00,38178.10536
2030-10-28 18:00:00,38143.91715
2030-10-28 19:00:00,37368.9843
2030-10-28 20:00:00,36602.91505
2030-10-28 21:00:00,35455.71053
2030-10-28 22:00:00,34333.83062
2030-10-28 23:00:00,33158.76903
2030-10-29 00:00:00,31789.97424
2030-10-29 01:00:00,30273.03051
2030-10-29 02:00:00,29441.1173
2030-10-29 03:00:00,28914.36556
2030-10-29 04:00:00,28433.1981
2030-10-29 05:00:00,28435.73056
2030-10-29 06:00:00,28757.35302
2030-10-29 07:00:00,29035.92365
2030-10-29 08:00:00,30289.49151
2030-10-29 09:00:00,31664.61745
2030-10-29 10:00:00,32277.47285
2030-10-29 11:00:00,32890.32824
2030-10-29 12:00:00,33370.22947
2030-10-29 13:00:00,33789.35165
2030-10-29 14:00:00,34404.73951
2030-10-29 15:00:00,34528.83006
2030-10-29 16:00:00,34428.79788
2030-10-29 17:00:00,34638.99208
2030-10-29 18:00:00,34747.88788
2030-10-29 19:00:00,34368.01883
2030-10-29 20:00:00,34102.1105
2030-10-29 21:00:00,33714.64407
2030-10-29 22:00:00,32511.72543
2030-10-29 23:00:00,31099.8788
2030-10-30 00:00:00,29875.43425
2030-10-30 01:00:00,28730.76219
2030-10-30 02:00:00,27920.37489
2030-10-30 03:00:00,27420.21398
2030-10-30 04:00:00,27175.83156
2030-10-30 05:00:00,27261.93521
2030-10-30 06:00:00,27349.30509
2030-10-30 07:00:00,27620.27834
2030-10-30 08:00:00,28758.61925
2030-10-30 09:00:00,29674.10365
2030-10-30 10:00:00,30716.21107
2030-10-30 11:00:00,31601.30595
2030-10-30 12:00:00,31686.14337
2030-10-30 13:00:00,31759.58471
2030-10-30 14:00:00,31677.27975
2030-10-30 15:00:00,31844.42214
2030-10-30 16:00:00,32392.69979
2030-10-30 17:00:00,33476.5928
2030-10-30 18:00:00,33962.82518
2030-10-30 19:00:00,33812.14379
2030-10-30 20:00:00,33885.58514
2030-10-30 21:00:00,33180.29495
2030-10-30 22:00:00,31827.96114
2030-10-30 23:00:00,30403.45222
2030-10-31 00:00:00,29003.00167
2030-10-31 01:00:00,28115.37433
2030-10-31 02:00:00,27445.53858
2030-10-31 03:00:00,27192.29255
2030-10-31 04:00:00,26950.44259
2030-10-31 05:00:00,27240.4093
2030-10-31 06:00:00,28206.5429
2030-10-31 07:00:00,30386.99123
2030-10-31 08:00:00,34931.49125
2030-10-31 09:00:00,37328.46493
2030-10-31 10:00:00,38067.94334
2030-10-31 11:00:00,38782.09715
2030-10-31 12:00:00,36977.71918
2030-10-31 13:00:00,37990.7033
2030-10-31 14:00:00,38525.05243
2030-10-31 15:00:00,38452.87731
2030-10-31 16:00:00,38456.676
2030-10-31 17:00:00,38262.94278
2030-10-31 18:00:00,37853.95044
2030-10-31 19:00:00,37324.66624
2030-10-31 20:00:00,36357.2664
2030-10-31 21:00:00,35172.07498
2030-10-31 22:00:00,33752.63098
2030-10-31 23:00:00,32091.33702
2030-11-01 00:00:00,30424.97813
2030-11-01 01:00:00,29374.00711
2030-11-01 02:00:00,28453.45778
2030-11-01 03:00:00,28197.67929
2030-11-01 04:00:00,27910.24505
2030-11-01 05:00:00,28109.04318
2030-11-01 06:00:00,28809.26846
2030-11-01 07:00:00,30492.08833
2030-11-01 08:00:00,34255.32435
2030-11-01 09:00:00,36466.1622
2030-11-01 10:00:00,37612.10049
2030-11-01 11:00:00,37889.40489
2030-11-01 12:00:00,36659.89541
2030-11-01 13:00:00,37857.74913
2030-11-01 14:00:00,38465.53961
2030-11-01 15:00:00,38502.26028
2030-11-01 16:00:00,38544.04588
2030-11-01 17:00:00,38171.77421
2030-11-01 18:00:00,37814.69731
2030-11-01 19:00:00,37385.44529
2030-11-01 20:00:00,36611.77866
2030-11-01 21:00:00,35213.86057
2030-11-01 22:00:00,33770.3582
2030-11-01 23:00:00,32147.05114
2030-11-02 00:00:00,30435.10797
2030-11-02 01:00:00,29248.65032
2030-11-02 02:00:00,28542.09389
2030-11-02 03:00:00,28038.13429
2030-11-02 04:00:00,27781.08957
2030-11-02 05:00:00,28177.41961
2030-11-02 06:00:00,29015.66397
2030-11-02 07:00:00,30461.69881
2030-11-02 08:00:00,34526.2976
2030-11-02 09:00:00,36878.95323
2030-11-02 10:00:00,37664.01592
2030-11-02 11:00:00,38389.5658
2030-11-02 12:00:00,36953.66081
2030-11-02 13:00:00,37853.95044
2030-11-02 14:00:00,39092.32353
2030-11-02 15:00:00,39275.92691
2030-11-02 16:00:00,39230.34262
2030-11-02 17:00:00,38522.51997
2030-11-02 18:00:00,38373.10481
2030-11-02 19:00:00,37548.78898
2030-11-02 20:00:00,36915.6739
2030-11-02 21:00:00,35846.97565
2030-11-02 22:00:00,34213.53875
2030-11-02 23:00:00,32725.71832
2030-11-03 00:00:00,31049.2296
2030-11-03 01:00:00,29693.0971
2030-11-03 02:00:00,28953.61869
2030-11-03 03:00:00,28587.67818
2030-11-03 04:00:00,28329.36723
2030-11-03 05:00:00,28467.38632
2030-11-03 06:00:00,29500.63012
2030-11-03 07:00:00,30983.38563
2030-11-03 08:00:00,35296.16553
2030-11-03 09:00:00,37742.52219
2030-11-03 10:00:00,38944.17461
2030-11-03 11:00:00,39646.93234
2030-11-03 12:00:00,38133.78731
2030-11-03 13:00:00,39714.04254
2030-11-03 14:00:00,40316.76809
2030-11-03 15:00:00,40439.59242
2030-11-03 16:00:00,40342.0927
2030-11-03 17:00:00,39360.76433
2030-11-03 18:00:00,39251.86853
2030-11-03 19:00:00,38503.52651
2030-11-03 20:00:00,37431.02957
2030-11-03 21:00:00,36447.16874
2030-11-03 22:00:00,34816.26431
2030-11-03 23:00:00,33384.158
2030-11-04 00:00:00,31598.77349
2030-11-04 01:00:00,30385.725
2030-11-04 02:00:00,29557.61048
2030-11-04 03:00:00,29146.08568
2030-11-04 04:00:00,28883.97604
2030-11-04 05:00:00,29053.65088
2030-11-04 06:00:00,29980.53135
2030-11-04 07:00:00,31355.6573
2030-11-04 08:00:00,35260.71109
2030-11-04 09:00:00,37667.81461
2030-11-04 10:00:00,38351.57889
2030-11-04 11:00:00,38864.40211
2030-11-04 12:00:00,37427.23088
2030-11-04 13:00:00,38765.63616
2030-11-04 14:00:00,39259.46592
2030-11-04 15:00:00,39170.8298
2030-11-04 16:00:00,39059.40155
2030-11-04 17:00:00,38126.18993
2030-11-04 18:00:00,37798.23632
2030-11-04 19:00:00,36810.5768
2030-11-04 20:00:00,36096.42299
2030-11-04 21:00:00,35223.99042
2030-11-04 22:00:00,33789.35165
2030-11-04 23:00:00,32569.97201
2030-11-05 00:00:00,30835.2367
2030-11-05 01:00:00,29622.18822
2030-11-05 02:00:00,28682.64544
2030-11-05 03:00:00,28144.49763
2030-11-05 04:00:00,27916.5762
2030-11-05 05:00:00,27964.69294
2030-11-05 06:00:00,28130.56909
2030-11-05 07:00:00,28457.25647
2030-11-05 08:00:00,29779.20075
2030-11-05 09:00:00,30982.1194
2030-11-05 10:00:00,32129.32392
2030-11-05 11:00:00,32619.35499
2030-11-05 12:00:00,32274.94039
2030-11-05 13:00:00,32469.93983
2030-11-05 14:00:00,32505.39428
2030-11-05 15:00:00,32418.02439
2030-11-05 16:00:00,32728.25078
2030-11-05 17:00:00,33523.44332
2030-11-05 18:00:00,33833.66971
2030-11-05 19:00:00,33299.32058
2030-11-05 20:00:00,33124.58082
2030-11-05 21:00:00,32661.14058
2030-11-05 22:00:00,31388.57928
2030-11-05 23:00:00,30148.93996
2030-11-06 00:00:00,28780.14516
2030-11-06 01:00:00,27655.73279
2030-11-06 02:00:00,27017.55279
2030-11-06 03:00:00,26436.35315
2030-11-06 04:00:00,26259.08093
2030-11-06 05:00:00,26430.022
2030-11-06 06:00:00,26531.32041
2030-11-06 07:00:00,26549.04763
2030-11-06 08:00:00,27501.25271
2030-11-06 09:00:00,28582.61326
2030-11-06 10:00:00,29468.97437
2030-11-06 11:00:00,30100.82321
2030-11-06 12:00:00,30316.08234
2030-11-06 13:00:00,30361.66663
2030-11-06 14:00:00,30286.95905
2030-11-06 15:00:00,30555.39984
2030-11-06 16:00:00,31299.94317
2030-11-06 17:00:00,32475.00475
2030-11-06 18:00:00,33144.8405
2030-11-06 19:00:00,32923.25023
2030-11-06 20:00:00,32699.12749
2030-11-06 21:00:00,32597.82908
2030-11-06 22:00:00,31282.21595
2030-11-06 23:00:00,29823.51881
2030-11-07 00:00:00,28402.80858
2030-11-07 01:00:00,27386.02576
2030-11-07 02:00:00,26704.79394
2030-11-07 03:00:00,26322.39243
2030-11-07 04:00:00,26191.97073
2030-11-07 05:00:00,26537.65156
2030-11-07 06:00:00,27670.92755
2030-11-07 07:00:00,29555.07802
2030-11-07 08:00:00,33978.01994
2030-11-07 09:00:00,36344.6041
2030-11-07 10:00:00,37417.10104
2030-11-07 11:00:00,38373.10481
2030-11-07 12:00:00,36538.33731
2030-11-07 13:00:00,37899.53473
2030-11-07 14:00:00,38640.27937
2030-11-07 15:00:00,38746.6427
2030-11-07 16:00:00,38880.8631
2030-11-07 17:00:00,38452.87731
2030-11-07 18:00:00,38262.94278
2030-11-07 19:00:00,37255.02358
2030-11-07 20:00:00,36678.88886
2030-11-07 21:00:00,35489.89875
2030-11-07 22:00:00,34075.51967
2030-11-07 23:00:00,32629.48483
2030-11-08 00:00:00,30885.88591
2030-11-08 01:00:00,29803.25913
2030-11-08 02:00:00,29115.69615
2030-11-08 03:00:00,28709.23627
2030-11-08 04:00:00,28511.70437
2030-11-08 05:00:00,28877.64488
2030-11-08 06:00:00,29756.40861
2030-11-08 07:00:00,31392.37797
2030-11-08 08:00:00,35335.41867
2030-11-08 09:00:00,37552.58767
2030-11-08 10:00:00,38341.44905
2030-11-08 11:00:00,38913.78508
2030-11-08 12:00:00,37048.62807
2030-11-08 13:00:00,38451.61108
2030-11-08 14:00:00,39091.0573
2030-11-08 15:00:00,39203.75179
2030-11-08 16:00:00,39386.08893
2030-11-08 17:00:00,38842.87619
2030-11-08 18:00:00,38703.59088
2030-11-08 19:00:00,37880.54128
2030-11-08 20:00:00,37065.08906
2030-11-08 21:00:00,36152.13712
2030-11-08 22:00:00,34408.5382
2030-11-08 23:00:00,33008.08765
2030-11-09 00:00:00,31374.65075
2030-11-09 01:00:00,30203.38786
2030-11-09 02:00:00,29368.94218
2030-11-09 03:00:00,28961.21608
2030-11-09 04:00:00,28728.22973
2030-11-09 05:00:00,29003.00167
2030-11-09 06:00:00,29940.01198
2030-11-09 07:00:00,31324.00154
2030-11-09 08:00:00,35455.71053
2030-11-09 09:00:00,37764.0481
2030-11-09 10:00:00,38953.03822
2030-11-09 11:00:00,39758.3606
2030-11-09 12:00:00,38204.6962
2030-11-09 13:00:00,39810.27603
2030-11-09 14:00:00,40576.34527
2030-11-09 15:00:00,40772.61095
2030-11-09 16:00:00,40495.30655
2030-11-09 17:00:00,39546.90016
2030-11-09 18:00:00,39254.40099
2030-11-09 19:00:00,38271.8064
2030-11-09 20:00:00,37395.57513
2030-11-09 21:00:00,36337.00672
2030-11-09 22:00:00,34774.47871
2030-11-09 23:00:00,33363.89832
2030-11-10 00:00:00,31845.68837
2030-11-10 01:00:00,30576.92575
2030-11-10 02:00:00,29780.46698
2030-11-10 03:00:00,29163.8129
2030-11-10 04:00:00,29187.87127
2030-11-10 05:00:00,29270.17623
2030-11-10 06:00:00,29977.99889
2030-11-10 07:00:00,31493.67638
2030-11-10 08:00:00,35697.56049
2030-11-10 09:00:00,38124.9237
2030-11-10 10:00:00,39538.03655
2030-11-10 11:00:00,40564.9492
2030-11-10 12:00:00,38985.9602
2030-11-10 13:00:00,40121.76865
2030-11-10 14:00:00,41086.63603
2030-11-10 15:00:00,41274.03809
2030-11-10 16:00:00,41068.9088
2030-11-10 17:00:00,40182.5477
2030-11-10 18:00:00,39793.81504
2030-11-10 19:00:00,38885.92802
2030-11-10 20:00:00,37938.78786
2030-11-10 21:00:00,36756.1289
2030-11-10 22:00:00,35206.26319
2030-11-10 23:00:00,33794.41657
2030-11-11 00:00:00,32147.05114
2030-11-11 01:00:00,31172.05392
2030-11-11 02:00:00,30366.73155
2030-11-11 03:00:00,29714.62302
2030-11-11 04:00:00,29413.26024
2030-11-11 05:00:00,29717.15548
2030-11-11 06:00:00,30526.27655
2030-11-11 07:00:00,31946.98678
2030-11-11 08:00:00,35901.42355
2030-11-11 09:00:00,38080.60564
2030-11-11 10:00:00,39367.09548
2030-11-11 11:00:00,40369.94976
2030-11-11 12:00:00,38866.93457
2030-11-11 13:00:00,40328.16416
2030-11-11 14:00:00,41132.22031
2030-11-11 15:00:00,41300.62892
2030-11-11 16:00:00,41243.64857
2030-11-11 17:00:00,40290.17726
2030-11-11 18:00:00,39545.63393
2030-11-11 19:00:00,38281.93624
2030-11-11 20:00:00,37629.82771
2030-11-11 21:00:00,36505.41533
2030-11-11 22:00:00,35269.5747
2030-11-11 23:00:00,34370.55129
2030-11-12 00:00:00,32733.3157
2030-11-12 01:00:00,31386.04682
2030-11-12 02:00:00,30383.19254
2030-11-12 03:00:00,29712.09056
2030-11-12 04:00:00,29389.20187
2030-11-12 05:00:00,29322.09167
2030-11-12 06:00:00,29324.62413
2030-11-12 07:00:00,29690.56464
2030-11-12 08:00:00,31239.16412
2030-11-12 09:00:00,32506.66051
2030-11-12 10:00:00,33570.29383
2030-11-12 11:00:00,34644.057
2030-11-12 12:00:00,34413.60312
2030-11-12 13:00:00,35082.17264
2030-11-12 14:00:00,35369.60688
2030-11-12 15:00:00,35500.02859
2030-11-12 16:00:00,35691.22934
2030-11-12 17:00:00,36026.78033
2030-11-12 18:00:00,35736.81363
2030-11-12 19:00:00,35308.82784
2030-11-12 20:00:00,34980.87423
2030-11-12 21:00:00,34417.40181
2030-11-12 22:00:00,33367.69701
2030-11-12 23:00:00,32105.26555
2030-11-13 00:00:00,30657.96448
2030-11-13 01:00:00,29527.22095
2030-11-13 02:00:00,28707.97004
2030-11-13 03:00:00,28072.32251
2030-11-13 04:00:00,27795.0181
2030-11-13 05:00:00,27778.55711
2030-11-13 06:00:00,27908.97882
2030-11-13 07:00:00,28074.85497
2030-11-13 08:00:00,28901.70326
2030-11-13 09:00:00,30070.43369
2030-11-13 10:00:00,30918.80789
2030-11-13 11:00:00,31695.00698
2030-11-13 12:00:00,32028.02551
2030-11-13 13:00:00,32278.73908
2030-11-13 14:00:00,32518.05658
2030-11-13 15:00:00,32652.27697
2030-11-13 16:00:00,32837.14658
2030-11-13 17:00:00,33814.67625
2030-11-13 18:00:00,34324.96701
2030-11-13 19:00:00,34235.06467
2030-11-13 20:00:00,34143.89609
2030-11-13 21:00:00,33562.69645
2030-11-13 22:00:00,32349.64797
2030-11-13 23:00:00,30893.48329
2030-11-14 00:00:00,29425.92254
2030-11-14 01:00:00,28476.24993
2030-11-14 02:00:00,27654.46656
2030-11-14 03:00:00,27165.70172
2030-11-14 04:00:00,27017.55279
2030-11-14 05:00:00,27293.59096
2030-11-14 06:00:00,28196.41306
2030-11-14 07:00:00,30038.77794
2030-11-14 08:00:00,34544.02482
2030-11-14 09:00:00,36863.75846
2030-11-14 10:00:00,38084.40433
2030-11-14 11:00:00,38798.55814
2030-11-14 12:00:00,37320.86755
2030-11-14 13:00:00,38625.08461
2030-11-14 14:00:00,39696.31532
2030-11-14 15:00:00,39801.41242
2030-11-14 16:00:00,39796.3475
2030-11-14 17:00:00,38883.39556
2030-11-14 18:00:00,38460.47469
2030-11-14 19:00:00,37642.49001
2030-11-14 20:00:00,36820.70664
2030-11-14 21:00:00,35808.98875
2030-11-14 22:00:00,34219.8699
2030-11-14 23:00:00,33060.00308
2030-11-15 00:00:00,31312.60547
2030-11-15 01:00:00,30146.4075
2030-11-15 02:00:00,29571.53901
2030-11-15 03:00:00,29042.2548
2030-11-15 04:00:00,28764.9504
2030-11-15 05:00:00,28967.54723
2030-11-15 06:00:00,29785.53191
2030-11-15 07:00:00,31315.13793
2030-11-15 08:00:00,35629.18406
2030-11-15 09:00:00,38027.42398
2030-11-15 10:00:00,39256.93345
2030-11-15 11:00:00,40185.08016
2030-11-15 12:00:00,38557.97441
2030-11-15 13:00:00,39592.48445
2030-11-15 14:00:00,40397.80682
2030-11-15 15:00:00,40542.15706
2030-11-15 16:00:00,40224.33329
2030-11-15 17:00:00,39627.93889
2030-11-15 18:00:00,39227.81016
2030-11-15 19:00:00,38056.54727
2030-11-15 20:00:00,37163.85501
2030-11-15 21:00:00,36029.31279
2030-11-15 22:00:00,34545.29105
2030-11-15 23:00:00,33199.2884
2030-11-16 00:00:00,31448.0921
2030-11-16 01:00:00,30226.18
2030-11-16 02:00:00,29552.54556
2030-11-16 03:00:00,29059.98203
2030-11-16 04:00:00,28639.59362
2030-11-16 05:00:00,28968.81346
2030-11-16 06:00:00,29955.20675
2030-11-16 07:00:00,31439.22849
2030-11-16 08:00:00,35503.82728
2030-11-16 09:00:00,37582.97719
2030-11-16 10:00:00,38463.00715
2030-11-16 11:00:00,39194.88818
2030-11-16 12:00:00,37582.97719
2030-11-16 13:00:00,38909.98639
2030-11-16 14:00:00,39598.8156
2030-11-16 15:00:00,39733.03599
2030-11-16 16:00:00,40006.54171
2030-11-16 17:00:00,39365.82925
2030-11-16 18:00:00,38951.77199
2030-11-16 19:00:00,38084.40433
2030-11-16 20:00:00,37298.07541
2030-11-16 21:00:00,36217.98109
2030-11-16 22:00:00,34569.34943
2030-11-16 23:00:00,33303.11927
2030-11-17 00:00:00,31527.8646
2030-11-17 01:00:00,30195.79047
2030-11-17 02:00:00,29615.85706
2030-11-17 03:00:00,29192.93619
2030-11-17 04:00:00,28948.55377
2030-11-17 05:00:00,29310.6956
2030-11-17 06:00:00,30123.61536
2030-11-17 07:00:00,31708.93551
2030-11-17 08:00:00,35768.46938
2030-11-17 09:00:00,37794.43763
2030-11-17 10:00:00,38939.10969
2030-11-17 11:00:00,39735.56845
2030-11-17 12:00:00,38403.49433
2030-11-17 13:00:00,39726.70484
2030-11-17 14:00:00,40829.59131
2030-11-17 15:00:00,40677.64369
2030-11-17 16:00:00,40595.33873
2030-11-17 17:00:00,39867.25639
2030-11-17 18:00:00,39406.34861
2030-11-17 19:00:00,38370.57235
2030-11-17 20:00:00,37489.27616
2030-11-17 21:00:00,36353.46771
2030-11-17 22:00:00,34706.10228
2030-11-17 23:00:00,33285.39205
2030-11-18 00:00:00,31591.1761
2030-11-18 01:00:00,30530.07524
2030-11-18 02:00:00,29734.8827
2030-11-18 03:00:00,29033.39119
2030-11-18 04:00:00,29048.58596
2030-11-18 05:00:00,29228.39064
2030-11-18 06:00:00,29943.81067
2030-11-18 07:00:00,31326.534
2030-11-18 08:00:00,35311.3603
2030-11-18 09:00:00,37584.24342
2030-11-18 10:00:00,38740.31155
2030-11-18 11:00:00,39771.0229
2030-11-18 12:00:00,38613.68854
2030-11-18 13:00:00,39771.0229
2030-11-18 14:00:00,40534.55968
2030-11-18 15:00:00,40554.81936
2030-11-18 16:00:00,40186.34639
2030-11-18 17:00:00,39255.66722
2030-11-18 18:00:00,38678.26627
2030-11-18 19:00:00,37894.46981
2030-11-18 20:00:00,37013.17362
2030-11-18 21:00:00,35997.65704
2030-11-18 22:00:00,34618.7324
2030-11-18 23:00:00,33591.81975
2030-11-19 00:00:00,31974.84384
2030-11-19 01:00:00,30775.72389
2030-11-19 02:00:00,29819.72012
2030-11-19 03:00:00,29413.26024
2030-11-19 04:00:00,29124.55976
2030-11-19 05:00:00,29170.14405
2030-11-19 06:00:00,29299.29953
2030-11-19 07:00:00,29688.03218
2030-11-19 08:00:00,30982.1194
2030-11-19 09:00:00,32635.81598
2030-11-19 10:00:00,33500.65118
2030-11-19 11:00:00,34488.3107
2030-11-19 12:00:00,34199.61022
2030-11-19 13:00:00,34712.43343
2030-11-19 14:00:00,34925.1601
2030-11-19 15:00:00,35031.52343
2030-11-19 16:00:00,34758.01772
2030-11-19 17:00:00,35172.07498
2030-11-19 18:00:00,35372.13934
2030-11-19 19:00:00,35063.17919
2030-11-19 20:00:00,34557.95335
2030-11-19 21:00:00,34057.79244
2030-11-19 22:00:00,33113.18475
2030-11-19 23:00:00,31721.59781
2030-11-20 00:00:00,30360.40039
2030-11-20 01:00:00,29295.50084
2030-11-20 02:00:00,28302.7764
2030-11-20 03:00:00,27898.84898
2030-11-20 04:00:00,27540.50584
2030-11-20 05:00:00,27588.62259
2030-11-20 06:00:00,27996.3487
2030-11-20 07:00:00,27979.88771
2030-11-20 08:00:00,28928.29409
2030-11-20 09:00:00,29629.7856
2030-11-20 10:00:00,30789.65242
2030-11-20 11:00:00,31437.96226
2030-11-20 12:00:00,31763.38341
2030-11-20 13:00:00,31812.76638
2030-11-20 14:00:00,32079.94094
2030-11-20 15:00:00,32112.86293
2030-11-20 16:00:00,32472.47229
2030-11-20 17:00:00,33633.60534
2030-11-20 18:00:00,34037.53276
2030-11-20 19:00:00,34029.93538
2030-11-20 20:00:00,34027.40292
2030-11-20 21:00:00,33624.74173
2030-11-20 22:00:00,32282.53777
2030-11-20 23:00:00,30925.13904
2030-11-21 00:00:00,29586.73377
2030-11-21 01:00:00,28645.92477
2030-11-21 02:00:00,27817.81025
2030-11-21 03:00:00,27518.97993
2030-11-21 04:00:00,27341.70771
2030-11-21 05:00:00,27772.22596
2030-11-21 06:00:00,28631.99624
2030-11-21 07:00:00,30476.89357
2030-11-21 08:00:00,35022.65982
2030-11-21 09:00:00,37557.65259
2030-11-21 10:00:00,38668.13643
2030-11-21 11:00:00,39489.9198
2030-11-21 12:00:00,37976.77477
2030-11-21 13:00:00,39417.74468
2030-11-21 14:00:00,40031.86631
2030-11-21 15:00:00,40060.9896
2030-11-21 16:00:00,40101.50897
2030-11-21 17:00:00,39615.27659
2030-11-21 18:00:00,39216.41409
2030-11-21 19:00:00,38470.60453
2030-11-21 20:00:00,37455.08795
2030-11-21 21:00:00,36475.02581
2030-11-21 22:00:00,35036.58835
2030-11-21 23:00:00,33718.44276
2030-11-22 00:00:00,32101.46686
2030-11-22 01:00:00,31042.89845
2030-11-22 02:00:00,30114.75175
2030-11-22 03:00:00,29738.68139
2030-11-22 04:00:00,29557.61048
2030-11-22 05:00:00,29729.81778
2030-11-22 06:00:00,30535.14016
2030-11-22 07:00:00,32230.62233
2030-11-22 08:00:00,36490.22057
2030-11-22 09:00:00,38826.4152
2030-11-22 10:00:00,39945.76266
2030-11-22 11:00:00,40724.4942
2030-11-22 12:00:00,39155.63504
2030-11-22 13:00:00,40204.07361
2030-11-22 14:00:00,40738.42273
2030-11-22 15:00:00,40846.0523
2030-11-22 16:00:00,40689.03976
2030-11-22 17:00:00,40153.4244
2030-11-22 18:00:00,39781.15274
2030-11-22 19:00:00,38885.92802
2030-11-22 20:00:00,38040.08628
2030-11-22 21:00:00,36829.57025
2030-11-22 22:00:00,35203.73073
2030-11-22 23:00:00,34010.94193
2030-11-23 00:00:00,32433.21916
2030-11-23 01:00:00,31137.86571
2030-11-23 02:00:00,30399.65353
2030-11-23 03:00:00,29886.83032
2030-11-23 04:00:00,29441.1173
2030-11-23 05:00:00,29713.35679
2030-11-23 06:00:00,30608.58151
2030-11-23 07:00:00,32243.28463
2030-11-23 08:00:00,36334.47426
2030-11-23 09:00:00,38394.63072
2030-11-23 10:00:00,39165.76488
2030-11-23 11:00:00,39554.49754
2030-11-23 12:00:00,37732.39235
2030-11-23 13:00:00,39099.92092
2030-11-23 14:00:00,39801.41242
2030-11-23 15:00:00,39762.15929
2030-11-23 16:00:00,40104.04143
2030-11-23 17:00:00,39446.86798
2030-11-23 18:00:00,39035.34318
2030-11-23 19:00:00,38312.32576
2030-11-23 20:00:00,38048.94989
2030-11-23 21:00:00,36459.83105
2030-11-23 22:00:00,34768.14756
2030-11-23 23:00:00,33431.00852
2030-11-24 00:00:00,31722.86404
2030-11-24 01:00:00,30412.31583
2030-11-24 02:00:00,29719.68794
2030-11-24 03:00:00,29257.51393
2030-11-24 04:00:00,29027.06004
2030-11-24 05:00:00,29224.59195
2030-11-24 06:00:00,30193.25801
2030-11-24 07:00:00,31705.13682
2030-11-24 08:00:00,35630.45029
2030-11-24 09:00:00,37702.00283
2030-11-24 10:00:00,38555.44195
2030-11-24 11:00:00,39066.99893
2030-11-24 12:00:00,37058.75791
2030-11-24 13:00:00,38511.12389
2030-11-24 14:00:00,39261.99838
2030-11-24 15:00:00,39445.60175
2030-11-24 16:00:00,39716.575
2030-11-24 17:00:00,39456.99782
2030-11-24 18:00:00,38955.57068
2030-11-24 19:00:00,38140.11846
2030-11-24 20:00:00,37413.30235
2030-11-24 21:00:00,36318.01327
2030-11-24 22:00:00,34852.98498
2030-11-24 23:00:00,33474.06034
2030-11-25 00:00:00,31772.24702
2030-11-25 01:00:00,30689.62023
2030-11-25 02:00:00,29679.16857
2030-11-25 03:00:00,29291.70215
2030-11-25 04:00:00,29039.72234
2030-11-25 05:00:00,29271.44246
2030-11-25 06:00:00,30205.92032
2030-11-25 07:00:00,31606.37087
2030-11-25 08:00:00,35259.44486
2030-11-25 09:00:00,37417.10104
2030-11-25 10:00:00,38526.31866
2030-11-25 11:00:00,39270.86199
2030-11-25 12:00:00,37731.12612
2030-11-25 13:00:00,38851.73981
2030-11-25 14:00:00,39391.15385
2030-11-25 15:00:00,39355.69941
2030-11-25 16:00:00,39175.89472
2030-11-25 17:00:00,38521.25374
2030-11-25 18:00:00,38171.77421
2030-11-25 19:00:00,37248.69243
2030-11-25 20:00:00,36519.34386
2030-11-25 21:00:00,35520.28827
2030-11-25 22:00:00,34370.55129
2030-11-25 23:00:00,33076.46407
2030-11-26 00:00:00,31255.62511
2030-11-26 01:00:00,30048.90778
2030-11-26 02:00:00,29246.11786
2030-11-26 03:00:00,28790.275
2030-11-26 04:00:00,28454.72401
2030-11-26 05:00:00,28423.06826
2030-11-26 06:00:00,28649.72346
2030-11-26 07:00:00,28705.43758
2030-11-26 08:00:00,29311.96183
2030-11-26 09:00:00,30319.88103
2030-11-26 10:00:00,31277.15103
2030-11-26 11:00:00,32128.05769
2030-11-26 12:00:00,31830.4936
2030-11-26 13:00:00,32230.62233
2030-11-26 14:00:00,32028.02551
2030-11-26 15:00:00,32130.59015
2030-11-26 16:00:00,32477.53721
2030-11-26 17:00:00,33372.76193
2030-11-26 18:00:00,33422.14491
2030-11-26 19:00:00,33205.61955
2030-11-26 20:00:00,32999.22404
2030-11-26 21:00:00,32493.9982
2030-11-26 22:00:00,31591.1761
2030-11-26 23:00:00,30430.04305
2030-11-27 00:00:00,29070.11187
2030-11-27 01:00:00,28030.53691
2030-11-27 02:00:00,27231.54569
2030-11-27 03:00:00,26770.63791
2030-11-27 04:00:00,26625.02144
2030-11-27 05:00:00,26640.2162
2030-11-27 06:00:00,27021.35148
2030-11-27 07:00:00,27318.91557
2030-11-27 08:00:00,27927.97227
2030-11-27 09:00:00,29019.46266
2030-11-27 10:00:00,30190.72555
2030-11-27 11:00:00,30855.49639
2030-11-27 12:00:00,31293.61202
2030-11-27 13:00:00,31170.78769
2030-11-27 14:00:00,31203.70968
2030-11-27 15:00:00,31516.46853
2030-11-27 16:00:00,31911.53233
2030-11-27 17:00:00,32973.89943
2030-11-27 18:00:00,33709.57915
2030-11-27 19:00:00,33669.05979
2030-11-27 20:00:00,33741.23491
2030-11-27 21:00:00,33104.32114
2030-11-27 22:00:00,31852.01952
2030-11-27 23:00:00,30343.9394
2030-11-28 00:00:00,28976.41084
2030-11-28 01:00:00,27906.44636
2030-11-28 02:00:00,27274.59751
2030-11-28 03:00:00,26798.49497
2030-11-28 04:00:00,26889.66354
2030-11-28 05:00:00,26982.09834
2030-11-28 06:00:00,28105.24449
2030-11-28 07:00:00,29771.60337
2030-11-28 08:00:00,34233.79844
2030-11-28 09:00:00,36848.5637
2030-11-28 10:00:00,38330.05298
2030-11-28 11:00:00,39503.84833
2030-11-28 12:00:00,38288.26739
2030-11-28 13:00:00,39787.48389
2030-11-28 14:00:00,40676.37746
2030-11-28 15:00:00,40799.20178
2030-11-28 16:00:00,40595.33873
2030-11-28 17:00:00,39872.32131
2030-11-28 18:00:00,39416.47845
2030-11-28 19:00:00,38616.221
2030-11-28 20:00:00,37637.42509
2030-11-28 21:00:00,36729.53807
2030-11-28 22:00:00,35096.10117
2030-11-28 23:00:00,33701.98177
2030-11-29 00:00:00,32088.80455
2030-11-29 01:00:00,30859.29508
2030-11-29 02:00:00,30152.73865
2030-11-29 03:00:00,29689.29841
2030-11-29 04:00:00,29381.60449
2030-11-29 05:00:00,29457.5783
2030-11-29 06:00:00,30383.19254
2030-11-29 07:00:00,31397.44289
2030-11-29 08:00:00,35369.60688
2030-11-29 09:00:00,38459.20846
2030-11-29 10:00:00,39574.75722
2030-11-29 11:00:00,40734.62404
2030-11-29 12:00:00,39362.03056
2030-11-29 13:00:00,40250.92413
2030-11-29 14:00:00,41660.23829
2030-11-29 15:00:00,41794.45868
2030-11-29 16:00:00,41620.98515
2030-11-29 17:00:00,40928.35726
2030-11-29 18:00:00,40328.16416
2030-11-29 19:00:00,39446.86798
2030-11-29 20:00:00,38573.16917
2030-11-29 21:00:00,37399.37382
2030-11-29 22:00:00,35619.05422
2030-11-29 23:00:00,34221.13613
2030-11-30 00:00:00,32458.54376
2030-11-30 01:00:00,31136.59948
2030-11-30 02:00:00,30389.52369
2030-11-30 03:00:00,30450.30274
2030-11-30 04:00:00,30185.66063
2030-11-30 05:00:00,30445.23782
2030-11-30 06:00:00,31203.70968
2030-11-30 07:00:00,32571.23824
2030-11-30 08:00:00,37189.17961
2030-11-30 09:00:00,38909.98639
2030-11-30 10:00:00,39938.16528
2030-11-30 11:00:00,40528.22853
2030-11-30 12:00:00,38601.02624
2030-11-30 13:00:00,40591.54004
2030-11-30 14:00:00,40930.88972
2030-11-30 15:00:00,40933.42218
2030-11-30 16:00:00,40778.9421
2030-11-30 17:00:00,40011.60663
2030-11-30 18:00:00,39508.91326
2030-11-30 19:00:00,38580.76655
2030-11-30 20:00:00,37685.54183
2030-11-30 21:00:00,36535.80485
2030-11-30 22:00:00,34964.41323
2030-11-30 23:00:00,33512.04725
2030-12-01 00:00:00,31814.03261
2030-12-01 01:00:00,30625.0425
2030-12-01 02:00:00,29867.83687
2030-12-01 03:00:00,29348.6825
2030-12-01 04:00:00,29084.0404
2030-12-01 05:00:00,29343.61758
2030-12-01 06:00:00,30102.08944
2030-12-01 07:00:00,31469.61801
2030-12-01 08:00:00,33817.20871
2030-12-01 09:00:00,34714.96589
2030-12-01 10:00:00,35241.71764
2030-12-01 11:00:00,35602.59323
2030-12-01 12:00:00,33341.10618
2030-12-01 13:00:00,35391.1328
2030-12-01 14:00:00,35739.34609
2030-12-01 15:00:00,35829.24843
2030-12-01 16:00:00,36378.79232
2030-12-01 17:00:00,36293.9549
2030-12-01 18:00:00,36352.20148
2030-12-01 19:00:00,35772.26807
2030-12-01 20:00:00,35405.06133
2030-12-01 21:00:00,34775.74494
2030-12-01 22:00:00,33385.42423
2030-12-01 23:00:00,31781.11063
2030-12-02 00:00:00,29753.87615
2030-12-02 01:00:00,28352.15937
2030-12-02 02:00:00,27518.97993
2030-12-02 03:00:00,27013.7541
2030-12-02 04:00:00,26802.29366
2030-12-02 05:00:00,27111.25382
2030-12-02 06:00:00,28331.89969
2030-12-02 07:00:00,29280.30607
2030-12-02 08:00:00,32715.58848
2030-12-02 09:00:00,33612.07943
2030-12-02 10:00:00,34140.0974
2030-12-02 11:00:00,34500.973
2030-12-02 12:00:00,32239.48594
2030-12-02 13:00:00,34288.24633
2030-12-02 14:00:00,34637.72585
2030-12-02 15:00:00,34727.6282
2030-12-02 16:00:00,35275.90585
2030-12-02 17:00:00,35192.33466
2030-12-02 18:00:00,35250.58125
2030-12-02 19:00:00,35263.24355
2030-12-02 20:00:00,34947.95224
2030-12-02 21:00:00,34217.33744
2030-12-02 22:00:00,32909.32169
2030-12-02 23:00:00,31872.2792
2030-12-03 00:00:00,30354.06924
2030-12-03 01:00:00,29205.59849
2030-12-03 02:00:00,28231.86751
2030-12-03 03:00:00,27751.96628
2030-12-03 04:00:00,27568.36291
2030-12-03 05:00:00,27574.69406
2030-12-03 06:00:00,28182.48453
2030-12-03 07:00:00,29067.57941
2030-12-03 08:00:00,31810.23392
2030-12-03 09:00:00,28281.25048
2030-12-03 10:00:00,28283.78294
2030-12-03 11:00:00,28007.74477
2030-12-03 12:00:00,28239.46489
2030-12-03 13:00:00,28385.08136
2030-12-03 14:00:00,28296.44524
2030-12-03 15:00:00,32705.45864
2030-12-03 16:00:00,33132.1782
2030-12-03 17:00:00,33205.61955
2030-12-03 18:00:00,32838.41281
2030-12-03 19:00:00,33065.068
2030-12-03 20:00:00,33215.74939
2030-12-03 21:00:00,32870.06856
2030-12-03 22:00:00,31758.31848
2030-12-03 23:00:00,30523.74408
2030-12-04 00:00:00,29204.33226
2030-12-04 01:00:00,28162.22485
2030-12-04 02:00:00,27310.05195
2030-12-04 03:00:00,26826.35204
2030-12-04 04:00:00,26637.68374
2030-12-04 05:00:00,26664.27458
2030-12-04 06:00:00,26735.18346
2030-12-04 07:00:00,27407.55168
2030-12-04 08:00:00,32277.47285
2030-12-04 09:00:00,28818.13207
2030-12-04 10:00:00,28891.57342
2030-12-04 11:00:00,28685.1779
2030-12-04 12:00:00,28987.80691
2030-12-04 13:00:00,29203.06603
2030-12-04 14:00:00,29184.07258
2030-12-04 15:00:00,33663.99487
2030-12-04 16:00:00,30845.36654
2030-12-04 17:00:00,31717.79912
2030-12-04 18:00:00,31917.86348
2030-12-04 19:00:00,31982.44122
2030-12-04 20:00:00,32047.01896
2030-12-04 21:00:00,31553.1892
2030-12-04 22:00:00,30275.56297
2030-12-04 23:00:00,28990.33937
2030-12-05 00:00:00,27261.93521
2030-12-05 01:00:00,26157.78251
2030-12-05 02:00:00,25376.51851
2030-12-05 03:00:00,25081.48688
2030-12-05 04:00:00,24821.9097
2030-12-05 05:00:00,25039.70129
2030-12-05 06:00:00,25803.23807
2030-12-05 07:00:00,26475.60628
2030-12-05 08:00:00,31974.84384
2030-12-05 09:00:00,32880.1984
2030-12-05 10:00:00,33414.54753
2030-12-05 11:00:00,33781.75427
2030-12-05 12:00:00,31526.59837
2030-12-05 13:00:00,33584.22237
2030-12-05 14:00:00,33940.03304
2030-12-05 15:00:00,34036.26653
2030-12-05 16:00:00,34593.4078
2030-12-05 17:00:00,34516.16776
2030-12-05 18:00:00,34582.01173
2030-12-05 19:00:00,34007.14324
2030-12-05 20:00:00,33648.8001
2030-12-05 21:00:00,33025.81487
2030-12-05 22:00:00,31643.09154
2030-12-05 23:00:00,30045.10909
2030-12-06 00:00:00,28025.47199
2030-12-06 01:00:00,28030.53691
2030-12-06 02:00:00,27797.55056
2030-12-06 03:00:00,27272.06505
2030-12-06 04:00:00,27120.11743
2030-12-06 05:00:00,27248.00668
2030-12-06 06:00:00,28019.14084
2030-12-06 07:00:00,29057.44957
2030-12-06 08:00:00,32582.63431
2030-12-06 09:00:00,33570.29383
2030-12-06 10:00:00,34188.21415
2030-12-06 11:00:00,34638.99208
2030-12-06 12:00:00,32467.40737
2030-12-06 13:00:00,34607.33633
2030-12-06 14:00:00,35045.45196
2030-12-06 15:00:00,35226.52288
2030-12-06 16:00:00,35864.70287
2030-12-06 17:00:00,35871.03402
2030-12-06 18:00:00,36249.63684
2030-12-06 19:00:00,36147.0722
2030-12-06 20:00:00,35479.76891
2030-12-06 21:00:00,34603.53764
2030-12-06 22:00:00,33113.18475
2030-12-06 23:00:00,32036.88912
2030-12-07 00:00:00,30167.93341
2030-12-07 01:00:00,28965.01477
2030-12-07 02:00:00,28373.68528
2030-12-07 03:00:00,27929.2385
2030-12-07 04:00:00,27660.79771
2030-12-07 05:00:00,28046.9979
2030-12-07 06:00:00,28940.95639
2030-12-07 07:00:00,30466.76373
2030-12-07 08:00:00,33565.22891
2030-12-07 09:00:00,35272.10716
2030-12-07 10:00:00,36098.95545
2030-12-07 11:00:00,36916.94013
2030-12-07 12:00:00,36362.33132
2030-12-07 13:00:00,38189.50144
2030-12-07 14:00:00,38314.85822
2030-12-07 15:00:00,38181.90405
2030-12-07 16:00:00,38507.3252
2030-12-07 17:00:00,38199.63128
2030-12-07 18:00:00,37921.06064
2030-12-07 19:00:00,37085.34874
2030-12-07 20:00:00,36462.36351
2030-12-07 21:00:00,35577.26863
2030-12-07 22:00:00,33931.16943
2030-12-07 23:00:00,32071.07733
2030-12-08 00:00:00,29788.06437
2030-12-08 01:00:00,28130.56909
2030-12-08 02:00:00,28001.41362
2030-12-08 03:00:00,27550.63568
2030-12-08 04:00:00,27627.87572
2030-12-08 05:00:00,28761.15171
2030-12-08 06:00:00,30960.59349
2030-12-08 07:00:00,32616.82253
2030-12-08 08:00:00,33919.77336
2030-12-08 09:00:00,35337.95113
2030-12-08 10:00:00,35779.86545
2030-12-08 11:00:00,36280.02636
2030-12-08 12:00:00,34157.82463
2030-12-08 13:00:00,36347.13656
2030-12-08 14:00:00,36835.9014
2030-12-08 15:00:00,37066.35529
2030-12-08 16:00:00,37208.17307
2030-12-08 17:00:00,37022.03723
2030-12-08 18:00:00,37000.51132
2030-12-08 19:00:00,36217.98109
2030-12-08 20:00:00,35553.21026
2030-12-08 21:00:00,34167.95447
2030-12-08 22:00:00,33133.44443
2030-12-08 23:00:00,31883.67527
2030-12-09 00:00:00,30210.98524
2030-12-09 01:00:00,29771.60337
2030-12-09 02:00:00,28244.52981
2030-12-09 03:00:00,27621.54457
2030-12-09 04:00:00,27474.66187
2030-12-09 05:00:00,27776.02465
2030-12-09 06:00:00,28834.59306
2030-12-09 07:00:00,30193.25801
2030-12-09 08:00:00,33515.84594
2030-12-09 09:00:00,33889.38383
2030-12-09 10:00:00,34368.01883
2030-12-09 11:00:00,34680.77768
2030-12-09 12:00:00,32371.17388
2030-12-09 13:00:00,34373.08375
2030-12-09 14:00:00,34673.1803
2030-12-09 15:00:00,34714.96589
2030-12-09 16:00:00,35215.1268
2030-12-09 17:00:00,35606.39192
2030-12-09 18:00:00,35603.85946
2030-12-09 19:00:00,34847.92006
2030-12-09 20:00:00,34307.23978
2030-12-09 21:00:00,33501.91741
2030-12-09 22:00:00,31936.85694
2030-12-09 23:00:00,30157.80357
2030-12-10 00:00:00,30141.34258
2030-12-10 01:00:00,28902.96949
2030-12-10 02:00:00,28072.32251
2030-12-10 03:00:00,27408.81791
2030-12-10 04:00:00,27320.1818
2030-12-10 05:00:00,27375.89592
2030-12-10 06:00:00,27822.87517
2030-12-10 07:00:00,27926.70604
2030-12-10 08:00:00,29268.91
2030-12-10 09:00:00,29504.42881
2030-12-10 10:00:00,30614.91266
2030-12-10 11:00:00,30199.58917
2030-12-10 12:00:00,30292.02397
2030-12-10 13:00:00,30298.35512
2030-12-10 14:00:00,30069.16746
2030-12-10 15:00:00,34340.16177
2030-12-10 16:00:00,31312.60547
2030-12-10 17:00:00,31974.84384
2030-12-10 18:00:00,31055.56075
2030-12-10 19:00:00,30832.70424
2030-12-10 20:00:00,30609.84774
2030-12-10 21:00:00,29828.58373
2030-12-10 22:00:00,28263.52326
2030-12-10 23:00:00,26690.86541
2030-12-11 00:00:00,24673.76077
2030-12-11 01:00:00,23282.17384
2030-12-11 02:00:00,22213.47559
2030-12-11 03:00:00,21631.00972
2030-12-11 04:00:00,21083.99829
2030-12-11 05:00:00,21013.0894
2030-12-11 06:00:00,23337.88796
2030-12-11 07:00:00,23800.06197
2030-12-11 08:00:00,28461.05516
2030-12-11 09:00:00,28444.59417
2030-12-11 10:00:00,28729.49596
2030-12-11 11:00:00,29125.826
2030-12-11 12:00:00,29124.55976
2030-12-11 13:00:00,29219.52703
2030-12-11 14:00:00,29529.75341
2030-12-11 15:00:00,29758.94107
2030-12-11 16:00:00,30400.91976
2030-12-11 17:00:00,31676.01352
2030-12-11 18:00:00,32277.47285
2030-12-11 19:00:00,32297.73253
2030-12-11 20:00:00,32300.26499
2030-12-11 21:00:00,32000.16844
2030-12-11 22:00:00,30766.86027
2030-12-11 23:00:00,29410.72778
2030-12-12 00:00:00,27917.84243
2030-12-12 01:00:00,26640.2162
2030-12-12 02:00:00,26000.76998
2030-12-12 03:00:00,26038.75688
2030-12-12 04:00:00,25822.23152
2030-12-12 05:00:00,26084.34117
2030-12-12 06:00:00,26893.46223
2030-12-12 07:00:00,27610.1485
2030-12-12 08:00:00,33153.70411
2030-12-12 09:00:00,34103.37673
2030-12-12 10:00:00,34682.04391
2030-12-12 11:00:00,35093.56871
2030-12-12 12:00:00,32883.99709
2030-12-12 13:00:00,34985.93915
2030-12-12 14:00:00,35386.06787
2030-12-12 15:00:00,35527.88565
2030-12-12 16:00:00,36128.07875
2030-12-12 17:00:00,36095.15676
2030-12-12 18:00:00,36205.31878
2030-12-12 19:00:00,35676.03458
2030-12-12 20:00:00,35362.0095
2030-12-12 21:00:00,34784.60855
2030-12-12 22:00:00,33444.93705
2030-12-12 23:00:00,31892.53888
2030-12-13 00:00:00,29917.21984
2030-12-13 01:00:00,28567.4185
2030-12-13 02:00:00,27784.88826
2030-12-13 03:00:00,27331.57787
2030-12-13 04:00:00,27170.76664
2030-12-13 05:00:00,27531.64223
2030-12-13 06:00:00,28804.20354
2030-12-13 07:00:00,29804.52536
2030-12-13 08:00:00,33290.45697
2030-12-13 09:00:00,34240.12959
2030-12-13 10:00:00,34818.79677
2030-12-13 11:00:00,35230.32157
2030-12-13 12:00:00,33020.74995
2030-12-13 13:00:00,35122.692
2030-12-13 14:00:00,35522.82073
2030-12-13 15:00:00,35664.63851
2030-12-13 16:00:00,36264.8316
2030-12-13 17:00:00,36231.90962
2030-12-13 18:00:00,36342.07164
2030-12-13 19:00:00,35812.78744
2030-12-13 20:00:00,35498.76236
2030-12-13 21:00:00,34921.36141
2030-12-13 22:00:00,33581.68991
2030-12-13 23:00:00,32029.29174
2030-12-14 00:00:00,30053.9727
2030-12-14 01:00:00,28704.17135
2030-12-14 02:00:00,27921.64112
2030-12-14 03:00:00,27468.33072
2030-12-14 04:00:00,27491.12287
2030-12-14 05:00:00,27582.29144
2030-12-14 06:00:00,28504.10699
2030-12-14 07:00:00,30262.90067
2030-12-14 08:00:00,33772.89066
2030-12-14 09:00:00,35237.91895
2030-12-14 10:00:00,35508.8922
2030-12-14 11:00:00,36030.57902
2030-12-14 12:00:00,33984.35109
2030-12-14 13:00:00,35468.37283
2030-12-14 14:00:00,36119.21513
2030-12-14 15:00:00,36174.92926
2030-12-14 16:00:00,35581.06732
2030-12-14 17:00:00,35651.97621
2030-12-14 18:00:00,35678.56704
2030-12-14 19:00:00,35263.24355
2030-12-14 20:00:00,35063.17919
2030-12-14 21:00:00,34599.73895
2030-12-14 22:00:00,33375.29439
2030-12-14 23:00:00,31936.85694
2030-12-15 00:00:00,30075.49861
2030-12-15 01:00:00,28840.92421
2030-12-15 02:00:00,28737.09334
2030-12-15 03:00:00,28116.64056
2030-12-15 04:00:00,28933.35901
2030-12-15 05:00:00,29037.18988
2030-12-15 06:00:00,30311.01742
2030-12-15 07:00:00,30970.72333
2030-12-15 08:00:00,34117.30526
2030-12-15 09:00:00,34690.90752
2030-12-15 10:00:00,35610.19061
2030-12-15 11:00:00,36005.25442
2030-12-15 12:00:00,34247.72697
2030-12-15 13:00:00,35550.67779
2030-12-15 14:00:00,36309.14966
2030-12-15 15:00:00,36682.68755
2030-12-15 16:00:00,37089.14743
2030-12-15 17:00:00,37377.84791
2030-12-15 18:00:00,37460.15287
2030-12-15 19:00:00,36908.07652
2030-12-15 20:00:00,36442.10382
2030-12-15 21:00:00,35701.35918
2030-12-15 22:00:00,34331.29816
2030-12-15 23:00:00,33152.43788
2030-12-16 00:00:00,30949.19742
2030-12-16 01:00:00,29620.92199
2030-12-16 02:00:00,28890.30719
2030-12-16 03:00:00,28310.37378
2030-12-16 04:00:00,28038.13429
2030-12-16 05:00:00,28372.41905
2030-12-16 06:00:00,29294.23461
2030-12-16 07:00:00,32078.67471
2030-12-16 08:00:00,33355.03471
2030-12-16 09:00:00,35099.89986
2030-12-16 10:00:00,35757.07331
2030-12-16 11:00:00,36248.37061
2030-12-16 12:00:00,34117.30526
2030-12-16 13:00:00,36297.75359
2030-12-16 14:00:00,36777.65481
2030-12-16 15:00:00,36997.97886
2030-12-16 16:00:00,37252.49112
2030-12-16 17:00:00,37106.87465
2030-12-16 18:00:00,37019.50477
2030-12-16 19:00:00,36368.66247
2030-12-16 20:00:00,35465.84037
2030-12-16 21:00:00,35068.24411
2030-12-16 22:00:00,33909.64352
2030-12-16 23:00:00,32537.05003
2030-12-17 00:00:00,30741.53567
2030-12-17 01:00:00,29571.53901
2030-12-17 02:00:00,28970.07969
2030-12-17 03:00:00,28696.57397
2030-12-17 04:00:00,28716.83366
2030-12-17 05:00:00,27969.75786
2030-12-17 06:00:00,28440.79548
2030-12-17 07:00:00,28789.00877
2030-12-17 08:00:00,29953.94052
2030-12-17 09:00:00,31197.37853
2030-12-17 10:00:00,31600.03972
2030-12-17 11:00:00,31887.47396
2030-12-17 12:00:00,31532.92952
2030-12-17 13:00:00,31865.94805
2030-12-17 14:00:00,31767.1821
2030-12-17 15:00:00,31825.42868
2030-12-17 16:00:00,32700.39372
2030-12-17 17:00:00,33902.04613
2030-12-17 18:00:00,33921.03959
2030-12-17 19:00:00,33652.59879
2030-12-17 20:00:00,33722.24145
2030-12-17 21:00:00,33394.28784
2030-12-17 22:00:00,32533.25134
2030-12-17 23:00:00,31068.22305
2030-12-18 00:00:00,29608.25968
2030-12-18 01:00:00,28390.14628
2030-12-18 02:00:00,27354.37001
2030-12-18 03:00:00,26801.02743
2030-12-18 04:00:00,26462.94398
2030-12-18 05:00:00,26559.17747
2030-12-18 06:00:00,26928.91668
2030-12-18 07:00:00,27193.55878
2030-12-18 08:00:00,27782.3558
2030-12-18 09:00:00,28399.00989
2030-12-18 10:00:00,28924.4954
2030-12-18 11:00:00,29261.31262
2030-12-18 12:00:00,29327.15659
2030-12-18 13:00:00,29561.40917
2030-12-18 14:00:00,29555.07802
2030-12-18 15:00:00,30537.67262
2030-12-18 16:00:00,30692.1527
2030-12-18 17:00:00,32501.59558
2030-12-18 18:00:00,33287.92451
2030-12-18 19:00:00,33595.61844
2030-12-18 20:00:00,33891.91629
2030-12-18 21:00:00,33937.50058
2030-12-18 22:00:00,33043.54209
2030-12-18 23:00:00,31220.17067
2030-12-19 00:00:00,29510.75996
2030-12-19 01:00:00,28154.62747
2030-12-19 02:00:00,27364.49985
2030-12-19 03:00:00,26942.84521
2030-12-19 04:00:00,26709.85886
2030-12-19 05:00:00,27151.77319
2030-12-19 06:00:00,28269.85441
2030-12-19 07:00:00,29557.61048
2030-12-19 08:00:00,31540.5269
2030-12-19 09:00:00,34213.53875
2030-12-19 10:00:00,34694.70621
2030-12-19 11:00:00,34993.53653
2030-12-19 12:00:00,33173.9638
2030-12-19 13:00:00,34368.01883
2030-12-19 14:00:00,35293.63307
2030-12-19 15:00:00,35630.45029
2030-12-19 16:00:00,36087.55938
2030-12-19 17:00:00,36429.44152
2030-12-19 18:00:00,36708.01216
2030-12-19 19:00:00,36523.14255
2030-12-19 20:00:00,36390.18839
2030-12-19 21:00:00,35973.59867
2030-12-19 22:00:00,34692.17375
2030-12-19 23:00:00,33028.34733
2030-12-20 00:00:00,31068.22305
2030-12-20 01:00:00,29713.35679
2030-12-20 02:00:00,28919.43048
2030-12-20 03:00:00,28234.39997
2030-12-20 04:00:00,28140.69894
2030-12-20 05:00:00,28324.30231
2030-12-20 06:00:00,29613.3246
2030-12-20 07:00:00,30590.85428
2030-12-20 08:00:00,33160.03526
2030-12-20 09:00:00,34593.4078
2030-12-20 10:00:00,35317.69145
2030-12-20 11:00:00,35717.82018
2030-12-20 12:00:00,33691.85193
2030-12-20 13:00:00,35087.23756
2030-12-20 14:00:00,36020.44918
2030-12-20 15:00:00,36168.59811
2030-12-20 16:00:00,36492.75303
2030-12-20 17:00:00,36412.98053
2030-12-20 18:00:00,36901.74537
2030-12-20 19:00:00,36434.50644
2030-12-20 20:00:00,36105.2866
2030-12-20 21:00:00,35741.87855
2030-12-20 22:00:00,34366.7526
2030-12-20 23:00:00,32761.17277
2030-12-21 00:00:00,30965.65841
2030-12-21 01:00:00,29650.04528
2030-12-21 02:00:00,28742.15826
2030-12-21 03:00:00,28205.27667
2030-12-21 04:00:00,27829.20632
2030-12-21 05:00:00,28347.09445
2030-12-21 06:00:00,29531.01964
2030-12-21 07:00:00,30871.95738
2030-12-21 08:00:00,33555.09907
2030-12-21 09:00:00,35031.52343
2030-12-21 10:00:00,35593.72962
2030-12-21 11:00:00,35921.68323
2030-12-21 12:00:00,33955.2278
2030-12-21 13:00:00,35334.15244
2030-12-21 14:00:00,36002.72196
2030-12-21 15:00:00,36167.33188
2030-12-21 16:00:00,36733.33676
2030-12-21 17:00:00,36659.89541
2030-12-21 18:00:00,37014.43985
2030-12-21 19:00:00,36635.83704
2030-12-21 20:00:00,36372.46116
2030-12-21 21:00:00,35793.79398
2030-12-21 22:00:00,34622.53109
2030-12-21 23:00:00,33039.7434
2030-12-22 00:00:00,31058.09321
2030-12-22 01:00:00,29738.68139
2030-12-22 02:00:00,28832.0606
2030-12-22 03:00:00,28268.58818
2030-12-22 04:00:00,28252.12719
2030-12-22 05:00:00,28545.89258
2030-12-22 06:00:00,29751.34369
2030-12-22 07:00:00,30669.36055
2030-12-22 08:00:00,33056.20439
2030-12-22 09:00:00,34241.39582
2030-12-22 10:00:00,34560.48581
2030-12-22 11:00:00,35009.99752
2030-12-22 12:00:00,32837.14658
2030-12-22 13:00:00,34977.07554
2030-12-22 14:00:00,35413.92494
2030-12-22 15:00:00,35593.72962
2030-12-22 16:00:00,36231.90962
2030-12-22 17:00:00,36236.97454
2030-12-22 18:00:00,36381.32478
2030-12-22 19:00:00,36304.08474
2030-12-22 20:00:00,36242.03946
2030-12-22 21:00:00,35730.48248
2030-12-22 22:00:00,34481.97955
2030-12-22 23:00:00,32954.90598
2030-12-23 00:00:00,31037.83353
2030-12-23 01:00:00,29699.42825
2030-12-23 02:00:00,28692.77528
2030-12-23 03:00:00,28235.6662
2030-12-23 04:00:00,27953.29687
2030-12-23 05:00:00,28347.09445
2030-12-23 06:00:00,29515.82488
2030-12-23 07:00:00,30638.97103
2030-12-23 08:00:00,33029.61356
2030-12-23 09:00:00,33715.9103
2030-12-23 10:00:00,34278.11649
2030-12-23 11:00:00,34671.91407
2030-12-23 12:00:00,32444.61523
2030-12-23 13:00:00,34527.56383
2030-12-23 14:00:00,34909.96534
2030-12-23 15:00:00,35034.05589
2030-12-23 16:00:00,35616.52176
2030-12-23 17:00:00,35567.13879
2030-12-23 18:00:00,35454.4443
2030-12-23 19:00:00,35524.08696
2030-12-23 20:00:00,35827.9822
2030-12-23 21:00:00,35502.56105
2030-12-23 22:00:00,34782.07609
2030-12-23 23:00:00,33446.20328
2030-12-24 00:00:00,33287.92451
2030-12-24 01:00:00,31789.97424
2030-12-24 02:00:00,30861.82754
2030-12-24 03:00:00,30260.36821
2030-12-24 04:00:00,29952.67429
2030-12-24 05:00:00,30165.40095
2030-12-24 06:00:00,31289.81333
2030-12-24 07:00:00,32119.19408
2030-12-24 08:00:00,34825.12792
2030-12-24 09:00:00,31260.69003
2030-12-24 10:00:00,31226.50182
2030-12-24 11:00:00,30915.0092
2030-12-24 12:00:00,31110.00865
2030-12-24 13:00:00,31218.90444
2030-12-24 14:00:00,31094.81388
2030-12-24 15:00:00,35467.1066
2030-12-24 16:00:00,32543.38118
2030-12-24 17:00:00,33309.45042
2030-12-24 18:00:00,33309.45042
2030-12-24 19:00:00,33370.22947
2030-12-24 20:00:00,33528.50824
2030-12-24 21:00:00,33291.7232
2030-12-24 22:00:00,32613.02384
2030-12-24 23:00:00,31949.51924
2030-12-25 00:00:00,30671.89301
2030-12-25 01:00:00,29444.91599
2030-12-25 02:00:00,28216.67274
2030-12-25 03:00:00,27643.07049
2030-12-25 04:00:00,26759.24184
2030-12-25 05:00:00,26795.96251
2030-12-25 06:00:00,27097.32529
2030-12-25 07:00:00,27488.59041
2030-12-25 08:00:00,32077.40848
2030-12-25 09:00:00,28336.96461
2030-12-25 10:00:00,28129.30286
2030-12-25 11:00:00,28172.35469
2030-12-25 12:00:00,28999.20298
2030-12-25 13:00:00,29339.81889
2030-12-25 14:00:00,29446.18222
2030-12-25 15:00:00,34051.46129
2030-12-25 16:00:00,31356.92353
2030-12-25 17:00:00,32354.71289
2030-12-25 18:00:00,31945.72055
2030-12-25 19:00:00,32169.84328
2030-12-25 20:00:00,33542.43677
2030-12-25 21:00:00,33562.69645
2030-12-25 22:00:00,32364.84273
2030-12-25 23:00:00,30951.72988
2030-12-26 00:00:00,29310.6956
2030-12-26 01:00:00,27882.38798
2030-12-26 02:00:00,26965.63735
2030-12-26 03:00:00,26389.50263
2030-12-26 04:00:00,26219.82779
2030-12-26 05:00:00,26731.38477
2030-12-26 06:00:00,28024.20576
2030-12-26 07:00:00,29314.49429
2030-12-26 08:00:00,32100.20063
2030-12-26 09:00:00,33528.50824
2030-12-26 10:00:00,34045.13014
2030-12-26 11:00:00,34462.98609
2030-12-26 12:00:00,34694.70621
2030-12-26 13:00:00,34936.55617
2030-12-26 14:00:00,35178.40613
2030-12-26 15:00:00,35368.34065
2030-12-26 16:00:00,35705.15787
2030-12-26 17:00:00,35664.63851
2030-12-26 18:00:00,35955.87144
2030-12-26 19:00:00,36144.53974
2030-12-26 20:00:00,36148.33843
2030-12-26 21:00:00,35668.4372
2030-12-26 22:00:00,34261.6555
2030-12-26 23:00:00,32670.0042
2030-12-27 00:00:00,30506.01686
2030-12-27 01:00:00,29172.67651
2030-12-27 02:00:00,28391.41251
2030-12-27 03:00:00,27924.17358
2030-12-27 04:00:00,27664.5964
2030-12-27 05:00:00,27976.08902
2030-12-27 06:00:00,29206.86472
2030-12-27 07:00:00,30521.21162
2030-12-27 08:00:00,32847.27642
2030-12-27 09:00:00,34074.25344
2030-12-27 10:00:00,34398.40836
2030-12-27 11:00:00,34839.05645
2030-12-27 12:00:00,32658.60812
2030-12-27 13:00:00,34789.67347
2030-12-27 14:00:00,35218.92549
2030-12-27 15:00:00,35389.86657
2030-12-27 16:00:00,36020.44918
2030-12-27 17:00:00,36016.65049
2030-12-27 18:00:00,35750.74216
2030-12-27 19:00:00,36054.6374
2030-12-27 20:00:00,36133.14367
2030-12-27 21:00:00,35679.83327
2030-12-27 22:00:00,34226.20105
2030-12-27 23:00:00,32701.65995
2030-12-28 00:00:00,30583.2569
2030-12-28 01:00:00,29235.98802
2030-12-28 02:00:00,28468.65255
2030-12-28 03:00:00,27789.95318
2030-12-28 04:00:00,27649.40164
2030-12-28 05:00:00,27881.12175
2030-12-28 06:00:00,29156.21552
2030-12-28 07:00:00,30170.46587
2030-12-28 08:00:00,32692.79634
2030-12-28 09:00:00,34064.12359
2030-12-28 10:00:00,34511.10284
2030-12-28 11:00:00,34500.973
2030-12-28 12:00:00,32282.53777
2030-12-28 13:00:00,34374.34998
2030-12-28 14:00:00,34765.6151
2030-12-28 15:00:00,34898.56927
2030-12-28 16:00:00,35489.89875
2030-12-28 17:00:00,35450.64561
2030-12-28 18:00:00,35663.37228
2030-12-28 19:00:00,35122.692
2030-12-28 20:00:00,34796.00462
2030-12-28 21:00:00,34207.2076
2030-12-28 22:00:00,32857.40626
2030-12-28 23:00:00,31292.34579
2030-12-29 00:00:00,29305.63068
2030-12-29 01:00:00,27944.43326
2030-12-29 02:00:00,27151.77319
2030-12-29 03:00:00,26687.06672
2030-12-29 04:00:00,26514.85942
2030-12-29 05:00:00,26864.33894
2030-12-29 06:00:00,28125.50417
2030-12-29 07:00:00,29032.12496
2030-12-29 08:00:00,32509.19297
2030-12-29 09:00:00,33448.73574
2030-12-29 10:00:00,34018.53931
2030-12-29 11:00:00,34422.46673
2030-12-29 12:00:00,32202.76527
2030-12-29 13:00:00,34295.84371
2030-12-29 14:00:00,34687.10883
2030-12-29 15:00:00,34820.063
2030-12-29 16:00:00,35411.39248
2030-12-29 17:00:00,35369.60688
2030-12-29 18:00:00,35527.88565
2030-12-29 19:00:00,34987.20538
2030-12-29 20:00:00,34661.78423
2030-12-29 21:00:00,34071.72098
2030-12-29 22:00:00,32721.91963
2030-12-29 23:00:00,31158.12539
2030-12-30 00:00:00,29171.41028
2030-12-30 01:00:00,27808.94664
2030-12-30 02:00:00,27016.28656
2030-12-30 03:00:00,26551.58009
2030-12-30 04:00:00,26379.37279
2030-12-30 05:00:00,26730.11854
2030-12-30 06:00:00,27990.01755
2030-12-30 07:00:00,28952.35246
2030-12-30 08:00:00,32429.42047
2030-12-30 09:00:00,33370.22947
2030-12-30 10:00:00,33940.03304
2030-12-30 11:00:00,34342.69423
2030-12-30 12:00:00,32124.259
2030-12-30 13:00:00,34216.07121
2030-12-30 14:00:00,34607.33633
2030-12-30 15:00:00,34740.2905
2030-12-30 16:00:00,35331.61998
2030-12-30 17:00:00,35289.83438
2030-12-30 18:00:00,35392.39903
2030-12-30 19:00:00,34851.71875
2030-12-30 20:00:00,34526.2976
2030-12-30 21:00:00,33937.50058
2030-12-30 22:00:00,32586.43301
2030-12-30 23:00:00,31022.63877
2030-12-31 00:00:00,29035.92365
2030-12-31 01:00:00,27674.72624
2030-12-31 02:00:00,26882.06616
2030-12-31 03:00:00,26416.09347
2030-12-31 04:00:00,26245.1524
2030-12-31 05:00:00,26594.63192
2030-12-31 06:00:00,27882.38798
2030-12-31 07:00:00,28872.57996
2030-12-31 08:00:00,31721.59781
2030-12-31 09:00:00,28297.71147
2030-12-31 10:00:00,28406.60727
2030-12-31 11:00:00,28235.6662
2030-12-31 12:00:00,28573.74965
2030-12-31 13:00:00,28824.46322
2030-12-31 14:00:00,28840.92421
2030-12-31 15:00:00,33356.30094
2030-12-31 16:00:00,30573.12706
2030-12-31 17:00:00,31481.01408
2030-12-31 18:00:00,31660.81876
2030-12-31 19:00:00,31758.31848
2030-12-31 20:00:00,31857.08444
2030-12-31 21:00:00,31879.87658
2030-12-31 22:00:00,31529.13083
2030-12-31 23:00:00,29565.20786
