,snapshot,objective,stores,generators
0,01/01/2024 00:00,1,1,1
1,01/01/2024 01:00,1,1,1
2,01/01/2024 02:00,1,1,1
3,01/01/2024 03:00,1,1,1
4,01/01/2024 04:00,1,1,1
5,01/01/2024 05:00,1,1,1
6,01/01/2024 06:00,1,1,1
7,01/01/2024 07:00,1,1,1
8,01/01/2024 08:00,1,1,1
9,01/01/2024 09:00,1,1,1
10,01/01/2024 10:00,1,1,1
11,01/01/2024 11:00,1,1,1
12,01/01/2024 12:00,1,1,1
13,01/01/2024 13:00,1,1,1
14,01/01/2024 14:00,1,1,1
15,01/01/2024 15:00,1,1,1
16,01/01/2024 16:00,1,1,1
17,01/01/2024 17:00,1,1,1
18,01/01/2024 18:00,1,1,1
19,01/01/2024 19:00,1,1,1
20,01/01/2024 20:00,1,1,1
21,01/01/2024 21:00,1,1,1
22,01/01/2024 22:00,1,1,1
23,01/01/2024 23:00,1,1,1
24,02/01/2024 00:00,1,1,1
25,02/01/2024 01:00,1,1,1
26,02/01/2024 02:00,1,1,1
27,02/01/2024 03:00,1,1,1
28,02/01/2024 04:00,1,1,1
29,02/01/2024 05:00,1,1,1
30,02/01/2024 06:00,1,1,1
31,02/01/2024 07:00,1,1,1
32,02/01/2024 08:00,1,1,1
33,02/01/2024 09:00,1,1,1
34,02/01/2024 10:00,1,1,1
35,02/01/2024 11:00,1,1,1
36,02/01/2024 12:00,1,1,1
37,02/01/2024 13:00,1,1,1
38,02/01/2024 14:00,1,1,1
39,02/01/2024 15:00,1,1,1
40,02/01/2024 16:00,1,1,1
41,02/01/2024 17:00,1,1,1
42,02/01/2024 18:00,1,1,1
43,02/01/2024 19:00,1,1,1
44,02/01/2024 20:00,1,1,1
45,02/01/2024 21:00,1,1,1
46,02/01/2024 22:00,1,1,1
47,02/01/2024 23:00,1,1,1
48,03/01/2024 00:00,1,1,1
49,03/01/2024 01:00,1,1,1
50,03/01/2024 02:00,1,1,1
51,03/01/2024 03:00,1,1,1
52,03/01/2024 04:00,1,1,1
53,03/01/2024 05:00,1,1,1
54,03/01/2024 06:00,1,1,1
55,03/01/2024 07:00,1,1,1
56,03/01/2024 08:00,1,1,1
57,03/01/2024 09:00,1,1,1
58,03/01/2024 10:00,1,1,1
59,03/01/2024 11:00,1,1,1
60,03/01/2024 12:00,1,1,1
61,03/01/2024 13:00,1,1,1
62,03/01/2024 14:00,1,1,1
63,03/01/2024 15:00,1,1,1
64,03/01/2024 16:00,1,1,1
65,03/01/2024 17:00,1,1,1
66,03/01/2024 18:00,1,1,1
67,03/01/2024 19:00,1,1,1
68,03/01/2024 20:00,1,1,1
69,03/01/2024 21:00,1,1,1
70,03/01/2024 22:00,1,1,1
71,03/01/2024 23:00,1,1,1
72,04/01/2024 00:00,1,1,1
73,04/01/2024 01:00,1,1,1
74,04/01/2024 02:00,1,1,1
75,04/01/2024 03:00,1,1,1
76,04/01/2024 04:00,1,1,1
77,04/01/2024 05:00,1,1,1
78,04/01/2024 06:00,1,1,1
79,04/01/2024 07:00,1,1,1
80,04/01/2024 08:00,1,1,1
81,04/01/2024 09:00,1,1,1
82,04/01/2024 10:00,1,1,1
83,04/01/2024 11:00,1,1,1
84,04/01/2024 12:00,1,1,1
85,04/01/2024 13:00,1,1,1
86,04/01/2024 14:00,1,1,1
87,04/01/2024 15:00,1,1,1
88,04/01/2024 16:00,1,1,1
89,04/01/2024 17:00,1,1,1
90,04/01/2024 18:00,1,1,1
91,04/01/2024 19:00,1,1,1
92,04/01/2024 20:00,1,1,1
93,04/01/2024 21:00,1,1,1
94,04/01/2024 22:00,1,1,1
95,04/01/2024 23:00,1,1,1
96,05/01/2024 00:00,1,1,1
97,05/01/2024 01:00,1,1,1
98,05/01/2024 02:00,1,1,1
99,05/01/2024 03:00,1,1,1
100,05/01/2024 04:00,1,1,1
101,05/01/2024 05:00,1,1,1
102,05/01/2024 06:00,1,1,1
103,05/01/2024 07:00,1,1,1
104,05/01/2024 08:00,1,1,1
105,05/01/2024 09:00,1,1,1
106,05/01/2024 10:00,1,1,1
107,05/01/2024 11:00,1,1,1
108,05/01/2024 12:00,1,1,1
109,05/01/2024 13:00,1,1,1
110,05/01/2024 14:00,1,1,1
111,05/01/2024 15:00,1,1,1
112,05/01/2024 16:00,1,1,1
113,05/01/2024 17:00,1,1,1
114,05/01/2024 18:00,1,1,1
115,05/01/2024 19:00,1,1,1
116,05/01/2024 20:00,1,1,1
117,05/01/2024 21:00,1,1,1
118,05/01/2024 22:00,1,1,1
119,05/01/2024 23:00,1,1,1
120,06/01/2024 00:00,1,1,1
121,06/01/2024 01:00,1,1,1
122,06/01/2024 02:00,1,1,1
123,06/01/2024 03:00,1,1,1
124,06/01/2024 04:00,1,1,1
125,06/01/2024 05:00,1,1,1
126,06/01/2024 06:00,1,1,1
127,06/01/2024 07:00,1,1,1
128,06/01/2024 08:00,1,1,1
129,06/01/2024 09:00,1,1,1
130,06/01/2024 10:00,1,1,1
131,06/01/2024 11:00,1,1,1
132,06/01/2024 12:00,1,1,1
133,06/01/2024 13:00,1,1,1
134,06/01/2024 14:00,1,1,1
135,06/01/2024 15:00,1,1,1
136,06/01/2024 16:00,1,1,1
137,06/01/2024 17:00,1,1,1
138,06/01/2024 18:00,1,1,1
139,06/01/2024 19:00,1,1,1
140,06/01/2024 20:00,1,1,1
141,06/01/2024 21:00,1,1,1
142,06/01/2024 22:00,1,1,1
143,06/01/2024 23:00,1,1,1
144,07/01/2024 00:00,1,1,1
145,07/01/2024 01:00,1,1,1
146,07/01/2024 02:00,1,1,1
147,07/01/2024 03:00,1,1,1
148,07/01/2024 04:00,1,1,1
149,07/01/2024 05:00,1,1,1
150,07/01/2024 06:00,1,1,1
151,07/01/2024 07:00,1,1,1
152,07/01/2024 08:00,1,1,1
153,07/01/2024 09:00,1,1,1
154,07/01/2024 10:00,1,1,1
155,07/01/2024 11:00,1,1,1
156,07/01/2024 12:00,1,1,1
157,07/01/2024 13:00,1,1,1
158,07/01/2024 14:00,1,1,1
159,07/01/2024 15:00,1,1,1
160,07/01/2024 16:00,1,1,1
161,07/01/2024 17:00,1,1,1
162,07/01/2024 18:00,1,1,1
163,07/01/2024 19:00,1,1,1
164,07/01/2024 20:00,1,1,1
165,07/01/2024 21:00,1,1,1
166,07/01/2024 22:00,1,1,1
167,07/01/2024 23:00,1,1,1
168,08/01/2024 00:00,1,1,1
169,08/01/2024 01:00,1,1,1
170,08/01/2024 02:00,1,1,1
171,08/01/2024 03:00,1,1,1
172,08/01/2024 04:00,1,1,1
173,08/01/2024 05:00,1,1,1
174,08/01/2024 06:00,1,1,1
175,08/01/2024 07:00,1,1,1
176,08/01/2024 08:00,1,1,1
177,08/01/2024 09:00,1,1,1
178,08/01/2024 10:00,1,1,1
179,08/01/2024 11:00,1,1,1
180,08/01/2024 12:00,1,1,1
181,08/01/2024 13:00,1,1,1
182,08/01/2024 14:00,1,1,1
183,08/01/2024 15:00,1,1,1
184,08/01/2024 16:00,1,1,1
185,08/01/2024 17:00,1,1,1
186,08/01/2024 18:00,1,1,1
187,08/01/2024 19:00,1,1,1
188,08/01/2024 20:00,1,1,1
189,08/01/2024 21:00,1,1,1
190,08/01/2024 22:00,1,1,1
191,08/01/2024 23:00,1,1,1
192,09/01/2024 00:00,1,1,1
193,09/01/2024 01:00,1,1,1
194,09/01/2024 02:00,1,1,1
195,09/01/2024 03:00,1,1,1
196,09/01/2024 04:00,1,1,1
197,09/01/2024 05:00,1,1,1
198,09/01/2024 06:00,1,1,1
199,09/01/2024 07:00,1,1,1
200,09/01/2024 08:00,1,1,1
201,09/01/2024 09:00,1,1,1
202,09/01/2024 10:00,1,1,1
203,09/01/2024 11:00,1,1,1
204,09/01/2024 12:00,1,1,1
205,09/01/2024 13:00,1,1,1
206,09/01/2024 14:00,1,1,1
207,09/01/2024 15:00,1,1,1
208,09/01/2024 16:00,1,1,1
209,09/01/2024 17:00,1,1,1
210,09/01/2024 18:00,1,1,1
211,09/01/2024 19:00,1,1,1
212,09/01/2024 20:00,1,1,1
213,09/01/2024 21:00,1,1,1
214,09/01/2024 22:00,1,1,1
215,09/01/2024 23:00,1,1,1
216,10/01/2024 00:00,1,1,1
217,10/01/2024 01:00,1,1,1
218,10/01/2024 02:00,1,1,1
219,10/01/2024 03:00,1,1,1
220,10/01/2024 04:00,1,1,1
221,10/01/2024 05:00,1,1,1
222,10/01/2024 06:00,1,1,1
223,10/01/2024 07:00,1,1,1
224,10/01/2024 08:00,1,1,1
225,10/01/2024 09:00,1,1,1
226,10/01/2024 10:00,1,1,1
227,10/01/2024 11:00,1,1,1
228,10/01/2024 12:00,1,1,1
229,10/01/2024 13:00,1,1,1
230,10/01/2024 14:00,1,1,1
231,10/01/2024 15:00,1,1,1
232,10/01/2024 16:00,1,1,1
233,10/01/2024 17:00,1,1,1
234,10/01/2024 18:00,1,1,1
235,10/01/2024 19:00,1,1,1
236,10/01/2024 20:00,1,1,1
237,10/01/2024 21:00,1,1,1
238,10/01/2024 22:00,1,1,1
239,10/01/2024 23:00,1,1,1
240,11/01/2024 00:00,1,1,1
241,11/01/2024 01:00,1,1,1
242,11/01/2024 02:00,1,1,1
243,11/01/2024 03:00,1,1,1
244,11/01/2024 04:00,1,1,1
245,11/01/2024 05:00,1,1,1
246,11/01/2024 06:00,1,1,1
247,11/01/2024 07:00,1,1,1
248,11/01/2024 08:00,1,1,1
249,11/01/2024 09:00,1,1,1
250,11/01/2024 10:00,1,1,1
251,11/01/2024 11:00,1,1,1
252,11/01/2024 12:00,1,1,1
253,11/01/2024 13:00,1,1,1
254,11/01/2024 14:00,1,1,1
255,11/01/2024 15:00,1,1,1
256,11/01/2024 16:00,1,1,1
257,11/01/2024 17:00,1,1,1
258,11/01/2024 18:00,1,1,1
259,11/01/2024 19:00,1,1,1
260,11/01/2024 20:00,1,1,1
261,11/01/2024 21:00,1,1,1
262,11/01/2024 22:00,1,1,1
263,11/01/2024 23:00,1,1,1
264,12/01/2024 00:00,1,1,1
265,12/01/2024 01:00,1,1,1
266,12/01/2024 02:00,1,1,1
267,12/01/2024 03:00,1,1,1
268,12/01/2024 04:00,1,1,1
269,12/01/2024 05:00,1,1,1
270,12/01/2024 06:00,1,1,1
271,12/01/2024 07:00,1,1,1
272,12/01/2024 08:00,1,1,1
273,12/01/2024 09:00,1,1,1
274,12/01/2024 10:00,1,1,1
275,12/01/2024 11:00,1,1,1
276,12/01/2024 12:00,1,1,1
277,12/01/2024 13:00,1,1,1
278,12/01/2024 14:00,1,1,1
279,12/01/2024 15:00,1,1,1
280,12/01/2024 16:00,1,1,1
281,12/01/2024 17:00,1,1,1
282,12/01/2024 18:00,1,1,1
283,12/01/2024 19:00,1,1,1
284,12/01/2024 20:00,1,1,1
285,12/01/2024 21:00,1,1,1
286,12/01/2024 22:00,1,1,1
287,12/01/2024 23:00,1,1,1
288,13/01/2024 00:00,1,1,1
289,13/01/2024 01:00,1,1,1
290,13/01/2024 02:00,1,1,1
291,13/01/2024 03:00,1,1,1
292,13/01/2024 04:00,1,1,1
293,13/01/2024 05:00,1,1,1
294,13/01/2024 06:00,1,1,1
295,13/01/2024 07:00,1,1,1
296,13/01/2024 08:00,1,1,1
297,13/01/2024 09:00,1,1,1
298,13/01/2024 10:00,1,1,1
299,13/01/2024 11:00,1,1,1
300,13/01/2024 12:00,1,1,1
301,13/01/2024 13:00,1,1,1
302,13/01/2024 14:00,1,1,1
303,13/01/2024 15:00,1,1,1
304,13/01/2024 16:00,1,1,1
305,13/01/2024 17:00,1,1,1
306,13/01/2024 18:00,1,1,1
307,13/01/2024 19:00,1,1,1
308,13/01/2024 20:00,1,1,1
309,13/01/2024 21:00,1,1,1
310,13/01/2024 22:00,1,1,1
311,13/01/2024 23:00,1,1,1
312,14/01/2024 00:00,1,1,1
313,14/01/2024 01:00,1,1,1
314,14/01/2024 02:00,1,1,1
315,14/01/2024 03:00,1,1,1
316,14/01/2024 04:00,1,1,1
317,14/01/2024 05:00,1,1,1
318,14/01/2024 06:00,1,1,1
319,14/01/2024 07:00,1,1,1
320,14/01/2024 08:00,1,1,1
321,14/01/2024 09:00,1,1,1
322,14/01/2024 10:00,1,1,1
323,14/01/2024 11:00,1,1,1
324,14/01/2024 12:00,1,1,1
325,14/01/2024 13:00,1,1,1
326,14/01/2024 14:00,1,1,1
327,14/01/2024 15:00,1,1,1
328,14/01/2024 16:00,1,1,1
329,14/01/2024 17:00,1,1,1
330,14/01/2024 18:00,1,1,1
331,14/01/2024 19:00,1,1,1
332,14/01/2024 20:00,1,1,1
333,14/01/2024 21:00,1,1,1
334,14/01/2024 22:00,1,1,1
335,14/01/2024 23:00,1,1,1
336,15/01/2024 00:00,1,1,1
337,15/01/2024 01:00,1,1,1
338,15/01/2024 02:00,1,1,1
339,15/01/2024 03:00,1,1,1
340,15/01/2024 04:00,1,1,1
341,15/01/2024 05:00,1,1,1
342,15/01/2024 06:00,1,1,1
343,15/01/2024 07:00,1,1,1
344,15/01/2024 08:00,1,1,1
345,15/01/2024 09:00,1,1,1
346,15/01/2024 10:00,1,1,1
347,15/01/2024 11:00,1,1,1
348,15/01/2024 12:00,1,1,1
349,15/01/2024 13:00,1,1,1
350,15/01/2024 14:00,1,1,1
351,15/01/2024 15:00,1,1,1
352,15/01/2024 16:00,1,1,1
353,15/01/2024 17:00,1,1,1
354,15/01/2024 18:00,1,1,1
355,15/01/2024 19:00,1,1,1
356,15/01/2024 20:00,1,1,1
357,15/01/2024 21:00,1,1,1
358,15/01/2024 22:00,1,1,1
359,15/01/2024 23:00,1,1,1
360,16/01/2024 00:00,1,1,1
361,16/01/2024 01:00,1,1,1
362,16/01/2024 02:00,1,1,1
363,16/01/2024 03:00,1,1,1
364,16/01/2024 04:00,1,1,1
365,16/01/2024 05:00,1,1,1
366,16/01/2024 06:00,1,1,1
367,16/01/2024 07:00,1,1,1
368,16/01/2024 08:00,1,1,1
369,16/01/2024 09:00,1,1,1
370,16/01/2024 10:00,1,1,1
371,16/01/2024 11:00,1,1,1
372,16/01/2024 12:00,1,1,1
373,16/01/2024 13:00,1,1,1
374,16/01/2024 14:00,1,1,1
375,16/01/2024 15:00,1,1,1
376,16/01/2024 16:00,1,1,1
377,16/01/2024 17:00,1,1,1
378,16/01/2024 18:00,1,1,1
379,16/01/2024 19:00,1,1,1
380,16/01/2024 20:00,1,1,1
381,16/01/2024 21:00,1,1,1
382,16/01/2024 22:00,1,1,1
383,16/01/2024 23:00,1,1,1
384,17/01/2024 00:00,1,1,1
385,17/01/2024 01:00,1,1,1
386,17/01/2024 02:00,1,1,1
387,17/01/2024 03:00,1,1,1
388,17/01/2024 04:00,1,1,1
389,17/01/2024 05:00,1,1,1
390,17/01/2024 06:00,1,1,1
391,17/01/2024 07:00,1,1,1
392,17/01/2024 08:00,1,1,1
393,17/01/2024 09:00,1,1,1
394,17/01/2024 10:00,1,1,1
395,17/01/2024 11:00,1,1,1
396,17/01/2024 12:00,1,1,1
397,17/01/2024 13:00,1,1,1
398,17/01/2024 14:00,1,1,1
399,17/01/2024 15:00,1,1,1
400,17/01/2024 16:00,1,1,1
401,17/01/2024 17:00,1,1,1
402,17/01/2024 18:00,1,1,1
403,17/01/2024 19:00,1,1,1
404,17/01/2024 20:00,1,1,1
405,17/01/2024 21:00,1,1,1
406,17/01/2024 22:00,1,1,1
407,17/01/2024 23:00,1,1,1
408,18/01/2024 00:00,1,1,1
409,18/01/2024 01:00,1,1,1
410,18/01/2024 02:00,1,1,1
411,18/01/2024 03:00,1,1,1
412,18/01/2024 04:00,1,1,1
413,18/01/2024 05:00,1,1,1
414,18/01/2024 06:00,1,1,1
415,18/01/2024 07:00,1,1,1
416,18/01/2024 08:00,1,1,1
417,18/01/2024 09:00,1,1,1
418,18/01/2024 10:00,1,1,1
419,18/01/2024 11:00,1,1,1
420,18/01/2024 12:00,1,1,1
421,18/01/2024 13:00,1,1,1
422,18/01/2024 14:00,1,1,1
423,18/01/2024 15:00,1,1,1
424,18/01/2024 16:00,1,1,1
425,18/01/2024 17:00,1,1,1
426,18/01/2024 18:00,1,1,1
427,18/01/2024 19:00,1,1,1
428,18/01/2024 20:00,1,1,1
429,18/01/2024 21:00,1,1,1
430,18/01/2024 22:00,1,1,1
431,18/01/2024 23:00,1,1,1
432,19/01/2024 00:00,1,1,1
433,19/01/2024 01:00,1,1,1
434,19/01/2024 02:00,1,1,1
435,19/01/2024 03:00,1,1,1
436,19/01/2024 04:00,1,1,1
437,19/01/2024 05:00,1,1,1
438,19/01/2024 06:00,1,1,1
439,19/01/2024 07:00,1,1,1
440,19/01/2024 08:00,1,1,1
441,19/01/2024 09:00,1,1,1
442,19/01/2024 10:00,1,1,1
443,19/01/2024 11:00,1,1,1
444,19/01/2024 12:00,1,1,1
445,19/01/2024 13:00,1,1,1
446,19/01/2024 14:00,1,1,1
447,19/01/2024 15:00,1,1,1
448,19/01/2024 16:00,1,1,1
449,19/01/2024 17:00,1,1,1
450,19/01/2024 18:00,1,1,1
451,19/01/2024 19:00,1,1,1
452,19/01/2024 20:00,1,1,1
453,19/01/2024 21:00,1,1,1
454,19/01/2024 22:00,1,1,1
455,19/01/2024 23:00,1,1,1
456,20/01/2024 00:00,1,1,1
457,20/01/2024 01:00,1,1,1
458,20/01/2024 02:00,1,1,1
459,20/01/2024 03:00,1,1,1
460,20/01/2024 04:00,1,1,1
461,20/01/2024 05:00,1,1,1
462,20/01/2024 06:00,1,1,1
463,20/01/2024 07:00,1,1,1
464,20/01/2024 08:00,1,1,1
465,20/01/2024 09:00,1,1,1
466,20/01/2024 10:00,1,1,1
467,20/01/2024 11:00,1,1,1
468,20/01/2024 12:00,1,1,1
469,20/01/2024 13:00,1,1,1
470,20/01/2024 14:00,1,1,1
471,20/01/2024 15:00,1,1,1
472,20/01/2024 16:00,1,1,1
473,20/01/2024 17:00,1,1,1
474,20/01/2024 18:00,1,1,1
475,20/01/2024 19:00,1,1,1
476,20/01/2024 20:00,1,1,1
477,20/01/2024 21:00,1,1,1
478,20/01/2024 22:00,1,1,1
479,20/01/2024 23:00,1,1,1
480,21/01/2024 00:00,1,1,1
481,21/01/2024 01:00,1,1,1
482,21/01/2024 02:00,1,1,1
483,21/01/2024 03:00,1,1,1
484,21/01/2024 04:00,1,1,1
485,21/01/2024 05:00,1,1,1
486,21/01/2024 06:00,1,1,1
487,21/01/2024 07:00,1,1,1
488,21/01/2024 08:00,1,1,1
489,21/01/2024 09:00,1,1,1
490,21/01/2024 10:00,1,1,1
491,21/01/2024 11:00,1,1,1
492,21/01/2024 12:00,1,1,1
493,21/01/2024 13:00,1,1,1
494,21/01/2024 14:00,1,1,1
495,21/01/2024 15:00,1,1,1
496,21/01/2024 16:00,1,1,1
497,21/01/2024 17:00,1,1,1
498,21/01/2024 18:00,1,1,1
499,21/01/2024 19:00,1,1,1
500,21/01/2024 20:00,1,1,1
501,21/01/2024 21:00,1,1,1
502,21/01/2024 22:00,1,1,1
503,21/01/2024 23:00,1,1,1
504,22/01/2024 00:00,1,1,1
505,22/01/2024 01:00,1,1,1
506,22/01/2024 02:00,1,1,1
507,22/01/2024 03:00,1,1,1
508,22/01/2024 04:00,1,1,1
509,22/01/2024 05:00,1,1,1
510,22/01/2024 06:00,1,1,1
511,22/01/2024 07:00,1,1,1
512,22/01/2024 08:00,1,1,1
513,22/01/2024 09:00,1,1,1
514,22/01/2024 10:00,1,1,1
515,22/01/2024 11:00,1,1,1
516,22/01/2024 12:00,1,1,1
517,22/01/2024 13:00,1,1,1
518,22/01/2024 14:00,1,1,1
519,22/01/2024 15:00,1,1,1
520,22/01/2024 16:00,1,1,1
521,22/01/2024 17:00,1,1,1
522,22/01/2024 18:00,1,1,1
523,22/01/2024 19:00,1,1,1
524,22/01/2024 20:00,1,1,1
525,22/01/2024 21:00,1,1,1
526,22/01/2024 22:00,1,1,1
527,22/01/2024 23:00,1,1,1
528,23/01/2024 00:00,1,1,1
529,23/01/2024 01:00,1,1,1
530,23/01/2024 02:00,1,1,1
531,23/01/2024 03:00,1,1,1
532,23/01/2024 04:00,1,1,1
533,23/01/2024 05:00,1,1,1
534,23/01/2024 06:00,1,1,1
535,23/01/2024 07:00,1,1,1
536,23/01/2024 08:00,1,1,1
537,23/01/2024 09:00,1,1,1
538,23/01/2024 10:00,1,1,1
539,23/01/2024 11:00,1,1,1
540,23/01/2024 12:00,1,1,1
541,23/01/2024 13:00,1,1,1
542,23/01/2024 14:00,1,1,1
543,23/01/2024 15:00,1,1,1
544,23/01/2024 16:00,1,1,1
545,23/01/2024 17:00,1,1,1
546,23/01/2024 18:00,1,1,1
547,23/01/2024 19:00,1,1,1
548,23/01/2024 20:00,1,1,1
549,23/01/2024 21:00,1,1,1
550,23/01/2024 22:00,1,1,1
551,23/01/2024 23:00,1,1,1
552,24/01/2024 00:00,1,1,1
553,24/01/2024 01:00,1,1,1
554,24/01/2024 02:00,1,1,1
555,24/01/2024 03:00,1,1,1
556,24/01/2024 04:00,1,1,1
557,24/01/2024 05:00,1,1,1
558,24/01/2024 06:00,1,1,1
559,24/01/2024 07:00,1,1,1
560,24/01/2024 08:00,1,1,1
561,24/01/2024 09:00,1,1,1
562,24/01/2024 10:00,1,1,1
563,24/01/2024 11:00,1,1,1
564,24/01/2024 12:00,1,1,1
565,24/01/2024 13:00,1,1,1
566,24/01/2024 14:00,1,1,1
567,24/01/2024 15:00,1,1,1
568,24/01/2024 16:00,1,1,1
569,24/01/2024 17:00,1,1,1
570,24/01/2024 18:00,1,1,1
571,24/01/2024 19:00,1,1,1
572,24/01/2024 20:00,1,1,1
573,24/01/2024 21:00,1,1,1
574,24/01/2024 22:00,1,1,1
575,24/01/2024 23:00,1,1,1
576,25/01/2024 00:00,1,1,1
577,25/01/2024 01:00,1,1,1
578,25/01/2024 02:00,1,1,1
579,25/01/2024 03:00,1,1,1
580,25/01/2024 04:00,1,1,1
581,25/01/2024 05:00,1,1,1
582,25/01/2024 06:00,1,1,1
583,25/01/2024 07:00,1,1,1
584,25/01/2024 08:00,1,1,1
585,25/01/2024 09:00,1,1,1
586,25/01/2024 10:00,1,1,1
587,25/01/2024 11:00,1,1,1
588,25/01/2024 12:00,1,1,1
589,25/01/2024 13:00,1,1,1
590,25/01/2024 14:00,1,1,1
591,25/01/2024 15:00,1,1,1
592,25/01/2024 16:00,1,1,1
593,25/01/2024 17:00,1,1,1
594,25/01/2024 18:00,1,1,1
595,25/01/2024 19:00,1,1,1
596,25/01/2024 20:00,1,1,1
597,25/01/2024 21:00,1,1,1
598,25/01/2024 22:00,1,1,1
599,25/01/2024 23:00,1,1,1
600,26/01/2024 00:00,1,1,1
601,26/01/2024 01:00,1,1,1
602,26/01/2024 02:00,1,1,1
603,26/01/2024 03:00,1,1,1
604,26/01/2024 04:00,1,1,1
605,26/01/2024 05:00,1,1,1
606,26/01/2024 06:00,1,1,1
607,26/01/2024 07:00,1,1,1
608,26/01/2024 08:00,1,1,1
609,26/01/2024 09:00,1,1,1
610,26/01/2024 10:00,1,1,1
611,26/01/2024 11:00,1,1,1
612,26/01/2024 12:00,1,1,1
613,26/01/2024 13:00,1,1,1
614,26/01/2024 14:00,1,1,1
615,26/01/2024 15:00,1,1,1
616,26/01/2024 16:00,1,1,1
617,26/01/2024 17:00,1,1,1
618,26/01/2024 18:00,1,1,1
619,26/01/2024 19:00,1,1,1
620,26/01/2024 20:00,1,1,1
621,26/01/2024 21:00,1,1,1
622,26/01/2024 22:00,1,1,1
623,26/01/2024 23:00,1,1,1
624,27/01/2024 00:00,1,1,1
625,27/01/2024 01:00,1,1,1
626,27/01/2024 02:00,1,1,1
627,27/01/2024 03:00,1,1,1
628,27/01/2024 04:00,1,1,1
629,27/01/2024 05:00,1,1,1
630,27/01/2024 06:00,1,1,1
631,27/01/2024 07:00,1,1,1
632,27/01/2024 08:00,1,1,1
633,27/01/2024 09:00,1,1,1
634,27/01/2024 10:00,1,1,1
635,27/01/2024 11:00,1,1,1
636,27/01/2024 12:00,1,1,1
637,27/01/2024 13:00,1,1,1
638,27/01/2024 14:00,1,1,1
639,27/01/2024 15:00,1,1,1
640,27/01/2024 16:00,1,1,1
641,27/01/2024 17:00,1,1,1
642,27/01/2024 18:00,1,1,1
643,27/01/2024 19:00,1,1,1
644,27/01/2024 20:00,1,1,1
645,27/01/2024 21:00,1,1,1
646,27/01/2024 22:00,1,1,1
647,27/01/2024 23:00,1,1,1
648,28/01/2024 00:00,1,1,1
649,28/01/2024 01:00,1,1,1
650,28/01/2024 02:00,1,1,1
651,28/01/2024 03:00,1,1,1
652,28/01/2024 04:00,1,1,1
653,28/01/2024 05:00,1,1,1
654,28/01/2024 06:00,1,1,1
655,28/01/2024 07:00,1,1,1
656,28/01/2024 08:00,1,1,1
657,28/01/2024 09:00,1,1,1
658,28/01/2024 10:00,1,1,1
659,28/01/2024 11:00,1,1,1
660,28/01/2024 12:00,1,1,1
661,28/01/2024 13:00,1,1,1
662,28/01/2024 14:00,1,1,1
663,28/01/2024 15:00,1,1,1
664,28/01/2024 16:00,1,1,1
665,28/01/2024 17:00,1,1,1
666,28/01/2024 18:00,1,1,1
667,28/01/2024 19:00,1,1,1
668,28/01/2024 20:00,1,1,1
669,28/01/2024 21:00,1,1,1
670,28/01/2024 22:00,1,1,1
671,28/01/2024 23:00,1,1,1
672,29/01/2024 00:00,1,1,1
673,29/01/2024 01:00,1,1,1
674,29/01/2024 02:00,1,1,1
675,29/01/2024 03:00,1,1,1
676,29/01/2024 04:00,1,1,1
677,29/01/2024 05:00,1,1,1
678,29/01/2024 06:00,1,1,1
679,29/01/2024 07:00,1,1,1
680,29/01/2024 08:00,1,1,1
681,29/01/2024 09:00,1,1,1
682,29/01/2024 10:00,1,1,1
683,29/01/2024 11:00,1,1,1
684,29/01/2024 12:00,1,1,1
685,29/01/2024 13:00,1,1,1
686,29/01/2024 14:00,1,1,1
687,29/01/2024 15:00,1,1,1
688,29/01/2024 16:00,1,1,1
689,29/01/2024 17:00,1,1,1
690,29/01/2024 18:00,1,1,1
691,29/01/2024 19:00,1,1,1
692,29/01/2024 20:00,1,1,1
693,29/01/2024 21:00,1,1,1
694,29/01/2024 22:00,1,1,1
695,29/01/2024 23:00,1,1,1
696,30/01/2024 00:00,1,1,1
697,30/01/2024 01:00,1,1,1
698,30/01/2024 02:00,1,1,1
699,30/01/2024 03:00,1,1,1
700,30/01/2024 04:00,1,1,1
701,30/01/2024 05:00,1,1,1
702,30/01/2024 06:00,1,1,1
703,30/01/2024 07:00,1,1,1
704,30/01/2024 08:00,1,1,1
705,30/01/2024 09:00,1,1,1
706,30/01/2024 10:00,1,1,1
707,30/01/2024 11:00,1,1,1
708,30/01/2024 12:00,1,1,1
709,30/01/2024 13:00,1,1,1
710,30/01/2024 14:00,1,1,1
711,30/01/2024 15:00,1,1,1
712,30/01/2024 16:00,1,1,1
713,30/01/2024 17:00,1,1,1
714,30/01/2024 18:00,1,1,1
715,30/01/2024 19:00,1,1,1
716,30/01/2024 20:00,1,1,1
717,30/01/2024 21:00,1,1,1
718,30/01/2024 22:00,1,1,1
719,30/01/2024 23:00,1,1,1
720,31/01/2024 00:00,1,1,1
721,31/01/2024 01:00,1,1,1
722,31/01/2024 02:00,1,1,1
723,31/01/2024 03:00,1,1,1
724,31/01/2024 04:00,1,1,1
725,31/01/2024 05:00,1,1,1
726,31/01/2024 06:00,1,1,1
727,31/01/2024 07:00,1,1,1
728,31/01/2024 08:00,1,1,1
729,31/01/2024 09:00,1,1,1
730,31/01/2024 10:00,1,1,1
731,31/01/2024 11:00,1,1,1
732,31/01/2024 12:00,1,1,1
733,31/01/2024 13:00,1,1,1
734,31/01/2024 14:00,1,1,1
735,31/01/2024 15:00,1,1,1
736,31/01/2024 16:00,1,1,1
737,31/01/2024 17:00,1,1,1
738,31/01/2024 18:00,1,1,1
739,31/01/2024 19:00,1,1,1
740,31/01/2024 20:00,1,1,1
741,31/01/2024 21:00,1,1,1
742,31/01/2024 22:00,1,1,1
743,31/01/2024 23:00,1,1,1
744,01/02/2024 00:00,1,1,1
745,01/02/2024 01:00,1,1,1
746,01/02/2024 02:00,1,1,1
747,01/02/2024 03:00,1,1,1
748,01/02/2024 04:00,1,1,1
749,01/02/2024 05:00,1,1,1
750,01/02/2024 06:00,1,1,1
751,01/02/2024 07:00,1,1,1
752,01/02/2024 08:00,1,1,1
753,01/02/2024 09:00,1,1,1
754,01/02/2024 10:00,1,1,1
755,01/02/2024 11:00,1,1,1
756,01/02/2024 12:00,1,1,1
757,01/02/2024 13:00,1,1,1
758,01/02/2024 14:00,1,1,1
759,01/02/2024 15:00,1,1,1
760,01/02/2024 16:00,1,1,1
761,01/02/2024 17:00,1,1,1
762,01/02/2024 18:00,1,1,1
763,01/02/2024 19:00,1,1,1
764,01/02/2024 20:00,1,1,1
765,01/02/2024 21:00,1,1,1
766,01/02/2024 22:00,1,1,1
767,01/02/2024 23:00,1,1,1
768,02/02/2024 00:00,1,1,1
769,02/02/2024 01:00,1,1,1
770,02/02/2024 02:00,1,1,1
771,02/02/2024 03:00,1,1,1
772,02/02/2024 04:00,1,1,1
773,02/02/2024 05:00,1,1,1
774,02/02/2024 06:00,1,1,1
775,02/02/2024 07:00,1,1,1
776,02/02/2024 08:00,1,1,1
777,02/02/2024 09:00,1,1,1
778,02/02/2024 10:00,1,1,1
779,02/02/2024 11:00,1,1,1
780,02/02/2024 12:00,1,1,1
781,02/02/2024 13:00,1,1,1
782,02/02/2024 14:00,1,1,1
783,02/02/2024 15:00,1,1,1
784,02/02/2024 16:00,1,1,1
785,02/02/2024 17:00,1,1,1
786,02/02/2024 18:00,1,1,1
787,02/02/2024 19:00,1,1,1
788,02/02/2024 20:00,1,1,1
789,02/02/2024 21:00,1,1,1
790,02/02/2024 22:00,1,1,1
791,02/02/2024 23:00,1,1,1
792,03/02/2024 00:00,1,1,1
793,03/02/2024 01:00,1,1,1
794,03/02/2024 02:00,1,1,1
795,03/02/2024 03:00,1,1,1
796,03/02/2024 04:00,1,1,1
797,03/02/2024 05:00,1,1,1
798,03/02/2024 06:00,1,1,1
799,03/02/2024 07:00,1,1,1
800,03/02/2024 08:00,1,1,1
801,03/02/2024 09:00,1,1,1
802,03/02/2024 10:00,1,1,1
803,03/02/2024 11:00,1,1,1
804,03/02/2024 12:00,1,1,1
805,03/02/2024 13:00,1,1,1
806,03/02/2024 14:00,1,1,1
807,03/02/2024 15:00,1,1,1
808,03/02/2024 16:00,1,1,1
809,03/02/2024 17:00,1,1,1
810,03/02/2024 18:00,1,1,1
811,03/02/2024 19:00,1,1,1
812,03/02/2024 20:00,1,1,1
813,03/02/2024 21:00,1,1,1
814,03/02/2024 22:00,1,1,1
815,03/02/2024 23:00,1,1,1
816,04/02/2024 00:00,1,1,1
817,04/02/2024 01:00,1,1,1
818,04/02/2024 02:00,1,1,1
819,04/02/2024 03:00,1,1,1
820,04/02/2024 04:00,1,1,1
821,04/02/2024 05:00,1,1,1
822,04/02/2024 06:00,1,1,1
823,04/02/2024 07:00,1,1,1
824,04/02/2024 08:00,1,1,1
825,04/02/2024 09:00,1,1,1
826,04/02/2024 10:00,1,1,1
827,04/02/2024 11:00,1,1,1
828,04/02/2024 12:00,1,1,1
829,04/02/2024 13:00,1,1,1
830,04/02/2024 14:00,1,1,1
831,04/02/2024 15:00,1,1,1
832,04/02/2024 16:00,1,1,1
833,04/02/2024 17:00,1,1,1
834,04/02/2024 18:00,1,1,1
835,04/02/2024 19:00,1,1,1
836,04/02/2024 20:00,1,1,1
837,04/02/2024 21:00,1,1,1
838,04/02/2024 22:00,1,1,1
839,04/02/2024 23:00,1,1,1
840,05/02/2024 00:00,1,1,1
841,05/02/2024 01:00,1,1,1
842,05/02/2024 02:00,1,1,1
843,05/02/2024 03:00,1,1,1
844,05/02/2024 04:00,1,1,1
845,05/02/2024 05:00,1,1,1
846,05/02/2024 06:00,1,1,1
847,05/02/2024 07:00,1,1,1
848,05/02/2024 08:00,1,1,1
849,05/02/2024 09:00,1,1,1
850,05/02/2024 10:00,1,1,1
851,05/02/2024 11:00,1,1,1
852,05/02/2024 12:00,1,1,1
853,05/02/2024 13:00,1,1,1
854,05/02/2024 14:00,1,1,1
855,05/02/2024 15:00,1,1,1
856,05/02/2024 16:00,1,1,1
857,05/02/2024 17:00,1,1,1
858,05/02/2024 18:00,1,1,1
859,05/02/2024 19:00,1,1,1
860,05/02/2024 20:00,1,1,1
861,05/02/2024 21:00,1,1,1
862,05/02/2024 22:00,1,1,1
863,05/02/2024 23:00,1,1,1
864,06/02/2024 00:00,1,1,1
865,06/02/2024 01:00,1,1,1
866,06/02/2024 02:00,1,1,1
867,06/02/2024 03:00,1,1,1
868,06/02/2024 04:00,1,1,1
869,06/02/2024 05:00,1,1,1
870,06/02/2024 06:00,1,1,1
871,06/02/2024 07:00,1,1,1
872,06/02/2024 08:00,1,1,1
873,06/02/2024 09:00,1,1,1
874,06/02/2024 10:00,1,1,1
875,06/02/2024 11:00,1,1,1
876,06/02/2024 12:00,1,1,1
877,06/02/2024 13:00,1,1,1
878,06/02/2024 14:00,1,1,1
879,06/02/2024 15:00,1,1,1
880,06/02/2024 16:00,1,1,1
881,06/02/2024 17:00,1,1,1
882,06/02/2024 18:00,1,1,1
883,06/02/2024 19:00,1,1,1
884,06/02/2024 20:00,1,1,1
885,06/02/2024 21:00,1,1,1
886,06/02/2024 22:00,1,1,1
887,06/02/2024 23:00,1,1,1
888,07/02/2024 00:00,1,1,1
889,07/02/2024 01:00,1,1,1
890,07/02/2024 02:00,1,1,1
891,07/02/2024 03:00,1,1,1
892,07/02/2024 04:00,1,1,1
893,07/02/2024 05:00,1,1,1
894,07/02/2024 06:00,1,1,1
895,07/02/2024 07:00,1,1,1
896,07/02/2024 08:00,1,1,1
897,07/02/2024 09:00,1,1,1
898,07/02/2024 10:00,1,1,1
899,07/02/2024 11:00,1,1,1
900,07/02/2024 12:00,1,1,1
901,07/02/2024 13:00,1,1,1
902,07/02/2024 14:00,1,1,1
903,07/02/2024 15:00,1,1,1
904,07/02/2024 16:00,1,1,1
905,07/02/2024 17:00,1,1,1
906,07/02/2024 18:00,1,1,1
907,07/02/2024 19:00,1,1,1
908,07/02/2024 20:00,1,1,1
909,07/02/2024 21:00,1,1,1
910,07/02/2024 22:00,1,1,1
911,07/02/2024 23:00,1,1,1
912,08/02/2024 00:00,1,1,1
913,08/02/2024 01:00,1,1,1
914,08/02/2024 02:00,1,1,1
915,08/02/2024 03:00,1,1,1
916,08/02/2024 04:00,1,1,1
917,08/02/2024 05:00,1,1,1
918,08/02/2024 06:00,1,1,1
919,08/02/2024 07:00,1,1,1
920,08/02/2024 08:00,1,1,1
921,08/02/2024 09:00,1,1,1
922,08/02/2024 10:00,1,1,1
923,08/02/2024 11:00,1,1,1
924,08/02/2024 12:00,1,1,1
925,08/02/2024 13:00,1,1,1
926,08/02/2024 14:00,1,1,1
927,08/02/2024 15:00,1,1,1
928,08/02/2024 16:00,1,1,1
929,08/02/2024 17:00,1,1,1
930,08/02/2024 18:00,1,1,1
931,08/02/2024 19:00,1,1,1
932,08/02/2024 20:00,1,1,1
933,08/02/2024 21:00,1,1,1
934,08/02/2024 22:00,1,1,1
935,08/02/2024 23:00,1,1,1
936,09/02/2024 00:00,1,1,1
937,09/02/2024 01:00,1,1,1
938,09/02/2024 02:00,1,1,1
939,09/02/2024 03:00,1,1,1
940,09/02/2024 04:00,1,1,1
941,09/02/2024 05:00,1,1,1
942,09/02/2024 06:00,1,1,1
943,09/02/2024 07:00,1,1,1
944,09/02/2024 08:00,1,1,1
945,09/02/2024 09:00,1,1,1
946,09/02/2024 10:00,1,1,1
947,09/02/2024 11:00,1,1,1
948,09/02/2024 12:00,1,1,1
949,09/02/2024 13:00,1,1,1
950,09/02/2024 14:00,1,1,1
951,09/02/2024 15:00,1,1,1
952,09/02/2024 16:00,1,1,1
953,09/02/2024 17:00,1,1,1
954,09/02/2024 18:00,1,1,1
955,09/02/2024 19:00,1,1,1
956,09/02/2024 20:00,1,1,1
957,09/02/2024 21:00,1,1,1
958,09/02/2024 22:00,1,1,1
959,09/02/2024 23:00,1,1,1
960,10/02/2024 00:00,1,1,1
961,10/02/2024 01:00,1,1,1
962,10/02/2024 02:00,1,1,1
963,10/02/2024 03:00,1,1,1
964,10/02/2024 04:00,1,1,1
965,10/02/2024 05:00,1,1,1
966,10/02/2024 06:00,1,1,1
967,10/02/2024 07:00,1,1,1
968,10/02/2024 08:00,1,1,1
969,10/02/2024 09:00,1,1,1
970,10/02/2024 10:00,1,1,1
971,10/02/2024 11:00,1,1,1
972,10/02/2024 12:00,1,1,1
973,10/02/2024 13:00,1,1,1
974,10/02/2024 14:00,1,1,1
975,10/02/2024 15:00,1,1,1
976,10/02/2024 16:00,1,1,1
977,10/02/2024 17:00,1,1,1
978,10/02/2024 18:00,1,1,1
979,10/02/2024 19:00,1,1,1
980,10/02/2024 20:00,1,1,1
981,10/02/2024 21:00,1,1,1
982,10/02/2024 22:00,1,1,1
983,10/02/2024 23:00,1,1,1
984,11/02/2024 00:00,1,1,1
985,11/02/2024 01:00,1,1,1
986,11/02/2024 02:00,1,1,1
987,11/02/2024 03:00,1,1,1
988,11/02/2024 04:00,1,1,1
989,11/02/2024 05:00,1,1,1
990,11/02/2024 06:00,1,1,1
991,11/02/2024 07:00,1,1,1
992,11/02/2024 08:00,1,1,1
993,11/02/2024 09:00,1,1,1
994,11/02/2024 10:00,1,1,1
995,11/02/2024 11:00,1,1,1
996,11/02/2024 12:00,1,1,1
997,11/02/2024 13:00,1,1,1
998,11/02/2024 14:00,1,1,1
999,11/02/2024 15:00,1,1,1
1000,11/02/2024 16:00,1,1,1
1001,11/02/2024 17:00,1,1,1
1002,11/02/2024 18:00,1,1,1
1003,11/02/2024 19:00,1,1,1
1004,11/02/2024 20:00,1,1,1
1005,11/02/2024 21:00,1,1,1
1006,11/02/2024 22:00,1,1,1
1007,11/02/2024 23:00,1,1,1
1008,12/02/2024 00:00,1,1,1
1009,12/02/2024 01:00,1,1,1
1010,12/02/2024 02:00,1,1,1
1011,12/02/2024 03:00,1,1,1
1012,12/02/2024 04:00,1,1,1
1013,12/02/2024 05:00,1,1,1
1014,12/02/2024 06:00,1,1,1
1015,12/02/2024 07:00,1,1,1
1016,12/02/2024 08:00,1,1,1
1017,12/02/2024 09:00,1,1,1
1018,12/02/2024 10:00,1,1,1
1019,12/02/2024 11:00,1,1,1
1020,12/02/2024 12:00,1,1,1
1021,12/02/2024 13:00,1,1,1
1022,12/02/2024 14:00,1,1,1
1023,12/02/2024 15:00,1,1,1
1024,12/02/2024 16:00,1,1,1
1025,12/02/2024 17:00,1,1,1
1026,12/02/2024 18:00,1,1,1
1027,12/02/2024 19:00,1,1,1
1028,12/02/2024 20:00,1,1,1
1029,12/02/2024 21:00,1,1,1
1030,12/02/2024 22:00,1,1,1
1031,12/02/2024 23:00,1,1,1
1032,13/02/2024 00:00,1,1,1
1033,13/02/2024 01:00,1,1,1
1034,13/02/2024 02:00,1,1,1
1035,13/02/2024 03:00,1,1,1
1036,13/02/2024 04:00,1,1,1
1037,13/02/2024 05:00,1,1,1
1038,13/02/2024 06:00,1,1,1
1039,13/02/2024 07:00,1,1,1
1040,13/02/2024 08:00,1,1,1
1041,13/02/2024 09:00,1,1,1
1042,13/02/2024 10:00,1,1,1
1043,13/02/2024 11:00,1,1,1
1044,13/02/2024 12:00,1,1,1
1045,13/02/2024 13:00,1,1,1
1046,13/02/2024 14:00,1,1,1
1047,13/02/2024 15:00,1,1,1
1048,13/02/2024 16:00,1,1,1
1049,13/02/2024 17:00,1,1,1
1050,13/02/2024 18:00,1,1,1
1051,13/02/2024 19:00,1,1,1
1052,13/02/2024 20:00,1,1,1
1053,13/02/2024 21:00,1,1,1
1054,13/02/2024 22:00,1,1,1
1055,13/02/2024 23:00,1,1,1
1056,14/02/2024 00:00,1,1,1
1057,14/02/2024 01:00,1,1,1
1058,14/02/2024 02:00,1,1,1
1059,14/02/2024 03:00,1,1,1
1060,14/02/2024 04:00,1,1,1
1061,14/02/2024 05:00,1,1,1
1062,14/02/2024 06:00,1,1,1
1063,14/02/2024 07:00,1,1,1
1064,14/02/2024 08:00,1,1,1
1065,14/02/2024 09:00,1,1,1
1066,14/02/2024 10:00,1,1,1
1067,14/02/2024 11:00,1,1,1
1068,14/02/2024 12:00,1,1,1
1069,14/02/2024 13:00,1,1,1
1070,14/02/2024 14:00,1,1,1
1071,14/02/2024 15:00,1,1,1
1072,14/02/2024 16:00,1,1,1
1073,14/02/2024 17:00,1,1,1
1074,14/02/2024 18:00,1,1,1
1075,14/02/2024 19:00,1,1,1
1076,14/02/2024 20:00,1,1,1
1077,14/02/2024 21:00,1,1,1
1078,14/02/2024 22:00,1,1,1
1079,14/02/2024 23:00,1,1,1
1080,15/02/2024 00:00,1,1,1
1081,15/02/2024 01:00,1,1,1
1082,15/02/2024 02:00,1,1,1
1083,15/02/2024 03:00,1,1,1
1084,15/02/2024 04:00,1,1,1
1085,15/02/2024 05:00,1,1,1
1086,15/02/2024 06:00,1,1,1
1087,15/02/2024 07:00,1,1,1
1088,15/02/2024 08:00,1,1,1
1089,15/02/2024 09:00,1,1,1
1090,15/02/2024 10:00,1,1,1
1091,15/02/2024 11:00,1,1,1
1092,15/02/2024 12:00,1,1,1
1093,15/02/2024 13:00,1,1,1
1094,15/02/2024 14:00,1,1,1
1095,15/02/2024 15:00,1,1,1
1096,15/02/2024 16:00,1,1,1
1097,15/02/2024 17:00,1,1,1
1098,15/02/2024 18:00,1,1,1
1099,15/02/2024 19:00,1,1,1
1100,15/02/2024 20:00,1,1,1
1101,15/02/2024 21:00,1,1,1
1102,15/02/2024 22:00,1,1,1
1103,15/02/2024 23:00,1,1,1
1104,16/02/2024 00:00,1,1,1
1105,16/02/2024 01:00,1,1,1
1106,16/02/2024 02:00,1,1,1
1107,16/02/2024 03:00,1,1,1
1108,16/02/2024 04:00,1,1,1
1109,16/02/2024 05:00,1,1,1
1110,16/02/2024 06:00,1,1,1
1111,16/02/2024 07:00,1,1,1
1112,16/02/2024 08:00,1,1,1
1113,16/02/2024 09:00,1,1,1
1114,16/02/2024 10:00,1,1,1
1115,16/02/2024 11:00,1,1,1
1116,16/02/2024 12:00,1,1,1
1117,16/02/2024 13:00,1,1,1
1118,16/02/2024 14:00,1,1,1
1119,16/02/2024 15:00,1,1,1
1120,16/02/2024 16:00,1,1,1
1121,16/02/2024 17:00,1,1,1
1122,16/02/2024 18:00,1,1,1
1123,16/02/2024 19:00,1,1,1
1124,16/02/2024 20:00,1,1,1
1125,16/02/2024 21:00,1,1,1
1126,16/02/2024 22:00,1,1,1
1127,16/02/2024 23:00,1,1,1
1128,17/02/2024 00:00,1,1,1
1129,17/02/2024 01:00,1,1,1
1130,17/02/2024 02:00,1,1,1
1131,17/02/2024 03:00,1,1,1
1132,17/02/2024 04:00,1,1,1
1133,17/02/2024 05:00,1,1,1
1134,17/02/2024 06:00,1,1,1
1135,17/02/2024 07:00,1,1,1
1136,17/02/2024 08:00,1,1,1
1137,17/02/2024 09:00,1,1,1
1138,17/02/2024 10:00,1,1,1
1139,17/02/2024 11:00,1,1,1
1140,17/02/2024 12:00,1,1,1
1141,17/02/2024 13:00,1,1,1
1142,17/02/2024 14:00,1,1,1
1143,17/02/2024 15:00,1,1,1
1144,17/02/2024 16:00,1,1,1
1145,17/02/2024 17:00,1,1,1
1146,17/02/2024 18:00,1,1,1
1147,17/02/2024 19:00,1,1,1
1148,17/02/2024 20:00,1,1,1
1149,17/02/2024 21:00,1,1,1
1150,17/02/2024 22:00,1,1,1
1151,17/02/2024 23:00,1,1,1
1152,18/02/2024 00:00,1,1,1
1153,18/02/2024 01:00,1,1,1
1154,18/02/2024 02:00,1,1,1
1155,18/02/2024 03:00,1,1,1
1156,18/02/2024 04:00,1,1,1
1157,18/02/2024 05:00,1,1,1
1158,18/02/2024 06:00,1,1,1
1159,18/02/2024 07:00,1,1,1
1160,18/02/2024 08:00,1,1,1
1161,18/02/2024 09:00,1,1,1
1162,18/02/2024 10:00,1,1,1
1163,18/02/2024 11:00,1,1,1
1164,18/02/2024 12:00,1,1,1
1165,18/02/2024 13:00,1,1,1
1166,18/02/2024 14:00,1,1,1
1167,18/02/2024 15:00,1,1,1
1168,18/02/2024 16:00,1,1,1
1169,18/02/2024 17:00,1,1,1
1170,18/02/2024 18:00,1,1,1
1171,18/02/2024 19:00,1,1,1
1172,18/02/2024 20:00,1,1,1
1173,18/02/2024 21:00,1,1,1
1174,18/02/2024 22:00,1,1,1
1175,18/02/2024 23:00,1,1,1
1176,19/02/2024 00:00,1,1,1
1177,19/02/2024 01:00,1,1,1
1178,19/02/2024 02:00,1,1,1
1179,19/02/2024 03:00,1,1,1
1180,19/02/2024 04:00,1,1,1
1181,19/02/2024 05:00,1,1,1
1182,19/02/2024 06:00,1,1,1
1183,19/02/2024 07:00,1,1,1
1184,19/02/2024 08:00,1,1,1
1185,19/02/2024 09:00,1,1,1
1186,19/02/2024 10:00,1,1,1
1187,19/02/2024 11:00,1,1,1
1188,19/02/2024 12:00,1,1,1
1189,19/02/2024 13:00,1,1,1
1190,19/02/2024 14:00,1,1,1
1191,19/02/2024 15:00,1,1,1
1192,19/02/2024 16:00,1,1,1
1193,19/02/2024 17:00,1,1,1
1194,19/02/2024 18:00,1,1,1
1195,19/02/2024 19:00,1,1,1
1196,19/02/2024 20:00,1,1,1
1197,19/02/2024 21:00,1,1,1
1198,19/02/2024 22:00,1,1,1
1199,19/02/2024 23:00,1,1,1
1200,20/02/2024 00:00,1,1,1
1201,20/02/2024 01:00,1,1,1
1202,20/02/2024 02:00,1,1,1
1203,20/02/2024 03:00,1,1,1
1204,20/02/2024 04:00,1,1,1
1205,20/02/2024 05:00,1,1,1
1206,20/02/2024 06:00,1,1,1
1207,20/02/2024 07:00,1,1,1
1208,20/02/2024 08:00,1,1,1
1209,20/02/2024 09:00,1,1,1
1210,20/02/2024 10:00,1,1,1
1211,20/02/2024 11:00,1,1,1
1212,20/02/2024 12:00,1,1,1
1213,20/02/2024 13:00,1,1,1
1214,20/02/2024 14:00,1,1,1
1215,20/02/2024 15:00,1,1,1
1216,20/02/2024 16:00,1,1,1
1217,20/02/2024 17:00,1,1,1
1218,20/02/2024 18:00,1,1,1
1219,20/02/2024 19:00,1,1,1
1220,20/02/2024 20:00,1,1,1
1221,20/02/2024 21:00,1,1,1
1222,20/02/2024 22:00,1,1,1
1223,20/02/2024 23:00,1,1,1
1224,21/02/2024 00:00,1,1,1
1225,21/02/2024 01:00,1,1,1
1226,21/02/2024 02:00,1,1,1
1227,21/02/2024 03:00,1,1,1
1228,21/02/2024 04:00,1,1,1
1229,21/02/2024 05:00,1,1,1
1230,21/02/2024 06:00,1,1,1
1231,21/02/2024 07:00,1,1,1
1232,21/02/2024 08:00,1,1,1
1233,21/02/2024 09:00,1,1,1
1234,21/02/2024 10:00,1,1,1
1235,21/02/2024 11:00,1,1,1
1236,21/02/2024 12:00,1,1,1
1237,21/02/2024 13:00,1,1,1
1238,21/02/2024 14:00,1,1,1
1239,21/02/2024 15:00,1,1,1
1240,21/02/2024 16:00,1,1,1
1241,21/02/2024 17:00,1,1,1
1242,21/02/2024 18:00,1,1,1
1243,21/02/2024 19:00,1,1,1
1244,21/02/2024 20:00,1,1,1
1245,21/02/2024 21:00,1,1,1
1246,21/02/2024 22:00,1,1,1
1247,21/02/2024 23:00,1,1,1
1248,22/02/2024 00:00,1,1,1
1249,22/02/2024 01:00,1,1,1
1250,22/02/2024 02:00,1,1,1
1251,22/02/2024 03:00,1,1,1
1252,22/02/2024 04:00,1,1,1
1253,22/02/2024 05:00,1,1,1
1254,22/02/2024 06:00,1,1,1
1255,22/02/2024 07:00,1,1,1
1256,22/02/2024 08:00,1,1,1
1257,22/02/2024 09:00,1,1,1
1258,22/02/2024 10:00,1,1,1
1259,22/02/2024 11:00,1,1,1
1260,22/02/2024 12:00,1,1,1
1261,22/02/2024 13:00,1,1,1
1262,22/02/2024 14:00,1,1,1
1263,22/02/2024 15:00,1,1,1
1264,22/02/2024 16:00,1,1,1
1265,22/02/2024 17:00,1,1,1
1266,22/02/2024 18:00,1,1,1
1267,22/02/2024 19:00,1,1,1
1268,22/02/2024 20:00,1,1,1
1269,22/02/2024 21:00,1,1,1
1270,22/02/2024 22:00,1,1,1
1271,22/02/2024 23:00,1,1,1
1272,23/02/2024 00:00,1,1,1
1273,23/02/2024 01:00,1,1,1
1274,23/02/2024 02:00,1,1,1
1275,23/02/2024 03:00,1,1,1
1276,23/02/2024 04:00,1,1,1
1277,23/02/2024 05:00,1,1,1
1278,23/02/2024 06:00,1,1,1
1279,23/02/2024 07:00,1,1,1
1280,23/02/2024 08:00,1,1,1
1281,23/02/2024 09:00,1,1,1
1282,23/02/2024 10:00,1,1,1
1283,23/02/2024 11:00,1,1,1
1284,23/02/2024 12:00,1,1,1
1285,23/02/2024 13:00,1,1,1
1286,23/02/2024 14:00,1,1,1
1287,23/02/2024 15:00,1,1,1
1288,23/02/2024 16:00,1,1,1
1289,23/02/2024 17:00,1,1,1
1290,23/02/2024 18:00,1,1,1
1291,23/02/2024 19:00,1,1,1
1292,23/02/2024 20:00,1,1,1
1293,23/02/2024 21:00,1,1,1
1294,23/02/2024 22:00,1,1,1
1295,23/02/2024 23:00,1,1,1
1296,24/02/2024 00:00,1,1,1
1297,24/02/2024 01:00,1,1,1
1298,24/02/2024 02:00,1,1,1
1299,24/02/2024 03:00,1,1,1
1300,24/02/2024 04:00,1,1,1
1301,24/02/2024 05:00,1,1,1
1302,24/02/2024 06:00,1,1,1
1303,24/02/2024 07:00,1,1,1
1304,24/02/2024 08:00,1,1,1
1305,24/02/2024 09:00,1,1,1
1306,24/02/2024 10:00,1,1,1
1307,24/02/2024 11:00,1,1,1
1308,24/02/2024 12:00,1,1,1
1309,24/02/2024 13:00,1,1,1
1310,24/02/2024 14:00,1,1,1
1311,24/02/2024 15:00,1,1,1
1312,24/02/2024 16:00,1,1,1
1313,24/02/2024 17:00,1,1,1
1314,24/02/2024 18:00,1,1,1
1315,24/02/2024 19:00,1,1,1
1316,24/02/2024 20:00,1,1,1
1317,24/02/2024 21:00,1,1,1
1318,24/02/2024 22:00,1,1,1
1319,24/02/2024 23:00,1,1,1
1320,25/02/2024 00:00,1,1,1
1321,25/02/2024 01:00,1,1,1
1322,25/02/2024 02:00,1,1,1
1323,25/02/2024 03:00,1,1,1
1324,25/02/2024 04:00,1,1,1
1325,25/02/2024 05:00,1,1,1
1326,25/02/2024 06:00,1,1,1
1327,25/02/2024 07:00,1,1,1
1328,25/02/2024 08:00,1,1,1
1329,25/02/2024 09:00,1,1,1
1330,25/02/2024 10:00,1,1,1
1331,25/02/2024 11:00,1,1,1
1332,25/02/2024 12:00,1,1,1
1333,25/02/2024 13:00,1,1,1
1334,25/02/2024 14:00,1,1,1
1335,25/02/2024 15:00,1,1,1
1336,25/02/2024 16:00,1,1,1
1337,25/02/2024 17:00,1,1,1
1338,25/02/2024 18:00,1,1,1
1339,25/02/2024 19:00,1,1,1
1340,25/02/2024 20:00,1,1,1
1341,25/02/2024 21:00,1,1,1
1342,25/02/2024 22:00,1,1,1
1343,25/02/2024 23:00,1,1,1
1344,26/02/2024 00:00,1,1,1
1345,26/02/2024 01:00,1,1,1
1346,26/02/2024 02:00,1,1,1
1347,26/02/2024 03:00,1,1,1
1348,26/02/2024 04:00,1,1,1
1349,26/02/2024 05:00,1,1,1
1350,26/02/2024 06:00,1,1,1
1351,26/02/2024 07:00,1,1,1
1352,26/02/2024 08:00,1,1,1
1353,26/02/2024 09:00,1,1,1
1354,26/02/2024 10:00,1,1,1
1355,26/02/2024 11:00,1,1,1
1356,26/02/2024 12:00,1,1,1
1357,26/02/2024 13:00,1,1,1
1358,26/02/2024 14:00,1,1,1
1359,26/02/2024 15:00,1,1,1
1360,26/02/2024 16:00,1,1,1
1361,26/02/2024 17:00,1,1,1
1362,26/02/2024 18:00,1,1,1
1363,26/02/2024 19:00,1,1,1
1364,26/02/2024 20:00,1,1,1
1365,26/02/2024 21:00,1,1,1
1366,26/02/2024 22:00,1,1,1
1367,26/02/2024 23:00,1,1,1
1368,27/02/2024 00:00,1,1,1
1369,27/02/2024 01:00,1,1,1
1370,27/02/2024 02:00,1,1,1
1371,27/02/2024 03:00,1,1,1
1372,27/02/2024 04:00,1,1,1
1373,27/02/2024 05:00,1,1,1
1374,27/02/2024 06:00,1,1,1
1375,27/02/2024 07:00,1,1,1
1376,27/02/2024 08:00,1,1,1
1377,27/02/2024 09:00,1,1,1
1378,27/02/2024 10:00,1,1,1
1379,27/02/2024 11:00,1,1,1
1380,27/02/2024 12:00,1,1,1
1381,27/02/2024 13:00,1,1,1
1382,27/02/2024 14:00,1,1,1
1383,27/02/2024 15:00,1,1,1
1384,27/02/2024 16:00,1,1,1
1385,27/02/2024 17:00,1,1,1
1386,27/02/2024 18:00,1,1,1
1387,27/02/2024 19:00,1,1,1
1388,27/02/2024 20:00,1,1,1
1389,27/02/2024 21:00,1,1,1
1390,27/02/2024 22:00,1,1,1
1391,27/02/2024 23:00,1,1,1
1392,28/02/2024 00:00,1,1,1
1393,28/02/2024 01:00,1,1,1
1394,28/02/2024 02:00,1,1,1
1395,28/02/2024 03:00,1,1,1
1396,28/02/2024 04:00,1,1,1
1397,28/02/2024 05:00,1,1,1
1398,28/02/2024 06:00,1,1,1
1399,28/02/2024 07:00,1,1,1
1400,28/02/2024 08:00,1,1,1
1401,28/02/2024 09:00,1,1,1
1402,28/02/2024 10:00,1,1,1
1403,28/02/2024 11:00,1,1,1
1404,28/02/2024 12:00,1,1,1
1405,28/02/2024 13:00,1,1,1
1406,28/02/2024 14:00,1,1,1
1407,28/02/2024 15:00,1,1,1
1408,28/02/2024 16:00,1,1,1
1409,28/02/2024 17:00,1,1,1
1410,28/02/2024 18:00,1,1,1
1411,28/02/2024 19:00,1,1,1
1412,28/02/2024 20:00,1,1,1
1413,28/02/2024 21:00,1,1,1
1414,28/02/2024 22:00,1,1,1
1415,28/02/2024 23:00,1,1,1
1416,29/02/2024 00:00,1,1,1
1417,29/02/2024 01:00,1,1,1
1418,29/02/2024 02:00,1,1,1
1419,29/02/2024 03:00,1,1,1
1420,29/02/2024 04:00,1,1,1
1421,29/02/2024 05:00,1,1,1
1422,29/02/2024 06:00,1,1,1
1423,29/02/2024 07:00,1,1,1
1424,29/02/2024 08:00,1,1,1
1425,29/02/2024 09:00,1,1,1
1426,29/02/2024 10:00,1,1,1
1427,29/02/2024 11:00,1,1,1
1428,29/02/2024 12:00,1,1,1
1429,29/02/2024 13:00,1,1,1
1430,29/02/2024 14:00,1,1,1
1431,29/02/2024 15:00,1,1,1
1432,29/02/2024 16:00,1,1,1
1433,29/02/2024 17:00,1,1,1
1434,29/02/2024 18:00,1,1,1
1435,29/02/2024 19:00,1,1,1
1436,29/02/2024 20:00,1,1,1
1437,29/02/2024 21:00,1,1,1
1438,29/02/2024 22:00,1,1,1
1439,29/02/2024 23:00,1,1,1
1440,01/03/2024 00:00,1,1,1
1441,01/03/2024 01:00,1,1,1
1442,01/03/2024 02:00,1,1,1
1443,01/03/2024 03:00,1,1,1
1444,01/03/2024 04:00,1,1,1
1445,01/03/2024 05:00,1,1,1
1446,01/03/2024 06:00,1,1,1
1447,01/03/2024 07:00,1,1,1
1448,01/03/2024 08:00,1,1,1
1449,01/03/2024 09:00,1,1,1
1450,01/03/2024 10:00,1,1,1
1451,01/03/2024 11:00,1,1,1
1452,01/03/2024 12:00,1,1,1
1453,01/03/2024 13:00,1,1,1
1454,01/03/2024 14:00,1,1,1
1455,01/03/2024 15:00,1,1,1
1456,01/03/2024 16:00,1,1,1
1457,01/03/2024 17:00,1,1,1
1458,01/03/2024 18:00,1,1,1
1459,01/03/2024 19:00,1,1,1
1460,01/03/2024 20:00,1,1,1
1461,01/03/2024 21:00,1,1,1
1462,01/03/2024 22:00,1,1,1
1463,01/03/2024 23:00,1,1,1
1464,02/03/2024 00:00,1,1,1
1465,02/03/2024 01:00,1,1,1
1466,02/03/2024 02:00,1,1,1
1467,02/03/2024 03:00,1,1,1
1468,02/03/2024 04:00,1,1,1
1469,02/03/2024 05:00,1,1,1
1470,02/03/2024 06:00,1,1,1
1471,02/03/2024 07:00,1,1,1
1472,02/03/2024 08:00,1,1,1
1473,02/03/2024 09:00,1,1,1
1474,02/03/2024 10:00,1,1,1
1475,02/03/2024 11:00,1,1,1
1476,02/03/2024 12:00,1,1,1
1477,02/03/2024 13:00,1,1,1
1478,02/03/2024 14:00,1,1,1
1479,02/03/2024 15:00,1,1,1
1480,02/03/2024 16:00,1,1,1
1481,02/03/2024 17:00,1,1,1
1482,02/03/2024 18:00,1,1,1
1483,02/03/2024 19:00,1,1,1
1484,02/03/2024 20:00,1,1,1
1485,02/03/2024 21:00,1,1,1
1486,02/03/2024 22:00,1,1,1
1487,02/03/2024 23:00,1,1,1
1488,03/03/2024 00:00,1,1,1
1489,03/03/2024 01:00,1,1,1
1490,03/03/2024 02:00,1,1,1
1491,03/03/2024 03:00,1,1,1
1492,03/03/2024 04:00,1,1,1
1493,03/03/2024 05:00,1,1,1
1494,03/03/2024 06:00,1,1,1
1495,03/03/2024 07:00,1,1,1
1496,03/03/2024 08:00,1,1,1
1497,03/03/2024 09:00,1,1,1
1498,03/03/2024 10:00,1,1,1
1499,03/03/2024 11:00,1,1,1
1500,03/03/2024 12:00,1,1,1
1501,03/03/2024 13:00,1,1,1
1502,03/03/2024 14:00,1,1,1
1503,03/03/2024 15:00,1,1,1
1504,03/03/2024 16:00,1,1,1
1505,03/03/2024 17:00,1,1,1
1506,03/03/2024 18:00,1,1,1
1507,03/03/2024 19:00,1,1,1
1508,03/03/2024 20:00,1,1,1
1509,03/03/2024 21:00,1,1,1
1510,03/03/2024 22:00,1,1,1
1511,03/03/2024 23:00,1,1,1
1512,04/03/2024 00:00,1,1,1
1513,04/03/2024 01:00,1,1,1
1514,04/03/2024 02:00,1,1,1
1515,04/03/2024 03:00,1,1,1
1516,04/03/2024 04:00,1,1,1
1517,04/03/2024 05:00,1,1,1
1518,04/03/2024 06:00,1,1,1
1519,04/03/2024 07:00,1,1,1
1520,04/03/2024 08:00,1,1,1
1521,04/03/2024 09:00,1,1,1
1522,04/03/2024 10:00,1,1,1
1523,04/03/2024 11:00,1,1,1
1524,04/03/2024 12:00,1,1,1
1525,04/03/2024 13:00,1,1,1
1526,04/03/2024 14:00,1,1,1
1527,04/03/2024 15:00,1,1,1
1528,04/03/2024 16:00,1,1,1
1529,04/03/2024 17:00,1,1,1
1530,04/03/2024 18:00,1,1,1
1531,04/03/2024 19:00,1,1,1
1532,04/03/2024 20:00,1,1,1
1533,04/03/2024 21:00,1,1,1
1534,04/03/2024 22:00,1,1,1
1535,04/03/2024 23:00,1,1,1
1536,05/03/2024 00:00,1,1,1
1537,05/03/2024 01:00,1,1,1
1538,05/03/2024 02:00,1,1,1
1539,05/03/2024 03:00,1,1,1
1540,05/03/2024 04:00,1,1,1
1541,05/03/2024 05:00,1,1,1
1542,05/03/2024 06:00,1,1,1
1543,05/03/2024 07:00,1,1,1
1544,05/03/2024 08:00,1,1,1
1545,05/03/2024 09:00,1,1,1
1546,05/03/2024 10:00,1,1,1
1547,05/03/2024 11:00,1,1,1
1548,05/03/2024 12:00,1,1,1
1549,05/03/2024 13:00,1,1,1
1550,05/03/2024 14:00,1,1,1
1551,05/03/2024 15:00,1,1,1
1552,05/03/2024 16:00,1,1,1
1553,05/03/2024 17:00,1,1,1
1554,05/03/2024 18:00,1,1,1
1555,05/03/2024 19:00,1,1,1
1556,05/03/2024 20:00,1,1,1
1557,05/03/2024 21:00,1,1,1
1558,05/03/2024 22:00,1,1,1
1559,05/03/2024 23:00,1,1,1
1560,06/03/2024 00:00,1,1,1
1561,06/03/2024 01:00,1,1,1
1562,06/03/2024 02:00,1,1,1
1563,06/03/2024 03:00,1,1,1
1564,06/03/2024 04:00,1,1,1
1565,06/03/2024 05:00,1,1,1
1566,06/03/2024 06:00,1,1,1
1567,06/03/2024 07:00,1,1,1
1568,06/03/2024 08:00,1,1,1
1569,06/03/2024 09:00,1,1,1
1570,06/03/2024 10:00,1,1,1
1571,06/03/2024 11:00,1,1,1
1572,06/03/2024 12:00,1,1,1
1573,06/03/2024 13:00,1,1,1
1574,06/03/2024 14:00,1,1,1
1575,06/03/2024 15:00,1,1,1
1576,06/03/2024 16:00,1,1,1
1577,06/03/2024 17:00,1,1,1
1578,06/03/2024 18:00,1,1,1
1579,06/03/2024 19:00,1,1,1
1580,06/03/2024 20:00,1,1,1
1581,06/03/2024 21:00,1,1,1
1582,06/03/2024 22:00,1,1,1
1583,06/03/2024 23:00,1,1,1
1584,07/03/2024 00:00,1,1,1
1585,07/03/2024 01:00,1,1,1
1586,07/03/2024 02:00,1,1,1
1587,07/03/2024 03:00,1,1,1
1588,07/03/2024 04:00,1,1,1
1589,07/03/2024 05:00,1,1,1
1590,07/03/2024 06:00,1,1,1
1591,07/03/2024 07:00,1,1,1
1592,07/03/2024 08:00,1,1,1
1593,07/03/2024 09:00,1,1,1
1594,07/03/2024 10:00,1,1,1
1595,07/03/2024 11:00,1,1,1
1596,07/03/2024 12:00,1,1,1
1597,07/03/2024 13:00,1,1,1
1598,07/03/2024 14:00,1,1,1
1599,07/03/2024 15:00,1,1,1
1600,07/03/2024 16:00,1,1,1
1601,07/03/2024 17:00,1,1,1
1602,07/03/2024 18:00,1,1,1
1603,07/03/2024 19:00,1,1,1
1604,07/03/2024 20:00,1,1,1
1605,07/03/2024 21:00,1,1,1
1606,07/03/2024 22:00,1,1,1
1607,07/03/2024 23:00,1,1,1
1608,08/03/2024 00:00,1,1,1
1609,08/03/2024 01:00,1,1,1
1610,08/03/2024 02:00,1,1,1
1611,08/03/2024 03:00,1,1,1
1612,08/03/2024 04:00,1,1,1
1613,08/03/2024 05:00,1,1,1
1614,08/03/2024 06:00,1,1,1
1615,08/03/2024 07:00,1,1,1
1616,08/03/2024 08:00,1,1,1
1617,08/03/2024 09:00,1,1,1
1618,08/03/2024 10:00,1,1,1
1619,08/03/2024 11:00,1,1,1
1620,08/03/2024 12:00,1,1,1
1621,08/03/2024 13:00,1,1,1
1622,08/03/2024 14:00,1,1,1
1623,08/03/2024 15:00,1,1,1
1624,08/03/2024 16:00,1,1,1
1625,08/03/2024 17:00,1,1,1
1626,08/03/2024 18:00,1,1,1
1627,08/03/2024 19:00,1,1,1
1628,08/03/2024 20:00,1,1,1
1629,08/03/2024 21:00,1,1,1
1630,08/03/2024 22:00,1,1,1
1631,08/03/2024 23:00,1,1,1
1632,09/03/2024 00:00,1,1,1
1633,09/03/2024 01:00,1,1,1
1634,09/03/2024 02:00,1,1,1
1635,09/03/2024 03:00,1,1,1
1636,09/03/2024 04:00,1,1,1
1637,09/03/2024 05:00,1,1,1
1638,09/03/2024 06:00,1,1,1
1639,09/03/2024 07:00,1,1,1
1640,09/03/2024 08:00,1,1,1
1641,09/03/2024 09:00,1,1,1
1642,09/03/2024 10:00,1,1,1
1643,09/03/2024 11:00,1,1,1
1644,09/03/2024 12:00,1,1,1
1645,09/03/2024 13:00,1,1,1
1646,09/03/2024 14:00,1,1,1
1647,09/03/2024 15:00,1,1,1
1648,09/03/2024 16:00,1,1,1
1649,09/03/2024 17:00,1,1,1
1650,09/03/2024 18:00,1,1,1
1651,09/03/2024 19:00,1,1,1
1652,09/03/2024 20:00,1,1,1
1653,09/03/2024 21:00,1,1,1
1654,09/03/2024 22:00,1,1,1
1655,09/03/2024 23:00,1,1,1
1656,10/03/2024 00:00,1,1,1
1657,10/03/2024 01:00,1,1,1
1658,10/03/2024 02:00,1,1,1
1659,10/03/2024 03:00,1,1,1
1660,10/03/2024 04:00,1,1,1
1661,10/03/2024 05:00,1,1,1
1662,10/03/2024 06:00,1,1,1
1663,10/03/2024 07:00,1,1,1
1664,10/03/2024 08:00,1,1,1
1665,10/03/2024 09:00,1,1,1
1666,10/03/2024 10:00,1,1,1
1667,10/03/2024 11:00,1,1,1
1668,10/03/2024 12:00,1,1,1
1669,10/03/2024 13:00,1,1,1
1670,10/03/2024 14:00,1,1,1
1671,10/03/2024 15:00,1,1,1
1672,10/03/2024 16:00,1,1,1
1673,10/03/2024 17:00,1,1,1
1674,10/03/2024 18:00,1,1,1
1675,10/03/2024 19:00,1,1,1
1676,10/03/2024 20:00,1,1,1
1677,10/03/2024 21:00,1,1,1
1678,10/03/2024 22:00,1,1,1
1679,10/03/2024 23:00,1,1,1
1680,11/03/2024 00:00,1,1,1
1681,11/03/2024 01:00,1,1,1
1682,11/03/2024 02:00,1,1,1
1683,11/03/2024 03:00,1,1,1
1684,11/03/2024 04:00,1,1,1
1685,11/03/2024 05:00,1,1,1
1686,11/03/2024 06:00,1,1,1
1687,11/03/2024 07:00,1,1,1
1688,11/03/2024 08:00,1,1,1
1689,11/03/2024 09:00,1,1,1
1690,11/03/2024 10:00,1,1,1
1691,11/03/2024 11:00,1,1,1
1692,11/03/2024 12:00,1,1,1
1693,11/03/2024 13:00,1,1,1
1694,11/03/2024 14:00,1,1,1
1695,11/03/2024 15:00,1,1,1
1696,11/03/2024 16:00,1,1,1
1697,11/03/2024 17:00,1,1,1
1698,11/03/2024 18:00,1,1,1
1699,11/03/2024 19:00,1,1,1
1700,11/03/2024 20:00,1,1,1
1701,11/03/2024 21:00,1,1,1
1702,11/03/2024 22:00,1,1,1
1703,11/03/2024 23:00,1,1,1
1704,12/03/2024 00:00,1,1,1
1705,12/03/2024 01:00,1,1,1
1706,12/03/2024 02:00,1,1,1
1707,12/03/2024 03:00,1,1,1
1708,12/03/2024 04:00,1,1,1
1709,12/03/2024 05:00,1,1,1
1710,12/03/2024 06:00,1,1,1
1711,12/03/2024 07:00,1,1,1
1712,12/03/2024 08:00,1,1,1
1713,12/03/2024 09:00,1,1,1
1714,12/03/2024 10:00,1,1,1
1715,12/03/2024 11:00,1,1,1
1716,12/03/2024 12:00,1,1,1
1717,12/03/2024 13:00,1,1,1
1718,12/03/2024 14:00,1,1,1
1719,12/03/2024 15:00,1,1,1
1720,12/03/2024 16:00,1,1,1
1721,12/03/2024 17:00,1,1,1
1722,12/03/2024 18:00,1,1,1
1723,12/03/2024 19:00,1,1,1
1724,12/03/2024 20:00,1,1,1
1725,12/03/2024 21:00,1,1,1
1726,12/03/2024 22:00,1,1,1
1727,12/03/2024 23:00,1,1,1
1728,13/03/2024 00:00,1,1,1
1729,13/03/2024 01:00,1,1,1
1730,13/03/2024 02:00,1,1,1
1731,13/03/2024 03:00,1,1,1
1732,13/03/2024 04:00,1,1,1
1733,13/03/2024 05:00,1,1,1
1734,13/03/2024 06:00,1,1,1
1735,13/03/2024 07:00,1,1,1
1736,13/03/2024 08:00,1,1,1
1737,13/03/2024 09:00,1,1,1
1738,13/03/2024 10:00,1,1,1
1739,13/03/2024 11:00,1,1,1
1740,13/03/2024 12:00,1,1,1
1741,13/03/2024 13:00,1,1,1
1742,13/03/2024 14:00,1,1,1
1743,13/03/2024 15:00,1,1,1
1744,13/03/2024 16:00,1,1,1
1745,13/03/2024 17:00,1,1,1
1746,13/03/2024 18:00,1,1,1
1747,13/03/2024 19:00,1,1,1
1748,13/03/2024 20:00,1,1,1
1749,13/03/2024 21:00,1,1,1
1750,13/03/2024 22:00,1,1,1
1751,13/03/2024 23:00,1,1,1
1752,14/03/2024 00:00,1,1,1
1753,14/03/2024 01:00,1,1,1
1754,14/03/2024 02:00,1,1,1
1755,14/03/2024 03:00,1,1,1
1756,14/03/2024 04:00,1,1,1
1757,14/03/2024 05:00,1,1,1
1758,14/03/2024 06:00,1,1,1
1759,14/03/2024 07:00,1,1,1
1760,14/03/2024 08:00,1,1,1
1761,14/03/2024 09:00,1,1,1
1762,14/03/2024 10:00,1,1,1
1763,14/03/2024 11:00,1,1,1
1764,14/03/2024 12:00,1,1,1
1765,14/03/2024 13:00,1,1,1
1766,14/03/2024 14:00,1,1,1
1767,14/03/2024 15:00,1,1,1
1768,14/03/2024 16:00,1,1,1
1769,14/03/2024 17:00,1,1,1
1770,14/03/2024 18:00,1,1,1
1771,14/03/2024 19:00,1,1,1
1772,14/03/2024 20:00,1,1,1
1773,14/03/2024 21:00,1,1,1
1774,14/03/2024 22:00,1,1,1
1775,14/03/2024 23:00,1,1,1
1776,15/03/2024 00:00,1,1,1
1777,15/03/2024 01:00,1,1,1
1778,15/03/2024 02:00,1,1,1
1779,15/03/2024 03:00,1,1,1
1780,15/03/2024 04:00,1,1,1
1781,15/03/2024 05:00,1,1,1
1782,15/03/2024 06:00,1,1,1
1783,15/03/2024 07:00,1,1,1
1784,15/03/2024 08:00,1,1,1
1785,15/03/2024 09:00,1,1,1
1786,15/03/2024 10:00,1,1,1
1787,15/03/2024 11:00,1,1,1
1788,15/03/2024 12:00,1,1,1
1789,15/03/2024 13:00,1,1,1
1790,15/03/2024 14:00,1,1,1
1791,15/03/2024 15:00,1,1,1
1792,15/03/2024 16:00,1,1,1
1793,15/03/2024 17:00,1,1,1
1794,15/03/2024 18:00,1,1,1
1795,15/03/2024 19:00,1,1,1
1796,15/03/2024 20:00,1,1,1
1797,15/03/2024 21:00,1,1,1
1798,15/03/2024 22:00,1,1,1
1799,15/03/2024 23:00,1,1,1
1800,16/03/2024 00:00,1,1,1
1801,16/03/2024 01:00,1,1,1
1802,16/03/2024 02:00,1,1,1
1803,16/03/2024 03:00,1,1,1
1804,16/03/2024 04:00,1,1,1
1805,16/03/2024 05:00,1,1,1
1806,16/03/2024 06:00,1,1,1
1807,16/03/2024 07:00,1,1,1
1808,16/03/2024 08:00,1,1,1
1809,16/03/2024 09:00,1,1,1
1810,16/03/2024 10:00,1,1,1
1811,16/03/2024 11:00,1,1,1
1812,16/03/2024 12:00,1,1,1
1813,16/03/2024 13:00,1,1,1
1814,16/03/2024 14:00,1,1,1
1815,16/03/2024 15:00,1,1,1
1816,16/03/2024 16:00,1,1,1
1817,16/03/2024 17:00,1,1,1
1818,16/03/2024 18:00,1,1,1
1819,16/03/2024 19:00,1,1,1
1820,16/03/2024 20:00,1,1,1
1821,16/03/2024 21:00,1,1,1
1822,16/03/2024 22:00,1,1,1
1823,16/03/2024 23:00,1,1,1
1824,17/03/2024 00:00,1,1,1
1825,17/03/2024 01:00,1,1,1
1826,17/03/2024 02:00,1,1,1
1827,17/03/2024 03:00,1,1,1
1828,17/03/2024 04:00,1,1,1
1829,17/03/2024 05:00,1,1,1
1830,17/03/2024 06:00,1,1,1
1831,17/03/2024 07:00,1,1,1
1832,17/03/2024 08:00,1,1,1
1833,17/03/2024 09:00,1,1,1
1834,17/03/2024 10:00,1,1,1
1835,17/03/2024 11:00,1,1,1
1836,17/03/2024 12:00,1,1,1
1837,17/03/2024 13:00,1,1,1
1838,17/03/2024 14:00,1,1,1
1839,17/03/2024 15:00,1,1,1
1840,17/03/2024 16:00,1,1,1
1841,17/03/2024 17:00,1,1,1
1842,17/03/2024 18:00,1,1,1
1843,17/03/2024 19:00,1,1,1
1844,17/03/2024 20:00,1,1,1
1845,17/03/2024 21:00,1,1,1
1846,17/03/2024 22:00,1,1,1
1847,17/03/2024 23:00,1,1,1
1848,18/03/2024 00:00,1,1,1
1849,18/03/2024 01:00,1,1,1
1850,18/03/2024 02:00,1,1,1
1851,18/03/2024 03:00,1,1,1
1852,18/03/2024 04:00,1,1,1
1853,18/03/2024 05:00,1,1,1
1854,18/03/2024 06:00,1,1,1
1855,18/03/2024 07:00,1,1,1
1856,18/03/2024 08:00,1,1,1
1857,18/03/2024 09:00,1,1,1
1858,18/03/2024 10:00,1,1,1
1859,18/03/2024 11:00,1,1,1
1860,18/03/2024 12:00,1,1,1
1861,18/03/2024 13:00,1,1,1
1862,18/03/2024 14:00,1,1,1
1863,18/03/2024 15:00,1,1,1
1864,18/03/2024 16:00,1,1,1
1865,18/03/2024 17:00,1,1,1
1866,18/03/2024 18:00,1,1,1
1867,18/03/2024 19:00,1,1,1
1868,18/03/2024 20:00,1,1,1
1869,18/03/2024 21:00,1,1,1
1870,18/03/2024 22:00,1,1,1
1871,18/03/2024 23:00,1,1,1
1872,19/03/2024 00:00,1,1,1
1873,19/03/2024 01:00,1,1,1
1874,19/03/2024 02:00,1,1,1
1875,19/03/2024 03:00,1,1,1
1876,19/03/2024 04:00,1,1,1
1877,19/03/2024 05:00,1,1,1
1878,19/03/2024 06:00,1,1,1
1879,19/03/2024 07:00,1,1,1
1880,19/03/2024 08:00,1,1,1
1881,19/03/2024 09:00,1,1,1
1882,19/03/2024 10:00,1,1,1
1883,19/03/2024 11:00,1,1,1
1884,19/03/2024 12:00,1,1,1
1885,19/03/2024 13:00,1,1,1
1886,19/03/2024 14:00,1,1,1
1887,19/03/2024 15:00,1,1,1
1888,19/03/2024 16:00,1,1,1
1889,19/03/2024 17:00,1,1,1
1890,19/03/2024 18:00,1,1,1
1891,19/03/2024 19:00,1,1,1
1892,19/03/2024 20:00,1,1,1
1893,19/03/2024 21:00,1,1,1
1894,19/03/2024 22:00,1,1,1
1895,19/03/2024 23:00,1,1,1
1896,20/03/2024 00:00,1,1,1
1897,20/03/2024 01:00,1,1,1
1898,20/03/2024 02:00,1,1,1
1899,20/03/2024 03:00,1,1,1
1900,20/03/2024 04:00,1,1,1
1901,20/03/2024 05:00,1,1,1
1902,20/03/2024 06:00,1,1,1
1903,20/03/2024 07:00,1,1,1
1904,20/03/2024 08:00,1,1,1
1905,20/03/2024 09:00,1,1,1
1906,20/03/2024 10:00,1,1,1
1907,20/03/2024 11:00,1,1,1
1908,20/03/2024 12:00,1,1,1
1909,20/03/2024 13:00,1,1,1
1910,20/03/2024 14:00,1,1,1
1911,20/03/2024 15:00,1,1,1
1912,20/03/2024 16:00,1,1,1
1913,20/03/2024 17:00,1,1,1
1914,20/03/2024 18:00,1,1,1
1915,20/03/2024 19:00,1,1,1
1916,20/03/2024 20:00,1,1,1
1917,20/03/2024 21:00,1,1,1
1918,20/03/2024 22:00,1,1,1
1919,20/03/2024 23:00,1,1,1
1920,21/03/2024 00:00,1,1,1
1921,21/03/2024 01:00,1,1,1
1922,21/03/2024 02:00,1,1,1
1923,21/03/2024 03:00,1,1,1
1924,21/03/2024 04:00,1,1,1
1925,21/03/2024 05:00,1,1,1
1926,21/03/2024 06:00,1,1,1
1927,21/03/2024 07:00,1,1,1
1928,21/03/2024 08:00,1,1,1
1929,21/03/2024 09:00,1,1,1
1930,21/03/2024 10:00,1,1,1
1931,21/03/2024 11:00,1,1,1
1932,21/03/2024 12:00,1,1,1
1933,21/03/2024 13:00,1,1,1
1934,21/03/2024 14:00,1,1,1
1935,21/03/2024 15:00,1,1,1
1936,21/03/2024 16:00,1,1,1
1937,21/03/2024 17:00,1,1,1
1938,21/03/2024 18:00,1,1,1
1939,21/03/2024 19:00,1,1,1
1940,21/03/2024 20:00,1,1,1
1941,21/03/2024 21:00,1,1,1
1942,21/03/2024 22:00,1,1,1
1943,21/03/2024 23:00,1,1,1
1944,22/03/2024 00:00,1,1,1
1945,22/03/2024 01:00,1,1,1
1946,22/03/2024 02:00,1,1,1
1947,22/03/2024 03:00,1,1,1
1948,22/03/2024 04:00,1,1,1
1949,22/03/2024 05:00,1,1,1
1950,22/03/2024 06:00,1,1,1
1951,22/03/2024 07:00,1,1,1
1952,22/03/2024 08:00,1,1,1
1953,22/03/2024 09:00,1,1,1
1954,22/03/2024 10:00,1,1,1
1955,22/03/2024 11:00,1,1,1
1956,22/03/2024 12:00,1,1,1
1957,22/03/2024 13:00,1,1,1
1958,22/03/2024 14:00,1,1,1
1959,22/03/2024 15:00,1,1,1
1960,22/03/2024 16:00,1,1,1
1961,22/03/2024 17:00,1,1,1
1962,22/03/2024 18:00,1,1,1
1963,22/03/2024 19:00,1,1,1
1964,22/03/2024 20:00,1,1,1
1965,22/03/2024 21:00,1,1,1
1966,22/03/2024 22:00,1,1,1
1967,22/03/2024 23:00,1,1,1
1968,23/03/2024 00:00,1,1,1
1969,23/03/2024 01:00,1,1,1
1970,23/03/2024 02:00,1,1,1
1971,23/03/2024 03:00,1,1,1
1972,23/03/2024 04:00,1,1,1
1973,23/03/2024 05:00,1,1,1
1974,23/03/2024 06:00,1,1,1
1975,23/03/2024 07:00,1,1,1
1976,23/03/2024 08:00,1,1,1
1977,23/03/2024 09:00,1,1,1
1978,23/03/2024 10:00,1,1,1
1979,23/03/2024 11:00,1,1,1
1980,23/03/2024 12:00,1,1,1
1981,23/03/2024 13:00,1,1,1
1982,23/03/2024 14:00,1,1,1
1983,23/03/2024 15:00,1,1,1
1984,23/03/2024 16:00,1,1,1
1985,23/03/2024 17:00,1,1,1
1986,23/03/2024 18:00,1,1,1
1987,23/03/2024 19:00,1,1,1
1988,23/03/2024 20:00,1,1,1
1989,23/03/2024 21:00,1,1,1
1990,23/03/2024 22:00,1,1,1
1991,23/03/2024 23:00,1,1,1
1992,24/03/2024 00:00,1,1,1
1993,24/03/2024 01:00,1,1,1
1994,24/03/2024 02:00,1,1,1
1995,24/03/2024 03:00,1,1,1
1996,24/03/2024 04:00,1,1,1
1997,24/03/2024 05:00,1,1,1
1998,24/03/2024 06:00,1,1,1
1999,24/03/2024 07:00,1,1,1
2000,24/03/2024 08:00,1,1,1
2001,24/03/2024 09:00,1,1,1
2002,24/03/2024 10:00,1,1,1
2003,24/03/2024 11:00,1,1,1
2004,24/03/2024 12:00,1,1,1
2005,24/03/2024 13:00,1,1,1
2006,24/03/2024 14:00,1,1,1
2007,24/03/2024 15:00,1,1,1
2008,24/03/2024 16:00,1,1,1
2009,24/03/2024 17:00,1,1,1
2010,24/03/2024 18:00,1,1,1
2011,24/03/2024 19:00,1,1,1
2012,24/03/2024 20:00,1,1,1
2013,24/03/2024 21:00,1,1,1
2014,24/03/2024 22:00,1,1,1
2015,24/03/2024 23:00,1,1,1
2016,25/03/2024 00:00,1,1,1
2017,25/03/2024 01:00,1,1,1
2018,25/03/2024 02:00,1,1,1
2019,25/03/2024 03:00,1,1,1
2020,25/03/2024 04:00,1,1,1
2021,25/03/2024 05:00,1,1,1
2022,25/03/2024 06:00,1,1,1
2024,25/03/2024 07:00,1,1,1
2024,25/03/2024 08:00,1,1,1
2025,25/03/2024 09:00,1,1,1
2026,25/03/2024 10:00,1,1,1
2027,25/03/2024 11:00,1,1,1
2028,25/03/2024 12:00,1,1,1
2029,25/03/2024 13:00,1,1,1
2030,25/03/2024 14:00,1,1,1
2031,25/03/2024 15:00,1,1,1
2032,25/03/2024 16:00,1,1,1
2033,25/03/2024 17:00,1,1,1
2034,25/03/2024 18:00,1,1,1
2035,25/03/2024 19:00,1,1,1
2036,25/03/2024 20:00,1,1,1
2037,25/03/2024 21:00,1,1,1
2038,25/03/2024 22:00,1,1,1
2039,25/03/2024 23:00,1,1,1
2040,26/03/2024 00:00,1,1,1
2041,26/03/2024 01:00,1,1,1
2042,26/03/2024 02:00,1,1,1
2043,26/03/2024 03:00,1,1,1
2044,26/03/2024 04:00,1,1,1
2045,26/03/2024 05:00,1,1,1
2046,26/03/2024 06:00,1,1,1
2047,26/03/2024 07:00,1,1,1
2048,26/03/2024 08:00,1,1,1
2049,26/03/2024 09:00,1,1,1
2050,26/03/2024 10:00,1,1,1
2051,26/03/2024 11:00,1,1,1
2052,26/03/2024 12:00,1,1,1
2053,26/03/2024 13:00,1,1,1
2054,26/03/2024 14:00,1,1,1
2055,26/03/2024 15:00,1,1,1
2056,26/03/2024 16:00,1,1,1
2057,26/03/2024 17:00,1,1,1
2058,26/03/2024 18:00,1,1,1
2059,26/03/2024 19:00,1,1,1
2060,26/03/2024 20:00,1,1,1
2061,26/03/2024 21:00,1,1,1
2062,26/03/2024 22:00,1,1,1
2063,26/03/2024 23:00,1,1,1
2064,27/03/2024 00:00,1,1,1
2065,27/03/2024 01:00,1,1,1
2066,27/03/2024 02:00,1,1,1
2067,27/03/2024 03:00,1,1,1
2068,27/03/2024 04:00,1,1,1
2069,27/03/2024 05:00,1,1,1
2070,27/03/2024 06:00,1,1,1
2071,27/03/2024 07:00,1,1,1
2072,27/03/2024 08:00,1,1,1
2073,27/03/2024 09:00,1,1,1
2074,27/03/2024 10:00,1,1,1
2075,27/03/2024 11:00,1,1,1
2076,27/03/2024 12:00,1,1,1
2077,27/03/2024 13:00,1,1,1
2078,27/03/2024 14:00,1,1,1
2079,27/03/2024 15:00,1,1,1
2080,27/03/2024 16:00,1,1,1
2081,27/03/2024 17:00,1,1,1
2082,27/03/2024 18:00,1,1,1
2083,27/03/2024 19:00,1,1,1
2084,27/03/2024 20:00,1,1,1
2085,27/03/2024 21:00,1,1,1
2086,27/03/2024 22:00,1,1,1
2087,27/03/2024 23:00,1,1,1
2088,28/03/2024 00:00,1,1,1
2089,28/03/2024 01:00,1,1,1
2090,28/03/2024 02:00,1,1,1
2091,28/03/2024 03:00,1,1,1
2092,28/03/2024 04:00,1,1,1
2093,28/03/2024 05:00,1,1,1
2094,28/03/2024 06:00,1,1,1
2095,28/03/2024 07:00,1,1,1
2096,28/03/2024 08:00,1,1,1
2097,28/03/2024 09:00,1,1,1
2098,28/03/2024 10:00,1,1,1
2099,28/03/2024 11:00,1,1,1
2100,28/03/2024 12:00,1,1,1
2101,28/03/2024 13:00,1,1,1
2102,28/03/2024 14:00,1,1,1
2103,28/03/2024 15:00,1,1,1
2104,28/03/2024 16:00,1,1,1
2105,28/03/2024 17:00,1,1,1
2106,28/03/2024 18:00,1,1,1
2107,28/03/2024 19:00,1,1,1
2108,28/03/2024 20:00,1,1,1
2109,28/03/2024 21:00,1,1,1
2110,28/03/2024 22:00,1,1,1
2111,28/03/2024 23:00,1,1,1
2112,29/03/2024 00:00,1,1,1
2113,29/03/2024 01:00,1,1,1
2114,29/03/2024 02:00,1,1,1
2115,29/03/2024 03:00,1,1,1
2116,29/03/2024 04:00,1,1,1
2117,29/03/2024 05:00,1,1,1
2118,29/03/2024 06:00,1,1,1
2119,29/03/2024 07:00,1,1,1
2120,29/03/2024 08:00,1,1,1
2121,29/03/2024 09:00,1,1,1
2122,29/03/2024 10:00,1,1,1
2123,29/03/2024 11:00,1,1,1
2124,29/03/2024 12:00,1,1,1
2125,29/03/2024 13:00,1,1,1
2126,29/03/2024 14:00,1,1,1
2127,29/03/2024 15:00,1,1,1
2128,29/03/2024 16:00,1,1,1
2129,29/03/2024 17:00,1,1,1
2130,29/03/2024 18:00,1,1,1
2131,29/03/2024 19:00,1,1,1
2132,29/03/2024 20:00,1,1,1
2133,29/03/2024 21:00,1,1,1
2134,29/03/2024 22:00,1,1,1
2135,29/03/2024 23:00,1,1,1
2136,30/03/2024 00:00,1,1,1
2137,30/03/2024 01:00,1,1,1
2138,30/03/2024 02:00,1,1,1
2139,30/03/2024 03:00,1,1,1
2140,30/03/2024 04:00,1,1,1
2141,30/03/2024 05:00,1,1,1
2142,30/03/2024 06:00,1,1,1
2143,30/03/2024 07:00,1,1,1
2144,30/03/2024 08:00,1,1,1
2145,30/03/2024 09:00,1,1,1
2146,30/03/2024 10:00,1,1,1
2147,30/03/2024 11:00,1,1,1
2148,30/03/2024 12:00,1,1,1
2149,30/03/2024 13:00,1,1,1
2150,30/03/2024 14:00,1,1,1
2151,30/03/2024 15:00,1,1,1
2152,30/03/2024 16:00,1,1,1
2153,30/03/2024 17:00,1,1,1
2154,30/03/2024 18:00,1,1,1
2155,30/03/2024 19:00,1,1,1
2156,30/03/2024 20:00,1,1,1
2157,30/03/2024 21:00,1,1,1
2158,30/03/2024 22:00,1,1,1
2159,30/03/2024 23:00,1,1,1
2160,31/03/2024 00:00,1,1,1
2161,31/03/2024 01:00,1,1,1
2162,31/03/2024 02:00,1,1,1
2163,31/03/2024 03:00,1,1,1
2164,31/03/2024 04:00,1,1,1
2165,31/03/2024 05:00,1,1,1
2166,31/03/2024 06:00,1,1,1
2167,31/03/2024 07:00,1,1,1
2168,31/03/2024 08:00,1,1,1
2169,31/03/2024 09:00,1,1,1
2170,31/03/2024 10:00,1,1,1
2171,31/03/2024 11:00,1,1,1
2172,31/03/2024 12:00,1,1,1
2173,31/03/2024 13:00,1,1,1
2174,31/03/2024 14:00,1,1,1
2175,31/03/2024 15:00,1,1,1
2176,31/03/2024 16:00,1,1,1
2177,31/03/2024 17:00,1,1,1
2178,31/03/2024 18:00,1,1,1
2179,31/03/2024 19:00,1,1,1
2180,31/03/2024 20:00,1,1,1
2181,31/03/2024 21:00,1,1,1
2182,31/03/2024 22:00,1,1,1
2183,31/03/2024 23:00,1,1,1
2184,01/04/2024 00:00,1,1,1
2185,01/04/2024 01:00,1,1,1
2186,01/04/2024 02:00,1,1,1
2187,01/04/2024 03:00,1,1,1
2188,01/04/2024 04:00,1,1,1
2189,01/04/2024 05:00,1,1,1
2190,01/04/2024 06:00,1,1,1
2191,01/04/2024 07:00,1,1,1
2192,01/04/2024 08:00,1,1,1
2193,01/04/2024 09:00,1,1,1
2194,01/04/2024 10:00,1,1,1
2195,01/04/2024 11:00,1,1,1
2196,01/04/2024 12:00,1,1,1
2197,01/04/2024 13:00,1,1,1
2198,01/04/2024 14:00,1,1,1
2199,01/04/2024 15:00,1,1,1
2200,01/04/2024 16:00,1,1,1
2201,01/04/2024 17:00,1,1,1
2202,01/04/2024 18:00,1,1,1
2203,01/04/2024 19:00,1,1,1
2204,01/04/2024 20:00,1,1,1
2205,01/04/2024 21:00,1,1,1
2206,01/04/2024 22:00,1,1,1
2207,01/04/2024 23:00,1,1,1
2208,02/04/2024 00:00,1,1,1
2209,02/04/2024 01:00,1,1,1
2210,02/04/2024 02:00,1,1,1
2211,02/04/2024 03:00,1,1,1
2212,02/04/2024 04:00,1,1,1
2213,02/04/2024 05:00,1,1,1
2214,02/04/2024 06:00,1,1,1
2215,02/04/2024 07:00,1,1,1
2216,02/04/2024 08:00,1,1,1
2217,02/04/2024 09:00,1,1,1
2218,02/04/2024 10:00,1,1,1
2219,02/04/2024 11:00,1,1,1
2220,02/04/2024 12:00,1,1,1
2221,02/04/2024 13:00,1,1,1
2222,02/04/2024 14:00,1,1,1
2223,02/04/2024 15:00,1,1,1
2224,02/04/2024 16:00,1,1,1
2225,02/04/2024 17:00,1,1,1
2226,02/04/2024 18:00,1,1,1
2227,02/04/2024 19:00,1,1,1
2228,02/04/2024 20:00,1,1,1
2229,02/04/2024 21:00,1,1,1
2230,02/04/2024 22:00,1,1,1
2231,02/04/2024 23:00,1,1,1
2232,03/04/2024 00:00,1,1,1
2233,03/04/2024 01:00,1,1,1
2234,03/04/2024 02:00,1,1,1
2235,03/04/2024 03:00,1,1,1
2236,03/04/2024 04:00,1,1,1
2237,03/04/2024 05:00,1,1,1
2238,03/04/2024 06:00,1,1,1
2239,03/04/2024 07:00,1,1,1
2240,03/04/2024 08:00,1,1,1
2241,03/04/2024 09:00,1,1,1
2242,03/04/2024 10:00,1,1,1
2243,03/04/2024 11:00,1,1,1
2244,03/04/2024 12:00,1,1,1
2245,03/04/2024 13:00,1,1,1
2246,03/04/2024 14:00,1,1,1
2247,03/04/2024 15:00,1,1,1
2248,03/04/2024 16:00,1,1,1
2249,03/04/2024 17:00,1,1,1
2250,03/04/2024 18:00,1,1,1
2251,03/04/2024 19:00,1,1,1
2252,03/04/2024 20:00,1,1,1
2253,03/04/2024 21:00,1,1,1
2254,03/04/2024 22:00,1,1,1
2255,03/04/2024 23:00,1,1,1
2256,04/04/2024 00:00,1,1,1
2257,04/04/2024 01:00,1,1,1
2258,04/04/2024 02:00,1,1,1
2259,04/04/2024 03:00,1,1,1
2260,04/04/2024 04:00,1,1,1
2261,04/04/2024 05:00,1,1,1
2262,04/04/2024 06:00,1,1,1
2263,04/04/2024 07:00,1,1,1
2264,04/04/2024 08:00,1,1,1
2265,04/04/2024 09:00,1,1,1
2266,04/04/2024 10:00,1,1,1
2267,04/04/2024 11:00,1,1,1
2268,04/04/2024 12:00,1,1,1
2269,04/04/2024 13:00,1,1,1
2270,04/04/2024 14:00,1,1,1
2271,04/04/2024 15:00,1,1,1
2272,04/04/2024 16:00,1,1,1
2273,04/04/2024 17:00,1,1,1
2274,04/04/2024 18:00,1,1,1
2275,04/04/2024 19:00,1,1,1
2276,04/04/2024 20:00,1,1,1
2277,04/04/2024 21:00,1,1,1
2278,04/04/2024 22:00,1,1,1
2279,04/04/2024 23:00,1,1,1
2280,05/04/2024 00:00,1,1,1
2281,05/04/2024 01:00,1,1,1
2282,05/04/2024 02:00,1,1,1
2283,05/04/2024 03:00,1,1,1
2284,05/04/2024 04:00,1,1,1
2285,05/04/2024 05:00,1,1,1
2286,05/04/2024 06:00,1,1,1
2287,05/04/2024 07:00,1,1,1
2288,05/04/2024 08:00,1,1,1
2289,05/04/2024 09:00,1,1,1
2290,05/04/2024 10:00,1,1,1
2291,05/04/2024 11:00,1,1,1
2292,05/04/2024 12:00,1,1,1
2293,05/04/2024 13:00,1,1,1
2294,05/04/2024 14:00,1,1,1
2295,05/04/2024 15:00,1,1,1
2296,05/04/2024 16:00,1,1,1
2297,05/04/2024 17:00,1,1,1
2298,05/04/2024 18:00,1,1,1
2299,05/04/2024 19:00,1,1,1
2300,05/04/2024 20:00,1,1,1
2301,05/04/2024 21:00,1,1,1
2302,05/04/2024 22:00,1,1,1
2303,05/04/2024 23:00,1,1,1
2304,06/04/2024 00:00,1,1,1
2305,06/04/2024 01:00,1,1,1
2306,06/04/2024 02:00,1,1,1
2307,06/04/2024 03:00,1,1,1
2308,06/04/2024 04:00,1,1,1
2309,06/04/2024 05:00,1,1,1
2310,06/04/2024 06:00,1,1,1
2311,06/04/2024 07:00,1,1,1
2312,06/04/2024 08:00,1,1,1
2313,06/04/2024 09:00,1,1,1
2314,06/04/2024 10:00,1,1,1
2315,06/04/2024 11:00,1,1,1
2316,06/04/2024 12:00,1,1,1
2317,06/04/2024 13:00,1,1,1
2318,06/04/2024 14:00,1,1,1
2319,06/04/2024 15:00,1,1,1
2320,06/04/2024 16:00,1,1,1
2321,06/04/2024 17:00,1,1,1
2322,06/04/2024 18:00,1,1,1
2323,06/04/2024 19:00,1,1,1
2324,06/04/2024 20:00,1,1,1
2325,06/04/2024 21:00,1,1,1
2326,06/04/2024 22:00,1,1,1
2327,06/04/2024 23:00,1,1,1
2328,07/04/2024 00:00,1,1,1
2329,07/04/2024 01:00,1,1,1
2330,07/04/2024 02:00,1,1,1
2331,07/04/2024 03:00,1,1,1
2332,07/04/2024 04:00,1,1,1
2333,07/04/2024 05:00,1,1,1
2334,07/04/2024 06:00,1,1,1
2335,07/04/2024 07:00,1,1,1
2336,07/04/2024 08:00,1,1,1
2337,07/04/2024 09:00,1,1,1
2338,07/04/2024 10:00,1,1,1
2339,07/04/2024 11:00,1,1,1
2340,07/04/2024 12:00,1,1,1
2341,07/04/2024 13:00,1,1,1
2342,07/04/2024 14:00,1,1,1
2343,07/04/2024 15:00,1,1,1
2344,07/04/2024 16:00,1,1,1
2345,07/04/2024 17:00,1,1,1
2346,07/04/2024 18:00,1,1,1
2347,07/04/2024 19:00,1,1,1
2348,07/04/2024 20:00,1,1,1
2349,07/04/2024 21:00,1,1,1
2350,07/04/2024 22:00,1,1,1
2351,07/04/2024 23:00,1,1,1
2352,08/04/2024 00:00,1,1,1
2353,08/04/2024 01:00,1,1,1
2354,08/04/2024 02:00,1,1,1
2355,08/04/2024 03:00,1,1,1
2356,08/04/2024 04:00,1,1,1
2357,08/04/2024 05:00,1,1,1
2358,08/04/2024 06:00,1,1,1
2359,08/04/2024 07:00,1,1,1
2360,08/04/2024 08:00,1,1,1
2361,08/04/2024 09:00,1,1,1
2362,08/04/2024 10:00,1,1,1
2363,08/04/2024 11:00,1,1,1
2364,08/04/2024 12:00,1,1,1
2365,08/04/2024 13:00,1,1,1
2366,08/04/2024 14:00,1,1,1
2367,08/04/2024 15:00,1,1,1
2368,08/04/2024 16:00,1,1,1
2369,08/04/2024 17:00,1,1,1
2370,08/04/2024 18:00,1,1,1
2371,08/04/2024 19:00,1,1,1
2372,08/04/2024 20:00,1,1,1
2373,08/04/2024 21:00,1,1,1
2374,08/04/2024 22:00,1,1,1
2375,08/04/2024 23:00,1,1,1
2376,09/04/2024 00:00,1,1,1
2377,09/04/2024 01:00,1,1,1
2378,09/04/2024 02:00,1,1,1
2379,09/04/2024 03:00,1,1,1
2380,09/04/2024 04:00,1,1,1
2381,09/04/2024 05:00,1,1,1
2382,09/04/2024 06:00,1,1,1
2383,09/04/2024 07:00,1,1,1
2384,09/04/2024 08:00,1,1,1
2385,09/04/2024 09:00,1,1,1
2386,09/04/2024 10:00,1,1,1
2387,09/04/2024 11:00,1,1,1
2388,09/04/2024 12:00,1,1,1
2389,09/04/2024 13:00,1,1,1
2390,09/04/2024 14:00,1,1,1
2391,09/04/2024 15:00,1,1,1
2392,09/04/2024 16:00,1,1,1
2393,09/04/2024 17:00,1,1,1
2394,09/04/2024 18:00,1,1,1
2395,09/04/2024 19:00,1,1,1
2396,09/04/2024 20:00,1,1,1
2397,09/04/2024 21:00,1,1,1
2398,09/04/2024 22:00,1,1,1
2399,09/04/2024 23:00,1,1,1
2400,10/04/2024 00:00,1,1,1
2401,10/04/2024 01:00,1,1,1
2402,10/04/2024 02:00,1,1,1
2403,10/04/2024 03:00,1,1,1
2404,10/04/2024 04:00,1,1,1
2405,10/04/2024 05:00,1,1,1
2406,10/04/2024 06:00,1,1,1
2407,10/04/2024 07:00,1,1,1
2408,10/04/2024 08:00,1,1,1
2409,10/04/2024 09:00,1,1,1
2410,10/04/2024 10:00,1,1,1
2411,10/04/2024 11:00,1,1,1
2412,10/04/2024 12:00,1,1,1
2413,10/04/2024 13:00,1,1,1
2414,10/04/2024 14:00,1,1,1
2415,10/04/2024 15:00,1,1,1
2416,10/04/2024 16:00,1,1,1
2417,10/04/2024 17:00,1,1,1
2418,10/04/2024 18:00,1,1,1
2419,10/04/2024 19:00,1,1,1
2420,10/04/2024 20:00,1,1,1
2421,10/04/2024 21:00,1,1,1
2422,10/04/2024 22:00,1,1,1
2423,10/04/2024 23:00,1,1,1
2424,11/04/2024 00:00,1,1,1
2425,11/04/2024 01:00,1,1,1
2426,11/04/2024 02:00,1,1,1
2427,11/04/2024 03:00,1,1,1
2428,11/04/2024 04:00,1,1,1
2429,11/04/2024 05:00,1,1,1
2430,11/04/2024 06:00,1,1,1
2431,11/04/2024 07:00,1,1,1
2432,11/04/2024 08:00,1,1,1
2433,11/04/2024 09:00,1,1,1
2434,11/04/2024 10:00,1,1,1
2435,11/04/2024 11:00,1,1,1
2436,11/04/2024 12:00,1,1,1
2437,11/04/2024 13:00,1,1,1
2438,11/04/2024 14:00,1,1,1
2439,11/04/2024 15:00,1,1,1
2440,11/04/2024 16:00,1,1,1
2441,11/04/2024 17:00,1,1,1
2442,11/04/2024 18:00,1,1,1
2443,11/04/2024 19:00,1,1,1
2444,11/04/2024 20:00,1,1,1
2445,11/04/2024 21:00,1,1,1
2446,11/04/2024 22:00,1,1,1
2447,11/04/2024 23:00,1,1,1
2448,12/04/2024 00:00,1,1,1
2449,12/04/2024 01:00,1,1,1
2450,12/04/2024 02:00,1,1,1
2451,12/04/2024 03:00,1,1,1
2452,12/04/2024 04:00,1,1,1
2453,12/04/2024 05:00,1,1,1
2454,12/04/2024 06:00,1,1,1
2455,12/04/2024 07:00,1,1,1
2456,12/04/2024 08:00,1,1,1
2457,12/04/2024 09:00,1,1,1
2458,12/04/2024 10:00,1,1,1
2459,12/04/2024 11:00,1,1,1
2460,12/04/2024 12:00,1,1,1
2461,12/04/2024 13:00,1,1,1
2462,12/04/2024 14:00,1,1,1
2463,12/04/2024 15:00,1,1,1
2464,12/04/2024 16:00,1,1,1
2465,12/04/2024 17:00,1,1,1
2466,12/04/2024 18:00,1,1,1
2467,12/04/2024 19:00,1,1,1
2468,12/04/2024 20:00,1,1,1
2469,12/04/2024 21:00,1,1,1
2470,12/04/2024 22:00,1,1,1
2471,12/04/2024 23:00,1,1,1
2472,13/04/2024 00:00,1,1,1
2473,13/04/2024 01:00,1,1,1
2474,13/04/2024 02:00,1,1,1
2475,13/04/2024 03:00,1,1,1
2476,13/04/2024 04:00,1,1,1
2477,13/04/2024 05:00,1,1,1
2478,13/04/2024 06:00,1,1,1
2479,13/04/2024 07:00,1,1,1
2480,13/04/2024 08:00,1,1,1
2481,13/04/2024 09:00,1,1,1
2482,13/04/2024 10:00,1,1,1
2483,13/04/2024 11:00,1,1,1
2484,13/04/2024 12:00,1,1,1
2485,13/04/2024 13:00,1,1,1
2486,13/04/2024 14:00,1,1,1
2487,13/04/2024 15:00,1,1,1
2488,13/04/2024 16:00,1,1,1
2489,13/04/2024 17:00,1,1,1
2490,13/04/2024 18:00,1,1,1
2491,13/04/2024 19:00,1,1,1
2492,13/04/2024 20:00,1,1,1
2493,13/04/2024 21:00,1,1,1
2494,13/04/2024 22:00,1,1,1
2495,13/04/2024 23:00,1,1,1
2496,14/04/2024 00:00,1,1,1
2497,14/04/2024 01:00,1,1,1
2498,14/04/2024 02:00,1,1,1
2499,14/04/2024 03:00,1,1,1
2500,14/04/2024 04:00,1,1,1
2501,14/04/2024 05:00,1,1,1
2502,14/04/2024 06:00,1,1,1
2503,14/04/2024 07:00,1,1,1
2504,14/04/2024 08:00,1,1,1
2505,14/04/2024 09:00,1,1,1
2506,14/04/2024 10:00,1,1,1
2507,14/04/2024 11:00,1,1,1
2508,14/04/2024 12:00,1,1,1
2509,14/04/2024 13:00,1,1,1
2510,14/04/2024 14:00,1,1,1
2511,14/04/2024 15:00,1,1,1
2512,14/04/2024 16:00,1,1,1
2513,14/04/2024 17:00,1,1,1
2514,14/04/2024 18:00,1,1,1
2515,14/04/2024 19:00,1,1,1
2516,14/04/2024 20:00,1,1,1
2517,14/04/2024 21:00,1,1,1
2518,14/04/2024 22:00,1,1,1
2519,14/04/2024 23:00,1,1,1
2520,15/04/2024 00:00,1,1,1
2521,15/04/2024 01:00,1,1,1
2522,15/04/2024 02:00,1,1,1
2523,15/04/2024 03:00,1,1,1
2524,15/04/2024 04:00,1,1,1
2525,15/04/2024 05:00,1,1,1
2526,15/04/2024 06:00,1,1,1
2527,15/04/2024 07:00,1,1,1
2528,15/04/2024 08:00,1,1,1
2529,15/04/2024 09:00,1,1,1
2530,15/04/2024 10:00,1,1,1
2531,15/04/2024 11:00,1,1,1
2532,15/04/2024 12:00,1,1,1
2533,15/04/2024 13:00,1,1,1
2534,15/04/2024 14:00,1,1,1
2535,15/04/2024 15:00,1,1,1
2536,15/04/2024 16:00,1,1,1
2537,15/04/2024 17:00,1,1,1
2538,15/04/2024 18:00,1,1,1
2539,15/04/2024 19:00,1,1,1
2540,15/04/2024 20:00,1,1,1
2541,15/04/2024 21:00,1,1,1
2542,15/04/2024 22:00,1,1,1
2543,15/04/2024 23:00,1,1,1
2544,16/04/2024 00:00,1,1,1
2545,16/04/2024 01:00,1,1,1
2546,16/04/2024 02:00,1,1,1
2547,16/04/2024 03:00,1,1,1
2548,16/04/2024 04:00,1,1,1
2549,16/04/2024 05:00,1,1,1
2550,16/04/2024 06:00,1,1,1
2551,16/04/2024 07:00,1,1,1
2552,16/04/2024 08:00,1,1,1
2553,16/04/2024 09:00,1,1,1
2554,16/04/2024 10:00,1,1,1
2555,16/04/2024 11:00,1,1,1
2556,16/04/2024 12:00,1,1,1
2557,16/04/2024 13:00,1,1,1
2558,16/04/2024 14:00,1,1,1
2559,16/04/2024 15:00,1,1,1
2560,16/04/2024 16:00,1,1,1
2561,16/04/2024 17:00,1,1,1
2562,16/04/2024 18:00,1,1,1
2563,16/04/2024 19:00,1,1,1
2564,16/04/2024 20:00,1,1,1
2565,16/04/2024 21:00,1,1,1
2566,16/04/2024 22:00,1,1,1
2567,16/04/2024 23:00,1,1,1
2568,17/04/2024 00:00,1,1,1
2569,17/04/2024 01:00,1,1,1
2570,17/04/2024 02:00,1,1,1
2571,17/04/2024 03:00,1,1,1
2572,17/04/2024 04:00,1,1,1
2573,17/04/2024 05:00,1,1,1
2574,17/04/2024 06:00,1,1,1
2575,17/04/2024 07:00,1,1,1
2576,17/04/2024 08:00,1,1,1
2577,17/04/2024 09:00,1,1,1
2578,17/04/2024 10:00,1,1,1
2579,17/04/2024 11:00,1,1,1
2580,17/04/2024 12:00,1,1,1
2581,17/04/2024 13:00,1,1,1
2582,17/04/2024 14:00,1,1,1
2583,17/04/2024 15:00,1,1,1
2584,17/04/2024 16:00,1,1,1
2585,17/04/2024 17:00,1,1,1
2586,17/04/2024 18:00,1,1,1
2587,17/04/2024 19:00,1,1,1
2588,17/04/2024 20:00,1,1,1
2589,17/04/2024 21:00,1,1,1
2590,17/04/2024 22:00,1,1,1
2591,17/04/2024 23:00,1,1,1
2592,18/04/2024 00:00,1,1,1
2593,18/04/2024 01:00,1,1,1
2594,18/04/2024 02:00,1,1,1
2595,18/04/2024 03:00,1,1,1
2596,18/04/2024 04:00,1,1,1
2597,18/04/2024 05:00,1,1,1
2598,18/04/2024 06:00,1,1,1
2599,18/04/2024 07:00,1,1,1
2600,18/04/2024 08:00,1,1,1
2601,18/04/2024 09:00,1,1,1
2602,18/04/2024 10:00,1,1,1
2603,18/04/2024 11:00,1,1,1
2604,18/04/2024 12:00,1,1,1
2605,18/04/2024 13:00,1,1,1
2606,18/04/2024 14:00,1,1,1
2607,18/04/2024 15:00,1,1,1
2608,18/04/2024 16:00,1,1,1
2609,18/04/2024 17:00,1,1,1
2610,18/04/2024 18:00,1,1,1
2611,18/04/2024 19:00,1,1,1
2612,18/04/2024 20:00,1,1,1
2613,18/04/2024 21:00,1,1,1
2614,18/04/2024 22:00,1,1,1
2615,18/04/2024 23:00,1,1,1
2616,19/04/2024 00:00,1,1,1
2617,19/04/2024 01:00,1,1,1
2618,19/04/2024 02:00,1,1,1
2619,19/04/2024 03:00,1,1,1
2620,19/04/2024 04:00,1,1,1
2621,19/04/2024 05:00,1,1,1
2622,19/04/2024 06:00,1,1,1
2623,19/04/2024 07:00,1,1,1
2624,19/04/2024 08:00,1,1,1
2625,19/04/2024 09:00,1,1,1
2626,19/04/2024 10:00,1,1,1
2627,19/04/2024 11:00,1,1,1
2628,19/04/2024 12:00,1,1,1
2629,19/04/2024 13:00,1,1,1
2630,19/04/2024 14:00,1,1,1
2631,19/04/2024 15:00,1,1,1
2632,19/04/2024 16:00,1,1,1
2633,19/04/2024 17:00,1,1,1
2634,19/04/2024 18:00,1,1,1
2635,19/04/2024 19:00,1,1,1
2636,19/04/2024 20:00,1,1,1
2637,19/04/2024 21:00,1,1,1
2638,19/04/2024 22:00,1,1,1
2639,19/04/2024 23:00,1,1,1
2640,20/04/2024 00:00,1,1,1
2641,20/04/2024 01:00,1,1,1
2642,20/04/2024 02:00,1,1,1
2643,20/04/2024 03:00,1,1,1
2644,20/04/2024 04:00,1,1,1
2645,20/04/2024 05:00,1,1,1
2646,20/04/2024 06:00,1,1,1
2647,20/04/2024 07:00,1,1,1
2648,20/04/2024 08:00,1,1,1
2649,20/04/2024 09:00,1,1,1
2650,20/04/2024 10:00,1,1,1
2651,20/04/2024 11:00,1,1,1
2652,20/04/2024 12:00,1,1,1
2653,20/04/2024 13:00,1,1,1
2654,20/04/2024 14:00,1,1,1
2655,20/04/2024 15:00,1,1,1
2656,20/04/2024 16:00,1,1,1
2657,20/04/2024 17:00,1,1,1
2658,20/04/2024 18:00,1,1,1
2659,20/04/2024 19:00,1,1,1
2660,20/04/2024 20:00,1,1,1
2661,20/04/2024 21:00,1,1,1
2662,20/04/2024 22:00,1,1,1
2663,20/04/2024 23:00,1,1,1
2664,21/04/2024 00:00,1,1,1
2665,21/04/2024 01:00,1,1,1
2666,21/04/2024 02:00,1,1,1
2667,21/04/2024 03:00,1,1,1
2668,21/04/2024 04:00,1,1,1
2669,21/04/2024 05:00,1,1,1
2670,21/04/2024 06:00,1,1,1
2671,21/04/2024 07:00,1,1,1
2672,21/04/2024 08:00,1,1,1
2673,21/04/2024 09:00,1,1,1
2674,21/04/2024 10:00,1,1,1
2675,21/04/2024 11:00,1,1,1
2676,21/04/2024 12:00,1,1,1
2677,21/04/2024 13:00,1,1,1
2678,21/04/2024 14:00,1,1,1
2679,21/04/2024 15:00,1,1,1
2680,21/04/2024 16:00,1,1,1
2681,21/04/2024 17:00,1,1,1
2682,21/04/2024 18:00,1,1,1
2683,21/04/2024 19:00,1,1,1
2684,21/04/2024 20:00,1,1,1
2685,21/04/2024 21:00,1,1,1
2686,21/04/2024 22:00,1,1,1
2687,21/04/2024 23:00,1,1,1
2688,22/04/2024 00:00,1,1,1
2689,22/04/2024 01:00,1,1,1
2690,22/04/2024 02:00,1,1,1
2691,22/04/2024 03:00,1,1,1
2692,22/04/2024 04:00,1,1,1
2693,22/04/2024 05:00,1,1,1
2694,22/04/2024 06:00,1,1,1
2695,22/04/2024 07:00,1,1,1
2696,22/04/2024 08:00,1,1,1
2697,22/04/2024 09:00,1,1,1
2698,22/04/2024 10:00,1,1,1
2699,22/04/2024 11:00,1,1,1
2700,22/04/2024 12:00,1,1,1
2701,22/04/2024 13:00,1,1,1
2702,22/04/2024 14:00,1,1,1
2703,22/04/2024 15:00,1,1,1
2704,22/04/2024 16:00,1,1,1
2705,22/04/2024 17:00,1,1,1
2706,22/04/2024 18:00,1,1,1
2707,22/04/2024 19:00,1,1,1
2708,22/04/2024 20:00,1,1,1
2709,22/04/2024 21:00,1,1,1
2710,22/04/2024 22:00,1,1,1
2711,22/04/2024 23:00,1,1,1
2712,23/04/2024 00:00,1,1,1
2713,23/04/2024 01:00,1,1,1
2714,23/04/2024 02:00,1,1,1
2715,23/04/2024 03:00,1,1,1
2716,23/04/2024 04:00,1,1,1
2717,23/04/2024 05:00,1,1,1
2718,23/04/2024 06:00,1,1,1
2719,23/04/2024 07:00,1,1,1
2720,23/04/2024 08:00,1,1,1
2721,23/04/2024 09:00,1,1,1
2722,23/04/2024 10:00,1,1,1
2723,23/04/2024 11:00,1,1,1
2724,23/04/2024 12:00,1,1,1
2725,23/04/2024 13:00,1,1,1
2726,23/04/2024 14:00,1,1,1
2727,23/04/2024 15:00,1,1,1
2728,23/04/2024 16:00,1,1,1
2729,23/04/2024 17:00,1,1,1
2730,23/04/2024 18:00,1,1,1
2731,23/04/2024 19:00,1,1,1
2732,23/04/2024 20:00,1,1,1
2733,23/04/2024 21:00,1,1,1
2734,23/04/2024 22:00,1,1,1
2735,23/04/2024 23:00,1,1,1
2736,24/04/2024 00:00,1,1,1
2737,24/04/2024 01:00,1,1,1
2738,24/04/2024 02:00,1,1,1
2739,24/04/2024 03:00,1,1,1
2740,24/04/2024 04:00,1,1,1
2741,24/04/2024 05:00,1,1,1
2742,24/04/2024 06:00,1,1,1
2743,24/04/2024 07:00,1,1,1
2744,24/04/2024 08:00,1,1,1
2745,24/04/2024 09:00,1,1,1
2746,24/04/2024 10:00,1,1,1
2747,24/04/2024 11:00,1,1,1
2748,24/04/2024 12:00,1,1,1
2749,24/04/2024 13:00,1,1,1
2750,24/04/2024 14:00,1,1,1
2751,24/04/2024 15:00,1,1,1
2752,24/04/2024 16:00,1,1,1
2753,24/04/2024 17:00,1,1,1
2754,24/04/2024 18:00,1,1,1
2755,24/04/2024 19:00,1,1,1
2756,24/04/2024 20:00,1,1,1
2757,24/04/2024 21:00,1,1,1
2758,24/04/2024 22:00,1,1,1
2759,24/04/2024 23:00,1,1,1
2760,25/04/2024 00:00,1,1,1
2761,25/04/2024 01:00,1,1,1
2762,25/04/2024 02:00,1,1,1
2763,25/04/2024 03:00,1,1,1
2764,25/04/2024 04:00,1,1,1
2765,25/04/2024 05:00,1,1,1
2766,25/04/2024 06:00,1,1,1
2767,25/04/2024 07:00,1,1,1
2768,25/04/2024 08:00,1,1,1
2769,25/04/2024 09:00,1,1,1
2770,25/04/2024 10:00,1,1,1
2771,25/04/2024 11:00,1,1,1
2772,25/04/2024 12:00,1,1,1
2773,25/04/2024 13:00,1,1,1
2774,25/04/2024 14:00,1,1,1
2775,25/04/2024 15:00,1,1,1
2776,25/04/2024 16:00,1,1,1
2777,25/04/2024 17:00,1,1,1
2778,25/04/2024 18:00,1,1,1
2779,25/04/2024 19:00,1,1,1
2780,25/04/2024 20:00,1,1,1
2781,25/04/2024 21:00,1,1,1
2782,25/04/2024 22:00,1,1,1
2783,25/04/2024 23:00,1,1,1
2784,26/04/2024 00:00,1,1,1
2785,26/04/2024 01:00,1,1,1
2786,26/04/2024 02:00,1,1,1
2787,26/04/2024 03:00,1,1,1
2788,26/04/2024 04:00,1,1,1
2789,26/04/2024 05:00,1,1,1
2790,26/04/2024 06:00,1,1,1
2791,26/04/2024 07:00,1,1,1
2792,26/04/2024 08:00,1,1,1
2793,26/04/2024 09:00,1,1,1
2794,26/04/2024 10:00,1,1,1
2795,26/04/2024 11:00,1,1,1
2796,26/04/2024 12:00,1,1,1
2797,26/04/2024 13:00,1,1,1
2798,26/04/2024 14:00,1,1,1
2799,26/04/2024 15:00,1,1,1
2800,26/04/2024 16:00,1,1,1
2801,26/04/2024 17:00,1,1,1
2802,26/04/2024 18:00,1,1,1
2803,26/04/2024 19:00,1,1,1
2804,26/04/2024 20:00,1,1,1
2805,26/04/2024 21:00,1,1,1
2806,26/04/2024 22:00,1,1,1
2807,26/04/2024 23:00,1,1,1
2808,27/04/2024 00:00,1,1,1
2809,27/04/2024 01:00,1,1,1
2810,27/04/2024 02:00,1,1,1
2811,27/04/2024 03:00,1,1,1
2812,27/04/2024 04:00,1,1,1
2813,27/04/2024 05:00,1,1,1
2814,27/04/2024 06:00,1,1,1
2815,27/04/2024 07:00,1,1,1
2816,27/04/2024 08:00,1,1,1
2817,27/04/2024 09:00,1,1,1
2818,27/04/2024 10:00,1,1,1
2819,27/04/2024 11:00,1,1,1
2820,27/04/2024 12:00,1,1,1
2821,27/04/2024 13:00,1,1,1
2822,27/04/2024 14:00,1,1,1
2823,27/04/2024 15:00,1,1,1
2824,27/04/2024 16:00,1,1,1
2825,27/04/2024 17:00,1,1,1
2826,27/04/2024 18:00,1,1,1
2827,27/04/2024 19:00,1,1,1
2828,27/04/2024 20:00,1,1,1
2829,27/04/2024 21:00,1,1,1
2830,27/04/2024 22:00,1,1,1
2831,27/04/2024 23:00,1,1,1
2832,28/04/2024 00:00,1,1,1
2833,28/04/2024 01:00,1,1,1
2834,28/04/2024 02:00,1,1,1
2835,28/04/2024 03:00,1,1,1
2836,28/04/2024 04:00,1,1,1
2837,28/04/2024 05:00,1,1,1
2838,28/04/2024 06:00,1,1,1
2839,28/04/2024 07:00,1,1,1
2840,28/04/2024 08:00,1,1,1
2841,28/04/2024 09:00,1,1,1
2842,28/04/2024 10:00,1,1,1
2843,28/04/2024 11:00,1,1,1
2844,28/04/2024 12:00,1,1,1
2845,28/04/2024 13:00,1,1,1
2846,28/04/2024 14:00,1,1,1
2847,28/04/2024 15:00,1,1,1
2848,28/04/2024 16:00,1,1,1
2849,28/04/2024 17:00,1,1,1
2850,28/04/2024 18:00,1,1,1
2851,28/04/2024 19:00,1,1,1
2852,28/04/2024 20:00,1,1,1
2853,28/04/2024 21:00,1,1,1
2854,28/04/2024 22:00,1,1,1
2855,28/04/2024 23:00,1,1,1
2856,29/04/2024 00:00,1,1,1
2857,29/04/2024 01:00,1,1,1
2858,29/04/2024 02:00,1,1,1
2859,29/04/2024 03:00,1,1,1
2860,29/04/2024 04:00,1,1,1
2861,29/04/2024 05:00,1,1,1
2862,29/04/2024 06:00,1,1,1
2863,29/04/2024 07:00,1,1,1
2864,29/04/2024 08:00,1,1,1
2865,29/04/2024 09:00,1,1,1
2866,29/04/2024 10:00,1,1,1
2867,29/04/2024 11:00,1,1,1
2868,29/04/2024 12:00,1,1,1
2869,29/04/2024 13:00,1,1,1
2870,29/04/2024 14:00,1,1,1
2871,29/04/2024 15:00,1,1,1
2872,29/04/2024 16:00,1,1,1
2873,29/04/2024 17:00,1,1,1
2874,29/04/2024 18:00,1,1,1
2875,29/04/2024 19:00,1,1,1
2876,29/04/2024 20:00,1,1,1
2877,29/04/2024 21:00,1,1,1
2878,29/04/2024 22:00,1,1,1
2879,29/04/2024 23:00,1,1,1
2880,30/04/2024 00:00,1,1,1
2881,30/04/2024 01:00,1,1,1
2882,30/04/2024 02:00,1,1,1
2883,30/04/2024 03:00,1,1,1
2884,30/04/2024 04:00,1,1,1
2885,30/04/2024 05:00,1,1,1
2886,30/04/2024 06:00,1,1,1
2887,30/04/2024 07:00,1,1,1
2888,30/04/2024 08:00,1,1,1
2889,30/04/2024 09:00,1,1,1
2890,30/04/2024 10:00,1,1,1
2891,30/04/2024 11:00,1,1,1
2892,30/04/2024 12:00,1,1,1
2893,30/04/2024 13:00,1,1,1
2894,30/04/2024 14:00,1,1,1
2895,30/04/2024 15:00,1,1,1
2896,30/04/2024 16:00,1,1,1
2897,30/04/2024 17:00,1,1,1
2898,30/04/2024 18:00,1,1,1
2899,30/04/2024 19:00,1,1,1
2900,30/04/2024 20:00,1,1,1
2901,30/04/2024 21:00,1,1,1
2902,30/04/2024 22:00,1,1,1
2903,30/04/2024 23:00,1,1,1
2904,01/05/2024 00:00,1,1,1
2905,01/05/2024 01:00,1,1,1
2906,01/05/2024 02:00,1,1,1
2907,01/05/2024 03:00,1,1,1
2908,01/05/2024 04:00,1,1,1
2909,01/05/2024 05:00,1,1,1
2910,01/05/2024 06:00,1,1,1
2911,01/05/2024 07:00,1,1,1
2912,01/05/2024 08:00,1,1,1
2913,01/05/2024 09:00,1,1,1
2914,01/05/2024 10:00,1,1,1
2915,01/05/2024 11:00,1,1,1
2916,01/05/2024 12:00,1,1,1
2917,01/05/2024 13:00,1,1,1
2918,01/05/2024 14:00,1,1,1
2919,01/05/2024 15:00,1,1,1
2920,01/05/2024 16:00,1,1,1
2921,01/05/2024 17:00,1,1,1
2922,01/05/2024 18:00,1,1,1
2923,01/05/2024 19:00,1,1,1
2924,01/05/2024 20:00,1,1,1
2925,01/05/2024 21:00,1,1,1
2926,01/05/2024 22:00,1,1,1
2927,01/05/2024 23:00,1,1,1
2928,02/05/2024 00:00,1,1,1
2929,02/05/2024 01:00,1,1,1
2930,02/05/2024 02:00,1,1,1
2931,02/05/2024 03:00,1,1,1
2932,02/05/2024 04:00,1,1,1
2933,02/05/2024 05:00,1,1,1
2934,02/05/2024 06:00,1,1,1
2935,02/05/2024 07:00,1,1,1
2936,02/05/2024 08:00,1,1,1
2937,02/05/2024 09:00,1,1,1
2938,02/05/2024 10:00,1,1,1
2939,02/05/2024 11:00,1,1,1
2940,02/05/2024 12:00,1,1,1
2941,02/05/2024 13:00,1,1,1
2942,02/05/2024 14:00,1,1,1
2943,02/05/2024 15:00,1,1,1
2944,02/05/2024 16:00,1,1,1
2945,02/05/2024 17:00,1,1,1
2946,02/05/2024 18:00,1,1,1
2947,02/05/2024 19:00,1,1,1
2948,02/05/2024 20:00,1,1,1
2949,02/05/2024 21:00,1,1,1
2950,02/05/2024 22:00,1,1,1
2951,02/05/2024 23:00,1,1,1
2952,03/05/2024 00:00,1,1,1
2953,03/05/2024 01:00,1,1,1
2954,03/05/2024 02:00,1,1,1
2955,03/05/2024 03:00,1,1,1
2956,03/05/2024 04:00,1,1,1
2957,03/05/2024 05:00,1,1,1
2958,03/05/2024 06:00,1,1,1
2959,03/05/2024 07:00,1,1,1
2960,03/05/2024 08:00,1,1,1
2961,03/05/2024 09:00,1,1,1
2962,03/05/2024 10:00,1,1,1
2963,03/05/2024 11:00,1,1,1
2964,03/05/2024 12:00,1,1,1
2965,03/05/2024 13:00,1,1,1
2966,03/05/2024 14:00,1,1,1
2967,03/05/2024 15:00,1,1,1
2968,03/05/2024 16:00,1,1,1
2969,03/05/2024 17:00,1,1,1
2970,03/05/2024 18:00,1,1,1
2971,03/05/2024 19:00,1,1,1
2972,03/05/2024 20:00,1,1,1
2973,03/05/2024 21:00,1,1,1
2974,03/05/2024 22:00,1,1,1
2975,03/05/2024 23:00,1,1,1
2976,04/05/2024 00:00,1,1,1
2977,04/05/2024 01:00,1,1,1
2978,04/05/2024 02:00,1,1,1
2979,04/05/2024 03:00,1,1,1
2980,04/05/2024 04:00,1,1,1
2981,04/05/2024 05:00,1,1,1
2982,04/05/2024 06:00,1,1,1
2983,04/05/2024 07:00,1,1,1
2984,04/05/2024 08:00,1,1,1
2985,04/05/2024 09:00,1,1,1
2986,04/05/2024 10:00,1,1,1
2987,04/05/2024 11:00,1,1,1
2988,04/05/2024 12:00,1,1,1
2989,04/05/2024 13:00,1,1,1
2990,04/05/2024 14:00,1,1,1
2991,04/05/2024 15:00,1,1,1
2992,04/05/2024 16:00,1,1,1
2993,04/05/2024 17:00,1,1,1
2994,04/05/2024 18:00,1,1,1
2995,04/05/2024 19:00,1,1,1
2996,04/05/2024 20:00,1,1,1
2997,04/05/2024 21:00,1,1,1
2998,04/05/2024 22:00,1,1,1
2999,04/05/2024 23:00,1,1,1
3000,05/05/2024 00:00,1,1,1
3001,05/05/2024 01:00,1,1,1
3002,05/05/2024 02:00,1,1,1
3003,05/05/2024 03:00,1,1,1
3004,05/05/2024 04:00,1,1,1
3005,05/05/2024 05:00,1,1,1
3006,05/05/2024 06:00,1,1,1
3007,05/05/2024 07:00,1,1,1
3008,05/05/2024 08:00,1,1,1
3009,05/05/2024 09:00,1,1,1
3010,05/05/2024 10:00,1,1,1
3011,05/05/2024 11:00,1,1,1
3012,05/05/2024 12:00,1,1,1
3013,05/05/2024 13:00,1,1,1
3014,05/05/2024 14:00,1,1,1
3015,05/05/2024 15:00,1,1,1
3016,05/05/2024 16:00,1,1,1
3017,05/05/2024 17:00,1,1,1
3018,05/05/2024 18:00,1,1,1
3019,05/05/2024 19:00,1,1,1
3020,05/05/2024 20:00,1,1,1
3021,05/05/2024 21:00,1,1,1
3022,05/05/2024 22:00,1,1,1
3023,05/05/2024 23:00,1,1,1
3024,06/05/2024 00:00,1,1,1
3025,06/05/2024 01:00,1,1,1
3026,06/05/2024 02:00,1,1,1
3027,06/05/2024 03:00,1,1,1
3028,06/05/2024 04:00,1,1,1
3029,06/05/2024 05:00,1,1,1
3030,06/05/2024 06:00,1,1,1
3031,06/05/2024 07:00,1,1,1
3032,06/05/2024 08:00,1,1,1
3033,06/05/2024 09:00,1,1,1
3034,06/05/2024 10:00,1,1,1
3035,06/05/2024 11:00,1,1,1
3036,06/05/2024 12:00,1,1,1
3037,06/05/2024 13:00,1,1,1
3038,06/05/2024 14:00,1,1,1
3039,06/05/2024 15:00,1,1,1
3040,06/05/2024 16:00,1,1,1
3041,06/05/2024 17:00,1,1,1
3042,06/05/2024 18:00,1,1,1
3043,06/05/2024 19:00,1,1,1
3044,06/05/2024 20:00,1,1,1
3045,06/05/2024 21:00,1,1,1
3046,06/05/2024 22:00,1,1,1
3047,06/05/2024 23:00,1,1,1
3048,07/05/2024 00:00,1,1,1
3049,07/05/2024 01:00,1,1,1
3050,07/05/2024 02:00,1,1,1
3051,07/05/2024 03:00,1,1,1
3052,07/05/2024 04:00,1,1,1
3053,07/05/2024 05:00,1,1,1
3054,07/05/2024 06:00,1,1,1
3055,07/05/2024 07:00,1,1,1
3056,07/05/2024 08:00,1,1,1
3057,07/05/2024 09:00,1,1,1
3058,07/05/2024 10:00,1,1,1
3059,07/05/2024 11:00,1,1,1
3060,07/05/2024 12:00,1,1,1
3061,07/05/2024 13:00,1,1,1
3062,07/05/2024 14:00,1,1,1
3063,07/05/2024 15:00,1,1,1
3064,07/05/2024 16:00,1,1,1
3065,07/05/2024 17:00,1,1,1
3066,07/05/2024 18:00,1,1,1
3067,07/05/2024 19:00,1,1,1
3068,07/05/2024 20:00,1,1,1
3069,07/05/2024 21:00,1,1,1
3070,07/05/2024 22:00,1,1,1
3071,07/05/2024 23:00,1,1,1
3072,08/05/2024 00:00,1,1,1
3073,08/05/2024 01:00,1,1,1
3074,08/05/2024 02:00,1,1,1
3075,08/05/2024 03:00,1,1,1
3076,08/05/2024 04:00,1,1,1
3077,08/05/2024 05:00,1,1,1
3078,08/05/2024 06:00,1,1,1
3079,08/05/2024 07:00,1,1,1
3080,08/05/2024 08:00,1,1,1
3081,08/05/2024 09:00,1,1,1
3082,08/05/2024 10:00,1,1,1
3083,08/05/2024 11:00,1,1,1
3084,08/05/2024 12:00,1,1,1
3085,08/05/2024 13:00,1,1,1
3086,08/05/2024 14:00,1,1,1
3087,08/05/2024 15:00,1,1,1
3088,08/05/2024 16:00,1,1,1
3089,08/05/2024 17:00,1,1,1
3090,08/05/2024 18:00,1,1,1
3091,08/05/2024 19:00,1,1,1
3092,08/05/2024 20:00,1,1,1
3093,08/05/2024 21:00,1,1,1
3094,08/05/2024 22:00,1,1,1
3095,08/05/2024 23:00,1,1,1
3096,09/05/2024 00:00,1,1,1
3097,09/05/2024 01:00,1,1,1
3098,09/05/2024 02:00,1,1,1
3099,09/05/2024 03:00,1,1,1
3100,09/05/2024 04:00,1,1,1
3101,09/05/2024 05:00,1,1,1
3102,09/05/2024 06:00,1,1,1
3103,09/05/2024 07:00,1,1,1
3104,09/05/2024 08:00,1,1,1
3105,09/05/2024 09:00,1,1,1
3106,09/05/2024 10:00,1,1,1
3107,09/05/2024 11:00,1,1,1
3108,09/05/2024 12:00,1,1,1
3109,09/05/2024 13:00,1,1,1
3110,09/05/2024 14:00,1,1,1
3111,09/05/2024 15:00,1,1,1
3112,09/05/2024 16:00,1,1,1
3113,09/05/2024 17:00,1,1,1
3114,09/05/2024 18:00,1,1,1
3115,09/05/2024 19:00,1,1,1
3116,09/05/2024 20:00,1,1,1
3117,09/05/2024 21:00,1,1,1
3118,09/05/2024 22:00,1,1,1
3119,09/05/2024 23:00,1,1,1
3120,10/05/2024 00:00,1,1,1
3121,10/05/2024 01:00,1,1,1
3122,10/05/2024 02:00,1,1,1
3123,10/05/2024 03:00,1,1,1
3124,10/05/2024 04:00,1,1,1
3125,10/05/2024 05:00,1,1,1
3126,10/05/2024 06:00,1,1,1
3127,10/05/2024 07:00,1,1,1
3128,10/05/2024 08:00,1,1,1
3129,10/05/2024 09:00,1,1,1
3130,10/05/2024 10:00,1,1,1
3131,10/05/2024 11:00,1,1,1
3132,10/05/2024 12:00,1,1,1
3133,10/05/2024 13:00,1,1,1
3134,10/05/2024 14:00,1,1,1
3135,10/05/2024 15:00,1,1,1
3136,10/05/2024 16:00,1,1,1
3137,10/05/2024 17:00,1,1,1
3138,10/05/2024 18:00,1,1,1
3139,10/05/2024 19:00,1,1,1
3140,10/05/2024 20:00,1,1,1
3141,10/05/2024 21:00,1,1,1
3142,10/05/2024 22:00,1,1,1
3143,10/05/2024 23:00,1,1,1
3144,11/05/2024 00:00,1,1,1
3145,11/05/2024 01:00,1,1,1
3146,11/05/2024 02:00,1,1,1
3147,11/05/2024 03:00,1,1,1
3148,11/05/2024 04:00,1,1,1
3149,11/05/2024 05:00,1,1,1
3150,11/05/2024 06:00,1,1,1
3151,11/05/2024 07:00,1,1,1
3152,11/05/2024 08:00,1,1,1
3153,11/05/2024 09:00,1,1,1
3154,11/05/2024 10:00,1,1,1
3155,11/05/2024 11:00,1,1,1
3156,11/05/2024 12:00,1,1,1
3157,11/05/2024 13:00,1,1,1
3158,11/05/2024 14:00,1,1,1
3159,11/05/2024 15:00,1,1,1
3160,11/05/2024 16:00,1,1,1
3161,11/05/2024 17:00,1,1,1
3162,11/05/2024 18:00,1,1,1
3163,11/05/2024 19:00,1,1,1
3164,11/05/2024 20:00,1,1,1
3165,11/05/2024 21:00,1,1,1
3166,11/05/2024 22:00,1,1,1
3167,11/05/2024 23:00,1,1,1
3168,12/05/2024 00:00,1,1,1
3169,12/05/2024 01:00,1,1,1
3170,12/05/2024 02:00,1,1,1
3171,12/05/2024 03:00,1,1,1
3172,12/05/2024 04:00,1,1,1
3173,12/05/2024 05:00,1,1,1
3174,12/05/2024 06:00,1,1,1
3175,12/05/2024 07:00,1,1,1
3176,12/05/2024 08:00,1,1,1
3177,12/05/2024 09:00,1,1,1
3178,12/05/2024 10:00,1,1,1
3179,12/05/2024 11:00,1,1,1
3180,12/05/2024 12:00,1,1,1
3181,12/05/2024 13:00,1,1,1
3182,12/05/2024 14:00,1,1,1
3183,12/05/2024 15:00,1,1,1
3184,12/05/2024 16:00,1,1,1
3185,12/05/2024 17:00,1,1,1
3186,12/05/2024 18:00,1,1,1
3187,12/05/2024 19:00,1,1,1
3188,12/05/2024 20:00,1,1,1
3189,12/05/2024 21:00,1,1,1
3190,12/05/2024 22:00,1,1,1
3191,12/05/2024 23:00,1,1,1
3192,13/05/2024 00:00,1,1,1
3193,13/05/2024 01:00,1,1,1
3194,13/05/2024 02:00,1,1,1
3195,13/05/2024 03:00,1,1,1
3196,13/05/2024 04:00,1,1,1
3197,13/05/2024 05:00,1,1,1
3198,13/05/2024 06:00,1,1,1
3199,13/05/2024 07:00,1,1,1
3200,13/05/2024 08:00,1,1,1
3201,13/05/2024 09:00,1,1,1
3202,13/05/2024 10:00,1,1,1
3203,13/05/2024 11:00,1,1,1
3204,13/05/2024 12:00,1,1,1
3205,13/05/2024 13:00,1,1,1
3206,13/05/2024 14:00,1,1,1
3207,13/05/2024 15:00,1,1,1
3208,13/05/2024 16:00,1,1,1
3209,13/05/2024 17:00,1,1,1
3210,13/05/2024 18:00,1,1,1
3211,13/05/2024 19:00,1,1,1
3212,13/05/2024 20:00,1,1,1
3213,13/05/2024 21:00,1,1,1
3214,13/05/2024 22:00,1,1,1
3215,13/05/2024 23:00,1,1,1
3216,14/05/2024 00:00,1,1,1
3217,14/05/2024 01:00,1,1,1
3218,14/05/2024 02:00,1,1,1
3219,14/05/2024 03:00,1,1,1
3220,14/05/2024 04:00,1,1,1
3221,14/05/2024 05:00,1,1,1
3222,14/05/2024 06:00,1,1,1
3223,14/05/2024 07:00,1,1,1
3224,14/05/2024 08:00,1,1,1
3225,14/05/2024 09:00,1,1,1
3226,14/05/2024 10:00,1,1,1
3227,14/05/2024 11:00,1,1,1
3228,14/05/2024 12:00,1,1,1
3229,14/05/2024 13:00,1,1,1
3230,14/05/2024 14:00,1,1,1
3231,14/05/2024 15:00,1,1,1
3232,14/05/2024 16:00,1,1,1
3233,14/05/2024 17:00,1,1,1
3234,14/05/2024 18:00,1,1,1
3235,14/05/2024 19:00,1,1,1
3236,14/05/2024 20:00,1,1,1
3237,14/05/2024 21:00,1,1,1
3238,14/05/2024 22:00,1,1,1
3239,14/05/2024 23:00,1,1,1
3240,15/05/2024 00:00,1,1,1
3241,15/05/2024 01:00,1,1,1
3242,15/05/2024 02:00,1,1,1
3243,15/05/2024 03:00,1,1,1
3244,15/05/2024 04:00,1,1,1
3245,15/05/2024 05:00,1,1,1
3246,15/05/2024 06:00,1,1,1
3247,15/05/2024 07:00,1,1,1
3248,15/05/2024 08:00,1,1,1
3249,15/05/2024 09:00,1,1,1
3250,15/05/2024 10:00,1,1,1
3251,15/05/2024 11:00,1,1,1
3252,15/05/2024 12:00,1,1,1
3253,15/05/2024 13:00,1,1,1
3254,15/05/2024 14:00,1,1,1
3255,15/05/2024 15:00,1,1,1
3256,15/05/2024 16:00,1,1,1
3257,15/05/2024 17:00,1,1,1
3258,15/05/2024 18:00,1,1,1
3259,15/05/2024 19:00,1,1,1
3260,15/05/2024 20:00,1,1,1
3261,15/05/2024 21:00,1,1,1
3262,15/05/2024 22:00,1,1,1
3263,15/05/2024 23:00,1,1,1
3264,16/05/2024 00:00,1,1,1
3265,16/05/2024 01:00,1,1,1
3266,16/05/2024 02:00,1,1,1
3267,16/05/2024 03:00,1,1,1
3268,16/05/2024 04:00,1,1,1
3269,16/05/2024 05:00,1,1,1
3270,16/05/2024 06:00,1,1,1
3271,16/05/2024 07:00,1,1,1
3272,16/05/2024 08:00,1,1,1
3273,16/05/2024 09:00,1,1,1
3274,16/05/2024 10:00,1,1,1
3275,16/05/2024 11:00,1,1,1
3276,16/05/2024 12:00,1,1,1
3277,16/05/2024 13:00,1,1,1
3278,16/05/2024 14:00,1,1,1
3279,16/05/2024 15:00,1,1,1
3280,16/05/2024 16:00,1,1,1
3281,16/05/2024 17:00,1,1,1
3282,16/05/2024 18:00,1,1,1
3283,16/05/2024 19:00,1,1,1
3284,16/05/2024 20:00,1,1,1
3285,16/05/2024 21:00,1,1,1
3286,16/05/2024 22:00,1,1,1
3287,16/05/2024 23:00,1,1,1
3288,17/05/2024 00:00,1,1,1
3289,17/05/2024 01:00,1,1,1
3290,17/05/2024 02:00,1,1,1
3291,17/05/2024 03:00,1,1,1
3292,17/05/2024 04:00,1,1,1
3293,17/05/2024 05:00,1,1,1
3294,17/05/2024 06:00,1,1,1
3295,17/05/2024 07:00,1,1,1
3296,17/05/2024 08:00,1,1,1
3297,17/05/2024 09:00,1,1,1
3298,17/05/2024 10:00,1,1,1
3299,17/05/2024 11:00,1,1,1
3300,17/05/2024 12:00,1,1,1
3301,17/05/2024 13:00,1,1,1
3302,17/05/2024 14:00,1,1,1
3303,17/05/2024 15:00,1,1,1
3304,17/05/2024 16:00,1,1,1
3305,17/05/2024 17:00,1,1,1
3306,17/05/2024 18:00,1,1,1
3307,17/05/2024 19:00,1,1,1
3308,17/05/2024 20:00,1,1,1
3309,17/05/2024 21:00,1,1,1
3310,17/05/2024 22:00,1,1,1
3311,17/05/2024 23:00,1,1,1
3312,18/05/2024 00:00,1,1,1
3313,18/05/2024 01:00,1,1,1
3314,18/05/2024 02:00,1,1,1
3315,18/05/2024 03:00,1,1,1
3316,18/05/2024 04:00,1,1,1
3317,18/05/2024 05:00,1,1,1
3318,18/05/2024 06:00,1,1,1
3319,18/05/2024 07:00,1,1,1
3320,18/05/2024 08:00,1,1,1
3321,18/05/2024 09:00,1,1,1
3322,18/05/2024 10:00,1,1,1
3323,18/05/2024 11:00,1,1,1
3324,18/05/2024 12:00,1,1,1
3325,18/05/2024 13:00,1,1,1
3326,18/05/2024 14:00,1,1,1
3327,18/05/2024 15:00,1,1,1
3328,18/05/2024 16:00,1,1,1
3329,18/05/2024 17:00,1,1,1
3330,18/05/2024 18:00,1,1,1
3331,18/05/2024 19:00,1,1,1
3332,18/05/2024 20:00,1,1,1
3333,18/05/2024 21:00,1,1,1
3334,18/05/2024 22:00,1,1,1
3335,18/05/2024 23:00,1,1,1
3336,19/05/2024 00:00,1,1,1
3337,19/05/2024 01:00,1,1,1
3338,19/05/2024 02:00,1,1,1
3339,19/05/2024 03:00,1,1,1
3340,19/05/2024 04:00,1,1,1
3341,19/05/2024 05:00,1,1,1
3342,19/05/2024 06:00,1,1,1
3343,19/05/2024 07:00,1,1,1
3344,19/05/2024 08:00,1,1,1
3345,19/05/2024 09:00,1,1,1
3346,19/05/2024 10:00,1,1,1
3347,19/05/2024 11:00,1,1,1
3348,19/05/2024 12:00,1,1,1
3349,19/05/2024 13:00,1,1,1
3350,19/05/2024 14:00,1,1,1
3351,19/05/2024 15:00,1,1,1
3352,19/05/2024 16:00,1,1,1
3353,19/05/2024 17:00,1,1,1
3354,19/05/2024 18:00,1,1,1
3355,19/05/2024 19:00,1,1,1
3356,19/05/2024 20:00,1,1,1
3357,19/05/2024 21:00,1,1,1
3358,19/05/2024 22:00,1,1,1
3359,19/05/2024 23:00,1,1,1
3360,20/05/2024 00:00,1,1,1
3361,20/05/2024 01:00,1,1,1
3362,20/05/2024 02:00,1,1,1
3363,20/05/2024 03:00,1,1,1
3364,20/05/2024 04:00,1,1,1
3365,20/05/2024 05:00,1,1,1
3366,20/05/2024 06:00,1,1,1
3367,20/05/2024 07:00,1,1,1
3368,20/05/2024 08:00,1,1,1
3369,20/05/2024 09:00,1,1,1
3370,20/05/2024 10:00,1,1,1
3371,20/05/2024 11:00,1,1,1
3372,20/05/2024 12:00,1,1,1
3373,20/05/2024 13:00,1,1,1
3374,20/05/2024 14:00,1,1,1
3375,20/05/2024 15:00,1,1,1
3376,20/05/2024 16:00,1,1,1
3377,20/05/2024 17:00,1,1,1
3378,20/05/2024 18:00,1,1,1
3379,20/05/2024 19:00,1,1,1
3380,20/05/2024 20:00,1,1,1
3381,20/05/2024 21:00,1,1,1
3382,20/05/2024 22:00,1,1,1
3383,20/05/2024 23:00,1,1,1
3384,21/05/2024 00:00,1,1,1
3385,21/05/2024 01:00,1,1,1
3386,21/05/2024 02:00,1,1,1
3387,21/05/2024 03:00,1,1,1
3388,21/05/2024 04:00,1,1,1
3389,21/05/2024 05:00,1,1,1
3390,21/05/2024 06:00,1,1,1
3391,21/05/2024 07:00,1,1,1
3392,21/05/2024 08:00,1,1,1
3393,21/05/2024 09:00,1,1,1
3394,21/05/2024 10:00,1,1,1
3395,21/05/2024 11:00,1,1,1
3396,21/05/2024 12:00,1,1,1
3397,21/05/2024 13:00,1,1,1
3398,21/05/2024 14:00,1,1,1
3399,21/05/2024 15:00,1,1,1
3400,21/05/2024 16:00,1,1,1
3401,21/05/2024 17:00,1,1,1
3402,21/05/2024 18:00,1,1,1
3403,21/05/2024 19:00,1,1,1
3404,21/05/2024 20:00,1,1,1
3405,21/05/2024 21:00,1,1,1
3406,21/05/2024 22:00,1,1,1
3407,21/05/2024 23:00,1,1,1
3408,22/05/2024 00:00,1,1,1
3409,22/05/2024 01:00,1,1,1
3410,22/05/2024 02:00,1,1,1
3411,22/05/2024 03:00,1,1,1
3412,22/05/2024 04:00,1,1,1
3413,22/05/2024 05:00,1,1,1
3414,22/05/2024 06:00,1,1,1
3415,22/05/2024 07:00,1,1,1
3416,22/05/2024 08:00,1,1,1
3417,22/05/2024 09:00,1,1,1
3418,22/05/2024 10:00,1,1,1
3419,22/05/2024 11:00,1,1,1
3420,22/05/2024 12:00,1,1,1
3421,22/05/2024 13:00,1,1,1
3422,22/05/2024 14:00,1,1,1
3423,22/05/2024 15:00,1,1,1
3424,22/05/2024 16:00,1,1,1
3425,22/05/2024 17:00,1,1,1
3426,22/05/2024 18:00,1,1,1
3427,22/05/2024 19:00,1,1,1
3428,22/05/2024 20:00,1,1,1
3429,22/05/2024 21:00,1,1,1
3430,22/05/2024 22:00,1,1,1
3431,22/05/2024 23:00,1,1,1
3432,23/05/2024 00:00,1,1,1
3433,23/05/2024 01:00,1,1,1
3434,23/05/2024 02:00,1,1,1
3435,23/05/2024 03:00,1,1,1
3436,23/05/2024 04:00,1,1,1
3437,23/05/2024 05:00,1,1,1
3438,23/05/2024 06:00,1,1,1
3439,23/05/2024 07:00,1,1,1
3440,23/05/2024 08:00,1,1,1
3441,23/05/2024 09:00,1,1,1
3442,23/05/2024 10:00,1,1,1
3443,23/05/2024 11:00,1,1,1
3444,23/05/2024 12:00,1,1,1
3445,23/05/2024 13:00,1,1,1
3446,23/05/2024 14:00,1,1,1
3447,23/05/2024 15:00,1,1,1
3448,23/05/2024 16:00,1,1,1
3449,23/05/2024 17:00,1,1,1
3450,23/05/2024 18:00,1,1,1
3451,23/05/2024 19:00,1,1,1
3452,23/05/2024 20:00,1,1,1
3453,23/05/2024 21:00,1,1,1
3454,23/05/2024 22:00,1,1,1
3455,23/05/2024 23:00,1,1,1
3456,24/05/2024 00:00,1,1,1
3457,24/05/2024 01:00,1,1,1
3458,24/05/2024 02:00,1,1,1
3459,24/05/2024 03:00,1,1,1
3460,24/05/2024 04:00,1,1,1
3461,24/05/2024 05:00,1,1,1
3462,24/05/2024 06:00,1,1,1
3463,24/05/2024 07:00,1,1,1
3464,24/05/2024 08:00,1,1,1
3465,24/05/2024 09:00,1,1,1
3466,24/05/2024 10:00,1,1,1
3467,24/05/2024 11:00,1,1,1
3468,24/05/2024 12:00,1,1,1
3469,24/05/2024 13:00,1,1,1
3470,24/05/2024 14:00,1,1,1
3471,24/05/2024 15:00,1,1,1
3472,24/05/2024 16:00,1,1,1
3473,24/05/2024 17:00,1,1,1
3474,24/05/2024 18:00,1,1,1
3475,24/05/2024 19:00,1,1,1
3476,24/05/2024 20:00,1,1,1
3477,24/05/2024 21:00,1,1,1
3478,24/05/2024 22:00,1,1,1
3479,24/05/2024 23:00,1,1,1
3480,25/05/2024 00:00,1,1,1
3481,25/05/2024 01:00,1,1,1
3482,25/05/2024 02:00,1,1,1
3483,25/05/2024 03:00,1,1,1
3484,25/05/2024 04:00,1,1,1
3485,25/05/2024 05:00,1,1,1
3486,25/05/2024 06:00,1,1,1
3487,25/05/2024 07:00,1,1,1
3488,25/05/2024 08:00,1,1,1
3489,25/05/2024 09:00,1,1,1
3490,25/05/2024 10:00,1,1,1
3491,25/05/2024 11:00,1,1,1
3492,25/05/2024 12:00,1,1,1
3493,25/05/2024 13:00,1,1,1
3494,25/05/2024 14:00,1,1,1
3495,25/05/2024 15:00,1,1,1
3496,25/05/2024 16:00,1,1,1
3497,25/05/2024 17:00,1,1,1
3498,25/05/2024 18:00,1,1,1
3499,25/05/2024 19:00,1,1,1
3500,25/05/2024 20:00,1,1,1
3501,25/05/2024 21:00,1,1,1
3502,25/05/2024 22:00,1,1,1
3503,25/05/2024 23:00,1,1,1
3504,26/05/2024 00:00,1,1,1
3505,26/05/2024 01:00,1,1,1
3506,26/05/2024 02:00,1,1,1
3507,26/05/2024 03:00,1,1,1
3508,26/05/2024 04:00,1,1,1
3509,26/05/2024 05:00,1,1,1
3510,26/05/2024 06:00,1,1,1
3511,26/05/2024 07:00,1,1,1
3512,26/05/2024 08:00,1,1,1
3513,26/05/2024 09:00,1,1,1
3514,26/05/2024 10:00,1,1,1
3515,26/05/2024 11:00,1,1,1
3516,26/05/2024 12:00,1,1,1
3517,26/05/2024 13:00,1,1,1
3518,26/05/2024 14:00,1,1,1
3519,26/05/2024 15:00,1,1,1
3520,26/05/2024 16:00,1,1,1
3521,26/05/2024 17:00,1,1,1
3522,26/05/2024 18:00,1,1,1
3523,26/05/2024 19:00,1,1,1
3524,26/05/2024 20:00,1,1,1
3525,26/05/2024 21:00,1,1,1
3526,26/05/2024 22:00,1,1,1
3527,26/05/2024 23:00,1,1,1
3528,27/05/2024 00:00,1,1,1
3529,27/05/2024 01:00,1,1,1
3530,27/05/2024 02:00,1,1,1
3531,27/05/2024 03:00,1,1,1
3532,27/05/2024 04:00,1,1,1
3533,27/05/2024 05:00,1,1,1
3534,27/05/2024 06:00,1,1,1
3535,27/05/2024 07:00,1,1,1
3536,27/05/2024 08:00,1,1,1
3537,27/05/2024 09:00,1,1,1
3538,27/05/2024 10:00,1,1,1
3539,27/05/2024 11:00,1,1,1
3540,27/05/2024 12:00,1,1,1
3541,27/05/2024 13:00,1,1,1
3542,27/05/2024 14:00,1,1,1
3543,27/05/2024 15:00,1,1,1
3544,27/05/2024 16:00,1,1,1
3545,27/05/2024 17:00,1,1,1
3546,27/05/2024 18:00,1,1,1
3547,27/05/2024 19:00,1,1,1
3548,27/05/2024 20:00,1,1,1
3549,27/05/2024 21:00,1,1,1
3550,27/05/2024 22:00,1,1,1
3551,27/05/2024 23:00,1,1,1
3552,28/05/2024 00:00,1,1,1
3553,28/05/2024 01:00,1,1,1
3554,28/05/2024 02:00,1,1,1
3555,28/05/2024 03:00,1,1,1
3556,28/05/2024 04:00,1,1,1
3557,28/05/2024 05:00,1,1,1
3558,28/05/2024 06:00,1,1,1
3559,28/05/2024 07:00,1,1,1
3560,28/05/2024 08:00,1,1,1
3561,28/05/2024 09:00,1,1,1
3562,28/05/2024 10:00,1,1,1
3563,28/05/2024 11:00,1,1,1
3564,28/05/2024 12:00,1,1,1
3565,28/05/2024 13:00,1,1,1
3566,28/05/2024 14:00,1,1,1
3567,28/05/2024 15:00,1,1,1
3568,28/05/2024 16:00,1,1,1
3569,28/05/2024 17:00,1,1,1
3570,28/05/2024 18:00,1,1,1
3571,28/05/2024 19:00,1,1,1
3572,28/05/2024 20:00,1,1,1
3573,28/05/2024 21:00,1,1,1
3574,28/05/2024 22:00,1,1,1
3575,28/05/2024 23:00,1,1,1
3576,29/05/2024 00:00,1,1,1
3577,29/05/2024 01:00,1,1,1
3578,29/05/2024 02:00,1,1,1
3579,29/05/2024 03:00,1,1,1
3580,29/05/2024 04:00,1,1,1
3581,29/05/2024 05:00,1,1,1
3582,29/05/2024 06:00,1,1,1
3583,29/05/2024 07:00,1,1,1
3584,29/05/2024 08:00,1,1,1
3585,29/05/2024 09:00,1,1,1
3586,29/05/2024 10:00,1,1,1
3587,29/05/2024 11:00,1,1,1
3588,29/05/2024 12:00,1,1,1
3589,29/05/2024 13:00,1,1,1
3590,29/05/2024 14:00,1,1,1
3591,29/05/2024 15:00,1,1,1
3592,29/05/2024 16:00,1,1,1
3593,29/05/2024 17:00,1,1,1
3594,29/05/2024 18:00,1,1,1
3595,29/05/2024 19:00,1,1,1
3596,29/05/2024 20:00,1,1,1
3597,29/05/2024 21:00,1,1,1
3598,29/05/2024 22:00,1,1,1
3599,29/05/2024 23:00,1,1,1
3600,30/05/2024 00:00,1,1,1
3601,30/05/2024 01:00,1,1,1
3602,30/05/2024 02:00,1,1,1
3603,30/05/2024 03:00,1,1,1
3604,30/05/2024 04:00,1,1,1
3605,30/05/2024 05:00,1,1,1
3606,30/05/2024 06:00,1,1,1
3607,30/05/2024 07:00,1,1,1
3608,30/05/2024 08:00,1,1,1
3609,30/05/2024 09:00,1,1,1
3610,30/05/2024 10:00,1,1,1
3611,30/05/2024 11:00,1,1,1
3612,30/05/2024 12:00,1,1,1
3613,30/05/2024 13:00,1,1,1
3614,30/05/2024 14:00,1,1,1
3615,30/05/2024 15:00,1,1,1
3616,30/05/2024 16:00,1,1,1
3617,30/05/2024 17:00,1,1,1
3618,30/05/2024 18:00,1,1,1
3619,30/05/2024 19:00,1,1,1
3620,30/05/2024 20:00,1,1,1
3621,30/05/2024 21:00,1,1,1
3622,30/05/2024 22:00,1,1,1
3623,30/05/2024 23:00,1,1,1
3624,31/05/2024 00:00,1,1,1
3625,31/05/2024 01:00,1,1,1
3626,31/05/2024 02:00,1,1,1
3627,31/05/2024 03:00,1,1,1
3628,31/05/2024 04:00,1,1,1
3629,31/05/2024 05:00,1,1,1
3630,31/05/2024 06:00,1,1,1
3631,31/05/2024 07:00,1,1,1
3632,31/05/2024 08:00,1,1,1
3633,31/05/2024 09:00,1,1,1
3634,31/05/2024 10:00,1,1,1
3635,31/05/2024 11:00,1,1,1
3636,31/05/2024 12:00,1,1,1
3637,31/05/2024 13:00,1,1,1
3638,31/05/2024 14:00,1,1,1
3639,31/05/2024 15:00,1,1,1
3640,31/05/2024 16:00,1,1,1
3641,31/05/2024 17:00,1,1,1
3642,31/05/2024 18:00,1,1,1
3643,31/05/2024 19:00,1,1,1
3644,31/05/2024 20:00,1,1,1
3645,31/05/2024 21:00,1,1,1
3646,31/05/2024 22:00,1,1,1
3647,31/05/2024 23:00,1,1,1
3648,01/06/2024 00:00,1,1,1
3649,01/06/2024 01:00,1,1,1
3650,01/06/2024 02:00,1,1,1
3651,01/06/2024 03:00,1,1,1
3652,01/06/2024 04:00,1,1,1
3653,01/06/2024 05:00,1,1,1
3654,01/06/2024 06:00,1,1,1
3655,01/06/2024 07:00,1,1,1
3656,01/06/2024 08:00,1,1,1
3657,01/06/2024 09:00,1,1,1
3658,01/06/2024 10:00,1,1,1
3659,01/06/2024 11:00,1,1,1
3660,01/06/2024 12:00,1,1,1
3661,01/06/2024 13:00,1,1,1
3662,01/06/2024 14:00,1,1,1
3663,01/06/2024 15:00,1,1,1
3664,01/06/2024 16:00,1,1,1
3665,01/06/2024 17:00,1,1,1
3666,01/06/2024 18:00,1,1,1
3667,01/06/2024 19:00,1,1,1
3668,01/06/2024 20:00,1,1,1
3669,01/06/2024 21:00,1,1,1
3670,01/06/2024 22:00,1,1,1
3671,01/06/2024 23:00,1,1,1
3672,02/06/2024 00:00,1,1,1
3673,02/06/2024 01:00,1,1,1
3674,02/06/2024 02:00,1,1,1
3675,02/06/2024 03:00,1,1,1
3676,02/06/2024 04:00,1,1,1
3677,02/06/2024 05:00,1,1,1
3678,02/06/2024 06:00,1,1,1
3679,02/06/2024 07:00,1,1,1
3680,02/06/2024 08:00,1,1,1
3681,02/06/2024 09:00,1,1,1
3682,02/06/2024 10:00,1,1,1
3683,02/06/2024 11:00,1,1,1
3684,02/06/2024 12:00,1,1,1
3685,02/06/2024 13:00,1,1,1
3686,02/06/2024 14:00,1,1,1
3687,02/06/2024 15:00,1,1,1
3688,02/06/2024 16:00,1,1,1
3689,02/06/2024 17:00,1,1,1
3690,02/06/2024 18:00,1,1,1
3691,02/06/2024 19:00,1,1,1
3692,02/06/2024 20:00,1,1,1
3693,02/06/2024 21:00,1,1,1
3694,02/06/2024 22:00,1,1,1
3695,02/06/2024 23:00,1,1,1
3696,03/06/2024 00:00,1,1,1
3697,03/06/2024 01:00,1,1,1
3698,03/06/2024 02:00,1,1,1
3699,03/06/2024 03:00,1,1,1
3700,03/06/2024 04:00,1,1,1
3701,03/06/2024 05:00,1,1,1
3702,03/06/2024 06:00,1,1,1
3703,03/06/2024 07:00,1,1,1
3704,03/06/2024 08:00,1,1,1
3705,03/06/2024 09:00,1,1,1
3706,03/06/2024 10:00,1,1,1
3707,03/06/2024 11:00,1,1,1
3708,03/06/2024 12:00,1,1,1
3709,03/06/2024 13:00,1,1,1
3710,03/06/2024 14:00,1,1,1
3711,03/06/2024 15:00,1,1,1
3712,03/06/2024 16:00,1,1,1
3713,03/06/2024 17:00,1,1,1
3714,03/06/2024 18:00,1,1,1
3715,03/06/2024 19:00,1,1,1
3716,03/06/2024 20:00,1,1,1
3717,03/06/2024 21:00,1,1,1
3718,03/06/2024 22:00,1,1,1
3719,03/06/2024 23:00,1,1,1
3720,04/06/2024 00:00,1,1,1
3721,04/06/2024 01:00,1,1,1
3722,04/06/2024 02:00,1,1,1
3723,04/06/2024 03:00,1,1,1
3724,04/06/2024 04:00,1,1,1
3725,04/06/2024 05:00,1,1,1
3726,04/06/2024 06:00,1,1,1
3727,04/06/2024 07:00,1,1,1
3728,04/06/2024 08:00,1,1,1
3729,04/06/2024 09:00,1,1,1
3730,04/06/2024 10:00,1,1,1
3731,04/06/2024 11:00,1,1,1
3732,04/06/2024 12:00,1,1,1
3733,04/06/2024 13:00,1,1,1
3734,04/06/2024 14:00,1,1,1
3735,04/06/2024 15:00,1,1,1
3736,04/06/2024 16:00,1,1,1
3737,04/06/2024 17:00,1,1,1
3738,04/06/2024 18:00,1,1,1
3739,04/06/2024 19:00,1,1,1
3740,04/06/2024 20:00,1,1,1
3741,04/06/2024 21:00,1,1,1
3742,04/06/2024 22:00,1,1,1
3743,04/06/2024 23:00,1,1,1
3744,05/06/2024 00:00,1,1,1
3745,05/06/2024 01:00,1,1,1
3746,05/06/2024 02:00,1,1,1
3747,05/06/2024 03:00,1,1,1
3748,05/06/2024 04:00,1,1,1
3749,05/06/2024 05:00,1,1,1
3750,05/06/2024 06:00,1,1,1
3751,05/06/2024 07:00,1,1,1
3752,05/06/2024 08:00,1,1,1
3753,05/06/2024 09:00,1,1,1
3754,05/06/2024 10:00,1,1,1
3755,05/06/2024 11:00,1,1,1
3756,05/06/2024 12:00,1,1,1
3757,05/06/2024 13:00,1,1,1
3758,05/06/2024 14:00,1,1,1
3759,05/06/2024 15:00,1,1,1
3760,05/06/2024 16:00,1,1,1
3761,05/06/2024 17:00,1,1,1
3762,05/06/2024 18:00,1,1,1
3763,05/06/2024 19:00,1,1,1
3764,05/06/2024 20:00,1,1,1
3765,05/06/2024 21:00,1,1,1
3766,05/06/2024 22:00,1,1,1
3767,05/06/2024 23:00,1,1,1
3768,06/06/2024 00:00,1,1,1
3769,06/06/2024 01:00,1,1,1
3770,06/06/2024 02:00,1,1,1
3771,06/06/2024 03:00,1,1,1
3772,06/06/2024 04:00,1,1,1
3773,06/06/2024 05:00,1,1,1
3774,06/06/2024 06:00,1,1,1
3775,06/06/2024 07:00,1,1,1
3776,06/06/2024 08:00,1,1,1
3777,06/06/2024 09:00,1,1,1
3778,06/06/2024 10:00,1,1,1
3779,06/06/2024 11:00,1,1,1
3780,06/06/2024 12:00,1,1,1
3781,06/06/2024 13:00,1,1,1
3782,06/06/2024 14:00,1,1,1
3783,06/06/2024 15:00,1,1,1
3784,06/06/2024 16:00,1,1,1
3785,06/06/2024 17:00,1,1,1
3786,06/06/2024 18:00,1,1,1
3787,06/06/2024 19:00,1,1,1
3788,06/06/2024 20:00,1,1,1
3789,06/06/2024 21:00,1,1,1
3790,06/06/2024 22:00,1,1,1
3791,06/06/2024 23:00,1,1,1
3792,07/06/2024 00:00,1,1,1
3793,07/06/2024 01:00,1,1,1
3794,07/06/2024 02:00,1,1,1
3795,07/06/2024 03:00,1,1,1
3796,07/06/2024 04:00,1,1,1
3797,07/06/2024 05:00,1,1,1
3798,07/06/2024 06:00,1,1,1
3799,07/06/2024 07:00,1,1,1
3800,07/06/2024 08:00,1,1,1
3801,07/06/2024 09:00,1,1,1
3802,07/06/2024 10:00,1,1,1
3803,07/06/2024 11:00,1,1,1
3804,07/06/2024 12:00,1,1,1
3805,07/06/2024 13:00,1,1,1
3806,07/06/2024 14:00,1,1,1
3807,07/06/2024 15:00,1,1,1
3808,07/06/2024 16:00,1,1,1
3809,07/06/2024 17:00,1,1,1
3810,07/06/2024 18:00,1,1,1
3811,07/06/2024 19:00,1,1,1
3812,07/06/2024 20:00,1,1,1
3813,07/06/2024 21:00,1,1,1
3814,07/06/2024 22:00,1,1,1
3815,07/06/2024 23:00,1,1,1
3816,08/06/2024 00:00,1,1,1
3817,08/06/2024 01:00,1,1,1
3818,08/06/2024 02:00,1,1,1
3819,08/06/2024 03:00,1,1,1
3820,08/06/2024 04:00,1,1,1
3821,08/06/2024 05:00,1,1,1
3822,08/06/2024 06:00,1,1,1
3823,08/06/2024 07:00,1,1,1
3824,08/06/2024 08:00,1,1,1
3825,08/06/2024 09:00,1,1,1
3826,08/06/2024 10:00,1,1,1
3827,08/06/2024 11:00,1,1,1
3828,08/06/2024 12:00,1,1,1
3829,08/06/2024 13:00,1,1,1
3830,08/06/2024 14:00,1,1,1
3831,08/06/2024 15:00,1,1,1
3832,08/06/2024 16:00,1,1,1
3833,08/06/2024 17:00,1,1,1
3834,08/06/2024 18:00,1,1,1
3835,08/06/2024 19:00,1,1,1
3836,08/06/2024 20:00,1,1,1
3837,08/06/2024 21:00,1,1,1
3838,08/06/2024 22:00,1,1,1
3839,08/06/2024 23:00,1,1,1
3840,09/06/2024 00:00,1,1,1
3841,09/06/2024 01:00,1,1,1
3842,09/06/2024 02:00,1,1,1
3843,09/06/2024 03:00,1,1,1
3844,09/06/2024 04:00,1,1,1
3845,09/06/2024 05:00,1,1,1
3846,09/06/2024 06:00,1,1,1
3847,09/06/2024 07:00,1,1,1
3848,09/06/2024 08:00,1,1,1
3849,09/06/2024 09:00,1,1,1
3850,09/06/2024 10:00,1,1,1
3851,09/06/2024 11:00,1,1,1
3852,09/06/2024 12:00,1,1,1
3853,09/06/2024 13:00,1,1,1
3854,09/06/2024 14:00,1,1,1
3855,09/06/2024 15:00,1,1,1
3856,09/06/2024 16:00,1,1,1
3857,09/06/2024 17:00,1,1,1
3858,09/06/2024 18:00,1,1,1
3859,09/06/2024 19:00,1,1,1
3860,09/06/2024 20:00,1,1,1
3861,09/06/2024 21:00,1,1,1
3862,09/06/2024 22:00,1,1,1
3863,09/06/2024 23:00,1,1,1
3864,10/06/2024 00:00,1,1,1
3865,10/06/2024 01:00,1,1,1
3866,10/06/2024 02:00,1,1,1
3867,10/06/2024 03:00,1,1,1
3868,10/06/2024 04:00,1,1,1
3869,10/06/2024 05:00,1,1,1
3870,10/06/2024 06:00,1,1,1
3871,10/06/2024 07:00,1,1,1
3872,10/06/2024 08:00,1,1,1
3873,10/06/2024 09:00,1,1,1
3874,10/06/2024 10:00,1,1,1
3875,10/06/2024 11:00,1,1,1
3876,10/06/2024 12:00,1,1,1
3877,10/06/2024 13:00,1,1,1
3878,10/06/2024 14:00,1,1,1
3879,10/06/2024 15:00,1,1,1
3880,10/06/2024 16:00,1,1,1
3881,10/06/2024 17:00,1,1,1
3882,10/06/2024 18:00,1,1,1
3883,10/06/2024 19:00,1,1,1
3884,10/06/2024 20:00,1,1,1
3885,10/06/2024 21:00,1,1,1
3886,10/06/2024 22:00,1,1,1
3887,10/06/2024 23:00,1,1,1
3888,11/06/2024 00:00,1,1,1
3889,11/06/2024 01:00,1,1,1
3890,11/06/2024 02:00,1,1,1
3891,11/06/2024 03:00,1,1,1
3892,11/06/2024 04:00,1,1,1
3893,11/06/2024 05:00,1,1,1
3894,11/06/2024 06:00,1,1,1
3895,11/06/2024 07:00,1,1,1
3896,11/06/2024 08:00,1,1,1
3897,11/06/2024 09:00,1,1,1
3898,11/06/2024 10:00,1,1,1
3899,11/06/2024 11:00,1,1,1
3900,11/06/2024 12:00,1,1,1
3901,11/06/2024 13:00,1,1,1
3902,11/06/2024 14:00,1,1,1
3903,11/06/2024 15:00,1,1,1
3904,11/06/2024 16:00,1,1,1
3905,11/06/2024 17:00,1,1,1
3906,11/06/2024 18:00,1,1,1
3907,11/06/2024 19:00,1,1,1
3908,11/06/2024 20:00,1,1,1
3909,11/06/2024 21:00,1,1,1
3910,11/06/2024 22:00,1,1,1
3911,11/06/2024 23:00,1,1,1
3912,12/06/2024 00:00,1,1,1
3913,12/06/2024 01:00,1,1,1
3914,12/06/2024 02:00,1,1,1
3915,12/06/2024 03:00,1,1,1
3916,12/06/2024 04:00,1,1,1
3917,12/06/2024 05:00,1,1,1
3918,12/06/2024 06:00,1,1,1
3919,12/06/2024 07:00,1,1,1
3920,12/06/2024 08:00,1,1,1
3921,12/06/2024 09:00,1,1,1
3922,12/06/2024 10:00,1,1,1
3923,12/06/2024 11:00,1,1,1
3924,12/06/2024 12:00,1,1,1
3925,12/06/2024 13:00,1,1,1
3926,12/06/2024 14:00,1,1,1
3927,12/06/2024 15:00,1,1,1
3928,12/06/2024 16:00,1,1,1
3929,12/06/2024 17:00,1,1,1
3930,12/06/2024 18:00,1,1,1
3931,12/06/2024 19:00,1,1,1
3932,12/06/2024 20:00,1,1,1
3933,12/06/2024 21:00,1,1,1
3934,12/06/2024 22:00,1,1,1
3935,12/06/2024 23:00,1,1,1
3936,13/06/2024 00:00,1,1,1
3937,13/06/2024 01:00,1,1,1
3938,13/06/2024 02:00,1,1,1
3939,13/06/2024 03:00,1,1,1
3940,13/06/2024 04:00,1,1,1
3941,13/06/2024 05:00,1,1,1
3942,13/06/2024 06:00,1,1,1
3943,13/06/2024 07:00,1,1,1
3944,13/06/2024 08:00,1,1,1
3945,13/06/2024 09:00,1,1,1
3946,13/06/2024 10:00,1,1,1
3947,13/06/2024 11:00,1,1,1
3948,13/06/2024 12:00,1,1,1
3949,13/06/2024 13:00,1,1,1
3950,13/06/2024 14:00,1,1,1
3951,13/06/2024 15:00,1,1,1
3952,13/06/2024 16:00,1,1,1
3953,13/06/2024 17:00,1,1,1
3954,13/06/2024 18:00,1,1,1
3955,13/06/2024 19:00,1,1,1
3956,13/06/2024 20:00,1,1,1
3957,13/06/2024 21:00,1,1,1
3958,13/06/2024 22:00,1,1,1
3959,13/06/2024 23:00,1,1,1
3960,14/06/2024 00:00,1,1,1
3961,14/06/2024 01:00,1,1,1
3962,14/06/2024 02:00,1,1,1
3963,14/06/2024 03:00,1,1,1
3964,14/06/2024 04:00,1,1,1
3965,14/06/2024 05:00,1,1,1
3966,14/06/2024 06:00,1,1,1
3967,14/06/2024 07:00,1,1,1
3968,14/06/2024 08:00,1,1,1
3969,14/06/2024 09:00,1,1,1
3970,14/06/2024 10:00,1,1,1
3971,14/06/2024 11:00,1,1,1
3972,14/06/2024 12:00,1,1,1
3973,14/06/2024 13:00,1,1,1
3974,14/06/2024 14:00,1,1,1
3975,14/06/2024 15:00,1,1,1
3976,14/06/2024 16:00,1,1,1
3977,14/06/2024 17:00,1,1,1
3978,14/06/2024 18:00,1,1,1
3979,14/06/2024 19:00,1,1,1
3980,14/06/2024 20:00,1,1,1
3981,14/06/2024 21:00,1,1,1
3982,14/06/2024 22:00,1,1,1
3983,14/06/2024 23:00,1,1,1
3984,15/06/2024 00:00,1,1,1
3985,15/06/2024 01:00,1,1,1
3986,15/06/2024 02:00,1,1,1
3987,15/06/2024 03:00,1,1,1
3988,15/06/2024 04:00,1,1,1
3989,15/06/2024 05:00,1,1,1
3990,15/06/2024 06:00,1,1,1
3991,15/06/2024 07:00,1,1,1
3992,15/06/2024 08:00,1,1,1
3993,15/06/2024 09:00,1,1,1
3994,15/06/2024 10:00,1,1,1
3995,15/06/2024 11:00,1,1,1
3996,15/06/2024 12:00,1,1,1
3997,15/06/2024 13:00,1,1,1
3998,15/06/2024 14:00,1,1,1
3999,15/06/2024 15:00,1,1,1
4000,15/06/2024 16:00,1,1,1
4001,15/06/2024 17:00,1,1,1
4002,15/06/2024 18:00,1,1,1
4003,15/06/2024 19:00,1,1,1
4004,15/06/2024 20:00,1,1,1
4005,15/06/2024 21:00,1,1,1
4006,15/06/2024 22:00,1,1,1
4007,15/06/2024 23:00,1,1,1
4008,16/06/2024 00:00,1,1,1
4009,16/06/2024 01:00,1,1,1
4010,16/06/2024 02:00,1,1,1
4011,16/06/2024 03:00,1,1,1
4012,16/06/2024 04:00,1,1,1
4013,16/06/2024 05:00,1,1,1
4014,16/06/2024 06:00,1,1,1
4015,16/06/2024 07:00,1,1,1
4016,16/06/2024 08:00,1,1,1
4017,16/06/2024 09:00,1,1,1
4018,16/06/2024 10:00,1,1,1
4019,16/06/2024 11:00,1,1,1
4020,16/06/2024 12:00,1,1,1
4021,16/06/2024 13:00,1,1,1
4022,16/06/2024 14:00,1,1,1
4023,16/06/2024 15:00,1,1,1
4024,16/06/2024 16:00,1,1,1
4025,16/06/2024 17:00,1,1,1
4026,16/06/2024 18:00,1,1,1
4027,16/06/2024 19:00,1,1,1
4028,16/06/2024 20:00,1,1,1
4029,16/06/2024 21:00,1,1,1
4030,16/06/2024 22:00,1,1,1
4031,16/06/2024 23:00,1,1,1
4032,17/06/2024 00:00,1,1,1
4033,17/06/2024 01:00,1,1,1
4034,17/06/2024 02:00,1,1,1
4035,17/06/2024 03:00,1,1,1
4036,17/06/2024 04:00,1,1,1
4037,17/06/2024 05:00,1,1,1
4038,17/06/2024 06:00,1,1,1
4039,17/06/2024 07:00,1,1,1
4040,17/06/2024 08:00,1,1,1
4041,17/06/2024 09:00,1,1,1
4042,17/06/2024 10:00,1,1,1
4043,17/06/2024 11:00,1,1,1
4044,17/06/2024 12:00,1,1,1
4045,17/06/2024 13:00,1,1,1
4046,17/06/2024 14:00,1,1,1
4047,17/06/2024 15:00,1,1,1
4048,17/06/2024 16:00,1,1,1
4049,17/06/2024 17:00,1,1,1
4050,17/06/2024 18:00,1,1,1
4051,17/06/2024 19:00,1,1,1
4052,17/06/2024 20:00,1,1,1
4053,17/06/2024 21:00,1,1,1
4054,17/06/2024 22:00,1,1,1
4055,17/06/2024 23:00,1,1,1
4056,18/06/2024 00:00,1,1,1
4057,18/06/2024 01:00,1,1,1
4058,18/06/2024 02:00,1,1,1
4059,18/06/2024 03:00,1,1,1
4060,18/06/2024 04:00,1,1,1
4061,18/06/2024 05:00,1,1,1
4062,18/06/2024 06:00,1,1,1
4063,18/06/2024 07:00,1,1,1
4064,18/06/2024 08:00,1,1,1
4065,18/06/2024 09:00,1,1,1
4066,18/06/2024 10:00,1,1,1
4067,18/06/2024 11:00,1,1,1
4068,18/06/2024 12:00,1,1,1
4069,18/06/2024 13:00,1,1,1
4070,18/06/2024 14:00,1,1,1
4071,18/06/2024 15:00,1,1,1
4072,18/06/2024 16:00,1,1,1
4073,18/06/2024 17:00,1,1,1
4074,18/06/2024 18:00,1,1,1
4075,18/06/2024 19:00,1,1,1
4076,18/06/2024 20:00,1,1,1
4077,18/06/2024 21:00,1,1,1
4078,18/06/2024 22:00,1,1,1
4079,18/06/2024 23:00,1,1,1
4080,19/06/2024 00:00,1,1,1
4081,19/06/2024 01:00,1,1,1
4082,19/06/2024 02:00,1,1,1
4083,19/06/2024 03:00,1,1,1
4084,19/06/2024 04:00,1,1,1
4085,19/06/2024 05:00,1,1,1
4086,19/06/2024 06:00,1,1,1
4087,19/06/2024 07:00,1,1,1
4088,19/06/2024 08:00,1,1,1
4089,19/06/2024 09:00,1,1,1
4090,19/06/2024 10:00,1,1,1
4091,19/06/2024 11:00,1,1,1
4092,19/06/2024 12:00,1,1,1
4093,19/06/2024 13:00,1,1,1
4094,19/06/2024 14:00,1,1,1
4095,19/06/2024 15:00,1,1,1
4096,19/06/2024 16:00,1,1,1
4097,19/06/2024 17:00,1,1,1
4098,19/06/2024 18:00,1,1,1
4099,19/06/2024 19:00,1,1,1
4100,19/06/2024 20:00,1,1,1
4101,19/06/2024 21:00,1,1,1
4102,19/06/2024 22:00,1,1,1
4103,19/06/2024 23:00,1,1,1
4104,20/06/2024 00:00,1,1,1
4105,20/06/2024 01:00,1,1,1
4106,20/06/2024 02:00,1,1,1
4107,20/06/2024 03:00,1,1,1
4108,20/06/2024 04:00,1,1,1
4109,20/06/2024 05:00,1,1,1
4110,20/06/2024 06:00,1,1,1
4111,20/06/2024 07:00,1,1,1
4112,20/06/2024 08:00,1,1,1
4113,20/06/2024 09:00,1,1,1
4114,20/06/2024 10:00,1,1,1
4115,20/06/2024 11:00,1,1,1
4116,20/06/2024 12:00,1,1,1
4117,20/06/2024 13:00,1,1,1
4118,20/06/2024 14:00,1,1,1
4119,20/06/2024 15:00,1,1,1
4120,20/06/2024 16:00,1,1,1
4121,20/06/2024 17:00,1,1,1
4122,20/06/2024 18:00,1,1,1
4123,20/06/2024 19:00,1,1,1
4124,20/06/2024 20:00,1,1,1
4125,20/06/2024 21:00,1,1,1
4126,20/06/2024 22:00,1,1,1
4127,20/06/2024 23:00,1,1,1
4128,21/06/2024 00:00,1,1,1
4129,21/06/2024 01:00,1,1,1
4130,21/06/2024 02:00,1,1,1
4131,21/06/2024 03:00,1,1,1
4132,21/06/2024 04:00,1,1,1
4133,21/06/2024 05:00,1,1,1
4134,21/06/2024 06:00,1,1,1
4135,21/06/2024 07:00,1,1,1
4136,21/06/2024 08:00,1,1,1
4137,21/06/2024 09:00,1,1,1
4138,21/06/2024 10:00,1,1,1
4139,21/06/2024 11:00,1,1,1
4140,21/06/2024 12:00,1,1,1
4141,21/06/2024 13:00,1,1,1
4142,21/06/2024 14:00,1,1,1
4143,21/06/2024 15:00,1,1,1
4144,21/06/2024 16:00,1,1,1
4145,21/06/2024 17:00,1,1,1
4146,21/06/2024 18:00,1,1,1
4147,21/06/2024 19:00,1,1,1
4148,21/06/2024 20:00,1,1,1
4149,21/06/2024 21:00,1,1,1
4150,21/06/2024 22:00,1,1,1
4151,21/06/2024 23:00,1,1,1
4152,22/06/2024 00:00,1,1,1
4153,22/06/2024 01:00,1,1,1
4154,22/06/2024 02:00,1,1,1
4155,22/06/2024 03:00,1,1,1
4156,22/06/2024 04:00,1,1,1
4157,22/06/2024 05:00,1,1,1
4158,22/06/2024 06:00,1,1,1
4159,22/06/2024 07:00,1,1,1
4160,22/06/2024 08:00,1,1,1
4161,22/06/2024 09:00,1,1,1
4162,22/06/2024 10:00,1,1,1
4163,22/06/2024 11:00,1,1,1
4164,22/06/2024 12:00,1,1,1
4165,22/06/2024 13:00,1,1,1
4166,22/06/2024 14:00,1,1,1
4167,22/06/2024 15:00,1,1,1
4168,22/06/2024 16:00,1,1,1
4169,22/06/2024 17:00,1,1,1
4170,22/06/2024 18:00,1,1,1
4171,22/06/2024 19:00,1,1,1
4172,22/06/2024 20:00,1,1,1
4173,22/06/2024 21:00,1,1,1
4174,22/06/2024 22:00,1,1,1
4175,22/06/2024 23:00,1,1,1
4176,23/06/2024 00:00,1,1,1
4177,23/06/2024 01:00,1,1,1
4178,23/06/2024 02:00,1,1,1
4179,23/06/2024 03:00,1,1,1
4180,23/06/2024 04:00,1,1,1
4181,23/06/2024 05:00,1,1,1
4182,23/06/2024 06:00,1,1,1
4183,23/06/2024 07:00,1,1,1
4184,23/06/2024 08:00,1,1,1
4185,23/06/2024 09:00,1,1,1
4186,23/06/2024 10:00,1,1,1
4187,23/06/2024 11:00,1,1,1
4188,23/06/2024 12:00,1,1,1
4189,23/06/2024 13:00,1,1,1
4190,23/06/2024 14:00,1,1,1
4191,23/06/2024 15:00,1,1,1
4192,23/06/2024 16:00,1,1,1
4193,23/06/2024 17:00,1,1,1
4194,23/06/2024 18:00,1,1,1
4195,23/06/2024 19:00,1,1,1
4196,23/06/2024 20:00,1,1,1
4197,23/06/2024 21:00,1,1,1
4198,23/06/2024 22:00,1,1,1
4199,23/06/2024 23:00,1,1,1
4200,24/06/2024 00:00,1,1,1
4201,24/06/2024 01:00,1,1,1
4202,24/06/2024 02:00,1,1,1
4203,24/06/2024 03:00,1,1,1
4204,24/06/2024 04:00,1,1,1
4205,24/06/2024 05:00,1,1,1
4206,24/06/2024 06:00,1,1,1
4207,24/06/2024 07:00,1,1,1
4208,24/06/2024 08:00,1,1,1
4209,24/06/2024 09:00,1,1,1
4210,24/06/2024 10:00,1,1,1
4211,24/06/2024 11:00,1,1,1
4212,24/06/2024 12:00,1,1,1
4213,24/06/2024 13:00,1,1,1
4214,24/06/2024 14:00,1,1,1
4215,24/06/2024 15:00,1,1,1
4216,24/06/2024 16:00,1,1,1
4217,24/06/2024 17:00,1,1,1
4218,24/06/2024 18:00,1,1,1
4219,24/06/2024 19:00,1,1,1
4220,24/06/2024 20:00,1,1,1
4221,24/06/2024 21:00,1,1,1
4222,24/06/2024 22:00,1,1,1
4223,24/06/2024 23:00,1,1,1
4224,25/06/2024 00:00,1,1,1
4225,25/06/2024 01:00,1,1,1
4226,25/06/2024 02:00,1,1,1
4227,25/06/2024 03:00,1,1,1
4228,25/06/2024 04:00,1,1,1
4229,25/06/2024 05:00,1,1,1
4230,25/06/2024 06:00,1,1,1
4231,25/06/2024 07:00,1,1,1
4232,25/06/2024 08:00,1,1,1
4233,25/06/2024 09:00,1,1,1
4234,25/06/2024 10:00,1,1,1
4235,25/06/2024 11:00,1,1,1
4236,25/06/2024 12:00,1,1,1
4237,25/06/2024 13:00,1,1,1
4238,25/06/2024 14:00,1,1,1
4239,25/06/2024 15:00,1,1,1
4240,25/06/2024 16:00,1,1,1
4241,25/06/2024 17:00,1,1,1
4242,25/06/2024 18:00,1,1,1
4243,25/06/2024 19:00,1,1,1
4244,25/06/2024 20:00,1,1,1
4245,25/06/2024 21:00,1,1,1
4246,25/06/2024 22:00,1,1,1
4247,25/06/2024 23:00,1,1,1
4248,26/06/2024 00:00,1,1,1
4249,26/06/2024 01:00,1,1,1
4250,26/06/2024 02:00,1,1,1
4251,26/06/2024 03:00,1,1,1
4252,26/06/2024 04:00,1,1,1
4253,26/06/2024 05:00,1,1,1
4254,26/06/2024 06:00,1,1,1
4255,26/06/2024 07:00,1,1,1
4256,26/06/2024 08:00,1,1,1
4257,26/06/2024 09:00,1,1,1
4258,26/06/2024 10:00,1,1,1
4259,26/06/2024 11:00,1,1,1
4260,26/06/2024 12:00,1,1,1
4261,26/06/2024 13:00,1,1,1
4262,26/06/2024 14:00,1,1,1
4263,26/06/2024 15:00,1,1,1
4264,26/06/2024 16:00,1,1,1
4265,26/06/2024 17:00,1,1,1
4266,26/06/2024 18:00,1,1,1
4267,26/06/2024 19:00,1,1,1
4268,26/06/2024 20:00,1,1,1
4269,26/06/2024 21:00,1,1,1
4270,26/06/2024 22:00,1,1,1
4271,26/06/2024 23:00,1,1,1
4272,27/06/2024 00:00,1,1,1
4273,27/06/2024 01:00,1,1,1
4274,27/06/2024 02:00,1,1,1
4275,27/06/2024 03:00,1,1,1
4276,27/06/2024 04:00,1,1,1
4277,27/06/2024 05:00,1,1,1
4278,27/06/2024 06:00,1,1,1
4279,27/06/2024 07:00,1,1,1
4280,27/06/2024 08:00,1,1,1
4281,27/06/2024 09:00,1,1,1
4282,27/06/2024 10:00,1,1,1
4283,27/06/2024 11:00,1,1,1
4284,27/06/2024 12:00,1,1,1
4285,27/06/2024 13:00,1,1,1
4286,27/06/2024 14:00,1,1,1
4287,27/06/2024 15:00,1,1,1
4288,27/06/2024 16:00,1,1,1
4289,27/06/2024 17:00,1,1,1
4290,27/06/2024 18:00,1,1,1
4291,27/06/2024 19:00,1,1,1
4292,27/06/2024 20:00,1,1,1
4293,27/06/2024 21:00,1,1,1
4294,27/06/2024 22:00,1,1,1
4295,27/06/2024 23:00,1,1,1
4296,28/06/2024 00:00,1,1,1
4297,28/06/2024 01:00,1,1,1
4298,28/06/2024 02:00,1,1,1
4299,28/06/2024 03:00,1,1,1
4300,28/06/2024 04:00,1,1,1
4301,28/06/2024 05:00,1,1,1
4302,28/06/2024 06:00,1,1,1
4303,28/06/2024 07:00,1,1,1
4304,28/06/2024 08:00,1,1,1
4305,28/06/2024 09:00,1,1,1
4306,28/06/2024 10:00,1,1,1
4307,28/06/2024 11:00,1,1,1
4308,28/06/2024 12:00,1,1,1
4309,28/06/2024 13:00,1,1,1
4310,28/06/2024 14:00,1,1,1
4311,28/06/2024 15:00,1,1,1
4312,28/06/2024 16:00,1,1,1
4313,28/06/2024 17:00,1,1,1
4314,28/06/2024 18:00,1,1,1
4315,28/06/2024 19:00,1,1,1
4316,28/06/2024 20:00,1,1,1
4317,28/06/2024 21:00,1,1,1
4318,28/06/2024 22:00,1,1,1
4319,28/06/2024 23:00,1,1,1
4320,29/06/2024 00:00,1,1,1
4321,29/06/2024 01:00,1,1,1
4322,29/06/2024 02:00,1,1,1
4323,29/06/2024 03:00,1,1,1
4324,29/06/2024 04:00,1,1,1
4325,29/06/2024 05:00,1,1,1
4326,29/06/2024 06:00,1,1,1
4327,29/06/2024 07:00,1,1,1
4328,29/06/2024 08:00,1,1,1
4329,29/06/2024 09:00,1,1,1
4330,29/06/2024 10:00,1,1,1
4331,29/06/2024 11:00,1,1,1
4332,29/06/2024 12:00,1,1,1
4333,29/06/2024 13:00,1,1,1
4334,29/06/2024 14:00,1,1,1
4335,29/06/2024 15:00,1,1,1
4336,29/06/2024 16:00,1,1,1
4337,29/06/2024 17:00,1,1,1
4338,29/06/2024 18:00,1,1,1
4339,29/06/2024 19:00,1,1,1
4340,29/06/2024 20:00,1,1,1
4341,29/06/2024 21:00,1,1,1
4342,29/06/2024 22:00,1,1,1
4343,29/06/2024 23:00,1,1,1
4344,30/06/2024 00:00,1,1,1
4345,30/06/2024 01:00,1,1,1
4346,30/06/2024 02:00,1,1,1
4347,30/06/2024 03:00,1,1,1
4348,30/06/2024 04:00,1,1,1
4349,30/06/2024 05:00,1,1,1
4350,30/06/2024 06:00,1,1,1
4351,30/06/2024 07:00,1,1,1
4352,30/06/2024 08:00,1,1,1
4353,30/06/2024 09:00,1,1,1
4354,30/06/2024 10:00,1,1,1
4355,30/06/2024 11:00,1,1,1
4356,30/06/2024 12:00,1,1,1
4357,30/06/2024 13:00,1,1,1
4358,30/06/2024 14:00,1,1,1
4359,30/06/2024 15:00,1,1,1
4360,30/06/2024 16:00,1,1,1
4361,30/06/2024 17:00,1,1,1
4362,30/06/2024 18:00,1,1,1
4363,30/06/2024 19:00,1,1,1
4364,30/06/2024 20:00,1,1,1
4365,30/06/2024 21:00,1,1,1
4366,30/06/2024 22:00,1,1,1
4367,30/06/2024 23:00,1,1,1
4368,01/07/2024 00:00,1,1,1
4369,01/07/2024 01:00,1,1,1
4370,01/07/2024 02:00,1,1,1
4371,01/07/2024 03:00,1,1,1
4372,01/07/2024 04:00,1,1,1
4373,01/07/2024 05:00,1,1,1
4374,01/07/2024 06:00,1,1,1
4375,01/07/2024 07:00,1,1,1
4376,01/07/2024 08:00,1,1,1
4377,01/07/2024 09:00,1,1,1
4378,01/07/2024 10:00,1,1,1
4379,01/07/2024 11:00,1,1,1
4380,01/07/2024 12:00,1,1,1
4381,01/07/2024 13:00,1,1,1
4382,01/07/2024 14:00,1,1,1
4383,01/07/2024 15:00,1,1,1
4384,01/07/2024 16:00,1,1,1
4385,01/07/2024 17:00,1,1,1
4386,01/07/2024 18:00,1,1,1
4387,01/07/2024 19:00,1,1,1
4388,01/07/2024 20:00,1,1,1
4389,01/07/2024 21:00,1,1,1
4390,01/07/2024 22:00,1,1,1
4391,01/07/2024 23:00,1,1,1
4392,02/07/2024 00:00,1,1,1
4393,02/07/2024 01:00,1,1,1
4394,02/07/2024 02:00,1,1,1
4395,02/07/2024 03:00,1,1,1
4396,02/07/2024 04:00,1,1,1
4397,02/07/2024 05:00,1,1,1
4398,02/07/2024 06:00,1,1,1
4399,02/07/2024 07:00,1,1,1
4400,02/07/2024 08:00,1,1,1
4401,02/07/2024 09:00,1,1,1
4402,02/07/2024 10:00,1,1,1
4403,02/07/2024 11:00,1,1,1
4404,02/07/2024 12:00,1,1,1
4405,02/07/2024 13:00,1,1,1
4406,02/07/2024 14:00,1,1,1
4407,02/07/2024 15:00,1,1,1
4408,02/07/2024 16:00,1,1,1
4409,02/07/2024 17:00,1,1,1
4410,02/07/2024 18:00,1,1,1
4411,02/07/2024 19:00,1,1,1
4412,02/07/2024 20:00,1,1,1
4413,02/07/2024 21:00,1,1,1
4414,02/07/2024 22:00,1,1,1
4415,02/07/2024 23:00,1,1,1
4416,03/07/2024 00:00,1,1,1
4417,03/07/2024 01:00,1,1,1
4418,03/07/2024 02:00,1,1,1
4419,03/07/2024 03:00,1,1,1
4420,03/07/2024 04:00,1,1,1
4421,03/07/2024 05:00,1,1,1
4422,03/07/2024 06:00,1,1,1
4423,03/07/2024 07:00,1,1,1
4424,03/07/2024 08:00,1,1,1
4425,03/07/2024 09:00,1,1,1
4426,03/07/2024 10:00,1,1,1
4427,03/07/2024 11:00,1,1,1
4428,03/07/2024 12:00,1,1,1
4429,03/07/2024 13:00,1,1,1
4430,03/07/2024 14:00,1,1,1
4431,03/07/2024 15:00,1,1,1
4432,03/07/2024 16:00,1,1,1
4433,03/07/2024 17:00,1,1,1
4434,03/07/2024 18:00,1,1,1
4435,03/07/2024 19:00,1,1,1
4436,03/07/2024 20:00,1,1,1
4437,03/07/2024 21:00,1,1,1
4438,03/07/2024 22:00,1,1,1
4439,03/07/2024 23:00,1,1,1
4440,04/07/2024 00:00,1,1,1
4441,04/07/2024 01:00,1,1,1
4442,04/07/2024 02:00,1,1,1
4443,04/07/2024 03:00,1,1,1
4444,04/07/2024 04:00,1,1,1
4445,04/07/2024 05:00,1,1,1
4446,04/07/2024 06:00,1,1,1
4447,04/07/2024 07:00,1,1,1
4448,04/07/2024 08:00,1,1,1
4449,04/07/2024 09:00,1,1,1
4450,04/07/2024 10:00,1,1,1
4451,04/07/2024 11:00,1,1,1
4452,04/07/2024 12:00,1,1,1
4453,04/07/2024 13:00,1,1,1
4454,04/07/2024 14:00,1,1,1
4455,04/07/2024 15:00,1,1,1
4456,04/07/2024 16:00,1,1,1
4457,04/07/2024 17:00,1,1,1
4458,04/07/2024 18:00,1,1,1
4459,04/07/2024 19:00,1,1,1
4460,04/07/2024 20:00,1,1,1
4461,04/07/2024 21:00,1,1,1
4462,04/07/2024 22:00,1,1,1
4463,04/07/2024 23:00,1,1,1
4464,05/07/2024 00:00,1,1,1
4465,05/07/2024 01:00,1,1,1
4466,05/07/2024 02:00,1,1,1
4467,05/07/2024 03:00,1,1,1
4468,05/07/2024 04:00,1,1,1
4469,05/07/2024 05:00,1,1,1
4470,05/07/2024 06:00,1,1,1
4471,05/07/2024 07:00,1,1,1
4472,05/07/2024 08:00,1,1,1
4473,05/07/2024 09:00,1,1,1
4474,05/07/2024 10:00,1,1,1
4475,05/07/2024 11:00,1,1,1
4476,05/07/2024 12:00,1,1,1
4477,05/07/2024 13:00,1,1,1
4478,05/07/2024 14:00,1,1,1
4479,05/07/2024 15:00,1,1,1
4480,05/07/2024 16:00,1,1,1
4481,05/07/2024 17:00,1,1,1
4482,05/07/2024 18:00,1,1,1
4483,05/07/2024 19:00,1,1,1
4484,05/07/2024 20:00,1,1,1
4485,05/07/2024 21:00,1,1,1
4486,05/07/2024 22:00,1,1,1
4487,05/07/2024 23:00,1,1,1
4488,06/07/2024 00:00,1,1,1
4489,06/07/2024 01:00,1,1,1
4490,06/07/2024 02:00,1,1,1
4491,06/07/2024 03:00,1,1,1
4492,06/07/2024 04:00,1,1,1
4493,06/07/2024 05:00,1,1,1
4494,06/07/2024 06:00,1,1,1
4495,06/07/2024 07:00,1,1,1
4496,06/07/2024 08:00,1,1,1
4497,06/07/2024 09:00,1,1,1
4498,06/07/2024 10:00,1,1,1
4499,06/07/2024 11:00,1,1,1
4500,06/07/2024 12:00,1,1,1
4501,06/07/2024 13:00,1,1,1
4502,06/07/2024 14:00,1,1,1
4503,06/07/2024 15:00,1,1,1
4504,06/07/2024 16:00,1,1,1
4505,06/07/2024 17:00,1,1,1
4506,06/07/2024 18:00,1,1,1
4507,06/07/2024 19:00,1,1,1
4508,06/07/2024 20:00,1,1,1
4509,06/07/2024 21:00,1,1,1
4510,06/07/2024 22:00,1,1,1
4511,06/07/2024 23:00,1,1,1
4512,07/07/2024 00:00,1,1,1
4513,07/07/2024 01:00,1,1,1
4514,07/07/2024 02:00,1,1,1
4515,07/07/2024 03:00,1,1,1
4516,07/07/2024 04:00,1,1,1
4517,07/07/2024 05:00,1,1,1
4518,07/07/2024 06:00,1,1,1
4519,07/07/2024 07:00,1,1,1
4520,07/07/2024 08:00,1,1,1
4521,07/07/2024 09:00,1,1,1
4522,07/07/2024 10:00,1,1,1
4523,07/07/2024 11:00,1,1,1
4524,07/07/2024 12:00,1,1,1
4525,07/07/2024 13:00,1,1,1
4526,07/07/2024 14:00,1,1,1
4527,07/07/2024 15:00,1,1,1
4528,07/07/2024 16:00,1,1,1
4529,07/07/2024 17:00,1,1,1
4530,07/07/2024 18:00,1,1,1
4531,07/07/2024 19:00,1,1,1
4532,07/07/2024 20:00,1,1,1
4533,07/07/2024 21:00,1,1,1
4534,07/07/2024 22:00,1,1,1
4535,07/07/2024 23:00,1,1,1
4536,08/07/2024 00:00,1,1,1
4537,08/07/2024 01:00,1,1,1
4538,08/07/2024 02:00,1,1,1
4539,08/07/2024 03:00,1,1,1
4540,08/07/2024 04:00,1,1,1
4541,08/07/2024 05:00,1,1,1
4542,08/07/2024 06:00,1,1,1
4543,08/07/2024 07:00,1,1,1
4544,08/07/2024 08:00,1,1,1
4545,08/07/2024 09:00,1,1,1
4546,08/07/2024 10:00,1,1,1
4547,08/07/2024 11:00,1,1,1
4548,08/07/2024 12:00,1,1,1
4549,08/07/2024 13:00,1,1,1
4550,08/07/2024 14:00,1,1,1
4551,08/07/2024 15:00,1,1,1
4552,08/07/2024 16:00,1,1,1
4553,08/07/2024 17:00,1,1,1
4554,08/07/2024 18:00,1,1,1
4555,08/07/2024 19:00,1,1,1
4556,08/07/2024 20:00,1,1,1
4557,08/07/2024 21:00,1,1,1
4558,08/07/2024 22:00,1,1,1
4559,08/07/2024 23:00,1,1,1
4560,09/07/2024 00:00,1,1,1
4561,09/07/2024 01:00,1,1,1
4562,09/07/2024 02:00,1,1,1
4563,09/07/2024 03:00,1,1,1
4564,09/07/2024 04:00,1,1,1
4565,09/07/2024 05:00,1,1,1
4566,09/07/2024 06:00,1,1,1
4567,09/07/2024 07:00,1,1,1
4568,09/07/2024 08:00,1,1,1
4569,09/07/2024 09:00,1,1,1
4570,09/07/2024 10:00,1,1,1
4571,09/07/2024 11:00,1,1,1
4572,09/07/2024 12:00,1,1,1
4573,09/07/2024 13:00,1,1,1
4574,09/07/2024 14:00,1,1,1
4575,09/07/2024 15:00,1,1,1
4576,09/07/2024 16:00,1,1,1
4577,09/07/2024 17:00,1,1,1
4578,09/07/2024 18:00,1,1,1
4579,09/07/2024 19:00,1,1,1
4580,09/07/2024 20:00,1,1,1
4581,09/07/2024 21:00,1,1,1
4582,09/07/2024 22:00,1,1,1
4583,09/07/2024 23:00,1,1,1
4584,10/07/2024 00:00,1,1,1
4585,10/07/2024 01:00,1,1,1
4586,10/07/2024 02:00,1,1,1
4587,10/07/2024 03:00,1,1,1
4588,10/07/2024 04:00,1,1,1
4589,10/07/2024 05:00,1,1,1
4590,10/07/2024 06:00,1,1,1
4591,10/07/2024 07:00,1,1,1
4592,10/07/2024 08:00,1,1,1
4593,10/07/2024 09:00,1,1,1
4594,10/07/2024 10:00,1,1,1
4595,10/07/2024 11:00,1,1,1
4596,10/07/2024 12:00,1,1,1
4597,10/07/2024 13:00,1,1,1
4598,10/07/2024 14:00,1,1,1
4599,10/07/2024 15:00,1,1,1
4600,10/07/2024 16:00,1,1,1
4601,10/07/2024 17:00,1,1,1
4602,10/07/2024 18:00,1,1,1
4603,10/07/2024 19:00,1,1,1
4604,10/07/2024 20:00,1,1,1
4605,10/07/2024 21:00,1,1,1
4606,10/07/2024 22:00,1,1,1
4607,10/07/2024 23:00,1,1,1
4608,11/07/2024 00:00,1,1,1
4609,11/07/2024 01:00,1,1,1
4610,11/07/2024 02:00,1,1,1
4611,11/07/2024 03:00,1,1,1
4612,11/07/2024 04:00,1,1,1
4613,11/07/2024 05:00,1,1,1
4614,11/07/2024 06:00,1,1,1
4615,11/07/2024 07:00,1,1,1
4616,11/07/2024 08:00,1,1,1
4617,11/07/2024 09:00,1,1,1
4618,11/07/2024 10:00,1,1,1
4619,11/07/2024 11:00,1,1,1
4620,11/07/2024 12:00,1,1,1
4621,11/07/2024 13:00,1,1,1
4622,11/07/2024 14:00,1,1,1
4623,11/07/2024 15:00,1,1,1
4624,11/07/2024 16:00,1,1,1
4625,11/07/2024 17:00,1,1,1
4626,11/07/2024 18:00,1,1,1
4627,11/07/2024 19:00,1,1,1
4628,11/07/2024 20:00,1,1,1
4629,11/07/2024 21:00,1,1,1
4630,11/07/2024 22:00,1,1,1
4631,11/07/2024 23:00,1,1,1
4632,12/07/2024 00:00,1,1,1
4633,12/07/2024 01:00,1,1,1
4634,12/07/2024 02:00,1,1,1
4635,12/07/2024 03:00,1,1,1
4636,12/07/2024 04:00,1,1,1
4637,12/07/2024 05:00,1,1,1
4638,12/07/2024 06:00,1,1,1
4639,12/07/2024 07:00,1,1,1
4640,12/07/2024 08:00,1,1,1
4641,12/07/2024 09:00,1,1,1
4642,12/07/2024 10:00,1,1,1
4643,12/07/2024 11:00,1,1,1
4644,12/07/2024 12:00,1,1,1
4645,12/07/2024 13:00,1,1,1
4646,12/07/2024 14:00,1,1,1
4647,12/07/2024 15:00,1,1,1
4648,12/07/2024 16:00,1,1,1
4649,12/07/2024 17:00,1,1,1
4650,12/07/2024 18:00,1,1,1
4651,12/07/2024 19:00,1,1,1
4652,12/07/2024 20:00,1,1,1
4653,12/07/2024 21:00,1,1,1
4654,12/07/2024 22:00,1,1,1
4655,12/07/2024 23:00,1,1,1
4656,13/07/2024 00:00,1,1,1
4657,13/07/2024 01:00,1,1,1
4658,13/07/2024 02:00,1,1,1
4659,13/07/2024 03:00,1,1,1
4660,13/07/2024 04:00,1,1,1
4661,13/07/2024 05:00,1,1,1
4662,13/07/2024 06:00,1,1,1
4663,13/07/2024 07:00,1,1,1
4664,13/07/2024 08:00,1,1,1
4665,13/07/2024 09:00,1,1,1
4666,13/07/2024 10:00,1,1,1
4667,13/07/2024 11:00,1,1,1
4668,13/07/2024 12:00,1,1,1
4669,13/07/2024 13:00,1,1,1
4670,13/07/2024 14:00,1,1,1
4671,13/07/2024 15:00,1,1,1
4672,13/07/2024 16:00,1,1,1
4673,13/07/2024 17:00,1,1,1
4674,13/07/2024 18:00,1,1,1
4675,13/07/2024 19:00,1,1,1
4676,13/07/2024 20:00,1,1,1
4677,13/07/2024 21:00,1,1,1
4678,13/07/2024 22:00,1,1,1
4679,13/07/2024 23:00,1,1,1
4680,14/07/2024 00:00,1,1,1
4681,14/07/2024 01:00,1,1,1
4682,14/07/2024 02:00,1,1,1
4683,14/07/2024 03:00,1,1,1
4684,14/07/2024 04:00,1,1,1
4685,14/07/2024 05:00,1,1,1
4686,14/07/2024 06:00,1,1,1
4687,14/07/2024 07:00,1,1,1
4688,14/07/2024 08:00,1,1,1
4689,14/07/2024 09:00,1,1,1
4690,14/07/2024 10:00,1,1,1
4691,14/07/2024 11:00,1,1,1
4692,14/07/2024 12:00,1,1,1
4693,14/07/2024 13:00,1,1,1
4694,14/07/2024 14:00,1,1,1
4695,14/07/2024 15:00,1,1,1
4696,14/07/2024 16:00,1,1,1
4697,14/07/2024 17:00,1,1,1
4698,14/07/2024 18:00,1,1,1
4699,14/07/2024 19:00,1,1,1
4700,14/07/2024 20:00,1,1,1
4701,14/07/2024 21:00,1,1,1
4702,14/07/2024 22:00,1,1,1
4703,14/07/2024 23:00,1,1,1
4704,15/07/2024 00:00,1,1,1
4705,15/07/2024 01:00,1,1,1
4706,15/07/2024 02:00,1,1,1
4707,15/07/2024 03:00,1,1,1
4708,15/07/2024 04:00,1,1,1
4709,15/07/2024 05:00,1,1,1
4710,15/07/2024 06:00,1,1,1
4711,15/07/2024 07:00,1,1,1
4712,15/07/2024 08:00,1,1,1
4713,15/07/2024 09:00,1,1,1
4714,15/07/2024 10:00,1,1,1
4715,15/07/2024 11:00,1,1,1
4716,15/07/2024 12:00,1,1,1
4717,15/07/2024 13:00,1,1,1
4718,15/07/2024 14:00,1,1,1
4719,15/07/2024 15:00,1,1,1
4720,15/07/2024 16:00,1,1,1
4721,15/07/2024 17:00,1,1,1
4722,15/07/2024 18:00,1,1,1
4723,15/07/2024 19:00,1,1,1
4724,15/07/2024 20:00,1,1,1
4725,15/07/2024 21:00,1,1,1
4726,15/07/2024 22:00,1,1,1
4727,15/07/2024 23:00,1,1,1
4728,16/07/2024 00:00,1,1,1
4729,16/07/2024 01:00,1,1,1
4730,16/07/2024 02:00,1,1,1
4731,16/07/2024 03:00,1,1,1
4732,16/07/2024 04:00,1,1,1
4733,16/07/2024 05:00,1,1,1
4734,16/07/2024 06:00,1,1,1
4735,16/07/2024 07:00,1,1,1
4736,16/07/2024 08:00,1,1,1
4737,16/07/2024 09:00,1,1,1
4738,16/07/2024 10:00,1,1,1
4739,16/07/2024 11:00,1,1,1
4740,16/07/2024 12:00,1,1,1
4741,16/07/2024 13:00,1,1,1
4742,16/07/2024 14:00,1,1,1
4743,16/07/2024 15:00,1,1,1
4744,16/07/2024 16:00,1,1,1
4745,16/07/2024 17:00,1,1,1
4746,16/07/2024 18:00,1,1,1
4747,16/07/2024 19:00,1,1,1
4748,16/07/2024 20:00,1,1,1
4749,16/07/2024 21:00,1,1,1
4750,16/07/2024 22:00,1,1,1
4751,16/07/2024 23:00,1,1,1
4752,17/07/2024 00:00,1,1,1
4753,17/07/2024 01:00,1,1,1
4754,17/07/2024 02:00,1,1,1
4755,17/07/2024 03:00,1,1,1
4756,17/07/2024 04:00,1,1,1
4757,17/07/2024 05:00,1,1,1
4758,17/07/2024 06:00,1,1,1
4759,17/07/2024 07:00,1,1,1
4760,17/07/2024 08:00,1,1,1
4761,17/07/2024 09:00,1,1,1
4762,17/07/2024 10:00,1,1,1
4763,17/07/2024 11:00,1,1,1
4764,17/07/2024 12:00,1,1,1
4765,17/07/2024 13:00,1,1,1
4766,17/07/2024 14:00,1,1,1
4767,17/07/2024 15:00,1,1,1
4768,17/07/2024 16:00,1,1,1
4769,17/07/2024 17:00,1,1,1
4770,17/07/2024 18:00,1,1,1
4771,17/07/2024 19:00,1,1,1
4772,17/07/2024 20:00,1,1,1
4773,17/07/2024 21:00,1,1,1
4774,17/07/2024 22:00,1,1,1
4775,17/07/2024 23:00,1,1,1
4776,18/07/2024 00:00,1,1,1
4777,18/07/2024 01:00,1,1,1
4778,18/07/2024 02:00,1,1,1
4779,18/07/2024 03:00,1,1,1
4780,18/07/2024 04:00,1,1,1
4781,18/07/2024 05:00,1,1,1
4782,18/07/2024 06:00,1,1,1
4783,18/07/2024 07:00,1,1,1
4784,18/07/2024 08:00,1,1,1
4785,18/07/2024 09:00,1,1,1
4786,18/07/2024 10:00,1,1,1
4787,18/07/2024 11:00,1,1,1
4788,18/07/2024 12:00,1,1,1
4789,18/07/2024 13:00,1,1,1
4790,18/07/2024 14:00,1,1,1
4791,18/07/2024 15:00,1,1,1
4792,18/07/2024 16:00,1,1,1
4793,18/07/2024 17:00,1,1,1
4794,18/07/2024 18:00,1,1,1
4795,18/07/2024 19:00,1,1,1
4796,18/07/2024 20:00,1,1,1
4797,18/07/2024 21:00,1,1,1
4798,18/07/2024 22:00,1,1,1
4799,18/07/2024 23:00,1,1,1
4800,19/07/2024 00:00,1,1,1
4801,19/07/2024 01:00,1,1,1
4802,19/07/2024 02:00,1,1,1
4803,19/07/2024 03:00,1,1,1
4804,19/07/2024 04:00,1,1,1
4805,19/07/2024 05:00,1,1,1
4806,19/07/2024 06:00,1,1,1
4807,19/07/2024 07:00,1,1,1
4808,19/07/2024 08:00,1,1,1
4809,19/07/2024 09:00,1,1,1
4810,19/07/2024 10:00,1,1,1
4811,19/07/2024 11:00,1,1,1
4812,19/07/2024 12:00,1,1,1
4813,19/07/2024 13:00,1,1,1
4814,19/07/2024 14:00,1,1,1
4815,19/07/2024 15:00,1,1,1
4816,19/07/2024 16:00,1,1,1
4817,19/07/2024 17:00,1,1,1
4818,19/07/2024 18:00,1,1,1
4819,19/07/2024 19:00,1,1,1
4820,19/07/2024 20:00,1,1,1
4821,19/07/2024 21:00,1,1,1
4822,19/07/2024 22:00,1,1,1
4823,19/07/2024 23:00,1,1,1
4824,20/07/2024 00:00,1,1,1
4825,20/07/2024 01:00,1,1,1
4826,20/07/2024 02:00,1,1,1
4827,20/07/2024 03:00,1,1,1
4828,20/07/2024 04:00,1,1,1
4829,20/07/2024 05:00,1,1,1
4830,20/07/2024 06:00,1,1,1
4831,20/07/2024 07:00,1,1,1
4832,20/07/2024 08:00,1,1,1
4833,20/07/2024 09:00,1,1,1
4834,20/07/2024 10:00,1,1,1
4835,20/07/2024 11:00,1,1,1
4836,20/07/2024 12:00,1,1,1
4837,20/07/2024 13:00,1,1,1
4838,20/07/2024 14:00,1,1,1
4839,20/07/2024 15:00,1,1,1
4840,20/07/2024 16:00,1,1,1
4841,20/07/2024 17:00,1,1,1
4842,20/07/2024 18:00,1,1,1
4843,20/07/2024 19:00,1,1,1
4844,20/07/2024 20:00,1,1,1
4845,20/07/2024 21:00,1,1,1
4846,20/07/2024 22:00,1,1,1
4847,20/07/2024 23:00,1,1,1
4848,21/07/2024 00:00,1,1,1
4849,21/07/2024 01:00,1,1,1
4850,21/07/2024 02:00,1,1,1
4851,21/07/2024 03:00,1,1,1
4852,21/07/2024 04:00,1,1,1
4853,21/07/2024 05:00,1,1,1
4854,21/07/2024 06:00,1,1,1
4855,21/07/2024 07:00,1,1,1
4856,21/07/2024 08:00,1,1,1
4857,21/07/2024 09:00,1,1,1
4858,21/07/2024 10:00,1,1,1
4859,21/07/2024 11:00,1,1,1
4860,21/07/2024 12:00,1,1,1
4861,21/07/2024 13:00,1,1,1
4862,21/07/2024 14:00,1,1,1
4863,21/07/2024 15:00,1,1,1
4864,21/07/2024 16:00,1,1,1
4865,21/07/2024 17:00,1,1,1
4866,21/07/2024 18:00,1,1,1
4867,21/07/2024 19:00,1,1,1
4868,21/07/2024 20:00,1,1,1
4869,21/07/2024 21:00,1,1,1
4870,21/07/2024 22:00,1,1,1
4871,21/07/2024 23:00,1,1,1
4872,22/07/2024 00:00,1,1,1
4873,22/07/2024 01:00,1,1,1
4874,22/07/2024 02:00,1,1,1
4875,22/07/2024 03:00,1,1,1
4876,22/07/2024 04:00,1,1,1
4877,22/07/2024 05:00,1,1,1
4878,22/07/2024 06:00,1,1,1
4879,22/07/2024 07:00,1,1,1
4880,22/07/2024 08:00,1,1,1
4881,22/07/2024 09:00,1,1,1
4882,22/07/2024 10:00,1,1,1
4883,22/07/2024 11:00,1,1,1
4884,22/07/2024 12:00,1,1,1
4885,22/07/2024 13:00,1,1,1
4886,22/07/2024 14:00,1,1,1
4887,22/07/2024 15:00,1,1,1
4888,22/07/2024 16:00,1,1,1
4889,22/07/2024 17:00,1,1,1
4890,22/07/2024 18:00,1,1,1
4891,22/07/2024 19:00,1,1,1
4892,22/07/2024 20:00,1,1,1
4893,22/07/2024 21:00,1,1,1
4894,22/07/2024 22:00,1,1,1
4895,22/07/2024 23:00,1,1,1
4896,23/07/2024 00:00,1,1,1
4897,23/07/2024 01:00,1,1,1
4898,23/07/2024 02:00,1,1,1
4899,23/07/2024 03:00,1,1,1
4900,23/07/2024 04:00,1,1,1
4901,23/07/2024 05:00,1,1,1
4902,23/07/2024 06:00,1,1,1
4903,23/07/2024 07:00,1,1,1
4904,23/07/2024 08:00,1,1,1
4905,23/07/2024 09:00,1,1,1
4906,23/07/2024 10:00,1,1,1
4907,23/07/2024 11:00,1,1,1
4908,23/07/2024 12:00,1,1,1
4909,23/07/2024 13:00,1,1,1
4910,23/07/2024 14:00,1,1,1
4911,23/07/2024 15:00,1,1,1
4912,23/07/2024 16:00,1,1,1
4913,23/07/2024 17:00,1,1,1
4914,23/07/2024 18:00,1,1,1
4915,23/07/2024 19:00,1,1,1
4916,23/07/2024 20:00,1,1,1
4917,23/07/2024 21:00,1,1,1
4918,23/07/2024 22:00,1,1,1
4919,23/07/2024 23:00,1,1,1
4920,24/07/2024 00:00,1,1,1
4921,24/07/2024 01:00,1,1,1
4922,24/07/2024 02:00,1,1,1
4923,24/07/2024 03:00,1,1,1
4924,24/07/2024 04:00,1,1,1
4925,24/07/2024 05:00,1,1,1
4926,24/07/2024 06:00,1,1,1
4927,24/07/2024 07:00,1,1,1
4928,24/07/2024 08:00,1,1,1
4929,24/07/2024 09:00,1,1,1
4930,24/07/2024 10:00,1,1,1
4931,24/07/2024 11:00,1,1,1
4932,24/07/2024 12:00,1,1,1
4933,24/07/2024 13:00,1,1,1
4934,24/07/2024 14:00,1,1,1
4935,24/07/2024 15:00,1,1,1
4936,24/07/2024 16:00,1,1,1
4937,24/07/2024 17:00,1,1,1
4938,24/07/2024 18:00,1,1,1
4939,24/07/2024 19:00,1,1,1
4940,24/07/2024 20:00,1,1,1
4941,24/07/2024 21:00,1,1,1
4942,24/07/2024 22:00,1,1,1
4943,24/07/2024 23:00,1,1,1
4944,25/07/2024 00:00,1,1,1
4945,25/07/2024 01:00,1,1,1
4946,25/07/2024 02:00,1,1,1
4947,25/07/2024 03:00,1,1,1
4948,25/07/2024 04:00,1,1,1
4949,25/07/2024 05:00,1,1,1
4950,25/07/2024 06:00,1,1,1
4951,25/07/2024 07:00,1,1,1
4952,25/07/2024 08:00,1,1,1
4953,25/07/2024 09:00,1,1,1
4954,25/07/2024 10:00,1,1,1
4955,25/07/2024 11:00,1,1,1
4956,25/07/2024 12:00,1,1,1
4957,25/07/2024 13:00,1,1,1
4958,25/07/2024 14:00,1,1,1
4959,25/07/2024 15:00,1,1,1
4960,25/07/2024 16:00,1,1,1
4961,25/07/2024 17:00,1,1,1
4962,25/07/2024 18:00,1,1,1
4963,25/07/2024 19:00,1,1,1
4964,25/07/2024 20:00,1,1,1
4965,25/07/2024 21:00,1,1,1
4966,25/07/2024 22:00,1,1,1
4967,25/07/2024 23:00,1,1,1
4968,26/07/2024 00:00,1,1,1
4969,26/07/2024 01:00,1,1,1
4970,26/07/2024 02:00,1,1,1
4971,26/07/2024 03:00,1,1,1
4972,26/07/2024 04:00,1,1,1
4973,26/07/2024 05:00,1,1,1
4974,26/07/2024 06:00,1,1,1
4975,26/07/2024 07:00,1,1,1
4976,26/07/2024 08:00,1,1,1
4977,26/07/2024 09:00,1,1,1
4978,26/07/2024 10:00,1,1,1
4979,26/07/2024 11:00,1,1,1
4980,26/07/2024 12:00,1,1,1
4981,26/07/2024 13:00,1,1,1
4982,26/07/2024 14:00,1,1,1
4983,26/07/2024 15:00,1,1,1
4984,26/07/2024 16:00,1,1,1
4985,26/07/2024 17:00,1,1,1
4986,26/07/2024 18:00,1,1,1
4987,26/07/2024 19:00,1,1,1
4988,26/07/2024 20:00,1,1,1
4989,26/07/2024 21:00,1,1,1
4990,26/07/2024 22:00,1,1,1
4991,26/07/2024 23:00,1,1,1
4992,27/07/2024 00:00,1,1,1
4993,27/07/2024 01:00,1,1,1
4994,27/07/2024 02:00,1,1,1
4995,27/07/2024 03:00,1,1,1
4996,27/07/2024 04:00,1,1,1
4997,27/07/2024 05:00,1,1,1
4998,27/07/2024 06:00,1,1,1
4999,27/07/2024 07:00,1,1,1
5000,27/07/2024 08:00,1,1,1
5001,27/07/2024 09:00,1,1,1
5002,27/07/2024 10:00,1,1,1
5003,27/07/2024 11:00,1,1,1
5004,27/07/2024 12:00,1,1,1
5005,27/07/2024 13:00,1,1,1
5006,27/07/2024 14:00,1,1,1
5007,27/07/2024 15:00,1,1,1
5008,27/07/2024 16:00,1,1,1
5009,27/07/2024 17:00,1,1,1
5010,27/07/2024 18:00,1,1,1
5011,27/07/2024 19:00,1,1,1
5012,27/07/2024 20:00,1,1,1
5013,27/07/2024 21:00,1,1,1
5014,27/07/2024 22:00,1,1,1
5015,27/07/2024 23:00,1,1,1
5016,28/07/2024 00:00,1,1,1
5017,28/07/2024 01:00,1,1,1
5018,28/07/2024 02:00,1,1,1
5019,28/07/2024 03:00,1,1,1
5020,28/07/2024 04:00,1,1,1
5021,28/07/2024 05:00,1,1,1
5022,28/07/2024 06:00,1,1,1
5023,28/07/2024 07:00,1,1,1
5024,28/07/2024 08:00,1,1,1
5025,28/07/2024 09:00,1,1,1
5026,28/07/2024 10:00,1,1,1
5027,28/07/2024 11:00,1,1,1
5028,28/07/2024 12:00,1,1,1
5029,28/07/2024 13:00,1,1,1
5030,28/07/2024 14:00,1,1,1
5031,28/07/2024 15:00,1,1,1
5032,28/07/2024 16:00,1,1,1
5033,28/07/2024 17:00,1,1,1
5034,28/07/2024 18:00,1,1,1
5035,28/07/2024 19:00,1,1,1
5036,28/07/2024 20:00,1,1,1
5037,28/07/2024 21:00,1,1,1
5038,28/07/2024 22:00,1,1,1
5039,28/07/2024 23:00,1,1,1
5040,29/07/2024 00:00,1,1,1
5041,29/07/2024 01:00,1,1,1
5042,29/07/2024 02:00,1,1,1
5043,29/07/2024 03:00,1,1,1
5044,29/07/2024 04:00,1,1,1
5045,29/07/2024 05:00,1,1,1
5046,29/07/2024 06:00,1,1,1
5047,29/07/2024 07:00,1,1,1
5048,29/07/2024 08:00,1,1,1
5049,29/07/2024 09:00,1,1,1
5050,29/07/2024 10:00,1,1,1
5051,29/07/2024 11:00,1,1,1
5052,29/07/2024 12:00,1,1,1
5053,29/07/2024 13:00,1,1,1
5054,29/07/2024 14:00,1,1,1
5055,29/07/2024 15:00,1,1,1
5056,29/07/2024 16:00,1,1,1
5057,29/07/2024 17:00,1,1,1
5058,29/07/2024 18:00,1,1,1
5059,29/07/2024 19:00,1,1,1
5060,29/07/2024 20:00,1,1,1
5061,29/07/2024 21:00,1,1,1
5062,29/07/2024 22:00,1,1,1
5063,29/07/2024 23:00,1,1,1
5064,30/07/2024 00:00,1,1,1
5065,30/07/2024 01:00,1,1,1
5066,30/07/2024 02:00,1,1,1
5067,30/07/2024 03:00,1,1,1
5068,30/07/2024 04:00,1,1,1
5069,30/07/2024 05:00,1,1,1
5070,30/07/2024 06:00,1,1,1
5071,30/07/2024 07:00,1,1,1
5072,30/07/2024 08:00,1,1,1
5073,30/07/2024 09:00,1,1,1
5074,30/07/2024 10:00,1,1,1
5075,30/07/2024 11:00,1,1,1
5076,30/07/2024 12:00,1,1,1
5077,30/07/2024 13:00,1,1,1
5078,30/07/2024 14:00,1,1,1
5079,30/07/2024 15:00,1,1,1
5080,30/07/2024 16:00,1,1,1
5081,30/07/2024 17:00,1,1,1
5082,30/07/2024 18:00,1,1,1
5083,30/07/2024 19:00,1,1,1
5084,30/07/2024 20:00,1,1,1
5085,30/07/2024 21:00,1,1,1
5086,30/07/2024 22:00,1,1,1
5087,30/07/2024 23:00,1,1,1
5088,31/07/2024 00:00,1,1,1
5089,31/07/2024 01:00,1,1,1
5090,31/07/2024 02:00,1,1,1
5091,31/07/2024 03:00,1,1,1
5092,31/07/2024 04:00,1,1,1
5093,31/07/2024 05:00,1,1,1
5094,31/07/2024 06:00,1,1,1
5095,31/07/2024 07:00,1,1,1
5096,31/07/2024 08:00,1,1,1
5097,31/07/2024 09:00,1,1,1
5098,31/07/2024 10:00,1,1,1
5099,31/07/2024 11:00,1,1,1
5100,31/07/2024 12:00,1,1,1
5101,31/07/2024 13:00,1,1,1
5102,31/07/2024 14:00,1,1,1
5103,31/07/2024 15:00,1,1,1
5104,31/07/2024 16:00,1,1,1
5105,31/07/2024 17:00,1,1,1
5106,31/07/2024 18:00,1,1,1
5107,31/07/2024 19:00,1,1,1
5108,31/07/2024 20:00,1,1,1
5109,31/07/2024 21:00,1,1,1
5110,31/07/2024 22:00,1,1,1
5111,31/07/2024 23:00,1,1,1
5112,01/08/2024 00:00,1,1,1
5113,01/08/2024 01:00,1,1,1
5114,01/08/2024 02:00,1,1,1
5115,01/08/2024 03:00,1,1,1
5116,01/08/2024 04:00,1,1,1
5117,01/08/2024 05:00,1,1,1
5118,01/08/2024 06:00,1,1,1
5119,01/08/2024 07:00,1,1,1
5120,01/08/2024 08:00,1,1,1
5121,01/08/2024 09:00,1,1,1
5122,01/08/2024 10:00,1,1,1
5123,01/08/2024 11:00,1,1,1
5124,01/08/2024 12:00,1,1,1
5125,01/08/2024 13:00,1,1,1
5126,01/08/2024 14:00,1,1,1
5127,01/08/2024 15:00,1,1,1
5128,01/08/2024 16:00,1,1,1
5129,01/08/2024 17:00,1,1,1
5130,01/08/2024 18:00,1,1,1
5131,01/08/2024 19:00,1,1,1
5132,01/08/2024 20:00,1,1,1
5133,01/08/2024 21:00,1,1,1
5134,01/08/2024 22:00,1,1,1
5135,01/08/2024 23:00,1,1,1
5136,02/08/2024 00:00,1,1,1
5137,02/08/2024 01:00,1,1,1
5138,02/08/2024 02:00,1,1,1
5139,02/08/2024 03:00,1,1,1
5140,02/08/2024 04:00,1,1,1
5141,02/08/2024 05:00,1,1,1
5142,02/08/2024 06:00,1,1,1
5143,02/08/2024 07:00,1,1,1
5144,02/08/2024 08:00,1,1,1
5145,02/08/2024 09:00,1,1,1
5146,02/08/2024 10:00,1,1,1
5147,02/08/2024 11:00,1,1,1
5148,02/08/2024 12:00,1,1,1
5149,02/08/2024 13:00,1,1,1
5150,02/08/2024 14:00,1,1,1
5151,02/08/2024 15:00,1,1,1
5152,02/08/2024 16:00,1,1,1
5153,02/08/2024 17:00,1,1,1
5154,02/08/2024 18:00,1,1,1
5155,02/08/2024 19:00,1,1,1
5156,02/08/2024 20:00,1,1,1
5157,02/08/2024 21:00,1,1,1
5158,02/08/2024 22:00,1,1,1
5159,02/08/2024 23:00,1,1,1
5160,03/08/2024 00:00,1,1,1
5161,03/08/2024 01:00,1,1,1
5162,03/08/2024 02:00,1,1,1
5163,03/08/2024 03:00,1,1,1
5164,03/08/2024 04:00,1,1,1
5165,03/08/2024 05:00,1,1,1
5166,03/08/2024 06:00,1,1,1
5167,03/08/2024 07:00,1,1,1
5168,03/08/2024 08:00,1,1,1
5169,03/08/2024 09:00,1,1,1
5170,03/08/2024 10:00,1,1,1
5171,03/08/2024 11:00,1,1,1
5172,03/08/2024 12:00,1,1,1
5173,03/08/2024 13:00,1,1,1
5174,03/08/2024 14:00,1,1,1
5175,03/08/2024 15:00,1,1,1
5176,03/08/2024 16:00,1,1,1
5177,03/08/2024 17:00,1,1,1
5178,03/08/2024 18:00,1,1,1
5179,03/08/2024 19:00,1,1,1
5180,03/08/2024 20:00,1,1,1
5181,03/08/2024 21:00,1,1,1
5182,03/08/2024 22:00,1,1,1
5183,03/08/2024 23:00,1,1,1
5184,04/08/2024 00:00,1,1,1
5185,04/08/2024 01:00,1,1,1
5186,04/08/2024 02:00,1,1,1
5187,04/08/2024 03:00,1,1,1
5188,04/08/2024 04:00,1,1,1
5189,04/08/2024 05:00,1,1,1
5190,04/08/2024 06:00,1,1,1
5191,04/08/2024 07:00,1,1,1
5192,04/08/2024 08:00,1,1,1
5193,04/08/2024 09:00,1,1,1
5194,04/08/2024 10:00,1,1,1
5195,04/08/2024 11:00,1,1,1
5196,04/08/2024 12:00,1,1,1
5197,04/08/2024 13:00,1,1,1
5198,04/08/2024 14:00,1,1,1
5199,04/08/2024 15:00,1,1,1
5200,04/08/2024 16:00,1,1,1
5201,04/08/2024 17:00,1,1,1
5202,04/08/2024 18:00,1,1,1
5203,04/08/2024 19:00,1,1,1
5204,04/08/2024 20:00,1,1,1
5205,04/08/2024 21:00,1,1,1
5206,04/08/2024 22:00,1,1,1
5207,04/08/2024 23:00,1,1,1
5208,05/08/2024 00:00,1,1,1
5209,05/08/2024 01:00,1,1,1
5210,05/08/2024 02:00,1,1,1
5211,05/08/2024 03:00,1,1,1
5212,05/08/2024 04:00,1,1,1
5213,05/08/2024 05:00,1,1,1
5214,05/08/2024 06:00,1,1,1
5215,05/08/2024 07:00,1,1,1
5216,05/08/2024 08:00,1,1,1
5217,05/08/2024 09:00,1,1,1
5218,05/08/2024 10:00,1,1,1
5219,05/08/2024 11:00,1,1,1
5220,05/08/2024 12:00,1,1,1
5221,05/08/2024 13:00,1,1,1
5222,05/08/2024 14:00,1,1,1
5223,05/08/2024 15:00,1,1,1
5224,05/08/2024 16:00,1,1,1
5225,05/08/2024 17:00,1,1,1
5226,05/08/2024 18:00,1,1,1
5227,05/08/2024 19:00,1,1,1
5228,05/08/2024 20:00,1,1,1
5229,05/08/2024 21:00,1,1,1
5230,05/08/2024 22:00,1,1,1
5231,05/08/2024 23:00,1,1,1
5232,06/08/2024 00:00,1,1,1
5233,06/08/2024 01:00,1,1,1
5234,06/08/2024 02:00,1,1,1
5235,06/08/2024 03:00,1,1,1
5236,06/08/2024 04:00,1,1,1
5237,06/08/2024 05:00,1,1,1
5238,06/08/2024 06:00,1,1,1
5239,06/08/2024 07:00,1,1,1
5240,06/08/2024 08:00,1,1,1
5241,06/08/2024 09:00,1,1,1
5242,06/08/2024 10:00,1,1,1
5243,06/08/2024 11:00,1,1,1
5244,06/08/2024 12:00,1,1,1
5245,06/08/2024 13:00,1,1,1
5246,06/08/2024 14:00,1,1,1
5247,06/08/2024 15:00,1,1,1
5248,06/08/2024 16:00,1,1,1
5249,06/08/2024 17:00,1,1,1
5250,06/08/2024 18:00,1,1,1
5251,06/08/2024 19:00,1,1,1
5252,06/08/2024 20:00,1,1,1
5253,06/08/2024 21:00,1,1,1
5254,06/08/2024 22:00,1,1,1
5255,06/08/2024 23:00,1,1,1
5256,07/08/2024 00:00,1,1,1
5257,07/08/2024 01:00,1,1,1
5258,07/08/2024 02:00,1,1,1
5259,07/08/2024 03:00,1,1,1
5260,07/08/2024 04:00,1,1,1
5261,07/08/2024 05:00,1,1,1
5262,07/08/2024 06:00,1,1,1
5263,07/08/2024 07:00,1,1,1
5264,07/08/2024 08:00,1,1,1
5265,07/08/2024 09:00,1,1,1
5266,07/08/2024 10:00,1,1,1
5267,07/08/2024 11:00,1,1,1
5268,07/08/2024 12:00,1,1,1
5269,07/08/2024 13:00,1,1,1
5270,07/08/2024 14:00,1,1,1
5271,07/08/2024 15:00,1,1,1
5272,07/08/2024 16:00,1,1,1
5273,07/08/2024 17:00,1,1,1
5274,07/08/2024 18:00,1,1,1
5275,07/08/2024 19:00,1,1,1
5276,07/08/2024 20:00,1,1,1
5277,07/08/2024 21:00,1,1,1
5278,07/08/2024 22:00,1,1,1
5279,07/08/2024 23:00,1,1,1
5280,08/08/2024 00:00,1,1,1
5281,08/08/2024 01:00,1,1,1
5282,08/08/2024 02:00,1,1,1
5283,08/08/2024 03:00,1,1,1
5284,08/08/2024 04:00,1,1,1
5285,08/08/2024 05:00,1,1,1
5286,08/08/2024 06:00,1,1,1
5287,08/08/2024 07:00,1,1,1
5288,08/08/2024 08:00,1,1,1
5289,08/08/2024 09:00,1,1,1
5290,08/08/2024 10:00,1,1,1
5291,08/08/2024 11:00,1,1,1
5292,08/08/2024 12:00,1,1,1
5293,08/08/2024 13:00,1,1,1
5294,08/08/2024 14:00,1,1,1
5295,08/08/2024 15:00,1,1,1
5296,08/08/2024 16:00,1,1,1
5297,08/08/2024 17:00,1,1,1
5298,08/08/2024 18:00,1,1,1
5299,08/08/2024 19:00,1,1,1
5300,08/08/2024 20:00,1,1,1
5301,08/08/2024 21:00,1,1,1
5302,08/08/2024 22:00,1,1,1
5303,08/08/2024 23:00,1,1,1
5304,09/08/2024 00:00,1,1,1
5305,09/08/2024 01:00,1,1,1
5306,09/08/2024 02:00,1,1,1
5307,09/08/2024 03:00,1,1,1
5308,09/08/2024 04:00,1,1,1
5309,09/08/2024 05:00,1,1,1
5310,09/08/2024 06:00,1,1,1
5311,09/08/2024 07:00,1,1,1
5312,09/08/2024 08:00,1,1,1
5313,09/08/2024 09:00,1,1,1
5314,09/08/2024 10:00,1,1,1
5315,09/08/2024 11:00,1,1,1
5316,09/08/2024 12:00,1,1,1
5317,09/08/2024 13:00,1,1,1
5318,09/08/2024 14:00,1,1,1
5319,09/08/2024 15:00,1,1,1
5320,09/08/2024 16:00,1,1,1
5321,09/08/2024 17:00,1,1,1
5322,09/08/2024 18:00,1,1,1
5323,09/08/2024 19:00,1,1,1
5324,09/08/2024 20:00,1,1,1
5325,09/08/2024 21:00,1,1,1
5326,09/08/2024 22:00,1,1,1
5327,09/08/2024 23:00,1,1,1
5328,10/08/2024 00:00,1,1,1
5329,10/08/2024 01:00,1,1,1
5330,10/08/2024 02:00,1,1,1
5331,10/08/2024 03:00,1,1,1
5332,10/08/2024 04:00,1,1,1
5333,10/08/2024 05:00,1,1,1
5334,10/08/2024 06:00,1,1,1
5335,10/08/2024 07:00,1,1,1
5336,10/08/2024 08:00,1,1,1
5337,10/08/2024 09:00,1,1,1
5338,10/08/2024 10:00,1,1,1
5339,10/08/2024 11:00,1,1,1
5340,10/08/2024 12:00,1,1,1
5341,10/08/2024 13:00,1,1,1
5342,10/08/2024 14:00,1,1,1
5343,10/08/2024 15:00,1,1,1
5344,10/08/2024 16:00,1,1,1
5345,10/08/2024 17:00,1,1,1
5346,10/08/2024 18:00,1,1,1
5347,10/08/2024 19:00,1,1,1
5348,10/08/2024 20:00,1,1,1
5349,10/08/2024 21:00,1,1,1
5350,10/08/2024 22:00,1,1,1
5351,10/08/2024 23:00,1,1,1
5352,11/08/2024 00:00,1,1,1
5353,11/08/2024 01:00,1,1,1
5354,11/08/2024 02:00,1,1,1
5355,11/08/2024 03:00,1,1,1
5356,11/08/2024 04:00,1,1,1
5357,11/08/2024 05:00,1,1,1
5358,11/08/2024 06:00,1,1,1
5359,11/08/2024 07:00,1,1,1
5360,11/08/2024 08:00,1,1,1
5361,11/08/2024 09:00,1,1,1
5362,11/08/2024 10:00,1,1,1
5363,11/08/2024 11:00,1,1,1
5364,11/08/2024 12:00,1,1,1
5365,11/08/2024 13:00,1,1,1
5366,11/08/2024 14:00,1,1,1
5367,11/08/2024 15:00,1,1,1
5368,11/08/2024 16:00,1,1,1
5369,11/08/2024 17:00,1,1,1
5370,11/08/2024 18:00,1,1,1
5371,11/08/2024 19:00,1,1,1
5372,11/08/2024 20:00,1,1,1
5373,11/08/2024 21:00,1,1,1
5374,11/08/2024 22:00,1,1,1
5375,11/08/2024 23:00,1,1,1
5376,12/08/2024 00:00,1,1,1
5377,12/08/2024 01:00,1,1,1
5378,12/08/2024 02:00,1,1,1
5379,12/08/2024 03:00,1,1,1
5380,12/08/2024 04:00,1,1,1
5381,12/08/2024 05:00,1,1,1
5382,12/08/2024 06:00,1,1,1
5383,12/08/2024 07:00,1,1,1
5384,12/08/2024 08:00,1,1,1
5385,12/08/2024 09:00,1,1,1
5386,12/08/2024 10:00,1,1,1
5387,12/08/2024 11:00,1,1,1
5388,12/08/2024 12:00,1,1,1
5389,12/08/2024 13:00,1,1,1
5390,12/08/2024 14:00,1,1,1
5391,12/08/2024 15:00,1,1,1
5392,12/08/2024 16:00,1,1,1
5393,12/08/2024 17:00,1,1,1
5394,12/08/2024 18:00,1,1,1
5395,12/08/2024 19:00,1,1,1
5396,12/08/2024 20:00,1,1,1
5397,12/08/2024 21:00,1,1,1
5398,12/08/2024 22:00,1,1,1
5399,12/08/2024 23:00,1,1,1
5400,13/08/2024 00:00,1,1,1
5401,13/08/2024 01:00,1,1,1
5402,13/08/2024 02:00,1,1,1
5403,13/08/2024 03:00,1,1,1
5404,13/08/2024 04:00,1,1,1
5405,13/08/2024 05:00,1,1,1
5406,13/08/2024 06:00,1,1,1
5407,13/08/2024 07:00,1,1,1
5408,13/08/2024 08:00,1,1,1
5409,13/08/2024 09:00,1,1,1
5410,13/08/2024 10:00,1,1,1
5411,13/08/2024 11:00,1,1,1
5412,13/08/2024 12:00,1,1,1
5413,13/08/2024 13:00,1,1,1
5414,13/08/2024 14:00,1,1,1
5415,13/08/2024 15:00,1,1,1
5416,13/08/2024 16:00,1,1,1
5417,13/08/2024 17:00,1,1,1
5418,13/08/2024 18:00,1,1,1
5419,13/08/2024 19:00,1,1,1
5420,13/08/2024 20:00,1,1,1
5421,13/08/2024 21:00,1,1,1
5422,13/08/2024 22:00,1,1,1
5423,13/08/2024 23:00,1,1,1
5424,14/08/2024 00:00,1,1,1
5425,14/08/2024 01:00,1,1,1
5426,14/08/2024 02:00,1,1,1
5427,14/08/2024 03:00,1,1,1
5428,14/08/2024 04:00,1,1,1
5429,14/08/2024 05:00,1,1,1
5430,14/08/2024 06:00,1,1,1
5431,14/08/2024 07:00,1,1,1
5432,14/08/2024 08:00,1,1,1
5433,14/08/2024 09:00,1,1,1
5434,14/08/2024 10:00,1,1,1
5435,14/08/2024 11:00,1,1,1
5436,14/08/2024 12:00,1,1,1
5437,14/08/2024 13:00,1,1,1
5438,14/08/2024 14:00,1,1,1
5439,14/08/2024 15:00,1,1,1
5440,14/08/2024 16:00,1,1,1
5441,14/08/2024 17:00,1,1,1
5442,14/08/2024 18:00,1,1,1
5443,14/08/2024 19:00,1,1,1
5444,14/08/2024 20:00,1,1,1
5445,14/08/2024 21:00,1,1,1
5446,14/08/2024 22:00,1,1,1
5447,14/08/2024 23:00,1,1,1
5448,15/08/2024 00:00,1,1,1
5449,15/08/2024 01:00,1,1,1
5450,15/08/2024 02:00,1,1,1
5451,15/08/2024 03:00,1,1,1
5452,15/08/2024 04:00,1,1,1
5453,15/08/2024 05:00,1,1,1
5454,15/08/2024 06:00,1,1,1
5455,15/08/2024 07:00,1,1,1
5456,15/08/2024 08:00,1,1,1
5457,15/08/2024 09:00,1,1,1
5458,15/08/2024 10:00,1,1,1
5459,15/08/2024 11:00,1,1,1
5460,15/08/2024 12:00,1,1,1
5461,15/08/2024 13:00,1,1,1
5462,15/08/2024 14:00,1,1,1
5463,15/08/2024 15:00,1,1,1
5464,15/08/2024 16:00,1,1,1
5465,15/08/2024 17:00,1,1,1
5466,15/08/2024 18:00,1,1,1
5467,15/08/2024 19:00,1,1,1
5468,15/08/2024 20:00,1,1,1
5469,15/08/2024 21:00,1,1,1
5470,15/08/2024 22:00,1,1,1
5471,15/08/2024 23:00,1,1,1
5472,16/08/2024 00:00,1,1,1
5473,16/08/2024 01:00,1,1,1
5474,16/08/2024 02:00,1,1,1
5475,16/08/2024 03:00,1,1,1
5476,16/08/2024 04:00,1,1,1
5477,16/08/2024 05:00,1,1,1
5478,16/08/2024 06:00,1,1,1
5479,16/08/2024 07:00,1,1,1
5480,16/08/2024 08:00,1,1,1
5481,16/08/2024 09:00,1,1,1
5482,16/08/2024 10:00,1,1,1
5483,16/08/2024 11:00,1,1,1
5484,16/08/2024 12:00,1,1,1
5485,16/08/2024 13:00,1,1,1
5486,16/08/2024 14:00,1,1,1
5487,16/08/2024 15:00,1,1,1
5488,16/08/2024 16:00,1,1,1
5489,16/08/2024 17:00,1,1,1
5490,16/08/2024 18:00,1,1,1
5491,16/08/2024 19:00,1,1,1
5492,16/08/2024 20:00,1,1,1
5493,16/08/2024 21:00,1,1,1
5494,16/08/2024 22:00,1,1,1
5495,16/08/2024 23:00,1,1,1
5496,17/08/2024 00:00,1,1,1
5497,17/08/2024 01:00,1,1,1
5498,17/08/2024 02:00,1,1,1
5499,17/08/2024 03:00,1,1,1
5500,17/08/2024 04:00,1,1,1
5501,17/08/2024 05:00,1,1,1
5502,17/08/2024 06:00,1,1,1
5503,17/08/2024 07:00,1,1,1
5504,17/08/2024 08:00,1,1,1
5505,17/08/2024 09:00,1,1,1
5506,17/08/2024 10:00,1,1,1
5507,17/08/2024 11:00,1,1,1
5508,17/08/2024 12:00,1,1,1
5509,17/08/2024 13:00,1,1,1
5510,17/08/2024 14:00,1,1,1
5511,17/08/2024 15:00,1,1,1
5512,17/08/2024 16:00,1,1,1
5513,17/08/2024 17:00,1,1,1
5514,17/08/2024 18:00,1,1,1
5515,17/08/2024 19:00,1,1,1
5516,17/08/2024 20:00,1,1,1
5517,17/08/2024 21:00,1,1,1
5518,17/08/2024 22:00,1,1,1
5519,17/08/2024 23:00,1,1,1
5520,18/08/2024 00:00,1,1,1
5521,18/08/2024 01:00,1,1,1
5522,18/08/2024 02:00,1,1,1
5523,18/08/2024 03:00,1,1,1
5524,18/08/2024 04:00,1,1,1
5525,18/08/2024 05:00,1,1,1
5526,18/08/2024 06:00,1,1,1
5527,18/08/2024 07:00,1,1,1
5528,18/08/2024 08:00,1,1,1
5529,18/08/2024 09:00,1,1,1
5530,18/08/2024 10:00,1,1,1
5531,18/08/2024 11:00,1,1,1
5532,18/08/2024 12:00,1,1,1
5533,18/08/2024 13:00,1,1,1
5534,18/08/2024 14:00,1,1,1
5535,18/08/2024 15:00,1,1,1
5536,18/08/2024 16:00,1,1,1
5537,18/08/2024 17:00,1,1,1
5538,18/08/2024 18:00,1,1,1
5539,18/08/2024 19:00,1,1,1
5540,18/08/2024 20:00,1,1,1
5541,18/08/2024 21:00,1,1,1
5542,18/08/2024 22:00,1,1,1
5543,18/08/2024 23:00,1,1,1
5544,19/08/2024 00:00,1,1,1
5545,19/08/2024 01:00,1,1,1
5546,19/08/2024 02:00,1,1,1
5547,19/08/2024 03:00,1,1,1
5548,19/08/2024 04:00,1,1,1
5549,19/08/2024 05:00,1,1,1
5550,19/08/2024 06:00,1,1,1
5551,19/08/2024 07:00,1,1,1
5552,19/08/2024 08:00,1,1,1
5553,19/08/2024 09:00,1,1,1
5554,19/08/2024 10:00,1,1,1
5555,19/08/2024 11:00,1,1,1
5556,19/08/2024 12:00,1,1,1
5557,19/08/2024 13:00,1,1,1
5558,19/08/2024 14:00,1,1,1
5559,19/08/2024 15:00,1,1,1
5560,19/08/2024 16:00,1,1,1
5561,19/08/2024 17:00,1,1,1
5562,19/08/2024 18:00,1,1,1
5563,19/08/2024 19:00,1,1,1
5564,19/08/2024 20:00,1,1,1
5565,19/08/2024 21:00,1,1,1
5566,19/08/2024 22:00,1,1,1
5567,19/08/2024 23:00,1,1,1
5568,20/08/2024 00:00,1,1,1
5569,20/08/2024 01:00,1,1,1
5570,20/08/2024 02:00,1,1,1
5571,20/08/2024 03:00,1,1,1
5572,20/08/2024 04:00,1,1,1
5573,20/08/2024 05:00,1,1,1
5574,20/08/2024 06:00,1,1,1
5575,20/08/2024 07:00,1,1,1
5576,20/08/2024 08:00,1,1,1
5577,20/08/2024 09:00,1,1,1
5578,20/08/2024 10:00,1,1,1
5579,20/08/2024 11:00,1,1,1
5580,20/08/2024 12:00,1,1,1
5581,20/08/2024 13:00,1,1,1
5582,20/08/2024 14:00,1,1,1
5583,20/08/2024 15:00,1,1,1
5584,20/08/2024 16:00,1,1,1
5585,20/08/2024 17:00,1,1,1
5586,20/08/2024 18:00,1,1,1
5587,20/08/2024 19:00,1,1,1
5588,20/08/2024 20:00,1,1,1
5589,20/08/2024 21:00,1,1,1
5590,20/08/2024 22:00,1,1,1
5591,20/08/2024 23:00,1,1,1
5592,21/08/2024 00:00,1,1,1
5593,21/08/2024 01:00,1,1,1
5594,21/08/2024 02:00,1,1,1
5595,21/08/2024 03:00,1,1,1
5596,21/08/2024 04:00,1,1,1
5597,21/08/2024 05:00,1,1,1
5598,21/08/2024 06:00,1,1,1
5599,21/08/2024 07:00,1,1,1
5600,21/08/2024 08:00,1,1,1
5601,21/08/2024 09:00,1,1,1
5602,21/08/2024 10:00,1,1,1
5603,21/08/2024 11:00,1,1,1
5604,21/08/2024 12:00,1,1,1
5605,21/08/2024 13:00,1,1,1
5606,21/08/2024 14:00,1,1,1
5607,21/08/2024 15:00,1,1,1
5608,21/08/2024 16:00,1,1,1
5609,21/08/2024 17:00,1,1,1
5610,21/08/2024 18:00,1,1,1
5611,21/08/2024 19:00,1,1,1
5612,21/08/2024 20:00,1,1,1
5613,21/08/2024 21:00,1,1,1
5614,21/08/2024 22:00,1,1,1
5615,21/08/2024 23:00,1,1,1
5616,22/08/2024 00:00,1,1,1
5617,22/08/2024 01:00,1,1,1
5618,22/08/2024 02:00,1,1,1
5619,22/08/2024 03:00,1,1,1
5620,22/08/2024 04:00,1,1,1
5621,22/08/2024 05:00,1,1,1
5622,22/08/2024 06:00,1,1,1
5623,22/08/2024 07:00,1,1,1
5624,22/08/2024 08:00,1,1,1
5625,22/08/2024 09:00,1,1,1
5626,22/08/2024 10:00,1,1,1
5627,22/08/2024 11:00,1,1,1
5628,22/08/2024 12:00,1,1,1
5629,22/08/2024 13:00,1,1,1
5630,22/08/2024 14:00,1,1,1
5631,22/08/2024 15:00,1,1,1
5632,22/08/2024 16:00,1,1,1
5633,22/08/2024 17:00,1,1,1
5634,22/08/2024 18:00,1,1,1
5635,22/08/2024 19:00,1,1,1
5636,22/08/2024 20:00,1,1,1
5637,22/08/2024 21:00,1,1,1
5638,22/08/2024 22:00,1,1,1
5639,22/08/2024 23:00,1,1,1
5640,23/08/2024 00:00,1,1,1
5641,23/08/2024 01:00,1,1,1
5642,23/08/2024 02:00,1,1,1
5643,23/08/2024 03:00,1,1,1
5644,23/08/2024 04:00,1,1,1
5645,23/08/2024 05:00,1,1,1
5646,23/08/2024 06:00,1,1,1
5647,23/08/2024 07:00,1,1,1
5648,23/08/2024 08:00,1,1,1
5649,23/08/2024 09:00,1,1,1
5650,23/08/2024 10:00,1,1,1
5651,23/08/2024 11:00,1,1,1
5652,23/08/2024 12:00,1,1,1
5653,23/08/2024 13:00,1,1,1
5654,23/08/2024 14:00,1,1,1
5655,23/08/2024 15:00,1,1,1
5656,23/08/2024 16:00,1,1,1
5657,23/08/2024 17:00,1,1,1
5658,23/08/2024 18:00,1,1,1
5659,23/08/2024 19:00,1,1,1
5660,23/08/2024 20:00,1,1,1
5661,23/08/2024 21:00,1,1,1
5662,23/08/2024 22:00,1,1,1
5663,23/08/2024 23:00,1,1,1
5664,24/08/2024 00:00,1,1,1
5665,24/08/2024 01:00,1,1,1
5666,24/08/2024 02:00,1,1,1
5667,24/08/2024 03:00,1,1,1
5668,24/08/2024 04:00,1,1,1
5669,24/08/2024 05:00,1,1,1
5670,24/08/2024 06:00,1,1,1
5671,24/08/2024 07:00,1,1,1
5672,24/08/2024 08:00,1,1,1
5673,24/08/2024 09:00,1,1,1
5674,24/08/2024 10:00,1,1,1
5675,24/08/2024 11:00,1,1,1
5676,24/08/2024 12:00,1,1,1
5677,24/08/2024 13:00,1,1,1
5678,24/08/2024 14:00,1,1,1
5679,24/08/2024 15:00,1,1,1
5680,24/08/2024 16:00,1,1,1
5681,24/08/2024 17:00,1,1,1
5682,24/08/2024 18:00,1,1,1
5683,24/08/2024 19:00,1,1,1
5684,24/08/2024 20:00,1,1,1
5685,24/08/2024 21:00,1,1,1
5686,24/08/2024 22:00,1,1,1
5687,24/08/2024 23:00,1,1,1
5688,25/08/2024 00:00,1,1,1
5689,25/08/2024 01:00,1,1,1
5690,25/08/2024 02:00,1,1,1
5691,25/08/2024 03:00,1,1,1
5692,25/08/2024 04:00,1,1,1
5693,25/08/2024 05:00,1,1,1
5694,25/08/2024 06:00,1,1,1
5695,25/08/2024 07:00,1,1,1
5696,25/08/2024 08:00,1,1,1
5697,25/08/2024 09:00,1,1,1
5698,25/08/2024 10:00,1,1,1
5699,25/08/2024 11:00,1,1,1
5700,25/08/2024 12:00,1,1,1
5701,25/08/2024 13:00,1,1,1
5702,25/08/2024 14:00,1,1,1
5703,25/08/2024 15:00,1,1,1
5704,25/08/2024 16:00,1,1,1
5705,25/08/2024 17:00,1,1,1
5706,25/08/2024 18:00,1,1,1
5707,25/08/2024 19:00,1,1,1
5708,25/08/2024 20:00,1,1,1
5709,25/08/2024 21:00,1,1,1
5710,25/08/2024 22:00,1,1,1
5711,25/08/2024 23:00,1,1,1
5712,26/08/2024 00:00,1,1,1
5713,26/08/2024 01:00,1,1,1
5714,26/08/2024 02:00,1,1,1
5715,26/08/2024 03:00,1,1,1
5716,26/08/2024 04:00,1,1,1
5717,26/08/2024 05:00,1,1,1
5718,26/08/2024 06:00,1,1,1
5719,26/08/2024 07:00,1,1,1
5720,26/08/2024 08:00,1,1,1
5721,26/08/2024 09:00,1,1,1
5722,26/08/2024 10:00,1,1,1
5723,26/08/2024 11:00,1,1,1
5724,26/08/2024 12:00,1,1,1
5725,26/08/2024 13:00,1,1,1
5726,26/08/2024 14:00,1,1,1
5727,26/08/2024 15:00,1,1,1
5728,26/08/2024 16:00,1,1,1
5729,26/08/2024 17:00,1,1,1
5730,26/08/2024 18:00,1,1,1
5731,26/08/2024 19:00,1,1,1
5732,26/08/2024 20:00,1,1,1
5733,26/08/2024 21:00,1,1,1
5734,26/08/2024 22:00,1,1,1
5735,26/08/2024 23:00,1,1,1
5736,27/08/2024 00:00,1,1,1
5737,27/08/2024 01:00,1,1,1
5738,27/08/2024 02:00,1,1,1
5739,27/08/2024 03:00,1,1,1
5740,27/08/2024 04:00,1,1,1
5741,27/08/2024 05:00,1,1,1
5742,27/08/2024 06:00,1,1,1
5743,27/08/2024 07:00,1,1,1
5744,27/08/2024 08:00,1,1,1
5745,27/08/2024 09:00,1,1,1
5746,27/08/2024 10:00,1,1,1
5747,27/08/2024 11:00,1,1,1
5748,27/08/2024 12:00,1,1,1
5749,27/08/2024 13:00,1,1,1
5750,27/08/2024 14:00,1,1,1
5751,27/08/2024 15:00,1,1,1
5752,27/08/2024 16:00,1,1,1
5753,27/08/2024 17:00,1,1,1
5754,27/08/2024 18:00,1,1,1
5755,27/08/2024 19:00,1,1,1
5756,27/08/2024 20:00,1,1,1
5757,27/08/2024 21:00,1,1,1
5758,27/08/2024 22:00,1,1,1
5759,27/08/2024 23:00,1,1,1
5760,28/08/2024 00:00,1,1,1
5761,28/08/2024 01:00,1,1,1
5762,28/08/2024 02:00,1,1,1
5763,28/08/2024 03:00,1,1,1
5764,28/08/2024 04:00,1,1,1
5765,28/08/2024 05:00,1,1,1
5766,28/08/2024 06:00,1,1,1
5767,28/08/2024 07:00,1,1,1
5768,28/08/2024 08:00,1,1,1
5769,28/08/2024 09:00,1,1,1
5770,28/08/2024 10:00,1,1,1
5771,28/08/2024 11:00,1,1,1
5772,28/08/2024 12:00,1,1,1
5773,28/08/2024 13:00,1,1,1
5774,28/08/2024 14:00,1,1,1
5775,28/08/2024 15:00,1,1,1
5776,28/08/2024 16:00,1,1,1
5777,28/08/2024 17:00,1,1,1
5778,28/08/2024 18:00,1,1,1
5779,28/08/2024 19:00,1,1,1
5780,28/08/2024 20:00,1,1,1
5781,28/08/2024 21:00,1,1,1
5782,28/08/2024 22:00,1,1,1
5783,28/08/2024 23:00,1,1,1
5784,29/08/2024 00:00,1,1,1
5785,29/08/2024 01:00,1,1,1
5786,29/08/2024 02:00,1,1,1
5787,29/08/2024 03:00,1,1,1
5788,29/08/2024 04:00,1,1,1
5789,29/08/2024 05:00,1,1,1
5790,29/08/2024 06:00,1,1,1
5791,29/08/2024 07:00,1,1,1
5792,29/08/2024 08:00,1,1,1
5793,29/08/2024 09:00,1,1,1
5794,29/08/2024 10:00,1,1,1
5795,29/08/2024 11:00,1,1,1
5796,29/08/2024 12:00,1,1,1
5797,29/08/2024 13:00,1,1,1
5798,29/08/2024 14:00,1,1,1
5799,29/08/2024 15:00,1,1,1
5800,29/08/2024 16:00,1,1,1
5801,29/08/2024 17:00,1,1,1
5802,29/08/2024 18:00,1,1,1
5803,29/08/2024 19:00,1,1,1
5804,29/08/2024 20:00,1,1,1
5805,29/08/2024 21:00,1,1,1
5806,29/08/2024 22:00,1,1,1
5807,29/08/2024 23:00,1,1,1
5808,30/08/2024 00:00,1,1,1
5809,30/08/2024 01:00,1,1,1
5810,30/08/2024 02:00,1,1,1
5811,30/08/2024 03:00,1,1,1
5812,30/08/2024 04:00,1,1,1
5813,30/08/2024 05:00,1,1,1
5814,30/08/2024 06:00,1,1,1
5815,30/08/2024 07:00,1,1,1
5816,30/08/2024 08:00,1,1,1
5817,30/08/2024 09:00,1,1,1
5818,30/08/2024 10:00,1,1,1
5819,30/08/2024 11:00,1,1,1
5820,30/08/2024 12:00,1,1,1
5821,30/08/2024 13:00,1,1,1
5822,30/08/2024 14:00,1,1,1
5823,30/08/2024 15:00,1,1,1
5824,30/08/2024 16:00,1,1,1
5825,30/08/2024 17:00,1,1,1
5826,30/08/2024 18:00,1,1,1
5827,30/08/2024 19:00,1,1,1
5828,30/08/2024 20:00,1,1,1
5829,30/08/2024 21:00,1,1,1
5830,30/08/2024 22:00,1,1,1
5831,30/08/2024 23:00,1,1,1
5832,31/08/2024 00:00,1,1,1
5833,31/08/2024 01:00,1,1,1
5834,31/08/2024 02:00,1,1,1
5835,31/08/2024 03:00,1,1,1
5836,31/08/2024 04:00,1,1,1
5837,31/08/2024 05:00,1,1,1
5838,31/08/2024 06:00,1,1,1
5839,31/08/2024 07:00,1,1,1
5840,31/08/2024 08:00,1,1,1
5841,31/08/2024 09:00,1,1,1
5842,31/08/2024 10:00,1,1,1
5843,31/08/2024 11:00,1,1,1
5844,31/08/2024 12:00,1,1,1
5845,31/08/2024 13:00,1,1,1
5846,31/08/2024 14:00,1,1,1
5847,31/08/2024 15:00,1,1,1
5848,31/08/2024 16:00,1,1,1
5849,31/08/2024 17:00,1,1,1
5850,31/08/2024 18:00,1,1,1
5851,31/08/2024 19:00,1,1,1
5852,31/08/2024 20:00,1,1,1
5853,31/08/2024 21:00,1,1,1
5854,31/08/2024 22:00,1,1,1
5855,31/08/2024 23:00,1,1,1
5856,01/09/2024 00:00,1,1,1
5857,01/09/2024 01:00,1,1,1
5858,01/09/2024 02:00,1,1,1
5859,01/09/2024 03:00,1,1,1
5860,01/09/2024 04:00,1,1,1
5861,01/09/2024 05:00,1,1,1
5862,01/09/2024 06:00,1,1,1
5863,01/09/2024 07:00,1,1,1
5864,01/09/2024 08:00,1,1,1
5865,01/09/2024 09:00,1,1,1
5866,01/09/2024 10:00,1,1,1
5867,01/09/2024 11:00,1,1,1
5868,01/09/2024 12:00,1,1,1
5869,01/09/2024 13:00,1,1,1
5870,01/09/2024 14:00,1,1,1
5871,01/09/2024 15:00,1,1,1
5872,01/09/2024 16:00,1,1,1
5873,01/09/2024 17:00,1,1,1
5874,01/09/2024 18:00,1,1,1
5875,01/09/2024 19:00,1,1,1
5876,01/09/2024 20:00,1,1,1
5877,01/09/2024 21:00,1,1,1
5878,01/09/2024 22:00,1,1,1
5879,01/09/2024 23:00,1,1,1
5880,02/09/2024 00:00,1,1,1
5881,02/09/2024 01:00,1,1,1
5882,02/09/2024 02:00,1,1,1
5883,02/09/2024 03:00,1,1,1
5884,02/09/2024 04:00,1,1,1
5885,02/09/2024 05:00,1,1,1
5886,02/09/2024 06:00,1,1,1
5887,02/09/2024 07:00,1,1,1
5888,02/09/2024 08:00,1,1,1
5889,02/09/2024 09:00,1,1,1
5890,02/09/2024 10:00,1,1,1
5891,02/09/2024 11:00,1,1,1
5892,02/09/2024 12:00,1,1,1
5893,02/09/2024 13:00,1,1,1
5894,02/09/2024 14:00,1,1,1
5895,02/09/2024 15:00,1,1,1
5896,02/09/2024 16:00,1,1,1
5897,02/09/2024 17:00,1,1,1
5898,02/09/2024 18:00,1,1,1
5899,02/09/2024 19:00,1,1,1
5900,02/09/2024 20:00,1,1,1
5901,02/09/2024 21:00,1,1,1
5902,02/09/2024 22:00,1,1,1
5903,02/09/2024 23:00,1,1,1
5904,03/09/2024 00:00,1,1,1
5905,03/09/2024 01:00,1,1,1
5906,03/09/2024 02:00,1,1,1
5907,03/09/2024 03:00,1,1,1
5908,03/09/2024 04:00,1,1,1
5909,03/09/2024 05:00,1,1,1
5910,03/09/2024 06:00,1,1,1
5911,03/09/2024 07:00,1,1,1
5912,03/09/2024 08:00,1,1,1
5913,03/09/2024 09:00,1,1,1
5914,03/09/2024 10:00,1,1,1
5915,03/09/2024 11:00,1,1,1
5916,03/09/2024 12:00,1,1,1
5917,03/09/2024 13:00,1,1,1
5918,03/09/2024 14:00,1,1,1
5919,03/09/2024 15:00,1,1,1
5920,03/09/2024 16:00,1,1,1
5921,03/09/2024 17:00,1,1,1
5922,03/09/2024 18:00,1,1,1
5923,03/09/2024 19:00,1,1,1
5924,03/09/2024 20:00,1,1,1
5925,03/09/2024 21:00,1,1,1
5926,03/09/2024 22:00,1,1,1
5927,03/09/2024 23:00,1,1,1
5928,04/09/2024 00:00,1,1,1
5929,04/09/2024 01:00,1,1,1
5930,04/09/2024 02:00,1,1,1
5931,04/09/2024 03:00,1,1,1
5932,04/09/2024 04:00,1,1,1
5933,04/09/2024 05:00,1,1,1
5934,04/09/2024 06:00,1,1,1
5935,04/09/2024 07:00,1,1,1
5936,04/09/2024 08:00,1,1,1
5937,04/09/2024 09:00,1,1,1
5938,04/09/2024 10:00,1,1,1
5939,04/09/2024 11:00,1,1,1
5940,04/09/2024 12:00,1,1,1
5941,04/09/2024 13:00,1,1,1
5942,04/09/2024 14:00,1,1,1
5943,04/09/2024 15:00,1,1,1
5944,04/09/2024 16:00,1,1,1
5945,04/09/2024 17:00,1,1,1
5946,04/09/2024 18:00,1,1,1
5947,04/09/2024 19:00,1,1,1
5948,04/09/2024 20:00,1,1,1
5949,04/09/2024 21:00,1,1,1
5950,04/09/2024 22:00,1,1,1
5951,04/09/2024 23:00,1,1,1
5952,05/09/2024 00:00,1,1,1
5953,05/09/2024 01:00,1,1,1
5954,05/09/2024 02:00,1,1,1
5955,05/09/2024 03:00,1,1,1
5956,05/09/2024 04:00,1,1,1
5957,05/09/2024 05:00,1,1,1
5958,05/09/2024 06:00,1,1,1
5959,05/09/2024 07:00,1,1,1
5960,05/09/2024 08:00,1,1,1
5961,05/09/2024 09:00,1,1,1
5962,05/09/2024 10:00,1,1,1
5963,05/09/2024 11:00,1,1,1
5964,05/09/2024 12:00,1,1,1
5965,05/09/2024 13:00,1,1,1
5966,05/09/2024 14:00,1,1,1
5967,05/09/2024 15:00,1,1,1
5968,05/09/2024 16:00,1,1,1
5969,05/09/2024 17:00,1,1,1
5970,05/09/2024 18:00,1,1,1
5971,05/09/2024 19:00,1,1,1
5972,05/09/2024 20:00,1,1,1
5973,05/09/2024 21:00,1,1,1
5974,05/09/2024 22:00,1,1,1
5975,05/09/2024 23:00,1,1,1
5976,06/09/2024 00:00,1,1,1
5977,06/09/2024 01:00,1,1,1
5978,06/09/2024 02:00,1,1,1
5979,06/09/2024 03:00,1,1,1
5980,06/09/2024 04:00,1,1,1
5981,06/09/2024 05:00,1,1,1
5982,06/09/2024 06:00,1,1,1
5983,06/09/2024 07:00,1,1,1
5984,06/09/2024 08:00,1,1,1
5985,06/09/2024 09:00,1,1,1
5986,06/09/2024 10:00,1,1,1
5987,06/09/2024 11:00,1,1,1
5988,06/09/2024 12:00,1,1,1
5989,06/09/2024 13:00,1,1,1
5990,06/09/2024 14:00,1,1,1
5991,06/09/2024 15:00,1,1,1
5992,06/09/2024 16:00,1,1,1
5993,06/09/2024 17:00,1,1,1
5994,06/09/2024 18:00,1,1,1
5995,06/09/2024 19:00,1,1,1
5996,06/09/2024 20:00,1,1,1
5997,06/09/2024 21:00,1,1,1
5998,06/09/2024 22:00,1,1,1
5999,06/09/2024 23:00,1,1,1
6000,07/09/2024 00:00,1,1,1
6001,07/09/2024 01:00,1,1,1
6002,07/09/2024 02:00,1,1,1
6003,07/09/2024 03:00,1,1,1
6004,07/09/2024 04:00,1,1,1
6005,07/09/2024 05:00,1,1,1
6006,07/09/2024 06:00,1,1,1
6007,07/09/2024 07:00,1,1,1
6008,07/09/2024 08:00,1,1,1
6009,07/09/2024 09:00,1,1,1
6010,07/09/2024 10:00,1,1,1
6011,07/09/2024 11:00,1,1,1
6012,07/09/2024 12:00,1,1,1
6013,07/09/2024 13:00,1,1,1
6014,07/09/2024 14:00,1,1,1
6015,07/09/2024 15:00,1,1,1
6016,07/09/2024 16:00,1,1,1
6017,07/09/2024 17:00,1,1,1
6018,07/09/2024 18:00,1,1,1
6019,07/09/2024 19:00,1,1,1
6020,07/09/2024 20:00,1,1,1
6021,07/09/2024 21:00,1,1,1
6022,07/09/2024 22:00,1,1,1
6023,07/09/2024 23:00,1,1,1
6024,08/09/2024 00:00,1,1,1
6025,08/09/2024 01:00,1,1,1
6026,08/09/2024 02:00,1,1,1
6027,08/09/2024 03:00,1,1,1
6028,08/09/2024 04:00,1,1,1
6029,08/09/2024 05:00,1,1,1
6030,08/09/2024 06:00,1,1,1
6031,08/09/2024 07:00,1,1,1
6032,08/09/2024 08:00,1,1,1
6033,08/09/2024 09:00,1,1,1
6034,08/09/2024 10:00,1,1,1
6035,08/09/2024 11:00,1,1,1
6036,08/09/2024 12:00,1,1,1
6037,08/09/2024 13:00,1,1,1
6038,08/09/2024 14:00,1,1,1
6039,08/09/2024 15:00,1,1,1
6040,08/09/2024 16:00,1,1,1
6041,08/09/2024 17:00,1,1,1
6042,08/09/2024 18:00,1,1,1
6043,08/09/2024 19:00,1,1,1
6044,08/09/2024 20:00,1,1,1
6045,08/09/2024 21:00,1,1,1
6046,08/09/2024 22:00,1,1,1
6047,08/09/2024 23:00,1,1,1
6048,09/09/2024 00:00,1,1,1
6049,09/09/2024 01:00,1,1,1
6050,09/09/2024 02:00,1,1,1
6051,09/09/2024 03:00,1,1,1
6052,09/09/2024 04:00,1,1,1
6053,09/09/2024 05:00,1,1,1
6054,09/09/2024 06:00,1,1,1
6055,09/09/2024 07:00,1,1,1
6056,09/09/2024 08:00,1,1,1
6057,09/09/2024 09:00,1,1,1
6058,09/09/2024 10:00,1,1,1
6059,09/09/2024 11:00,1,1,1
6060,09/09/2024 12:00,1,1,1
6061,09/09/2024 13:00,1,1,1
6062,09/09/2024 14:00,1,1,1
6063,09/09/2024 15:00,1,1,1
6064,09/09/2024 16:00,1,1,1
6065,09/09/2024 17:00,1,1,1
6066,09/09/2024 18:00,1,1,1
6067,09/09/2024 19:00,1,1,1
6068,09/09/2024 20:00,1,1,1
6069,09/09/2024 21:00,1,1,1
6070,09/09/2024 22:00,1,1,1
6071,09/09/2024 23:00,1,1,1
6072,10/09/2024 00:00,1,1,1
6073,10/09/2024 01:00,1,1,1
6074,10/09/2024 02:00,1,1,1
6075,10/09/2024 03:00,1,1,1
6076,10/09/2024 04:00,1,1,1
6077,10/09/2024 05:00,1,1,1
6078,10/09/2024 06:00,1,1,1
6079,10/09/2024 07:00,1,1,1
6080,10/09/2024 08:00,1,1,1
6081,10/09/2024 09:00,1,1,1
6082,10/09/2024 10:00,1,1,1
6083,10/09/2024 11:00,1,1,1
6084,10/09/2024 12:00,1,1,1
6085,10/09/2024 13:00,1,1,1
6086,10/09/2024 14:00,1,1,1
6087,10/09/2024 15:00,1,1,1
6088,10/09/2024 16:00,1,1,1
6089,10/09/2024 17:00,1,1,1
6090,10/09/2024 18:00,1,1,1
6091,10/09/2024 19:00,1,1,1
6092,10/09/2024 20:00,1,1,1
6093,10/09/2024 21:00,1,1,1
6094,10/09/2024 22:00,1,1,1
6095,10/09/2024 23:00,1,1,1
6096,11/09/2024 00:00,1,1,1
6097,11/09/2024 01:00,1,1,1
6098,11/09/2024 02:00,1,1,1
6099,11/09/2024 03:00,1,1,1
6100,11/09/2024 04:00,1,1,1
6101,11/09/2024 05:00,1,1,1
6102,11/09/2024 06:00,1,1,1
6103,11/09/2024 07:00,1,1,1
6104,11/09/2024 08:00,1,1,1
6105,11/09/2024 09:00,1,1,1
6106,11/09/2024 10:00,1,1,1
6107,11/09/2024 11:00,1,1,1
6108,11/09/2024 12:00,1,1,1
6109,11/09/2024 13:00,1,1,1
6110,11/09/2024 14:00,1,1,1
6111,11/09/2024 15:00,1,1,1
6112,11/09/2024 16:00,1,1,1
6113,11/09/2024 17:00,1,1,1
6114,11/09/2024 18:00,1,1,1
6115,11/09/2024 19:00,1,1,1
6116,11/09/2024 20:00,1,1,1
6117,11/09/2024 21:00,1,1,1
6118,11/09/2024 22:00,1,1,1
6119,11/09/2024 23:00,1,1,1
6120,12/09/2024 00:00,1,1,1
6121,12/09/2024 01:00,1,1,1
6122,12/09/2024 02:00,1,1,1
6123,12/09/2024 03:00,1,1,1
6124,12/09/2024 04:00,1,1,1
6125,12/09/2024 05:00,1,1,1
6126,12/09/2024 06:00,1,1,1
6127,12/09/2024 07:00,1,1,1
6128,12/09/2024 08:00,1,1,1
6129,12/09/2024 09:00,1,1,1
6130,12/09/2024 10:00,1,1,1
6131,12/09/2024 11:00,1,1,1
6132,12/09/2024 12:00,1,1,1
6133,12/09/2024 13:00,1,1,1
6134,12/09/2024 14:00,1,1,1
6135,12/09/2024 15:00,1,1,1
6136,12/09/2024 16:00,1,1,1
6137,12/09/2024 17:00,1,1,1
6138,12/09/2024 18:00,1,1,1
6139,12/09/2024 19:00,1,1,1
6140,12/09/2024 20:00,1,1,1
6141,12/09/2024 21:00,1,1,1
6142,12/09/2024 22:00,1,1,1
6143,12/09/2024 23:00,1,1,1
6144,13/09/2024 00:00,1,1,1
6145,13/09/2024 01:00,1,1,1
6146,13/09/2024 02:00,1,1,1
6147,13/09/2024 03:00,1,1,1
6148,13/09/2024 04:00,1,1,1
6149,13/09/2024 05:00,1,1,1
6150,13/09/2024 06:00,1,1,1
6151,13/09/2024 07:00,1,1,1
6152,13/09/2024 08:00,1,1,1
6153,13/09/2024 09:00,1,1,1
6154,13/09/2024 10:00,1,1,1
6155,13/09/2024 11:00,1,1,1
6156,13/09/2024 12:00,1,1,1
6157,13/09/2024 13:00,1,1,1
6158,13/09/2024 14:00,1,1,1
6159,13/09/2024 15:00,1,1,1
6160,13/09/2024 16:00,1,1,1
6161,13/09/2024 17:00,1,1,1
6162,13/09/2024 18:00,1,1,1
6163,13/09/2024 19:00,1,1,1
6164,13/09/2024 20:00,1,1,1
6165,13/09/2024 21:00,1,1,1
6166,13/09/2024 22:00,1,1,1
6167,13/09/2024 23:00,1,1,1
6168,14/09/2024 00:00,1,1,1
6169,14/09/2024 01:00,1,1,1
6170,14/09/2024 02:00,1,1,1
6171,14/09/2024 03:00,1,1,1
6172,14/09/2024 04:00,1,1,1
6173,14/09/2024 05:00,1,1,1
6174,14/09/2024 06:00,1,1,1
6175,14/09/2024 07:00,1,1,1
6176,14/09/2024 08:00,1,1,1
6177,14/09/2024 09:00,1,1,1
6178,14/09/2024 10:00,1,1,1
6179,14/09/2024 11:00,1,1,1
6180,14/09/2024 12:00,1,1,1
6181,14/09/2024 13:00,1,1,1
6182,14/09/2024 14:00,1,1,1
6183,14/09/2024 15:00,1,1,1
6184,14/09/2024 16:00,1,1,1
6185,14/09/2024 17:00,1,1,1
6186,14/09/2024 18:00,1,1,1
6187,14/09/2024 19:00,1,1,1
6188,14/09/2024 20:00,1,1,1
6189,14/09/2024 21:00,1,1,1
6190,14/09/2024 22:00,1,1,1
6191,14/09/2024 23:00,1,1,1
6192,15/09/2024 00:00,1,1,1
6193,15/09/2024 01:00,1,1,1
6194,15/09/2024 02:00,1,1,1
6195,15/09/2024 03:00,1,1,1
6196,15/09/2024 04:00,1,1,1
6197,15/09/2024 05:00,1,1,1
6198,15/09/2024 06:00,1,1,1
6199,15/09/2024 07:00,1,1,1
6200,15/09/2024 08:00,1,1,1
6201,15/09/2024 09:00,1,1,1
6202,15/09/2024 10:00,1,1,1
6203,15/09/2024 11:00,1,1,1
6204,15/09/2024 12:00,1,1,1
6205,15/09/2024 13:00,1,1,1
6206,15/09/2024 14:00,1,1,1
6207,15/09/2024 15:00,1,1,1
6208,15/09/2024 16:00,1,1,1
6209,15/09/2024 17:00,1,1,1
6210,15/09/2024 18:00,1,1,1
6211,15/09/2024 19:00,1,1,1
6212,15/09/2024 20:00,1,1,1
6213,15/09/2024 21:00,1,1,1
6214,15/09/2024 22:00,1,1,1
6215,15/09/2024 23:00,1,1,1
6216,16/09/2024 00:00,1,1,1
6217,16/09/2024 01:00,1,1,1
6218,16/09/2024 02:00,1,1,1
6219,16/09/2024 03:00,1,1,1
6220,16/09/2024 04:00,1,1,1
6221,16/09/2024 05:00,1,1,1
6222,16/09/2024 06:00,1,1,1
6223,16/09/2024 07:00,1,1,1
6224,16/09/2024 08:00,1,1,1
6225,16/09/2024 09:00,1,1,1
6226,16/09/2024 10:00,1,1,1
6227,16/09/2024 11:00,1,1,1
6228,16/09/2024 12:00,1,1,1
6229,16/09/2024 13:00,1,1,1
6230,16/09/2024 14:00,1,1,1
6231,16/09/2024 15:00,1,1,1
6232,16/09/2024 16:00,1,1,1
6233,16/09/2024 17:00,1,1,1
6234,16/09/2024 18:00,1,1,1
6235,16/09/2024 19:00,1,1,1
6236,16/09/2024 20:00,1,1,1
6237,16/09/2024 21:00,1,1,1
6238,16/09/2024 22:00,1,1,1
6239,16/09/2024 23:00,1,1,1
6240,17/09/2024 00:00,1,1,1
6241,17/09/2024 01:00,1,1,1
6242,17/09/2024 02:00,1,1,1
6243,17/09/2024 03:00,1,1,1
6244,17/09/2024 04:00,1,1,1
6245,17/09/2024 05:00,1,1,1
6246,17/09/2024 06:00,1,1,1
6247,17/09/2024 07:00,1,1,1
6248,17/09/2024 08:00,1,1,1
6249,17/09/2024 09:00,1,1,1
6250,17/09/2024 10:00,1,1,1
6251,17/09/2024 11:00,1,1,1
6252,17/09/2024 12:00,1,1,1
6253,17/09/2024 13:00,1,1,1
6254,17/09/2024 14:00,1,1,1
6255,17/09/2024 15:00,1,1,1
6256,17/09/2024 16:00,1,1,1
6257,17/09/2024 17:00,1,1,1
6258,17/09/2024 18:00,1,1,1
6259,17/09/2024 19:00,1,1,1
6260,17/09/2024 20:00,1,1,1
6261,17/09/2024 21:00,1,1,1
6262,17/09/2024 22:00,1,1,1
6263,17/09/2024 23:00,1,1,1
6264,18/09/2024 00:00,1,1,1
6265,18/09/2024 01:00,1,1,1
6266,18/09/2024 02:00,1,1,1
6267,18/09/2024 03:00,1,1,1
6268,18/09/2024 04:00,1,1,1
6269,18/09/2024 05:00,1,1,1
6270,18/09/2024 06:00,1,1,1
6271,18/09/2024 07:00,1,1,1
6272,18/09/2024 08:00,1,1,1
6273,18/09/2024 09:00,1,1,1
6274,18/09/2024 10:00,1,1,1
6275,18/09/2024 11:00,1,1,1
6276,18/09/2024 12:00,1,1,1
6277,18/09/2024 13:00,1,1,1
6278,18/09/2024 14:00,1,1,1
6279,18/09/2024 15:00,1,1,1
6280,18/09/2024 16:00,1,1,1
6281,18/09/2024 17:00,1,1,1
6282,18/09/2024 18:00,1,1,1
6283,18/09/2024 19:00,1,1,1
6284,18/09/2024 20:00,1,1,1
6285,18/09/2024 21:00,1,1,1
6286,18/09/2024 22:00,1,1,1
6287,18/09/2024 23:00,1,1,1
6288,19/09/2024 00:00,1,1,1
6289,19/09/2024 01:00,1,1,1
6290,19/09/2024 02:00,1,1,1
6291,19/09/2024 03:00,1,1,1
6292,19/09/2024 04:00,1,1,1
6293,19/09/2024 05:00,1,1,1
6294,19/09/2024 06:00,1,1,1
6295,19/09/2024 07:00,1,1,1
6296,19/09/2024 08:00,1,1,1
6297,19/09/2024 09:00,1,1,1
6298,19/09/2024 10:00,1,1,1
6299,19/09/2024 11:00,1,1,1
6300,19/09/2024 12:00,1,1,1
6301,19/09/2024 13:00,1,1,1
6302,19/09/2024 14:00,1,1,1
6303,19/09/2024 15:00,1,1,1
6304,19/09/2024 16:00,1,1,1
6305,19/09/2024 17:00,1,1,1
6306,19/09/2024 18:00,1,1,1
6307,19/09/2024 19:00,1,1,1
6308,19/09/2024 20:00,1,1,1
6309,19/09/2024 21:00,1,1,1
6310,19/09/2024 22:00,1,1,1
6311,19/09/2024 23:00,1,1,1
6312,20/09/2024 00:00,1,1,1
6313,20/09/2024 01:00,1,1,1
6314,20/09/2024 02:00,1,1,1
6315,20/09/2024 03:00,1,1,1
6316,20/09/2024 04:00,1,1,1
6317,20/09/2024 05:00,1,1,1
6318,20/09/2024 06:00,1,1,1
6319,20/09/2024 07:00,1,1,1
6320,20/09/2024 08:00,1,1,1
6321,20/09/2024 09:00,1,1,1
6322,20/09/2024 10:00,1,1,1
6323,20/09/2024 11:00,1,1,1
6324,20/09/2024 12:00,1,1,1
6325,20/09/2024 13:00,1,1,1
6326,20/09/2024 14:00,1,1,1
6327,20/09/2024 15:00,1,1,1
6328,20/09/2024 16:00,1,1,1
6329,20/09/2024 17:00,1,1,1
6330,20/09/2024 18:00,1,1,1
6331,20/09/2024 19:00,1,1,1
6332,20/09/2024 20:00,1,1,1
6333,20/09/2024 21:00,1,1,1
6334,20/09/2024 22:00,1,1,1
6335,20/09/2024 23:00,1,1,1
6336,21/09/2024 00:00,1,1,1
6337,21/09/2024 01:00,1,1,1
6338,21/09/2024 02:00,1,1,1
6339,21/09/2024 03:00,1,1,1
6340,21/09/2024 04:00,1,1,1
6341,21/09/2024 05:00,1,1,1
6342,21/09/2024 06:00,1,1,1
6343,21/09/2024 07:00,1,1,1
6344,21/09/2024 08:00,1,1,1
6345,21/09/2024 09:00,1,1,1
6346,21/09/2024 10:00,1,1,1
6347,21/09/2024 11:00,1,1,1
6348,21/09/2024 12:00,1,1,1
6349,21/09/2024 13:00,1,1,1
6350,21/09/2024 14:00,1,1,1
6351,21/09/2024 15:00,1,1,1
6352,21/09/2024 16:00,1,1,1
6353,21/09/2024 17:00,1,1,1
6354,21/09/2024 18:00,1,1,1
6355,21/09/2024 19:00,1,1,1
6356,21/09/2024 20:00,1,1,1
6357,21/09/2024 21:00,1,1,1
6358,21/09/2024 22:00,1,1,1
6359,21/09/2024 23:00,1,1,1
6360,22/09/2024 00:00,1,1,1
6361,22/09/2024 01:00,1,1,1
6362,22/09/2024 02:00,1,1,1
6363,22/09/2024 03:00,1,1,1
6364,22/09/2024 04:00,1,1,1
6365,22/09/2024 05:00,1,1,1
6366,22/09/2024 06:00,1,1,1
6367,22/09/2024 07:00,1,1,1
6368,22/09/2024 08:00,1,1,1
6369,22/09/2024 09:00,1,1,1
6370,22/09/2024 10:00,1,1,1
6371,22/09/2024 11:00,1,1,1
6372,22/09/2024 12:00,1,1,1
6373,22/09/2024 13:00,1,1,1
6374,22/09/2024 14:00,1,1,1
6375,22/09/2024 15:00,1,1,1
6376,22/09/2024 16:00,1,1,1
6377,22/09/2024 17:00,1,1,1
6378,22/09/2024 18:00,1,1,1
6379,22/09/2024 19:00,1,1,1
6380,22/09/2024 20:00,1,1,1
6381,22/09/2024 21:00,1,1,1
6382,22/09/2024 22:00,1,1,1
6383,22/09/2024 23:00,1,1,1
6384,23/09/2024 00:00,1,1,1
6385,23/09/2024 01:00,1,1,1
6386,23/09/2024 02:00,1,1,1
6387,23/09/2024 03:00,1,1,1
6388,23/09/2024 04:00,1,1,1
6389,23/09/2024 05:00,1,1,1
6390,23/09/2024 06:00,1,1,1
6391,23/09/2024 07:00,1,1,1
6392,23/09/2024 08:00,1,1,1
6393,23/09/2024 09:00,1,1,1
6394,23/09/2024 10:00,1,1,1
6395,23/09/2024 11:00,1,1,1
6396,23/09/2024 12:00,1,1,1
6397,23/09/2024 13:00,1,1,1
6398,23/09/2024 14:00,1,1,1
6399,23/09/2024 15:00,1,1,1
6400,23/09/2024 16:00,1,1,1
6401,23/09/2024 17:00,1,1,1
6402,23/09/2024 18:00,1,1,1
6403,23/09/2024 19:00,1,1,1
6404,23/09/2024 20:00,1,1,1
6405,23/09/2024 21:00,1,1,1
6406,23/09/2024 22:00,1,1,1
6407,23/09/2024 23:00,1,1,1
6408,24/09/2024 00:00,1,1,1
6409,24/09/2024 01:00,1,1,1
6410,24/09/2024 02:00,1,1,1
6411,24/09/2024 03:00,1,1,1
6412,24/09/2024 04:00,1,1,1
6413,24/09/2024 05:00,1,1,1
6414,24/09/2024 06:00,1,1,1
6415,24/09/2024 07:00,1,1,1
6416,24/09/2024 08:00,1,1,1
6417,24/09/2024 09:00,1,1,1
6418,24/09/2024 10:00,1,1,1
6419,24/09/2024 11:00,1,1,1
6420,24/09/2024 12:00,1,1,1
6421,24/09/2024 13:00,1,1,1
6422,24/09/2024 14:00,1,1,1
6423,24/09/2024 15:00,1,1,1
6424,24/09/2024 16:00,1,1,1
6425,24/09/2024 17:00,1,1,1
6426,24/09/2024 18:00,1,1,1
6427,24/09/2024 19:00,1,1,1
6428,24/09/2024 20:00,1,1,1
6429,24/09/2024 21:00,1,1,1
6430,24/09/2024 22:00,1,1,1
6431,24/09/2024 23:00,1,1,1
6432,25/09/2024 00:00,1,1,1
6433,25/09/2024 01:00,1,1,1
6434,25/09/2024 02:00,1,1,1
6435,25/09/2024 03:00,1,1,1
6436,25/09/2024 04:00,1,1,1
6437,25/09/2024 05:00,1,1,1
6438,25/09/2024 06:00,1,1,1
6439,25/09/2024 07:00,1,1,1
6440,25/09/2024 08:00,1,1,1
6441,25/09/2024 09:00,1,1,1
6442,25/09/2024 10:00,1,1,1
6443,25/09/2024 11:00,1,1,1
6444,25/09/2024 12:00,1,1,1
6445,25/09/2024 13:00,1,1,1
6446,25/09/2024 14:00,1,1,1
6447,25/09/2024 15:00,1,1,1
6448,25/09/2024 16:00,1,1,1
6449,25/09/2024 17:00,1,1,1
6450,25/09/2024 18:00,1,1,1
6451,25/09/2024 19:00,1,1,1
6452,25/09/2024 20:00,1,1,1
6453,25/09/2024 21:00,1,1,1
6454,25/09/2024 22:00,1,1,1
6455,25/09/2024 23:00,1,1,1
6456,26/09/2024 00:00,1,1,1
6457,26/09/2024 01:00,1,1,1
6458,26/09/2024 02:00,1,1,1
6459,26/09/2024 03:00,1,1,1
6460,26/09/2024 04:00,1,1,1
6461,26/09/2024 05:00,1,1,1
6462,26/09/2024 06:00,1,1,1
6463,26/09/2024 07:00,1,1,1
6464,26/09/2024 08:00,1,1,1
6465,26/09/2024 09:00,1,1,1
6466,26/09/2024 10:00,1,1,1
6467,26/09/2024 11:00,1,1,1
6468,26/09/2024 12:00,1,1,1
6469,26/09/2024 13:00,1,1,1
6470,26/09/2024 14:00,1,1,1
6471,26/09/2024 15:00,1,1,1
6472,26/09/2024 16:00,1,1,1
6473,26/09/2024 17:00,1,1,1
6474,26/09/2024 18:00,1,1,1
6475,26/09/2024 19:00,1,1,1
6476,26/09/2024 20:00,1,1,1
6477,26/09/2024 21:00,1,1,1
6478,26/09/2024 22:00,1,1,1
6479,26/09/2024 23:00,1,1,1
6480,27/09/2024 00:00,1,1,1
6481,27/09/2024 01:00,1,1,1
6482,27/09/2024 02:00,1,1,1
6483,27/09/2024 03:00,1,1,1
6484,27/09/2024 04:00,1,1,1
6485,27/09/2024 05:00,1,1,1
6486,27/09/2024 06:00,1,1,1
6487,27/09/2024 07:00,1,1,1
6488,27/09/2024 08:00,1,1,1
6489,27/09/2024 09:00,1,1,1
6490,27/09/2024 10:00,1,1,1
6491,27/09/2024 11:00,1,1,1
6492,27/09/2024 12:00,1,1,1
6493,27/09/2024 13:00,1,1,1
6494,27/09/2024 14:00,1,1,1
6495,27/09/2024 15:00,1,1,1
6496,27/09/2024 16:00,1,1,1
6497,27/09/2024 17:00,1,1,1
6498,27/09/2024 18:00,1,1,1
6499,27/09/2024 19:00,1,1,1
6500,27/09/2024 20:00,1,1,1
6501,27/09/2024 21:00,1,1,1
6502,27/09/2024 22:00,1,1,1
6503,27/09/2024 23:00,1,1,1
6504,28/09/2024 00:00,1,1,1
6505,28/09/2024 01:00,1,1,1
6506,28/09/2024 02:00,1,1,1
6507,28/09/2024 03:00,1,1,1
6508,28/09/2024 04:00,1,1,1
6509,28/09/2024 05:00,1,1,1
6510,28/09/2024 06:00,1,1,1
6511,28/09/2024 07:00,1,1,1
6512,28/09/2024 08:00,1,1,1
6513,28/09/2024 09:00,1,1,1
6514,28/09/2024 10:00,1,1,1
6515,28/09/2024 11:00,1,1,1
6516,28/09/2024 12:00,1,1,1
6517,28/09/2024 13:00,1,1,1
6518,28/09/2024 14:00,1,1,1
6519,28/09/2024 15:00,1,1,1
6520,28/09/2024 16:00,1,1,1
6521,28/09/2024 17:00,1,1,1
6522,28/09/2024 18:00,1,1,1
6523,28/09/2024 19:00,1,1,1
6524,28/09/2024 20:00,1,1,1
6525,28/09/2024 21:00,1,1,1
6526,28/09/2024 22:00,1,1,1
6527,28/09/2024 23:00,1,1,1
6528,29/09/2024 00:00,1,1,1
6529,29/09/2024 01:00,1,1,1
6530,29/09/2024 02:00,1,1,1
6531,29/09/2024 03:00,1,1,1
6532,29/09/2024 04:00,1,1,1
6533,29/09/2024 05:00,1,1,1
6534,29/09/2024 06:00,1,1,1
6535,29/09/2024 07:00,1,1,1
6536,29/09/2024 08:00,1,1,1
6537,29/09/2024 09:00,1,1,1
6538,29/09/2024 10:00,1,1,1
6539,29/09/2024 11:00,1,1,1
6540,29/09/2024 12:00,1,1,1
6541,29/09/2024 13:00,1,1,1
6542,29/09/2024 14:00,1,1,1
6543,29/09/2024 15:00,1,1,1
6544,29/09/2024 16:00,1,1,1
6545,29/09/2024 17:00,1,1,1
6546,29/09/2024 18:00,1,1,1
6547,29/09/2024 19:00,1,1,1
6548,29/09/2024 20:00,1,1,1
6549,29/09/2024 21:00,1,1,1
6550,29/09/2024 22:00,1,1,1
6551,29/09/2024 23:00,1,1,1
6552,30/09/2024 00:00,1,1,1
6553,30/09/2024 01:00,1,1,1
6554,30/09/2024 02:00,1,1,1
6555,30/09/2024 03:00,1,1,1
6556,30/09/2024 04:00,1,1,1
6557,30/09/2024 05:00,1,1,1
6558,30/09/2024 06:00,1,1,1
6559,30/09/2024 07:00,1,1,1
6560,30/09/2024 08:00,1,1,1
6561,30/09/2024 09:00,1,1,1
6562,30/09/2024 10:00,1,1,1
6563,30/09/2024 11:00,1,1,1
6564,30/09/2024 12:00,1,1,1
6565,30/09/2024 13:00,1,1,1
6566,30/09/2024 14:00,1,1,1
6567,30/09/2024 15:00,1,1,1
6568,30/09/2024 16:00,1,1,1
6569,30/09/2024 17:00,1,1,1
6570,30/09/2024 18:00,1,1,1
6571,30/09/2024 19:00,1,1,1
6572,30/09/2024 20:00,1,1,1
6573,30/09/2024 21:00,1,1,1
6574,30/09/2024 22:00,1,1,1
6575,30/09/2024 23:00,1,1,1
6576,01/10/2024 00:00,1,1,1
6577,01/10/2024 01:00,1,1,1
6578,01/10/2024 02:00,1,1,1
6579,01/10/2024 03:00,1,1,1
6580,01/10/2024 04:00,1,1,1
6581,01/10/2024 05:00,1,1,1
6582,01/10/2024 06:00,1,1,1
6583,01/10/2024 07:00,1,1,1
6584,01/10/2024 08:00,1,1,1
6585,01/10/2024 09:00,1,1,1
6586,01/10/2024 10:00,1,1,1
6587,01/10/2024 11:00,1,1,1
6588,01/10/2024 12:00,1,1,1
6589,01/10/2024 13:00,1,1,1
6590,01/10/2024 14:00,1,1,1
6591,01/10/2024 15:00,1,1,1
6592,01/10/2024 16:00,1,1,1
6593,01/10/2024 17:00,1,1,1
6594,01/10/2024 18:00,1,1,1
6595,01/10/2024 19:00,1,1,1
6596,01/10/2024 20:00,1,1,1
6597,01/10/2024 21:00,1,1,1
6598,01/10/2024 22:00,1,1,1
6599,01/10/2024 23:00,1,1,1
6600,02/10/2024 00:00,1,1,1
6601,02/10/2024 01:00,1,1,1
6602,02/10/2024 02:00,1,1,1
6603,02/10/2024 03:00,1,1,1
6604,02/10/2024 04:00,1,1,1
6605,02/10/2024 05:00,1,1,1
6606,02/10/2024 06:00,1,1,1
6607,02/10/2024 07:00,1,1,1
6608,02/10/2024 08:00,1,1,1
6609,02/10/2024 09:00,1,1,1
6610,02/10/2024 10:00,1,1,1
6611,02/10/2024 11:00,1,1,1
6612,02/10/2024 12:00,1,1,1
6613,02/10/2024 13:00,1,1,1
6614,02/10/2024 14:00,1,1,1
6615,02/10/2024 15:00,1,1,1
6616,02/10/2024 16:00,1,1,1
6617,02/10/2024 17:00,1,1,1
6618,02/10/2024 18:00,1,1,1
6619,02/10/2024 19:00,1,1,1
6620,02/10/2024 20:00,1,1,1
6621,02/10/2024 21:00,1,1,1
6622,02/10/2024 22:00,1,1,1
6623,02/10/2024 23:00,1,1,1
6624,03/10/2024 00:00,1,1,1
6625,03/10/2024 01:00,1,1,1
6626,03/10/2024 02:00,1,1,1
6627,03/10/2024 03:00,1,1,1
6628,03/10/2024 04:00,1,1,1
6629,03/10/2024 05:00,1,1,1
6630,03/10/2024 06:00,1,1,1
6631,03/10/2024 07:00,1,1,1
6632,03/10/2024 08:00,1,1,1
6633,03/10/2024 09:00,1,1,1
6634,03/10/2024 10:00,1,1,1
6635,03/10/2024 11:00,1,1,1
6636,03/10/2024 12:00,1,1,1
6637,03/10/2024 13:00,1,1,1
6638,03/10/2024 14:00,1,1,1
6639,03/10/2024 15:00,1,1,1
6640,03/10/2024 16:00,1,1,1
6641,03/10/2024 17:00,1,1,1
6642,03/10/2024 18:00,1,1,1
6643,03/10/2024 19:00,1,1,1
6644,03/10/2024 20:00,1,1,1
6645,03/10/2024 21:00,1,1,1
6646,03/10/2024 22:00,1,1,1
6647,03/10/2024 23:00,1,1,1
6648,04/10/2024 00:00,1,1,1
6649,04/10/2024 01:00,1,1,1
6650,04/10/2024 02:00,1,1,1
6651,04/10/2024 03:00,1,1,1
6652,04/10/2024 04:00,1,1,1
6653,04/10/2024 05:00,1,1,1
6654,04/10/2024 06:00,1,1,1
6655,04/10/2024 07:00,1,1,1
6656,04/10/2024 08:00,1,1,1
6657,04/10/2024 09:00,1,1,1
6658,04/10/2024 10:00,1,1,1
6659,04/10/2024 11:00,1,1,1
6660,04/10/2024 12:00,1,1,1
6661,04/10/2024 13:00,1,1,1
6662,04/10/2024 14:00,1,1,1
6663,04/10/2024 15:00,1,1,1
6664,04/10/2024 16:00,1,1,1
6665,04/10/2024 17:00,1,1,1
6666,04/10/2024 18:00,1,1,1
6667,04/10/2024 19:00,1,1,1
6668,04/10/2024 20:00,1,1,1
6669,04/10/2024 21:00,1,1,1
6670,04/10/2024 22:00,1,1,1
6671,04/10/2024 23:00,1,1,1
6672,05/10/2024 00:00,1,1,1
6673,05/10/2024 01:00,1,1,1
6674,05/10/2024 02:00,1,1,1
6675,05/10/2024 03:00,1,1,1
6676,05/10/2024 04:00,1,1,1
6677,05/10/2024 05:00,1,1,1
6678,05/10/2024 06:00,1,1,1
6679,05/10/2024 07:00,1,1,1
6680,05/10/2024 08:00,1,1,1
6681,05/10/2024 09:00,1,1,1
6682,05/10/2024 10:00,1,1,1
6683,05/10/2024 11:00,1,1,1
6684,05/10/2024 12:00,1,1,1
6685,05/10/2024 13:00,1,1,1
6686,05/10/2024 14:00,1,1,1
6687,05/10/2024 15:00,1,1,1
6688,05/10/2024 16:00,1,1,1
6689,05/10/2024 17:00,1,1,1
6690,05/10/2024 18:00,1,1,1
6691,05/10/2024 19:00,1,1,1
6692,05/10/2024 20:00,1,1,1
6693,05/10/2024 21:00,1,1,1
6694,05/10/2024 22:00,1,1,1
6695,05/10/2024 23:00,1,1,1
6696,06/10/2024 00:00,1,1,1
6697,06/10/2024 01:00,1,1,1
6698,06/10/2024 02:00,1,1,1
6699,06/10/2024 03:00,1,1,1
6700,06/10/2024 04:00,1,1,1
6701,06/10/2024 05:00,1,1,1
6702,06/10/2024 06:00,1,1,1
6703,06/10/2024 07:00,1,1,1
6704,06/10/2024 08:00,1,1,1
6705,06/10/2024 09:00,1,1,1
6706,06/10/2024 10:00,1,1,1
6707,06/10/2024 11:00,1,1,1
6708,06/10/2024 12:00,1,1,1
6709,06/10/2024 13:00,1,1,1
6710,06/10/2024 14:00,1,1,1
6711,06/10/2024 15:00,1,1,1
6712,06/10/2024 16:00,1,1,1
6713,06/10/2024 17:00,1,1,1
6714,06/10/2024 18:00,1,1,1
6715,06/10/2024 19:00,1,1,1
6716,06/10/2024 20:00,1,1,1
6717,06/10/2024 21:00,1,1,1
6718,06/10/2024 22:00,1,1,1
6719,06/10/2024 23:00,1,1,1
6720,07/10/2024 00:00,1,1,1
6721,07/10/2024 01:00,1,1,1
6722,07/10/2024 02:00,1,1,1
6723,07/10/2024 03:00,1,1,1
6724,07/10/2024 04:00,1,1,1
6725,07/10/2024 05:00,1,1,1
6726,07/10/2024 06:00,1,1,1
6727,07/10/2024 07:00,1,1,1
6728,07/10/2024 08:00,1,1,1
6729,07/10/2024 09:00,1,1,1
6730,07/10/2024 10:00,1,1,1
6731,07/10/2024 11:00,1,1,1
6732,07/10/2024 12:00,1,1,1
6733,07/10/2024 13:00,1,1,1
6734,07/10/2024 14:00,1,1,1
6735,07/10/2024 15:00,1,1,1
6736,07/10/2024 16:00,1,1,1
6737,07/10/2024 17:00,1,1,1
6738,07/10/2024 18:00,1,1,1
6739,07/10/2024 19:00,1,1,1
6740,07/10/2024 20:00,1,1,1
6741,07/10/2024 21:00,1,1,1
6742,07/10/2024 22:00,1,1,1
6743,07/10/2024 23:00,1,1,1
6744,08/10/2024 00:00,1,1,1
6745,08/10/2024 01:00,1,1,1
6746,08/10/2024 02:00,1,1,1
6747,08/10/2024 03:00,1,1,1
6748,08/10/2024 04:00,1,1,1
6749,08/10/2024 05:00,1,1,1
6750,08/10/2024 06:00,1,1,1
6751,08/10/2024 07:00,1,1,1
6752,08/10/2024 08:00,1,1,1
6753,08/10/2024 09:00,1,1,1
6754,08/10/2024 10:00,1,1,1
6755,08/10/2024 11:00,1,1,1
6756,08/10/2024 12:00,1,1,1
6757,08/10/2024 13:00,1,1,1
6758,08/10/2024 14:00,1,1,1
6759,08/10/2024 15:00,1,1,1
6760,08/10/2024 16:00,1,1,1
6761,08/10/2024 17:00,1,1,1
6762,08/10/2024 18:00,1,1,1
6763,08/10/2024 19:00,1,1,1
6764,08/10/2024 20:00,1,1,1
6765,08/10/2024 21:00,1,1,1
6766,08/10/2024 22:00,1,1,1
6767,08/10/2024 23:00,1,1,1
6768,09/10/2024 00:00,1,1,1
6769,09/10/2024 01:00,1,1,1
6770,09/10/2024 02:00,1,1,1
6771,09/10/2024 03:00,1,1,1
6772,09/10/2024 04:00,1,1,1
6773,09/10/2024 05:00,1,1,1
6774,09/10/2024 06:00,1,1,1
6775,09/10/2024 07:00,1,1,1
6776,09/10/2024 08:00,1,1,1
6777,09/10/2024 09:00,1,1,1
6778,09/10/2024 10:00,1,1,1
6779,09/10/2024 11:00,1,1,1
6780,09/10/2024 12:00,1,1,1
6781,09/10/2024 13:00,1,1,1
6782,09/10/2024 14:00,1,1,1
6783,09/10/2024 15:00,1,1,1
6784,09/10/2024 16:00,1,1,1
6785,09/10/2024 17:00,1,1,1
6786,09/10/2024 18:00,1,1,1
6787,09/10/2024 19:00,1,1,1
6788,09/10/2024 20:00,1,1,1
6789,09/10/2024 21:00,1,1,1
6790,09/10/2024 22:00,1,1,1
6791,09/10/2024 23:00,1,1,1
6792,10/10/2024 00:00,1,1,1
6793,10/10/2024 01:00,1,1,1
6794,10/10/2024 02:00,1,1,1
6795,10/10/2024 03:00,1,1,1
6796,10/10/2024 04:00,1,1,1
6797,10/10/2024 05:00,1,1,1
6798,10/10/2024 06:00,1,1,1
6799,10/10/2024 07:00,1,1,1
6800,10/10/2024 08:00,1,1,1
6801,10/10/2024 09:00,1,1,1
6802,10/10/2024 10:00,1,1,1
6803,10/10/2024 11:00,1,1,1
6804,10/10/2024 12:00,1,1,1
6805,10/10/2024 13:00,1,1,1
6806,10/10/2024 14:00,1,1,1
6807,10/10/2024 15:00,1,1,1
6808,10/10/2024 16:00,1,1,1
6809,10/10/2024 17:00,1,1,1
6810,10/10/2024 18:00,1,1,1
6811,10/10/2024 19:00,1,1,1
6812,10/10/2024 20:00,1,1,1
6813,10/10/2024 21:00,1,1,1
6814,10/10/2024 22:00,1,1,1
6815,10/10/2024 23:00,1,1,1
6816,11/10/2024 00:00,1,1,1
6817,11/10/2024 01:00,1,1,1
6818,11/10/2024 02:00,1,1,1
6819,11/10/2024 03:00,1,1,1
6820,11/10/2024 04:00,1,1,1
6821,11/10/2024 05:00,1,1,1
6822,11/10/2024 06:00,1,1,1
6823,11/10/2024 07:00,1,1,1
6824,11/10/2024 08:00,1,1,1
6825,11/10/2024 09:00,1,1,1
6826,11/10/2024 10:00,1,1,1
6827,11/10/2024 11:00,1,1,1
6828,11/10/2024 12:00,1,1,1
6829,11/10/2024 13:00,1,1,1
6830,11/10/2024 14:00,1,1,1
6831,11/10/2024 15:00,1,1,1
6832,11/10/2024 16:00,1,1,1
6833,11/10/2024 17:00,1,1,1
6834,11/10/2024 18:00,1,1,1
6835,11/10/2024 19:00,1,1,1
6836,11/10/2024 20:00,1,1,1
6837,11/10/2024 21:00,1,1,1
6838,11/10/2024 22:00,1,1,1
6839,11/10/2024 23:00,1,1,1
6840,12/10/2024 00:00,1,1,1
6841,12/10/2024 01:00,1,1,1
6842,12/10/2024 02:00,1,1,1
6843,12/10/2024 03:00,1,1,1
6844,12/10/2024 04:00,1,1,1
6845,12/10/2024 05:00,1,1,1
6846,12/10/2024 06:00,1,1,1
6847,12/10/2024 07:00,1,1,1
6848,12/10/2024 08:00,1,1,1
6849,12/10/2024 09:00,1,1,1
6850,12/10/2024 10:00,1,1,1
6851,12/10/2024 11:00,1,1,1
6852,12/10/2024 12:00,1,1,1
6853,12/10/2024 13:00,1,1,1
6854,12/10/2024 14:00,1,1,1
6855,12/10/2024 15:00,1,1,1
6856,12/10/2024 16:00,1,1,1
6857,12/10/2024 17:00,1,1,1
6858,12/10/2024 18:00,1,1,1
6859,12/10/2024 19:00,1,1,1
6860,12/10/2024 20:00,1,1,1
6861,12/10/2024 21:00,1,1,1
6862,12/10/2024 22:00,1,1,1
6863,12/10/2024 23:00,1,1,1
6864,13/10/2024 00:00,1,1,1
6865,13/10/2024 01:00,1,1,1
6866,13/10/2024 02:00,1,1,1
6867,13/10/2024 03:00,1,1,1
6868,13/10/2024 04:00,1,1,1
6869,13/10/2024 05:00,1,1,1
6870,13/10/2024 06:00,1,1,1
6871,13/10/2024 07:00,1,1,1
6872,13/10/2024 08:00,1,1,1
6873,13/10/2024 09:00,1,1,1
6874,13/10/2024 10:00,1,1,1
6875,13/10/2024 11:00,1,1,1
6876,13/10/2024 12:00,1,1,1
6877,13/10/2024 13:00,1,1,1
6878,13/10/2024 14:00,1,1,1
6879,13/10/2024 15:00,1,1,1
6880,13/10/2024 16:00,1,1,1
6881,13/10/2024 17:00,1,1,1
6882,13/10/2024 18:00,1,1,1
6883,13/10/2024 19:00,1,1,1
6884,13/10/2024 20:00,1,1,1
6885,13/10/2024 21:00,1,1,1
6886,13/10/2024 22:00,1,1,1
6887,13/10/2024 23:00,1,1,1
6888,14/10/2024 00:00,1,1,1
6889,14/10/2024 01:00,1,1,1
6890,14/10/2024 02:00,1,1,1
6891,14/10/2024 03:00,1,1,1
6892,14/10/2024 04:00,1,1,1
6893,14/10/2024 05:00,1,1,1
6894,14/10/2024 06:00,1,1,1
6895,14/10/2024 07:00,1,1,1
6896,14/10/2024 08:00,1,1,1
6897,14/10/2024 09:00,1,1,1
6898,14/10/2024 10:00,1,1,1
6899,14/10/2024 11:00,1,1,1
6900,14/10/2024 12:00,1,1,1
6901,14/10/2024 13:00,1,1,1
6902,14/10/2024 14:00,1,1,1
6903,14/10/2024 15:00,1,1,1
6904,14/10/2024 16:00,1,1,1
6905,14/10/2024 17:00,1,1,1
6906,14/10/2024 18:00,1,1,1
6907,14/10/2024 19:00,1,1,1
6908,14/10/2024 20:00,1,1,1
6909,14/10/2024 21:00,1,1,1
6910,14/10/2024 22:00,1,1,1
6911,14/10/2024 23:00,1,1,1
6912,15/10/2024 00:00,1,1,1
6913,15/10/2024 01:00,1,1,1
6914,15/10/2024 02:00,1,1,1
6915,15/10/2024 03:00,1,1,1
6916,15/10/2024 04:00,1,1,1
6917,15/10/2024 05:00,1,1,1
6918,15/10/2024 06:00,1,1,1
6919,15/10/2024 07:00,1,1,1
6920,15/10/2024 08:00,1,1,1
6921,15/10/2024 09:00,1,1,1
6922,15/10/2024 10:00,1,1,1
6923,15/10/2024 11:00,1,1,1
6924,15/10/2024 12:00,1,1,1
6925,15/10/2024 13:00,1,1,1
6926,15/10/2024 14:00,1,1,1
6927,15/10/2024 15:00,1,1,1
6928,15/10/2024 16:00,1,1,1
6929,15/10/2024 17:00,1,1,1
6930,15/10/2024 18:00,1,1,1
6931,15/10/2024 19:00,1,1,1
6932,15/10/2024 20:00,1,1,1
6933,15/10/2024 21:00,1,1,1
6934,15/10/2024 22:00,1,1,1
6935,15/10/2024 23:00,1,1,1
6936,16/10/2024 00:00,1,1,1
6937,16/10/2024 01:00,1,1,1
6938,16/10/2024 02:00,1,1,1
6939,16/10/2024 03:00,1,1,1
6940,16/10/2024 04:00,1,1,1
6941,16/10/2024 05:00,1,1,1
6942,16/10/2024 06:00,1,1,1
6943,16/10/2024 07:00,1,1,1
6944,16/10/2024 08:00,1,1,1
6945,16/10/2024 09:00,1,1,1
6946,16/10/2024 10:00,1,1,1
6947,16/10/2024 11:00,1,1,1
6948,16/10/2024 12:00,1,1,1
6949,16/10/2024 13:00,1,1,1
6950,16/10/2024 14:00,1,1,1
6951,16/10/2024 15:00,1,1,1
6952,16/10/2024 16:00,1,1,1
6953,16/10/2024 17:00,1,1,1
6954,16/10/2024 18:00,1,1,1
6955,16/10/2024 19:00,1,1,1
6956,16/10/2024 20:00,1,1,1
6957,16/10/2024 21:00,1,1,1
6958,16/10/2024 22:00,1,1,1
6959,16/10/2024 23:00,1,1,1
6960,17/10/2024 00:00,1,1,1
6961,17/10/2024 01:00,1,1,1
6962,17/10/2024 02:00,1,1,1
6963,17/10/2024 03:00,1,1,1
6964,17/10/2024 04:00,1,1,1
6965,17/10/2024 05:00,1,1,1
6966,17/10/2024 06:00,1,1,1
6967,17/10/2024 07:00,1,1,1
6968,17/10/2024 08:00,1,1,1
6969,17/10/2024 09:00,1,1,1
6970,17/10/2024 10:00,1,1,1
6971,17/10/2024 11:00,1,1,1
6972,17/10/2024 12:00,1,1,1
6973,17/10/2024 13:00,1,1,1
6974,17/10/2024 14:00,1,1,1
6975,17/10/2024 15:00,1,1,1
6976,17/10/2024 16:00,1,1,1
6977,17/10/2024 17:00,1,1,1
6978,17/10/2024 18:00,1,1,1
6979,17/10/2024 19:00,1,1,1
6980,17/10/2024 20:00,1,1,1
6981,17/10/2024 21:00,1,1,1
6982,17/10/2024 22:00,1,1,1
6983,17/10/2024 23:00,1,1,1
6984,18/10/2024 00:00,1,1,1
6985,18/10/2024 01:00,1,1,1
6986,18/10/2024 02:00,1,1,1
6987,18/10/2024 03:00,1,1,1
6988,18/10/2024 04:00,1,1,1
6989,18/10/2024 05:00,1,1,1
6990,18/10/2024 06:00,1,1,1
6991,18/10/2024 07:00,1,1,1
6992,18/10/2024 08:00,1,1,1
6993,18/10/2024 09:00,1,1,1
6994,18/10/2024 10:00,1,1,1
6995,18/10/2024 11:00,1,1,1
6996,18/10/2024 12:00,1,1,1
6997,18/10/2024 13:00,1,1,1
6998,18/10/2024 14:00,1,1,1
6999,18/10/2024 15:00,1,1,1
7000,18/10/2024 16:00,1,1,1
7001,18/10/2024 17:00,1,1,1
7002,18/10/2024 18:00,1,1,1
7003,18/10/2024 19:00,1,1,1
7004,18/10/2024 20:00,1,1,1
7005,18/10/2024 21:00,1,1,1
7006,18/10/2024 22:00,1,1,1
7007,18/10/2024 23:00,1,1,1
7008,19/10/2024 00:00,1,1,1
7009,19/10/2024 01:00,1,1,1
7010,19/10/2024 02:00,1,1,1
7011,19/10/2024 03:00,1,1,1
7012,19/10/2024 04:00,1,1,1
7013,19/10/2024 05:00,1,1,1
7014,19/10/2024 06:00,1,1,1
7015,19/10/2024 07:00,1,1,1
7016,19/10/2024 08:00,1,1,1
7017,19/10/2024 09:00,1,1,1
7018,19/10/2024 10:00,1,1,1
7019,19/10/2024 11:00,1,1,1
7020,19/10/2024 12:00,1,1,1
7021,19/10/2024 13:00,1,1,1
7022,19/10/2024 14:00,1,1,1
7023,19/10/2024 15:00,1,1,1
7024,19/10/2024 16:00,1,1,1
7025,19/10/2024 17:00,1,1,1
7026,19/10/2024 18:00,1,1,1
7027,19/10/2024 19:00,1,1,1
7028,19/10/2024 20:00,1,1,1
7029,19/10/2024 21:00,1,1,1
7030,19/10/2024 22:00,1,1,1
7031,19/10/2024 23:00,1,1,1
7032,20/10/2024 00:00,1,1,1
7033,20/10/2024 01:00,1,1,1
7034,20/10/2024 02:00,1,1,1
7035,20/10/2024 03:00,1,1,1
7036,20/10/2024 04:00,1,1,1
7037,20/10/2024 05:00,1,1,1
7038,20/10/2024 06:00,1,1,1
7039,20/10/2024 07:00,1,1,1
7040,20/10/2024 08:00,1,1,1
7041,20/10/2024 09:00,1,1,1
7042,20/10/2024 10:00,1,1,1
7043,20/10/2024 11:00,1,1,1
7044,20/10/2024 12:00,1,1,1
7045,20/10/2024 13:00,1,1,1
7046,20/10/2024 14:00,1,1,1
7047,20/10/2024 15:00,1,1,1
7048,20/10/2024 16:00,1,1,1
7049,20/10/2024 17:00,1,1,1
7050,20/10/2024 18:00,1,1,1
7051,20/10/2024 19:00,1,1,1
7052,20/10/2024 20:00,1,1,1
7053,20/10/2024 21:00,1,1,1
7054,20/10/2024 22:00,1,1,1
7055,20/10/2024 23:00,1,1,1
7056,21/10/2024 00:00,1,1,1
7057,21/10/2024 01:00,1,1,1
7058,21/10/2024 02:00,1,1,1
7059,21/10/2024 03:00,1,1,1
7060,21/10/2024 04:00,1,1,1
7061,21/10/2024 05:00,1,1,1
7062,21/10/2024 06:00,1,1,1
7063,21/10/2024 07:00,1,1,1
7064,21/10/2024 08:00,1,1,1
7065,21/10/2024 09:00,1,1,1
7066,21/10/2024 10:00,1,1,1
7067,21/10/2024 11:00,1,1,1
7068,21/10/2024 12:00,1,1,1
7069,21/10/2024 13:00,1,1,1
7070,21/10/2024 14:00,1,1,1
7071,21/10/2024 15:00,1,1,1
7072,21/10/2024 16:00,1,1,1
7073,21/10/2024 17:00,1,1,1
7074,21/10/2024 18:00,1,1,1
7075,21/10/2024 19:00,1,1,1
7076,21/10/2024 20:00,1,1,1
7077,21/10/2024 21:00,1,1,1
7078,21/10/2024 22:00,1,1,1
7079,21/10/2024 23:00,1,1,1
7080,22/10/2024 00:00,1,1,1
7081,22/10/2024 01:00,1,1,1
7082,22/10/2024 02:00,1,1,1
7083,22/10/2024 03:00,1,1,1
7084,22/10/2024 04:00,1,1,1
7085,22/10/2024 05:00,1,1,1
7086,22/10/2024 06:00,1,1,1
7087,22/10/2024 07:00,1,1,1
7088,22/10/2024 08:00,1,1,1
7089,22/10/2024 09:00,1,1,1
7090,22/10/2024 10:00,1,1,1
7091,22/10/2024 11:00,1,1,1
7092,22/10/2024 12:00,1,1,1
7093,22/10/2024 13:00,1,1,1
7094,22/10/2024 14:00,1,1,1
7095,22/10/2024 15:00,1,1,1
7096,22/10/2024 16:00,1,1,1
7097,22/10/2024 17:00,1,1,1
7098,22/10/2024 18:00,1,1,1
7099,22/10/2024 19:00,1,1,1
7100,22/10/2024 20:00,1,1,1
7101,22/10/2024 21:00,1,1,1
7102,22/10/2024 22:00,1,1,1
7103,22/10/2024 23:00,1,1,1
7104,23/10/2024 00:00,1,1,1
7105,23/10/2024 01:00,1,1,1
7106,23/10/2024 02:00,1,1,1
7107,23/10/2024 03:00,1,1,1
7108,23/10/2024 04:00,1,1,1
7109,23/10/2024 05:00,1,1,1
7110,23/10/2024 06:00,1,1,1
7111,23/10/2024 07:00,1,1,1
7112,23/10/2024 08:00,1,1,1
7113,23/10/2024 09:00,1,1,1
7114,23/10/2024 10:00,1,1,1
7115,23/10/2024 11:00,1,1,1
7116,23/10/2024 12:00,1,1,1
7117,23/10/2024 13:00,1,1,1
7118,23/10/2024 14:00,1,1,1
7119,23/10/2024 15:00,1,1,1
7120,23/10/2024 16:00,1,1,1
7121,23/10/2024 17:00,1,1,1
7122,23/10/2024 18:00,1,1,1
7123,23/10/2024 19:00,1,1,1
7124,23/10/2024 20:00,1,1,1
7125,23/10/2024 21:00,1,1,1
7126,23/10/2024 22:00,1,1,1
7127,23/10/2024 23:00,1,1,1
7128,24/10/2024 00:00,1,1,1
7129,24/10/2024 01:00,1,1,1
7130,24/10/2024 02:00,1,1,1
7131,24/10/2024 03:00,1,1,1
7132,24/10/2024 04:00,1,1,1
7133,24/10/2024 05:00,1,1,1
7134,24/10/2024 06:00,1,1,1
7135,24/10/2024 07:00,1,1,1
7136,24/10/2024 08:00,1,1,1
7137,24/10/2024 09:00,1,1,1
7138,24/10/2024 10:00,1,1,1
7139,24/10/2024 11:00,1,1,1
7140,24/10/2024 12:00,1,1,1
7141,24/10/2024 13:00,1,1,1
7142,24/10/2024 14:00,1,1,1
7143,24/10/2024 15:00,1,1,1
7144,24/10/2024 16:00,1,1,1
7145,24/10/2024 17:00,1,1,1
7146,24/10/2024 18:00,1,1,1
7147,24/10/2024 19:00,1,1,1
7148,24/10/2024 20:00,1,1,1
7149,24/10/2024 21:00,1,1,1
7150,24/10/2024 22:00,1,1,1
7151,24/10/2024 23:00,1,1,1
7152,25/10/2024 00:00,1,1,1
7153,25/10/2024 01:00,1,1,1
7154,25/10/2024 02:00,1,1,1
7155,25/10/2024 03:00,1,1,1
7156,25/10/2024 04:00,1,1,1
7157,25/10/2024 05:00,1,1,1
7158,25/10/2024 06:00,1,1,1
7159,25/10/2024 07:00,1,1,1
7160,25/10/2024 08:00,1,1,1
7161,25/10/2024 09:00,1,1,1
7162,25/10/2024 10:00,1,1,1
7163,25/10/2024 11:00,1,1,1
7164,25/10/2024 12:00,1,1,1
7165,25/10/2024 13:00,1,1,1
7166,25/10/2024 14:00,1,1,1
7167,25/10/2024 15:00,1,1,1
7168,25/10/2024 16:00,1,1,1
7169,25/10/2024 17:00,1,1,1
7170,25/10/2024 18:00,1,1,1
7171,25/10/2024 19:00,1,1,1
7172,25/10/2024 20:00,1,1,1
7173,25/10/2024 21:00,1,1,1
7174,25/10/2024 22:00,1,1,1
7175,25/10/2024 23:00,1,1,1
7176,26/10/2024 00:00,1,1,1
7177,26/10/2024 01:00,1,1,1
7178,26/10/2024 02:00,1,1,1
7179,26/10/2024 03:00,1,1,1
7180,26/10/2024 04:00,1,1,1
7181,26/10/2024 05:00,1,1,1
7182,26/10/2024 06:00,1,1,1
7183,26/10/2024 07:00,1,1,1
7184,26/10/2024 08:00,1,1,1
7185,26/10/2024 09:00,1,1,1
7186,26/10/2024 10:00,1,1,1
7187,26/10/2024 11:00,1,1,1
7188,26/10/2024 12:00,1,1,1
7189,26/10/2024 13:00,1,1,1
7190,26/10/2024 14:00,1,1,1
7191,26/10/2024 15:00,1,1,1
7192,26/10/2024 16:00,1,1,1
7193,26/10/2024 17:00,1,1,1
7194,26/10/2024 18:00,1,1,1
7195,26/10/2024 19:00,1,1,1
7196,26/10/2024 20:00,1,1,1
7197,26/10/2024 21:00,1,1,1
7198,26/10/2024 22:00,1,1,1
7199,26/10/2024 23:00,1,1,1
7200,27/10/2024 00:00,1,1,1
7201,27/10/2024 01:00,1,1,1
7202,27/10/2024 02:00,1,1,1
7203,27/10/2024 03:00,1,1,1
7204,27/10/2024 04:00,1,1,1
7205,27/10/2024 05:00,1,1,1
7206,27/10/2024 06:00,1,1,1
7207,27/10/2024 07:00,1,1,1
7208,27/10/2024 08:00,1,1,1
7209,27/10/2024 09:00,1,1,1
7210,27/10/2024 10:00,1,1,1
7211,27/10/2024 11:00,1,1,1
7212,27/10/2024 12:00,1,1,1
7213,27/10/2024 13:00,1,1,1
7214,27/10/2024 14:00,1,1,1
7215,27/10/2024 15:00,1,1,1
7216,27/10/2024 16:00,1,1,1
7217,27/10/2024 17:00,1,1,1
7218,27/10/2024 18:00,1,1,1
7219,27/10/2024 19:00,1,1,1
7220,27/10/2024 20:00,1,1,1
7221,27/10/2024 21:00,1,1,1
7222,27/10/2024 22:00,1,1,1
7223,27/10/2024 23:00,1,1,1
7224,28/10/2024 00:00,1,1,1
7225,28/10/2024 01:00,1,1,1
7226,28/10/2024 02:00,1,1,1
7227,28/10/2024 03:00,1,1,1
7228,28/10/2024 04:00,1,1,1
7229,28/10/2024 05:00,1,1,1
7230,28/10/2024 06:00,1,1,1
7231,28/10/2024 07:00,1,1,1
7232,28/10/2024 08:00,1,1,1
7233,28/10/2024 09:00,1,1,1
7234,28/10/2024 10:00,1,1,1
7235,28/10/2024 11:00,1,1,1
7236,28/10/2024 12:00,1,1,1
7237,28/10/2024 13:00,1,1,1
7238,28/10/2024 14:00,1,1,1
7239,28/10/2024 15:00,1,1,1
7240,28/10/2024 16:00,1,1,1
7241,28/10/2024 17:00,1,1,1
7242,28/10/2024 18:00,1,1,1
7243,28/10/2024 19:00,1,1,1
7244,28/10/2024 20:00,1,1,1
7245,28/10/2024 21:00,1,1,1
7246,28/10/2024 22:00,1,1,1
7247,28/10/2024 23:00,1,1,1
7248,29/10/2024 00:00,1,1,1
7249,29/10/2024 01:00,1,1,1
7250,29/10/2024 02:00,1,1,1
7251,29/10/2024 03:00,1,1,1
7252,29/10/2024 04:00,1,1,1
7253,29/10/2024 05:00,1,1,1
7254,29/10/2024 06:00,1,1,1
7255,29/10/2024 07:00,1,1,1
7256,29/10/2024 08:00,1,1,1
7257,29/10/2024 09:00,1,1,1
7258,29/10/2024 10:00,1,1,1
7259,29/10/2024 11:00,1,1,1
7260,29/10/2024 12:00,1,1,1
7261,29/10/2024 13:00,1,1,1
7262,29/10/2024 14:00,1,1,1
7263,29/10/2024 15:00,1,1,1
7264,29/10/2024 16:00,1,1,1
7265,29/10/2024 17:00,1,1,1
7266,29/10/2024 18:00,1,1,1
7267,29/10/2024 19:00,1,1,1
7268,29/10/2024 20:00,1,1,1
7269,29/10/2024 21:00,1,1,1
7270,29/10/2024 22:00,1,1,1
7271,29/10/2024 23:00,1,1,1
7272,30/10/2024 00:00,1,1,1
7273,30/10/2024 01:00,1,1,1
7274,30/10/2024 02:00,1,1,1
7275,30/10/2024 03:00,1,1,1
7276,30/10/2024 04:00,1,1,1
7277,30/10/2024 05:00,1,1,1
7278,30/10/2024 06:00,1,1,1
7279,30/10/2024 07:00,1,1,1
7280,30/10/2024 08:00,1,1,1
7281,30/10/2024 09:00,1,1,1
7282,30/10/2024 10:00,1,1,1
7283,30/10/2024 11:00,1,1,1
7284,30/10/2024 12:00,1,1,1
7285,30/10/2024 13:00,1,1,1
7286,30/10/2024 14:00,1,1,1
7287,30/10/2024 15:00,1,1,1
7288,30/10/2024 16:00,1,1,1
7289,30/10/2024 17:00,1,1,1
7290,30/10/2024 18:00,1,1,1
7291,30/10/2024 19:00,1,1,1
7292,30/10/2024 20:00,1,1,1
7293,30/10/2024 21:00,1,1,1
7294,30/10/2024 22:00,1,1,1
7295,30/10/2024 23:00,1,1,1
7296,31/10/2024 00:00,1,1,1
7297,31/10/2024 01:00,1,1,1
7298,31/10/2024 02:00,1,1,1
7299,31/10/2024 03:00,1,1,1
7300,31/10/2024 04:00,1,1,1
7301,31/10/2024 05:00,1,1,1
7302,31/10/2024 06:00,1,1,1
7303,31/10/2024 07:00,1,1,1
7304,31/10/2024 08:00,1,1,1
7305,31/10/2024 09:00,1,1,1
7306,31/10/2024 10:00,1,1,1
7307,31/10/2024 11:00,1,1,1
7308,31/10/2024 12:00,1,1,1
7309,31/10/2024 13:00,1,1,1
7310,31/10/2024 14:00,1,1,1
7311,31/10/2024 15:00,1,1,1
7312,31/10/2024 16:00,1,1,1
7313,31/10/2024 17:00,1,1,1
7314,31/10/2024 18:00,1,1,1
7315,31/10/2024 19:00,1,1,1
7316,31/10/2024 20:00,1,1,1
7317,31/10/2024 21:00,1,1,1
7318,31/10/2024 22:00,1,1,1
7319,31/10/2024 23:00,1,1,1
7320,01/11/2024 00:00,1,1,1
7321,01/11/2024 01:00,1,1,1
7322,01/11/2024 02:00,1,1,1
7323,01/11/2024 03:00,1,1,1
7324,01/11/2024 04:00,1,1,1
7325,01/11/2024 05:00,1,1,1
7326,01/11/2024 06:00,1,1,1
7327,01/11/2024 07:00,1,1,1
7328,01/11/2024 08:00,1,1,1
7329,01/11/2024 09:00,1,1,1
7330,01/11/2024 10:00,1,1,1
7331,01/11/2024 11:00,1,1,1
7332,01/11/2024 12:00,1,1,1
7333,01/11/2024 13:00,1,1,1
7334,01/11/2024 14:00,1,1,1
7335,01/11/2024 15:00,1,1,1
7336,01/11/2024 16:00,1,1,1
7337,01/11/2024 17:00,1,1,1
7338,01/11/2024 18:00,1,1,1
7339,01/11/2024 19:00,1,1,1
7340,01/11/2024 20:00,1,1,1
7341,01/11/2024 21:00,1,1,1
7342,01/11/2024 22:00,1,1,1
7343,01/11/2024 23:00,1,1,1
7344,02/11/2024 00:00,1,1,1
7345,02/11/2024 01:00,1,1,1
7346,02/11/2024 02:00,1,1,1
7347,02/11/2024 03:00,1,1,1
7348,02/11/2024 04:00,1,1,1
7349,02/11/2024 05:00,1,1,1
7350,02/11/2024 06:00,1,1,1
7351,02/11/2024 07:00,1,1,1
7352,02/11/2024 08:00,1,1,1
7353,02/11/2024 09:00,1,1,1
7354,02/11/2024 10:00,1,1,1
7355,02/11/2024 11:00,1,1,1
7356,02/11/2024 12:00,1,1,1
7357,02/11/2024 13:00,1,1,1
7358,02/11/2024 14:00,1,1,1
7359,02/11/2024 15:00,1,1,1
7360,02/11/2024 16:00,1,1,1
7361,02/11/2024 17:00,1,1,1
7362,02/11/2024 18:00,1,1,1
7363,02/11/2024 19:00,1,1,1
7364,02/11/2024 20:00,1,1,1
7365,02/11/2024 21:00,1,1,1
7366,02/11/2024 22:00,1,1,1
7367,02/11/2024 23:00,1,1,1
7368,03/11/2024 00:00,1,1,1
7369,03/11/2024 01:00,1,1,1
7370,03/11/2024 02:00,1,1,1
7371,03/11/2024 03:00,1,1,1
7372,03/11/2024 04:00,1,1,1
7373,03/11/2024 05:00,1,1,1
7374,03/11/2024 06:00,1,1,1
7375,03/11/2024 07:00,1,1,1
7376,03/11/2024 08:00,1,1,1
7377,03/11/2024 09:00,1,1,1
7378,03/11/2024 10:00,1,1,1
7379,03/11/2024 11:00,1,1,1
7380,03/11/2024 12:00,1,1,1
7381,03/11/2024 13:00,1,1,1
7382,03/11/2024 14:00,1,1,1
7383,03/11/2024 15:00,1,1,1
7384,03/11/2024 16:00,1,1,1
7385,03/11/2024 17:00,1,1,1
7386,03/11/2024 18:00,1,1,1
7387,03/11/2024 19:00,1,1,1
7388,03/11/2024 20:00,1,1,1
7389,03/11/2024 21:00,1,1,1
7390,03/11/2024 22:00,1,1,1
7391,03/11/2024 23:00,1,1,1
7392,04/11/2024 00:00,1,1,1
7393,04/11/2024 01:00,1,1,1
7394,04/11/2024 02:00,1,1,1
7395,04/11/2024 03:00,1,1,1
7396,04/11/2024 04:00,1,1,1
7397,04/11/2024 05:00,1,1,1
7398,04/11/2024 06:00,1,1,1
7399,04/11/2024 07:00,1,1,1
7400,04/11/2024 08:00,1,1,1
7401,04/11/2024 09:00,1,1,1
7402,04/11/2024 10:00,1,1,1
7403,04/11/2024 11:00,1,1,1
7404,04/11/2024 12:00,1,1,1
7405,04/11/2024 13:00,1,1,1
7406,04/11/2024 14:00,1,1,1
7407,04/11/2024 15:00,1,1,1
7408,04/11/2024 16:00,1,1,1
7409,04/11/2024 17:00,1,1,1
7410,04/11/2024 18:00,1,1,1
7411,04/11/2024 19:00,1,1,1
7412,04/11/2024 20:00,1,1,1
7413,04/11/2024 21:00,1,1,1
7414,04/11/2024 22:00,1,1,1
7415,04/11/2024 23:00,1,1,1
7416,05/11/2024 00:00,1,1,1
7417,05/11/2024 01:00,1,1,1
7418,05/11/2024 02:00,1,1,1
7419,05/11/2024 03:00,1,1,1
7420,05/11/2024 04:00,1,1,1
7421,05/11/2024 05:00,1,1,1
7422,05/11/2024 06:00,1,1,1
7423,05/11/2024 07:00,1,1,1
7424,05/11/2024 08:00,1,1,1
7425,05/11/2024 09:00,1,1,1
7426,05/11/2024 10:00,1,1,1
7427,05/11/2024 11:00,1,1,1
7428,05/11/2024 12:00,1,1,1
7429,05/11/2024 13:00,1,1,1
7430,05/11/2024 14:00,1,1,1
7431,05/11/2024 15:00,1,1,1
7432,05/11/2024 16:00,1,1,1
7433,05/11/2024 17:00,1,1,1
7434,05/11/2024 18:00,1,1,1
7435,05/11/2024 19:00,1,1,1
7436,05/11/2024 20:00,1,1,1
7437,05/11/2024 21:00,1,1,1
7438,05/11/2024 22:00,1,1,1
7439,05/11/2024 23:00,1,1,1
7440,06/11/2024 00:00,1,1,1
7441,06/11/2024 01:00,1,1,1
7442,06/11/2024 02:00,1,1,1
7443,06/11/2024 03:00,1,1,1
7444,06/11/2024 04:00,1,1,1
7445,06/11/2024 05:00,1,1,1
7446,06/11/2024 06:00,1,1,1
7447,06/11/2024 07:00,1,1,1
7448,06/11/2024 08:00,1,1,1
7449,06/11/2024 09:00,1,1,1
7450,06/11/2024 10:00,1,1,1
7451,06/11/2024 11:00,1,1,1
7452,06/11/2024 12:00,1,1,1
7453,06/11/2024 13:00,1,1,1
7454,06/11/2024 14:00,1,1,1
7455,06/11/2024 15:00,1,1,1
7456,06/11/2024 16:00,1,1,1
7457,06/11/2024 17:00,1,1,1
7458,06/11/2024 18:00,1,1,1
7459,06/11/2024 19:00,1,1,1
7460,06/11/2024 20:00,1,1,1
7461,06/11/2024 21:00,1,1,1
7462,06/11/2024 22:00,1,1,1
7463,06/11/2024 23:00,1,1,1
7464,07/11/2024 00:00,1,1,1
7465,07/11/2024 01:00,1,1,1
7466,07/11/2024 02:00,1,1,1
7467,07/11/2024 03:00,1,1,1
7468,07/11/2024 04:00,1,1,1
7469,07/11/2024 05:00,1,1,1
7470,07/11/2024 06:00,1,1,1
7471,07/11/2024 07:00,1,1,1
7472,07/11/2024 08:00,1,1,1
7473,07/11/2024 09:00,1,1,1
7474,07/11/2024 10:00,1,1,1
7475,07/11/2024 11:00,1,1,1
7476,07/11/2024 12:00,1,1,1
7477,07/11/2024 13:00,1,1,1
7478,07/11/2024 14:00,1,1,1
7479,07/11/2024 15:00,1,1,1
7480,07/11/2024 16:00,1,1,1
7481,07/11/2024 17:00,1,1,1
7482,07/11/2024 18:00,1,1,1
7483,07/11/2024 19:00,1,1,1
7484,07/11/2024 20:00,1,1,1
7485,07/11/2024 21:00,1,1,1
7486,07/11/2024 22:00,1,1,1
7487,07/11/2024 23:00,1,1,1
7488,08/11/2024 00:00,1,1,1
7489,08/11/2024 01:00,1,1,1
7490,08/11/2024 02:00,1,1,1
7491,08/11/2024 03:00,1,1,1
7492,08/11/2024 04:00,1,1,1
7493,08/11/2024 05:00,1,1,1
7494,08/11/2024 06:00,1,1,1
7495,08/11/2024 07:00,1,1,1
7496,08/11/2024 08:00,1,1,1
7497,08/11/2024 09:00,1,1,1
7498,08/11/2024 10:00,1,1,1
7499,08/11/2024 11:00,1,1,1
7500,08/11/2024 12:00,1,1,1
7501,08/11/2024 13:00,1,1,1
7502,08/11/2024 14:00,1,1,1
7503,08/11/2024 15:00,1,1,1
7504,08/11/2024 16:00,1,1,1
7505,08/11/2024 17:00,1,1,1
7506,08/11/2024 18:00,1,1,1
7507,08/11/2024 19:00,1,1,1
7508,08/11/2024 20:00,1,1,1
7509,08/11/2024 21:00,1,1,1
7510,08/11/2024 22:00,1,1,1
7511,08/11/2024 23:00,1,1,1
7512,09/11/2024 00:00,1,1,1
7513,09/11/2024 01:00,1,1,1
7514,09/11/2024 02:00,1,1,1
7515,09/11/2024 03:00,1,1,1
7516,09/11/2024 04:00,1,1,1
7517,09/11/2024 05:00,1,1,1
7518,09/11/2024 06:00,1,1,1
7519,09/11/2024 07:00,1,1,1
7520,09/11/2024 08:00,1,1,1
7521,09/11/2024 09:00,1,1,1
7522,09/11/2024 10:00,1,1,1
7523,09/11/2024 11:00,1,1,1
7524,09/11/2024 12:00,1,1,1
7525,09/11/2024 13:00,1,1,1
7526,09/11/2024 14:00,1,1,1
7527,09/11/2024 15:00,1,1,1
7528,09/11/2024 16:00,1,1,1
7529,09/11/2024 17:00,1,1,1
7530,09/11/2024 18:00,1,1,1
7531,09/11/2024 19:00,1,1,1
7532,09/11/2024 20:00,1,1,1
7533,09/11/2024 21:00,1,1,1
7534,09/11/2024 22:00,1,1,1
7535,09/11/2024 23:00,1,1,1
7536,10/11/2024 00:00,1,1,1
7537,10/11/2024 01:00,1,1,1
7538,10/11/2024 02:00,1,1,1
7539,10/11/2024 03:00,1,1,1
7540,10/11/2024 04:00,1,1,1
7541,10/11/2024 05:00,1,1,1
7542,10/11/2024 06:00,1,1,1
7543,10/11/2024 07:00,1,1,1
7544,10/11/2024 08:00,1,1,1
7545,10/11/2024 09:00,1,1,1
7546,10/11/2024 10:00,1,1,1
7547,10/11/2024 11:00,1,1,1
7548,10/11/2024 12:00,1,1,1
7549,10/11/2024 13:00,1,1,1
7550,10/11/2024 14:00,1,1,1
7551,10/11/2024 15:00,1,1,1
7552,10/11/2024 16:00,1,1,1
7553,10/11/2024 17:00,1,1,1
7554,10/11/2024 18:00,1,1,1
7555,10/11/2024 19:00,1,1,1
7556,10/11/2024 20:00,1,1,1
7557,10/11/2024 21:00,1,1,1
7558,10/11/2024 22:00,1,1,1
7559,10/11/2024 23:00,1,1,1
7560,11/11/2024 00:00,1,1,1
7561,11/11/2024 01:00,1,1,1
7562,11/11/2024 02:00,1,1,1
7563,11/11/2024 03:00,1,1,1
7564,11/11/2024 04:00,1,1,1
7565,11/11/2024 05:00,1,1,1
7566,11/11/2024 06:00,1,1,1
7567,11/11/2024 07:00,1,1,1
7568,11/11/2024 08:00,1,1,1
7569,11/11/2024 09:00,1,1,1
7570,11/11/2024 10:00,1,1,1
7571,11/11/2024 11:00,1,1,1
7572,11/11/2024 12:00,1,1,1
7573,11/11/2024 13:00,1,1,1
7574,11/11/2024 14:00,1,1,1
7575,11/11/2024 15:00,1,1,1
7576,11/11/2024 16:00,1,1,1
7577,11/11/2024 17:00,1,1,1
7578,11/11/2024 18:00,1,1,1
7579,11/11/2024 19:00,1,1,1
7580,11/11/2024 20:00,1,1,1
7581,11/11/2024 21:00,1,1,1
7582,11/11/2024 22:00,1,1,1
7583,11/11/2024 23:00,1,1,1
7584,12/11/2024 00:00,1,1,1
7585,12/11/2024 01:00,1,1,1
7586,12/11/2024 02:00,1,1,1
7587,12/11/2024 03:00,1,1,1
7588,12/11/2024 04:00,1,1,1
7589,12/11/2024 05:00,1,1,1
7590,12/11/2024 06:00,1,1,1
7591,12/11/2024 07:00,1,1,1
7592,12/11/2024 08:00,1,1,1
7593,12/11/2024 09:00,1,1,1
7594,12/11/2024 10:00,1,1,1
7595,12/11/2024 11:00,1,1,1
7596,12/11/2024 12:00,1,1,1
7597,12/11/2024 13:00,1,1,1
7598,12/11/2024 14:00,1,1,1
7599,12/11/2024 15:00,1,1,1
7600,12/11/2024 16:00,1,1,1
7601,12/11/2024 17:00,1,1,1
7602,12/11/2024 18:00,1,1,1
7603,12/11/2024 19:00,1,1,1
7604,12/11/2024 20:00,1,1,1
7605,12/11/2024 21:00,1,1,1
7606,12/11/2024 22:00,1,1,1
7607,12/11/2024 23:00,1,1,1
7608,13/11/2024 00:00,1,1,1
7609,13/11/2024 01:00,1,1,1
7610,13/11/2024 02:00,1,1,1
7611,13/11/2024 03:00,1,1,1
7612,13/11/2024 04:00,1,1,1
7613,13/11/2024 05:00,1,1,1
7614,13/11/2024 06:00,1,1,1
7615,13/11/2024 07:00,1,1,1
7616,13/11/2024 08:00,1,1,1
7617,13/11/2024 09:00,1,1,1
7618,13/11/2024 10:00,1,1,1
7619,13/11/2024 11:00,1,1,1
7620,13/11/2024 12:00,1,1,1
7621,13/11/2024 13:00,1,1,1
7622,13/11/2024 14:00,1,1,1
7623,13/11/2024 15:00,1,1,1
7624,13/11/2024 16:00,1,1,1
7625,13/11/2024 17:00,1,1,1
7626,13/11/2024 18:00,1,1,1
7627,13/11/2024 19:00,1,1,1
7628,13/11/2024 20:00,1,1,1
7629,13/11/2024 21:00,1,1,1
7630,13/11/2024 22:00,1,1,1
7631,13/11/2024 23:00,1,1,1
7632,14/11/2024 00:00,1,1,1
7633,14/11/2024 01:00,1,1,1
7634,14/11/2024 02:00,1,1,1
7635,14/11/2024 03:00,1,1,1
7636,14/11/2024 04:00,1,1,1
7637,14/11/2024 05:00,1,1,1
7638,14/11/2024 06:00,1,1,1
7639,14/11/2024 07:00,1,1,1
7640,14/11/2024 08:00,1,1,1
7641,14/11/2024 09:00,1,1,1
7642,14/11/2024 10:00,1,1,1
7643,14/11/2024 11:00,1,1,1
7644,14/11/2024 12:00,1,1,1
7645,14/11/2024 13:00,1,1,1
7646,14/11/2024 14:00,1,1,1
7647,14/11/2024 15:00,1,1,1
7648,14/11/2024 16:00,1,1,1
7649,14/11/2024 17:00,1,1,1
7650,14/11/2024 18:00,1,1,1
7651,14/11/2024 19:00,1,1,1
7652,14/11/2024 20:00,1,1,1
7653,14/11/2024 21:00,1,1,1
7654,14/11/2024 22:00,1,1,1
7655,14/11/2024 23:00,1,1,1
7656,15/11/2024 00:00,1,1,1
7657,15/11/2024 01:00,1,1,1
7658,15/11/2024 02:00,1,1,1
7659,15/11/2024 03:00,1,1,1
7660,15/11/2024 04:00,1,1,1
7661,15/11/2024 05:00,1,1,1
7662,15/11/2024 06:00,1,1,1
7663,15/11/2024 07:00,1,1,1
7664,15/11/2024 08:00,1,1,1
7665,15/11/2024 09:00,1,1,1
7666,15/11/2024 10:00,1,1,1
7667,15/11/2024 11:00,1,1,1
7668,15/11/2024 12:00,1,1,1
7669,15/11/2024 13:00,1,1,1
7670,15/11/2024 14:00,1,1,1
7671,15/11/2024 15:00,1,1,1
7672,15/11/2024 16:00,1,1,1
7673,15/11/2024 17:00,1,1,1
7674,15/11/2024 18:00,1,1,1
7675,15/11/2024 19:00,1,1,1
7676,15/11/2024 20:00,1,1,1
7677,15/11/2024 21:00,1,1,1
7678,15/11/2024 22:00,1,1,1
7679,15/11/2024 23:00,1,1,1
7680,16/11/2024 00:00,1,1,1
7681,16/11/2024 01:00,1,1,1
7682,16/11/2024 02:00,1,1,1
7683,16/11/2024 03:00,1,1,1
7684,16/11/2024 04:00,1,1,1
7685,16/11/2024 05:00,1,1,1
7686,16/11/2024 06:00,1,1,1
7687,16/11/2024 07:00,1,1,1
7688,16/11/2024 08:00,1,1,1
7689,16/11/2024 09:00,1,1,1
7690,16/11/2024 10:00,1,1,1
7691,16/11/2024 11:00,1,1,1
7692,16/11/2024 12:00,1,1,1
7693,16/11/2024 13:00,1,1,1
7694,16/11/2024 14:00,1,1,1
7695,16/11/2024 15:00,1,1,1
7696,16/11/2024 16:00,1,1,1
7697,16/11/2024 17:00,1,1,1
7698,16/11/2024 18:00,1,1,1
7699,16/11/2024 19:00,1,1,1
7700,16/11/2024 20:00,1,1,1
7701,16/11/2024 21:00,1,1,1
7702,16/11/2024 22:00,1,1,1
7703,16/11/2024 23:00,1,1,1
7704,17/11/2024 00:00,1,1,1
7705,17/11/2024 01:00,1,1,1
7706,17/11/2024 02:00,1,1,1
7707,17/11/2024 03:00,1,1,1
7708,17/11/2024 04:00,1,1,1
7709,17/11/2024 05:00,1,1,1
7710,17/11/2024 06:00,1,1,1
7711,17/11/2024 07:00,1,1,1
7712,17/11/2024 08:00,1,1,1
7713,17/11/2024 09:00,1,1,1
7714,17/11/2024 10:00,1,1,1
7715,17/11/2024 11:00,1,1,1
7716,17/11/2024 12:00,1,1,1
7717,17/11/2024 13:00,1,1,1
7718,17/11/2024 14:00,1,1,1
7719,17/11/2024 15:00,1,1,1
7720,17/11/2024 16:00,1,1,1
7721,17/11/2024 17:00,1,1,1
7722,17/11/2024 18:00,1,1,1
7723,17/11/2024 19:00,1,1,1
7724,17/11/2024 20:00,1,1,1
7725,17/11/2024 21:00,1,1,1
7726,17/11/2024 22:00,1,1,1
7727,17/11/2024 23:00,1,1,1
7728,18/11/2024 00:00,1,1,1
7729,18/11/2024 01:00,1,1,1
7730,18/11/2024 02:00,1,1,1
7731,18/11/2024 03:00,1,1,1
7732,18/11/2024 04:00,1,1,1
7733,18/11/2024 05:00,1,1,1
7734,18/11/2024 06:00,1,1,1
7735,18/11/2024 07:00,1,1,1
7736,18/11/2024 08:00,1,1,1
7737,18/11/2024 09:00,1,1,1
7738,18/11/2024 10:00,1,1,1
7739,18/11/2024 11:00,1,1,1
7740,18/11/2024 12:00,1,1,1
7741,18/11/2024 13:00,1,1,1
7742,18/11/2024 14:00,1,1,1
7743,18/11/2024 15:00,1,1,1
7744,18/11/2024 16:00,1,1,1
7745,18/11/2024 17:00,1,1,1
7746,18/11/2024 18:00,1,1,1
7747,18/11/2024 19:00,1,1,1
7748,18/11/2024 20:00,1,1,1
7749,18/11/2024 21:00,1,1,1
7750,18/11/2024 22:00,1,1,1
7751,18/11/2024 23:00,1,1,1
7752,19/11/2024 00:00,1,1,1
7753,19/11/2024 01:00,1,1,1
7754,19/11/2024 02:00,1,1,1
7755,19/11/2024 03:00,1,1,1
7756,19/11/2024 04:00,1,1,1
7757,19/11/2024 05:00,1,1,1
7758,19/11/2024 06:00,1,1,1
7759,19/11/2024 07:00,1,1,1
7760,19/11/2024 08:00,1,1,1
7761,19/11/2024 09:00,1,1,1
7762,19/11/2024 10:00,1,1,1
7763,19/11/2024 11:00,1,1,1
7764,19/11/2024 12:00,1,1,1
7765,19/11/2024 13:00,1,1,1
7766,19/11/2024 14:00,1,1,1
7767,19/11/2024 15:00,1,1,1
7768,19/11/2024 16:00,1,1,1
7769,19/11/2024 17:00,1,1,1
7770,19/11/2024 18:00,1,1,1
7771,19/11/2024 19:00,1,1,1
7772,19/11/2024 20:00,1,1,1
7773,19/11/2024 21:00,1,1,1
7774,19/11/2024 22:00,1,1,1
7775,19/11/2024 23:00,1,1,1
7776,20/11/2024 00:00,1,1,1
7777,20/11/2024 01:00,1,1,1
7778,20/11/2024 02:00,1,1,1
7779,20/11/2024 03:00,1,1,1
7780,20/11/2024 04:00,1,1,1
7781,20/11/2024 05:00,1,1,1
7782,20/11/2024 06:00,1,1,1
7783,20/11/2024 07:00,1,1,1
7784,20/11/2024 08:00,1,1,1
7785,20/11/2024 09:00,1,1,1
7786,20/11/2024 10:00,1,1,1
7787,20/11/2024 11:00,1,1,1
7788,20/11/2024 12:00,1,1,1
7789,20/11/2024 13:00,1,1,1
7790,20/11/2024 14:00,1,1,1
7791,20/11/2024 15:00,1,1,1
7792,20/11/2024 16:00,1,1,1
7793,20/11/2024 17:00,1,1,1
7794,20/11/2024 18:00,1,1,1
7795,20/11/2024 19:00,1,1,1
7796,20/11/2024 20:00,1,1,1
7797,20/11/2024 21:00,1,1,1
7798,20/11/2024 22:00,1,1,1
7799,20/11/2024 23:00,1,1,1
7800,21/11/2024 00:00,1,1,1
7801,21/11/2024 01:00,1,1,1
7802,21/11/2024 02:00,1,1,1
7803,21/11/2024 03:00,1,1,1
7804,21/11/2024 04:00,1,1,1
7805,21/11/2024 05:00,1,1,1
7806,21/11/2024 06:00,1,1,1
7807,21/11/2024 07:00,1,1,1
7808,21/11/2024 08:00,1,1,1
7809,21/11/2024 09:00,1,1,1
7810,21/11/2024 10:00,1,1,1
7811,21/11/2024 11:00,1,1,1
7812,21/11/2024 12:00,1,1,1
7813,21/11/2024 13:00,1,1,1
7814,21/11/2024 14:00,1,1,1
7815,21/11/2024 15:00,1,1,1
7816,21/11/2024 16:00,1,1,1
7817,21/11/2024 17:00,1,1,1
7818,21/11/2024 18:00,1,1,1
7819,21/11/2024 19:00,1,1,1
7820,21/11/2024 20:00,1,1,1
7821,21/11/2024 21:00,1,1,1
7822,21/11/2024 22:00,1,1,1
7823,21/11/2024 23:00,1,1,1
7824,22/11/2024 00:00,1,1,1
7825,22/11/2024 01:00,1,1,1
7826,22/11/2024 02:00,1,1,1
7827,22/11/2024 03:00,1,1,1
7828,22/11/2024 04:00,1,1,1
7829,22/11/2024 05:00,1,1,1
7830,22/11/2024 06:00,1,1,1
7831,22/11/2024 07:00,1,1,1
7832,22/11/2024 08:00,1,1,1
7833,22/11/2024 09:00,1,1,1
7834,22/11/2024 10:00,1,1,1
7835,22/11/2024 11:00,1,1,1
7836,22/11/2024 12:00,1,1,1
7837,22/11/2024 13:00,1,1,1
7838,22/11/2024 14:00,1,1,1
7839,22/11/2024 15:00,1,1,1
7840,22/11/2024 16:00,1,1,1
7841,22/11/2024 17:00,1,1,1
7842,22/11/2024 18:00,1,1,1
7843,22/11/2024 19:00,1,1,1
7844,22/11/2024 20:00,1,1,1
7845,22/11/2024 21:00,1,1,1
7846,22/11/2024 22:00,1,1,1
7847,22/11/2024 23:00,1,1,1
7848,23/11/2024 00:00,1,1,1
7849,23/11/2024 01:00,1,1,1
7850,23/11/2024 02:00,1,1,1
7851,23/11/2024 03:00,1,1,1
7852,23/11/2024 04:00,1,1,1
7853,23/11/2024 05:00,1,1,1
7854,23/11/2024 06:00,1,1,1
7855,23/11/2024 07:00,1,1,1
7856,23/11/2024 08:00,1,1,1
7857,23/11/2024 09:00,1,1,1
7858,23/11/2024 10:00,1,1,1
7859,23/11/2024 11:00,1,1,1
7860,23/11/2024 12:00,1,1,1
7861,23/11/2024 13:00,1,1,1
7862,23/11/2024 14:00,1,1,1
7863,23/11/2024 15:00,1,1,1
7864,23/11/2024 16:00,1,1,1
7865,23/11/2024 17:00,1,1,1
7866,23/11/2024 18:00,1,1,1
7867,23/11/2024 19:00,1,1,1
7868,23/11/2024 20:00,1,1,1
7869,23/11/2024 21:00,1,1,1
7870,23/11/2024 22:00,1,1,1
7871,23/11/2024 23:00,1,1,1
7872,24/11/2024 00:00,1,1,1
7873,24/11/2024 01:00,1,1,1
7874,24/11/2024 02:00,1,1,1
7875,24/11/2024 03:00,1,1,1
7876,24/11/2024 04:00,1,1,1
7877,24/11/2024 05:00,1,1,1
7878,24/11/2024 06:00,1,1,1
7879,24/11/2024 07:00,1,1,1
7880,24/11/2024 08:00,1,1,1
7881,24/11/2024 09:00,1,1,1
7882,24/11/2024 10:00,1,1,1
7883,24/11/2024 11:00,1,1,1
7884,24/11/2024 12:00,1,1,1
7885,24/11/2024 13:00,1,1,1
7886,24/11/2024 14:00,1,1,1
7887,24/11/2024 15:00,1,1,1
7888,24/11/2024 16:00,1,1,1
7889,24/11/2024 17:00,1,1,1
7890,24/11/2024 18:00,1,1,1
7891,24/11/2024 19:00,1,1,1
7892,24/11/2024 20:00,1,1,1
7893,24/11/2024 21:00,1,1,1
7894,24/11/2024 22:00,1,1,1
7895,24/11/2024 23:00,1,1,1
7896,25/11/2024 00:00,1,1,1
7897,25/11/2024 01:00,1,1,1
7898,25/11/2024 02:00,1,1,1
7899,25/11/2024 03:00,1,1,1
7900,25/11/2024 04:00,1,1,1
7901,25/11/2024 05:00,1,1,1
7902,25/11/2024 06:00,1,1,1
7903,25/11/2024 07:00,1,1,1
7904,25/11/2024 08:00,1,1,1
7905,25/11/2024 09:00,1,1,1
7906,25/11/2024 10:00,1,1,1
7907,25/11/2024 11:00,1,1,1
7908,25/11/2024 12:00,1,1,1
7909,25/11/2024 13:00,1,1,1
7910,25/11/2024 14:00,1,1,1
7911,25/11/2024 15:00,1,1,1
7912,25/11/2024 16:00,1,1,1
7913,25/11/2024 17:00,1,1,1
7914,25/11/2024 18:00,1,1,1
7915,25/11/2024 19:00,1,1,1
7916,25/11/2024 20:00,1,1,1
7917,25/11/2024 21:00,1,1,1
7918,25/11/2024 22:00,1,1,1
7919,25/11/2024 23:00,1,1,1
7920,26/11/2024 00:00,1,1,1
7921,26/11/2024 01:00,1,1,1
7922,26/11/2024 02:00,1,1,1
7923,26/11/2024 03:00,1,1,1
7924,26/11/2024 04:00,1,1,1
7925,26/11/2024 05:00,1,1,1
7926,26/11/2024 06:00,1,1,1
7927,26/11/2024 07:00,1,1,1
7928,26/11/2024 08:00,1,1,1
7929,26/11/2024 09:00,1,1,1
7930,26/11/2024 10:00,1,1,1
7931,26/11/2024 11:00,1,1,1
7932,26/11/2024 12:00,1,1,1
7933,26/11/2024 13:00,1,1,1
7934,26/11/2024 14:00,1,1,1
7935,26/11/2024 15:00,1,1,1
7936,26/11/2024 16:00,1,1,1
7937,26/11/2024 17:00,1,1,1
7938,26/11/2024 18:00,1,1,1
7939,26/11/2024 19:00,1,1,1
7940,26/11/2024 20:00,1,1,1
7941,26/11/2024 21:00,1,1,1
7942,26/11/2024 22:00,1,1,1
7943,26/11/2024 23:00,1,1,1
7944,27/11/2024 00:00,1,1,1
7945,27/11/2024 01:00,1,1,1
7946,27/11/2024 02:00,1,1,1
7947,27/11/2024 03:00,1,1,1
7948,27/11/2024 04:00,1,1,1
7949,27/11/2024 05:00,1,1,1
7950,27/11/2024 06:00,1,1,1
7951,27/11/2024 07:00,1,1,1
7952,27/11/2024 08:00,1,1,1
7953,27/11/2024 09:00,1,1,1
7954,27/11/2024 10:00,1,1,1
7955,27/11/2024 11:00,1,1,1
7956,27/11/2024 12:00,1,1,1
7957,27/11/2024 13:00,1,1,1
7958,27/11/2024 14:00,1,1,1
7959,27/11/2024 15:00,1,1,1
7960,27/11/2024 16:00,1,1,1
7961,27/11/2024 17:00,1,1,1
7962,27/11/2024 18:00,1,1,1
7963,27/11/2024 19:00,1,1,1
7964,27/11/2024 20:00,1,1,1
7965,27/11/2024 21:00,1,1,1
7966,27/11/2024 22:00,1,1,1
7967,27/11/2024 23:00,1,1,1
7968,28/11/2024 00:00,1,1,1
7969,28/11/2024 01:00,1,1,1
7970,28/11/2024 02:00,1,1,1
7971,28/11/2024 03:00,1,1,1
7972,28/11/2024 04:00,1,1,1
7973,28/11/2024 05:00,1,1,1
7974,28/11/2024 06:00,1,1,1
7975,28/11/2024 07:00,1,1,1
7976,28/11/2024 08:00,1,1,1
7977,28/11/2024 09:00,1,1,1
7978,28/11/2024 10:00,1,1,1
7979,28/11/2024 11:00,1,1,1
7980,28/11/2024 12:00,1,1,1
7981,28/11/2024 13:00,1,1,1
7982,28/11/2024 14:00,1,1,1
7983,28/11/2024 15:00,1,1,1
7984,28/11/2024 16:00,1,1,1
7985,28/11/2024 17:00,1,1,1
7986,28/11/2024 18:00,1,1,1
7987,28/11/2024 19:00,1,1,1
7988,28/11/2024 20:00,1,1,1
7989,28/11/2024 21:00,1,1,1
7990,28/11/2024 22:00,1,1,1
7991,28/11/2024 23:00,1,1,1
7992,29/11/2024 00:00,1,1,1
7993,29/11/2024 01:00,1,1,1
7994,29/11/2024 02:00,1,1,1
7995,29/11/2024 03:00,1,1,1
7996,29/11/2024 04:00,1,1,1
7997,29/11/2024 05:00,1,1,1
7998,29/11/2024 06:00,1,1,1
7999,29/11/2024 07:00,1,1,1
8000,29/11/2024 08:00,1,1,1
8001,29/11/2024 09:00,1,1,1
8002,29/11/2024 10:00,1,1,1
8003,29/11/2024 11:00,1,1,1
8004,29/11/2024 12:00,1,1,1
8005,29/11/2024 13:00,1,1,1
8006,29/11/2024 14:00,1,1,1
8007,29/11/2024 15:00,1,1,1
8008,29/11/2024 16:00,1,1,1
8009,29/11/2024 17:00,1,1,1
8010,29/11/2024 18:00,1,1,1
8011,29/11/2024 19:00,1,1,1
8012,29/11/2024 20:00,1,1,1
8013,29/11/2024 21:00,1,1,1
8014,29/11/2024 22:00,1,1,1
8015,29/11/2024 23:00,1,1,1
8016,30/11/2024 00:00,1,1,1
8017,30/11/2024 01:00,1,1,1
8018,30/11/2024 02:00,1,1,1
8019,30/11/2024 03:00,1,1,1
8020,30/11/2024 04:00,1,1,1
8021,30/11/2024 05:00,1,1,1
8022,30/11/2024 06:00,1,1,1
8023,30/11/2024 07:00,1,1,1
8024,30/11/2024 08:00,1,1,1
8025,30/11/2024 09:00,1,1,1
8026,30/11/2024 10:00,1,1,1
8027,30/11/2024 11:00,1,1,1
8028,30/11/2024 12:00,1,1,1
8029,30/11/2024 13:00,1,1,1
8030,30/11/2024 14:00,1,1,1
8031,30/11/2024 15:00,1,1,1
8032,30/11/2024 16:00,1,1,1
8033,30/11/2024 17:00,1,1,1
8034,30/11/2024 18:00,1,1,1
8035,30/11/2024 19:00,1,1,1
8036,30/11/2024 20:00,1,1,1
8037,30/11/2024 21:00,1,1,1
8038,30/11/2024 22:00,1,1,1
8039,30/11/2024 23:00,1,1,1
8040,01/12/2024 00:00,1,1,1
8041,01/12/2024 01:00,1,1,1
8042,01/12/2024 02:00,1,1,1
8043,01/12/2024 03:00,1,1,1
8044,01/12/2024 04:00,1,1,1
8045,01/12/2024 05:00,1,1,1
8046,01/12/2024 06:00,1,1,1
8047,01/12/2024 07:00,1,1,1
8048,01/12/2024 08:00,1,1,1
8049,01/12/2024 09:00,1,1,1
8050,01/12/2024 10:00,1,1,1
8051,01/12/2024 11:00,1,1,1
8052,01/12/2024 12:00,1,1,1
8053,01/12/2024 13:00,1,1,1
8054,01/12/2024 14:00,1,1,1
8055,01/12/2024 15:00,1,1,1
8056,01/12/2024 16:00,1,1,1
8057,01/12/2024 17:00,1,1,1
8058,01/12/2024 18:00,1,1,1
8059,01/12/2024 19:00,1,1,1
8060,01/12/2024 20:00,1,1,1
8061,01/12/2024 21:00,1,1,1
8062,01/12/2024 22:00,1,1,1
8063,01/12/2024 23:00,1,1,1
8064,02/12/2024 00:00,1,1,1
8065,02/12/2024 01:00,1,1,1
8066,02/12/2024 02:00,1,1,1
8067,02/12/2024 03:00,1,1,1
8068,02/12/2024 04:00,1,1,1
8069,02/12/2024 05:00,1,1,1
8070,02/12/2024 06:00,1,1,1
8071,02/12/2024 07:00,1,1,1
8072,02/12/2024 08:00,1,1,1
8073,02/12/2024 09:00,1,1,1
8074,02/12/2024 10:00,1,1,1
8075,02/12/2024 11:00,1,1,1
8076,02/12/2024 12:00,1,1,1
8077,02/12/2024 13:00,1,1,1
8078,02/12/2024 14:00,1,1,1
8079,02/12/2024 15:00,1,1,1
8080,02/12/2024 16:00,1,1,1
8081,02/12/2024 17:00,1,1,1
8082,02/12/2024 18:00,1,1,1
8083,02/12/2024 19:00,1,1,1
8084,02/12/2024 20:00,1,1,1
8085,02/12/2024 21:00,1,1,1
8086,02/12/2024 22:00,1,1,1
8087,02/12/2024 23:00,1,1,1
8088,03/12/2024 00:00,1,1,1
8089,03/12/2024 01:00,1,1,1
8090,03/12/2024 02:00,1,1,1
8091,03/12/2024 03:00,1,1,1
8092,03/12/2024 04:00,1,1,1
8093,03/12/2024 05:00,1,1,1
8094,03/12/2024 06:00,1,1,1
8095,03/12/2024 07:00,1,1,1
8096,03/12/2024 08:00,1,1,1
8097,03/12/2024 09:00,1,1,1
8098,03/12/2024 10:00,1,1,1
8099,03/12/2024 11:00,1,1,1
8100,03/12/2024 12:00,1,1,1
8101,03/12/2024 13:00,1,1,1
8102,03/12/2024 14:00,1,1,1
8103,03/12/2024 15:00,1,1,1
8104,03/12/2024 16:00,1,1,1
8105,03/12/2024 17:00,1,1,1
8106,03/12/2024 18:00,1,1,1
8107,03/12/2024 19:00,1,1,1
8108,03/12/2024 20:00,1,1,1
8109,03/12/2024 21:00,1,1,1
8110,03/12/2024 22:00,1,1,1
8111,03/12/2024 23:00,1,1,1
8112,04/12/2024 00:00,1,1,1
8113,04/12/2024 01:00,1,1,1
8114,04/12/2024 02:00,1,1,1
8115,04/12/2024 03:00,1,1,1
8116,04/12/2024 04:00,1,1,1
8117,04/12/2024 05:00,1,1,1
8118,04/12/2024 06:00,1,1,1
8119,04/12/2024 07:00,1,1,1
8120,04/12/2024 08:00,1,1,1
8121,04/12/2024 09:00,1,1,1
8122,04/12/2024 10:00,1,1,1
8123,04/12/2024 11:00,1,1,1
8124,04/12/2024 12:00,1,1,1
8125,04/12/2024 13:00,1,1,1
8126,04/12/2024 14:00,1,1,1
8127,04/12/2024 15:00,1,1,1
8128,04/12/2024 16:00,1,1,1
8129,04/12/2024 17:00,1,1,1
8130,04/12/2024 18:00,1,1,1
8131,04/12/2024 19:00,1,1,1
8132,04/12/2024 20:00,1,1,1
8133,04/12/2024 21:00,1,1,1
8134,04/12/2024 22:00,1,1,1
8135,04/12/2024 23:00,1,1,1
8136,05/12/2024 00:00,1,1,1
8137,05/12/2024 01:00,1,1,1
8138,05/12/2024 02:00,1,1,1
8139,05/12/2024 03:00,1,1,1
8140,05/12/2024 04:00,1,1,1
8141,05/12/2024 05:00,1,1,1
8142,05/12/2024 06:00,1,1,1
8143,05/12/2024 07:00,1,1,1
8144,05/12/2024 08:00,1,1,1
8145,05/12/2024 09:00,1,1,1
8146,05/12/2024 10:00,1,1,1
8147,05/12/2024 11:00,1,1,1
8148,05/12/2024 12:00,1,1,1
8149,05/12/2024 13:00,1,1,1
8150,05/12/2024 14:00,1,1,1
8151,05/12/2024 15:00,1,1,1
8152,05/12/2024 16:00,1,1,1
8153,05/12/2024 17:00,1,1,1
8154,05/12/2024 18:00,1,1,1
8155,05/12/2024 19:00,1,1,1
8156,05/12/2024 20:00,1,1,1
8157,05/12/2024 21:00,1,1,1
8158,05/12/2024 22:00,1,1,1
8159,05/12/2024 23:00,1,1,1
8160,06/12/2024 00:00,1,1,1
8161,06/12/2024 01:00,1,1,1
8162,06/12/2024 02:00,1,1,1
8163,06/12/2024 03:00,1,1,1
8164,06/12/2024 04:00,1,1,1
8165,06/12/2024 05:00,1,1,1
8166,06/12/2024 06:00,1,1,1
8167,06/12/2024 07:00,1,1,1
8168,06/12/2024 08:00,1,1,1
8169,06/12/2024 09:00,1,1,1
8170,06/12/2024 10:00,1,1,1
8171,06/12/2024 11:00,1,1,1
8172,06/12/2024 12:00,1,1,1
8173,06/12/2024 13:00,1,1,1
8174,06/12/2024 14:00,1,1,1
8175,06/12/2024 15:00,1,1,1
8176,06/12/2024 16:00,1,1,1
8177,06/12/2024 17:00,1,1,1
8178,06/12/2024 18:00,1,1,1
8179,06/12/2024 19:00,1,1,1
8180,06/12/2024 20:00,1,1,1
8181,06/12/2024 21:00,1,1,1
8182,06/12/2024 22:00,1,1,1
8183,06/12/2024 23:00,1,1,1
8184,07/12/2024 00:00,1,1,1
8185,07/12/2024 01:00,1,1,1
8186,07/12/2024 02:00,1,1,1
8187,07/12/2024 03:00,1,1,1
8188,07/12/2024 04:00,1,1,1
8189,07/12/2024 05:00,1,1,1
8190,07/12/2024 06:00,1,1,1
8191,07/12/2024 07:00,1,1,1
8192,07/12/2024 08:00,1,1,1
8193,07/12/2024 09:00,1,1,1
8194,07/12/2024 10:00,1,1,1
8195,07/12/2024 11:00,1,1,1
8196,07/12/2024 12:00,1,1,1
8197,07/12/2024 13:00,1,1,1
8198,07/12/2024 14:00,1,1,1
8199,07/12/2024 15:00,1,1,1
8200,07/12/2024 16:00,1,1,1
8201,07/12/2024 17:00,1,1,1
8202,07/12/2024 18:00,1,1,1
8203,07/12/2024 19:00,1,1,1
8204,07/12/2024 20:00,1,1,1
8205,07/12/2024 21:00,1,1,1
8206,07/12/2024 22:00,1,1,1
8207,07/12/2024 23:00,1,1,1
8208,08/12/2024 00:00,1,1,1
8209,08/12/2024 01:00,1,1,1
8210,08/12/2024 02:00,1,1,1
8211,08/12/2024 03:00,1,1,1
8212,08/12/2024 04:00,1,1,1
8213,08/12/2024 05:00,1,1,1
8214,08/12/2024 06:00,1,1,1
8215,08/12/2024 07:00,1,1,1
8216,08/12/2024 08:00,1,1,1
8217,08/12/2024 09:00,1,1,1
8218,08/12/2024 10:00,1,1,1
8219,08/12/2024 11:00,1,1,1
8220,08/12/2024 12:00,1,1,1
8221,08/12/2024 13:00,1,1,1
8222,08/12/2024 14:00,1,1,1
8223,08/12/2024 15:00,1,1,1
8224,08/12/2024 16:00,1,1,1
8225,08/12/2024 17:00,1,1,1
8226,08/12/2024 18:00,1,1,1
8227,08/12/2024 19:00,1,1,1
8228,08/12/2024 20:00,1,1,1
8229,08/12/2024 21:00,1,1,1
8230,08/12/2024 22:00,1,1,1
8231,08/12/2024 23:00,1,1,1
8232,09/12/2024 00:00,1,1,1
8233,09/12/2024 01:00,1,1,1
8234,09/12/2024 02:00,1,1,1
8235,09/12/2024 03:00,1,1,1
8236,09/12/2024 04:00,1,1,1
8237,09/12/2024 05:00,1,1,1
8238,09/12/2024 06:00,1,1,1
8239,09/12/2024 07:00,1,1,1
8240,09/12/2024 08:00,1,1,1
8241,09/12/2024 09:00,1,1,1
8242,09/12/2024 10:00,1,1,1
8243,09/12/2024 11:00,1,1,1
8244,09/12/2024 12:00,1,1,1
8245,09/12/2024 13:00,1,1,1
8246,09/12/2024 14:00,1,1,1
8247,09/12/2024 15:00,1,1,1
8248,09/12/2024 16:00,1,1,1
8249,09/12/2024 17:00,1,1,1
8250,09/12/2024 18:00,1,1,1
8251,09/12/2024 19:00,1,1,1
8252,09/12/2024 20:00,1,1,1
8253,09/12/2024 21:00,1,1,1
8254,09/12/2024 22:00,1,1,1
8255,09/12/2024 23:00,1,1,1
8256,10/12/2024 00:00,1,1,1
8257,10/12/2024 01:00,1,1,1
8258,10/12/2024 02:00,1,1,1
8259,10/12/2024 03:00,1,1,1
8260,10/12/2024 04:00,1,1,1
8261,10/12/2024 05:00,1,1,1
8262,10/12/2024 06:00,1,1,1
8263,10/12/2024 07:00,1,1,1
8264,10/12/2024 08:00,1,1,1
8265,10/12/2024 09:00,1,1,1
8266,10/12/2024 10:00,1,1,1
8267,10/12/2024 11:00,1,1,1
8268,10/12/2024 12:00,1,1,1
8269,10/12/2024 13:00,1,1,1
8270,10/12/2024 14:00,1,1,1
8271,10/12/2024 15:00,1,1,1
8272,10/12/2024 16:00,1,1,1
8273,10/12/2024 17:00,1,1,1
8274,10/12/2024 18:00,1,1,1
8275,10/12/2024 19:00,1,1,1
8276,10/12/2024 20:00,1,1,1
8277,10/12/2024 21:00,1,1,1
8278,10/12/2024 22:00,1,1,1
8279,10/12/2024 23:00,1,1,1
8280,11/12/2024 00:00,1,1,1
8281,11/12/2024 01:00,1,1,1
8282,11/12/2024 02:00,1,1,1
8283,11/12/2024 03:00,1,1,1
8284,11/12/2024 04:00,1,1,1
8285,11/12/2024 05:00,1,1,1
8286,11/12/2024 06:00,1,1,1
8287,11/12/2024 07:00,1,1,1
8288,11/12/2024 08:00,1,1,1
8289,11/12/2024 09:00,1,1,1
8290,11/12/2024 10:00,1,1,1
8291,11/12/2024 11:00,1,1,1
8292,11/12/2024 12:00,1,1,1
8293,11/12/2024 13:00,1,1,1
8294,11/12/2024 14:00,1,1,1
8295,11/12/2024 15:00,1,1,1
8296,11/12/2024 16:00,1,1,1
8297,11/12/2024 17:00,1,1,1
8298,11/12/2024 18:00,1,1,1
8299,11/12/2024 19:00,1,1,1
8300,11/12/2024 20:00,1,1,1
8301,11/12/2024 21:00,1,1,1
8302,11/12/2024 22:00,1,1,1
8303,11/12/2024 23:00,1,1,1
8304,12/12/2024 00:00,1,1,1
8305,12/12/2024 01:00,1,1,1
8306,12/12/2024 02:00,1,1,1
8307,12/12/2024 03:00,1,1,1
8308,12/12/2024 04:00,1,1,1
8309,12/12/2024 05:00,1,1,1
8310,12/12/2024 06:00,1,1,1
8311,12/12/2024 07:00,1,1,1
8312,12/12/2024 08:00,1,1,1
8313,12/12/2024 09:00,1,1,1
8314,12/12/2024 10:00,1,1,1
8315,12/12/2024 11:00,1,1,1
8316,12/12/2024 12:00,1,1,1
8317,12/12/2024 13:00,1,1,1
8318,12/12/2024 14:00,1,1,1
8319,12/12/2024 15:00,1,1,1
8320,12/12/2024 16:00,1,1,1
8321,12/12/2024 17:00,1,1,1
8322,12/12/2024 18:00,1,1,1
8323,12/12/2024 19:00,1,1,1
8324,12/12/2024 20:00,1,1,1
8325,12/12/2024 21:00,1,1,1
8326,12/12/2024 22:00,1,1,1
8327,12/12/2024 23:00,1,1,1
8328,13/12/2024 00:00,1,1,1
8329,13/12/2024 01:00,1,1,1
8330,13/12/2024 02:00,1,1,1
8331,13/12/2024 03:00,1,1,1
8332,13/12/2024 04:00,1,1,1
8333,13/12/2024 05:00,1,1,1
8334,13/12/2024 06:00,1,1,1
8335,13/12/2024 07:00,1,1,1
8336,13/12/2024 08:00,1,1,1
8337,13/12/2024 09:00,1,1,1
8338,13/12/2024 10:00,1,1,1
8339,13/12/2024 11:00,1,1,1
8340,13/12/2024 12:00,1,1,1
8341,13/12/2024 13:00,1,1,1
8342,13/12/2024 14:00,1,1,1
8343,13/12/2024 15:00,1,1,1
8344,13/12/2024 16:00,1,1,1
8345,13/12/2024 17:00,1,1,1
8346,13/12/2024 18:00,1,1,1
8347,13/12/2024 19:00,1,1,1
8348,13/12/2024 20:00,1,1,1
8349,13/12/2024 21:00,1,1,1
8350,13/12/2024 22:00,1,1,1
8351,13/12/2024 23:00,1,1,1
8352,14/12/2024 00:00,1,1,1
8353,14/12/2024 01:00,1,1,1
8354,14/12/2024 02:00,1,1,1
8355,14/12/2024 03:00,1,1,1
8356,14/12/2024 04:00,1,1,1
8357,14/12/2024 05:00,1,1,1
8358,14/12/2024 06:00,1,1,1
8359,14/12/2024 07:00,1,1,1
8360,14/12/2024 08:00,1,1,1
8361,14/12/2024 09:00,1,1,1
8362,14/12/2024 10:00,1,1,1
8363,14/12/2024 11:00,1,1,1
8364,14/12/2024 12:00,1,1,1
8365,14/12/2024 13:00,1,1,1
8366,14/12/2024 14:00,1,1,1
8367,14/12/2024 15:00,1,1,1
8368,14/12/2024 16:00,1,1,1
8369,14/12/2024 17:00,1,1,1
8370,14/12/2024 18:00,1,1,1
8371,14/12/2024 19:00,1,1,1
8372,14/12/2024 20:00,1,1,1
8373,14/12/2024 21:00,1,1,1
8374,14/12/2024 22:00,1,1,1
8375,14/12/2024 23:00,1,1,1
8376,15/12/2024 00:00,1,1,1
8377,15/12/2024 01:00,1,1,1
8378,15/12/2024 02:00,1,1,1
8379,15/12/2024 03:00,1,1,1
8380,15/12/2024 04:00,1,1,1
8381,15/12/2024 05:00,1,1,1
8382,15/12/2024 06:00,1,1,1
8383,15/12/2024 07:00,1,1,1
8384,15/12/2024 08:00,1,1,1
8385,15/12/2024 09:00,1,1,1
8386,15/12/2024 10:00,1,1,1
8387,15/12/2024 11:00,1,1,1
8388,15/12/2024 12:00,1,1,1
8389,15/12/2024 13:00,1,1,1
8390,15/12/2024 14:00,1,1,1
8391,15/12/2024 15:00,1,1,1
8392,15/12/2024 16:00,1,1,1
8393,15/12/2024 17:00,1,1,1
8394,15/12/2024 18:00,1,1,1
8395,15/12/2024 19:00,1,1,1
8396,15/12/2024 20:00,1,1,1
8397,15/12/2024 21:00,1,1,1
8398,15/12/2024 22:00,1,1,1
8399,15/12/2024 23:00,1,1,1
8400,16/12/2024 00:00,1,1,1
8401,16/12/2024 01:00,1,1,1
8402,16/12/2024 02:00,1,1,1
8403,16/12/2024 03:00,1,1,1
8404,16/12/2024 04:00,1,1,1
8405,16/12/2024 05:00,1,1,1
8406,16/12/2024 06:00,1,1,1
8407,16/12/2024 07:00,1,1,1
8408,16/12/2024 08:00,1,1,1
8409,16/12/2024 09:00,1,1,1
8410,16/12/2024 10:00,1,1,1
8411,16/12/2024 11:00,1,1,1
8412,16/12/2024 12:00,1,1,1
8413,16/12/2024 13:00,1,1,1
8414,16/12/2024 14:00,1,1,1
8415,16/12/2024 15:00,1,1,1
8416,16/12/2024 16:00,1,1,1
8417,16/12/2024 17:00,1,1,1
8418,16/12/2024 18:00,1,1,1
8419,16/12/2024 19:00,1,1,1
8420,16/12/2024 20:00,1,1,1
8421,16/12/2024 21:00,1,1,1
8422,16/12/2024 22:00,1,1,1
8423,16/12/2024 23:00,1,1,1
8424,17/12/2024 00:00,1,1,1
8425,17/12/2024 01:00,1,1,1
8426,17/12/2024 02:00,1,1,1
8427,17/12/2024 03:00,1,1,1
8428,17/12/2024 04:00,1,1,1
8429,17/12/2024 05:00,1,1,1
8430,17/12/2024 06:00,1,1,1
8431,17/12/2024 07:00,1,1,1
8432,17/12/2024 08:00,1,1,1
8433,17/12/2024 09:00,1,1,1
8434,17/12/2024 10:00,1,1,1
8435,17/12/2024 11:00,1,1,1
8436,17/12/2024 12:00,1,1,1
8437,17/12/2024 13:00,1,1,1
8438,17/12/2024 14:00,1,1,1
8439,17/12/2024 15:00,1,1,1
8440,17/12/2024 16:00,1,1,1
8441,17/12/2024 17:00,1,1,1
8442,17/12/2024 18:00,1,1,1
8443,17/12/2024 19:00,1,1,1
8444,17/12/2024 20:00,1,1,1
8445,17/12/2024 21:00,1,1,1
8446,17/12/2024 22:00,1,1,1
8447,17/12/2024 23:00,1,1,1
8448,18/12/2024 00:00,1,1,1
8449,18/12/2024 01:00,1,1,1
8450,18/12/2024 02:00,1,1,1
8451,18/12/2024 03:00,1,1,1
8452,18/12/2024 04:00,1,1,1
8453,18/12/2024 05:00,1,1,1
8454,18/12/2024 06:00,1,1,1
8455,18/12/2024 07:00,1,1,1
8456,18/12/2024 08:00,1,1,1
8457,18/12/2024 09:00,1,1,1
8458,18/12/2024 10:00,1,1,1
8459,18/12/2024 11:00,1,1,1
8460,18/12/2024 12:00,1,1,1
8461,18/12/2024 13:00,1,1,1
8462,18/12/2024 14:00,1,1,1
8463,18/12/2024 15:00,1,1,1
8464,18/12/2024 16:00,1,1,1
8465,18/12/2024 17:00,1,1,1
8466,18/12/2024 18:00,1,1,1
8467,18/12/2024 19:00,1,1,1
8468,18/12/2024 20:00,1,1,1
8469,18/12/2024 21:00,1,1,1
8470,18/12/2024 22:00,1,1,1
8471,18/12/2024 23:00,1,1,1
8472,19/12/2024 00:00,1,1,1
8473,19/12/2024 01:00,1,1,1
8474,19/12/2024 02:00,1,1,1
8475,19/12/2024 03:00,1,1,1
8476,19/12/2024 04:00,1,1,1
8477,19/12/2024 05:00,1,1,1
8478,19/12/2024 06:00,1,1,1
8479,19/12/2024 07:00,1,1,1
8480,19/12/2024 08:00,1,1,1
8481,19/12/2024 09:00,1,1,1
8482,19/12/2024 10:00,1,1,1
8483,19/12/2024 11:00,1,1,1
8484,19/12/2024 12:00,1,1,1
8485,19/12/2024 13:00,1,1,1
8486,19/12/2024 14:00,1,1,1
8487,19/12/2024 15:00,1,1,1
8488,19/12/2024 16:00,1,1,1
8489,19/12/2024 17:00,1,1,1
8490,19/12/2024 18:00,1,1,1
8491,19/12/2024 19:00,1,1,1
8492,19/12/2024 20:00,1,1,1
8493,19/12/2024 21:00,1,1,1
8494,19/12/2024 22:00,1,1,1
8495,19/12/2024 23:00,1,1,1
8496,20/12/2024 00:00,1,1,1
8497,20/12/2024 01:00,1,1,1
8498,20/12/2024 02:00,1,1,1
8499,20/12/2024 03:00,1,1,1
8500,20/12/2024 04:00,1,1,1
8501,20/12/2024 05:00,1,1,1
8502,20/12/2024 06:00,1,1,1
8503,20/12/2024 07:00,1,1,1
8504,20/12/2024 08:00,1,1,1
8505,20/12/2024 09:00,1,1,1
8506,20/12/2024 10:00,1,1,1
8507,20/12/2024 11:00,1,1,1
8508,20/12/2024 12:00,1,1,1
8509,20/12/2024 13:00,1,1,1
8510,20/12/2024 14:00,1,1,1
8511,20/12/2024 15:00,1,1,1
8512,20/12/2024 16:00,1,1,1
8513,20/12/2024 17:00,1,1,1
8514,20/12/2024 18:00,1,1,1
8515,20/12/2024 19:00,1,1,1
8516,20/12/2024 20:00,1,1,1
8517,20/12/2024 21:00,1,1,1
8518,20/12/2024 22:00,1,1,1
8519,20/12/2024 23:00,1,1,1
8520,21/12/2024 00:00,1,1,1
8521,21/12/2024 01:00,1,1,1
8522,21/12/2024 02:00,1,1,1
8523,21/12/2024 03:00,1,1,1
8524,21/12/2024 04:00,1,1,1
8525,21/12/2024 05:00,1,1,1
8526,21/12/2024 06:00,1,1,1
8527,21/12/2024 07:00,1,1,1
8528,21/12/2024 08:00,1,1,1
8529,21/12/2024 09:00,1,1,1
8530,21/12/2024 10:00,1,1,1
8531,21/12/2024 11:00,1,1,1
8532,21/12/2024 12:00,1,1,1
8533,21/12/2024 13:00,1,1,1
8534,21/12/2024 14:00,1,1,1
8535,21/12/2024 15:00,1,1,1
8536,21/12/2024 16:00,1,1,1
8537,21/12/2024 17:00,1,1,1
8538,21/12/2024 18:00,1,1,1
8539,21/12/2024 19:00,1,1,1
8540,21/12/2024 20:00,1,1,1
8541,21/12/2024 21:00,1,1,1
8542,21/12/2024 22:00,1,1,1
8543,21/12/2024 23:00,1,1,1
8544,22/12/2024 00:00,1,1,1
8545,22/12/2024 01:00,1,1,1
8546,22/12/2024 02:00,1,1,1
8547,22/12/2024 03:00,1,1,1
8548,22/12/2024 04:00,1,1,1
8549,22/12/2024 05:00,1,1,1
8550,22/12/2024 06:00,1,1,1
8551,22/12/2024 07:00,1,1,1
8552,22/12/2024 08:00,1,1,1
8553,22/12/2024 09:00,1,1,1
8554,22/12/2024 10:00,1,1,1
8555,22/12/2024 11:00,1,1,1
8556,22/12/2024 12:00,1,1,1
8557,22/12/2024 13:00,1,1,1
8558,22/12/2024 14:00,1,1,1
8559,22/12/2024 15:00,1,1,1
8560,22/12/2024 16:00,1,1,1
8561,22/12/2024 17:00,1,1,1
8562,22/12/2024 18:00,1,1,1
8563,22/12/2024 19:00,1,1,1
8564,22/12/2024 20:00,1,1,1
8565,22/12/2024 21:00,1,1,1
8566,22/12/2024 22:00,1,1,1
8567,22/12/2024 23:00,1,1,1
8568,23/12/2024 00:00,1,1,1
8569,23/12/2024 01:00,1,1,1
8570,23/12/2024 02:00,1,1,1
8571,23/12/2024 03:00,1,1,1
8572,23/12/2024 04:00,1,1,1
8573,23/12/2024 05:00,1,1,1
8574,23/12/2024 06:00,1,1,1
8575,23/12/2024 07:00,1,1,1
8576,23/12/2024 08:00,1,1,1
8577,23/12/2024 09:00,1,1,1
8578,23/12/2024 10:00,1,1,1
8579,23/12/2024 11:00,1,1,1
8580,23/12/2024 12:00,1,1,1
8581,23/12/2024 13:00,1,1,1
8582,23/12/2024 14:00,1,1,1
8583,23/12/2024 15:00,1,1,1
8584,23/12/2024 16:00,1,1,1
8585,23/12/2024 17:00,1,1,1
8586,23/12/2024 18:00,1,1,1
8587,23/12/2024 19:00,1,1,1
8588,23/12/2024 20:00,1,1,1
8589,23/12/2024 21:00,1,1,1
8590,23/12/2024 22:00,1,1,1
8591,23/12/2024 23:00,1,1,1
8592,24/12/2024 00:00,1,1,1
8593,24/12/2024 01:00,1,1,1
8594,24/12/2024 02:00,1,1,1
8595,24/12/2024 03:00,1,1,1
8596,24/12/2024 04:00,1,1,1
8597,24/12/2024 05:00,1,1,1
8598,24/12/2024 06:00,1,1,1
8599,24/12/2024 07:00,1,1,1
8600,24/12/2024 08:00,1,1,1
8601,24/12/2024 09:00,1,1,1
8602,24/12/2024 10:00,1,1,1
8603,24/12/2024 11:00,1,1,1
8604,24/12/2024 12:00,1,1,1
8605,24/12/2024 13:00,1,1,1
8606,24/12/2024 14:00,1,1,1
8607,24/12/2024 15:00,1,1,1
8608,24/12/2024 16:00,1,1,1
8609,24/12/2024 17:00,1,1,1
8610,24/12/2024 18:00,1,1,1
8611,24/12/2024 19:00,1,1,1
8612,24/12/2024 20:00,1,1,1
8613,24/12/2024 21:00,1,1,1
8614,24/12/2024 22:00,1,1,1
8615,24/12/2024 23:00,1,1,1
8616,25/12/2024 00:00,1,1,1
8617,25/12/2024 01:00,1,1,1
8618,25/12/2024 02:00,1,1,1
8619,25/12/2024 03:00,1,1,1
8620,25/12/2024 04:00,1,1,1
8621,25/12/2024 05:00,1,1,1
8622,25/12/2024 06:00,1,1,1
8623,25/12/2024 07:00,1,1,1
8624,25/12/2024 08:00,1,1,1
8625,25/12/2024 09:00,1,1,1
8626,25/12/2024 10:00,1,1,1
8627,25/12/2024 11:00,1,1,1
8628,25/12/2024 12:00,1,1,1
8629,25/12/2024 13:00,1,1,1
8630,25/12/2024 14:00,1,1,1
8631,25/12/2024 15:00,1,1,1
8632,25/12/2024 16:00,1,1,1
8633,25/12/2024 17:00,1,1,1
8634,25/12/2024 18:00,1,1,1
8635,25/12/2024 19:00,1,1,1
8636,25/12/2024 20:00,1,1,1
8637,25/12/2024 21:00,1,1,1
8638,25/12/2024 22:00,1,1,1
8639,25/12/2024 23:00,1,1,1
8640,26/12/2024 00:00,1,1,1
8641,26/12/2024 01:00,1,1,1
8642,26/12/2024 02:00,1,1,1
8643,26/12/2024 03:00,1,1,1
8644,26/12/2024 04:00,1,1,1
8645,26/12/2024 05:00,1,1,1
8646,26/12/2024 06:00,1,1,1
8647,26/12/2024 07:00,1,1,1
8648,26/12/2024 08:00,1,1,1
8649,26/12/2024 09:00,1,1,1
8650,26/12/2024 10:00,1,1,1
8651,26/12/2024 11:00,1,1,1
8652,26/12/2024 12:00,1,1,1
8653,26/12/2024 13:00,1,1,1
8654,26/12/2024 14:00,1,1,1
8655,26/12/2024 15:00,1,1,1
8656,26/12/2024 16:00,1,1,1
8657,26/12/2024 17:00,1,1,1
8658,26/12/2024 18:00,1,1,1
8659,26/12/2024 19:00,1,1,1
8660,26/12/2024 20:00,1,1,1
8661,26/12/2024 21:00,1,1,1
8662,26/12/2024 22:00,1,1,1
8663,26/12/2024 23:00,1,1,1
8664,27/12/2024 00:00,1,1,1
8665,27/12/2024 01:00,1,1,1
8666,27/12/2024 02:00,1,1,1
8667,27/12/2024 03:00,1,1,1
8668,27/12/2024 04:00,1,1,1
8669,27/12/2024 05:00,1,1,1
8670,27/12/2024 06:00,1,1,1
8671,27/12/2024 07:00,1,1,1
8672,27/12/2024 08:00,1,1,1
8673,27/12/2024 09:00,1,1,1
8674,27/12/2024 10:00,1,1,1
8675,27/12/2024 11:00,1,1,1
8676,27/12/2024 12:00,1,1,1
8677,27/12/2024 13:00,1,1,1
8678,27/12/2024 14:00,1,1,1
8679,27/12/2024 15:00,1,1,1
8680,27/12/2024 16:00,1,1,1
8681,27/12/2024 17:00,1,1,1
8682,27/12/2024 18:00,1,1,1
8683,27/12/2024 19:00,1,1,1
8684,27/12/2024 20:00,1,1,1
8685,27/12/2024 21:00,1,1,1
8686,27/12/2024 22:00,1,1,1
8687,27/12/2024 23:00,1,1,1
8688,28/12/2024 00:00,1,1,1
8689,28/12/2024 01:00,1,1,1
8690,28/12/2024 02:00,1,1,1
8691,28/12/2024 03:00,1,1,1
8692,28/12/2024 04:00,1,1,1
8693,28/12/2024 05:00,1,1,1
8694,28/12/2024 06:00,1,1,1
8695,28/12/2024 07:00,1,1,1
8696,28/12/2024 08:00,1,1,1
8697,28/12/2024 09:00,1,1,1
8698,28/12/2024 10:00,1,1,1
8699,28/12/2024 11:00,1,1,1
8700,28/12/2024 12:00,1,1,1
8701,28/12/2024 13:00,1,1,1
8702,28/12/2024 14:00,1,1,1
8703,28/12/2024 15:00,1,1,1
8704,28/12/2024 16:00,1,1,1
8705,28/12/2024 17:00,1,1,1
8706,28/12/2024 18:00,1,1,1
8707,28/12/2024 19:00,1,1,1
8708,28/12/2024 20:00,1,1,1
8709,28/12/2024 21:00,1,1,1
8710,28/12/2024 22:00,1,1,1
8711,28/12/2024 23:00,1,1,1
8712,29/12/2024 00:00,1,1,1
8713,29/12/2024 01:00,1,1,1
8714,29/12/2024 02:00,1,1,1
8715,29/12/2024 03:00,1,1,1
8716,29/12/2024 04:00,1,1,1
8717,29/12/2024 05:00,1,1,1
8718,29/12/2024 06:00,1,1,1
8719,29/12/2024 07:00,1,1,1
8720,29/12/2024 08:00,1,1,1
8721,29/12/2024 09:00,1,1,1
8722,29/12/2024 10:00,1,1,1
8723,29/12/2024 11:00,1,1,1
8724,29/12/2024 12:00,1,1,1
8725,29/12/2024 13:00,1,1,1
8726,29/12/2024 14:00,1,1,1
8727,29/12/2024 15:00,1,1,1
8728,29/12/2024 16:00,1,1,1
8729,29/12/2024 17:00,1,1,1
8730,29/12/2024 18:00,1,1,1
8731,29/12/2024 19:00,1,1,1
8732,29/12/2024 20:00,1,1,1
8733,29/12/2024 21:00,1,1,1
8734,29/12/2024 22:00,1,1,1
8735,29/12/2024 23:00,1,1,1
8736,30/12/2024 00:00,1,1,1
8737,30/12/2024 01:00,1,1,1
8738,30/12/2024 02:00,1,1,1
8739,30/12/2024 03:00,1,1,1
8740,30/12/2024 04:00,1,1,1
8741,30/12/2024 05:00,1,1,1
8742,30/12/2024 06:00,1,1,1
8743,30/12/2024 07:00,1,1,1
8744,30/12/2024 08:00,1,1,1
8745,30/12/2024 09:00,1,1,1
8746,30/12/2024 10:00,1,1,1
8747,30/12/2024 11:00,1,1,1
8748,30/12/2024 12:00,1,1,1
8749,30/12/2024 13:00,1,1,1
8750,30/12/2024 14:00,1,1,1
8751,30/12/2024 15:00,1,1,1
8752,30/12/2024 16:00,1,1,1
8753,30/12/2024 17:00,1,1,1
8754,30/12/2024 18:00,1,1,1
8755,30/12/2024 19:00,1,1,1
8756,30/12/2024 20:00,1,1,1
8757,30/12/2024 21:00,1,1,1
8758,30/12/2024 22:00,1,1,1
8759,30/12/2024 23:00,1,1,1
8760,31/12/2024 00:00,1,1,1
8761,31/12/2024 01:00,1,1,1
8762,31/12/2024 02:00,1,1,1
8763,31/12/2024 03:00,1,1,1
8764,31/12/2024 04:00,1,1,1
8765,31/12/2024 05:00,1,1,1
8766,31/12/2024 06:00,1,1,1
8767,31/12/2024 07:00,1,1,1
8768,31/12/2024 08:00,1,1,1
8769,31/12/2024 09:00,1,1,1
8770,31/12/2024 10:00,1,1,1
8771,31/12/2024 11:00,1,1,1
8772,31/12/2024 12:00,1,1,1
8773,31/12/2024 13:00,1,1,1
8774,31/12/2024 14:00,1,1,1
8775,31/12/2024 15:00,1,1,1
8776,31/12/2024 16:00,1,1,1
8777,31/12/2024 17:00,1,1,1
8778,31/12/2024 18:00,1,1,1
8779,31/12/2024 19:00,1,1,1
8780,31/12/2024 20:00,1,1,1
8781,31/12/2024 21:00,1,1,1
8782,31/12/2024 22:00,1,1,1
8783,31/12/2024 23:00,1,1,1
