,TWN-PumpedHydro
0,1624.7365591397843
1,2012.8548387096769
2,2649.0161290322576
3,3547.827956989247
4,5077.559139784946
5,6114.715053763441
6,6599.435483870968
7,6692.553763440861
8,6365.822580645161
9,5720.908602150537
10,4825.268817204302
11,3897.97311827957
12,2954.2365591397847
13,2035.6505376344085
14,1180.6774193548388
15,457.1881720430108
16,0.0
17,16.822580645161224
18,493.26881720430106
19,1195.97311827957
20,1950.010752688172
21,2702.005376344086
22,3417.1505376344085
23,4083.2150537634407
24,1624.7365591397843
25,2012.8548387096769
26,2649.0161290322576
27,3547.827956989247
28,5077.559139784946
29,6114.715053763441
30,6599.435483870968
31,6692.553763440861
32,6365.822580645161
33,5720.908602150537
34,4825.268817204302
35,3897.97311827957
36,2954.2365591397847
37,2035.6505376344085
38,1180.6774193548388
39,457.1881720430108
40,0.0
41,16.822580645161224
42,493.26881720430106
43,1195.97311827957
44,1950.010752688172
45,2702.005376344086
46,3417.1505376344085
47,4083.2150537634407
48,1624.7365591397843
49,2012.8548387096769
50,2649.0161290322576
51,3547.827956989247
52,5077.559139784946
53,6114.715053763441
54,6599.435483870968
55,6692.553763440861
56,6365.822580645161
57,5720.908602150537
58,4825.268817204302
59,3897.97311827957
60,2954.2365591397847
61,2035.6505376344085
62,1180.6774193548388
63,457.1881720430108
64,0.0
65,16.822580645161224
66,493.26881720430106
67,1195.97311827957
68,1950.010752688172
69,2702.005376344086
70,3417.1505376344085
71,4083.2150537634407
72,1624.7365591397843
73,2012.8548387096769
74,2649.0161290322576
75,3547.827956989247
76,5077.559139784946
77,6114.715053763441
78,6599.435483870968
79,6692.553763440861
80,6365.822580645161
81,5720.908602150537
82,4825.268817204302
83,3897.97311827957
84,2954.2365591397847
85,2035.6505376344085
86,1180.6774193548388
87,457.1881720430108
88,0.0
89,16.822580645161224
90,493.26881720430106
91,1195.97311827957
92,1950.010752688172
93,2702.005376344086
94,3417.1505376344085
95,4083.2150537634407
96,1624.7365591397843
97,2012.8548387096769
98,2649.0161290322576
99,3547.827956989247
100,5077.559139784946
101,6114.715053763441
102,6599.435483870968
103,6692.553763440861
104,6365.822580645161
105,5720.908602150537
106,4825.268817204302
107,3897.97311827957
108,2954.2365591397847
109,2035.6505376344085
110,1180.6774193548388
111,457.1881720430108
112,0.0
113,16.822580645161224
114,493.26881720430106
115,1195.97311827957
116,1950.010752688172
117,2702.005376344086
118,3417.1505376344085
119,4083.2150537634407
120,1624.7365591397843
121,2012.8548387096769
122,2649.0161290322576
123,3547.827956989247
124,5077.559139784946
125,6114.715053763441
126,6599.435483870968
127,6692.553763440861
128,6365.822580645161
129,5720.908602150537
130,4825.268817204302
131,3897.97311827957
132,2954.2365591397847
133,2035.6505376344085
134,1180.6774193548388
135,457.1881720430108
136,0.0
137,16.822580645161224
138,493.26881720430106
139,1195.97311827957
140,1950.010752688172
141,2702.005376344086
142,3417.1505376344085
143,4083.2150537634407
144,1624.7365591397843
145,2012.8548387096769
146,2649.0161290322576
147,3547.827956989247
148,5077.559139784946
149,6114.715053763441
150,6599.435483870968
151,6692.553763440861
152,6365.822580645161
153,5720.908602150537
154,4825.268817204302
155,3897.97311827957
156,2954.2365591397847
157,2035.6505376344085
158,1180.6774193548388
159,457.1881720430108
160,0.0
161,16.822580645161224
162,493.26881720430106
163,1195.97311827957
164,1950.010752688172
165,2702.005376344086
166,3417.1505376344085
167,4083.2150537634407
168,1624.7365591397843
169,2012.8548387096769
170,2649.0161290322576
171,3547.827956989247
172,5077.559139784946
173,6114.715053763441
174,6599.435483870968
175,6692.553763440861
176,6365.822580645161
177,5720.908602150537
178,4825.268817204302
179,3897.97311827957
180,2954.2365591397847
181,2035.6505376344085
182,1180.6774193548388
183,457.1881720430108
184,0.0
185,16.822580645161224
186,493.26881720430106
187,1195.97311827957
188,1950.010752688172
189,2702.005376344086
190,3417.1505376344085
191,4083.2150537634407
192,1624.7365591397843
193,2012.8548387096769
194,2649.0161290322576
195,3547.827956989247
196,5077.559139784946
197,6114.715053763441
198,6599.435483870968
199,6692.553763440861
200,6365.822580645161
201,5720.908602150537
202,4825.268817204302
203,3897.97311827957
204,2954.2365591397847
205,2035.6505376344085
206,1180.6774193548388
207,457.1881720430108
208,0.0
209,16.822580645161224
210,493.26881720430106
211,1195.97311827957
212,1950.010752688172
213,2702.005376344086
214,3417.1505376344085
215,4083.2150537634407
216,1624.7365591397843
217,2012.8548387096769
218,2649.0161290322576
219,3547.827956989247
220,5077.559139784946
221,6114.715053763441
222,6599.435483870968
223,6692.553763440861
224,6365.822580645161
225,5720.908602150537
226,4825.268817204302
227,3897.97311827957
228,2954.2365591397847
229,2035.6505376344085
230,1180.6774193548388
231,457.1881720430108
232,0.0
233,16.822580645161224
234,493.26881720430106
235,1195.97311827957
236,1950.010752688172
237,2702.005376344086
238,3417.1505376344085
239,4083.2150537634407
240,1624.7365591397843
241,2012.8548387096769
242,2649.0161290322576
243,3547.827956989247
244,5077.559139784946
245,6114.715053763441
246,6599.435483870968
247,6692.553763440861
248,6365.822580645161
249,5720.908602150537
250,4825.268817204302
251,3897.97311827957
252,2954.2365591397847
253,2035.6505376344085
254,1180.6774193548388
255,457.1881720430108
256,0.0
257,16.822580645161224
258,493.26881720430106
259,1195.97311827957
260,1950.010752688172
261,2702.005376344086
262,3417.1505376344085
263,4083.2150537634407
264,1624.7365591397843
265,2012.8548387096769
266,2649.0161290322576
267,3547.827956989247
268,5077.559139784946
269,6114.715053763441
270,6599.435483870968
271,6692.553763440861
272,6365.822580645161
273,5720.908602150537
274,4825.268817204302
275,3897.97311827957
276,2954.2365591397847
277,2035.6505376344085
278,1180.6774193548388
279,457.1881720430108
280,0.0
281,16.822580645161224
282,493.26881720430106
283,1195.97311827957
284,1950.010752688172
285,2702.005376344086
286,3417.1505376344085
287,4083.2150537634407
288,1624.7365591397843
289,2012.8548387096769
290,2649.0161290322576
291,3547.827956989247
292,5077.559139784946
293,6114.715053763441
294,6599.435483870968
295,6692.553763440861
296,6365.822580645161
297,5720.908602150537
298,4825.268817204302
299,3897.97311827957
300,2954.2365591397847
301,2035.6505376344085
302,1180.6774193548388
303,457.1881720430108
304,0.0
305,16.822580645161224
306,493.26881720430106
307,1195.97311827957
308,1950.010752688172
309,2702.005376344086
310,3417.1505376344085
311,4083.2150537634407
312,1624.7365591397843
313,2012.8548387096769
314,2649.0161290322576
315,3547.827956989247
316,5077.559139784946
317,6114.715053763441
318,6599.435483870968
319,6692.553763440861
320,6365.822580645161
321,5720.908602150537
322,4825.268817204302
323,3897.97311827957
324,2954.2365591397847
325,2035.6505376344085
326,1180.6774193548388
327,457.1881720430108
328,0.0
329,16.822580645161224
330,493.26881720430106
331,1195.97311827957
332,1950.010752688172
333,2702.005376344086
334,3417.1505376344085
335,4083.2150537634407
336,1624.7365591397843
337,2012.8548387096769
338,2649.0161290322576
339,3547.827956989247
340,5077.559139784946
341,6114.715053763441
342,6599.435483870968
343,6692.553763440861
344,6365.822580645161
345,5720.908602150537
346,4825.268817204302
347,3897.97311827957
348,2954.2365591397847
349,2035.6505376344085
350,1180.6774193548388
351,457.1881720430108
352,0.0
353,16.822580645161224
354,493.26881720430106
355,1195.97311827957
356,1950.010752688172
357,2702.005376344086
358,3417.1505376344085
359,4083.2150537634407
360,1624.7365591397843
361,2012.8548387096769
362,2649.0161290322576
363,3547.827956989247
364,5077.559139784946
365,6114.715053763441
366,6599.435483870968
367,6692.553763440861
368,6365.822580645161
369,5720.908602150537
370,4825.268817204302
371,3897.97311827957
372,2954.2365591397847
373,2035.6505376344085
374,1180.6774193548388
375,457.1881720430108
376,0.0
377,16.822580645161224
378,493.26881720430106
379,1195.97311827957
380,1950.010752688172
381,2702.005376344086
382,3417.1505376344085
383,4083.2150537634407
384,1624.7365591397843
385,2012.8548387096769
386,2649.0161290322576
387,3547.827956989247
388,5077.559139784946
389,6114.715053763441
390,6599.435483870968
391,6692.553763440861
392,6365.822580645161
393,5720.908602150537
394,4825.268817204302
395,3897.97311827957
396,2954.2365591397847
397,2035.6505376344085
398,1180.6774193548388
399,457.1881720430108
400,0.0
401,16.822580645161224
402,493.26881720430106
403,1195.97311827957
404,1950.010752688172
405,2702.005376344086
406,3417.1505376344085
407,4083.2150537634407
408,1624.7365591397843
409,2012.8548387096769
410,2649.0161290322576
411,3547.827956989247
412,5077.559139784946
413,6114.715053763441
414,6599.435483870968
415,6692.553763440861
416,6365.822580645161
417,5720.908602150537
418,4825.268817204302
419,3897.97311827957
420,2954.2365591397847
421,2035.6505376344085
422,1180.6774193548388
423,457.1881720430108
424,0.0
425,16.822580645161224
426,493.26881720430106
427,1195.97311827957
428,1950.010752688172
429,2702.005376344086
430,3417.1505376344085
431,4083.2150537634407
432,1624.7365591397843
433,2012.8548387096769
434,2649.0161290322576
435,3547.827956989247
436,5077.559139784946
437,6114.715053763441
438,6599.435483870968
439,6692.553763440861
440,6365.822580645161
441,5720.908602150537
442,4825.268817204302
443,3897.97311827957
444,2954.2365591397847
445,2035.6505376344085
446,1180.6774193548388
447,457.1881720430108
448,0.0
449,16.822580645161224
450,493.26881720430106
451,1195.97311827957
452,1950.010752688172
453,2702.005376344086
454,3417.1505376344085
455,4083.2150537634407
456,1624.7365591397843
457,2012.8548387096769
458,2649.0161290322576
459,3547.827956989247
460,5077.559139784946
461,6114.715053763441
462,6599.435483870968
463,6692.553763440861
464,6365.822580645161
465,5720.908602150537
466,4825.268817204302
467,3897.97311827957
468,2954.2365591397847
469,2035.6505376344085
470,1180.6774193548388
471,457.1881720430108
472,0.0
473,16.822580645161224
474,493.26881720430106
475,1195.97311827957
476,1950.010752688172
477,2702.005376344086
478,3417.1505376344085
479,4083.2150537634407
480,1624.7365591397843
481,2012.8548387096769
482,2649.0161290322576
483,3547.827956989247
484,5077.559139784946
485,6114.715053763441
486,6599.435483870968
487,6692.553763440861
488,6365.822580645161
489,5720.908602150537
490,4825.268817204302
491,3897.97311827957
492,2954.2365591397847
493,2035.6505376344085
494,1180.6774193548388
495,457.1881720430108
496,0.0
497,16.822580645161224
498,493.26881720430106
499,1195.97311827957
500,1950.010752688172
501,2702.005376344086
502,3417.1505376344085
503,4083.2150537634407
504,1624.7365591397843
505,2012.8548387096769
506,2649.0161290322576
507,3547.827956989247
508,5077.559139784946
509,6114.715053763441
510,6599.435483870968
511,6692.553763440861
512,6365.822580645161
513,5720.908602150537
514,4825.268817204302
515,3897.97311827957
516,2954.2365591397847
517,2035.6505376344085
518,1180.6774193548388
519,457.1881720430108
520,0.0
521,16.822580645161224
522,493.26881720430106
523,1195.97311827957
524,1950.010752688172
525,2702.005376344086
526,3417.1505376344085
527,4083.2150537634407
528,1624.7365591397843
529,2012.8548387096769
530,2649.0161290322576
531,3547.827956989247
532,5077.559139784946
533,6114.715053763441
534,6599.435483870968
535,6692.553763440861
536,6365.822580645161
537,5720.908602150537
538,4825.268817204302
539,3897.97311827957
540,2954.2365591397847
541,2035.6505376344085
542,1180.6774193548388
543,457.1881720430108
544,0.0
545,16.822580645161224
546,493.26881720430106
547,1195.97311827957
548,1950.010752688172
549,2702.005376344086
550,3417.1505376344085
551,4083.2150537634407
552,1624.7365591397843
553,2012.8548387096769
554,2649.0161290322576
555,3547.827956989247
556,5077.559139784946
557,6114.715053763441
558,6599.435483870968
559,6692.553763440861
560,6365.822580645161
561,5720.908602150537
562,4825.268817204302
563,3897.97311827957
564,2954.2365591397847
565,2035.6505376344085
566,1180.6774193548388
567,457.1881720430108
568,0.0
569,16.822580645161224
570,493.26881720430106
571,1195.97311827957
572,1950.010752688172
573,2702.005376344086
574,3417.1505376344085
575,4083.2150537634407
576,1624.7365591397843
577,2012.8548387096769
578,2649.0161290322576
579,3547.827956989247
580,5077.559139784946
581,6114.715053763441
582,6599.435483870968
583,6692.553763440861
584,6365.822580645161
585,5720.908602150537
586,4825.268817204302
587,3897.97311827957
588,2954.2365591397847
589,2035.6505376344085
590,1180.6774193548388
591,457.1881720430108
592,0.0
593,16.822580645161224
594,493.26881720430106
595,1195.97311827957
596,1950.010752688172
597,2702.005376344086
598,3417.1505376344085
599,4083.2150537634407
600,1624.7365591397843
601,2012.8548387096769
602,2649.0161290322576
603,3547.827956989247
604,5077.559139784946
605,6114.715053763441
606,6599.435483870968
607,6692.553763440861
608,6365.822580645161
609,5720.908602150537
610,4825.268817204302
611,3897.97311827957
612,2954.2365591397847
613,2035.6505376344085
614,1180.6774193548388
615,457.1881720430108
616,0.0
617,16.822580645161224
618,493.26881720430106
619,1195.97311827957
620,1950.010752688172
621,2702.005376344086
622,3417.1505376344085
623,4083.2150537634407
624,1624.7365591397843
625,2012.8548387096769
626,2649.0161290322576
627,3547.827956989247
628,5077.559139784946
629,6114.715053763441
630,6599.435483870968
631,6692.553763440861
632,6365.822580645161
633,5720.908602150537
634,4825.268817204302
635,3897.97311827957
636,2954.2365591397847
637,2035.6505376344085
638,1180.6774193548388
639,457.1881720430108
640,0.0
641,16.822580645161224
642,493.26881720430106
643,1195.97311827957
644,1950.010752688172
645,2702.005376344086
646,3417.1505376344085
647,4083.2150537634407
648,1624.7365591397843
649,2012.8548387096769
650,2649.0161290322576
651,3547.827956989247
652,5077.559139784946
653,6114.715053763441
654,6599.435483870968
655,6692.553763440861
656,6365.822580645161
657,5720.908602150537
658,4825.268817204302
659,3897.97311827957
660,2954.2365591397847
661,2035.6505376344085
662,1180.6774193548388
663,457.1881720430108
664,0.0
665,16.822580645161224
666,493.26881720430106
667,1195.97311827957
668,1950.010752688172
669,2702.005376344086
670,3417.1505376344085
671,4083.2150537634407
672,1624.7365591397843
673,2012.8548387096769
674,2649.0161290322576
675,3547.827956989247
676,5077.559139784946
677,6114.715053763441
678,6599.435483870968
679,6692.553763440861
680,6365.822580645161
681,5720.908602150537
682,4825.268817204302
683,3897.97311827957
684,2954.2365591397847
685,2035.6505376344085
686,1180.6774193548388
687,457.1881720430108
688,0.0
689,16.822580645161224
690,493.26881720430106
691,1195.97311827957
692,1950.010752688172
693,2702.005376344086
694,3417.1505376344085
695,4083.2150537634407
696,1624.7365591397843
697,2012.8548387096769
698,2649.0161290322576
699,3547.827956989247
700,5077.559139784946
701,6114.715053763441
702,6599.435483870968
703,6692.553763440861
704,6365.822580645161
705,5720.908602150537
706,4825.268817204302
707,3897.97311827957
708,2954.2365591397847
709,2035.6505376344085
710,1180.6774193548388
711,457.1881720430108
712,0.0
713,16.822580645161224
714,493.26881720430106
715,1195.97311827957
716,1950.010752688172
717,2702.005376344086
718,3417.1505376344085
719,4083.2150537634407
720,1624.7365591397843
721,2012.8548387096769
722,2649.0161290322576
723,3547.827956989247
724,5077.559139784946
725,6114.715053763441
726,6599.435483870968
727,6692.553763440861
728,6365.822580645161
729,5720.908602150537
730,4825.268817204302
731,3897.97311827957
732,2954.2365591397847
733,2035.6505376344085
734,1180.6774193548388
735,457.1881720430108
736,0.0
737,16.822580645161224
738,493.26881720430106
739,1195.97311827957
740,1950.010752688172
741,2702.005376344086
742,3417.1505376344085
743,4083.2150537634407
744,1624.7365591397843
745,2012.8548387096769
746,2649.0161290322576
747,3547.827956989247
748,5077.559139784946
749,6114.715053763441
750,6599.435483870968
751,6692.553763440861
752,6365.822580645161
753,5720.908602150537
754,4825.268817204302
755,3897.97311827957
756,2954.2365591397847
757,2035.6505376344085
758,1180.6774193548388
759,457.1881720430108
760,0.0
761,16.822580645161224
762,493.26881720430106
763,1195.97311827957
764,1950.010752688172
765,2702.005376344086
766,3417.1505376344085
767,4083.2150537634407
768,1624.7365591397843
769,2012.8548387096769
770,2649.0161290322576
771,3547.827956989247
772,5077.559139784946
773,6114.715053763441
774,6599.435483870968
775,6692.553763440861
776,6365.822580645161
777,5720.908602150537
778,4825.268817204302
779,3897.97311827957
780,2954.2365591397847
781,2035.6505376344085
782,1180.6774193548388
783,457.1881720430108
784,0.0
785,16.822580645161224
786,493.26881720430106
787,1195.97311827957
788,1950.010752688172
789,2702.005376344086
790,3417.1505376344085
791,4083.2150537634407
792,1624.7365591397843
793,2012.8548387096769
794,2649.0161290322576
795,3547.827956989247
796,5077.559139784946
797,6114.715053763441
798,6599.435483870968
799,6692.553763440861
800,6365.822580645161
801,5720.908602150537
802,4825.268817204302
803,3897.97311827957
804,2954.2365591397847
805,2035.6505376344085
806,1180.6774193548388
807,457.1881720430108
808,0.0
809,16.822580645161224
810,493.26881720430106
811,1195.97311827957
812,1950.010752688172
813,2702.005376344086
814,3417.1505376344085
815,4083.2150537634407
816,1624.7365591397843
817,2012.8548387096769
818,2649.0161290322576
819,3547.827956989247
820,5077.559139784946
821,6114.715053763441
822,6599.435483870968
823,6692.553763440861
824,6365.822580645161
825,5720.908602150537
826,4825.268817204302
827,3897.97311827957
828,2954.2365591397847
829,2035.6505376344085
830,1180.6774193548388
831,457.1881720430108
832,0.0
833,16.822580645161224
834,493.26881720430106
835,1195.97311827957
836,1950.010752688172
837,2702.005376344086
838,3417.1505376344085
839,4083.2150537634407
840,1624.7365591397843
841,2012.8548387096769
842,2649.0161290322576
843,3547.827956989247
844,5077.559139784946
845,6114.715053763441
846,6599.435483870968
847,6692.553763440861
848,6365.822580645161
849,5720.908602150537
850,4825.268817204302
851,3897.97311827957
852,2954.2365591397847
853,2035.6505376344085
854,1180.6774193548388
855,457.1881720430108
856,0.0
857,16.822580645161224
858,493.26881720430106
859,1195.97311827957
860,1950.010752688172
861,2702.005376344086
862,3417.1505376344085
863,4083.2150537634407
864,1624.7365591397843
865,2012.8548387096769
866,2649.0161290322576
867,3547.827956989247
868,5077.559139784946
869,6114.715053763441
870,6599.435483870968
871,6692.553763440861
872,6365.822580645161
873,5720.908602150537
874,4825.268817204302
875,3897.97311827957
876,2954.2365591397847
877,2035.6505376344085
878,1180.6774193548388
879,457.1881720430108
880,0.0
881,16.822580645161224
882,493.26881720430106
883,1195.97311827957
884,1950.010752688172
885,2702.005376344086
886,3417.1505376344085
887,4083.2150537634407
888,1624.7365591397843
889,2012.8548387096769
890,2649.0161290322576
891,3547.827956989247
892,5077.559139784946
893,6114.715053763441
894,6599.435483870968
895,6692.553763440861
896,6365.822580645161
897,5720.908602150537
898,4825.268817204302
899,3897.97311827957
900,2954.2365591397847
901,2035.6505376344085
902,1180.6774193548388
903,457.1881720430108
904,0.0
905,16.822580645161224
906,493.26881720430106
907,1195.97311827957
908,1950.010752688172
909,2702.005376344086
910,3417.1505376344085
911,4083.2150537634407
912,1624.7365591397843
913,2012.8548387096769
914,2649.0161290322576
915,3547.827956989247
916,5077.559139784946
917,6114.715053763441
918,6599.435483870968
919,6692.553763440861
920,6365.822580645161
921,5720.908602150537
922,4825.268817204302
923,3897.97311827957
924,2954.2365591397847
925,2035.6505376344085
926,1180.6774193548388
927,457.1881720430108
928,0.0
929,16.822580645161224
930,493.26881720430106
931,1195.97311827957
932,1950.010752688172
933,2702.005376344086
934,3417.1505376344085
935,4083.2150537634407
936,1624.7365591397843
937,2012.8548387096769
938,2649.0161290322576
939,3547.827956989247
940,5077.559139784946
941,6114.715053763441
942,6599.435483870968
943,6692.553763440861
944,6365.822580645161
945,5720.908602150537
946,4825.268817204302
947,3897.97311827957
948,2954.2365591397847
949,2035.6505376344085
950,1180.6774193548388
951,457.1881720430108
952,0.0
953,16.822580645161224
954,493.26881720430106
955,1195.97311827957
956,1950.010752688172
957,2702.005376344086
958,3417.1505376344085
959,4083.2150537634407
960,1624.7365591397843
961,2012.8548387096769
962,2649.0161290322576
963,3547.827956989247
964,5077.559139784946
965,6114.715053763441
966,6599.435483870968
967,6692.553763440861
968,6365.822580645161
969,5720.908602150537
970,4825.268817204302
971,3897.97311827957
972,2954.2365591397847
973,2035.6505376344085
974,1180.6774193548388
975,457.1881720430108
976,0.0
977,16.822580645161224
978,493.26881720430106
979,1195.97311827957
980,1950.010752688172
981,2702.005376344086
982,3417.1505376344085
983,4083.2150537634407
984,1624.7365591397843
985,2012.8548387096769
986,2649.0161290322576
987,3547.827956989247
988,5077.559139784946
989,6114.715053763441
990,6599.435483870968
991,6692.553763440861
992,6365.822580645161
993,5720.908602150537
994,4825.268817204302
995,3897.97311827957
996,2954.2365591397847
997,2035.6505376344085
998,1180.6774193548388
999,457.1881720430108
1000,0.0
1001,16.822580645161224
1002,493.26881720430106
1003,1195.97311827957
1004,1950.010752688172
1005,2702.005376344086
1006,3417.1505376344085
1007,4083.2150537634407
1008,1624.7365591397843
1009,2012.8548387096769
1010,2649.0161290322576
1011,3547.827956989247
1012,5077.559139784946
1013,6114.715053763441
1014,6599.435483870968
1015,6692.553763440861
1016,6365.822580645161
1017,5720.908602150537
1018,4825.268817204302
1019,3897.97311827957
1020,2954.2365591397847
1021,2035.6505376344085
1022,1180.6774193548388
1023,457.1881720430108
1024,0.0
1025,16.822580645161224
1026,493.26881720430106
1027,1195.97311827957
1028,1950.010752688172
1029,2702.005376344086
1030,3417.1505376344085
1031,4083.2150537634407
1032,1624.7365591397843
1033,2012.8548387096769
1034,2649.0161290322576
1035,3547.827956989247
1036,5077.559139784946
1037,6114.715053763441
1038,6599.435483870968
1039,6692.553763440861
1040,6365.822580645161
1041,5720.908602150537
1042,4825.268817204302
1043,3897.97311827957
1044,2954.2365591397847
1045,2035.6505376344085
1046,1180.6774193548388
1047,457.1881720430108
1048,0.0
1049,16.822580645161224
1050,493.26881720430106
1051,1195.97311827957
1052,1950.010752688172
1053,2702.005376344086
1054,3417.1505376344085
1055,4083.2150537634407
1056,1624.7365591397843
1057,2012.8548387096769
1058,2649.0161290322576
1059,3547.827956989247
1060,5077.559139784946
1061,6114.715053763441
1062,6599.435483870968
1063,6692.553763440861
1064,6365.822580645161
1065,5720.908602150537
1066,4825.268817204302
1067,3897.97311827957
1068,2954.2365591397847
1069,2035.6505376344085
1070,1180.6774193548388
1071,457.1881720430108
1072,0.0
1073,16.822580645161224
1074,493.26881720430106
1075,1195.97311827957
1076,1950.010752688172
1077,2702.005376344086
1078,3417.1505376344085
1079,4083.2150537634407
1080,1624.7365591397843
1081,2012.8548387096769
1082,2649.0161290322576
1083,3547.827956989247
1084,5077.559139784946
1085,6114.715053763441
1086,6599.435483870968
1087,6692.553763440861
1088,6365.822580645161
1089,5720.908602150537
1090,4825.268817204302
1091,3897.97311827957
1092,2954.2365591397847
1093,2035.6505376344085
1094,1180.6774193548388
1095,457.1881720430108
1096,0.0
1097,16.822580645161224
1098,493.26881720430106
1099,1195.97311827957
1100,1950.010752688172
1101,2702.005376344086
1102,3417.1505376344085
1103,4083.2150537634407
1104,1624.7365591397843
1105,2012.8548387096769
1106,2649.0161290322576
1107,3547.827956989247
1108,5077.559139784946
1109,6114.715053763441
1110,6599.435483870968
1111,6692.553763440861
1112,6365.822580645161
1113,5720.908602150537
1114,4825.268817204302
1115,3897.97311827957
1116,2954.2365591397847
1117,2035.6505376344085
1118,1180.6774193548388
1119,457.1881720430108
1120,0.0
1121,16.822580645161224
1122,493.26881720430106
1123,1195.97311827957
1124,1950.010752688172
1125,2702.005376344086
1126,3417.1505376344085
1127,4083.2150537634407
1128,1624.7365591397843
1129,2012.8548387096769
1130,2649.0161290322576
1131,3547.827956989247
1132,5077.559139784946
1133,6114.715053763441
1134,6599.435483870968
1135,6692.553763440861
1136,6365.822580645161
1137,5720.908602150537
1138,4825.268817204302
1139,3897.97311827957
1140,2954.2365591397847
1141,2035.6505376344085
1142,1180.6774193548388
1143,457.1881720430108
1144,0.0
1145,16.822580645161224
1146,493.26881720430106
1147,1195.97311827957
1148,1950.010752688172
1149,2702.005376344086
1150,3417.1505376344085
1151,4083.2150537634407
1152,1624.7365591397843
1153,2012.8548387096769
1154,2649.0161290322576
1155,3547.827956989247
1156,5077.559139784946
1157,6114.715053763441
1158,6599.435483870968
1159,6692.553763440861
1160,6365.822580645161
1161,5720.908602150537
1162,4825.268817204302
1163,3897.97311827957
1164,2954.2365591397847
1165,2035.6505376344085
1166,1180.6774193548388
1167,457.1881720430108
1168,0.0
1169,16.822580645161224
1170,493.26881720430106
1171,1195.97311827957
1172,1950.010752688172
1173,2702.005376344086
1174,3417.1505376344085
1175,4083.2150537634407
1176,1624.7365591397843
1177,2012.8548387096769
1178,2649.0161290322576
1179,3547.827956989247
1180,5077.559139784946
1181,6114.715053763441
1182,6599.435483870968
1183,6692.553763440861
1184,6365.822580645161
1185,5720.908602150537
1186,4825.268817204302
1187,3897.97311827957
1188,2954.2365591397847
1189,2035.6505376344085
1190,1180.6774193548388
1191,457.1881720430108
1192,0.0
1193,16.822580645161224
1194,493.26881720430106
1195,1195.97311827957
1196,1950.010752688172
1197,2702.005376344086
1198,3417.1505376344085
1199,4083.2150537634407
1200,1624.7365591397843
1201,2012.8548387096769
1202,2649.0161290322576
1203,3547.827956989247
1204,5077.559139784946
1205,6114.715053763441
1206,6599.435483870968
1207,6692.553763440861
1208,6365.822580645161
1209,5720.908602150537
1210,4825.268817204302
1211,3897.97311827957
1212,2954.2365591397847
1213,2035.6505376344085
1214,1180.6774193548388
1215,457.1881720430108
1216,0.0
1217,16.822580645161224
1218,493.26881720430106
1219,1195.97311827957
1220,1950.010752688172
1221,2702.005376344086
1222,3417.1505376344085
1223,4083.2150537634407
1224,1624.7365591397843
1225,2012.8548387096769
1226,2649.0161290322576
1227,3547.827956989247
1228,5077.559139784946
1229,6114.715053763441
1230,6599.435483870968
1231,6692.553763440861
1232,6365.822580645161
1233,5720.908602150537
1234,4825.268817204302
1235,3897.97311827957
1236,2954.2365591397847
1237,2035.6505376344085
1238,1180.6774193548388
1239,457.1881720430108
1240,0.0
1241,16.822580645161224
1242,493.26881720430106
1243,1195.97311827957
1244,1950.010752688172
1245,2702.005376344086
1246,3417.1505376344085
1247,4083.2150537634407
1248,1624.7365591397843
1249,2012.8548387096769
1250,2649.0161290322576
1251,3547.827956989247
1252,5077.559139784946
1253,6114.715053763441
1254,6599.435483870968
1255,6692.553763440861
1256,6365.822580645161
1257,5720.908602150537
1258,4825.268817204302
1259,3897.97311827957
1260,2954.2365591397847
1261,2035.6505376344085
1262,1180.6774193548388
1263,457.1881720430108
1264,0.0
1265,16.822580645161224
1266,493.26881720430106
1267,1195.97311827957
1268,1950.010752688172
1269,2702.005376344086
1270,3417.1505376344085
1271,4083.2150537634407
1272,1624.7365591397843
1273,2012.8548387096769
1274,2649.0161290322576
1275,3547.827956989247
1276,5077.559139784946
1277,6114.715053763441
1278,6599.435483870968
1279,6692.553763440861
1280,6365.822580645161
1281,5720.908602150537
1282,4825.268817204302
1283,3897.97311827957
1284,2954.2365591397847
1285,2035.6505376344085
1286,1180.6774193548388
1287,457.1881720430108
1288,0.0
1289,16.822580645161224
1290,493.26881720430106
1291,1195.97311827957
1292,1950.010752688172
1293,2702.005376344086
1294,3417.1505376344085
1295,4083.2150537634407
1296,1624.7365591397843
1297,2012.8548387096769
1298,2649.0161290322576
1299,3547.827956989247
1300,5077.559139784946
1301,6114.715053763441
1302,6599.435483870968
1303,6692.553763440861
1304,6365.822580645161
1305,5720.908602150537
1306,4825.268817204302
1307,3897.97311827957
1308,2954.2365591397847
1309,2035.6505376344085
1310,1180.6774193548388
1311,457.1881720430108
1312,0.0
1313,16.822580645161224
1314,493.26881720430106
1315,1195.97311827957
1316,1950.010752688172
1317,2702.005376344086
1318,3417.1505376344085
1319,4083.2150537634407
1320,1624.7365591397843
1321,2012.8548387096769
1322,2649.0161290322576
1323,3547.827956989247
1324,5077.559139784946
1325,6114.715053763441
1326,6599.435483870968
1327,6692.553763440861
1328,6365.822580645161
1329,5720.908602150537
1330,4825.268817204302
1331,3897.97311827957
1332,2954.2365591397847
1333,2035.6505376344085
1334,1180.6774193548388
1335,457.1881720430108
1336,0.0
1337,16.822580645161224
1338,493.26881720430106
1339,1195.97311827957
1340,1950.010752688172
1341,2702.005376344086
1342,3417.1505376344085
1343,4083.2150537634407
1344,1624.7365591397843
1345,2012.8548387096769
1346,2649.0161290322576
1347,3547.827956989247
1348,5077.559139784946
1349,6114.715053763441
1350,6599.435483870968
1351,6692.553763440861
1352,6365.822580645161
1353,5720.908602150537
1354,4825.268817204302
1355,3897.97311827957
1356,2954.2365591397847
1357,2035.6505376344085
1358,1180.6774193548388
1359,457.1881720430108
1360,0.0
1361,16.822580645161224
1362,493.26881720430106
1363,1195.97311827957
1364,1950.010752688172
1365,2702.005376344086
1366,3417.1505376344085
1367,4083.2150537634407
1368,1624.7365591397843
1369,2012.8548387096769
1370,2649.0161290322576
1371,3547.827956989247
1372,5077.559139784946
1373,6114.715053763441
1374,6599.435483870968
1375,6692.553763440861
1376,6365.822580645161
1377,5720.908602150537
1378,4825.268817204302
1379,3897.97311827957
1380,2954.2365591397847
1381,2035.6505376344085
1382,1180.6774193548388
1383,457.1881720430108
1384,0.0
1385,16.822580645161224
1386,493.26881720430106
1387,1195.97311827957
1388,1950.010752688172
1389,2702.005376344086
1390,3417.1505376344085
1391,4083.2150537634407
1392,1624.7365591397843
1393,2012.8548387096769
1394,2649.0161290322576
1395,3547.827956989247
1396,5077.559139784946
1397,6114.715053763441
1398,6599.435483870968
1399,6692.553763440861
1400,6365.822580645161
1401,5720.908602150537
1402,4825.268817204302
1403,3897.97311827957
1404,2954.2365591397847
1405,2035.6505376344085
1406,1180.6774193548388
1407,457.1881720430108
1408,0.0
1409,16.822580645161224
1410,493.26881720430106
1411,1195.97311827957
1412,1950.010752688172
1413,2702.005376344086
1414,3417.1505376344085
1415,4083.2150537634407
1416,1624.7365591397843
1417,2012.8548387096769
1418,2649.0161290322576
1419,3547.827956989247
1420,5077.559139784946
1421,6114.715053763441
1422,6599.435483870968
1423,6692.553763440861
1424,6365.822580645161
1425,5720.908602150537
1426,4825.268817204302
1427,3897.97311827957
1428,2954.2365591397847
1429,2035.6505376344085
1430,1180.6774193548388
1431,457.1881720430108
1432,0.0
1433,16.822580645161224
1434,493.26881720430106
1435,1195.97311827957
1436,1950.010752688172
1437,2702.005376344086
1438,3417.1505376344085
1439,4083.2150537634407
1440,1624.7365591397843
1441,2012.8548387096769
1442,2649.0161290322576
1443,3547.827956989247
1444,5077.559139784946
1445,6114.715053763441
1446,6599.435483870968
1447,6692.553763440861
1448,6365.822580645161
1449,5720.908602150537
1450,4825.268817204302
1451,3897.97311827957
1452,2954.2365591397847
1453,2035.6505376344085
1454,1180.6774193548388
1455,457.1881720430108
1456,0.0
1457,16.822580645161224
1458,493.26881720430106
1459,1195.97311827957
1460,1950.010752688172
1461,2702.005376344086
1462,3417.1505376344085
1463,4083.2150537634407
1464,1624.7365591397843
1465,2012.8548387096769
1466,2649.0161290322576
1467,3547.827956989247
1468,5077.559139784946
1469,6114.715053763441
1470,6599.435483870968
1471,6692.553763440861
1472,6365.822580645161
1473,5720.908602150537
1474,4825.268817204302
1475,3897.97311827957
1476,2954.2365591397847
1477,2035.6505376344085
1478,1180.6774193548388
1479,457.1881720430108
1480,0.0
1481,16.822580645161224
1482,493.26881720430106
1483,1195.97311827957
1484,1950.010752688172
1485,2702.005376344086
1486,3417.1505376344085
1487,4083.2150537634407
1488,1624.7365591397843
1489,2012.8548387096769
1490,2649.0161290322576
1491,3547.827956989247
1492,5077.559139784946
1493,6114.715053763441
1494,6599.435483870968
1495,6692.553763440861
1496,6365.822580645161
1497,5720.908602150537
1498,4825.268817204302
1499,3897.97311827957
1500,2954.2365591397847
1501,2035.6505376344085
1502,1180.6774193548388
1503,457.1881720430108
1504,0.0
1505,16.822580645161224
1506,493.26881720430106
1507,1195.97311827957
1508,1950.010752688172
1509,2702.005376344086
1510,3417.1505376344085
1511,4083.2150537634407
1512,1624.7365591397843
1513,2012.8548387096769
1514,2649.0161290322576
1515,3547.827956989247
1516,5077.559139784946
1517,6114.715053763441
1518,6599.435483870968
1519,6692.553763440861
1520,6365.822580645161
1521,5720.908602150537
1522,4825.268817204302
1523,3897.97311827957
1524,2954.2365591397847
1525,2035.6505376344085
1526,1180.6774193548388
1527,457.1881720430108
1528,0.0
1529,16.822580645161224
1530,493.26881720430106
1531,1195.97311827957
1532,1950.010752688172
1533,2702.005376344086
1534,3417.1505376344085
1535,4083.2150537634407
1536,1624.7365591397843
1537,2012.8548387096769
1538,2649.0161290322576
1539,3547.827956989247
1540,5077.559139784946
1541,6114.715053763441
1542,6599.435483870968
1543,6692.553763440861
1544,6365.822580645161
1545,5720.908602150537
1546,4825.268817204302
1547,3897.97311827957
1548,2954.2365591397847
1549,2035.6505376344085
1550,1180.6774193548388
1551,457.1881720430108
1552,0.0
1553,16.822580645161224
1554,493.26881720430106
1555,1195.97311827957
1556,1950.010752688172
1557,2702.005376344086
1558,3417.1505376344085
1559,4083.2150537634407
1560,1624.7365591397843
1561,2012.8548387096769
1562,2649.0161290322576
1563,3547.827956989247
1564,5077.559139784946
1565,6114.715053763441
1566,6599.435483870968
1567,6692.553763440861
1568,6365.822580645161
1569,5720.908602150537
1570,4825.268817204302
1571,3897.97311827957
1572,2954.2365591397847
1573,2035.6505376344085
1574,1180.6774193548388
1575,457.1881720430108
1576,0.0
1577,16.822580645161224
1578,493.26881720430106
1579,1195.97311827957
1580,1950.010752688172
1581,2702.005376344086
1582,3417.1505376344085
1583,4083.2150537634407
1584,1624.7365591397843
1585,2012.8548387096769
1586,2649.0161290322576
1587,3547.827956989247
1588,5077.559139784946
1589,6114.715053763441
1590,6599.435483870968
1591,6692.553763440861
1592,6365.822580645161
1593,5720.908602150537
1594,4825.268817204302
1595,3897.97311827957
1596,2954.2365591397847
1597,2035.6505376344085
1598,1180.6774193548388
1599,457.1881720430108
1600,0.0
1601,16.822580645161224
1602,493.26881720430106
1603,1195.97311827957
1604,1950.010752688172
1605,2702.005376344086
1606,3417.1505376344085
1607,4083.2150537634407
1608,1624.7365591397843
1609,2012.8548387096769
1610,2649.0161290322576
1611,3547.827956989247
1612,5077.559139784946
1613,6114.715053763441
1614,6599.435483870968
1615,6692.553763440861
1616,6365.822580645161
1617,5720.908602150537
1618,4825.268817204302
1619,3897.97311827957
1620,2954.2365591397847
1621,2035.6505376344085
1622,1180.6774193548388
1623,457.1881720430108
1624,0.0
1625,16.822580645161224
1626,493.26881720430106
1627,1195.97311827957
1628,1950.010752688172
1629,2702.005376344086
1630,3417.1505376344085
1631,4083.2150537634407
1632,1624.7365591397843
1633,2012.8548387096769
1634,2649.0161290322576
1635,3547.827956989247
1636,5077.559139784946
1637,6114.715053763441
1638,6599.435483870968
1639,6692.553763440861
1640,6365.822580645161
1641,5720.908602150537
1642,4825.268817204302
1643,3897.97311827957
1644,2954.2365591397847
1645,2035.6505376344085
1646,1180.6774193548388
1647,457.1881720430108
1648,0.0
1649,16.822580645161224
1650,493.26881720430106
1651,1195.97311827957
1652,1950.010752688172
1653,2702.005376344086
1654,3417.1505376344085
1655,4083.2150537634407
1656,1624.7365591397843
1657,2012.8548387096769
1658,2649.0161290322576
1659,3547.827956989247
1660,5077.559139784946
1661,6114.715053763441
1662,6599.435483870968
1663,6692.553763440861
1664,6365.822580645161
1665,5720.908602150537
1666,4825.268817204302
1667,3897.97311827957
1668,2954.2365591397847
1669,2035.6505376344085
1670,1180.6774193548388
1671,457.1881720430108
1672,0.0
1673,16.822580645161224
1674,493.26881720430106
1675,1195.97311827957
1676,1950.010752688172
1677,2702.005376344086
1678,3417.1505376344085
1679,4083.2150537634407
1680,1624.7365591397843
1681,2012.8548387096769
1682,2649.0161290322576
1683,3547.827956989247
1684,5077.559139784946
1685,6114.715053763441
1686,6599.435483870968
1687,6692.553763440861
1688,6365.822580645161
1689,5720.908602150537
1690,4825.268817204302
1691,3897.97311827957
1692,2954.2365591397847
1693,2035.6505376344085
1694,1180.6774193548388
1695,457.1881720430108
1696,0.0
1697,16.822580645161224
1698,493.26881720430106
1699,1195.97311827957
1700,1950.010752688172
1701,2702.005376344086
1702,3417.1505376344085
1703,4083.2150537634407
1704,1624.7365591397843
1705,2012.8548387096769
1706,2649.0161290322576
1707,3547.827956989247
1708,5077.559139784946
1709,6114.715053763441
1710,6599.435483870968
1711,6692.553763440861
1712,6365.822580645161
1713,5720.908602150537
1714,4825.268817204302
1715,3897.97311827957
1716,2954.2365591397847
1717,2035.6505376344085
1718,1180.6774193548388
1719,457.1881720430108
1720,0.0
1721,16.822580645161224
1722,493.26881720430106
1723,1195.97311827957
1724,1950.010752688172
1725,2702.005376344086
1726,3417.1505376344085
1727,4083.2150537634407
1728,1624.7365591397843
1729,2012.8548387096769
1730,2649.0161290322576
1731,3547.827956989247
1732,5077.559139784946
1733,6114.715053763441
1734,6599.435483870968
1735,6692.553763440861
1736,6365.822580645161
1737,5720.908602150537
1738,4825.268817204302
1739,3897.97311827957
1740,2954.2365591397847
1741,2035.6505376344085
1742,1180.6774193548388
1743,457.1881720430108
1744,0.0
1745,16.822580645161224
1746,493.26881720430106
1747,1195.97311827957
1748,1950.010752688172
1749,2702.005376344086
1750,3417.1505376344085
1751,4083.2150537634407
1752,1624.7365591397843
1753,2012.8548387096769
1754,2649.0161290322576
1755,3547.827956989247
1756,5077.559139784946
1757,6114.715053763441
1758,6599.435483870968
1759,6692.553763440861
1760,6365.822580645161
1761,5720.908602150537
1762,4825.268817204302
1763,3897.97311827957
1764,2954.2365591397847
1765,2035.6505376344085
1766,1180.6774193548388
1767,457.1881720430108
1768,0.0
1769,16.822580645161224
1770,493.26881720430106
1771,1195.97311827957
1772,1950.010752688172
1773,2702.005376344086
1774,3417.1505376344085
1775,4083.2150537634407
1776,1624.7365591397843
1777,2012.8548387096769
1778,2649.0161290322576
1779,3547.827956989247
1780,5077.559139784946
1781,6114.715053763441
1782,6599.435483870968
1783,6692.553763440861
1784,6365.822580645161
1785,5720.908602150537
1786,4825.268817204302
1787,3897.97311827957
1788,2954.2365591397847
1789,2035.6505376344085
1790,1180.6774193548388
1791,457.1881720430108
1792,0.0
1793,16.822580645161224
1794,493.26881720430106
1795,1195.97311827957
1796,1950.010752688172
1797,2702.005376344086
1798,3417.1505376344085
1799,4083.2150537634407
1800,1624.7365591397843
1801,2012.8548387096769
1802,2649.0161290322576
1803,3547.827956989247
1804,5077.559139784946
1805,6114.715053763441
1806,6599.435483870968
1807,6692.553763440861
1808,6365.822580645161
1809,5720.908602150537
1810,4825.268817204302
1811,3897.97311827957
1812,2954.2365591397847
1813,2035.6505376344085
1814,1180.6774193548388
1815,457.1881720430108
1816,0.0
1817,16.822580645161224
1818,493.26881720430106
1819,1195.97311827957
1820,1950.010752688172
1821,2702.005376344086
1822,3417.1505376344085
1823,4083.2150537634407
1824,1624.7365591397843
1825,2012.8548387096769
1826,2649.0161290322576
1827,3547.827956989247
1828,5077.559139784946
1829,6114.715053763441
1830,6599.435483870968
1831,6692.553763440861
1832,6365.822580645161
1833,5720.908602150537
1834,4825.268817204302
1835,3897.97311827957
1836,2954.2365591397847
1837,2035.6505376344085
1838,1180.6774193548388
1839,457.1881720430108
1840,0.0
1841,16.822580645161224
1842,493.26881720430106
1843,1195.97311827957
1844,1950.010752688172
1845,2702.005376344086
1846,3417.1505376344085
1847,4083.2150537634407
1848,1624.7365591397843
1849,2012.8548387096769
1850,2649.0161290322576
1851,3547.827956989247
1852,5077.559139784946
1853,6114.715053763441
1854,6599.435483870968
1855,6692.553763440861
1856,6365.822580645161
1857,5720.908602150537
1858,4825.268817204302
1859,3897.97311827957
1860,2954.2365591397847
1861,2035.6505376344085
1862,1180.6774193548388
1863,457.1881720430108
1864,0.0
1865,16.822580645161224
1866,493.26881720430106
1867,1195.97311827957
1868,1950.010752688172
1869,2702.005376344086
1870,3417.1505376344085
1871,4083.2150537634407
1872,1624.7365591397843
1873,2012.8548387096769
1874,2649.0161290322576
1875,3547.827956989247
1876,5077.559139784946
1877,6114.715053763441
1878,6599.435483870968
1879,6692.553763440861
1880,6365.822580645161
1881,5720.908602150537
1882,4825.268817204302
1883,3897.97311827957
1884,2954.2365591397847
1885,2035.6505376344085
1886,1180.6774193548388
1887,457.1881720430108
1888,0.0
1889,16.822580645161224
1890,493.26881720430106
1891,1195.97311827957
1892,1950.010752688172
1893,2702.005376344086
1894,3417.1505376344085
1895,4083.2150537634407
1896,1624.7365591397843
1897,2012.8548387096769
1898,2649.0161290322576
1899,3547.827956989247
1900,5077.559139784946
1901,6114.715053763441
1902,6599.435483870968
1903,6692.553763440861
1904,6365.822580645161
1905,5720.908602150537
1906,4825.268817204302
1907,3897.97311827957
1908,2954.2365591397847
1909,2035.6505376344085
1910,1180.6774193548388
1911,457.1881720430108
1912,0.0
1913,16.822580645161224
1914,493.26881720430106
1915,1195.97311827957
1916,1950.010752688172
1917,2702.005376344086
1918,3417.1505376344085
1919,4083.2150537634407
1920,1624.7365591397843
1921,2012.8548387096769
1922,2649.0161290322576
1923,3547.827956989247
1924,5077.559139784946
1925,6114.715053763441
1926,6599.435483870968
1927,6692.553763440861
1928,6365.822580645161
1929,5720.908602150537
1930,4825.268817204302
1931,3897.97311827957
1932,2954.2365591397847
1933,2035.6505376344085
1934,1180.6774193548388
1935,457.1881720430108
1936,0.0
1937,16.822580645161224
1938,493.26881720430106
1939,1195.97311827957
1940,1950.010752688172
1941,2702.005376344086
1942,3417.1505376344085
1943,4083.2150537634407
1944,1624.7365591397843
1945,2012.8548387096769
1946,2649.0161290322576
1947,3547.827956989247
1948,5077.559139784946
1949,6114.715053763441
1950,6599.435483870968
1951,6692.553763440861
1952,6365.822580645161
1953,5720.908602150537
1954,4825.268817204302
1955,3897.97311827957
1956,2954.2365591397847
1957,2035.6505376344085
1958,1180.6774193548388
1959,457.1881720430108
1960,0.0
1961,16.822580645161224
1962,493.26881720430106
1963,1195.97311827957
1964,1950.010752688172
1965,2702.005376344086
1966,3417.1505376344085
1967,4083.2150537634407
1968,1624.7365591397843
1969,2012.8548387096769
1970,2649.0161290322576
1971,3547.827956989247
1972,5077.559139784946
1973,6114.715053763441
1974,6599.435483870968
1975,6692.553763440861
1976,6365.822580645161
1977,5720.908602150537
1978,4825.268817204302
1979,3897.97311827957
1980,2954.2365591397847
1981,2035.6505376344085
1982,1180.6774193548388
1983,457.1881720430108
1984,0.0
1985,16.822580645161224
1986,493.26881720430106
1987,1195.97311827957
1988,1950.010752688172
1989,2702.005376344086
1990,3417.1505376344085
1991,4083.2150537634407
1992,1624.7365591397843
1993,2012.8548387096769
1994,2649.0161290322576
1995,3547.827956989247
1996,5077.559139784946
1997,6114.715053763441
1998,6599.435483870968
1999,6692.553763440861
2000,6365.822580645161
2001,5720.908602150537
2002,4825.268817204302
2003,3897.97311827957
2004,2954.2365591397847
2005,2035.6505376344085
2006,1180.6774193548388
2007,457.1881720430108
2008,0.0
2009,16.822580645161224
2010,493.26881720430106
2011,1195.97311827957
2012,1950.010752688172
2013,2702.005376344086
2014,3417.1505376344085
2015,4083.2150537634407
2016,1624.7365591397843
2017,2012.8548387096769
2018,2649.0161290322576
2019,3547.827956989247
2020,5077.559139784946
2021,6114.715053763441
2022,6599.435483870968
2023,6692.553763440861
2024,6365.822580645161
2025,5720.908602150537
2026,4825.268817204302
2027,3897.97311827957
2028,2954.2365591397847
2029,2035.6505376344085
2030,1180.6774193548388
2031,457.1881720430108
2032,0.0
2033,16.822580645161224
2034,493.26881720430106
2035,1195.97311827957
2036,1950.010752688172
2037,2702.005376344086
2038,3417.1505376344085
2039,4083.2150537634407
2040,1624.7365591397843
2041,2012.8548387096769
2042,2649.0161290322576
2043,3547.827956989247
2044,5077.559139784946
2045,6114.715053763441
2046,6599.435483870968
2047,6692.553763440861
2048,6365.822580645161
2049,5720.908602150537
2050,4825.268817204302
2051,3897.97311827957
2052,2954.2365591397847
2053,2035.6505376344085
2054,1180.6774193548388
2055,457.1881720430108
2056,0.0
2057,16.822580645161224
2058,493.26881720430106
2059,1195.97311827957
2060,1950.010752688172
2061,2702.005376344086
2062,3417.1505376344085
2063,4083.2150537634407
2064,1624.7365591397843
2065,2012.8548387096769
2066,2649.0161290322576
2067,3547.827956989247
2068,5077.559139784946
2069,6114.715053763441
2070,6599.435483870968
2071,6692.553763440861
2072,6365.822580645161
2073,5720.908602150537
2074,4825.268817204302
2075,3897.97311827957
2076,2954.2365591397847
2077,2035.6505376344085
2078,1180.6774193548388
2079,457.1881720430108
2080,0.0
2081,16.822580645161224
2082,493.26881720430106
2083,1195.97311827957
2084,1950.010752688172
2085,2702.005376344086
2086,3417.1505376344085
2087,4083.2150537634407
2088,1624.7365591397843
2089,2012.8548387096769
2090,2649.0161290322576
2091,3547.827956989247
2092,5077.559139784946
2093,6114.715053763441
2094,6599.435483870968
2095,6692.553763440861
2096,6365.822580645161
2097,5720.908602150537
2098,4825.268817204302
2099,3897.97311827957
2100,2954.2365591397847
2101,2035.6505376344085
2102,1180.6774193548388
2103,457.1881720430108
2104,0.0
2105,16.822580645161224
2106,493.26881720430106
2107,1195.97311827957
2108,1950.010752688172
2109,2702.005376344086
2110,3417.1505376344085
2111,4083.2150537634407
2112,1624.7365591397843
2113,2012.8548387096769
2114,2649.0161290322576
2115,3547.827956989247
2116,5077.559139784946
2117,6114.715053763441
2118,6599.435483870968
2119,6692.553763440861
2120,6365.822580645161
2121,5720.908602150537
2122,4825.268817204302
2123,3897.97311827957
2124,2954.2365591397847
2125,2035.6505376344085
2126,1180.6774193548388
2127,457.1881720430108
2128,0.0
2129,16.822580645161224
2130,493.26881720430106
2131,1195.97311827957
2132,1950.010752688172
2133,2702.005376344086
2134,3417.1505376344085
2135,4083.2150537634407
2136,1624.7365591397843
2137,2012.8548387096769
2138,2649.0161290322576
2139,3547.827956989247
2140,5077.559139784946
2141,6114.715053763441
2142,6599.435483870968
2143,6692.553763440861
2144,6365.822580645161
2145,5720.908602150537
2146,4825.268817204302
2147,3897.97311827957
2148,2954.2365591397847
2149,2035.6505376344085
2150,1180.6774193548388
2151,457.1881720430108
2152,0.0
2153,16.822580645161224
2154,493.26881720430106
2155,1195.97311827957
2156,1950.010752688172
2157,2702.005376344086
2158,3417.1505376344085
2159,4083.2150537634407
2160,1624.7365591397843
2161,2012.8548387096769
2162,2649.0161290322576
2163,3547.827956989247
2164,5077.559139784946
2165,6114.715053763441
2166,6599.435483870968
2167,6692.553763440861
2168,6365.822580645161
2169,5720.908602150537
2170,4825.268817204302
2171,3897.97311827957
2172,2954.2365591397847
2173,2035.6505376344085
2174,1180.6774193548388
2175,457.1881720430108
2176,0.0
2177,16.822580645161224
2178,493.26881720430106
2179,1195.97311827957
2180,1950.010752688172
2181,2702.005376344086
2182,3417.1505376344085
2183,4083.2150537634407
2184,1624.7365591397843
2185,2012.8548387096769
2186,2649.0161290322576
2187,3547.827956989247
2188,5077.559139784946
2189,6114.715053763441
2190,6599.435483870968
2191,6692.553763440861
2192,6365.822580645161
2193,5720.908602150537
2194,4825.268817204302
2195,3897.97311827957
2196,2954.2365591397847
2197,2035.6505376344085
2198,1180.6774193548388
2199,457.1881720430108
2200,0.0
2201,16.822580645161224
2202,493.26881720430106
2203,1195.97311827957
2204,1950.010752688172
2205,2702.005376344086
2206,3417.1505376344085
2207,4083.2150537634407
2208,1624.7365591397843
2209,2012.8548387096769
2210,2649.0161290322576
2211,3547.827956989247
2212,5077.559139784946
2213,6114.715053763441
2214,6599.435483870968
2215,6692.553763440861
2216,6365.822580645161
2217,5720.908602150537
2218,4825.268817204302
2219,3897.97311827957
2220,2954.2365591397847
2221,2035.6505376344085
2222,1180.6774193548388
2223,457.1881720430108
2224,0.0
2225,16.822580645161224
2226,493.26881720430106
2227,1195.97311827957
2228,1950.010752688172
2229,2702.005376344086
2230,3417.1505376344085
2231,4083.2150537634407
2232,1624.7365591397843
2233,2012.8548387096769
2234,2649.0161290322576
2235,3547.827956989247
2236,5077.559139784946
2237,6114.715053763441
2238,6599.435483870968
2239,6692.553763440861
2240,6365.822580645161
2241,5720.908602150537
2242,4825.268817204302
2243,3897.97311827957
2244,2954.2365591397847
2245,2035.6505376344085
2246,1180.6774193548388
2247,457.1881720430108
2248,0.0
2249,16.822580645161224
2250,493.26881720430106
2251,1195.97311827957
2252,1950.010752688172
2253,2702.005376344086
2254,3417.1505376344085
2255,4083.2150537634407
2256,1624.7365591397843
2257,2012.8548387096769
2258,2649.0161290322576
2259,3547.827956989247
2260,5077.559139784946
2261,6114.715053763441
2262,6599.435483870968
2263,6692.553763440861
2264,6365.822580645161
2265,5720.908602150537
2266,4825.268817204302
2267,3897.97311827957
2268,2954.2365591397847
2269,2035.6505376344085
2270,1180.6774193548388
2271,457.1881720430108
2272,0.0
2273,16.822580645161224
2274,493.26881720430106
2275,1195.97311827957
2276,1950.010752688172
2277,2702.005376344086
2278,3417.1505376344085
2279,4083.2150537634407
2280,1624.7365591397843
2281,2012.8548387096769
2282,2649.0161290322576
2283,3547.827956989247
2284,5077.559139784946
2285,6114.715053763441
2286,6599.435483870968
2287,6692.553763440861
2288,6365.822580645161
2289,5720.908602150537
2290,4825.268817204302
2291,3897.97311827957
2292,2954.2365591397847
2293,2035.6505376344085
2294,1180.6774193548388
2295,457.1881720430108
2296,0.0
2297,16.822580645161224
2298,493.26881720430106
2299,1195.97311827957
2300,1950.010752688172
2301,2702.005376344086
2302,3417.1505376344085
2303,4083.2150537634407
2304,1624.7365591397843
2305,2012.8548387096769
2306,2649.0161290322576
2307,3547.827956989247
2308,5077.559139784946
2309,6114.715053763441
2310,6599.435483870968
2311,6692.553763440861
2312,6365.822580645161
2313,5720.908602150537
2314,4825.268817204302
2315,3897.97311827957
2316,2954.2365591397847
2317,2035.6505376344085
2318,1180.6774193548388
2319,457.1881720430108
2320,0.0
2321,16.822580645161224
2322,493.26881720430106
2323,1195.97311827957
2324,1950.010752688172
2325,2702.005376344086
2326,3417.1505376344085
2327,4083.2150537634407
2328,1624.7365591397843
2329,2012.8548387096769
2330,2649.0161290322576
2331,3547.827956989247
2332,5077.559139784946
2333,6114.715053763441
2334,6599.435483870968
2335,6692.553763440861
2336,6365.822580645161
2337,5720.908602150537
2338,4825.268817204302
2339,3897.97311827957
2340,2954.2365591397847
2341,2035.6505376344085
2342,1180.6774193548388
2343,457.1881720430108
2344,0.0
2345,16.822580645161224
2346,493.26881720430106
2347,1195.97311827957
2348,1950.010752688172
2349,2702.005376344086
2350,3417.1505376344085
2351,4083.2150537634407
2352,1624.7365591397843
2353,2012.8548387096769
2354,2649.0161290322576
2355,3547.827956989247
2356,5077.559139784946
2357,6114.715053763441
2358,6599.435483870968
2359,6692.553763440861
2360,6365.822580645161
2361,5720.908602150537
2362,4825.268817204302
2363,3897.97311827957
2364,2954.2365591397847
2365,2035.6505376344085
2366,1180.6774193548388
2367,457.1881720430108
2368,0.0
2369,16.822580645161224
2370,493.26881720430106
2371,1195.97311827957
2372,1950.010752688172
2373,2702.005376344086
2374,3417.1505376344085
2375,4083.2150537634407
2376,1624.7365591397843
2377,2012.8548387096769
2378,2649.0161290322576
2379,3547.827956989247
2380,5077.559139784946
2381,6114.715053763441
2382,6599.435483870968
2383,6692.553763440861
2384,6365.822580645161
2385,5720.908602150537
2386,4825.268817204302
2387,3897.97311827957
2388,2954.2365591397847
2389,2035.6505376344085
2390,1180.6774193548388
2391,457.1881720430108
2392,0.0
2393,16.822580645161224
2394,493.26881720430106
2395,1195.97311827957
2396,1950.010752688172
2397,2702.005376344086
2398,3417.1505376344085
2399,4083.2150537634407
2400,1624.7365591397843
2401,2012.8548387096769
2402,2649.0161290322576
2403,3547.827956989247
2404,5077.559139784946
2405,6114.715053763441
2406,6599.435483870968
2407,6692.553763440861
2408,6365.822580645161
2409,5720.908602150537
2410,4825.268817204302
2411,3897.97311827957
2412,2954.2365591397847
2413,2035.6505376344085
2414,1180.6774193548388
2415,457.1881720430108
2416,0.0
2417,16.822580645161224
2418,493.26881720430106
2419,1195.97311827957
2420,1950.010752688172
2421,2702.005376344086
2422,3417.1505376344085
2423,4083.2150537634407
2424,1624.7365591397843
2425,2012.8548387096769
2426,2649.0161290322576
2427,3547.827956989247
2428,5077.559139784946
2429,6114.715053763441
2430,6599.435483870968
2431,6692.553763440861
2432,6365.822580645161
2433,5720.908602150537
2434,4825.268817204302
2435,3897.97311827957
2436,2954.2365591397847
2437,2035.6505376344085
2438,1180.6774193548388
2439,457.1881720430108
2440,0.0
2441,16.822580645161224
2442,493.26881720430106
2443,1195.97311827957
2444,1950.010752688172
2445,2702.005376344086
2446,3417.1505376344085
2447,4083.2150537634407
2448,1624.7365591397843
2449,2012.8548387096769
2450,2649.0161290322576
2451,3547.827956989247
2452,5077.559139784946
2453,6114.715053763441
2454,6599.435483870968
2455,6692.553763440861
2456,6365.822580645161
2457,5720.908602150537
2458,4825.268817204302
2459,3897.97311827957
2460,2954.2365591397847
2461,2035.6505376344085
2462,1180.6774193548388
2463,457.1881720430108
2464,0.0
2465,16.822580645161224
2466,493.26881720430106
2467,1195.97311827957
2468,1950.010752688172
2469,2702.005376344086
2470,3417.1505376344085
2471,4083.2150537634407
2472,1624.7365591397843
2473,2012.8548387096769
2474,2649.0161290322576
2475,3547.827956989247
2476,5077.559139784946
2477,6114.715053763441
2478,6599.435483870968
2479,6692.553763440861
2480,6365.822580645161
2481,5720.908602150537
2482,4825.268817204302
2483,3897.97311827957
2484,2954.2365591397847
2485,2035.6505376344085
2486,1180.6774193548388
2487,457.1881720430108
2488,0.0
2489,16.822580645161224
2490,493.26881720430106
2491,1195.97311827957
2492,1950.010752688172
2493,2702.005376344086
2494,3417.1505376344085
2495,4083.2150537634407
2496,1624.7365591397843
2497,2012.8548387096769
2498,2649.0161290322576
2499,3547.827956989247
2500,5077.559139784946
2501,6114.715053763441
2502,6599.435483870968
2503,6692.553763440861
2504,6365.822580645161
2505,5720.908602150537
2506,4825.268817204302
2507,3897.97311827957
2508,2954.2365591397847
2509,2035.6505376344085
2510,1180.6774193548388
2511,457.1881720430108
2512,0.0
2513,16.822580645161224
2514,493.26881720430106
2515,1195.97311827957
2516,1950.010752688172
2517,2702.005376344086
2518,3417.1505376344085
2519,4083.2150537634407
2520,1624.7365591397843
2521,2012.8548387096769
2522,2649.0161290322576
2523,3547.827956989247
2524,5077.559139784946
2525,6114.715053763441
2526,6599.435483870968
2527,6692.553763440861
2528,6365.822580645161
2529,5720.908602150537
2530,4825.268817204302
2531,3897.97311827957
2532,2954.2365591397847
2533,2035.6505376344085
2534,1180.6774193548388
2535,457.1881720430108
2536,0.0
2537,16.822580645161224
2538,493.26881720430106
2539,1195.97311827957
2540,1950.010752688172
2541,2702.005376344086
2542,3417.1505376344085
2543,4083.2150537634407
2544,1624.7365591397843
2545,2012.8548387096769
2546,2649.0161290322576
2547,3547.827956989247
2548,5077.559139784946
2549,6114.715053763441
2550,6599.435483870968
2551,6692.553763440861
2552,6365.822580645161
2553,5720.908602150537
2554,4825.268817204302
2555,3897.97311827957
2556,2954.2365591397847
2557,2035.6505376344085
2558,1180.6774193548388
2559,457.1881720430108
2560,0.0
2561,16.822580645161224
2562,493.26881720430106
2563,1195.97311827957
2564,1950.010752688172
2565,2702.005376344086
2566,3417.1505376344085
2567,4083.2150537634407
2568,1624.7365591397843
2569,2012.8548387096769
2570,2649.0161290322576
2571,3547.827956989247
2572,5077.559139784946
2573,6114.715053763441
2574,6599.435483870968
2575,6692.553763440861
2576,6365.822580645161
2577,5720.908602150537
2578,4825.268817204302
2579,3897.97311827957
2580,2954.2365591397847
2581,2035.6505376344085
2582,1180.6774193548388
2583,457.1881720430108
2584,0.0
2585,16.822580645161224
2586,493.26881720430106
2587,1195.97311827957
2588,1950.010752688172
2589,2702.005376344086
2590,3417.1505376344085
2591,4083.2150537634407
2592,1624.7365591397843
2593,2012.8548387096769
2594,2649.0161290322576
2595,3547.827956989247
2596,5077.559139784946
2597,6114.715053763441
2598,6599.435483870968
2599,6692.553763440861
2600,6365.822580645161
2601,5720.908602150537
2602,4825.268817204302
2603,3897.97311827957
2604,2954.2365591397847
2605,2035.6505376344085
2606,1180.6774193548388
2607,457.1881720430108
2608,0.0
2609,16.822580645161224
2610,493.26881720430106
2611,1195.97311827957
2612,1950.010752688172
2613,2702.005376344086
2614,3417.1505376344085
2615,4083.2150537634407
2616,1624.7365591397843
2617,2012.8548387096769
2618,2649.0161290322576
2619,3547.827956989247
2620,5077.559139784946
2621,6114.715053763441
2622,6599.435483870968
2623,6692.553763440861
2624,6365.822580645161
2625,5720.908602150537
2626,4825.268817204302
2627,3897.97311827957
2628,2954.2365591397847
2629,2035.6505376344085
2630,1180.6774193548388
2631,457.1881720430108
2632,0.0
2633,16.822580645161224
2634,493.26881720430106
2635,1195.97311827957
2636,1950.010752688172
2637,2702.005376344086
2638,3417.1505376344085
2639,4083.2150537634407
2640,1624.7365591397843
2641,2012.8548387096769
2642,2649.0161290322576
2643,3547.827956989247
2644,5077.559139784946
2645,6114.715053763441
2646,6599.435483870968
2647,6692.553763440861
2648,6365.822580645161
2649,5720.908602150537
2650,4825.268817204302
2651,3897.97311827957
2652,2954.2365591397847
2653,2035.6505376344085
2654,1180.6774193548388
2655,457.1881720430108
2656,0.0
2657,16.822580645161224
2658,493.26881720430106
2659,1195.97311827957
2660,1950.010752688172
2661,2702.005376344086
2662,3417.1505376344085
2663,4083.2150537634407
2664,1624.7365591397843
2665,2012.8548387096769
2666,2649.0161290322576
2667,3547.827956989247
2668,5077.559139784946
2669,6114.715053763441
2670,6599.435483870968
2671,6692.553763440861
2672,6365.822580645161
2673,5720.908602150537
2674,4825.268817204302
2675,3897.97311827957
2676,2954.2365591397847
2677,2035.6505376344085
2678,1180.6774193548388
2679,457.1881720430108
2680,0.0
2681,16.822580645161224
2682,493.26881720430106
2683,1195.97311827957
2684,1950.010752688172
2685,2702.005376344086
2686,3417.1505376344085
2687,4083.2150537634407
2688,1624.7365591397843
2689,2012.8548387096769
2690,2649.0161290322576
2691,3547.827956989247
2692,5077.559139784946
2693,6114.715053763441
2694,6599.435483870968
2695,6692.553763440861
2696,6365.822580645161
2697,5720.908602150537
2698,4825.268817204302
2699,3897.97311827957
2700,2954.2365591397847
2701,2035.6505376344085
2702,1180.6774193548388
2703,457.1881720430108
2704,0.0
2705,16.822580645161224
2706,493.26881720430106
2707,1195.97311827957
2708,1950.010752688172
2709,2702.005376344086
2710,3417.1505376344085
2711,4083.2150537634407
2712,1624.7365591397843
2713,2012.8548387096769
2714,2649.0161290322576
2715,3547.827956989247
2716,5077.559139784946
2717,6114.715053763441
2718,6599.435483870968
2719,6692.553763440861
2720,6365.822580645161
2721,5720.908602150537
2722,4825.268817204302
2723,3897.97311827957
2724,2954.2365591397847
2725,2035.6505376344085
2726,1180.6774193548388
2727,457.1881720430108
2728,0.0
2729,16.822580645161224
2730,493.26881720430106
2731,1195.97311827957
2732,1950.010752688172
2733,2702.005376344086
2734,3417.1505376344085
2735,4083.2150537634407
2736,1624.7365591397843
2737,2012.8548387096769
2738,2649.0161290322576
2739,3547.827956989247
2740,5077.559139784946
2741,6114.715053763441
2742,6599.435483870968
2743,6692.553763440861
2744,6365.822580645161
2745,5720.908602150537
2746,4825.268817204302
2747,3897.97311827957
2748,2954.2365591397847
2749,2035.6505376344085
2750,1180.6774193548388
2751,457.1881720430108
2752,0.0
2753,16.822580645161224
2754,493.26881720430106
2755,1195.97311827957
2756,1950.010752688172
2757,2702.005376344086
2758,3417.1505376344085
2759,4083.2150537634407
2760,1624.7365591397843
2761,2012.8548387096769
2762,2649.0161290322576
2763,3547.827956989247
2764,5077.559139784946
2765,6114.715053763441
2766,6599.435483870968
2767,6692.553763440861
2768,6365.822580645161
2769,5720.908602150537
2770,4825.268817204302
2771,3897.97311827957
2772,2954.2365591397847
2773,2035.6505376344085
2774,1180.6774193548388
2775,457.1881720430108
2776,0.0
2777,16.822580645161224
2778,493.26881720430106
2779,1195.97311827957
2780,1950.010752688172
2781,2702.005376344086
2782,3417.1505376344085
2783,4083.2150537634407
2784,1624.7365591397843
2785,2012.8548387096769
2786,2649.0161290322576
2787,3547.827956989247
2788,5077.559139784946
2789,6114.715053763441
2790,6599.435483870968
2791,6692.553763440861
2792,6365.822580645161
2793,5720.908602150537
2794,4825.268817204302
2795,3897.97311827957
2796,2954.2365591397847
2797,2035.6505376344085
2798,1180.6774193548388
2799,457.1881720430108
2800,0.0
2801,16.822580645161224
2802,493.26881720430106
2803,1195.97311827957
2804,1950.010752688172
2805,2702.005376344086
2806,3417.1505376344085
2807,4083.2150537634407
2808,1624.7365591397843
2809,2012.8548387096769
2810,2649.0161290322576
2811,3547.827956989247
2812,5077.559139784946
2813,6114.715053763441
2814,6599.435483870968
2815,6692.553763440861
2816,6365.822580645161
2817,5720.908602150537
2818,4825.268817204302
2819,3897.97311827957
2820,2954.2365591397847
2821,2035.6505376344085
2822,1180.6774193548388
2823,457.1881720430108
2824,0.0
2825,16.822580645161224
2826,493.26881720430106
2827,1195.97311827957
2828,1950.010752688172
2829,2702.005376344086
2830,3417.1505376344085
2831,4083.2150537634407
2832,1624.7365591397843
2833,2012.8548387096769
2834,2649.0161290322576
2835,3547.827956989247
2836,5077.559139784946
2837,6114.715053763441
2838,6599.435483870968
2839,6692.553763440861
2840,6365.822580645161
2841,5720.908602150537
2842,4825.268817204302
2843,3897.97311827957
2844,2954.2365591397847
2845,2035.6505376344085
2846,1180.6774193548388
2847,457.1881720430108
2848,0.0
2849,16.822580645161224
2850,493.26881720430106
2851,1195.97311827957
2852,1950.010752688172
2853,2702.005376344086
2854,3417.1505376344085
2855,4083.2150537634407
2856,1624.7365591397843
2857,2012.8548387096769
2858,2649.0161290322576
2859,3547.827956989247
2860,5077.559139784946
2861,6114.715053763441
2862,6599.435483870968
2863,6692.553763440861
2864,6365.822580645161
2865,5720.908602150537
2866,4825.268817204302
2867,3897.97311827957
2868,2954.2365591397847
2869,2035.6505376344085
2870,1180.6774193548388
2871,457.1881720430108
2872,0.0
2873,16.822580645161224
2874,493.26881720430106
2875,1195.97311827957
2876,1950.010752688172
2877,2702.005376344086
2878,3417.1505376344085
2879,4083.2150537634407
2880,1624.7365591397843
2881,2012.8548387096769
2882,2649.0161290322576
2883,3547.827956989247
2884,5077.559139784946
2885,6114.715053763441
2886,6599.435483870968
2887,6692.553763440861
2888,6365.822580645161
2889,5720.908602150537
2890,4825.268817204302
2891,3897.97311827957
2892,2954.2365591397847
2893,2035.6505376344085
2894,1180.6774193548388
2895,457.1881720430108
2896,0.0
2897,16.822580645161224
2898,493.26881720430106
2899,1195.97311827957
2900,1950.010752688172
2901,2702.005376344086
2902,3417.1505376344085
2903,4083.2150537634407
2904,1624.7365591397843
2905,2012.8548387096769
2906,2649.0161290322576
2907,3547.827956989247
2908,5077.559139784946
2909,6114.715053763441
2910,6599.435483870968
2911,6692.553763440861
2912,6365.822580645161
2913,5720.908602150537
2914,4825.268817204302
2915,3897.97311827957
2916,2954.2365591397847
2917,2035.6505376344085
2918,1180.6774193548388
2919,457.1881720430108
2920,0.0
2921,16.822580645161224
2922,493.26881720430106
2923,1195.97311827957
2924,1950.010752688172
2925,2702.005376344086
2926,3417.1505376344085
2927,4083.2150537634407
2928,1624.7365591397843
2929,2012.8548387096769
2930,2649.0161290322576
2931,3547.827956989247
2932,5077.559139784946
2933,6114.715053763441
2934,6599.435483870968
2935,6692.553763440861
2936,6365.822580645161
2937,5720.908602150537
2938,4825.268817204302
2939,3897.97311827957
2940,2954.2365591397847
2941,2035.6505376344085
2942,1180.6774193548388
2943,457.1881720430108
2944,0.0
2945,16.822580645161224
2946,493.26881720430106
2947,1195.97311827957
2948,1950.010752688172
2949,2702.005376344086
2950,3417.1505376344085
2951,4083.2150537634407
2952,1624.7365591397843
2953,2012.8548387096769
2954,2649.0161290322576
2955,3547.827956989247
2956,5077.559139784946
2957,6114.715053763441
2958,6599.435483870968
2959,6692.553763440861
2960,6365.822580645161
2961,5720.908602150537
2962,4825.268817204302
2963,3897.97311827957
2964,2954.2365591397847
2965,2035.6505376344085
2966,1180.6774193548388
2967,457.1881720430108
2968,0.0
2969,16.822580645161224
2970,493.26881720430106
2971,1195.97311827957
2972,1950.010752688172
2973,2702.005376344086
2974,3417.1505376344085
2975,4083.2150537634407
2976,1624.7365591397843
2977,2012.8548387096769
2978,2649.0161290322576
2979,3547.827956989247
2980,5077.559139784946
2981,6114.715053763441
2982,6599.435483870968
2983,6692.553763440861
2984,6365.822580645161
2985,5720.908602150537
2986,4825.268817204302
2987,3897.97311827957
2988,2954.2365591397847
2989,2035.6505376344085
2990,1180.6774193548388
2991,457.1881720430108
2992,0.0
2993,16.822580645161224
2994,493.26881720430106
2995,1195.97311827957
2996,1950.010752688172
2997,2702.005376344086
2998,3417.1505376344085
2999,4083.2150537634407
3000,1624.7365591397843
3001,2012.8548387096769
3002,2649.0161290322576
3003,3547.827956989247
3004,5077.559139784946
3005,6114.715053763441
3006,6599.435483870968
3007,6692.553763440861
3008,6365.822580645161
3009,5720.908602150537
3010,4825.268817204302
3011,3897.97311827957
3012,2954.2365591397847
3013,2035.6505376344085
3014,1180.6774193548388
3015,457.1881720430108
3016,0.0
3017,16.822580645161224
3018,493.26881720430106
3019,1195.97311827957
3020,1950.010752688172
3021,2702.005376344086
3022,3417.1505376344085
3023,4083.2150537634407
3024,1624.7365591397843
3025,2012.8548387096769
3026,2649.0161290322576
3027,3547.827956989247
3028,5077.559139784946
3029,6114.715053763441
3030,6599.435483870968
3031,6692.553763440861
3032,6365.822580645161
3033,5720.908602150537
3034,4825.268817204302
3035,3897.97311827957
3036,2954.2365591397847
3037,2035.6505376344085
3038,1180.6774193548388
3039,457.1881720430108
3040,0.0
3041,16.822580645161224
3042,493.26881720430106
3043,1195.97311827957
3044,1950.010752688172
3045,2702.005376344086
3046,3417.1505376344085
3047,4083.2150537634407
3048,1624.7365591397843
3049,2012.8548387096769
3050,2649.0161290322576
3051,3547.827956989247
3052,5077.559139784946
3053,6114.715053763441
3054,6599.435483870968
3055,6692.553763440861
3056,6365.822580645161
3057,5720.908602150537
3058,4825.268817204302
3059,3897.97311827957
3060,2954.2365591397847
3061,2035.6505376344085
3062,1180.6774193548388
3063,457.1881720430108
3064,0.0
3065,16.822580645161224
3066,493.26881720430106
3067,1195.97311827957
3068,1950.010752688172
3069,2702.005376344086
3070,3417.1505376344085
3071,4083.2150537634407
3072,1624.7365591397843
3073,2012.8548387096769
3074,2649.0161290322576
3075,3547.827956989247
3076,5077.559139784946
3077,6114.715053763441
3078,6599.435483870968
3079,6692.553763440861
3080,6365.822580645161
3081,5720.908602150537
3082,4825.268817204302
3083,3897.97311827957
3084,2954.2365591397847
3085,2035.6505376344085
3086,1180.6774193548388
3087,457.1881720430108
3088,0.0
3089,16.822580645161224
3090,493.26881720430106
3091,1195.97311827957
3092,1950.010752688172
3093,2702.005376344086
3094,3417.1505376344085
3095,4083.2150537634407
3096,1624.7365591397843
3097,2012.8548387096769
3098,2649.0161290322576
3099,3547.827956989247
3100,5077.559139784946
3101,6114.715053763441
3102,6599.435483870968
3103,6692.553763440861
3104,6365.822580645161
3105,5720.908602150537
3106,4825.268817204302
3107,3897.97311827957
3108,2954.2365591397847
3109,2035.6505376344085
3110,1180.6774193548388
3111,457.1881720430108
3112,0.0
3113,16.822580645161224
3114,493.26881720430106
3115,1195.97311827957
3116,1950.010752688172
3117,2702.005376344086
3118,3417.1505376344085
3119,4083.2150537634407
3120,1624.7365591397843
3121,2012.8548387096769
3122,2649.0161290322576
3123,3547.827956989247
3124,5077.559139784946
3125,6114.715053763441
3126,6599.435483870968
3127,6692.553763440861
3128,6365.822580645161
3129,5720.908602150537
3130,4825.268817204302
3131,3897.97311827957
3132,2954.2365591397847
3133,2035.6505376344085
3134,1180.6774193548388
3135,457.1881720430108
3136,0.0
3137,16.822580645161224
3138,493.26881720430106
3139,1195.97311827957
3140,1950.010752688172
3141,2702.005376344086
3142,3417.1505376344085
3143,4083.2150537634407
3144,1624.7365591397843
3145,2012.8548387096769
3146,2649.0161290322576
3147,3547.827956989247
3148,5077.559139784946
3149,6114.715053763441
3150,6599.435483870968
3151,6692.553763440861
3152,6365.822580645161
3153,5720.908602150537
3154,4825.268817204302
3155,3897.97311827957
3156,2954.2365591397847
3157,2035.6505376344085
3158,1180.6774193548388
3159,457.1881720430108
3160,0.0
3161,16.822580645161224
3162,493.26881720430106
3163,1195.97311827957
3164,1950.010752688172
3165,2702.005376344086
3166,3417.1505376344085
3167,4083.2150537634407
3168,1624.7365591397843
3169,2012.8548387096769
3170,2649.0161290322576
3171,3547.827956989247
3172,5077.559139784946
3173,6114.715053763441
3174,6599.435483870968
3175,6692.553763440861
3176,6365.822580645161
3177,5720.908602150537
3178,4825.268817204302
3179,3897.97311827957
3180,2954.2365591397847
3181,2035.6505376344085
3182,1180.6774193548388
3183,457.1881720430108
3184,0.0
3185,16.822580645161224
3186,493.26881720430106
3187,1195.97311827957
3188,1950.010752688172
3189,2702.005376344086
3190,3417.1505376344085
3191,4083.2150537634407
3192,1624.7365591397843
3193,2012.8548387096769
3194,2649.0161290322576
3195,3547.827956989247
3196,5077.559139784946
3197,6114.715053763441
3198,6599.435483870968
3199,6692.553763440861
3200,6365.822580645161
3201,5720.908602150537
3202,4825.268817204302
3203,3897.97311827957
3204,2954.2365591397847
3205,2035.6505376344085
3206,1180.6774193548388
3207,457.1881720430108
3208,0.0
3209,16.822580645161224
3210,493.26881720430106
3211,1195.97311827957
3212,1950.010752688172
3213,2702.005376344086
3214,3417.1505376344085
3215,4083.2150537634407
3216,1624.7365591397843
3217,2012.8548387096769
3218,2649.0161290322576
3219,3547.827956989247
3220,5077.559139784946
3221,6114.715053763441
3222,6599.435483870968
3223,6692.553763440861
3224,6365.822580645161
3225,5720.908602150537
3226,4825.268817204302
3227,3897.97311827957
3228,2954.2365591397847
3229,2035.6505376344085
3230,1180.6774193548388
3231,457.1881720430108
3232,0.0
3233,16.822580645161224
3234,493.26881720430106
3235,1195.97311827957
3236,1950.010752688172
3237,2702.005376344086
3238,3417.1505376344085
3239,4083.2150537634407
3240,1624.7365591397843
3241,2012.8548387096769
3242,2649.0161290322576
3243,3547.827956989247
3244,5077.559139784946
3245,6114.715053763441
3246,6599.435483870968
3247,6692.553763440861
3248,6365.822580645161
3249,5720.908602150537
3250,4825.268817204302
3251,3897.97311827957
3252,2954.2365591397847
3253,2035.6505376344085
3254,1180.6774193548388
3255,457.1881720430108
3256,0.0
3257,16.822580645161224
3258,493.26881720430106
3259,1195.97311827957
3260,1950.010752688172
3261,2702.005376344086
3262,3417.1505376344085
3263,4083.2150537634407
3264,1624.7365591397843
3265,2012.8548387096769
3266,2649.0161290322576
3267,3547.827956989247
3268,5077.559139784946
3269,6114.715053763441
3270,6599.435483870968
3271,6692.553763440861
3272,6365.822580645161
3273,5720.908602150537
3274,4825.268817204302
3275,3897.97311827957
3276,2954.2365591397847
3277,2035.6505376344085
3278,1180.6774193548388
3279,457.1881720430108
3280,0.0
3281,16.822580645161224
3282,493.26881720430106
3283,1195.97311827957
3284,1950.010752688172
3285,2702.005376344086
3286,3417.1505376344085
3287,4083.2150537634407
3288,1624.7365591397843
3289,2012.8548387096769
3290,2649.0161290322576
3291,3547.827956989247
3292,5077.559139784946
3293,6114.715053763441
3294,6599.435483870968
3295,6692.553763440861
3296,6365.822580645161
3297,5720.908602150537
3298,4825.268817204302
3299,3897.97311827957
3300,2954.2365591397847
3301,2035.6505376344085
3302,1180.6774193548388
3303,457.1881720430108
3304,0.0
3305,16.822580645161224
3306,493.26881720430106
3307,1195.97311827957
3308,1950.010752688172
3309,2702.005376344086
3310,3417.1505376344085
3311,4083.2150537634407
3312,1624.7365591397843
3313,2012.8548387096769
3314,2649.0161290322576
3315,3547.827956989247
3316,5077.559139784946
3317,6114.715053763441
3318,6599.435483870968
3319,6692.553763440861
3320,6365.822580645161
3321,5720.908602150537
3322,4825.268817204302
3323,3897.97311827957
3324,2954.2365591397847
3325,2035.6505376344085
3326,1180.6774193548388
3327,457.1881720430108
3328,0.0
3329,16.822580645161224
3330,493.26881720430106
3331,1195.97311827957
3332,1950.010752688172
3333,2702.005376344086
3334,3417.1505376344085
3335,4083.2150537634407
3336,1624.7365591397843
3337,2012.8548387096769
3338,2649.0161290322576
3339,3547.827956989247
3340,5077.559139784946
3341,6114.715053763441
3342,6599.435483870968
3343,6692.553763440861
3344,6365.822580645161
3345,5720.908602150537
3346,4825.268817204302
3347,3897.97311827957
3348,2954.2365591397847
3349,2035.6505376344085
3350,1180.6774193548388
3351,457.1881720430108
3352,0.0
3353,16.822580645161224
3354,493.26881720430106
3355,1195.97311827957
3356,1950.010752688172
3357,2702.005376344086
3358,3417.1505376344085
3359,4083.2150537634407
3360,1624.7365591397843
3361,2012.8548387096769
3362,2649.0161290322576
3363,3547.827956989247
3364,5077.559139784946
3365,6114.715053763441
3366,6599.435483870968
3367,6692.553763440861
3368,6365.822580645161
3369,5720.908602150537
3370,4825.268817204302
3371,3897.97311827957
3372,2954.2365591397847
3373,2035.6505376344085
3374,1180.6774193548388
3375,457.1881720430108
3376,0.0
3377,16.822580645161224
3378,493.26881720430106
3379,1195.97311827957
3380,1950.010752688172
3381,2702.005376344086
3382,3417.1505376344085
3383,4083.2150537634407
3384,1624.7365591397843
3385,2012.8548387096769
3386,2649.0161290322576
3387,3547.827956989247
3388,5077.559139784946
3389,6114.715053763441
3390,6599.435483870968
3391,6692.553763440861
3392,6365.822580645161
3393,5720.908602150537
3394,4825.268817204302
3395,3897.97311827957
3396,2954.2365591397847
3397,2035.6505376344085
3398,1180.6774193548388
3399,457.1881720430108
3400,0.0
3401,16.822580645161224
3402,493.26881720430106
3403,1195.97311827957
3404,1950.010752688172
3405,2702.005376344086
3406,3417.1505376344085
3407,4083.2150537634407
3408,1624.7365591397843
3409,2012.8548387096769
3410,2649.0161290322576
3411,3547.827956989247
3412,5077.559139784946
3413,6114.715053763441
3414,6599.435483870968
3415,6692.553763440861
3416,6365.822580645161
3417,5720.908602150537
3418,4825.268817204302
3419,3897.97311827957
3420,2954.2365591397847
3421,2035.6505376344085
3422,1180.6774193548388
3423,457.1881720430108
3424,0.0
3425,16.822580645161224
3426,493.26881720430106
3427,1195.97311827957
3428,1950.010752688172
3429,2702.005376344086
3430,3417.1505376344085
3431,4083.2150537634407
3432,1624.7365591397843
3433,2012.8548387096769
3434,2649.0161290322576
3435,3547.827956989247
3436,5077.559139784946
3437,6114.715053763441
3438,6599.435483870968
3439,6692.553763440861
3440,6365.822580645161
3441,5720.908602150537
3442,4825.268817204302
3443,3897.97311827957
3444,2954.2365591397847
3445,2035.6505376344085
3446,1180.6774193548388
3447,457.1881720430108
3448,0.0
3449,16.822580645161224
3450,493.26881720430106
3451,1195.97311827957
3452,1950.010752688172
3453,2702.005376344086
3454,3417.1505376344085
3455,4083.2150537634407
3456,1624.7365591397843
3457,2012.8548387096769
3458,2649.0161290322576
3459,3547.827956989247
3460,5077.559139784946
3461,6114.715053763441
3462,6599.435483870968
3463,6692.553763440861
3464,6365.822580645161
3465,5720.908602150537
3466,4825.268817204302
3467,3897.97311827957
3468,2954.2365591397847
3469,2035.6505376344085
3470,1180.6774193548388
3471,457.1881720430108
3472,0.0
3473,16.822580645161224
3474,493.26881720430106
3475,1195.97311827957
3476,1950.010752688172
3477,2702.005376344086
3478,3417.1505376344085
3479,4083.2150537634407
3480,1624.7365591397843
3481,2012.8548387096769
3482,2649.0161290322576
3483,3547.827956989247
3484,5077.559139784946
3485,6114.715053763441
3486,6599.435483870968
3487,6692.553763440861
3488,6365.822580645161
3489,5720.908602150537
3490,4825.268817204302
3491,3897.97311827957
3492,2954.2365591397847
3493,2035.6505376344085
3494,1180.6774193548388
3495,457.1881720430108
3496,0.0
3497,16.822580645161224
3498,493.26881720430106
3499,1195.97311827957
3500,1950.010752688172
3501,2702.005376344086
3502,3417.1505376344085
3503,4083.2150537634407
3504,1624.7365591397843
3505,2012.8548387096769
3506,2649.0161290322576
3507,3547.827956989247
3508,5077.559139784946
3509,6114.715053763441
3510,6599.435483870968
3511,6692.553763440861
3512,6365.822580645161
3513,5720.908602150537
3514,4825.268817204302
3515,3897.97311827957
3516,2954.2365591397847
3517,2035.6505376344085
3518,1180.6774193548388
3519,457.1881720430108
3520,0.0
3521,16.822580645161224
3522,493.26881720430106
3523,1195.97311827957
3524,1950.010752688172
3525,2702.005376344086
3526,3417.1505376344085
3527,4083.2150537634407
3528,1624.7365591397843
3529,2012.8548387096769
3530,2649.0161290322576
3531,3547.827956989247
3532,5077.559139784946
3533,6114.715053763441
3534,6599.435483870968
3535,6692.553763440861
3536,6365.822580645161
3537,5720.908602150537
3538,4825.268817204302
3539,3897.97311827957
3540,2954.2365591397847
3541,2035.6505376344085
3542,1180.6774193548388
3543,457.1881720430108
3544,0.0
3545,16.822580645161224
3546,493.26881720430106
3547,1195.97311827957
3548,1950.010752688172
3549,2702.005376344086
3550,3417.1505376344085
3551,4083.2150537634407
3552,1624.7365591397843
3553,2012.8548387096769
3554,2649.0161290322576
3555,3547.827956989247
3556,5077.559139784946
3557,6114.715053763441
3558,6599.435483870968
3559,6692.553763440861
3560,6365.822580645161
3561,5720.908602150537
3562,4825.268817204302
3563,3897.97311827957
3564,2954.2365591397847
3565,2035.6505376344085
3566,1180.6774193548388
3567,457.1881720430108
3568,0.0
3569,16.822580645161224
3570,493.26881720430106
3571,1195.97311827957
3572,1950.010752688172
3573,2702.005376344086
3574,3417.1505376344085
3575,4083.2150537634407
3576,1624.7365591397843
3577,2012.8548387096769
3578,2649.0161290322576
3579,3547.827956989247
3580,5077.559139784946
3581,6114.715053763441
3582,6599.435483870968
3583,6692.553763440861
3584,6365.822580645161
3585,5720.908602150537
3586,4825.268817204302
3587,3897.97311827957
3588,2954.2365591397847
3589,2035.6505376344085
3590,1180.6774193548388
3591,457.1881720430108
3592,0.0
3593,16.822580645161224
3594,493.26881720430106
3595,1195.97311827957
3596,1950.010752688172
3597,2702.005376344086
3598,3417.1505376344085
3599,4083.2150537634407
3600,1624.7365591397843
3601,2012.8548387096769
3602,2649.0161290322576
3603,3547.827956989247
3604,5077.559139784946
3605,6114.715053763441
3606,6599.435483870968
3607,6692.553763440861
3608,6365.822580645161
3609,5720.908602150537
3610,4825.268817204302
3611,3897.97311827957
3612,2954.2365591397847
3613,2035.6505376344085
3614,1180.6774193548388
3615,457.1881720430108
3616,0.0
3617,16.822580645161224
3618,493.26881720430106
3619,1195.97311827957
3620,1950.010752688172
3621,2702.005376344086
3622,3417.1505376344085
3623,4083.2150537634407
3624,1624.7365591397843
3625,2012.8548387096769
3626,2649.0161290322576
3627,3547.827956989247
3628,5077.559139784946
3629,6114.715053763441
3630,6599.435483870968
3631,6692.553763440861
3632,6365.822580645161
3633,5720.908602150537
3634,4825.268817204302
3635,3897.97311827957
3636,2954.2365591397847
3637,2035.6505376344085
3638,1180.6774193548388
3639,457.1881720430108
3640,0.0
3641,16.822580645161224
3642,493.26881720430106
3643,1195.97311827957
3644,1950.010752688172
3645,2702.005376344086
3646,3417.1505376344085
3647,4083.2150537634407
3648,1624.7365591397843
3649,2012.8548387096769
3650,2649.0161290322576
3651,3547.827956989247
3652,5077.559139784946
3653,6114.715053763441
3654,6599.435483870968
3655,6692.553763440861
3656,6365.822580645161
3657,5720.908602150537
3658,4825.268817204302
3659,3897.97311827957
3660,2954.2365591397847
3661,2035.6505376344085
3662,1180.6774193548388
3663,457.1881720430108
3664,0.0
3665,16.822580645161224
3666,493.26881720430106
3667,1195.97311827957
3668,1950.010752688172
3669,2702.005376344086
3670,3417.1505376344085
3671,4083.2150537634407
3672,1624.7365591397843
3673,2012.8548387096769
3674,2649.0161290322576
3675,3547.827956989247
3676,5077.559139784946
3677,6114.715053763441
3678,6599.435483870968
3679,6692.553763440861
3680,6365.822580645161
3681,5720.908602150537
3682,4825.268817204302
3683,3897.97311827957
3684,2954.2365591397847
3685,2035.6505376344085
3686,1180.6774193548388
3687,457.1881720430108
3688,0.0
3689,16.822580645161224
3690,493.26881720430106
3691,1195.97311827957
3692,1950.010752688172
3693,2702.005376344086
3694,3417.1505376344085
3695,4083.2150537634407
3696,1624.7365591397843
3697,2012.8548387096769
3698,2649.0161290322576
3699,3547.827956989247
3700,5077.559139784946
3701,6114.715053763441
3702,6599.435483870968
3703,6692.553763440861
3704,6365.822580645161
3705,5720.908602150537
3706,4825.268817204302
3707,3897.97311827957
3708,2954.2365591397847
3709,2035.6505376344085
3710,1180.6774193548388
3711,457.1881720430108
3712,0.0
3713,16.822580645161224
3714,493.26881720430106
3715,1195.97311827957
3716,1950.010752688172
3717,2702.005376344086
3718,3417.1505376344085
3719,4083.2150537634407
3720,1624.7365591397843
3721,2012.8548387096769
3722,2649.0161290322576
3723,3547.827956989247
3724,5077.559139784946
3725,6114.715053763441
3726,6599.435483870968
3727,6692.553763440861
3728,6365.822580645161
3729,5720.908602150537
3730,4825.268817204302
3731,3897.97311827957
3732,2954.2365591397847
3733,2035.6505376344085
3734,1180.6774193548388
3735,457.1881720430108
3736,0.0
3737,16.822580645161224
3738,493.26881720430106
3739,1195.97311827957
3740,1950.010752688172
3741,2702.005376344086
3742,3417.1505376344085
3743,4083.2150537634407
3744,1624.7365591397843
3745,2012.8548387096769
3746,2649.0161290322576
3747,3547.827956989247
3748,5077.559139784946
3749,6114.715053763441
3750,6599.435483870968
3751,6692.553763440861
3752,6365.822580645161
3753,5720.908602150537
3754,4825.268817204302
3755,3897.97311827957
3756,2954.2365591397847
3757,2035.6505376344085
3758,1180.6774193548388
3759,457.1881720430108
3760,0.0
3761,16.822580645161224
3762,493.26881720430106
3763,1195.97311827957
3764,1950.010752688172
3765,2702.005376344086
3766,3417.1505376344085
3767,4083.2150537634407
3768,1624.7365591397843
3769,2012.8548387096769
3770,2649.0161290322576
3771,3547.827956989247
3772,5077.559139784946
3773,6114.715053763441
3774,6599.435483870968
3775,6692.553763440861
3776,6365.822580645161
3777,5720.908602150537
3778,4825.268817204302
3779,3897.97311827957
3780,2954.2365591397847
3781,2035.6505376344085
3782,1180.6774193548388
3783,457.1881720430108
3784,0.0
3785,16.822580645161224
3786,493.26881720430106
3787,1195.97311827957
3788,1950.010752688172
3789,2702.005376344086
3790,3417.1505376344085
3791,4083.2150537634407
3792,1624.7365591397843
3793,2012.8548387096769
3794,2649.0161290322576
3795,3547.827956989247
3796,5077.559139784946
3797,6114.715053763441
3798,6599.435483870968
3799,6692.553763440861
3800,6365.822580645161
3801,5720.908602150537
3802,4825.268817204302
3803,3897.97311827957
3804,2954.2365591397847
3805,2035.6505376344085
3806,1180.6774193548388
3807,457.1881720430108
3808,0.0
3809,16.822580645161224
3810,493.26881720430106
3811,1195.97311827957
3812,1950.010752688172
3813,2702.005376344086
3814,3417.1505376344085
3815,4083.2150537634407
3816,1624.7365591397843
3817,2012.8548387096769
3818,2649.0161290322576
3819,3547.827956989247
3820,5077.559139784946
3821,6114.715053763441
3822,6599.435483870968
3823,6692.553763440861
3824,6365.822580645161
3825,5720.908602150537
3826,4825.268817204302
3827,3897.97311827957
3828,2954.2365591397847
3829,2035.6505376344085
3830,1180.6774193548388
3831,457.1881720430108
3832,0.0
3833,16.822580645161224
3834,493.26881720430106
3835,1195.97311827957
3836,1950.010752688172
3837,2702.005376344086
3838,3417.1505376344085
3839,4083.2150537634407
3840,1624.7365591397843
3841,2012.8548387096769
3842,2649.0161290322576
3843,3547.827956989247
3844,5077.559139784946
3845,6114.715053763441
3846,6599.435483870968
3847,6692.553763440861
3848,6365.822580645161
3849,5720.908602150537
3850,4825.268817204302
3851,3897.97311827957
3852,2954.2365591397847
3853,2035.6505376344085
3854,1180.6774193548388
3855,457.1881720430108
3856,0.0
3857,16.822580645161224
3858,493.26881720430106
3859,1195.97311827957
3860,1950.010752688172
3861,2702.005376344086
3862,3417.1505376344085
3863,4083.2150537634407
3864,1624.7365591397843
3865,2012.8548387096769
3866,2649.0161290322576
3867,3547.827956989247
3868,5077.559139784946
3869,6114.715053763441
3870,6599.435483870968
3871,6692.553763440861
3872,6365.822580645161
3873,5720.908602150537
3874,4825.268817204302
3875,3897.97311827957
3876,2954.2365591397847
3877,2035.6505376344085
3878,1180.6774193548388
3879,457.1881720430108
3880,0.0
3881,16.822580645161224
3882,493.26881720430106
3883,1195.97311827957
3884,1950.010752688172
3885,2702.005376344086
3886,3417.1505376344085
3887,4083.2150537634407
3888,1624.7365591397843
3889,2012.8548387096769
3890,2649.0161290322576
3891,3547.827956989247
3892,5077.559139784946
3893,6114.715053763441
3894,6599.435483870968
3895,6692.553763440861
3896,6365.822580645161
3897,5720.908602150537
3898,4825.268817204302
3899,3897.97311827957
3900,2954.2365591397847
3901,2035.6505376344085
3902,1180.6774193548388
3903,457.1881720430108
3904,0.0
3905,16.822580645161224
3906,493.26881720430106
3907,1195.97311827957
3908,1950.010752688172
3909,2702.005376344086
3910,3417.1505376344085
3911,4083.2150537634407
3912,1624.7365591397843
3913,2012.8548387096769
3914,2649.0161290322576
3915,3547.827956989247
3916,5077.559139784946
3917,6114.715053763441
3918,6599.435483870968
3919,6692.553763440861
3920,6365.822580645161
3921,5720.908602150537
3922,4825.268817204302
3923,3897.97311827957
3924,2954.2365591397847
3925,2035.6505376344085
3926,1180.6774193548388
3927,457.1881720430108
3928,0.0
3929,16.822580645161224
3930,493.26881720430106
3931,1195.97311827957
3932,1950.010752688172
3933,2702.005376344086
3934,3417.1505376344085
3935,4083.2150537634407
3936,1624.7365591397843
3937,2012.8548387096769
3938,2649.0161290322576
3939,3547.827956989247
3940,5077.559139784946
3941,6114.715053763441
3942,6599.435483870968
3943,6692.553763440861
3944,6365.822580645161
3945,5720.908602150537
3946,4825.268817204302
3947,3897.97311827957
3948,2954.2365591397847
3949,2035.6505376344085
3950,1180.6774193548388
3951,457.1881720430108
3952,0.0
3953,16.822580645161224
3954,493.26881720430106
3955,1195.97311827957
3956,1950.010752688172
3957,2702.005376344086
3958,3417.1505376344085
3959,4083.2150537634407
3960,1624.7365591397843
3961,2012.8548387096769
3962,2649.0161290322576
3963,3547.827956989247
3964,5077.559139784946
3965,6114.715053763441
3966,6599.435483870968
3967,6692.553763440861
3968,6365.822580645161
3969,5720.908602150537
3970,4825.268817204302
3971,3897.97311827957
3972,2954.2365591397847
3973,2035.6505376344085
3974,1180.6774193548388
3975,457.1881720430108
3976,0.0
3977,16.822580645161224
3978,493.26881720430106
3979,1195.97311827957
3980,1950.010752688172
3981,2702.005376344086
3982,3417.1505376344085
3983,4083.2150537634407
3984,1624.7365591397843
3985,2012.8548387096769
3986,2649.0161290322576
3987,3547.827956989247
3988,5077.559139784946
3989,6114.715053763441
3990,6599.435483870968
3991,6692.553763440861
3992,6365.822580645161
3993,5720.908602150537
3994,4825.268817204302
3995,3897.97311827957
3996,2954.2365591397847
3997,2035.6505376344085
3998,1180.6774193548388
3999,457.1881720430108
4000,0.0
4001,16.822580645161224
4002,493.26881720430106
4003,1195.97311827957
4004,1950.010752688172
4005,2702.005376344086
4006,3417.1505376344085
4007,4083.2150537634407
4008,1624.7365591397843
4009,2012.8548387096769
4010,2649.0161290322576
4011,3547.827956989247
4012,5077.559139784946
4013,6114.715053763441
4014,6599.435483870968
4015,6692.553763440861
4016,6365.822580645161
4017,5720.908602150537
4018,4825.268817204302
4019,3897.97311827957
4020,2954.2365591397847
4021,2035.6505376344085
4022,1180.6774193548388
4023,457.1881720430108
4024,0.0
4025,16.822580645161224
4026,493.26881720430106
4027,1195.97311827957
4028,1950.010752688172
4029,2702.005376344086
4030,3417.1505376344085
4031,4083.2150537634407
4032,1624.7365591397843
4033,2012.8548387096769
4034,2649.0161290322576
4035,3547.827956989247
4036,5077.559139784946
4037,6114.715053763441
4038,6599.435483870968
4039,6692.553763440861
4040,6365.822580645161
4041,5720.908602150537
4042,4825.268817204302
4043,3897.97311827957
4044,2954.2365591397847
4045,2035.6505376344085
4046,1180.6774193548388
4047,457.1881720430108
4048,0.0
4049,16.822580645161224
4050,493.26881720430106
4051,1195.97311827957
4052,1950.010752688172
4053,2702.005376344086
4054,3417.1505376344085
4055,4083.2150537634407
4056,1624.7365591397843
4057,2012.8548387096769
4058,2649.0161290322576
4059,3547.827956989247
4060,5077.559139784946
4061,6114.715053763441
4062,6599.435483870968
4063,6692.553763440861
4064,6365.822580645161
4065,5720.908602150537
4066,4825.268817204302
4067,3897.97311827957
4068,2954.2365591397847
4069,2035.6505376344085
4070,1180.6774193548388
4071,457.1881720430108
4072,0.0
4073,16.822580645161224
4074,493.26881720430106
4075,1195.97311827957
4076,1950.010752688172
4077,2702.005376344086
4078,3417.1505376344085
4079,4083.2150537634407
4080,1624.7365591397843
4081,2012.8548387096769
4082,2649.0161290322576
4083,3547.827956989247
4084,5077.559139784946
4085,6114.715053763441
4086,6599.435483870968
4087,6692.553763440861
4088,6365.822580645161
4089,5720.908602150537
4090,4825.268817204302
4091,3897.97311827957
4092,2954.2365591397847
4093,2035.6505376344085
4094,1180.6774193548388
4095,457.1881720430108
4096,0.0
4097,16.822580645161224
4098,493.26881720430106
4099,1195.97311827957
4100,1950.010752688172
4101,2702.005376344086
4102,3417.1505376344085
4103,4083.2150537634407
4104,1624.7365591397843
4105,2012.8548387096769
4106,2649.0161290322576
4107,3547.827956989247
4108,5077.559139784946
4109,6114.715053763441
4110,6599.435483870968
4111,6692.553763440861
4112,6365.822580645161
4113,5720.908602150537
4114,4825.268817204302
4115,3897.97311827957
4116,2954.2365591397847
4117,2035.6505376344085
4118,1180.6774193548388
4119,457.1881720430108
4120,0.0
4121,16.822580645161224
4122,493.26881720430106
4123,1195.97311827957
4124,1950.010752688172
4125,2702.005376344086
4126,3417.1505376344085
4127,4083.2150537634407
4128,1624.7365591397843
4129,2012.8548387096769
4130,2649.0161290322576
4131,3547.827956989247
4132,5077.559139784946
4133,6114.715053763441
4134,6599.435483870968
4135,6692.553763440861
4136,6365.822580645161
4137,5720.908602150537
4138,4825.268817204302
4139,3897.97311827957
4140,2954.2365591397847
4141,2035.6505376344085
4142,1180.6774193548388
4143,457.1881720430108
4144,0.0
4145,16.822580645161224
4146,493.26881720430106
4147,1195.97311827957
4148,1950.010752688172
4149,2702.005376344086
4150,3417.1505376344085
4151,4083.2150537634407
4152,1624.7365591397843
4153,2012.8548387096769
4154,2649.0161290322576
4155,3547.827956989247
4156,5077.559139784946
4157,6114.715053763441
4158,6599.435483870968
4159,6692.553763440861
4160,6365.822580645161
4161,5720.908602150537
4162,4825.268817204302
4163,3897.97311827957
4164,2954.2365591397847
4165,2035.6505376344085
4166,1180.6774193548388
4167,457.1881720430108
4168,0.0
4169,16.822580645161224
4170,493.26881720430106
4171,1195.97311827957
4172,1950.010752688172
4173,2702.005376344086
4174,3417.1505376344085
4175,4083.2150537634407
4176,1624.7365591397843
4177,2012.8548387096769
4178,2649.0161290322576
4179,3547.827956989247
4180,5077.559139784946
4181,6114.715053763441
4182,6599.435483870968
4183,6692.553763440861
4184,6365.822580645161
4185,5720.908602150537
4186,4825.268817204302
4187,3897.97311827957
4188,2954.2365591397847
4189,2035.6505376344085
4190,1180.6774193548388
4191,457.1881720430108
4192,0.0
4193,16.822580645161224
4194,493.26881720430106
4195,1195.97311827957
4196,1950.010752688172
4197,2702.005376344086
4198,3417.1505376344085
4199,4083.2150537634407
4200,1624.7365591397843
4201,2012.8548387096769
4202,2649.0161290322576
4203,3547.827956989247
4204,5077.559139784946
4205,6114.715053763441
4206,6599.435483870968
4207,6692.553763440861
4208,6365.822580645161
4209,5720.908602150537
4210,4825.268817204302
4211,3897.97311827957
4212,2954.2365591397847
4213,2035.6505376344085
4214,1180.6774193548388
4215,457.1881720430108
4216,0.0
4217,16.822580645161224
4218,493.26881720430106
4219,1195.97311827957
4220,1950.010752688172
4221,2702.005376344086
4222,3417.1505376344085
4223,4083.2150537634407
4224,1624.7365591397843
4225,2012.8548387096769
4226,2649.0161290322576
4227,3547.827956989247
4228,5077.559139784946
4229,6114.715053763441
4230,6599.435483870968
4231,6692.553763440861
4232,6365.822580645161
4233,5720.908602150537
4234,4825.268817204302
4235,3897.97311827957
4236,2954.2365591397847
4237,2035.6505376344085
4238,1180.6774193548388
4239,457.1881720430108
4240,0.0
4241,16.822580645161224
4242,493.26881720430106
4243,1195.97311827957
4244,1950.010752688172
4245,2702.005376344086
4246,3417.1505376344085
4247,4083.2150537634407
4248,1624.7365591397843
4249,2012.8548387096769
4250,2649.0161290322576
4251,3547.827956989247
4252,5077.559139784946
4253,6114.715053763441
4254,6599.435483870968
4255,6692.553763440861
4256,6365.822580645161
4257,5720.908602150537
4258,4825.268817204302
4259,3897.97311827957
4260,2954.2365591397847
4261,2035.6505376344085
4262,1180.6774193548388
4263,457.1881720430108
4264,0.0
4265,16.822580645161224
4266,493.26881720430106
4267,1195.97311827957
4268,1950.010752688172
4269,2702.005376344086
4270,3417.1505376344085
4271,4083.2150537634407
4272,1624.7365591397843
4273,2012.8548387096769
4274,2649.0161290322576
4275,3547.827956989247
4276,5077.559139784946
4277,6114.715053763441
4278,6599.435483870968
4279,6692.553763440861
4280,6365.822580645161
4281,5720.908602150537
4282,4825.268817204302
4283,3897.97311827957
4284,2954.2365591397847
4285,2035.6505376344085
4286,1180.6774193548388
4287,457.1881720430108
4288,0.0
4289,16.822580645161224
4290,493.26881720430106
4291,1195.97311827957
4292,1950.010752688172
4293,2702.005376344086
4294,3417.1505376344085
4295,4083.2150537634407
4296,1624.7365591397843
4297,2012.8548387096769
4298,2649.0161290322576
4299,3547.827956989247
4300,5077.559139784946
4301,6114.715053763441
4302,6599.435483870968
4303,6692.553763440861
4304,6365.822580645161
4305,5720.908602150537
4306,4825.268817204302
4307,3897.97311827957
4308,2954.2365591397847
4309,2035.6505376344085
4310,1180.6774193548388
4311,457.1881720430108
4312,0.0
4313,16.822580645161224
4314,493.26881720430106
4315,1195.97311827957
4316,1950.010752688172
4317,2702.005376344086
4318,3417.1505376344085
4319,4083.2150537634407
4320,1624.7365591397843
4321,2012.8548387096769
4322,2649.0161290322576
4323,3547.827956989247
4324,5077.559139784946
4325,6114.715053763441
4326,6599.435483870968
4327,6692.553763440861
4328,6365.822580645161
4329,5720.908602150537
4330,4825.268817204302
4331,3897.97311827957
4332,2954.2365591397847
4333,2035.6505376344085
4334,1180.6774193548388
4335,457.1881720430108
4336,0.0
4337,16.822580645161224
4338,493.26881720430106
4339,1195.97311827957
4340,1950.010752688172
4341,2702.005376344086
4342,3417.1505376344085
4343,4083.2150537634407
4344,1624.7365591397843
4345,2012.8548387096769
4346,2649.0161290322576
4347,3547.827956989247
4348,5077.559139784946
4349,6114.715053763441
4350,6599.435483870968
4351,6692.553763440861
4352,6365.822580645161
4353,5720.908602150537
4354,4825.268817204302
4355,3897.97311827957
4356,2954.2365591397847
4357,2035.6505376344085
4358,1180.6774193548388
4359,457.1881720430108
4360,0.0
4361,16.822580645161224
4362,493.26881720430106
4363,1195.97311827957
4364,1950.010752688172
4365,2702.005376344086
4366,3417.1505376344085
4367,4083.2150537634407
4368,1624.7365591397843
4369,2012.8548387096769
4370,2649.0161290322576
4371,3547.827956989247
4372,5077.559139784946
4373,6114.715053763441
4374,6599.435483870968
4375,6692.553763440861
4376,6365.822580645161
4377,5720.908602150537
4378,4825.268817204302
4379,3897.97311827957
4380,2954.2365591397847
4381,2035.6505376344085
4382,1180.6774193548388
4383,457.1881720430108
4384,0.0
4385,16.822580645161224
4386,493.26881720430106
4387,1195.97311827957
4388,1950.010752688172
4389,2702.005376344086
4390,3417.1505376344085
4391,4083.2150537634407
4392,1624.7365591397843
4393,2012.8548387096769
4394,2649.0161290322576
4395,3547.827956989247
4396,5077.559139784946
4397,6114.715053763441
4398,6599.435483870968
4399,6692.553763440861
4400,6365.822580645161
4401,5720.908602150537
4402,4825.268817204302
4403,3897.97311827957
4404,2954.2365591397847
4405,2035.6505376344085
4406,1180.6774193548388
4407,457.1881720430108
4408,0.0
4409,16.822580645161224
4410,493.26881720430106
4411,1195.97311827957
4412,1950.010752688172
4413,2702.005376344086
4414,3417.1505376344085
4415,4083.2150537634407
4416,1624.7365591397843
4417,2012.8548387096769
4418,2649.0161290322576
4419,3547.827956989247
4420,5077.559139784946
4421,6114.715053763441
4422,6599.435483870968
4423,6692.553763440861
4424,6365.822580645161
4425,5720.908602150537
4426,4825.268817204302
4427,3897.97311827957
4428,2954.2365591397847
4429,2035.6505376344085
4430,1180.6774193548388
4431,457.1881720430108
4432,0.0
4433,16.822580645161224
4434,493.26881720430106
4435,1195.97311827957
4436,1950.010752688172
4437,2702.005376344086
4438,3417.1505376344085
4439,4083.2150537634407
4440,1624.7365591397843
4441,2012.8548387096769
4442,2649.0161290322576
4443,3547.827956989247
4444,5077.559139784946
4445,6114.715053763441
4446,6599.435483870968
4447,6692.553763440861
4448,6365.822580645161
4449,5720.908602150537
4450,4825.268817204302
4451,3897.97311827957
4452,2954.2365591397847
4453,2035.6505376344085
4454,1180.6774193548388
4455,457.1881720430108
4456,0.0
4457,16.822580645161224
4458,493.26881720430106
4459,1195.97311827957
4460,1950.010752688172
4461,2702.005376344086
4462,3417.1505376344085
4463,4083.2150537634407
4464,1624.7365591397843
4465,2012.8548387096769
4466,2649.0161290322576
4467,3547.827956989247
4468,5077.559139784946
4469,6114.715053763441
4470,6599.435483870968
4471,6692.553763440861
4472,6365.822580645161
4473,5720.908602150537
4474,4825.268817204302
4475,3897.97311827957
4476,2954.2365591397847
4477,2035.6505376344085
4478,1180.6774193548388
4479,457.1881720430108
4480,0.0
4481,16.822580645161224
4482,493.26881720430106
4483,1195.97311827957
4484,1950.010752688172
4485,2702.005376344086
4486,3417.1505376344085
4487,4083.2150537634407
4488,1624.7365591397843
4489,2012.8548387096769
4490,2649.0161290322576
4491,3547.827956989247
4492,5077.559139784946
4493,6114.715053763441
4494,6599.435483870968
4495,6692.553763440861
4496,6365.822580645161
4497,5720.908602150537
4498,4825.268817204302
4499,3897.97311827957
4500,2954.2365591397847
4501,2035.6505376344085
4502,1180.6774193548388
4503,457.1881720430108
4504,0.0
4505,16.822580645161224
4506,493.26881720430106
4507,1195.97311827957
4508,1950.010752688172
4509,2702.005376344086
4510,3417.1505376344085
4511,4083.2150537634407
4512,1624.7365591397843
4513,2012.8548387096769
4514,2649.0161290322576
4515,3547.827956989247
4516,5077.559139784946
4517,6114.715053763441
4518,6599.435483870968
4519,6692.553763440861
4520,6365.822580645161
4521,5720.908602150537
4522,4825.268817204302
4523,3897.97311827957
4524,2954.2365591397847
4525,2035.6505376344085
4526,1180.6774193548388
4527,457.1881720430108
4528,0.0
4529,16.822580645161224
4530,493.26881720430106
4531,1195.97311827957
4532,1950.010752688172
4533,2702.005376344086
4534,3417.1505376344085
4535,4083.2150537634407
4536,1624.7365591397843
4537,2012.8548387096769
4538,2649.0161290322576
4539,3547.827956989247
4540,5077.559139784946
4541,6114.715053763441
4542,6599.435483870968
4543,6692.553763440861
4544,6365.822580645161
4545,5720.908602150537
4546,4825.268817204302
4547,3897.97311827957
4548,2954.2365591397847
4549,2035.6505376344085
4550,1180.6774193548388
4551,457.1881720430108
4552,0.0
4553,16.822580645161224
4554,493.26881720430106
4555,1195.97311827957
4556,1950.010752688172
4557,2702.005376344086
4558,3417.1505376344085
4559,4083.2150537634407
4560,1624.7365591397843
4561,2012.8548387096769
4562,2649.0161290322576
4563,3547.827956989247
4564,5077.559139784946
4565,6114.715053763441
4566,6599.435483870968
4567,6692.553763440861
4568,6365.822580645161
4569,5720.908602150537
4570,4825.268817204302
4571,3897.97311827957
4572,2954.2365591397847
4573,2035.6505376344085
4574,1180.6774193548388
4575,457.1881720430108
4576,0.0
4577,16.822580645161224
4578,493.26881720430106
4579,1195.97311827957
4580,1950.010752688172
4581,2702.005376344086
4582,3417.1505376344085
4583,4083.2150537634407
4584,1624.7365591397843
4585,2012.8548387096769
4586,2649.0161290322576
4587,3547.827956989247
4588,5077.559139784946
4589,6114.715053763441
4590,6599.435483870968
4591,6692.553763440861
4592,6365.822580645161
4593,5720.908602150537
4594,4825.268817204302
4595,3897.97311827957
4596,2954.2365591397847
4597,2035.6505376344085
4598,1180.6774193548388
4599,457.1881720430108
4600,0.0
4601,16.822580645161224
4602,493.26881720430106
4603,1195.97311827957
4604,1950.010752688172
4605,2702.005376344086
4606,3417.1505376344085
4607,4083.2150537634407
4608,1624.7365591397843
4609,2012.8548387096769
4610,2649.0161290322576
4611,3547.827956989247
4612,5077.559139784946
4613,6114.715053763441
4614,6599.435483870968
4615,6692.553763440861
4616,6365.822580645161
4617,5720.908602150537
4618,4825.268817204302
4619,3897.97311827957
4620,2954.2365591397847
4621,2035.6505376344085
4622,1180.6774193548388
4623,457.1881720430108
4624,0.0
4625,16.822580645161224
4626,493.26881720430106
4627,1195.97311827957
4628,1950.010752688172
4629,2702.005376344086
4630,3417.1505376344085
4631,4083.2150537634407
4632,1624.7365591397843
4633,2012.8548387096769
4634,2649.0161290322576
4635,3547.827956989247
4636,5077.559139784946
4637,6114.715053763441
4638,6599.435483870968
4639,6692.553763440861
4640,6365.822580645161
4641,5720.908602150537
4642,4825.268817204302
4643,3897.97311827957
4644,2954.2365591397847
4645,2035.6505376344085
4646,1180.6774193548388
4647,457.1881720430108
4648,0.0
4649,16.822580645161224
4650,493.26881720430106
4651,1195.97311827957
4652,1950.010752688172
4653,2702.005376344086
4654,3417.1505376344085
4655,4083.2150537634407
4656,1624.7365591397843
4657,2012.8548387096769
4658,2649.0161290322576
4659,3547.827956989247
4660,5077.559139784946
4661,6114.715053763441
4662,6599.435483870968
4663,6692.553763440861
4664,6365.822580645161
4665,5720.908602150537
4666,4825.268817204302
4667,3897.97311827957
4668,2954.2365591397847
4669,2035.6505376344085
4670,1180.6774193548388
4671,457.1881720430108
4672,0.0
4673,16.822580645161224
4674,493.26881720430106
4675,1195.97311827957
4676,1950.010752688172
4677,2702.005376344086
4678,3417.1505376344085
4679,4083.2150537634407
4680,1624.7365591397843
4681,2012.8548387096769
4682,2649.0161290322576
4683,3547.827956989247
4684,5077.559139784946
4685,6114.715053763441
4686,6599.435483870968
4687,6692.553763440861
4688,6365.822580645161
4689,5720.908602150537
4690,4825.268817204302
4691,3897.97311827957
4692,2954.2365591397847
4693,2035.6505376344085
4694,1180.6774193548388
4695,457.1881720430108
4696,0.0
4697,16.822580645161224
4698,493.26881720430106
4699,1195.97311827957
4700,1950.010752688172
4701,2702.005376344086
4702,3417.1505376344085
4703,4083.2150537634407
4704,1624.7365591397843
4705,2012.8548387096769
4706,2649.0161290322576
4707,3547.827956989247
4708,5077.559139784946
4709,6114.715053763441
4710,6599.435483870968
4711,6692.553763440861
4712,6365.822580645161
4713,5720.908602150537
4714,4825.268817204302
4715,3897.97311827957
4716,2954.2365591397847
4717,2035.6505376344085
4718,1180.6774193548388
4719,457.1881720430108
4720,0.0
4721,16.822580645161224
4722,493.26881720430106
4723,1195.97311827957
4724,1950.010752688172
4725,2702.005376344086
4726,3417.1505376344085
4727,4083.2150537634407
4728,1624.7365591397843
4729,2012.8548387096769
4730,2649.0161290322576
4731,3547.827956989247
4732,5077.559139784946
4733,6114.715053763441
4734,6599.435483870968
4735,6692.553763440861
4736,6365.822580645161
4737,5720.908602150537
4738,4825.268817204302
4739,3897.97311827957
4740,2954.2365591397847
4741,2035.6505376344085
4742,1180.6774193548388
4743,457.1881720430108
4744,0.0
4745,16.822580645161224
4746,493.26881720430106
4747,1195.97311827957
4748,1950.010752688172
4749,2702.005376344086
4750,3417.1505376344085
4751,4083.2150537634407
4752,1624.7365591397843
4753,2012.8548387096769
4754,2649.0161290322576
4755,3547.827956989247
4756,5077.559139784946
4757,6114.715053763441
4758,6599.435483870968
4759,6692.553763440861
4760,6365.822580645161
4761,5720.908602150537
4762,4825.268817204302
4763,3897.97311827957
4764,2954.2365591397847
4765,2035.6505376344085
4766,1180.6774193548388
4767,457.1881720430108
4768,0.0
4769,16.822580645161224
4770,493.26881720430106
4771,1195.97311827957
4772,1950.010752688172
4773,2702.005376344086
4774,3417.1505376344085
4775,4083.2150537634407
4776,1624.7365591397843
4777,2012.8548387096769
4778,2649.0161290322576
4779,3547.827956989247
4780,5077.559139784946
4781,6114.715053763441
4782,6599.435483870968
4783,6692.553763440861
4784,6365.822580645161
4785,5720.908602150537
4786,4825.268817204302
4787,3897.97311827957
4788,2954.2365591397847
4789,2035.6505376344085
4790,1180.6774193548388
4791,457.1881720430108
4792,0.0
4793,16.822580645161224
4794,493.26881720430106
4795,1195.97311827957
4796,1950.010752688172
4797,2702.005376344086
4798,3417.1505376344085
4799,4083.2150537634407
4800,1624.7365591397843
4801,2012.8548387096769
4802,2649.0161290322576
4803,3547.827956989247
4804,5077.559139784946
4805,6114.715053763441
4806,6599.435483870968
4807,6692.553763440861
4808,6365.822580645161
4809,5720.908602150537
4810,4825.268817204302
4811,3897.97311827957
4812,2954.2365591397847
4813,2035.6505376344085
4814,1180.6774193548388
4815,457.1881720430108
4816,0.0
4817,16.822580645161224
4818,493.26881720430106
4819,1195.97311827957
4820,1950.010752688172
4821,2702.005376344086
4822,3417.1505376344085
4823,4083.2150537634407
4824,1624.7365591397843
4825,2012.8548387096769
4826,2649.0161290322576
4827,3547.827956989247
4828,5077.559139784946
4829,6114.715053763441
4830,6599.435483870968
4831,6692.553763440861
4832,6365.822580645161
4833,5720.908602150537
4834,4825.268817204302
4835,3897.97311827957
4836,2954.2365591397847
4837,2035.6505376344085
4838,1180.6774193548388
4839,457.1881720430108
4840,0.0
4841,16.822580645161224
4842,493.26881720430106
4843,1195.97311827957
4844,1950.010752688172
4845,2702.005376344086
4846,3417.1505376344085
4847,4083.2150537634407
4848,1624.7365591397843
4849,2012.8548387096769
4850,2649.0161290322576
4851,3547.827956989247
4852,5077.559139784946
4853,6114.715053763441
4854,6599.435483870968
4855,6692.553763440861
4856,6365.822580645161
4857,5720.908602150537
4858,4825.268817204302
4859,3897.97311827957
4860,2954.2365591397847
4861,2035.6505376344085
4862,1180.6774193548388
4863,457.1881720430108
4864,0.0
4865,16.822580645161224
4866,493.26881720430106
4867,1195.97311827957
4868,1950.010752688172
4869,2702.005376344086
4870,3417.1505376344085
4871,4083.2150537634407
4872,1624.7365591397843
4873,2012.8548387096769
4874,2649.0161290322576
4875,3547.827956989247
4876,5077.559139784946
4877,6114.715053763441
4878,6599.435483870968
4879,6692.553763440861
4880,6365.822580645161
4881,5720.908602150537
4882,4825.268817204302
4883,3897.97311827957
4884,2954.2365591397847
4885,2035.6505376344085
4886,1180.6774193548388
4887,457.1881720430108
4888,0.0
4889,16.822580645161224
4890,493.26881720430106
4891,1195.97311827957
4892,1950.010752688172
4893,2702.005376344086
4894,3417.1505376344085
4895,4083.2150537634407
4896,1624.7365591397843
4897,2012.8548387096769
4898,2649.0161290322576
4899,3547.827956989247
4900,5077.559139784946
4901,6114.715053763441
4902,6599.435483870968
4903,6692.553763440861
4904,6365.822580645161
4905,5720.908602150537
4906,4825.268817204302
4907,3897.97311827957
4908,2954.2365591397847
4909,2035.6505376344085
4910,1180.6774193548388
4911,457.1881720430108
4912,0.0
4913,16.822580645161224
4914,493.26881720430106
4915,1195.97311827957
4916,1950.010752688172
4917,2702.005376344086
4918,3417.1505376344085
4919,4083.2150537634407
4920,1624.7365591397843
4921,2012.8548387096769
4922,2649.0161290322576
4923,3547.827956989247
4924,5077.559139784946
4925,6114.715053763441
4926,6599.435483870968
4927,6692.553763440861
4928,6365.822580645161
4929,5720.908602150537
4930,4825.268817204302
4931,3897.97311827957
4932,2954.2365591397847
4933,2035.6505376344085
4934,1180.6774193548388
4935,457.1881720430108
4936,0.0
4937,16.822580645161224
4938,493.26881720430106
4939,1195.97311827957
4940,1950.010752688172
4941,2702.005376344086
4942,3417.1505376344085
4943,4083.2150537634407
4944,1624.7365591397843
4945,2012.8548387096769
4946,2649.0161290322576
4947,3547.827956989247
4948,5077.559139784946
4949,6114.715053763441
4950,6599.435483870968
4951,6692.553763440861
4952,6365.822580645161
4953,5720.908602150537
4954,4825.268817204302
4955,3897.97311827957
4956,2954.2365591397847
4957,2035.6505376344085
4958,1180.6774193548388
4959,457.1881720430108
4960,0.0
4961,16.822580645161224
4962,493.26881720430106
4963,1195.97311827957
4964,1950.010752688172
4965,2702.005376344086
4966,3417.1505376344085
4967,4083.2150537634407
4968,1624.7365591397843
4969,2012.8548387096769
4970,2649.0161290322576
4971,3547.827956989247
4972,5077.559139784946
4973,6114.715053763441
4974,6599.435483870968
4975,6692.553763440861
4976,6365.822580645161
4977,5720.908602150537
4978,4825.268817204302
4979,3897.97311827957
4980,2954.2365591397847
4981,2035.6505376344085
4982,1180.6774193548388
4983,457.1881720430108
4984,0.0
4985,16.822580645161224
4986,493.26881720430106
4987,1195.97311827957
4988,1950.010752688172
4989,2702.005376344086
4990,3417.1505376344085
4991,4083.2150537634407
4992,1624.7365591397843
4993,2012.8548387096769
4994,2649.0161290322576
4995,3547.827956989247
4996,5077.559139784946
4997,6114.715053763441
4998,6599.435483870968
4999,6692.553763440861
5000,6365.822580645161
5001,5720.908602150537
5002,4825.268817204302
5003,3897.97311827957
5004,2954.2365591397847
5005,2035.6505376344085
5006,1180.6774193548388
5007,457.1881720430108
5008,0.0
5009,16.822580645161224
5010,493.26881720430106
5011,1195.97311827957
5012,1950.010752688172
5013,2702.005376344086
5014,3417.1505376344085
5015,4083.2150537634407
5016,1624.7365591397843
5017,2012.8548387096769
5018,2649.0161290322576
5019,3547.827956989247
5020,5077.559139784946
5021,6114.715053763441
5022,6599.435483870968
5023,6692.553763440861
5024,6365.822580645161
5025,5720.908602150537
5026,4825.268817204302
5027,3897.97311827957
5028,2954.2365591397847
5029,2035.6505376344085
5030,1180.6774193548388
5031,457.1881720430108
5032,0.0
5033,16.822580645161224
5034,493.26881720430106
5035,1195.97311827957
5036,1950.010752688172
5037,2702.005376344086
5038,3417.1505376344085
5039,4083.2150537634407
5040,1624.7365591397843
5041,2012.8548387096769
5042,2649.0161290322576
5043,3547.827956989247
5044,5077.559139784946
5045,6114.715053763441
5046,6599.435483870968
5047,6692.553763440861
5048,6365.822580645161
5049,5720.908602150537
5050,4825.268817204302
5051,3897.97311827957
5052,2954.2365591397847
5053,2035.6505376344085
5054,1180.6774193548388
5055,457.1881720430108
5056,0.0
5057,16.822580645161224
5058,493.26881720430106
5059,1195.97311827957
5060,1950.010752688172
5061,2702.005376344086
5062,3417.1505376344085
5063,4083.2150537634407
5064,1624.7365591397843
5065,2012.8548387096769
5066,2649.0161290322576
5067,3547.827956989247
5068,5077.559139784946
5069,6114.715053763441
5070,6599.435483870968
5071,6692.553763440861
5072,6365.822580645161
5073,5720.908602150537
5074,4825.268817204302
5075,3897.97311827957
5076,2954.2365591397847
5077,2035.6505376344085
5078,1180.6774193548388
5079,457.1881720430108
5080,0.0
5081,16.822580645161224
5082,493.26881720430106
5083,1195.97311827957
5084,1950.010752688172
5085,2702.005376344086
5086,3417.1505376344085
5087,4083.2150537634407
5088,1624.7365591397843
5089,2012.8548387096769
5090,2649.0161290322576
5091,3547.827956989247
5092,5077.559139784946
5093,6114.715053763441
5094,6599.435483870968
5095,6692.553763440861
5096,6365.822580645161
5097,5720.908602150537
5098,4825.268817204302
5099,3897.97311827957
5100,2954.2365591397847
5101,2035.6505376344085
5102,1180.6774193548388
5103,457.1881720430108
5104,0.0
5105,16.822580645161224
5106,493.26881720430106
5107,1195.97311827957
5108,1950.010752688172
5109,2702.005376344086
5110,3417.1505376344085
5111,4083.2150537634407
5112,1624.7365591397843
5113,2012.8548387096769
5114,2649.0161290322576
5115,3547.827956989247
5116,5077.559139784946
5117,6114.715053763441
5118,6599.435483870968
5119,6692.553763440861
5120,6365.822580645161
5121,5720.908602150537
5122,4825.268817204302
5123,3897.97311827957
5124,2954.2365591397847
5125,2035.6505376344085
5126,1180.6774193548388
5127,457.1881720430108
5128,0.0
5129,16.822580645161224
5130,493.26881720430106
5131,1195.97311827957
5132,1950.010752688172
5133,2702.005376344086
5134,3417.1505376344085
5135,4083.2150537634407
5136,1624.7365591397843
5137,2012.8548387096769
5138,2649.0161290322576
5139,3547.827956989247
5140,5077.559139784946
5141,6114.715053763441
5142,6599.435483870968
5143,6692.553763440861
5144,6365.822580645161
5145,5720.908602150537
5146,4825.268817204302
5147,3897.97311827957
5148,2954.2365591397847
5149,2035.6505376344085
5150,1180.6774193548388
5151,457.1881720430108
5152,0.0
5153,16.822580645161224
5154,493.26881720430106
5155,1195.97311827957
5156,1950.010752688172
5157,2702.005376344086
5158,3417.1505376344085
5159,4083.2150537634407
5160,1624.7365591397843
5161,2012.8548387096769
5162,2649.0161290322576
5163,3547.827956989247
5164,5077.559139784946
5165,6114.715053763441
5166,6599.435483870968
5167,6692.553763440861
5168,6365.822580645161
5169,5720.908602150537
5170,4825.268817204302
5171,3897.97311827957
5172,2954.2365591397847
5173,2035.6505376344085
5174,1180.6774193548388
5175,457.1881720430108
5176,0.0
5177,16.822580645161224
5178,493.26881720430106
5179,1195.97311827957
5180,1950.010752688172
5181,2702.005376344086
5182,3417.1505376344085
5183,4083.2150537634407
5184,1624.7365591397843
5185,2012.8548387096769
5186,2649.0161290322576
5187,3547.827956989247
5188,5077.559139784946
5189,6114.715053763441
5190,6599.435483870968
5191,6692.553763440861
5192,6365.822580645161
5193,5720.908602150537
5194,4825.268817204302
5195,3897.97311827957
5196,2954.2365591397847
5197,2035.6505376344085
5198,1180.6774193548388
5199,457.1881720430108
5200,0.0
5201,16.822580645161224
5202,493.26881720430106
5203,1195.97311827957
5204,1950.010752688172
5205,2702.005376344086
5206,3417.1505376344085
5207,4083.2150537634407
5208,1624.7365591397843
5209,2012.8548387096769
5210,2649.0161290322576
5211,3547.827956989247
5212,5077.559139784946
5213,6114.715053763441
5214,6599.435483870968
5215,6692.553763440861
5216,6365.822580645161
5217,5720.908602150537
5218,4825.268817204302
5219,3897.97311827957
5220,2954.2365591397847
5221,2035.6505376344085
5222,1180.6774193548388
5223,457.1881720430108
5224,0.0
5225,16.822580645161224
5226,493.26881720430106
5227,1195.97311827957
5228,1950.010752688172
5229,2702.005376344086
5230,3417.1505376344085
5231,4083.2150537634407
5232,1624.7365591397843
5233,2012.8548387096769
5234,2649.0161290322576
5235,3547.827956989247
5236,5077.559139784946
5237,6114.715053763441
5238,6599.435483870968
5239,6692.553763440861
5240,6365.822580645161
5241,5720.908602150537
5242,4825.268817204302
5243,3897.97311827957
5244,2954.2365591397847
5245,2035.6505376344085
5246,1180.6774193548388
5247,457.1881720430108
5248,0.0
5249,16.822580645161224
5250,493.26881720430106
5251,1195.97311827957
5252,1950.010752688172
5253,2702.005376344086
5254,3417.1505376344085
5255,4083.2150537634407
5256,1624.7365591397843
5257,2012.8548387096769
5258,2649.0161290322576
5259,3547.827956989247
5260,5077.559139784946
5261,6114.715053763441
5262,6599.435483870968
5263,6692.553763440861
5264,6365.822580645161
5265,5720.908602150537
5266,4825.268817204302
5267,3897.97311827957
5268,2954.2365591397847
5269,2035.6505376344085
5270,1180.6774193548388
5271,457.1881720430108
5272,0.0
5273,16.822580645161224
5274,493.26881720430106
5275,1195.97311827957
5276,1950.010752688172
5277,2702.005376344086
5278,3417.1505376344085
5279,4083.2150537634407
5280,1624.7365591397843
5281,2012.8548387096769
5282,2649.0161290322576
5283,3547.827956989247
5284,5077.559139784946
5285,6114.715053763441
5286,6599.435483870968
5287,6692.553763440861
5288,6365.822580645161
5289,5720.908602150537
5290,4825.268817204302
5291,3897.97311827957
5292,2954.2365591397847
5293,2035.6505376344085
5294,1180.6774193548388
5295,457.1881720430108
5296,0.0
5297,16.822580645161224
5298,493.26881720430106
5299,1195.97311827957
5300,1950.010752688172
5301,2702.005376344086
5302,3417.1505376344085
5303,4083.2150537634407
5304,1624.7365591397843
5305,2012.8548387096769
5306,2649.0161290322576
5307,3547.827956989247
5308,5077.559139784946
5309,6114.715053763441
5310,6599.435483870968
5311,6692.553763440861
5312,6365.822580645161
5313,5720.908602150537
5314,4825.268817204302
5315,3897.97311827957
5316,2954.2365591397847
5317,2035.6505376344085
5318,1180.6774193548388
5319,457.1881720430108
5320,0.0
5321,16.822580645161224
5322,493.26881720430106
5323,1195.97311827957
5324,1950.010752688172
5325,2702.005376344086
5326,3417.1505376344085
5327,4083.2150537634407
5328,1624.7365591397843
5329,2012.8548387096769
5330,2649.0161290322576
5331,3547.827956989247
5332,5077.559139784946
5333,6114.715053763441
5334,6599.435483870968
5335,6692.553763440861
5336,6365.822580645161
5337,5720.908602150537
5338,4825.268817204302
5339,3897.97311827957
5340,2954.2365591397847
5341,2035.6505376344085
5342,1180.6774193548388
5343,457.1881720430108
5344,0.0
5345,16.822580645161224
5346,493.26881720430106
5347,1195.97311827957
5348,1950.010752688172
5349,2702.005376344086
5350,3417.1505376344085
5351,4083.2150537634407
5352,1624.7365591397843
5353,2012.8548387096769
5354,2649.0161290322576
5355,3547.827956989247
5356,5077.559139784946
5357,6114.715053763441
5358,6599.435483870968
5359,6692.553763440861
5360,6365.822580645161
5361,5720.908602150537
5362,4825.268817204302
5363,3897.97311827957
5364,2954.2365591397847
5365,2035.6505376344085
5366,1180.6774193548388
5367,457.1881720430108
5368,0.0
5369,16.822580645161224
5370,493.26881720430106
5371,1195.97311827957
5372,1950.010752688172
5373,2702.005376344086
5374,3417.1505376344085
5375,4083.2150537634407
5376,1624.7365591397843
5377,2012.8548387096769
5378,2649.0161290322576
5379,3547.827956989247
5380,5077.559139784946
5381,6114.715053763441
5382,6599.435483870968
5383,6692.553763440861
5384,6365.822580645161
5385,5720.908602150537
5386,4825.268817204302
5387,3897.97311827957
5388,2954.2365591397847
5389,2035.6505376344085
5390,1180.6774193548388
5391,457.1881720430108
5392,0.0
5393,16.822580645161224
5394,493.26881720430106
5395,1195.97311827957
5396,1950.010752688172
5397,2702.005376344086
5398,3417.1505376344085
5399,4083.2150537634407
5400,1624.7365591397843
5401,2012.8548387096769
5402,2649.0161290322576
5403,3547.827956989247
5404,5077.559139784946
5405,6114.715053763441
5406,6599.435483870968
5407,6692.553763440861
5408,6365.822580645161
5409,5720.908602150537
5410,4825.268817204302
5411,3897.97311827957
5412,2954.2365591397847
5413,2035.6505376344085
5414,1180.6774193548388
5415,457.1881720430108
5416,0.0
5417,16.822580645161224
5418,493.26881720430106
5419,1195.97311827957
5420,1950.010752688172
5421,2702.005376344086
5422,3417.1505376344085
5423,4083.2150537634407
5424,1624.7365591397843
5425,2012.8548387096769
5426,2649.0161290322576
5427,3547.827956989247
5428,5077.559139784946
5429,6114.715053763441
5430,6599.435483870968
5431,6692.553763440861
5432,6365.822580645161
5433,5720.908602150537
5434,4825.268817204302
5435,3897.97311827957
5436,2954.2365591397847
5437,2035.6505376344085
5438,1180.6774193548388
5439,457.1881720430108
5440,0.0
5441,16.822580645161224
5442,493.26881720430106
5443,1195.97311827957
5444,1950.010752688172
5445,2702.005376344086
5446,3417.1505376344085
5447,4083.2150537634407
5448,1624.7365591397843
5449,2012.8548387096769
5450,2649.0161290322576
5451,3547.827956989247
5452,5077.559139784946
5453,6114.715053763441
5454,6599.435483870968
5455,6692.553763440861
5456,6365.822580645161
5457,5720.908602150537
5458,4825.268817204302
5459,3897.97311827957
5460,2954.2365591397847
5461,2035.6505376344085
5462,1180.6774193548388
5463,457.1881720430108
5464,0.0
5465,16.822580645161224
5466,493.26881720430106
5467,1195.97311827957
5468,1950.010752688172
5469,2702.005376344086
5470,3417.1505376344085
5471,4083.2150537634407
5472,1624.7365591397843
5473,2012.8548387096769
5474,2649.0161290322576
5475,3547.827956989247
5476,5077.559139784946
5477,6114.715053763441
5478,6599.435483870968
5479,6692.553763440861
5480,6365.822580645161
5481,5720.908602150537
5482,4825.268817204302
5483,3897.97311827957
5484,2954.2365591397847
5485,2035.6505376344085
5486,1180.6774193548388
5487,457.1881720430108
5488,0.0
5489,16.822580645161224
5490,493.26881720430106
5491,1195.97311827957
5492,1950.010752688172
5493,2702.005376344086
5494,3417.1505376344085
5495,4083.2150537634407
5496,1624.7365591397843
5497,2012.8548387096769
5498,2649.0161290322576
5499,3547.827956989247
5500,5077.559139784946
5501,6114.715053763441
5502,6599.435483870968
5503,6692.553763440861
5504,6365.822580645161
5505,5720.908602150537
5506,4825.268817204302
5507,3897.97311827957
5508,2954.2365591397847
5509,2035.6505376344085
5510,1180.6774193548388
5511,457.1881720430108
5512,0.0
5513,16.822580645161224
5514,493.26881720430106
5515,1195.97311827957
5516,1950.010752688172
5517,2702.005376344086
5518,3417.1505376344085
5519,4083.2150537634407
5520,1624.7365591397843
5521,2012.8548387096769
5522,2649.0161290322576
5523,3547.827956989247
5524,5077.559139784946
5525,6114.715053763441
5526,6599.435483870968
5527,6692.553763440861
5528,6365.822580645161
5529,5720.908602150537
5530,4825.268817204302
5531,3897.97311827957
5532,2954.2365591397847
5533,2035.6505376344085
5534,1180.6774193548388
5535,457.1881720430108
5536,0.0
5537,16.822580645161224
5538,493.26881720430106
5539,1195.97311827957
5540,1950.010752688172
5541,2702.005376344086
5542,3417.1505376344085
5543,4083.2150537634407
5544,1624.7365591397843
5545,2012.8548387096769
5546,2649.0161290322576
5547,3547.827956989247
5548,5077.559139784946
5549,6114.715053763441
5550,6599.435483870968
5551,6692.553763440861
5552,6365.822580645161
5553,5720.908602150537
5554,4825.268817204302
5555,3897.97311827957
5556,2954.2365591397847
5557,2035.6505376344085
5558,1180.6774193548388
5559,457.1881720430108
5560,0.0
5561,16.822580645161224
5562,493.26881720430106
5563,1195.97311827957
5564,1950.010752688172
5565,2702.005376344086
5566,3417.1505376344085
5567,4083.2150537634407
5568,1624.7365591397843
5569,2012.8548387096769
5570,2649.0161290322576
5571,3547.827956989247
5572,5077.559139784946
5573,6114.715053763441
5574,6599.435483870968
5575,6692.553763440861
5576,6365.822580645161
5577,5720.908602150537
5578,4825.268817204302
5579,3897.97311827957
5580,2954.2365591397847
5581,2035.6505376344085
5582,1180.6774193548388
5583,457.1881720430108
5584,0.0
5585,16.822580645161224
5586,493.26881720430106
5587,1195.97311827957
5588,1950.010752688172
5589,2702.005376344086
5590,3417.1505376344085
5591,4083.2150537634407
5592,1624.7365591397843
5593,2012.8548387096769
5594,2649.0161290322576
5595,3547.827956989247
5596,5077.559139784946
5597,6114.715053763441
5598,6599.435483870968
5599,6692.553763440861
5600,6365.822580645161
5601,5720.908602150537
5602,4825.268817204302
5603,3897.97311827957
5604,2954.2365591397847
5605,2035.6505376344085
5606,1180.6774193548388
5607,457.1881720430108
5608,0.0
5609,16.822580645161224
5610,493.26881720430106
5611,1195.97311827957
5612,1950.010752688172
5613,2702.005376344086
5614,3417.1505376344085
5615,4083.2150537634407
5616,1624.7365591397843
5617,2012.8548387096769
5618,2649.0161290322576
5619,3547.827956989247
5620,5077.559139784946
5621,6114.715053763441
5622,6599.435483870968
5623,6692.553763440861
5624,6365.822580645161
5625,5720.908602150537
5626,4825.268817204302
5627,3897.97311827957
5628,2954.2365591397847
5629,2035.6505376344085
5630,1180.6774193548388
5631,457.1881720430108
5632,0.0
5633,16.822580645161224
5634,493.26881720430106
5635,1195.97311827957
5636,1950.010752688172
5637,2702.005376344086
5638,3417.1505376344085
5639,4083.2150537634407
5640,1624.7365591397843
5641,2012.8548387096769
5642,2649.0161290322576
5643,3547.827956989247
5644,5077.559139784946
5645,6114.715053763441
5646,6599.435483870968
5647,6692.553763440861
5648,6365.822580645161
5649,5720.908602150537
5650,4825.268817204302
5651,3897.97311827957
5652,2954.2365591397847
5653,2035.6505376344085
5654,1180.6774193548388
5655,457.1881720430108
5656,0.0
5657,16.822580645161224
5658,493.26881720430106
5659,1195.97311827957
5660,1950.010752688172
5661,2702.005376344086
5662,3417.1505376344085
5663,4083.2150537634407
5664,1624.7365591397843
5665,2012.8548387096769
5666,2649.0161290322576
5667,3547.827956989247
5668,5077.559139784946
5669,6114.715053763441
5670,6599.435483870968
5671,6692.553763440861
5672,6365.822580645161
5673,5720.908602150537
5674,4825.268817204302
5675,3897.97311827957
5676,2954.2365591397847
5677,2035.6505376344085
5678,1180.6774193548388
5679,457.1881720430108
5680,0.0
5681,16.822580645161224
5682,493.26881720430106
5683,1195.97311827957
5684,1950.010752688172
5685,2702.005376344086
5686,3417.1505376344085
5687,4083.2150537634407
5688,1624.7365591397843
5689,2012.8548387096769
5690,2649.0161290322576
5691,3547.827956989247
5692,5077.559139784946
5693,6114.715053763441
5694,6599.435483870968
5695,6692.553763440861
5696,6365.822580645161
5697,5720.908602150537
5698,4825.268817204302
5699,3897.97311827957
5700,2954.2365591397847
5701,2035.6505376344085
5702,1180.6774193548388
5703,457.1881720430108
5704,0.0
5705,16.822580645161224
5706,493.26881720430106
5707,1195.97311827957
5708,1950.010752688172
5709,2702.005376344086
5710,3417.1505376344085
5711,4083.2150537634407
5712,1624.7365591397843
5713,2012.8548387096769
5714,2649.0161290322576
5715,3547.827956989247
5716,5077.559139784946
5717,6114.715053763441
5718,6599.435483870968
5719,6692.553763440861
5720,6365.822580645161
5721,5720.908602150537
5722,4825.268817204302
5723,3897.97311827957
5724,2954.2365591397847
5725,2035.6505376344085
5726,1180.6774193548388
5727,457.1881720430108
5728,0.0
5729,16.822580645161224
5730,493.26881720430106
5731,1195.97311827957
5732,1950.010752688172
5733,2702.005376344086
5734,3417.1505376344085
5735,4083.2150537634407
5736,1624.7365591397843
5737,2012.8548387096769
5738,2649.0161290322576
5739,3547.827956989247
5740,5077.559139784946
5741,6114.715053763441
5742,6599.435483870968
5743,6692.553763440861
5744,6365.822580645161
5745,5720.908602150537
5746,4825.268817204302
5747,3897.97311827957
5748,2954.2365591397847
5749,2035.6505376344085
5750,1180.6774193548388
5751,457.1881720430108
5752,0.0
5753,16.822580645161224
5754,493.26881720430106
5755,1195.97311827957
5756,1950.010752688172
5757,2702.005376344086
5758,3417.1505376344085
5759,4083.2150537634407
5760,1624.7365591397843
5761,2012.8548387096769
5762,2649.0161290322576
5763,3547.827956989247
5764,5077.559139784946
5765,6114.715053763441
5766,6599.435483870968
5767,6692.553763440861
5768,6365.822580645161
5769,5720.908602150537
5770,4825.268817204302
5771,3897.97311827957
5772,2954.2365591397847
5773,2035.6505376344085
5774,1180.6774193548388
5775,457.1881720430108
5776,0.0
5777,16.822580645161224
5778,493.26881720430106
5779,1195.97311827957
5780,1950.010752688172
5781,2702.005376344086
5782,3417.1505376344085
5783,4083.2150537634407
5784,1624.7365591397843
5785,2012.8548387096769
5786,2649.0161290322576
5787,3547.827956989247
5788,5077.559139784946
5789,6114.715053763441
5790,6599.435483870968
5791,6692.553763440861
5792,6365.822580645161
5793,5720.908602150537
5794,4825.268817204302
5795,3897.97311827957
5796,2954.2365591397847
5797,2035.6505376344085
5798,1180.6774193548388
5799,457.1881720430108
5800,0.0
5801,16.822580645161224
5802,493.26881720430106
5803,1195.97311827957
5804,1950.010752688172
5805,2702.005376344086
5806,3417.1505376344085
5807,4083.2150537634407
5808,1624.7365591397843
5809,2012.8548387096769
5810,2649.0161290322576
5811,3547.827956989247
5812,5077.559139784946
5813,6114.715053763441
5814,6599.435483870968
5815,6692.553763440861
5816,6365.822580645161
5817,5720.908602150537
5818,4825.268817204302
5819,3897.97311827957
5820,2954.2365591397847
5821,2035.6505376344085
5822,1180.6774193548388
5823,457.1881720430108
5824,0.0
5825,16.822580645161224
5826,493.26881720430106
5827,1195.97311827957
5828,1950.010752688172
5829,2702.005376344086
5830,3417.1505376344085
5831,4083.2150537634407
5832,1624.7365591397843
5833,2012.8548387096769
5834,2649.0161290322576
5835,3547.827956989247
5836,5077.559139784946
5837,6114.715053763441
5838,6599.435483870968
5839,6692.553763440861
5840,6365.822580645161
5841,5720.908602150537
5842,4825.268817204302
5843,3897.97311827957
5844,2954.2365591397847
5845,2035.6505376344085
5846,1180.6774193548388
5847,457.1881720430108
5848,0.0
5849,16.822580645161224
5850,493.26881720430106
5851,1195.97311827957
5852,1950.010752688172
5853,2702.005376344086
5854,3417.1505376344085
5855,4083.2150537634407
5856,1624.7365591397843
5857,2012.8548387096769
5858,2649.0161290322576
5859,3547.827956989247
5860,5077.559139784946
5861,6114.715053763441
5862,6599.435483870968
5863,6692.553763440861
5864,6365.822580645161
5865,5720.908602150537
5866,4825.268817204302
5867,3897.97311827957
5868,2954.2365591397847
5869,2035.6505376344085
5870,1180.6774193548388
5871,457.1881720430108
5872,0.0
5873,16.822580645161224
5874,493.26881720430106
5875,1195.97311827957
5876,1950.010752688172
5877,2702.005376344086
5878,3417.1505376344085
5879,4083.2150537634407
5880,1624.7365591397843
5881,2012.8548387096769
5882,2649.0161290322576
5883,3547.827956989247
5884,5077.559139784946
5885,6114.715053763441
5886,6599.435483870968
5887,6692.553763440861
5888,6365.822580645161
5889,5720.908602150537
5890,4825.268817204302
5891,3897.97311827957
5892,2954.2365591397847
5893,2035.6505376344085
5894,1180.6774193548388
5895,457.1881720430108
5896,0.0
5897,16.822580645161224
5898,493.26881720430106
5899,1195.97311827957
5900,1950.010752688172
5901,2702.005376344086
5902,3417.1505376344085
5903,4083.2150537634407
5904,1624.7365591397843
5905,2012.8548387096769
5906,2649.0161290322576
5907,3547.827956989247
5908,5077.559139784946
5909,6114.715053763441
5910,6599.435483870968
5911,6692.553763440861
5912,6365.822580645161
5913,5720.908602150537
5914,4825.268817204302
5915,3897.97311827957
5916,2954.2365591397847
5917,2035.6505376344085
5918,1180.6774193548388
5919,457.1881720430108
5920,0.0
5921,16.822580645161224
5922,493.26881720430106
5923,1195.97311827957
5924,1950.010752688172
5925,2702.005376344086
5926,3417.1505376344085
5927,4083.2150537634407
5928,1624.7365591397843
5929,2012.8548387096769
5930,2649.0161290322576
5931,3547.827956989247
5932,5077.559139784946
5933,6114.715053763441
5934,6599.435483870968
5935,6692.553763440861
5936,6365.822580645161
5937,5720.908602150537
5938,4825.268817204302
5939,3897.97311827957
5940,2954.2365591397847
5941,2035.6505376344085
5942,1180.6774193548388
5943,457.1881720430108
5944,0.0
5945,16.822580645161224
5946,493.26881720430106
5947,1195.97311827957
5948,1950.010752688172
5949,2702.005376344086
5950,3417.1505376344085
5951,4083.2150537634407
5952,1624.7365591397843
5953,2012.8548387096769
5954,2649.0161290322576
5955,3547.827956989247
5956,5077.559139784946
5957,6114.715053763441
5958,6599.435483870968
5959,6692.553763440861
5960,6365.822580645161
5961,5720.908602150537
5962,4825.268817204302
5963,3897.97311827957
5964,2954.2365591397847
5965,2035.6505376344085
5966,1180.6774193548388
5967,457.1881720430108
5968,0.0
5969,16.822580645161224
5970,493.26881720430106
5971,1195.97311827957
5972,1950.010752688172
5973,2702.005376344086
5974,3417.1505376344085
5975,4083.2150537634407
5976,1624.7365591397843
5977,2012.8548387096769
5978,2649.0161290322576
5979,3547.827956989247
5980,5077.559139784946
5981,6114.715053763441
5982,6599.435483870968
5983,6692.553763440861
5984,6365.822580645161
5985,5720.908602150537
5986,4825.268817204302
5987,3897.97311827957
5988,2954.2365591397847
5989,2035.6505376344085
5990,1180.6774193548388
5991,457.1881720430108
5992,0.0
5993,16.822580645161224
5994,493.26881720430106
5995,1195.97311827957
5996,1950.010752688172
5997,2702.005376344086
5998,3417.1505376344085
5999,4083.2150537634407
6000,1624.7365591397843
6001,2012.8548387096769
6002,2649.0161290322576
6003,3547.827956989247
6004,5077.559139784946
6005,6114.715053763441
6006,6599.435483870968
6007,6692.553763440861
6008,6365.822580645161
6009,5720.908602150537
6010,4825.268817204302
6011,3897.97311827957
6012,2954.2365591397847
6013,2035.6505376344085
6014,1180.6774193548388
6015,457.1881720430108
6016,0.0
6017,16.822580645161224
6018,493.26881720430106
6019,1195.97311827957
6020,1950.010752688172
6021,2702.005376344086
6022,3417.1505376344085
6023,4083.2150537634407
6024,1624.7365591397843
6025,2012.8548387096769
6026,2649.0161290322576
6027,3547.827956989247
6028,5077.559139784946
6029,6114.715053763441
6030,6599.435483870968
6031,6692.553763440861
6032,6365.822580645161
6033,5720.908602150537
6034,4825.268817204302
6035,3897.97311827957
6036,2954.2365591397847
6037,2035.6505376344085
6038,1180.6774193548388
6039,457.1881720430108
6040,0.0
6041,16.822580645161224
6042,493.26881720430106
6043,1195.97311827957
6044,1950.010752688172
6045,2702.005376344086
6046,3417.1505376344085
6047,4083.2150537634407
6048,1624.7365591397843
6049,2012.8548387096769
6050,2649.0161290322576
6051,3547.827956989247
6052,5077.559139784946
6053,6114.715053763441
6054,6599.435483870968
6055,6692.553763440861
6056,6365.822580645161
6057,5720.908602150537
6058,4825.268817204302
6059,3897.97311827957
6060,2954.2365591397847
6061,2035.6505376344085
6062,1180.6774193548388
6063,457.1881720430108
6064,0.0
6065,16.822580645161224
6066,493.26881720430106
6067,1195.97311827957
6068,1950.010752688172
6069,2702.005376344086
6070,3417.1505376344085
6071,4083.2150537634407
6072,1624.7365591397843
6073,2012.8548387096769
6074,2649.0161290322576
6075,3547.827956989247
6076,5077.559139784946
6077,6114.715053763441
6078,6599.435483870968
6079,6692.553763440861
6080,6365.822580645161
6081,5720.908602150537
6082,4825.268817204302
6083,3897.97311827957
6084,2954.2365591397847
6085,2035.6505376344085
6086,1180.6774193548388
6087,457.1881720430108
6088,0.0
6089,16.822580645161224
6090,493.26881720430106
6091,1195.97311827957
6092,1950.010752688172
6093,2702.005376344086
6094,3417.1505376344085
6095,4083.2150537634407
6096,1624.7365591397843
6097,2012.8548387096769
6098,2649.0161290322576
6099,3547.827956989247
6100,5077.559139784946
6101,6114.715053763441
6102,6599.435483870968
6103,6692.553763440861
6104,6365.822580645161
6105,5720.908602150537
6106,4825.268817204302
6107,3897.97311827957
6108,2954.2365591397847
6109,2035.6505376344085
6110,1180.6774193548388
6111,457.1881720430108
6112,0.0
6113,16.822580645161224
6114,493.26881720430106
6115,1195.97311827957
6116,1950.010752688172
6117,2702.005376344086
6118,3417.1505376344085
6119,4083.2150537634407
6120,1624.7365591397843
6121,2012.8548387096769
6122,2649.0161290322576
6123,3547.827956989247
6124,5077.559139784946
6125,6114.715053763441
6126,6599.435483870968
6127,6692.553763440861
6128,6365.822580645161
6129,5720.908602150537
6130,4825.268817204302
6131,3897.97311827957
6132,2954.2365591397847
6133,2035.6505376344085
6134,1180.6774193548388
6135,457.1881720430108
6136,0.0
6137,16.822580645161224
6138,493.26881720430106
6139,1195.97311827957
6140,1950.010752688172
6141,2702.005376344086
6142,3417.1505376344085
6143,4083.2150537634407
6144,1624.7365591397843
6145,2012.8548387096769
6146,2649.0161290322576
6147,3547.827956989247
6148,5077.559139784946
6149,6114.715053763441
6150,6599.435483870968
6151,6692.553763440861
6152,6365.822580645161
6153,5720.908602150537
6154,4825.268817204302
6155,3897.97311827957
6156,2954.2365591397847
6157,2035.6505376344085
6158,1180.6774193548388
6159,457.1881720430108
6160,0.0
6161,16.822580645161224
6162,493.26881720430106
6163,1195.97311827957
6164,1950.010752688172
6165,2702.005376344086
6166,3417.1505376344085
6167,4083.2150537634407
6168,1624.7365591397843
6169,2012.8548387096769
6170,2649.0161290322576
6171,3547.827956989247
6172,5077.559139784946
6173,6114.715053763441
6174,6599.435483870968
6175,6692.553763440861
6176,6365.822580645161
6177,5720.908602150537
6178,4825.268817204302
6179,3897.97311827957
6180,2954.2365591397847
6181,2035.6505376344085
6182,1180.6774193548388
6183,457.1881720430108
6184,0.0
6185,16.822580645161224
6186,493.26881720430106
6187,1195.97311827957
6188,1950.010752688172
6189,2702.005376344086
6190,3417.1505376344085
6191,4083.2150537634407
6192,1624.7365591397843
6193,2012.8548387096769
6194,2649.0161290322576
6195,3547.827956989247
6196,5077.559139784946
6197,6114.715053763441
6198,6599.435483870968
6199,6692.553763440861
6200,6365.822580645161
6201,5720.908602150537
6202,4825.268817204302
6203,3897.97311827957
6204,2954.2365591397847
6205,2035.6505376344085
6206,1180.6774193548388
6207,457.1881720430108
6208,0.0
6209,16.822580645161224
6210,493.26881720430106
6211,1195.97311827957
6212,1950.010752688172
6213,2702.005376344086
6214,3417.1505376344085
6215,4083.2150537634407
6216,1624.7365591397843
6217,2012.8548387096769
6218,2649.0161290322576
6219,3547.827956989247
6220,5077.559139784946
6221,6114.715053763441
6222,6599.435483870968
6223,6692.553763440861
6224,6365.822580645161
6225,5720.908602150537
6226,4825.268817204302
6227,3897.97311827957
6228,2954.2365591397847
6229,2035.6505376344085
6230,1180.6774193548388
6231,457.1881720430108
6232,0.0
6233,16.822580645161224
6234,493.26881720430106
6235,1195.97311827957
6236,1950.010752688172
6237,2702.005376344086
6238,3417.1505376344085
6239,4083.2150537634407
6240,1624.7365591397843
6241,2012.8548387096769
6242,2649.0161290322576
6243,3547.827956989247
6244,5077.559139784946
6245,6114.715053763441
6246,6599.435483870968
6247,6692.553763440861
6248,6365.822580645161
6249,5720.908602150537
6250,4825.268817204302
6251,3897.97311827957
6252,2954.2365591397847
6253,2035.6505376344085
6254,1180.6774193548388
6255,457.1881720430108
6256,0.0
6257,16.822580645161224
6258,493.26881720430106
6259,1195.97311827957
6260,1950.010752688172
6261,2702.005376344086
6262,3417.1505376344085
6263,4083.2150537634407
6264,1624.7365591397843
6265,2012.8548387096769
6266,2649.0161290322576
6267,3547.827956989247
6268,5077.559139784946
6269,6114.715053763441
6270,6599.435483870968
6271,6692.553763440861
6272,6365.822580645161
6273,5720.908602150537
6274,4825.268817204302
6275,3897.97311827957
6276,2954.2365591397847
6277,2035.6505376344085
6278,1180.6774193548388
6279,457.1881720430108
6280,0.0
6281,16.822580645161224
6282,493.26881720430106
6283,1195.97311827957
6284,1950.010752688172
6285,2702.005376344086
6286,3417.1505376344085
6287,4083.2150537634407
6288,1624.7365591397843
6289,2012.8548387096769
6290,2649.0161290322576
6291,3547.827956989247
6292,5077.559139784946
6293,6114.715053763441
6294,6599.435483870968
6295,6692.553763440861
6296,6365.822580645161
6297,5720.908602150537
6298,4825.268817204302
6299,3897.97311827957
6300,2954.2365591397847
6301,2035.6505376344085
6302,1180.6774193548388
6303,457.1881720430108
6304,0.0
6305,16.822580645161224
6306,493.26881720430106
6307,1195.97311827957
6308,1950.010752688172
6309,2702.005376344086
6310,3417.1505376344085
6311,4083.2150537634407
6312,1624.7365591397843
6313,2012.8548387096769
6314,2649.0161290322576
6315,3547.827956989247
6316,5077.559139784946
6317,6114.715053763441
6318,6599.435483870968
6319,6692.553763440861
6320,6365.822580645161
6321,5720.908602150537
6322,4825.268817204302
6323,3897.97311827957
6324,2954.2365591397847
6325,2035.6505376344085
6326,1180.6774193548388
6327,457.1881720430108
6328,0.0
6329,16.822580645161224
6330,493.26881720430106
6331,1195.97311827957
6332,1950.010752688172
6333,2702.005376344086
6334,3417.1505376344085
6335,4083.2150537634407
6336,1624.7365591397843
6337,2012.8548387096769
6338,2649.0161290322576
6339,3547.827956989247
6340,5077.559139784946
6341,6114.715053763441
6342,6599.435483870968
6343,6692.553763440861
6344,6365.822580645161
6345,5720.908602150537
6346,4825.268817204302
6347,3897.97311827957
6348,2954.2365591397847
6349,2035.6505376344085
6350,1180.6774193548388
6351,457.1881720430108
6352,0.0
6353,16.822580645161224
6354,493.26881720430106
6355,1195.97311827957
6356,1950.010752688172
6357,2702.005376344086
6358,3417.1505376344085
6359,4083.2150537634407
6360,1624.7365591397843
6361,2012.8548387096769
6362,2649.0161290322576
6363,3547.827956989247
6364,5077.559139784946
6365,6114.715053763441
6366,6599.435483870968
6367,6692.553763440861
6368,6365.822580645161
6369,5720.908602150537
6370,4825.268817204302
6371,3897.97311827957
6372,2954.2365591397847
6373,2035.6505376344085
6374,1180.6774193548388
6375,457.1881720430108
6376,0.0
6377,16.822580645161224
6378,493.26881720430106
6379,1195.97311827957
6380,1950.010752688172
6381,2702.005376344086
6382,3417.1505376344085
6383,4083.2150537634407
6384,1624.7365591397843
6385,2012.8548387096769
6386,2649.0161290322576
6387,3547.827956989247
6388,5077.559139784946
6389,6114.715053763441
6390,6599.435483870968
6391,6692.553763440861
6392,6365.822580645161
6393,5720.908602150537
6394,4825.268817204302
6395,3897.97311827957
6396,2954.2365591397847
6397,2035.6505376344085
6398,1180.6774193548388
6399,457.1881720430108
6400,0.0
6401,16.822580645161224
6402,493.26881720430106
6403,1195.97311827957
6404,1950.010752688172
6405,2702.005376344086
6406,3417.1505376344085
6407,4083.2150537634407
6408,1624.7365591397843
6409,2012.8548387096769
6410,2649.0161290322576
6411,3547.827956989247
6412,5077.559139784946
6413,6114.715053763441
6414,6599.435483870968
6415,6692.553763440861
6416,6365.822580645161
6417,5720.908602150537
6418,4825.268817204302
6419,3897.97311827957
6420,2954.2365591397847
6421,2035.6505376344085
6422,1180.6774193548388
6423,457.1881720430108
6424,0.0
6425,16.822580645161224
6426,493.26881720430106
6427,1195.97311827957
6428,1950.010752688172
6429,2702.005376344086
6430,3417.1505376344085
6431,4083.2150537634407
6432,1624.7365591397843
6433,2012.8548387096769
6434,2649.0161290322576
6435,3547.827956989247
6436,5077.559139784946
6437,6114.715053763441
6438,6599.435483870968
6439,6692.553763440861
6440,6365.822580645161
6441,5720.908602150537
6442,4825.268817204302
6443,3897.97311827957
6444,2954.2365591397847
6445,2035.6505376344085
6446,1180.6774193548388
6447,457.1881720430108
6448,0.0
6449,16.822580645161224
6450,493.26881720430106
6451,1195.97311827957
6452,1950.010752688172
6453,2702.005376344086
6454,3417.1505376344085
6455,4083.2150537634407
6456,1624.7365591397843
6457,2012.8548387096769
6458,2649.0161290322576
6459,3547.827956989247
6460,5077.559139784946
6461,6114.715053763441
6462,6599.435483870968
6463,6692.553763440861
6464,6365.822580645161
6465,5720.908602150537
6466,4825.268817204302
6467,3897.97311827957
6468,2954.2365591397847
6469,2035.6505376344085
6470,1180.6774193548388
6471,457.1881720430108
6472,0.0
6473,16.822580645161224
6474,493.26881720430106
6475,1195.97311827957
6476,1950.010752688172
6477,2702.005376344086
6478,3417.1505376344085
6479,4083.2150537634407
6480,1624.7365591397843
6481,2012.8548387096769
6482,2649.0161290322576
6483,3547.827956989247
6484,5077.559139784946
6485,6114.715053763441
6486,6599.435483870968
6487,6692.553763440861
6488,6365.822580645161
6489,5720.908602150537
6490,4825.268817204302
6491,3897.97311827957
6492,2954.2365591397847
6493,2035.6505376344085
6494,1180.6774193548388
6495,457.1881720430108
6496,0.0
6497,16.822580645161224
6498,493.26881720430106
6499,1195.97311827957
6500,1950.010752688172
6501,2702.005376344086
6502,3417.1505376344085
6503,4083.2150537634407
6504,1624.7365591397843
6505,2012.8548387096769
6506,2649.0161290322576
6507,3547.827956989247
6508,5077.559139784946
6509,6114.715053763441
6510,6599.435483870968
6511,6692.553763440861
6512,6365.822580645161
6513,5720.908602150537
6514,4825.268817204302
6515,3897.97311827957
6516,2954.2365591397847
6517,2035.6505376344085
6518,1180.6774193548388
6519,457.1881720430108
6520,0.0
6521,16.822580645161224
6522,493.26881720430106
6523,1195.97311827957
6524,1950.010752688172
6525,2702.005376344086
6526,3417.1505376344085
6527,4083.2150537634407
6528,1624.7365591397843
6529,2012.8548387096769
6530,2649.0161290322576
6531,3547.827956989247
6532,5077.559139784946
6533,6114.715053763441
6534,6599.435483870968
6535,6692.553763440861
6536,6365.822580645161
6537,5720.908602150537
6538,4825.268817204302
6539,3897.97311827957
6540,2954.2365591397847
6541,2035.6505376344085
6542,1180.6774193548388
6543,457.1881720430108
6544,0.0
6545,16.822580645161224
6546,493.26881720430106
6547,1195.97311827957
6548,1950.010752688172
6549,2702.005376344086
6550,3417.1505376344085
6551,4083.2150537634407
6552,1624.7365591397843
6553,2012.8548387096769
6554,2649.0161290322576
6555,3547.827956989247
6556,5077.559139784946
6557,6114.715053763441
6558,6599.435483870968
6559,6692.553763440861
6560,6365.822580645161
6561,5720.908602150537
6562,4825.268817204302
6563,3897.97311827957
6564,2954.2365591397847
6565,2035.6505376344085
6566,1180.6774193548388
6567,457.1881720430108
6568,0.0
6569,16.822580645161224
6570,493.26881720430106
6571,1195.97311827957
6572,1950.010752688172
6573,2702.005376344086
6574,3417.1505376344085
6575,4083.2150537634407
6576,1624.7365591397843
6577,2012.8548387096769
6578,2649.0161290322576
6579,3547.827956989247
6580,5077.559139784946
6581,6114.715053763441
6582,6599.435483870968
6583,6692.553763440861
6584,6365.822580645161
6585,5720.908602150537
6586,4825.268817204302
6587,3897.97311827957
6588,2954.2365591397847
6589,2035.6505376344085
6590,1180.6774193548388
6591,457.1881720430108
6592,0.0
6593,16.822580645161224
6594,493.26881720430106
6595,1195.97311827957
6596,1950.010752688172
6597,2702.005376344086
6598,3417.1505376344085
6599,4083.2150537634407
6600,1624.7365591397843
6601,2012.8548387096769
6602,2649.0161290322576
6603,3547.827956989247
6604,5077.559139784946
6605,6114.715053763441
6606,6599.435483870968
6607,6692.553763440861
6608,6365.822580645161
6609,5720.908602150537
6610,4825.268817204302
6611,3897.97311827957
6612,2954.2365591397847
6613,2035.6505376344085
6614,1180.6774193548388
6615,457.1881720430108
6616,0.0
6617,16.822580645161224
6618,493.26881720430106
6619,1195.97311827957
6620,1950.010752688172
6621,2702.005376344086
6622,3417.1505376344085
6623,4083.2150537634407
6624,1624.7365591397843
6625,2012.8548387096769
6626,2649.0161290322576
6627,3547.827956989247
6628,5077.559139784946
6629,6114.715053763441
6630,6599.435483870968
6631,6692.553763440861
6632,6365.822580645161
6633,5720.908602150537
6634,4825.268817204302
6635,3897.97311827957
6636,2954.2365591397847
6637,2035.6505376344085
6638,1180.6774193548388
6639,457.1881720430108
6640,0.0
6641,16.822580645161224
6642,493.26881720430106
6643,1195.97311827957
6644,1950.010752688172
6645,2702.005376344086
6646,3417.1505376344085
6647,4083.2150537634407
6648,1624.7365591397843
6649,2012.8548387096769
6650,2649.0161290322576
6651,3547.827956989247
6652,5077.559139784946
6653,6114.715053763441
6654,6599.435483870968
6655,6692.553763440861
6656,6365.822580645161
6657,5720.908602150537
6658,4825.268817204302
6659,3897.97311827957
6660,2954.2365591397847
6661,2035.6505376344085
6662,1180.6774193548388
6663,457.1881720430108
6664,0.0
6665,16.822580645161224
6666,493.26881720430106
6667,1195.97311827957
6668,1950.010752688172
6669,2702.005376344086
6670,3417.1505376344085
6671,4083.2150537634407
6672,1624.7365591397843
6673,2012.8548387096769
6674,2649.0161290322576
6675,3547.827956989247
6676,5077.559139784946
6677,6114.715053763441
6678,6599.435483870968
6679,6692.553763440861
6680,6365.822580645161
6681,5720.908602150537
6682,4825.268817204302
6683,3897.97311827957
6684,2954.2365591397847
6685,2035.6505376344085
6686,1180.6774193548388
6687,457.1881720430108
6688,0.0
6689,16.822580645161224
6690,493.26881720430106
6691,1195.97311827957
6692,1950.010752688172
6693,2702.005376344086
6694,3417.1505376344085
6695,4083.2150537634407
6696,1624.7365591397843
6697,2012.8548387096769
6698,2649.0161290322576
6699,3547.827956989247
6700,5077.559139784946
6701,6114.715053763441
6702,6599.435483870968
6703,6692.553763440861
6704,6365.822580645161
6705,5720.908602150537
6706,4825.268817204302
6707,3897.97311827957
6708,2954.2365591397847
6709,2035.6505376344085
6710,1180.6774193548388
6711,457.1881720430108
6712,0.0
6713,16.822580645161224
6714,493.26881720430106
6715,1195.97311827957
6716,1950.010752688172
6717,2702.005376344086
6718,3417.1505376344085
6719,4083.2150537634407
6720,1624.7365591397843
6721,2012.8548387096769
6722,2649.0161290322576
6723,3547.827956989247
6724,5077.559139784946
6725,6114.715053763441
6726,6599.435483870968
6727,6692.553763440861
6728,6365.822580645161
6729,5720.908602150537
6730,4825.268817204302
6731,3897.97311827957
6732,2954.2365591397847
6733,2035.6505376344085
6734,1180.6774193548388
6735,457.1881720430108
6736,0.0
6737,16.822580645161224
6738,493.26881720430106
6739,1195.97311827957
6740,1950.010752688172
6741,2702.005376344086
6742,3417.1505376344085
6743,4083.2150537634407
6744,1624.7365591397843
6745,2012.8548387096769
6746,2649.0161290322576
6747,3547.827956989247
6748,5077.559139784946
6749,6114.715053763441
6750,6599.435483870968
6751,6692.553763440861
6752,6365.822580645161
6753,5720.908602150537
6754,4825.268817204302
6755,3897.97311827957
6756,2954.2365591397847
6757,2035.6505376344085
6758,1180.6774193548388
6759,457.1881720430108
6760,0.0
6761,16.822580645161224
6762,493.26881720430106
6763,1195.97311827957
6764,1950.010752688172
6765,2702.005376344086
6766,3417.1505376344085
6767,4083.2150537634407
6768,1624.7365591397843
6769,2012.8548387096769
6770,2649.0161290322576
6771,3547.827956989247
6772,5077.559139784946
6773,6114.715053763441
6774,6599.435483870968
6775,6692.553763440861
6776,6365.822580645161
6777,5720.908602150537
6778,4825.268817204302
6779,3897.97311827957
6780,2954.2365591397847
6781,2035.6505376344085
6782,1180.6774193548388
6783,457.1881720430108
6784,0.0
6785,16.822580645161224
6786,493.26881720430106
6787,1195.97311827957
6788,1950.010752688172
6789,2702.005376344086
6790,3417.1505376344085
6791,4083.2150537634407
6792,1624.7365591397843
6793,2012.8548387096769
6794,2649.0161290322576
6795,3547.827956989247
6796,5077.559139784946
6797,6114.715053763441
6798,6599.435483870968
6799,6692.553763440861
6800,6365.822580645161
6801,5720.908602150537
6802,4825.268817204302
6803,3897.97311827957
6804,2954.2365591397847
6805,2035.6505376344085
6806,1180.6774193548388
6807,457.1881720430108
6808,0.0
6809,16.822580645161224
6810,493.26881720430106
6811,1195.97311827957
6812,1950.010752688172
6813,2702.005376344086
6814,3417.1505376344085
6815,4083.2150537634407
6816,1624.7365591397843
6817,2012.8548387096769
6818,2649.0161290322576
6819,3547.827956989247
6820,5077.559139784946
6821,6114.715053763441
6822,6599.435483870968
6823,6692.553763440861
6824,6365.822580645161
6825,5720.908602150537
6826,4825.268817204302
6827,3897.97311827957
6828,2954.2365591397847
6829,2035.6505376344085
6830,1180.6774193548388
6831,457.1881720430108
6832,0.0
6833,16.822580645161224
6834,493.26881720430106
6835,1195.97311827957
6836,1950.010752688172
6837,2702.005376344086
6838,3417.1505376344085
6839,4083.2150537634407
6840,1624.7365591397843
6841,2012.8548387096769
6842,2649.0161290322576
6843,3547.827956989247
6844,5077.559139784946
6845,6114.715053763441
6846,6599.435483870968
6847,6692.553763440861
6848,6365.822580645161
6849,5720.908602150537
6850,4825.268817204302
6851,3897.97311827957
6852,2954.2365591397847
6853,2035.6505376344085
6854,1180.6774193548388
6855,457.1881720430108
6856,0.0
6857,16.822580645161224
6858,493.26881720430106
6859,1195.97311827957
6860,1950.010752688172
6861,2702.005376344086
6862,3417.1505376344085
6863,4083.2150537634407
6864,1624.7365591397843
6865,2012.8548387096769
6866,2649.0161290322576
6867,3547.827956989247
6868,5077.559139784946
6869,6114.715053763441
6870,6599.435483870968
6871,6692.553763440861
6872,6365.822580645161
6873,5720.908602150537
6874,4825.268817204302
6875,3897.97311827957
6876,2954.2365591397847
6877,2035.6505376344085
6878,1180.6774193548388
6879,457.1881720430108
6880,0.0
6881,16.822580645161224
6882,493.26881720430106
6883,1195.97311827957
6884,1950.010752688172
6885,2702.005376344086
6886,3417.1505376344085
6887,4083.2150537634407
6888,1624.7365591397843
6889,2012.8548387096769
6890,2649.0161290322576
6891,3547.827956989247
6892,5077.559139784946
6893,6114.715053763441
6894,6599.435483870968
6895,6692.553763440861
6896,6365.822580645161
6897,5720.908602150537
6898,4825.268817204302
6899,3897.97311827957
6900,2954.2365591397847
6901,2035.6505376344085
6902,1180.6774193548388
6903,457.1881720430108
6904,0.0
6905,16.822580645161224
6906,493.26881720430106
6907,1195.97311827957
6908,1950.010752688172
6909,2702.005376344086
6910,3417.1505376344085
6911,4083.2150537634407
6912,1624.7365591397843
6913,2012.8548387096769
6914,2649.0161290322576
6915,3547.827956989247
6916,5077.559139784946
6917,6114.715053763441
6918,6599.435483870968
6919,6692.553763440861
6920,6365.822580645161
6921,5720.908602150537
6922,4825.268817204302
6923,3897.97311827957
6924,2954.2365591397847
6925,2035.6505376344085
6926,1180.6774193548388
6927,457.1881720430108
6928,0.0
6929,16.822580645161224
6930,493.26881720430106
6931,1195.97311827957
6932,1950.010752688172
6933,2702.005376344086
6934,3417.1505376344085
6935,4083.2150537634407
6936,1624.7365591397843
6937,2012.8548387096769
6938,2649.0161290322576
6939,3547.827956989247
6940,5077.559139784946
6941,6114.715053763441
6942,6599.435483870968
6943,6692.553763440861
6944,6365.822580645161
6945,5720.908602150537
6946,4825.268817204302
6947,3897.97311827957
6948,2954.2365591397847
6949,2035.6505376344085
6950,1180.6774193548388
6951,457.1881720430108
6952,0.0
6953,16.822580645161224
6954,493.26881720430106
6955,1195.97311827957
6956,1950.010752688172
6957,2702.005376344086
6958,3417.1505376344085
6959,4083.2150537634407
6960,1624.7365591397843
6961,2012.8548387096769
6962,2649.0161290322576
6963,3547.827956989247
6964,5077.559139784946
6965,6114.715053763441
6966,6599.435483870968
6967,6692.553763440861
6968,6365.822580645161
6969,5720.908602150537
6970,4825.268817204302
6971,3897.97311827957
6972,2954.2365591397847
6973,2035.6505376344085
6974,1180.6774193548388
6975,457.1881720430108
6976,0.0
6977,16.822580645161224
6978,493.26881720430106
6979,1195.97311827957
6980,1950.010752688172
6981,2702.005376344086
6982,3417.1505376344085
6983,4083.2150537634407
6984,1624.7365591397843
6985,2012.8548387096769
6986,2649.0161290322576
6987,3547.827956989247
6988,5077.559139784946
6989,6114.715053763441
6990,6599.435483870968
6991,6692.553763440861
6992,6365.822580645161
6993,5720.908602150537
6994,4825.268817204302
6995,3897.97311827957
6996,2954.2365591397847
6997,2035.6505376344085
6998,1180.6774193548388
6999,457.1881720430108
7000,0.0
7001,16.822580645161224
7002,493.26881720430106
7003,1195.97311827957
7004,1950.010752688172
7005,2702.005376344086
7006,3417.1505376344085
7007,4083.2150537634407
7008,1624.7365591397843
7009,2012.8548387096769
7010,2649.0161290322576
7011,3547.827956989247
7012,5077.559139784946
7013,6114.715053763441
7014,6599.435483870968
7015,6692.553763440861
7016,6365.822580645161
7017,5720.908602150537
7018,4825.268817204302
7019,3897.97311827957
7020,2954.2365591397847
7021,2035.6505376344085
7022,1180.6774193548388
7023,457.1881720430108
7024,0.0
7025,16.822580645161224
7026,493.26881720430106
7027,1195.97311827957
7028,1950.010752688172
7029,2702.005376344086
7030,3417.1505376344085
7031,4083.2150537634407
7032,1624.7365591397843
7033,2012.8548387096769
7034,2649.0161290322576
7035,3547.827956989247
7036,5077.559139784946
7037,6114.715053763441
7038,6599.435483870968
7039,6692.553763440861
7040,6365.822580645161
7041,5720.908602150537
7042,4825.268817204302
7043,3897.97311827957
7044,2954.2365591397847
7045,2035.6505376344085
7046,1180.6774193548388
7047,457.1881720430108
7048,0.0
7049,16.822580645161224
7050,493.26881720430106
7051,1195.97311827957
7052,1950.010752688172
7053,2702.005376344086
7054,3417.1505376344085
7055,4083.2150537634407
7056,1624.7365591397843
7057,2012.8548387096769
7058,2649.0161290322576
7059,3547.827956989247
7060,5077.559139784946
7061,6114.715053763441
7062,6599.435483870968
7063,6692.553763440861
7064,6365.822580645161
7065,5720.908602150537
7066,4825.268817204302
7067,3897.97311827957
7068,2954.2365591397847
7069,2035.6505376344085
7070,1180.6774193548388
7071,457.1881720430108
7072,0.0
7073,16.822580645161224
7074,493.26881720430106
7075,1195.97311827957
7076,1950.010752688172
7077,2702.005376344086
7078,3417.1505376344085
7079,4083.2150537634407
7080,1624.7365591397843
7081,2012.8548387096769
7082,2649.0161290322576
7083,3547.827956989247
7084,5077.559139784946
7085,6114.715053763441
7086,6599.435483870968
7087,6692.553763440861
7088,6365.822580645161
7089,5720.908602150537
7090,4825.268817204302
7091,3897.97311827957
7092,2954.2365591397847
7093,2035.6505376344085
7094,1180.6774193548388
7095,457.1881720430108
7096,0.0
7097,16.822580645161224
7098,493.26881720430106
7099,1195.97311827957
7100,1950.010752688172
7101,2702.005376344086
7102,3417.1505376344085
7103,4083.2150537634407
7104,1624.7365591397843
7105,2012.8548387096769
7106,2649.0161290322576
7107,3547.827956989247
7108,5077.559139784946
7109,6114.715053763441
7110,6599.435483870968
7111,6692.553763440861
7112,6365.822580645161
7113,5720.908602150537
7114,4825.268817204302
7115,3897.97311827957
7116,2954.2365591397847
7117,2035.6505376344085
7118,1180.6774193548388
7119,457.1881720430108
7120,0.0
7121,16.822580645161224
7122,493.26881720430106
7123,1195.97311827957
7124,1950.010752688172
7125,2702.005376344086
7126,3417.1505376344085
7127,4083.2150537634407
7128,1624.7365591397843
7129,2012.8548387096769
7130,2649.0161290322576
7131,3547.827956989247
7132,5077.559139784946
7133,6114.715053763441
7134,6599.435483870968
7135,6692.553763440861
7136,6365.822580645161
7137,5720.908602150537
7138,4825.268817204302
7139,3897.97311827957
7140,2954.2365591397847
7141,2035.6505376344085
7142,1180.6774193548388
7143,457.1881720430108
7144,0.0
7145,16.822580645161224
7146,493.26881720430106
7147,1195.97311827957
7148,1950.010752688172
7149,2702.005376344086
7150,3417.1505376344085
7151,4083.2150537634407
7152,1624.7365591397843
7153,2012.8548387096769
7154,2649.0161290322576
7155,3547.827956989247
7156,5077.559139784946
7157,6114.715053763441
7158,6599.435483870968
7159,6692.553763440861
7160,6365.822580645161
7161,5720.908602150537
7162,4825.268817204302
7163,3897.97311827957
7164,2954.2365591397847
7165,2035.6505376344085
7166,1180.6774193548388
7167,457.1881720430108
7168,0.0
7169,16.822580645161224
7170,493.26881720430106
7171,1195.97311827957
7172,1950.010752688172
7173,2702.005376344086
7174,3417.1505376344085
7175,4083.2150537634407
7176,1624.7365591397843
7177,2012.8548387096769
7178,2649.0161290322576
7179,3547.827956989247
7180,5077.559139784946
7181,6114.715053763441
7182,6599.435483870968
7183,6692.553763440861
7184,6365.822580645161
7185,5720.908602150537
7186,4825.268817204302
7187,3897.97311827957
7188,2954.2365591397847
7189,2035.6505376344085
7190,1180.6774193548388
7191,457.1881720430108
7192,0.0
7193,16.822580645161224
7194,493.26881720430106
7195,1195.97311827957
7196,1950.010752688172
7197,2702.005376344086
7198,3417.1505376344085
7199,4083.2150537634407
7200,1624.7365591397843
7201,2012.8548387096769
7202,2649.0161290322576
7203,3547.827956989247
7204,5077.559139784946
7205,6114.715053763441
7206,6599.435483870968
7207,6692.553763440861
7208,6365.822580645161
7209,5720.908602150537
7210,4825.268817204302
7211,3897.97311827957
7212,2954.2365591397847
7213,2035.6505376344085
7214,1180.6774193548388
7215,457.1881720430108
7216,0.0
7217,16.822580645161224
7218,493.26881720430106
7219,1195.97311827957
7220,1950.010752688172
7221,2702.005376344086
7222,3417.1505376344085
7223,4083.2150537634407
7224,1624.7365591397843
7225,2012.8548387096769
7226,2649.0161290322576
7227,3547.827956989247
7228,5077.559139784946
7229,6114.715053763441
7230,6599.435483870968
7231,6692.553763440861
7232,6365.822580645161
7233,5720.908602150537
7234,4825.268817204302
7235,3897.97311827957
7236,2954.2365591397847
7237,2035.6505376344085
7238,1180.6774193548388
7239,457.1881720430108
7240,0.0
7241,16.822580645161224
7242,493.26881720430106
7243,1195.97311827957
7244,1950.010752688172
7245,2702.005376344086
7246,3417.1505376344085
7247,4083.2150537634407
7248,1624.7365591397843
7249,2012.8548387096769
7250,2649.0161290322576
7251,3547.827956989247
7252,5077.559139784946
7253,6114.715053763441
7254,6599.435483870968
7255,6692.553763440861
7256,6365.822580645161
7257,5720.908602150537
7258,4825.268817204302
7259,3897.97311827957
7260,2954.2365591397847
7261,2035.6505376344085
7262,1180.6774193548388
7263,457.1881720430108
7264,0.0
7265,16.822580645161224
7266,493.26881720430106
7267,1195.97311827957
7268,1950.010752688172
7269,2702.005376344086
7270,3417.1505376344085
7271,4083.2150537634407
7272,1624.7365591397843
7273,2012.8548387096769
7274,2649.0161290322576
7275,3547.827956989247
7276,5077.559139784946
7277,6114.715053763441
7278,6599.435483870968
7279,6692.553763440861
7280,6365.822580645161
7281,5720.908602150537
7282,4825.268817204302
7283,3897.97311827957
7284,2954.2365591397847
7285,2035.6505376344085
7286,1180.6774193548388
7287,457.1881720430108
7288,0.0
7289,16.822580645161224
7290,493.26881720430106
7291,1195.97311827957
7292,1950.010752688172
7293,2702.005376344086
7294,3417.1505376344085
7295,4083.2150537634407
7296,1624.7365591397843
7297,2012.8548387096769
7298,2649.0161290322576
7299,3547.827956989247
7300,5077.559139784946
7301,6114.715053763441
7302,6599.435483870968
7303,6692.553763440861
7304,6365.822580645161
7305,5720.908602150537
7306,4825.268817204302
7307,3897.97311827957
7308,2954.2365591397847
7309,2035.6505376344085
7310,1180.6774193548388
7311,457.1881720430108
7312,0.0
7313,16.822580645161224
7314,493.26881720430106
7315,1195.97311827957
7316,1950.010752688172
7317,2702.005376344086
7318,3417.1505376344085
7319,4083.2150537634407
7320,1624.7365591397843
7321,2012.8548387096769
7322,2649.0161290322576
7323,3547.827956989247
7324,5077.559139784946
7325,6114.715053763441
7326,6599.435483870968
7327,6692.553763440861
7328,6365.822580645161
7329,5720.908602150537
7330,4825.268817204302
7331,3897.97311827957
7332,2954.2365591397847
7333,2035.6505376344085
7334,1180.6774193548388
7335,457.1881720430108
7336,0.0
7337,16.822580645161224
7338,493.26881720430106
7339,1195.97311827957
7340,1950.010752688172
7341,2702.005376344086
7342,3417.1505376344085
7343,4083.2150537634407
7344,1624.7365591397843
7345,2012.8548387096769
7346,2649.0161290322576
7347,3547.827956989247
7348,5077.559139784946
7349,6114.715053763441
7350,6599.435483870968
7351,6692.553763440861
7352,6365.822580645161
7353,5720.908602150537
7354,4825.268817204302
7355,3897.97311827957
7356,2954.2365591397847
7357,2035.6505376344085
7358,1180.6774193548388
7359,457.1881720430108
7360,0.0
7361,16.822580645161224
7362,493.26881720430106
7363,1195.97311827957
7364,1950.010752688172
7365,2702.005376344086
7366,3417.1505376344085
7367,4083.2150537634407
7368,1624.7365591397843
7369,2012.8548387096769
7370,2649.0161290322576
7371,3547.827956989247
7372,5077.559139784946
7373,6114.715053763441
7374,6599.435483870968
7375,6692.553763440861
7376,6365.822580645161
7377,5720.908602150537
7378,4825.268817204302
7379,3897.97311827957
7380,2954.2365591397847
7381,2035.6505376344085
7382,1180.6774193548388
7383,457.1881720430108
7384,0.0
7385,16.822580645161224
7386,493.26881720430106
7387,1195.97311827957
7388,1950.010752688172
7389,2702.005376344086
7390,3417.1505376344085
7391,4083.2150537634407
7392,1624.7365591397843
7393,2012.8548387096769
7394,2649.0161290322576
7395,3547.827956989247
7396,5077.559139784946
7397,6114.715053763441
7398,6599.435483870968
7399,6692.553763440861
7400,6365.822580645161
7401,5720.908602150537
7402,4825.268817204302
7403,3897.97311827957
7404,2954.2365591397847
7405,2035.6505376344085
7406,1180.6774193548388
7407,457.1881720430108
7408,0.0
7409,16.822580645161224
7410,493.26881720430106
7411,1195.97311827957
7412,1950.010752688172
7413,2702.005376344086
7414,3417.1505376344085
7415,4083.2150537634407
7416,1624.7365591397843
7417,2012.8548387096769
7418,2649.0161290322576
7419,3547.827956989247
7420,5077.559139784946
7421,6114.715053763441
7422,6599.435483870968
7423,6692.553763440861
7424,6365.822580645161
7425,5720.908602150537
7426,4825.268817204302
7427,3897.97311827957
7428,2954.2365591397847
7429,2035.6505376344085
7430,1180.6774193548388
7431,457.1881720430108
7432,0.0
7433,16.822580645161224
7434,493.26881720430106
7435,1195.97311827957
7436,1950.010752688172
7437,2702.005376344086
7438,3417.1505376344085
7439,4083.2150537634407
7440,1624.7365591397843
7441,2012.8548387096769
7442,2649.0161290322576
7443,3547.827956989247
7444,5077.559139784946
7445,6114.715053763441
7446,6599.435483870968
7447,6692.553763440861
7448,6365.822580645161
7449,5720.908602150537
7450,4825.268817204302
7451,3897.97311827957
7452,2954.2365591397847
7453,2035.6505376344085
7454,1180.6774193548388
7455,457.1881720430108
7456,0.0
7457,16.822580645161224
7458,493.26881720430106
7459,1195.97311827957
7460,1950.010752688172
7461,2702.005376344086
7462,3417.1505376344085
7463,4083.2150537634407
7464,1624.7365591397843
7465,2012.8548387096769
7466,2649.0161290322576
7467,3547.827956989247
7468,5077.559139784946
7469,6114.715053763441
7470,6599.435483870968
7471,6692.553763440861
7472,6365.822580645161
7473,5720.908602150537
7474,4825.268817204302
7475,3897.97311827957
7476,2954.2365591397847
7477,2035.6505376344085
7478,1180.6774193548388
7479,457.1881720430108
7480,0.0
7481,16.822580645161224
7482,493.26881720430106
7483,1195.97311827957
7484,1950.010752688172
7485,2702.005376344086
7486,3417.1505376344085
7487,4083.2150537634407
7488,1624.7365591397843
7489,2012.8548387096769
7490,2649.0161290322576
7491,3547.827956989247
7492,5077.559139784946
7493,6114.715053763441
7494,6599.435483870968
7495,6692.553763440861
7496,6365.822580645161
7497,5720.908602150537
7498,4825.268817204302
7499,3897.97311827957
7500,2954.2365591397847
7501,2035.6505376344085
7502,1180.6774193548388
7503,457.1881720430108
7504,0.0
7505,16.822580645161224
7506,493.26881720430106
7507,1195.97311827957
7508,1950.010752688172
7509,2702.005376344086
7510,3417.1505376344085
7511,4083.2150537634407
7512,1624.7365591397843
7513,2012.8548387096769
7514,2649.0161290322576
7515,3547.827956989247
7516,5077.559139784946
7517,6114.715053763441
7518,6599.435483870968
7519,6692.553763440861
7520,6365.822580645161
7521,5720.908602150537
7522,4825.268817204302
7523,3897.97311827957
7524,2954.2365591397847
7525,2035.6505376344085
7526,1180.6774193548388
7527,457.1881720430108
7528,0.0
7529,16.822580645161224
7530,493.26881720430106
7531,1195.97311827957
7532,1950.010752688172
7533,2702.005376344086
7534,3417.1505376344085
7535,4083.2150537634407
7536,1624.7365591397843
7537,2012.8548387096769
7538,2649.0161290322576
7539,3547.827956989247
7540,5077.559139784946
7541,6114.715053763441
7542,6599.435483870968
7543,6692.553763440861
7544,6365.822580645161
7545,5720.908602150537
7546,4825.268817204302
7547,3897.97311827957
7548,2954.2365591397847
7549,2035.6505376344085
7550,1180.6774193548388
7551,457.1881720430108
7552,0.0
7553,16.822580645161224
7554,493.26881720430106
7555,1195.97311827957
7556,1950.010752688172
7557,2702.005376344086
7558,3417.1505376344085
7559,4083.2150537634407
7560,1624.7365591397843
7561,2012.8548387096769
7562,2649.0161290322576
7563,3547.827956989247
7564,5077.559139784946
7565,6114.715053763441
7566,6599.435483870968
7567,6692.553763440861
7568,6365.822580645161
7569,5720.908602150537
7570,4825.268817204302
7571,3897.97311827957
7572,2954.2365591397847
7573,2035.6505376344085
7574,1180.6774193548388
7575,457.1881720430108
7576,0.0
7577,16.822580645161224
7578,493.26881720430106
7579,1195.97311827957
7580,1950.010752688172
7581,2702.005376344086
7582,3417.1505376344085
7583,4083.2150537634407
7584,1624.7365591397843
7585,2012.8548387096769
7586,2649.0161290322576
7587,3547.827956989247
7588,5077.559139784946
7589,6114.715053763441
7590,6599.435483870968
7591,6692.553763440861
7592,6365.822580645161
7593,5720.908602150537
7594,4825.268817204302
7595,3897.97311827957
7596,2954.2365591397847
7597,2035.6505376344085
7598,1180.6774193548388
7599,457.1881720430108
7600,0.0
7601,16.822580645161224
7602,493.26881720430106
7603,1195.97311827957
7604,1950.010752688172
7605,2702.005376344086
7606,3417.1505376344085
7607,4083.2150537634407
7608,1624.7365591397843
7609,2012.8548387096769
7610,2649.0161290322576
7611,3547.827956989247
7612,5077.559139784946
7613,6114.715053763441
7614,6599.435483870968
7615,6692.553763440861
7616,6365.822580645161
7617,5720.908602150537
7618,4825.268817204302
7619,3897.97311827957
7620,2954.2365591397847
7621,2035.6505376344085
7622,1180.6774193548388
7623,457.1881720430108
7624,0.0
7625,16.822580645161224
7626,493.26881720430106
7627,1195.97311827957
7628,1950.010752688172
7629,2702.005376344086
7630,3417.1505376344085
7631,4083.2150537634407
7632,1624.7365591397843
7633,2012.8548387096769
7634,2649.0161290322576
7635,3547.827956989247
7636,5077.559139784946
7637,6114.715053763441
7638,6599.435483870968
7639,6692.553763440861
7640,6365.822580645161
7641,5720.908602150537
7642,4825.268817204302
7643,3897.97311827957
7644,2954.2365591397847
7645,2035.6505376344085
7646,1180.6774193548388
7647,457.1881720430108
7648,0.0
7649,16.822580645161224
7650,493.26881720430106
7651,1195.97311827957
7652,1950.010752688172
7653,2702.005376344086
7654,3417.1505376344085
7655,4083.2150537634407
7656,1624.7365591397843
7657,2012.8548387096769
7658,2649.0161290322576
7659,3547.827956989247
7660,5077.559139784946
7661,6114.715053763441
7662,6599.435483870968
7663,6692.553763440861
7664,6365.822580645161
7665,5720.908602150537
7666,4825.268817204302
7667,3897.97311827957
7668,2954.2365591397847
7669,2035.6505376344085
7670,1180.6774193548388
7671,457.1881720430108
7672,0.0
7673,16.822580645161224
7674,493.26881720430106
7675,1195.97311827957
7676,1950.010752688172
7677,2702.005376344086
7678,3417.1505376344085
7679,4083.2150537634407
7680,1624.7365591397843
7681,2012.8548387096769
7682,2649.0161290322576
7683,3547.827956989247
7684,5077.559139784946
7685,6114.715053763441
7686,6599.435483870968
7687,6692.553763440861
7688,6365.822580645161
7689,5720.908602150537
7690,4825.268817204302
7691,3897.97311827957
7692,2954.2365591397847
7693,2035.6505376344085
7694,1180.6774193548388
7695,457.1881720430108
7696,0.0
7697,16.822580645161224
7698,493.26881720430106
7699,1195.97311827957
7700,1950.010752688172
7701,2702.005376344086
7702,3417.1505376344085
7703,4083.2150537634407
7704,1624.7365591397843
7705,2012.8548387096769
7706,2649.0161290322576
7707,3547.827956989247
7708,5077.559139784946
7709,6114.715053763441
7710,6599.435483870968
7711,6692.553763440861
7712,6365.822580645161
7713,5720.908602150537
7714,4825.268817204302
7715,3897.97311827957
7716,2954.2365591397847
7717,2035.6505376344085
7718,1180.6774193548388
7719,457.1881720430108
7720,0.0
7721,16.822580645161224
7722,493.26881720430106
7723,1195.97311827957
7724,1950.010752688172
7725,2702.005376344086
7726,3417.1505376344085
7727,4083.2150537634407
7728,1624.7365591397843
7729,2012.8548387096769
7730,2649.0161290322576
7731,3547.827956989247
7732,5077.559139784946
7733,6114.715053763441
7734,6599.435483870968
7735,6692.553763440861
7736,6365.822580645161
7737,5720.908602150537
7738,4825.268817204302
7739,3897.97311827957
7740,2954.2365591397847
7741,2035.6505376344085
7742,1180.6774193548388
7743,457.1881720430108
7744,0.0
7745,16.822580645161224
7746,493.26881720430106
7747,1195.97311827957
7748,1950.010752688172
7749,2702.005376344086
7750,3417.1505376344085
7751,4083.2150537634407
7752,1624.7365591397843
7753,2012.8548387096769
7754,2649.0161290322576
7755,3547.827956989247
7756,5077.559139784946
7757,6114.715053763441
7758,6599.435483870968
7759,6692.553763440861
7760,6365.822580645161
7761,5720.908602150537
7762,4825.268817204302
7763,3897.97311827957
7764,2954.2365591397847
7765,2035.6505376344085
7766,1180.6774193548388
7767,457.1881720430108
7768,0.0
7769,16.822580645161224
7770,493.26881720430106
7771,1195.97311827957
7772,1950.010752688172
7773,2702.005376344086
7774,3417.1505376344085
7775,4083.2150537634407
7776,1624.7365591397843
7777,2012.8548387096769
7778,2649.0161290322576
7779,3547.827956989247
7780,5077.559139784946
7781,6114.715053763441
7782,6599.435483870968
7783,6692.553763440861
7784,6365.822580645161
7785,5720.908602150537
7786,4825.268817204302
7787,3897.97311827957
7788,2954.2365591397847
7789,2035.6505376344085
7790,1180.6774193548388
7791,457.1881720430108
7792,0.0
7793,16.822580645161224
7794,493.26881720430106
7795,1195.97311827957
7796,1950.010752688172
7797,2702.005376344086
7798,3417.1505376344085
7799,4083.2150537634407
7800,1624.7365591397843
7801,2012.8548387096769
7802,2649.0161290322576
7803,3547.827956989247
7804,5077.559139784946
7805,6114.715053763441
7806,6599.435483870968
7807,6692.553763440861
7808,6365.822580645161
7809,5720.908602150537
7810,4825.268817204302
7811,3897.97311827957
7812,2954.2365591397847
7813,2035.6505376344085
7814,1180.6774193548388
7815,457.1881720430108
7816,0.0
7817,16.822580645161224
7818,493.26881720430106
7819,1195.97311827957
7820,1950.010752688172
7821,2702.005376344086
7822,3417.1505376344085
7823,4083.2150537634407
7824,1624.7365591397843
7825,2012.8548387096769
7826,2649.0161290322576
7827,3547.827956989247
7828,5077.559139784946
7829,6114.715053763441
7830,6599.435483870968
7831,6692.553763440861
7832,6365.822580645161
7833,5720.908602150537
7834,4825.268817204302
7835,3897.97311827957
7836,2954.2365591397847
7837,2035.6505376344085
7838,1180.6774193548388
7839,457.1881720430108
7840,0.0
7841,16.822580645161224
7842,493.26881720430106
7843,1195.97311827957
7844,1950.010752688172
7845,2702.005376344086
7846,3417.1505376344085
7847,4083.2150537634407
7848,1624.7365591397843
7849,2012.8548387096769
7850,2649.0161290322576
7851,3547.827956989247
7852,5077.559139784946
7853,6114.715053763441
7854,6599.435483870968
7855,6692.553763440861
7856,6365.822580645161
7857,5720.908602150537
7858,4825.268817204302
7859,3897.97311827957
7860,2954.2365591397847
7861,2035.6505376344085
7862,1180.6774193548388
7863,457.1881720430108
7864,0.0
7865,16.822580645161224
7866,493.26881720430106
7867,1195.97311827957
7868,1950.010752688172
7869,2702.005376344086
7870,3417.1505376344085
7871,4083.2150537634407
7872,1624.7365591397843
7873,2012.8548387096769
7874,2649.0161290322576
7875,3547.827956989247
7876,5077.559139784946
7877,6114.715053763441
7878,6599.435483870968
7879,6692.553763440861
7880,6365.822580645161
7881,5720.908602150537
7882,4825.268817204302
7883,3897.97311827957
7884,2954.2365591397847
7885,2035.6505376344085
7886,1180.6774193548388
7887,457.1881720430108
7888,0.0
7889,16.822580645161224
7890,493.26881720430106
7891,1195.97311827957
7892,1950.010752688172
7893,2702.005376344086
7894,3417.1505376344085
7895,4083.2150537634407
7896,1624.7365591397843
7897,2012.8548387096769
7898,2649.0161290322576
7899,3547.827956989247
7900,5077.559139784946
7901,6114.715053763441
7902,6599.435483870968
7903,6692.553763440861
7904,6365.822580645161
7905,5720.908602150537
7906,4825.268817204302
7907,3897.97311827957
7908,2954.2365591397847
7909,2035.6505376344085
7910,1180.6774193548388
7911,457.1881720430108
7912,0.0
7913,16.822580645161224
7914,493.26881720430106
7915,1195.97311827957
7916,1950.010752688172
7917,2702.005376344086
7918,3417.1505376344085
7919,4083.2150537634407
7920,1624.7365591397843
7921,2012.8548387096769
7922,2649.0161290322576
7923,3547.827956989247
7924,5077.559139784946
7925,6114.715053763441
7926,6599.435483870968
7927,6692.553763440861
7928,6365.822580645161
7929,5720.908602150537
7930,4825.268817204302
7931,3897.97311827957
7932,2954.2365591397847
7933,2035.6505376344085
7934,1180.6774193548388
7935,457.1881720430108
7936,0.0
7937,16.822580645161224
7938,493.26881720430106
7939,1195.97311827957
7940,1950.010752688172
7941,2702.005376344086
7942,3417.1505376344085
7943,4083.2150537634407
7944,1624.7365591397843
7945,2012.8548387096769
7946,2649.0161290322576
7947,3547.827956989247
7948,5077.559139784946
7949,6114.715053763441
7950,6599.435483870968
7951,6692.553763440861
7952,6365.822580645161
7953,5720.908602150537
7954,4825.268817204302
7955,3897.97311827957
7956,2954.2365591397847
7957,2035.6505376344085
7958,1180.6774193548388
7959,457.1881720430108
7960,0.0
7961,16.822580645161224
7962,493.26881720430106
7963,1195.97311827957
7964,1950.010752688172
7965,2702.005376344086
7966,3417.1505376344085
7967,4083.2150537634407
7968,1624.7365591397843
7969,2012.8548387096769
7970,2649.0161290322576
7971,3547.827956989247
7972,5077.559139784946
7973,6114.715053763441
7974,6599.435483870968
7975,6692.553763440861
7976,6365.822580645161
7977,5720.908602150537
7978,4825.268817204302
7979,3897.97311827957
7980,2954.2365591397847
7981,2035.6505376344085
7982,1180.6774193548388
7983,457.1881720430108
7984,0.0
7985,16.822580645161224
7986,493.26881720430106
7987,1195.97311827957
7988,1950.010752688172
7989,2702.005376344086
7990,3417.1505376344085
7991,4083.2150537634407
7992,1624.7365591397843
7993,2012.8548387096769
7994,2649.0161290322576
7995,3547.827956989247
7996,5077.559139784946
7997,6114.715053763441
7998,6599.435483870968
7999,6692.553763440861
8000,6365.822580645161
8001,5720.908602150537
8002,4825.268817204302
8003,3897.97311827957
8004,2954.2365591397847
8005,2035.6505376344085
8006,1180.6774193548388
8007,457.1881720430108
8008,0.0
8009,16.822580645161224
8010,493.26881720430106
8011,1195.97311827957
8012,1950.010752688172
8013,2702.005376344086
8014,3417.1505376344085
8015,4083.2150537634407
8016,1624.7365591397843
8017,2012.8548387096769
8018,2649.0161290322576
8019,3547.827956989247
8020,5077.559139784946
8021,6114.715053763441
8022,6599.435483870968
8023,6692.553763440861
8024,6365.822580645161
8025,5720.908602150537
8026,4825.268817204302
8027,3897.97311827957
8028,2954.2365591397847
8029,2035.6505376344085
8030,1180.6774193548388
8031,457.1881720430108
8032,0.0
8033,16.822580645161224
8034,493.26881720430106
8035,1195.97311827957
8036,1950.010752688172
8037,2702.005376344086
8038,3417.1505376344085
8039,4083.2150537634407
8040,1624.7365591397843
8041,2012.8548387096769
8042,2649.0161290322576
8043,3547.827956989247
8044,5077.559139784946
8045,6114.715053763441
8046,6599.435483870968
8047,6692.553763440861
8048,6365.822580645161
8049,5720.908602150537
8050,4825.268817204302
8051,3897.97311827957
8052,2954.2365591397847
8053,2035.6505376344085
8054,1180.6774193548388
8055,457.1881720430108
8056,0.0
8057,16.822580645161224
8058,493.26881720430106
8059,1195.97311827957
8060,1950.010752688172
8061,2702.005376344086
8062,3417.1505376344085
8063,4083.2150537634407
8064,1624.7365591397843
8065,2012.8548387096769
8066,2649.0161290322576
8067,3547.827956989247
8068,5077.559139784946
8069,6114.715053763441
8070,6599.435483870968
8071,6692.553763440861
8072,6365.822580645161
8073,5720.908602150537
8074,4825.268817204302
8075,3897.97311827957
8076,2954.2365591397847
8077,2035.6505376344085
8078,1180.6774193548388
8079,457.1881720430108
8080,0.0
8081,16.822580645161224
8082,493.26881720430106
8083,1195.97311827957
8084,1950.010752688172
8085,2702.005376344086
8086,3417.1505376344085
8087,4083.2150537634407
8088,1624.7365591397843
8089,2012.8548387096769
8090,2649.0161290322576
8091,3547.827956989247
8092,5077.559139784946
8093,6114.715053763441
8094,6599.435483870968
8095,6692.553763440861
8096,6365.822580645161
8097,5720.908602150537
8098,4825.268817204302
8099,3897.97311827957
8100,2954.2365591397847
8101,2035.6505376344085
8102,1180.6774193548388
8103,457.1881720430108
8104,0.0
8105,16.822580645161224
8106,493.26881720430106
8107,1195.97311827957
8108,1950.010752688172
8109,2702.005376344086
8110,3417.1505376344085
8111,4083.2150537634407
8112,1624.7365591397843
8113,2012.8548387096769
8114,2649.0161290322576
8115,3547.827956989247
8116,5077.559139784946
8117,6114.715053763441
8118,6599.435483870968
8119,6692.553763440861
8120,6365.822580645161
8121,5720.908602150537
8122,4825.268817204302
8123,3897.97311827957
8124,2954.2365591397847
8125,2035.6505376344085
8126,1180.6774193548388
8127,457.1881720430108
8128,0.0
8129,16.822580645161224
8130,493.26881720430106
8131,1195.97311827957
8132,1950.010752688172
8133,2702.005376344086
8134,3417.1505376344085
8135,4083.2150537634407
8136,1624.7365591397843
8137,2012.8548387096769
8138,2649.0161290322576
8139,3547.827956989247
8140,5077.559139784946
8141,6114.715053763441
8142,6599.435483870968
8143,6692.553763440861
8144,6365.822580645161
8145,5720.908602150537
8146,4825.268817204302
8147,3897.97311827957
8148,2954.2365591397847
8149,2035.6505376344085
8150,1180.6774193548388
8151,457.1881720430108
8152,0.0
8153,16.822580645161224
8154,493.26881720430106
8155,1195.97311827957
8156,1950.010752688172
8157,2702.005376344086
8158,3417.1505376344085
8159,4083.2150537634407
8160,1624.7365591397843
8161,2012.8548387096769
8162,2649.0161290322576
8163,3547.827956989247
8164,5077.559139784946
8165,6114.715053763441
8166,6599.435483870968
8167,6692.553763440861
8168,6365.822580645161
8169,5720.908602150537
8170,4825.268817204302
8171,3897.97311827957
8172,2954.2365591397847
8173,2035.6505376344085
8174,1180.6774193548388
8175,457.1881720430108
8176,0.0
8177,16.822580645161224
8178,493.26881720430106
8179,1195.97311827957
8180,1950.010752688172
8181,2702.005376344086
8182,3417.1505376344085
8183,4083.2150537634407
8184,1624.7365591397843
8185,2012.8548387096769
8186,2649.0161290322576
8187,3547.827956989247
8188,5077.559139784946
8189,6114.715053763441
8190,6599.435483870968
8191,6692.553763440861
8192,6365.822580645161
8193,5720.908602150537
8194,4825.268817204302
8195,3897.97311827957
8196,2954.2365591397847
8197,2035.6505376344085
8198,1180.6774193548388
8199,457.1881720430108
8200,0.0
8201,16.822580645161224
8202,493.26881720430106
8203,1195.97311827957
8204,1950.010752688172
8205,2702.005376344086
8206,3417.1505376344085
8207,4083.2150537634407
8208,1624.7365591397843
8209,2012.8548387096769
8210,2649.0161290322576
8211,3547.827956989247
8212,5077.559139784946
8213,6114.715053763441
8214,6599.435483870968
8215,6692.553763440861
8216,6365.822580645161
8217,5720.908602150537
8218,4825.268817204302
8219,3897.97311827957
8220,2954.2365591397847
8221,2035.6505376344085
8222,1180.6774193548388
8223,457.1881720430108
8224,0.0
8225,16.822580645161224
8226,493.26881720430106
8227,1195.97311827957
8228,1950.010752688172
8229,2702.005376344086
8230,3417.1505376344085
8231,4083.2150537634407
8232,1624.7365591397843
8233,2012.8548387096769
8234,2649.0161290322576
8235,3547.827956989247
8236,5077.559139784946
8237,6114.715053763441
8238,6599.435483870968
8239,6692.553763440861
8240,6365.822580645161
8241,5720.908602150537
8242,4825.268817204302
8243,3897.97311827957
8244,2954.2365591397847
8245,2035.6505376344085
8246,1180.6774193548388
8247,457.1881720430108
8248,0.0
8249,16.822580645161224
8250,493.26881720430106
8251,1195.97311827957
8252,1950.010752688172
8253,2702.005376344086
8254,3417.1505376344085
8255,4083.2150537634407
8256,1624.7365591397843
8257,2012.8548387096769
8258,2649.0161290322576
8259,3547.827956989247
8260,5077.559139784946
8261,6114.715053763441
8262,6599.435483870968
8263,6692.553763440861
8264,6365.822580645161
8265,5720.908602150537
8266,4825.268817204302
8267,3897.97311827957
8268,2954.2365591397847
8269,2035.6505376344085
8270,1180.6774193548388
8271,457.1881720430108
8272,0.0
8273,16.822580645161224
8274,493.26881720430106
8275,1195.97311827957
8276,1950.010752688172
8277,2702.005376344086
8278,3417.1505376344085
8279,4083.2150537634407
8280,1624.7365591397843
8281,2012.8548387096769
8282,2649.0161290322576
8283,3547.827956989247
8284,5077.559139784946
8285,6114.715053763441
8286,6599.435483870968
8287,6692.553763440861
8288,6365.822580645161
8289,5720.908602150537
8290,4825.268817204302
8291,3897.97311827957
8292,2954.2365591397847
8293,2035.6505376344085
8294,1180.6774193548388
8295,457.1881720430108
8296,0.0
8297,16.822580645161224
8298,493.26881720430106
8299,1195.97311827957
8300,1950.010752688172
8301,2702.005376344086
8302,3417.1505376344085
8303,4083.2150537634407
8304,1624.7365591397843
8305,2012.8548387096769
8306,2649.0161290322576
8307,3547.827956989247
8308,5077.559139784946
8309,6114.715053763441
8310,6599.435483870968
8311,6692.553763440861
8312,6365.822580645161
8313,5720.908602150537
8314,4825.268817204302
8315,3897.97311827957
8316,2954.2365591397847
8317,2035.6505376344085
8318,1180.6774193548388
8319,457.1881720430108
8320,0.0
8321,16.822580645161224
8322,493.26881720430106
8323,1195.97311827957
8324,1950.010752688172
8325,2702.005376344086
8326,3417.1505376344085
8327,4083.2150537634407
8328,1624.7365591397843
8329,2012.8548387096769
8330,2649.0161290322576
8331,3547.827956989247
8332,5077.559139784946
8333,6114.715053763441
8334,6599.435483870968
8335,6692.553763440861
8336,6365.822580645161
8337,5720.908602150537
8338,4825.268817204302
8339,3897.97311827957
8340,2954.2365591397847
8341,2035.6505376344085
8342,1180.6774193548388
8343,457.1881720430108
8344,0.0
8345,16.822580645161224
8346,493.26881720430106
8347,1195.97311827957
8348,1950.010752688172
8349,2702.005376344086
8350,3417.1505376344085
8351,4083.2150537634407
8352,1624.7365591397843
8353,2012.8548387096769
8354,2649.0161290322576
8355,3547.827956989247
8356,5077.559139784946
8357,6114.715053763441
8358,6599.435483870968
8359,6692.553763440861
8360,6365.822580645161
8361,5720.908602150537
8362,4825.268817204302
8363,3897.97311827957
8364,2954.2365591397847
8365,2035.6505376344085
8366,1180.6774193548388
8367,457.1881720430108
8368,0.0
8369,16.822580645161224
8370,493.26881720430106
8371,1195.97311827957
8372,1950.010752688172
8373,2702.005376344086
8374,3417.1505376344085
8375,4083.2150537634407
8376,1624.7365591397843
8377,2012.8548387096769
8378,2649.0161290322576
8379,3547.827956989247
8380,5077.559139784946
8381,6114.715053763441
8382,6599.435483870968
8383,6692.553763440861
8384,6365.822580645161
8385,5720.908602150537
8386,4825.268817204302
8387,3897.97311827957
8388,2954.2365591397847
8389,2035.6505376344085
8390,1180.6774193548388
8391,457.1881720430108
8392,0.0
8393,16.822580645161224
8394,493.26881720430106
8395,1195.97311827957
8396,1950.010752688172
8397,2702.005376344086
8398,3417.1505376344085
8399,4083.2150537634407
8400,1624.7365591397843
8401,2012.8548387096769
8402,2649.0161290322576
8403,3547.827956989247
8404,5077.559139784946
8405,6114.715053763441
8406,6599.435483870968
8407,6692.553763440861
8408,6365.822580645161
8409,5720.908602150537
8410,4825.268817204302
8411,3897.97311827957
8412,2954.2365591397847
8413,2035.6505376344085
8414,1180.6774193548388
8415,457.1881720430108
8416,0.0
8417,16.822580645161224
8418,493.26881720430106
8419,1195.97311827957
8420,1950.010752688172
8421,2702.005376344086
8422,3417.1505376344085
8423,4083.2150537634407
8424,1624.7365591397843
8425,2012.8548387096769
8426,2649.0161290322576
8427,3547.827956989247
8428,5077.559139784946
8429,6114.715053763441
8430,6599.435483870968
8431,6692.553763440861
8432,6365.822580645161
8433,5720.908602150537
8434,4825.268817204302
8435,3897.97311827957
8436,2954.2365591397847
8437,2035.6505376344085
8438,1180.6774193548388
8439,457.1881720430108
8440,0.0
8441,16.822580645161224
8442,493.26881720430106
8443,1195.97311827957
8444,1950.010752688172
8445,2702.005376344086
8446,3417.1505376344085
8447,4083.2150537634407
8448,1624.7365591397843
8449,2012.8548387096769
8450,2649.0161290322576
8451,3547.827956989247
8452,5077.559139784946
8453,6114.715053763441
8454,6599.435483870968
8455,6692.553763440861
8456,6365.822580645161
8457,5720.908602150537
8458,4825.268817204302
8459,3897.97311827957
8460,2954.2365591397847
8461,2035.6505376344085
8462,1180.6774193548388
8463,457.1881720430108
8464,0.0
8465,16.822580645161224
8466,493.26881720430106
8467,1195.97311827957
8468,1950.010752688172
8469,2702.005376344086
8470,3417.1505376344085
8471,4083.2150537634407
8472,1624.7365591397843
8473,2012.8548387096769
8474,2649.0161290322576
8475,3547.827956989247
8476,5077.559139784946
8477,6114.715053763441
8478,6599.435483870968
8479,6692.553763440861
8480,6365.822580645161
8481,5720.908602150537
8482,4825.268817204302
8483,3897.97311827957
8484,2954.2365591397847
8485,2035.6505376344085
8486,1180.6774193548388
8487,457.1881720430108
8488,0.0
8489,16.822580645161224
8490,493.26881720430106
8491,1195.97311827957
8492,1950.010752688172
8493,2702.005376344086
8494,3417.1505376344085
8495,4083.2150537634407
8496,1624.7365591397843
8497,2012.8548387096769
8498,2649.0161290322576
8499,3547.827956989247
8500,5077.559139784946
8501,6114.715053763441
8502,6599.435483870968
8503,6692.553763440861
8504,6365.822580645161
8505,5720.908602150537
8506,4825.268817204302
8507,3897.97311827957
8508,2954.2365591397847
8509,2035.6505376344085
8510,1180.6774193548388
8511,457.1881720430108
8512,0.0
8513,16.822580645161224
8514,493.26881720430106
8515,1195.97311827957
8516,1950.010752688172
8517,2702.005376344086
8518,3417.1505376344085
8519,4083.2150537634407
8520,1624.7365591397843
8521,2012.8548387096769
8522,2649.0161290322576
8523,3547.827956989247
8524,5077.559139784946
8525,6114.715053763441
8526,6599.435483870968
8527,6692.553763440861
8528,6365.822580645161
8529,5720.908602150537
8530,4825.268817204302
8531,3897.97311827957
8532,2954.2365591397847
8533,2035.6505376344085
8534,1180.6774193548388
8535,457.1881720430108
8536,0.0
8537,16.822580645161224
8538,493.26881720430106
8539,1195.97311827957
8540,1950.010752688172
8541,2702.005376344086
8542,3417.1505376344085
8543,4083.2150537634407
8544,1624.7365591397843
8545,2012.8548387096769
8546,2649.0161290322576
8547,3547.827956989247
8548,5077.559139784946
8549,6114.715053763441
8550,6599.435483870968
8551,6692.553763440861
8552,6365.822580645161
8553,5720.908602150537
8554,4825.268817204302
8555,3897.97311827957
8556,2954.2365591397847
8557,2035.6505376344085
8558,1180.6774193548388
8559,457.1881720430108
8560,0.0
8561,16.822580645161224
8562,493.26881720430106
8563,1195.97311827957
8564,1950.010752688172
8565,2702.005376344086
8566,3417.1505376344085
8567,4083.2150537634407
8568,1624.7365591397843
8569,2012.8548387096769
8570,2649.0161290322576
8571,3547.827956989247
8572,5077.559139784946
8573,6114.715053763441
8574,6599.435483870968
8575,6692.553763440861
8576,6365.822580645161
8577,5720.908602150537
8578,4825.268817204302
8579,3897.97311827957
8580,2954.2365591397847
8581,2035.6505376344085
8582,1180.6774193548388
8583,457.1881720430108
8584,0.0
8585,16.822580645161224
8586,493.26881720430106
8587,1195.97311827957
8588,1950.010752688172
8589,2702.005376344086
8590,3417.1505376344085
8591,4083.2150537634407
8592,1624.7365591397843
8593,2012.8548387096769
8594,2649.0161290322576
8595,3547.827956989247
8596,5077.559139784946
8597,6114.715053763441
8598,6599.435483870968
8599,6692.553763440861
8600,6365.822580645161
8601,5720.908602150537
8602,4825.268817204302
8603,3897.97311827957
8604,2954.2365591397847
8605,2035.6505376344085
8606,1180.6774193548388
8607,457.1881720430108
8608,0.0
8609,16.822580645161224
8610,493.26881720430106
8611,1195.97311827957
8612,1950.010752688172
8613,2702.005376344086
8614,3417.1505376344085
8615,4083.2150537634407
8616,1624.7365591397843
8617,2012.8548387096769
8618,2649.0161290322576
8619,3547.827956989247
8620,5077.559139784946
8621,6114.715053763441
8622,6599.435483870968
8623,6692.553763440861
8624,6365.822580645161
8625,5720.908602150537
8626,4825.268817204302
8627,3897.97311827957
8628,2954.2365591397847
8629,2035.6505376344085
8630,1180.6774193548388
8631,457.1881720430108
8632,0.0
8633,16.822580645161224
8634,493.26881720430106
8635,1195.97311827957
8636,1950.010752688172
8637,2702.005376344086
8638,3417.1505376344085
8639,4083.2150537634407
8640,1624.7365591397843
8641,2012.8548387096769
8642,2649.0161290322576
8643,3547.827956989247
8644,5077.559139784946
8645,6114.715053763441
8646,6599.435483870968
8647,6692.553763440861
8648,6365.822580645161
8649,5720.908602150537
8650,4825.268817204302
8651,3897.97311827957
8652,2954.2365591397847
8653,2035.6505376344085
8654,1180.6774193548388
8655,457.1881720430108
8656,0.0
8657,16.822580645161224
8658,493.26881720430106
8659,1195.97311827957
8660,1950.010752688172
8661,2702.005376344086
8662,3417.1505376344085
8663,4083.2150537634407
8664,1624.7365591397843
8665,2012.8548387096769
8666,2649.0161290322576
8667,3547.827956989247
8668,5077.559139784946
8669,6114.715053763441
8670,6599.435483870968
8671,6692.553763440861
8672,6365.822580645161
8673,5720.908602150537
8674,4825.268817204302
8675,3897.97311827957
8676,2954.2365591397847
8677,2035.6505376344085
8678,1180.6774193548388
8679,457.1881720430108
8680,0.0
8681,16.822580645161224
8682,493.26881720430106
8683,1195.97311827957
8684,1950.010752688172
8685,2702.005376344086
8686,3417.1505376344085
8687,4083.2150537634407
8688,1624.7365591397843
8689,2012.8548387096769
8690,2649.0161290322576
8691,3547.827956989247
8692,5077.559139784946
8693,6114.715053763441
8694,6599.435483870968
8695,6692.553763440861
8696,6365.822580645161
8697,5720.908602150537
8698,4825.268817204302
8699,3897.97311827957
8700,2954.2365591397847
8701,2035.6505376344085
8702,1180.6774193548388
8703,457.1881720430108
8704,0.0
8705,16.822580645161224
8706,493.26881720430106
8707,1195.97311827957
8708,1950.010752688172
8709,2702.005376344086
8710,3417.1505376344085
8711,4083.2150537634407
8712,1624.7365591397843
8713,2012.8548387096769
8714,2649.0161290322576
8715,3547.827956989247
8716,5077.559139784946
8717,6114.715053763441
8718,6599.435483870968
8719,6692.553763440861
8720,6365.822580645161
8721,5720.908602150537
8722,4825.268817204302
8723,3897.97311827957
8724,2954.2365591397847
8725,2035.6505376344085
8726,1180.6774193548388
8727,457.1881720430108
8728,0.0
8729,16.822580645161224
8730,493.26881720430106
8731,1195.97311827957
8732,1950.010752688172
8733,2702.005376344086
8734,3417.1505376344085
8735,4083.2150537634407
8736,1624.7365591397843
8737,2012.8548387096769
8738,2649.0161290322576
8739,3547.827956989247
8740,5077.559139784946
8741,6114.715053763441
8742,6599.435483870968
8743,6692.553763440861
8744,6365.822580645161
8745,5720.908602150537
8746,4825.268817204302
8747,3897.97311827957
8748,2954.2365591397847
8749,2035.6505376344085
8750,1180.6774193548388
8751,457.1881720430108
8752,0.0
8753,16.822580645161224
8754,493.26881720430106
8755,1195.97311827957
8756,1950.010752688172
8757,2702.005376344086
8758,3417.1505376344085
8759,4083.2150537634407
8760,1624.7365591397843
8761,2012.8548387096769
8762,2649.0161290322576
8763,3547.827956989247
8764,5077.559139784946
8765,6114.715053763441
8766,6599.435483870968
8767,6692.553763440861
8768,6365.822580645161
8769,5720.908602150537
8770,4825.268817204302
8771,3897.97311827957
8772,2954.2365591397847
8773,2035.6505376344085
8774,1180.6774193548388
8775,457.1881720430108
8776,0.0
8777,16.822580645161224
8778,493.26881720430106
8779,1195.97311827957
8780,1950.010752688172
8781,2702.005376344086
8782,3417.1505376344085
8783,4083.2150537634407
